Sample_Index,col0,col1
0,0,-3070
1,-3070,-4092
2,-5115,-1019
3,-4089,2052
4,-1016,2051
5,1031,2050
6,2054,1
7,2053,-2046
8,2052,-2045
9,-2043,-3067
10,-3065,-2042
11,-4087,-1017
12,-3061,2054
13,-2036,2053
14,11,2052
15,1034,2051
16,1033,1026
17,2056,-1021
18,1031,-1020
19,2054,-2043
20,-1017,-3065
21,-1016,-3063
22,-2039,-3061
23,-3061,-1012
24,-3059,11
25,-1010,1034
26,-1009,1033
27,-1008,2056
28,1039,2055
29,1038,1030
30,1037,5
31,1036,-3065
32,11,-3063
33,-1012,-3061
34,-3058,-2036
35,-2033,1035
36,-2032,1034
37,15,1033
38,1038,1032
39,-1009,1031
40,1038,1030
41,1037,5
42,1036,-3065
43,-1011,-3063
44,-2034,-2038
45,-1009,9
46,-1008,8
47,-2031,7
48,-1006,2054
49,17,2053
50,1040,1028
51,15,-1019
52,23556,-6136
53,1027,21502
54,-27631,-5119
55,-23523,-7163
56,-24535,-11253
57,-24523,-12271
58,-20417,-16359
59,-18360,-18398
60,-16304,-20436
61,-14249,-23496
62,-11171,-23484
63,-9118,-27566
64,-6043,-25505
65,-2969,-25492
66,1126,-26503
67,2149,-26490
68,7266,-25453
69,9310,-24417
70,13400,-23381
71,16464,-22346
72,18503,-20288
73,19518,-18231
74,22579,-15151
75,23592,-12073
76,25628,-8996
77,-9183,22737
78,-11225,23750
79,-13266,17598
80,-17353,17590
81,-16321,16558
82,-19383,15527
83,-19373,12449
84,-22434,9373
85,-24470,7322
86,-23434,7319
87,-24446,4245
88,-23410,-1898
89,-22375,-4967
90,-18270,-4964
91,-20308,-9055
92,-20298,-11097
93,-16194,-15185
94,-15162,-16201
95,33974,16559
96,33958,14504
97,15519,21662
98,26770,23699
99,24710,24711
100,22651,27770
101,19570,31851
102,14443,29789
103,12389,29775
104,7266,35902
105,2145,34861
106,-1950,32797
107,-6043,34828
108,-7063,33788
109,-14224,31725
110,-16264,29663
111,-21373,27602
112,-22386,24519
113,-24422,22461
114,-36692,-12348
115,-21321,-21553
116,-16193,-22565
117,-34608,-29718
118,-32544,-32773
119,-30481,-35827
120,5357,-31715
121,4331,-28629
122,9447,-31685
123,11490,-31669
124,12508,-27559
125,16596,-27545
126,16588,-23437
127,18627,-23425
128,11454,-37742
129,11449,-40794
130,19632,-35656
131,23717,-30521
132,30870,-20271
133,29832,-20261
134,30841,-17180
135,34920,-11030
136,33880,-12048
137,33864,-5901
138,-2998,29925
139,-33701,-13076
140,-33684,-16140
141,15461,-28414
142,20571,-24306
143,25679,-21223
144,25667,-17118
145,28725,-16086
146,30758,-11984
147,29720,-9931
148,31753,-6855
149,33785,-1734
150,29675,3385
151,32732,9525
152,30670,9521
153,27585,14634
154,28596,15651
155,-31804,23832
156,-27694,16656
157,-30750,14601
158,-29711,9477
159,-28672,4355
160,-29681,1282
161,-29666,-2812
162,-27604,-3834
163,-29637,-7926
164,-27575,-12016
165,-27561,-15080
166,-22430,-20190
167,-32654,-23250
168,-33661,-27332
169,-11127,-26295
170,-10098,-24235
171,-3952,-27293
172,-1903,-25232
173,1168,-30337
174,-7020,-33392
175,-875,-35422
176,4243,-34381
177,8335,-33340
178,13449,-32300
179,14466,-32284
180,16506,-30221
181,24686,-27135
182,23651,-25074
183,20569,26114
184,13395,29172
185,9295,27111
186,6220,31192
187,3147,30154
188,74,28093
189,-8114,28080
190,-9133,27043
191,-11175,27030
192,-14240,25994
193,-17303,24958
194,-20365,19829
195,-19331,15726
196,-23415,14695
197,-26474,7524
198,-29531,9568
199,-1882,-27282
200,-6998,33118
201,-9041,26961
202,-13130,25925
203,-15170,22842
204,-20280,16690
205,-24364,17706
206,-28446,23839
207,-28432,15640
208,-30465,10515
209,-33520,14604
210,-32480,9480
211,-28370,-2806
212,-33473,-3828
213,-24245,-8943
214,-30374,-7915
215,-26265,-14052
216,-23181,-19162
217,-25216,-23246
218,-27250,-26305
219,-20072,-23221
220,-16991,-25256
221,-13912,-27290
222,-15952,-31370
223,-3662,-25213
224,-4683,-31341
225,-4680,-33372
226,4534,-24144
227,2485,-36414
228,11696,-23090
229,15785,-34337
230,11684,-28179
231,19867,-14859
232,15764,-10757
233,11663,12789
234,13705,21995
235,10628,24032
236,7553,26068
237,-7803,16844
238,-634,18883
239,-6774,16827
240,-26217,-9792
241,-28251,-12857
242,-28237,-20015
243,-22082,-22052
244,-17977,-23064
245,10690,-19982
246,-32302,497
247,-26145,17897
248,-24085,24030
249,-25096,15831
250,-28154,9683
251,-27116,8655
252,-23008,-12842
253,-24020,-15906
254,-20937,-16921
255,-18879,-22030
256,-21940,-15878
257,23105,-13823
258,23094,-12792
259,25130,-8691
260,25118,-498
261,27153,-497
262,28164,-496
263,-5625,17928
264,-10739,19967
265,-6639,30193
266,-15847,15850
267,-19933,12772
268,-25040,9696
269,-20933,8668
270,-20922,6617
271,-26029,-3621
272,-24992,-548
273,-24979,-5665
274,-24966,-9756
275,-28024,4578
276,-22892,-12823
277,-21857,-12816
278,-21846,-18950
279,15011,-13823
280,23192,23030
281,-12641,10737
282,-12634,5615
283,-14674,4589
284,-8525,1516
285,-10567,1515
286,-12608,-2579
287,-10554,-5648
288,-20783,-4621
289,-10537,-5642
290,15056,-16897
291,18120,-13818
292,25276,-9717
293,22194,-13806
294,4784,15883
295,4782,18946
296,5804,20984
297,1707,15857
298,-5458,16873
299,-7502,28124
300,-8521,25040
301,-7493,18887
302,-6465,14784
303,-18743,21942
304,-21804,18861
305,-19746,12711
306,-12571,-16976
307,31446,-591
308,725,21927
309,-29980,2470
310,-22800,-9813
311,-24835,-5714
312,-19705,-11852
313,-18671,-17987
314,-13544,-17978
315,-16607,-18992
316,-21716,-22053
317,-16587,-24089
318,-13508,-26124
319,-7360,-26111
320,1855,-19957
321,4925,-24041
322,4923,-24029
323,-1220,-21970
324,12087,-19912
325,13105,7733
326,20264,13871
327,15137,18982
328,-17622,16926
329,-7378,-15834
330,26402,-7638
331,23319,-7634
332,25355,-1489
333,24320,8747
334,767,24096
335,-16632,23061
336,-17647,17933
337,-14567,-17898
338,-9442,-16865
339,-4319,-19927
340,20248,-14799
341,22286,-8650
342,21252,-3528
343,-6392,13874
344,-23788,-12743
345,11023,-22971
346,17159,16957
347,-16624,11832
348,-17639,20015
349,-16606,15912
350,-18644,13858
351,-18634,2593
352,-18624,1568
353,-22708,-3550
354,-21673,-3548
355,8020,-22992
356,12111,-14792
357,11082,-20925
358,22336,16955
359,-14520,12853
360,-5301,-23999
361,16196,-13752
362,18236,-11698
363,-3266,20037
364,-8381,21051
365,-4282,22065
366,-5303,21031
367,-12464,16927
368,-8363,17943
369,-14499,10770
370,-15515,-18916
371,24410,-12765
372,5976,19994
373,-25755,-1509
374,-26765,-2531
375,9071,-19929
376,7020,-20942
377,13158,-20931
378,9058,-20920
379,16219,-15792
380,17235,17992
381,-13478,4678
382,-8353,-26029
383,20310,-5546
384,-11428,23115
385,-20633,-4530
386,-20622,-5551
387,-17541,-11689
388,-16508,-14753
389,18300,-7581
390,16245,18011
391,-17538,5721
392,-4223,-21916
393,28532,2659
394,-3210,19034
395,-19584,-3492
396,-20597,-11678
397,-18539,-14742
398,15246,-20875
399,13192,15982
400,-17519,13928
401,17289,-6548
402,-3189,15973
403,-24680,-9622
404,5014,-17805
405,20365,11886
406,-13420,20069
407,-12389,-18833
408,14229,-12682
409,7058,19053
410,-24673,-2449
411,3998,-19847
412,-10332,19056
413,-16467,-12681
414,18341,-15745
415,13215,20086
416,-20566,2677
417,-5203,-28029
418,20388,-1404
419,-1115,23161
420,-23631,-9602
421,13227,-16761
422,23456,16000
423,-16471,9852
424,24478,-8575
425,10138,23158
426,-26712,3701
427,4007,-23935
428,23452,12923
429,-13405,23152
430,-16468,-13705
431,12199,-14721
432,15264,22133
433,-26706,7794
434,-2128,-17797
435,-1103,25199
436,-17478,-9612
437,9142,-16771
438,18350,13943
439,-22598,14960
440,-10304,-15752
441,22454,-2438
442,2997,23151
443,-20544,-3471
444,6078,-27009
445,23475,10874
446,-14405,17010
447,15284,-16773
448,11183,26223
449,-20550,9835
450,-4163,-27015
451,25521,-2437
452,-6219,22129
453,-19521,-4492
454,17335,-23936
455,17327,17016
456,-20550,9844
457,-7234,-18818
458,8123,25202
459,-25656,625
460,3015,-21892
461,20414,9848
462,-11324,19055
463,-20529,-18823
464,20422,-15743
465,13248,20088
466,-22580,8820
467,-51,-30077
468,24514,642
469,-10296,26230
470,16321,-22910
471,19384,13948
472,-20541,12918
473,-15413,-17793
474,24512,-5502
475,3007,22136
476,-22581,-3462
477,7112,-22906
478,24509,10881
479,-14395,19064
480,-18481,-25979
481,8140,24186
482,-24615,8822
483,-5156,-25981
484,26576,3714
485,-1071,23159
486,-21540,-10627
487,10200,-21880
488,20431,18048
489,-21542,15993
490,-10272,-25978
491,25556,-5495
492,6098,21119
493,5072,-25972
494,27587,8840
495,-14389,20095
496,-20522,-21878
497,21452,-14702
498,12231,26246
499,-23597,6787
500,2002,-26991
501,25542,1680
502,-6198,25220
503,-25641,-13685
504,23500,21121
505,-24615,19064
506,-14367,-21885
507,28628,-10615
508,4051,25213
509,-31773,-3457
510,8160,-26995
511,23509,16006
512,-15395,25210
513,-18457,-19836
514,25563,-13685
515,8152,26239
516,-6180,-25972
517,28623,-371
518,-10283,32382
519,-31771,-8573
520,18397,-23921
521,19412,16008
522,-23584,14977
523,-12313,-28017
524,27610,-3439
525,7127,33409
526,-27675,-1406
527,31702,6783
528,-12323,27250
529,-22551,-20867
530,21471,-18809
531,10203,25211
532,-25624,7800
533,-6164,-30073
534,26592,646
535,-9243,24187
536,-25614,-10623
537,14316,-25970
538,23521,21124
539,-12312,-25967
540,25564,-7531
541,3035,31366
542,-31765,-1401
543,6121,-29034
544,30683,12944
545,-15389,25220
546,-21522,-16755
547,26594,-17770
548,9182,27273
549,-28691,5767
550,28640,1670
551,-8219,32375
552,-25614,-10627
553,12269,-25974
554,25569,20097
555,-21524,15994
556,-13325,-24953
557,27622,-6517
558,5092,30333
559,-35850,-386
560,8179,-25973
561,33763,13957
562,-25616,-16754
563,23525,-18792
564,10209,24205
565,-27665,6794
566,-7181,-26984
567,30693,1687
568,-8214,31368
569,-25609,-13681
570,18415,-33120
571,22501,24213
572,-28684,20108
573,28647,-6512
574,6117,29314
575,-29708,3713
576,4083,-33134
577,30693,10893
578,-16402,30335
579,-23558,-23925
580,28653,-16748
581,11240,29318
582,-25611,9858
583,-8198,-35180
584,29676,-1387
585,-30724,-12644
586,13302,-31060
587,25578,19107
588,-21515,20122
589,-12292,-25945
590,30702,-8532
591,7147,28319
592,-32772,-2399
593,1019,-29008
594,33771,12970
595,-17420,26270
596,24553,-19800
597,15330,25244
598,-32781,14997
599,-6153,-32091
600,30697,-4440
601,-7187,29338
602,-30723,-11616
603,18421,-25939
604,22507,20132
605,-23561,24217
606,-18431,-29016
607,30706,-9555
608,-29695,-338
609,3072,-33089
610,28658,6844
611,-11272,25264
612,-23548,-21829
613,23545,-19771
614,15346,26297
615,-34812,16050
616,-7160,-32062
617,34807,2753
618,-5126,32434
619,16371,-37179
620,28646,19132
621,-27660,23217
622,-16387,-24898
623,27632,-7486
624,7149,30388
625,-30723,2739
626,8186,-32061
627,29676,8895
628,-14348,30385
629,-24575,-22851
630,27636,-17722
631,-24575,11969
632,-7163,-30000
633,32757,-5421
634,-10,29381
635,-33785,-8502
636,15360,-25897
637,22517,25291
638,-23551,21185
639,-17398,-28976
640,27645,-9515
641,9209,34501
642,3064,-33066
643,33768,9938
644,-10258,36545
645,-26628,-15671
646,24561,-23851
647,17385,27336
648,-27657,10947
649,-5126,-33068
650,30700,-2346
651,-8207,32455
652,-36860,-6453
653,18427,-31013
654,-21498,23248
655,-20464,-25891
656,25604,-15643
657,10239,30423
658,-33776,726
659,15,-27932
660,31744,10975
661,-12282,26323
662,-21487,-19747
663,22534,-20760
664,18429,25308
665,-9214,-28949
666,31731,-4370
667,-12,31455
668,-26622,-4382
669,13308,-36108
670,28655,19179
671,-23557,19170
672,-22521,-24849
673,27642,-12554
674,4089,28393
675,-27641,2792
676,6148,-33031
677,-10231,27372
678,-24555,-20745
679,19468,-22781
680,19459,26359
681,-22514,14065
682,-5103,-28928
683,29699,-3326
684,-1020,32499
685,-28654,-9480
686,11277,-27898
687,26624,21244
688,-17399,-21753
689,27644,-10483
690,13302,24322
691,-31738,769
692,5,-33006
693,29687,6927
694,-11267,26371
695,-22519,-14581
696,21503,-22761
697,17399,23308
698,-24572,12039
699,-3066,-29930
700,2053,32519
701,-29676,774
702,13326,-29931
703,26625,16142
704,-17398,27393
705,-18413,-27889
706,30724,-16616
707,9216,28427
708,-33775,4873
709,-1006,-28904
710,31747,11027
711,-22514,-16612
712,19461,-23768
713,18428,18208
714,-22520,14106
715,-12274,-27864
716,28672,-1239
717,-1023,31514
718,-26610,-4323
719,16390,-26837
720,21500,14117
721,-20473,23322
722,-18416,-22746
723,14345,28441
724,-25578,5911
725,21,-31961
726,27656,4901
727,-14321,28440
728,-22502,-18654
729,15379,-20691
730,20489,22307
731,-27625,19226
732,-6118,-25817
733,25614,-216
734,-28644,-4309
735,8216,-25800
736,21518,15153
737,-19432,21287
738,-16352,-23757
739,28690,-12486
740,14347,23343
741,-28647,-208
742,-4069,-33983
743,23568,6974
744,-10219,29488
745,-18402,-13513
746,19477,22317
747,-24543,12072
748,-11225,-29897
749,29721,-6341
750,-3045,29485
751,-31701,-4304
752,12325,-27842
753,27672,13112
754,-14305,21294
755,-14298,-25797
756,26649,-12478
757,-30680,2881
758,39,-23731
759,29721,8010
760,-5092,27453
761,-27606,-16570
762,22559,-22702
763,18454,17226
764,-25565,16195
765,-12247,-27823
766,26652,-1198
767,3099,33602
768,-24537,-5307
769,23580,11072
770,-20442,22326
771,-19408,-20671
772,21542,-12472
773,10273,27451
774,-28625,6968
775,3118,-26810
776,28704,6979
777,-8156,21305
778,-24528,-13504
779,15401,-16567
780,-20429,21311
781,-10184,-23733
782,29738,-8368
783,2089,26436
784,-27593,-8375
785,9267,-24746
786,21545,17230
787,-18382,22340
788,-14279,-22704
789,24621,-8363
790,10280,21323
791,-25547,1866
792,23594,3913
793,-10193,26429
794,-24517,-13500
795,17459,-16563
796,23592,20292
797,-20430,12095
798,-9161,-22709
799,23596,-6321
800,-2003,25411
801,-22472,-6329
802,9268,-20654
803,-13253,21320
804,-14270,-18606
805,24630,-13479
806,8242,21327
807,-25537,3918
808,-1984,-22694
809,25652,5976
810,-6089,23373
811,-16321,-12460
812,17463,-19618
813,15408,18262
814,-24516,9042
815,23601,-2220
816,6190,26440
817,-20424,-5301
818,12338,-25768
819,21544,9044
820,-17359,18252
821,-15303,-18602
822,21551,-12451
823,8235,24402
824,-20427,849
825,2100,-23715
826,-7112,20308
827,-22461,-15524
828,13373,-16539
829,13367,21339
830,-21438,13141
831,-6075,-20640
832,25657,-3230
833,-1990,22360
834,-22459,-8355
835,11328,-19609
836,17464,14177
837,-17343,18265
838,21559,-12448
839,7220,21334
840,-21441,3925
841,62,-23711
842,22579,3936
843,-9160,23381
844,-16320,-13476
845,18487,-14492
846,13361,21338
847,-18374,6999
848,-4036,-22685
849,-1987,25431
850,-21432,-4262
851,7237,-18588
852,24633,16221
853,-16319,15190
854,-14264,-18592
855,22589,-11418
856,4155,21340
857,-22458,859
858,3141,-18587
859,24633,5987
860,-6084,24408
861,15413,-16543
862,13359,17241
863,-20423,10069
864,-6084,-21664
865,21554,-159
866,-973,22359
867,-19395,-5286
868,11320,-20635
869,16432,12128
870,-17351,15193
871,-13248,-15519
872,7229,24406
873,-20409,2901
874,3142,-21664
875,23611,8029
876,-10176,17237
877,-18359,-15523
878,12355,-14491
879,11326,20316
880,-19384,10072
881,71,-21661
882,29753,-1180
883,-1990,22362
884,9270,-20635
885,15407,14175
886,-15305,16216
887,-11203,-17567
888,21555,-7323
889,6192,20316
890,-21445,-3234
891,3130,-22678
892,19505,8039
893,-16327,20318
894,-16319,-13467
895,14394,18269
896,-16318,7002
897,-7098,-22682
898,19517,-153
899,-4033,21341
900,-20407,-5280
901,13379,-15512
902,17467,14178
903,-17340,10078
904,-7096,-22678
905,19519,-6290
906,2110,20325
907,1085,-20624
908,21555,11115
909,-8137,15204
910,-15297,-15508
911,18486,-13453
912,7219,18283
913,-20419,7016
914,-3009,-22668
915,22580,2931
916,-6089,23400
917,-17344,-8339
918,17464,12136
919,-18367,12131
920,-12217,-18579
921,21565,-4240
922,60,22374
923,-19386,-153
924,8258,-18575
925,19513,8046
926,-12225,18278
927,-15289,-15506
928,15424,-11404
929,5182,20331
930,4156,-23689
931,22577,886
932,-5068,19309
933,-20418,-12428
934,11321,-20609
935,13363,17271
936,-19395,11122
937,-8127,-19588
938,23606,-5249
939,-1993,19318
940,-23485,-1161
941,18490,10099
942,-12224,18283
943,-17335,-11407
944,18496,-10377
945,10299,21357
946,-21434,5995
947,1093,-20618
948,21563,6004
949,-10176,21354
950,-19382,-8337
951,18497,-17544
952,11324,16241
953,-6081,-20612
954,21557,-4225
955,2100,21365
956,-21441,-3209
957,8251,-20606
958,18482,14204
959,-10185,17268
960,-12227,-17539
961,19508,-11389
962,5170,20346
963,-23490,-133
964,21556,7032
965,-7112,21358
966,-17343,-10380
967,16441,-18562
968,12339,15223
969,-19395,10099
970,-7103,-20610
971,22582,-2176
972,-969,23413
973,-19391,-3209
974,10300,-18559
975,19507,14203
976,-13254,-19579
977,20528,-9334
978,5166,21376
979,-21447,2943
980,-966,-27763
981,21552,3980
982,-9163,18308
983,-16323,-14452
984,18484,-15468
985,15405,20363
986,-20425,8072
987,25643,-3190
988,42,21376
989,-23498,-4221
990,8242,-21618
991,16426,15239
992,-14287,18303
993,-12233,-15481
994,21549,-9332
995,3116,25472
996,-21449,-2174
997,6196,-24689
998,17452,7052
999,-17355,-11374
1000,20523,-17509
1001,16419,18323
1002,-25552,8080
1003,-5069,-21605
1004,26662,-100
1005,-3032,25488
1006,-24524,-9323
1007,9264,-19553
1008,19495,21397
1009,-14290,16270
1010,23587,-8301
1011,6176,20362
1012,-25555,1929
1013,4139,-22635
1014,25631,5011
1015,-11227,22409
1016,-19409,-17518
1017,21541,-16485
1018,11296,22417
1019,-22485,11148
1020,-3027,-25703
1021,24609,6039
1022,-21460,-9316
1023,8232,-21593
1024,19487,13217
1025,-18392,14235
1026,-13265,-25688
1027,24611,-3158
1028,5153,32667
1029,-23507,922
1030,7210,-27736
1031,23583,11171
1032,-19415,20378
1033,16417,-15454
1034,14362,25494
1035,-25561,10130
1036,38,-17509
1037,27673,-1124
1038,24,21394
1039,-24540,-11368
1040,13342,-21597
1041,16406,16284
1042,-18401,18324
1043,-11227,-22624
1044,24601,-8283
1045,-23515,-5208
1046,5155,-29769
1047,23576,5045
1048,-9187,27560
1049,-17370,-15440
1050,24602,-11338
1051,16402,22444
1052,-20452,6058
1053,-2019,-31814
1054,23570,953
1055,-9193,25517
1056,15376,-20552
1057,28674,15281
1058,-14327,18345
1059,-13296,-25674
1060,30721,-12355
1061,5119,23474
1062,-26611,945
1063,9225,-22595
1064,27644,11192
1065,-9215,29610
1066,-18422,-23626
1067,23551,-16449
1068,-27635,15288
1069,-6128,-27706
1070,36862,3013
1071,-4095,27576
1072,-27633,-11330
1073,15368,-23606
1074,22525,15299
1075,-19449,13245
1076,-15345,-25654
1077,25603,-9265
1078,2050,33727
1079,4096,-34863
1080,26611,9165
1081,-11271,24514
1082,-26617,-14390
1083,19454,-16429
1084,12281,26567
1085,-23547,13249
1086,-1018,-21556
1087,29688,-4145
1088,-8195,27586
1089,-28660,-14390
1090,13318,-29735
1091,-18417,19408
1092,-17384,-22564
1093,30729,-13341
1094,4103,30677
1095,-17392,980
1096,-2031,-30748
1097,25605,7137
1098,-10230,35792
1099,-26601,-17447
1100,31752,-18461
1101,16384,25559
1102,-3070,-31769
1103,30707,998
1104,-5130,23515
1105,-31738,-10271
1106,14335,-23571
1107,27634,22499
1108,-20483,20442
1109,-15355,-30742
1110,26616,-11280
1111,6134,28643
1112,-32761,-28
1113,3078,-26638
1114,-12276,30692
1115,-19434,-11286
1116,29704,-24585
1117,14337,23532
1118,-33774,9192
1119,-3052,-24587
1120,26631,3060
1121,1030,31717
1122,-22511,-9238
1123,19464,-29703
1124,23549,21487
1125,-24566,-33792
1126,27645,-8188
1127,16374,34803
1128,-33785,3058
1129,11266,-24577
1130,28660,7164
1131,-12293,25584
1132,-30709,-14344
1133,18434,-18430
1134,19449,33778
1135,-31735,17386
1136,8,-28679
1137,-3062,23534
1138,-41953,-6158
1139,12313,-30718
1140,23566,25590
1141,-16362,24555
1142,-15330,-22537
1143,34829,-17408
1144,9225,28658
1145,-21484,-13
1146,-3050,-29694
1147,26633,13308
1148,-26602,-18426
1149,20492,-20464
1150,19459,31745
1151,-28655,11260
1152,-12265,-30708
1153,33799,-5105
1154,-6134,24579
1155,-39906,-12279
1156,6171,-24555
1157,32779,20491
1158,-22506,22528
1159,-11236,-21493
1160,7193,31740
1161,-33750,14326
1162,4136,-34808
1163,36886,9220
1164,-12260,28662
1165,-24536,-19456
1166,21534,-29681
1167,16406,20485
1168,-36824,22522
1169,-10195,-30710
1170,33821,4104
1171,-30676,-8180
1172,10279,-35810
1173,31768,17430
1174,-26587,21516
1175,-24527,-28646
1176,24613,-10209
1177,9249,37901
1178,-31695,11272
1179,8237,-39908
1180,35868,12310
1181,-14301,23563
1182,-28623,-20459
1183,12331,22538
1184,-24521,22527
1185,-9156,-29682
1186,35883,-8174
1187,42,28676
1188,-35780,-9207
1189,10295,-28649
1190,26666,18446
1191,-20428,30719
1192,-18371,-22517
1193,37931,-12271
1194,-32709,2064
1195,-11199,-32736
1196,27700,10267
1197,-17347,25615
1198,-26550,-16361
1199,19521,-16353
1200,20535,19478
1201,-23485,11281
1202,-4027,-33758
1203,37939,-2013
1204,-7113,37905
1205,-28603,-2030
1206,35892,18441
1207,-18371,30714
1208,-14268,-24569
1209,35891,-16369
1210,9263,35838
1211,-31681,6140
1212,2110,-28661
1213,24626,11270
1214,-11208,39923
1215,-25531,-15365
1216,31798,-23545
1217,-24510,7172
1218,-13239,-21489
1219,26684,-4079
1220,8248,33793
1221,-30649,-4093
1222,9283,-22514
1223,34866,16390
1224,-21443,18429
1225,-22456,-30707
1226,25660,-13292
1227,20530,40960
1228,-33725,11259
1229,28725,-7169
1230,-6088,29681
1231,-25531,-16390
1232,17469,-26616
1233,13367,21502
1234,-18368,23539
1235,-8124,-30717
1236,32820,-7161
1237,7217,30712
1238,-33726,-10242
1239,4160,-28659
1240,-23476,26624
1241,-27558,-23540
1242,23631,-5105
1243,14408,28673
1244,-28586,2048
1245,-8102,-34799
1246,29772,3088
1247,-12206,26627
1248,-28576,-14326
1249,23637,-22507
1250,27720,18444
1251,-25515,21506
1252,24649,-14327
1253,8261,28667
1254,-35753,-3075
1255,7252,-27637
1256,22601,17411
1257,-18350,30708
1258,-19364,-19458
1259,28750,-16377
1260,12360,25595
1261,-31656,1018
1262,-2982,-26616
1263,-5027,39925
1264,-24471,-11269
1265,20575,-35827
1266,22612,20483
1267,-26527,9215
1268,-14232,-27635
1269,30809,-1010
1270,2136,36860
1271,-32664,3067
1272,17504,-36850
1273,37966,12296
1274,-19368,17408
1275,23629,-14329
1276,19524,40947
1277,-31660,11246
1278,1107,-29699
1279,34882,-7167
1280,65,27636
1281,-19381,-17411
1282,15428,-25590
1283,19515,30715
1284,-30646,20466
1285,-9137,-22530
1286,5197,25586
1287,-33698,-6154
1288,9306,-32761
1289,24654,13313
1290,-21415,32753
1291,-27545,-20484
1292,30808,-10238
1293,15441,20472
1294,-26530,3063
1295,1117,-33784
1296,24657,6149
1297,-14248,22522
1298,19535,-21499
1299,20549,25593
1300,-26542,13299
1301,-11176,-32764
1302,21582,-9207
1303,2125,30714
1304,-32675,-5
1305,9305,-27639
1306,18512,18432
1307,-20390,29682
1308,-17309,-23554
1309,13405,21492
1310,-27541,-1035
1311,-5010,-23551
1312,25698,3072
1313,-10137,33776
1314,-24461,-8203
1315,23656,-19457
1316,20574,13305
1317,-27540,14323
1318,-18315,-18435
1319,26728,-3073
1320,10339,32752
1321,7264,-21509
1322,29778,6137
1323,-18341,18417
1324,-29590,-20484
1325,17506,-13309
1326,1121,25591
1327,-28561,10227
1328,3182,-25600
1329,28768,1023
1330,-9115,20470
1331,-18322,-13315
1332,15463,21491
1333,-21390,22505
1334,-8074,-19469
1335,33894,-12294
1336,6243,24559
1337,-28559,-6157
1338,-1934,-28670
1339,28772,10237
1340,-15252,31726
1341,-21385,-16393
1342,21613,-9220
1343,9321,34796
1344,-12177,-36865
1345,25699,0
1346,-11159,32752
1347,-23435,-15
1348,13423,-15367
1349,29793,19440
1350,-16279,15337
1351,-5012,-20492
1352,24672,-6152
1353,-927,24557
1354,-29584,-4112
1355,17512,16361
1356,-13201,23518
1357,-17288,-13339
1358,21614,-17426
1359,7275,18406
1360,-31621,9186
1361,-3971,-17429
1362,28783,7144
1363,-1936,27611
1364,-22405,-7201
1365,20593,-29714
1366,16489,18406
1367,-13200,-29707
1368,23653,-10
1369,9313,33766
1370,-21396,4069
1371,11367,-24590
1372,25691,8175
1373,-11167,16360
1374,-23443,-20493
1375,19556,-16388
1376,8288,23537
1377,-16280,14315
1378,26715,6121
1379,-6050,21471
1380,-22423,-16408
1381,13411,-26634
1382,15452,17390
1383,-15260,22500
1384,-12182,-19474
1385,32858,-4111
1386,4184,22503
1387,-22429,-3095
1388,7264,-25610
1389,24660,10226
1390,-13221,-11272
1391,20561,-11266
1392,13387,28657
1393,-19371,3056
1394,2132,-25603
1395,26695,5115
1396,-7093,24560
1397,-24489,-12297
1398,15440,-13314
1399,9292,23539
1400,-19370,20458
1401,27721,-6162
1402,3144,24547
1403,-23468,-5146
1404,7249,-22542
1405,26692,10222
1406,-5049,18406
1407,-14258,-17425
1408,25666,-10251
1409,11325,21483
1410,-26550,4074
1411,-4020,-16397
1412,19523,7152
1413,-21426,-9227
1414,20548,-17410
1415,13374,8187
1416,-15290,15348
1417,-9141,-20481
1418,20545,4094
1419,3136,27633
1420,-24500,1008
1421,11335,-21509
1422,21565,12278
1423,-13244,19437
1424,18491,-14347
1425,6200,25577
1426,-25531,9189
1427,-3001,-20496
1428,20541,9196
1429,-7103,16357
1430,-17334,-16402
1431,20544,-19464
1432,10299,20463
1433,-24505,7148
1434,-5046,-20489
1435,24638,-8
1436,-21431,-1031
1437,15426,-20476
1438,17466,10239
1439,-16318,19446
1440,-18357,-15362
1441,24639,-5119
1442,7228,24565
1443,-20410,3060
1444,6211,-21505
1445,21561,5117
1446,-15295,21491
1447,13371,-15365
1448,13365,19442
1449,-15299,10222
1450,-4033,-19464
1451,22580,-3078
1452,-7112,20465
1453,-22461,-11273
1454,9279,-14337
1455,19510,15352
1456,-15298,19439
1457,-13243,-17416
1458,22586,-2054
1459,-24506,8183
1460,3141,-24572
1461,19516,8192
1462,-4034,19447
1463,-15290,-10243
1464,18493,-13308
1465,11320,19451
1466,-15296,9207
1467,63,-20478
1468,19510,2049
1469,-4040,24565
1470,9268,-14339
1471,17452,9209
1472,-11214,17393
1473,-11208,-17414
1474,20526,-5123
1475,3117,21491
1476,-22472,6129
1477,6197,-20484
1478,17453,11255
1479,-7119,14321
1480,-14280,-16390
1481,17456,-9217
1482,-24516,11258
1483,1083,-16381
1484,27694,2050
1485,2093,20472
1486,-21448,-8195
1487,18479,-19449
1488,15400,12289
1489,-15312,12283
1490,-12234,-20474
1491,17454,-8182
1492,-977,24574
1493,8235,-20471
1494,17443,4103
1495,-11223,18430
1496,-15311,-15354
1497,18472,-9205
1498,8228,19458
1499,-18387,1025
1500,44,-21492
1501,22561,-2035
1502,-9178,20483
1503,-21455,-8185
1504,12331,-12275
1505,-15309,17413
1506,-6090,-19441
1507,23595,-6126
1508,2090,17418
1509,-24522,-3060
1510,6195,-21481
1511,18474,12305
1512,-11216,21511
1513,-13257,-15345
1514,21549,-10220
1515,8233,22537
1516,-2006,-24555
1517,22559,5139
1518,-5086,24583
1519,-16342,11266
1520,-19404,-1021
1521,-13253,-23537
1522,6200,-20455
1523,20526,-16351
1524,16422,1056
1525,16414,17432
1526,-993,20494
1527,-18392,14343
1528,5158,-22510
1529,17438,-15334
1530,25618,25
1531,16394,18448
1532,2057,24580
1533,-15343,9216
1534,-22500,5118
1535,-14301,-14330
1536,3106,-23534
1537,18457,-15334
1538,24589,3097
1539,-15339,18448
1540,-24543,-4078
1541,-3037,-8170
1542,-8153,4116
1543,12321,-2027
1544,32,-7143
1545,-6109,12307
1546,7200,-3051
1547,-4062,-4073
1548,3105,11282
1549,7198,-7146
1550,-11228,-7142
1551,12318,3097
1552,-6111,-10210
1553,-2014,9242
1554,13340,-6115
1555,-8160,-5088
1556,5150,15385
1557,7195,-10210
1558,-9184,5148
1559,4126,9240
1560,2077,-10211
1561,-11229,4123
1562,10270,-5090
1563,-15322,2077
1564,3109,10264
1565,5155,-11234
1566,-7129,3101
1567,9251,4123
1568,-2012,-8161
1569,-9175,8219
1570,8229,-996
1571,-10198,-5089
1572,41,8219
1573,9253,1050
1574,-5080,8214
1575,9252,4116
1576,1059,-11238
1577,-4059,9238
1578,8225,5140
1579,-990,-14309
1580,-5083,8215
1581,8225,4117
1582,32,-14308
1583,-9179,10263
1584,7202,7188
1585,-7130,19
1586,-985,18
1587,38,-9193
1588,-11220,1046
1589,2091,12304
1590,16419,-6125
1591,-7129,-4075
1592,1062,9233
1593,10273,-5100
1594,-6108,-12262
1595,-5081,8214
1596,10274,4116
1597,-6107,-4074
1598,-986,10257
1599,12320,4111
1600,-6109,-9196
1601,-6106,19
1602,8226,9231
1603,7199,-4079
1604,-8157,-8171
1605,-5082,6162
1606,10273,9230
1607,5151,-9197
1608,-3039,2066
1609,11292,4112
1610,-2019,-12266
1611,-12253,-2025
1612,-11223,12305
1613,7206,4111
1614,-8150,-15337
1615,-9169,7188
1616,10282,3091
1617,-14287,-2028
1618,-8139,-4074
1619,3124,9234
1620,51,-8170
1621,-8137,21
1622,5173,14350
1623,9265,-5103
1624,-7115,-5100
1625,-4041,4114
1626,8243,-3052
1627,-7113,-1003
1628,-13250,7186
1629,6203,17
1630,4153,-6124
1631,-6084,6161
1632,8248,3088
1633,-4038,-1007
1634,-1989,2064
1635,2106,6157
1636,3129,-9198
1637,-10178,2065
1638,9274,4111
1639,-6083,-4079
1640,-9150,6158
1641,12348,-1009
1642,-7104,-8173
1643,3135,8207
1644,6204,-10220
1645,-8128,19
1646,3135,13325
1647,8251,-9198
1648,-9152,17
1649,10299,9229
1650,-3011,-9198
1651,-8127,9230
1652,5183,13
1653,-5054,-6128
1654,8254,4110
1655,-3008,-19432
1656,-6077,7189
1657,14396,2068
1658,-963,-6121
1659,1084,10258
1660,11319,-4076
1661,-7109,-4074
1662,58,7187
1663,10293,-7145
1664,-7111,-3047
1665,15410,4119
1666,-4044,-9188
1667,-1995,9240
1668,-970,-9187
1669,-8134,1052
1670,7223,4122
1671,-5062,-8162
1672,-1989,7195
1673,8247,-996
1674,-3015,2075
1675,5175,2074
1676,-3015,-13279
1677,4151,10268
1678,-968,-6113
1679,-1991,6172
1680,15410,-5089
1681,-10185,-3039
1682,6196,5151
1683,-4042,-11227
1684,5172,17437
1685,5170,-16347
1686,-6091,3108
1687,9265,-3034
1688,-14280,8226
1689,9268,-4060
1690,-9159,9248
1691,8245,6173
1692,-5064,-4065
1693,7221,6172
1694,-8135,-4066
1695,3128,10265
1696,55,-9186
1697,-5062,12312
1698,8246,-5093
1699,-11204,3098
1700,5178,-9185
1701,-6083,12313
1702,8249,-4069
1703,-7107,-3043
1704,8249,4123
1705,-8131,-15325
1706,3132,6176
1707,-963,-11226
1708,-3009,7203
1709,4157,-5082
1710,-8127,6179
1711,8253,1058
1712,-10174,5152
1713,10301,-9179
1714,-8127,3108
1715,9277,4130
1716,-7103,-3036
1717,10300,9248
1718,-5057,-6109
1719,1086,8223
1720,61,-11227
1721,-1986,8225
1722,4156,-8155
1723,59,9249
1724,-5058,-9178
1725,-961,9250
1726,-7101,-10201
1727,4161,8227
1728,5183,-8153
1729,2110,7204
1730,61,-8152
1731,-6080,11299
1732,13370,-7129
1733,1081,9251
1734,2104,-4059
1735,5174,9249
1736,5172,-13272
1737,51,6181
1738,2098,-7127
1739,-5067,12323
1740,9265,-10200
1741,-5068,9252
1742,7217,-8152
1743,-4045,3111
1744,1074,38
1745,-4044,37
1746,1075,-16339
1747,7216,12327
1748,-4046,-4055
1749,6191,3112
1750,-6094,-8148
1751,10285,5162
1752,-9166,-6099
1753,9262,-978
1754,-8142,9258
1755,1073,-14287
1756,-7115,6190
1757,5171,-2001
1758,8239,9259
1759,2094,-11215
1760,-977,10284
1761,-7117,-8144
1762,3122,47
1763,-9161,1070
1764,6196,7211
1765,-7112,-3027
1766,11315,9257
1767,-4043,-11217
1768,8241,-2000
1769,2096,10283
1770,-1999,-7121
1771,11308,6188
1772,-9167,1067
1773,8237,42
1774,-6096,8230
1775,-4046,-12244
1776,-7114,3115
1777,-3016,1066
1778,9268,6183
1779,-11206,2086
1780,11317,-4056
1781,-1994,9252
1782,-969,-4058
1783,3126,7203
1784,-6087,-7129
1785,8245,6180
1786,-6088,-987
1787,14385,-5080
1788,-5068,-9171
1789,8240,3116
1790,-6093,6185
1791,6192,40
1792,9260,13346
1793,-15308,-989
1794,5170,1058
1795,-4044,11293
1796,14381,-11229
1797,-22472,-988
1798,12338,-2011
1799,-973,12319
1800,-1996,-3039
1801,7217,11292
1802,-15303,-2019
1803,5175,8217
1804,-10180,6166
1805,8248,-7142
1806,-1991,25
1807,3128,-11233
1808,-6085,3102
1809,17459,-8158
1810,-4043,5152
1811,6194,2079
1812,-9161,3102
1813,7220,8218
1814,-1995,-6115
1815,4147,8217
1816,-7113,-5092
1817,-1992,9240
1818,3127,-5093
1819,-3015,6168
1820,6198,-999
1821,-9157,-2022
1822,7224,12308
1823,-11202,-6121
1824,10297,3094
1825,7222,-4072
1826,3125,2071
1827,10288,2070
1828,-6093,1045
1829,5169,-6120
1830,-15303,2071
1831,14386,-2024
1832,-5067,3095
1833,8241,2070
1834,-4045,-9189
1835,5169,11286
1836,48,-3048
1837,-4046,10259
1838,2097,-14310
1839,-6092,4120
1840,6193,-3046
1841,-9162,1049
1842,10289,6166
1843,2096,-7142
1844,-3022,4120
1845,6191,-5093
1846,-6094,4121
1847,12332,-2022
1848,-13261,-997
1849,1074,9239
1850,-973,-11235
1851,1074,9241
1852,2097,-7139
1853,-974,5147
1854,7215,-2020
1855,-7117,-2019
1856,8239,-2018
1857,-10188,-11228
1858,1075,10271
1859,3122,-11227
1860,-6091,7202
1861,6194,-9177
1862,-3020,8227
1863,10287,-3035
1864,-5070,-4057
1865,4144,-3031
1866,-9163,2088
1867,10288,4134
1868,-6093,-13267
1869,4145,6186
1870,2096,-4052
1871,-6093,8232
1872,3122,-4054
1873,-973,7207
1874,-1996,-8149
1875,-5065,10278
1876,8243,-3032
1877,-10184,9252
1878,10291,3107
1879,-11207,34
1880,9269,7199
1881,-3017,-5086
1882,-7109,8222
1883,58,-5087
1884,4152,6174
1885,-5061,-7134
1886,58,10269
1887,6199,-7135
1888,2102,2080
1889,7219,-7132
1890,-3019,-5081
1891,8241,5157
1892,-9162,-4057
1893,-969,6180
1894,3126,-11222
1895,-7110,9254
1896,4152,-10197
1897,-6085,3114
1898,-5058,41
1899,-6079,-982
1900,7230,-3028
1901,-4032,-7120
1902,-3006,3119
1903,5184,-8141
1904,-1983,5169
1905,1088,1072
1906,-3006,-5069
1907,6207,-5066
1908,-4031,-969
1909,4159,11314
1910,-1984,-3020
1911,-5053,6193
1912,5185,-3021
1913,-7099,2098
1914,7234,7215
1915,1089,-13258
1916,3136,8242
1917,-959,-5067
1918,6206,11312
1919,6203,-3022
1920,-6082,3121
1921,5180,1072
1922,-5057,-4046
1923,-1984,12332
1924,11323,-3026
1925,-11199,-5071
1926,3136,10284
1927,-1983,-5073
1928,-8123,10282
1929,10304,-2005
1930,-12218,-980
1931,4164,6185
1932,2115,-12241
1933,-8121,4141
1934,8259,6186
1935,2114,-4052
1936,-4028,7209
1937,11327,-982
1938,-960,-5075
1939,-6077,2092
1940,6208,3115
1941,-4030,-5074
1942,6207,3117
1943,8251,-5072
1944,-7105,-3022
1945,5181,8238
1946,60,-7118
1947,-5057,2097
1948,2110,11308
1949,4156,-9167
1950,-6081,3120
1951,4157,3119
1952,60,-7117
1953,4154,7216
1954,11317,-4046
1955,-5064,1073
1956,1079,8237
1957,3126,-8143
1958,-5063,-5068
1959,4151,11311
1960,9267,-7117
1961,-5066,50
1962,4148,7215
1963,2099,-4047
1964,-12231,-974
1965,7222,2097
1966,-3016,-3021
1967,-1991,5169
1968,8245,-1998
1969,-7111,-3020
1970,2104,6193
1971,4150,-3021
1972,-6087,50
1973,5175,6191
1974,6196,-6094
1975,-7112,49
1976,9268,3120
1977,-3018,-4046
1978,2101,7215
1979,5171,-7117
1980,-10184,1074
1981,9268,2097
1982,-3018,-7115
1983,1077,9265
1984,4147,-9162
1985,-6090,8242
1986,9266,-5067
1987,-9161,52
1988,2102,-5065
1989,-7110,3126
1990,9270,3125
1991,-3016,-6088
1992,5174,6197
1993,10289,-3017
1994,-4045,2102
1995,7216,3125
1996,-4046,-5064
1997,3121,7221
1998,3120,-3017
1999,3119,7220
2000,5165,-5065
2001,-6096,5173
2002,7213,52
2003,-8143,-3018
2004,1072,5172
2005,4142,-6089
2006,-7118,3126
2007,4144,7219
2008,2095,-8137
2009,-6094,4149
2010,9262,6194
2011,-5071,49
2012,7214,3120
2013,2093,-5069
2014,-9166,5169
2015,9262,1072
2016,-7118,-5069
2017,-973,10286
2018,7216,-977
2019,-4046,-3023
2020,3121,7214
2021,3120,-4048
2022,-7116,8236
2023,6193,-2003
2024,-1998,-7119
2025,-973,4143
2026,5169,2094
2027,48,-7118
2028,-8140,6191
2029,6193,6188
2030,5167,-2003
2031,-4047,3116
2032,3120,3115
2033,-975,-7121
2034,-974,9259
2035,5168,-4051
2036,-5069,-978
2037,6192,8234
2038,-4046,-7122
2039,-1997,5164
2040,3122,-5073
2041,-7114,2094
2042,8242,4140
2043,-4044,-5073
2044,4146,6188
2045,-5067,-7120
2046,5171,8236
2047,-4043,-4050
2048,3124,7211
2049,-4042,-7121
2050,1077,4141
2051,-4041,-6096
2052,3126,8236
2053,-3016,-7120
2054,1079,9260
2055,3126,-5073
2056,-3016,8235
2057,-3014,-4051
2058,7223,4139
2059,1078,-6098
2060,1077,6187
2061,4147,-12239
2062,2098,6190
2063,-3020,-6095
2064,4146,4143
2065,-973,-8141
2066,1074,3122
2067,7215,-973
2068,1070,9263
2069,45,-10188
2070,44,10287
2071,4138,-2000
2072,-4052,4142
2073,-979,-4048
2074,-7119,4142
2075,-974,1069
2076,-4044,44
2077,10287,-3026
2078,-8141,1069
2079,3122,1068
2080,1073,12326
2081,1072,-2009
2082,6189,2086
2083,4139,-3032
2084,-2004,1063
2085,-2003,-8149
2086,-978,8231
2087,1069,-2008
2088,3116,5158
2089,43,-6103
2090,5161,5159
2091,1064,-3031
2092,3111,-3029
2093,-3031,5161
2094,-4053,-4053
2095,6184,6184
2096,1063,-7124
2097,5157,8232
2098,-7127,-3030
2099,8229,-981
2100,-6104,5161
2101,4134,-5076
2102,-985,6185
2103,-7125,3112
2104,7208,-6101
2105,-2007,9255
2106,-3029,-4055
2107,5161,-982
2108,-3029,8230
2109,-3027,-6103
2110,9257,2088
2111,-8147,-983
2112,10280,-9170
2113,-2007,7211
2114,-6100,42
2115,8232,-4052
2116,1063,5162
2117,1062,-5075
2118,-3032,10280
2119,39,-983
2120,5157,8229
2121,-986,2084
2122,8226,2083
2123,-6107,1058
2124,1060,-6107
2125,-4058,5155
2126,-5079,-3035
2127,6182,36
2128,-6103,2083
2129,6182,-6106
2130,-2009,3109
2131,-4055,1060
2132,7206,-4058
2133,-6103,7203
2134,1064,-5082
2135,3111,7203
2136,-6102,-988
2137,1065,-10199
2138,5159,8229
2139,-3031,-986
2140,3112,2085
2141,-983,-986
2142,3112,-8150
2143,4134,2089
2144,1061,-4053
2145,1060,6184
2146,-987,-3030
2147,4131,4136
2148,-9176,1063
2149,3111,-7125
2150,6180,2090
2151,-2011,5160
2152,6178,39
2153,-7130,4133
2154,5156,-2010
2155,-4058,2085
2156,3109,-5080
2157,-2010,3111
2158,2085,-6102
2159,-3033,6183
2160,-6102,-984
2161,6183,1063
2162,-8149,2086
2163,8231,-2009
2164,-4055,5157
2165,1064,-4057
2166,2087,6180
2167,4133,-987
2168,10272,4131
2169,-2015,34
2170,6174,-7130
2171,-2017,5156
2172,-7133,-4058
2173,3106,11297
2174,-9177,-5084
2175,11298,-4058
2176,-5083,-2009
2177,9249,-4055
2178,-990,-5076
2179,2081,3115
2180,2080,-980
2181,-4062,-979
2182,8222,1068
2183,1053,6185
2184,-994,-5076
2185,29,7209
2186,-8159,-3029
2187,8221,2090
2188,-7135,2089
2189,2080,-3029
2190,1055,6184
2191,-2016,-6101
2192,6173,3114
2193,-6112,-981
2194,3103,-980
2195,3102,6185
2196,-6111,-982
2197,7198,1065
2198,-6111,3112
2199,2080,-983
2200,-991,5159
2201,-990,-6102
2202,5152,5160
2203,-4062,1063
2204,3105,-984
2205,-4061,5158
2206,-7129,3109
2207,3110,-986
2208,-6103,8226
2209,5159,-2013
2210,38,7200
2211,-985,-5085
2212,3110,4129
2213,-5079,-4061
2214,6182,2082
2215,-5079,1057
2216,9253,-990
2217,-4057,3105
2218,1062,-7131
2219,4132,5155
2220,-6105,-8153
2221,2086,5157
2222,-6103,-986
2223,5159,3109
2224,-6102,-3033
2225,9254,2086
2226,-6103,37
2227,6182,1060
2228,-7126,35
2229,3113,-4059
2230,-2006,3108
2231,2089,-6105
2232,2088,5157
2233,-2007,-4057
2234,5159,5157
2235,-4055,-6104
2236,4135,3111
2237,-3031,-5078
2238,2088,3113
2239,-2007,-3029
2240,7206,-980
2241,-3032,3115
2242,4134,-4051
2243,-4056,4139
2244,3111,-4051
2245,-984,6186
2246,2087,-2005
2247,2086,1066
2248,37,-3028
2249,2084,7209
2250,-4058,-4053
2251,1061,8231
2252,-5080,38
2253,4134,5156
2254,-4056,-2011
2255,6181,5155
2256,-4057,34
2257,6180,3105
2258,-3034,1056
2259,10273,3103
2260,32,3102
2261,7197,-4064
2262,-3041,-991
2263,4125,32
2264,-4065,3103
2265,6172,-4063
2266,-3042,6174
2267,5148,-4064
2268,-4066,2079
2269,4124,-2016
2270,1051,7197
2271,6168,-2018
2272,-999,29
2273,6166,-994
2274,-5095,-3040
2275,5143,-991
2276,-6118,1056
2277,5144,-2015
2278,-5093,2080
2279,5145,4126
2280,-998,-4064
2281,4120,-991
2282,-5093,-990
2283,9239,4128
2284,-3047,-4062
2285,6166,1057
2286,-5095,1056
2287,6166,-6109
2288,-5095,7200
2289,4119,-3038
2290,22,2081
2291,-6119,-7131
2292,24,5155
2293,-7140,-5082
2294,5146,4132
2295,-3044,-987
2296,-995,3108
2297,3100,-987
2298,6169,-2010
2299,-6116,-4056
2300,4122,2087
2301,-4068,-984
2302,3099,4134
2303,-5090,-2009
2304,6171,1062
2305,-4067,-2009
2306,7194,2086
2307,-3044,-985
2308,4122,6180
2309,-2021,-4058
2310,2074,-985
2311,-3044,3110
2312,3099,-2009
2313,-6114,4133
2314,7195,-4057
2315,-3043,1062
2316,4123,-2009
2317,-2020,1062
2318,9240,-2009
2319,1047,-2008
2320,5141,4134
2321,-6120,6179
2322,-999,5153
2323,-9186,1056
2324,3101,2079
2325,28,4125
2326,-9183,28
2327,-6108,2075
2328,-987,3098
2329,-4057,-4068
2330,12321,3099
2331,-990,-8161
2332,-989,30
2333,-2012,6171
2334,6177,4121
2335,-4061,-9186
2336,4129,-4064
2337,-3037,1055
2338,8223,-3039
2339,-6110,1056
2340,5152,-991
2341,-5085,2080
2342,3106,31
2343,2081,2078
2344,4127,-2017
2345,-2016,7196
2346,2079,-4066
2347,-992,5148
2348,3103,27
2349,-3039,26
2350,5151,1049
2351,-3039,2072
2352,6174,4118
2353,-5087,-1001
2354,5151,2070
2355,-2016,1045
2356,5150,-4073
2357,-2017,6164
2358,2078,-4074
2359,-3040,4116
2360,2079,-3050
2361,-992,4116
2362,5150,-5097
2363,1053,5141
2364,-994,-1002
2365,2077,5140
2366,-994,-3050
2367,5148,2069
2368,-4066,-2026
2369,5148,-1001
2370,-5089,-2024
2371,4125,1047
2372,-4065,4117
2373,6172,2068
2374,-2019,-3050
2375,7194,1045
2376,-4068,-3049
2377,3099,4117
2378,26,-5096
2379,3097,3095
2380,-3045,-2024
2381,4121,5142
2382,-998,-5095
2383,25,5143
2384,3096,-5094
2385,-3046,4120
2386,3097,-3046
2387,-4069,25
2388,5145,-2022
2389,24,-6115
2390,2071,3100
2391,22,-5089
2392,-1001,5149
2393,4117,-4065
2394,-1002,-2016
2395,4116,3103
2396,-1003,-7133
2397,1044,5153
2398,4114,-3037
2399,-4076,1058
2400,5138,2081
2401,-1005,-4061
2402,4113,3106
2403,-2030,-3036
2404,-1005,4130
2405,1042,-5083
2406,3089,1060
2407,6158,2083
2408,-4080,-2012
2409,-2031,9248
2410,10252,3103
2411,-9199,-5086
2412,1040,3105
2413,15,1056
2414,4109,2079
2415,4107,-3039
2416,-6130,-990
2417,1037,2081
2418,-1010,-2014
2419,-3056,1057
2420,1039,-990
2421,3086,33
2422,3085,1056
2423,-1010,31
2424,3085,-4063
2425,-4081,32
2426,4109,1055
2427,1036,-4063
2428,-5105,32
2429,3086,7197
2430,6155,28
2431,-1012,-2019
2432,-3058,4123
2433,4108,-996
2434,-3058,-3042
2435,-4080,2077
2436,5134,-3041
2437,-2033,-2016
2438,-3055,8220
2439,2064,4122
2440,3087,-2021
2441,-2032,-2020
2442,-2031,3099
2443,5135,3098
2444,5133,-4068
2445,-2034,-3042
2446,-3056,5148
2447,6157,4122
2448,12,-4068
2449,-4082,2075
2450,1037,3098
2451,5131,-5091
2452,-1012,-2018
2453,-3058,4124
2454,2061,3099
2455,3084,-2020
2456,1035,-3042
2457,-3059,1053
2458,-1010,5147
2459,1037,-3043
2460,1036,28
2461,11,4122
2462,5129,1049
2463,2056,-4069
2464,-4086,26
2465,-1013,5144
2466,5129,1047
2467,2056,-3047
2468,-3062,2072
2469,9,3095
2470,4103,1046
2471,-3063,-2025
2472,-1014,3094
2473,3081,21
2474,3080,-1002
2475,-3062,1045
2476,-2037,4115
2477,5129,3090
2478,1032,-1005
2479,-4086,1042
2480,-3060,5136
2481,5130,4110
2482,9,-2033
2483,-3061,-1008
2484,4105,4110
2485,2056,13
2486,-1015,-2034
2487,-1014,1037
2488,1033,4107
2489,2056,-1012
2490,-1015,-3058
2491,-4085,2061
2492,1034,4107
2493,4104,1034
2494,-3062,-1013
2495,-1013,5129
2496,4105,4103
2497,2056,-3063
2498,-4086,-2038
2499,9,5128
2500,4103,3079
2501,3078,-5110
2502,-5111,9
2503,8,4103
2504,2055,1030
2505,-2040,-3064
2506,-2039,5126
2507,2056,2053
2508,2055,-5112
2509,-1016,-2039
2510,-3062,4103
2511,4104,3078
2512,3079,-3064
2513,-2040,-3062
2514,-2039,2057
2515,1032,3080
2516,3079,-1015
2517,-3063,-1014
2518,8,2057
2519,3079,8
2520,3078,-3062
2521,-2041,-2037
2522,-3063,10
2523,1032,4104
2524,4102,2055
2525,3077,-1016
2526,-2042,-4086
2527,-4088,2057
2528,3079,1032
2529,3078,-2039
2530,-2041,-2038
2531,-3063,1033
2532,3080,4103
2533,3079,1030
2534,6,-4088
2535,-3064,7
2536,7,2054
2537,1030,1029
2538,3077,-3065
2539,3076,-2040
2540,-2043,1031
2541,-1018,2054
2542,3077,3077
2543,4099,4
2544,1026,-2043
2545,1,-2042
2546,-2046,5
2547,-2045,4099
2548,2,3074
2549,2049,1
2550,4095,-2046
2551,-3071,-4092
2552,-4093,-1019
2553,-2044,2052
2554,3,4098
2555,1026,4096
2556,3073,2047
2557,3072,1022
2558,4094,-1025
2559,4093,-1024
2560,3068,-3070
2561,2043,-2045
2562,-4,-2044
2563,-2050,3
2564,-3072,1026
2565,-2047,1025
2566,-2046,3072
2567,-2045,4094
2568,-2044,4093
2569,3,4092
2570,-2044,4091
2571,3,1018
2572,2050,2041
2573,1025,2040
2574,3072,-3078
2575,2047,-1029
2576,2046,-2051
2577,2045,-1026
2578,1020,-2048
2579,1019,-2047
2580,2042,-2046
2581,3065,-2045
2582,-6,-3067
2583,2041,-3065
2584,2040,-2040
2585,3063,-2039
2586,-2055,-3061
2587,-2053,-2036
2588,-4,-2035
2589,-2050,-1010
2590,-1025,-4080
2591,0,-1007
2592,0,-3053
2593,-3070,-2028
2594,1,-3050
2595,-1022,-2025
2596,-1021,-3047
2597,-3067,-2022
2598,-2042,-2021
2599,-1017,-996
2600,1030,-2019
2601,-3064,-3041
2602,-2039,30
2603,-2038,-3040
2604,-1013,-991
2605,-1012,-3037
2606,-1011,34
2607,-1010,-3036
2608,-3056,-2011
2609,-2031,-986
2610,-2030,-2009
2611,-3052,-2008
2612,-1003,-3030
2613,-2026,-981
2614,-2025,-3027
2615,-2024,44
2616,-2023,-4050
2617,-2022,1069
2618,-2021,-978
2619,26,3117
2620,25,1068
2621,-998,3115
2622,-997,1066
2623,-2020,1065
2624,-2019,1064
2625,-3041,1063
2626,-992,38
2627,-3038,-985
2628,-989,-984
2629,-2012,39
2630,-987,-984
2631,-2010,1063
2632,-2009,38
2633,-2008,2085
2634,-3030,2084
2635,-2005,1059
2636,-4051,-3035
2637,44,1060
2638,43,1059
2639,-2004,34
2640,43,-2013
2641,3114,-988
2642,2089,-2011
2643,-982,-986
2644,2089,-3032
2645,7206,39
2646,4132,-2008
2647,1059,-983
2648,4129,40
2649,4127,1063
2650,1054,2086
2651,4124,1061
2652,4122,36
2653,2073,1059
2654,3096,2082
2655,2071,33
2656,1046,-4061
2657,21,-988
2658,4115,-2011
2659,3090,-986
2660,3089,-985
2661,1040,-984
2662,2063,-3030
2663,3086,41
2664,2061,-2006
2665,2060,-981
2666,1035,-2004
2667,-1012,-2003
2668,1035,-2002
2669,1034,-2001
2670,1033,-3023
2671,1032,-1998
2672,7,-973
2673,2054,-972
2674,1029,-1995
2675,2052,-1994
2676,3075,-969
2677,2,-968
2678,3073,-1991
2679,3072,-966
2680,2047,57
2681,2046,1080
2682,1021,2103
2683,-2,4149
2684,-1,1076
2685,-2047,2099
2686,-2046,50
2687,-2045,-973
2688,2,50
2689,-1021,3121
2690,-4091,-1998
2691,2052,-4044
2692,3,-971
2693,2,-3017
2694,2049,-968
2695,0,55
2696,-1023,2102
2697,2048,53
2698,1023,3124
2699,1022,2099
2700,2045,4145
2701,5115,48
2702,-21498,-6093
2703,15359,-20419
2704,19446,22578
2705,-22526,14379
2706,-10233,-22474
2707,26618,-6087
2708,-4099,21551
2709,-23543,-976
2710,9221,-18375
2711,20475,10292
2712,-15357,-19394
2713,21497,-11196
2714,8182,22585
2715,-25597,8245
2716,-1020,-24511
2717,24568,7230
2718,-9219,23603
2719,-17402,-12231
2720,16382,-20413
2721,15351,15420
2722,-22525,13366
2723,-8185,-25533
2724,3078,28725
2725,-20464,-5064
2726,9228,-21437
2727,22529,13373
2728,-15351,17461
2729,-17390,-15299
2730,19465,-10174
2731,10244,25654
2732,-23536,4148
2733,3087,-23488
2734,24579,5182
2735,-23537,-15290
2736,19462,-20400
2737,14335,18503
2738,-22517,10306
2739,-6130,-22451
2740,28672,-5040
2741,0,22597
2742,-22517,-6072
2743,11270,-22445
2744,20476,15436
2745,-17403,20546
2746,-13300,-24498
2747,10247,25666
2748,-21486,5184
2749,3089,-23476
2750,22534,3147
2751,-8182,29757
2752,-20460,-12221
2753,16396,-17332
2754,17412,19523
2755,-23536,13373
2756,-4078,-22456
2757,21512,-2998
2758,-23532,-1973
2759,8208,-17324
2760,25604,10319
2761,-13301,18502
2762,-15341,-17329
2763,22536,-11179
2764,7173,23626
2765,-24559,5192
2766,-1006,-20398
2767,19465,5200
2768,-10226,21574
2769,-17385,-16306
2770,16399,18501
2771,-16361,9281
2772,-6118,-22452
2773,23567,-947
2774,-1008,26688
2775,-19430,-6077
2776,10261,-17332
2777,26632,9288
2778,-17391,14401
2779,-11241,-17334
2780,20493,-8114
2781,-20457,5196
2782,22,-23464
2783,28680,2135
2784,-8180,21581
2785,-19434,-12205
2786,13328,-16293
2787,14345,21585
2788,-19437,10316
2789,-5098,-18347
2790,20492,84
2791,-3058,22601
2792,-6127,-20397
2793,-5100,25671
2794,-25567,1094
2795,8221,-15282
2796,23570,11337
2797,-14311,16449
2798,-13280,-18358
2799,20502,-2996
2800,4116,24640
2801,-26591,5182
2802,5151,-22455
2803,21525,6214
2804,-16355,-10165
2805,16405,-17324
2806,13327,13390
2807,-21478,10313
2808,-6115,-19373
2809,20499,-1964
2810,-2028,23625
2811,-22497,-5044
2812,13337,-20394
2813,19472,7251
2814,-17383,15436
2815,-14304,-18347
2816,9244,22602
2817,-22489,-949
2818,9251,-22442
2819,19482,8274
2820,-14303,19529
2821,-17366,-14256
2822,16418,-16296
2823,13340,20558
2824,-20442,16454
2825,-3032,-23470
2826,26651,81
2827,-25560,-5036
2828,18463,-12198
2829,18454,12372
2830,-14307,15437
2831,-16347,-19369
2832,25625,-6054
2833,10260,19537
2834,-22497,3152
2835,2078,-27554
2836,15383,6235
2837,-13282,23632
2838,-16346,-17319
2839,15391,20559
2840,-18392,10314
2841,-4054,-21419
2842,19489,-5032
2843,-3037,28746
2844,-22482,-4020
2845,12328,-7088
2846,19487,17480
2847,-21462,13378
2848,-10193,-23474
2849,22564,-945
2850,-24528,2126
2851,47,-23462
2852,24611,11349
2853,-12247,22602
2854,-19405,-18349
2855,18474,-19363
2856,10277,23634
2857,-26574,6223
2858,2097,-23461
2859,29731,90
2860,-10200,25678
2861,-22477,-9133
2862,22568,10318
2863,-21453,10313
2864,-14278,-22444
2865,19505,-4010
2866,6190,27721
2867,-25541,-5044
2868,5177,-22441
2869,26668,10322
2870,-14285,23623
2871,-17348,-17328
2872,14389,-16296
2873,-22464,14417
2874,3135,-19365
2875,32815,-7073
2876,-11211,26706
2877,-24511,-9129
2878,13371,-19359
2879,19506,15450
2880,-24514,20560
2881,-12220,-21413
2882,30773,-7073
2883,10288,25683
2884,-28610,1106
2885,24626,9294
2886,-18373,25666
2887,-18364,-16310
2888,21562,-20396
2889,11317,25672
2890,-26558,11331
2891,3137,-23473
2892,27700,-5038
2893,-6089,29764
2894,-27579,-3002
2895,13375,-22447
2896,-33712,15434
2897,-16296,-25513
2898,27723,-8101
2899,4169,28749
2900,-25514,2124
2901,85,-24488
2902,29767,8276
2903,-9140,26695
2904,-13229,-20399
2905,18506,-20389
2906,5192,26702
2907,-30633,6219
2908,28745,74
2909,-950,27709
2910,-8114,-8127
2911,19525,-23475
2912,22586,13383
2913,-24506,12353
2914,-20400,-23475
2915,28738,-7087
2916,6207,33857
2917,-25524,-7099
2918,2123,-28589
2919,-14254,27718
2920,-25505,-16306
2921,13401,-19368
2922,20559,29770
2923,-25508,15427
2924,-1955,-20403
2925,36939,-4017
2926,-16301,34878
2927,-29598,-15290
2928,16474,-23470
2929,21584,19529
2930,-20390,16449
2931,34889,-16311
2932,13379,26684
2933,-16309,-18363
2934,74,-27565
2935,29756,16459
2936,-18363,28733
2937,-19377,-20409
2938,25667,-20399
2939,15420,26692
2940,-22457,8256
2941,-952,-32688
2942,-22445,23621
2943,-36763,68
2944,19548,-18355
2945,25680,21571
2946,-25507,14396
2947,-18330,-24504
2948,27737,-15280
2949,7254,32832
2950,-30619,2111
2951,100,-23477
2952,29782,21569
2953,-13219,26676
2954,25681,-24512
2955,11340,31793
2956,-27558,15402
2957,-2980,-33733
2958,34891,-5058
2959,-4019,31791
2960,-30628,-8141
2961,20562,-23489
2962,23623,19510
2963,-29610,22571
2964,-18337,-28615
2965,12377,30762
2966,-29592,-2005
2967,4198,-32709
2968,29784,8247
2969,-12194,15408
2970,-31634,-21445
2971,15463,-26552
2972,-920,33848
2973,-33671,9268
2974,-2949,-32700
2975,42087,-3002
2976,-20367,26681
2977,20583,-26554
2978,29785,22587
2979,-19357,31788
2980,-20371,-23496
2981,34908,-12226
2982,19539,28720
2983,-19363,-5069
2984,7258,-32701
2985,40007,28725
2986,-13234,31782
2987,-18345,-27596
2988,21581,21546
2989,-22440,11301
2990,-7076,-38856
2991,28750,-7108
2992,-7086,35883
2993,-33693,-5074
2994,20569,-26565
2995,24653,24623
2996,-23463,16423
2997,-13216,-30666
2998,29778,-11204
2999,7247,29742
3000,-2991,-31682
3001,27716,17462
3002,-10167,31783
3003,-25514,-24525
3004,28744,-26560
3005,17472,27699
3006,-35758,15404
3007,-14247,-32708
3008,38982,-3010
3009,-6071,30767
3010,-24491,46
3011,30790,17446
3012,-23470,24602
3013,-20388,-27608
3014,52291,-13265
3015,7232,36893
3016,-33711,3100
3017,8269,-34771
3018,31806,3116
3019,-6079,12326
3020,-27569,-19408
3021,26690,-22469
3022,14395,32811
3023,-7105,-36803
3024,33839,-4033
3025,-3023,31792
3026,-33726,-11210
3027,12348,-27580
3028,18483,12350
3029,-24513,31791
3030,-20407,-14282
3031,42037,-3016
3032,6194,26667
3033,-35772,-2004
3034,34867,18467
3035,-9160,32787
3036,-24508,-21474
3037,19515,-21463
3038,19506,23582
3039,-30655,18453
3040,-1982,-42966
3041,34865,2089
3042,-9162,30746
3043,-32698,-6115
3044,24634,-28629
3045,26669,14372
3046,-33730,-29645
3047,30767,-25536
3048,5165,28722
3049,-37824,2097
3050,-12218,-24515
3051,28728,15414
3052,-12226,33830
3053,-24502,-27596
3054,24638,-20418
3055,19509,31791
3056,-29628,15400
3057,31797,-7124
3058,3124,30749
3059,-32700,-4065
3060,35891,-30674
3061,27686,9258
3062,-25549,21536
3063,-30654,-25555
3064,36912,-8143
3065,9260,36895
3066,-32708,2078
3067,18483,-25557
3068,33827,6184
3069,-32717,-12242
3070,13357,-25541
3071,12327,24623
3072,-29642,26658
3073,-7110,-30671
3074,29740,-7115
3075,-8144,33829
3076,-31680,-4057
3077,3135,-26572
3078,24627,12334
3079,-27583,32798
3080,32817,-10205
3081,14378,27670
3082,-40898,4116
3083,-6079,-32732
3084,39982,12318
3085,-12236,30735
3086,-23488,-17384
3087,19511,-21469
3088,22572,23576
3089,-26567,14353
3090,8245,-38876
3091,30758,-4058
3092,-40902,-6103
3093,16434,-35781
3094,32802,18482
3095,-11224,28708
3096,-983,-29645
3097,20511,-28607
3098,15384,28723
3099,-33751,8239
3100,-8147,-22470
3101,27680,14387
3102,-8156,33827
3103,19483,-26576
3104,23568,24612
3105,-32736,23577
3106,-7132,-35797
3107,23577,-10192
3108,2072,39965
3109,-27610,10264
3110,13344,-32728
3111,29714,16416
3112,-23522,29714
3113,-18393,-23522
3114,14368,-8158
3115,-29649,9246
3116,1070,-24534
3117,34845,41
3118,-4065,27676
3119,-20439,-34771
3120,20511,-22472
3121,19478,29738
3122,-28636,21536
3123,-11222,-35790
3124,30747,-5067
3125,1050,28711
3126,6167,-29642
3127,17423,4148
3128,-27619,34851
3129,-26582,-8153
3130,27677,-10196
3131,12311,33820
3132,-26588,-995
3133,35,-35793
3134,26646,2094
3135,-8166,35869
3136,-31702,-4065
3137,18465,-29650
3138,-25554,20516
3139,-5071,-32716
3140,30754,-14277
3141,-5083,24623
3142,-31691,-5070
3143,11312,-25537
3144,29730,15416
3145,-13271,25644
3146,-18382,-27590
3147,31779,-20412
3148,15388,24632
3149,-10207,-28602
3150,34832,3141
3151,-1007,34868
3152,-23523,-15300
3153,19476,-26551
3154,22537,23614
3155,-23531,19509
3156,-14308,-20417
3157,25616,-10172
3158,-9195,45102
3159,-23519,3117
3160,27668,-21448
3161,-18403,22573
3162,-22488,-20425
3163,29722,-13250
3164,23567,28720
3165,-30690,7213
3166,1053,-24519
3167,38922,9269
3168,-3060,26664
3169,-16364,-21453
3170,11279,-26560
3171,12297,25652
3172,-12273,-27582
3173,30720,-9145
3174,7165,25659
3175,-25590,58
3176,4104,-27576
3177,9220,5190
3178,-21489,20540
3179,-19431,-17339
3180,29707,-3001
3181,15364,25659
3182,-29677,3130
3183,-3051,-34741
3184,-14308,24639
3185,-23512,62
3186,9252,-19384
3187,17436,39989
3188,-19418,16429
3189,-4056,-30660
3190,31769,-963
3191,1048,37931
3192,-34775,-6098
3193,3112,-18377
3194,26651,12337
3195,-11231,-12233
3196,28691,-24509
3197,14348,20537
3198,-26599,7222
3199,-6116,-26557
3200,33804,7232
3201,-5105,23605
3202,-30690,-14276
3203,12312,-25527
3204,17424,12355
3205,-19430,-956
3206,-18397,-22449
3207,-3035,30784
3208,-20433,5182
3209,13353,-28596
3210,29723,15429
3211,-19419,16445
3212,-22480,-25526
3213,24612,-10161
3214,10271,30784
3215,-23509,10299
3216,-2004,-23481
3217,36890,13377
3218,-30679,-14264
3219,13347,-27562
3220,19482,26697
3221,-15326,16449
3222,-10201,-17334
3223,28697,-9137
3224,5143,25667
3225,-16353,-7097
3226,11290,-35751
3227,18449,4183
3228,-21476,20557
3229,-16348,-12205
3230,14365,28741
3231,-27605,6210
3232,-6098,-26545
3233,16422,1102
3234,-9173,15431
3235,-24521,-10164
3236,17455,-21417
3237,15400,25675
3238,-17359,14404
3239,-9162,-26543
3240,29736,-9130
3241,-26571,-937
3242,6194,-19359
3243,19497,16473
3244,-8147,24653
3245,-15307,-11181
3246,23594,-11175
3247,8230,21583
3248,-24526,5197
3249,7215,-32675
3250,28705,9305
3251,-9178,26700
3252,-26573,-19370
3253,16427,11345
3254,-18380,15434
3255,-12230,-21419
3256,19505,-1962
3257,-6092,25674
3258,-26559,-5043
3259,9277,-23463
3260,22578,15442
3261,-13255,7247
3262,-19389,-18344
3263,15420,-6053
3264,-19386,5209
3265,-953,-17310
3266,24635,4192
3267,58,19543
3268,-21435,-15265
3269,14398,-16281
3270,15415,20573
3271,-26556,16469
3272,-5049,-23455
3273,23612,96
3274,-1987,22613
3275,-14268,-9126
3276,18491,9302
3277,-18364,16462
3278,-17331,-17321
3279,26688,-6054
3280,12346,26701
3281,-21435,1100
3282,-5048,-22441
3283,23613,5205
3284,-8127,16461
3285,-22452,-8111
3286,17476,-13224
3287,-11190,14417
3288,-4020,-21412
3289,21570,-6049
3290,-1981,26706
3291,-25520,-1965
3292,8268,-19363
3293,19523,13399
3294,-16309,20557
3295,-8113,-15275
3296,20549,-11173
3297,6210,19538
3298,-21427,81
3299,24641,10316
3300,-7099,24640
3301,-11189,-11194
3302,13381,-14259
3303,11328,15430
3304,-16312,8258
3305,-5045,-26545
3306,21569,-944
3307,-8123,25668
3308,-25518,-5049
3309,12364,-20399
3310,-13229,11340
3311,-14246,-21417
3312,17490,-9124
3313,4176,17492
3314,-30625,2131
3315,2142,-19363
3316,23635,9305
3317,-9128,20559
3318,-15264,-17320
3319,18519,-18335
3320,10322,22614
3321,-18341,11345
3322,22608,4175
3323,79,18502
3324,-14250,-5047
3325,11345,-24491
3326,20551,11344
3327,-20399,14409
3328,-14248,-21420
3329,22605,-7080
3330,3148,28746
3331,-20394,-6067
3332,9298,-22440
3333,-6059,17488
3334,-23455,-22437
3335,15450,-10144
3336,11349,25684
3337,-24479,11343
3338,-5020,-24485
3339,23641,90
3340,-7075,18513
3341,-21400,-6060
3342,9316,-17315
3343,13406,16469
3344,-14235,13391
3345,28759,-2991
3346,4181,21575
3347,-24479,4165
3348,5215,-26542
3349,25683,11341
3350,-9128,19524
3351,-13217,-15284
3352,18518,-13229
3353,13392,23624
3354,-17319,3143
3355,1112,-24493
3356,-6053,22600
3357,-19355,-6069
3358,12383,-23465
3359,16471,14416
3360,-19359,10315
3361,-10138,-20395
3362,17502,-5032
3363,1117,20558
3364,-30612,-6063
3365,6249,-18342
3366,19552,16466
3367,-15256,19529
3368,24668,-19373
3369,7257,23624
3370,-28569,7237
3371,-920,-24495
3372,17504,2128
3373,-8092,22597
3374,-20370,-9142
3375,20580,-19372
3376,15453,17484
3377,-20377,8264
3378,-5014,-20398
3379,5224,23623
3380,-20366,70
3381,7279,-21423
3382,20581,13387
3383,-12181,18498
3384,-15245,-22451
3385,17515,-11181
3386,6248,24647
3387,-25483,9283
3388,6258,-24497
3389,24678,78
3390,-12180,18501
3391,15461,-17330
3392,15454,17478
3393,-20376,16446
3394,-9107,-19384
3395,24673,-4022
3396,3168,25662
3397,-21397,-6079
3398,8295,-22452
3399,19550,17476
3400,-15258,19515
3401,-14227,-19387
3402,7274,23610
3403,-24458,5176
3404,117,-26555
3405,27752,1092
3406,-10131,21562
3407,-22408,-12224
3408,20590,-18359
3409,15463,18496
3410,-19343,7229
3411,-7051,-23479
3412,30822,-2997
3413,-921,20545
3414,5221,-24499
3415,23642,14406
3416,-17309,20540
3417,-15253,-21433
3418,22624,-13234
3419,4190,26689
3420,-22423,5183
3421,4199,-27571
3422,22620,10312
3423,-10143,25660
3424,-20373,-13245
3425,20577,19514
3426,-21396,8246
3427,-9103,-23486
3428,29795,65
3429,98,25653
3430,-25489,1076
3431,7276,-20418
3432,20578,16438
3433,-16278,19501
3434,-12176,-25542
3435,24676,-13247
3436,6241,27700
3437,2144,-27582
3438,27731,5184
3439,-9128,20534
3440,-21405,-11204
3441,20569,-22457
3442,15442,18494
3443,-26529,12344
3444,-9116,-21437
3445,29782,1090
3446,3157,34865
3447,-26526,-9162
3448,22615,16430
3449,-13218,20516
3450,-16282,-22481
3451,20572,-13258
3452,6233,25642
3453,-23451,7207
3454,6242,-30666
3455,27733,4148
3456,-14244,22569
3457,-20378,-14288
3458,22619,-18375
3459,18514,21551
3460,-9129,-25540
3461,28745,1083
3462,2120,25647
3463,-29609,-8141
3464,7252,-29630
3465,22601,16442
3466,-20397,27693
3467,-15269,-23495
3468,26702,-10178
3469,6219,30767
3470,-21418,5165
3471,27721,4139
3472,-11185,23584
3473,-27555,-15320
3474,22610,-17359
3475,24646,22566
3476,-26541,16414
3477,-7081,-27604
3478,31816,-2003
3479,1095,23586
3480,-27563,-5083
3481,8273,-24527
3482,28739,19496
3483,-14262,-26571
3484,27709,-13252
3485,10296,27695
3486,-32696,6188
3487,6213,-32708
3488,28727,6201
3489,-15297,26668
3490,-21430,-13261
3491,23615,-19395
3492,18486,23602
3493,-26557,10285
3494,31796,-2002
3495,1075,29728
3496,-27583,-6109
3497,12347,-30670
3498,24623,16426
3499,-16329,20512
3500,-18368,-28626
3501,21558,-14283
3502,9266,29735
3503,-28608,7204
3504,3135,-31692
3505,33839,4146
3506,-25540,-14279
3507,22577,-21436
3508,18472,20538
3509,-28618,13364
3510,-11204,-25535
3511,33836,-6076
3512,3115,28726
3513,-30662,-12228
3514,10293,-31668
3515,25641,18499
3516,-21452,24631
3517,20522,-13250
3518,10277,32814
3519,-25550,7211
3520,4144,-29638
3521,30753,3129
3522,-14296,25645
3523,-30665,-10190
3524,21549,-20420
3525,20515,24624
3526,-30670,15401
3527,-8138,-28617
3528,29736,-5062
3529,-28618,-7106
3530,8242,-29619
3531,26661,18500
3532,-19409,27703
3533,-21446,-25532
3534,30763,-14261
3535,10278,31804
3536,-32714,5178
3537,4148,-31670
3538,29734,6215
3539,-14291,31800
3540,20515,-21437
3541,21529,20537
3542,-30680,12339
3543,-15312,-28607
3544,33824,-7099
3545,-2015,34868
3546,-30672,-5065
3547,10283,-29626
3548,26654,17470
3549,-17369,24626
3550,-18384,-29631
3551,27683,-15287
3552,-32717,11332
3553,1074,-28590
3554,35873,5200
3555,-11225,29762
3556,-30666,-17333
3557,22571,-26536
3558,19490,21582
3559,-30671,14407
3560,-11209,-27563
3561,37925,1108
3562,3108,32836
3563,8224,-34731
3564,31761,16461
3565,-18406,26688
3566,-19420,-22453
3567,21530,-12207
3568,12308,33857
3569,-28638,6206
3570,2081,-34737
3571,28691,3150
3572,-16357,30783
3573,-31701,-11195
3574,19490,-22448
3575,-24530,19527
3576,-11212,-24493
3577,29734,-10152
3578,4132,28746
3579,-30669,-14255
3580,10286,-30624
3581,27681,16472
3582,-17366,30793
3583,-16334,-29608
3584,29732,-18335
3585,11295,31826
3586,-4063,-29599
3587,28691,2144
3588,-6122,31825
3589,-25565,-11177
3590,18458,-23453
3591,24590,25687
3592,-33761,13393
3593,-16345,-32671
3594,34838,-7067
3595,21,31830
3596,-33754,-5031
3597,10273,-25498
3598,-12249,25690
3599,-21454,-24474
3600,22567,-23438
3601,12321,32866
3602,-30672,11357
3603,-975,-31635
3604,35872,4203
3605,-9179,32859
3606,-20433,-18332
3607,23588,-24464
3608,19483,21606
3609,-17372,-24462
3610,35859,-3980
3611,7184,35939
3612,-32736,-3995
3613,7197,-34698
3614,29711,16494
3615,-21478,25698
3616,-22491,-22419
3617,23578,-19337
3618,11285,34918
3619,-30684,8290
3620,2083,-32654
3621,-6106,31843
3622,-31690,-13206
3623,17454,-29575
3624,26657,22638
3625,-26578,18533
3626,-10189,-23439
3627,33827,-9098
3628,2082,29800
3629,-28624,-10131
3630,5166,-27525
3631,31775,15476
3632,-23509,-21377
3633,26654,-19319
3634,18453,26748
3635,-27613,6265
3636,-6106,-33654
3637,25626,1161
3638,-11232,33913
3639,-27602,-10114
3640,22563,-22391
3641,26646,21631
3642,-28636,13433
3643,-16340,-27513
3644,6185,31864
3645,-30664,119
3646,6197,-24445
3647,31782,17531
3648,-15314,24687
3649,-20424,-23429
3650,20526,-21370
3651,12328,32886
3652,-26571,12400
3653,-970,-29569
3654,35877,3198
3655,-22480,-17273
3656,17448,-29546
3657,22557,15503
3658,-28629,22660
3659,-14286,-23408
3660,34849,-7020
3661,6174,35971
3662,-31698,130
3663,9258,-29551
3664,30747,12427
3665,-16349,22656
3666,-23505,-22389
3667,13353,28797
3668,-24523,11384
3669,52,-32632
3670,32804,-887
3671,-8152,28795
3672,-31688,-14206
3673,14385,-27504
3674,21543,21638
3675,-22478,22651
3676,-14279,-22394
3677,30762,-4983
3678,-29639,-2933
3679,4151,-28519
3680,28713,14482
3681,-10194,27781
3682,-21447,-19313
3683,23598,-21350
3684,15399,27789
3685,-26572,7306
3686,-3018,-32614
3687,25642,3225
3688,-8146,31882
3689,-25541,-9073
3690,25647,18566
3691,-20423,21628
3692,-14272,-25463
3693,29746,-11121
3694,6191,27778
3695,-30658,129
3696,6203,-24435
3697,28717,15494
3698,-11213,20604
3699,-22466,-19322
3700,22579,-17265
3701,-27583,13449
3702,-6076,-25450
3703,28726,149
3704,-1993,29831
3705,-22462,-10100
3706,18489,-25447
3707,18480,16529
3708,-24516,18568
3709,-14269,-22381
3710,30772,-4970
3711,6193,27785
3712,-27585,2184
3713,28721,7301
3714,-14280,23674
3715,-23484,-20348
3716,18491,-14197
3717,12341,26750
3718,-25534,14455
3719,-3004,-27515
3720,28726,-2937
3721,-5063,27770
3722,-25530,-11136
3723,14399,-21365
3724,-18360,22656
3725,-10163,-20342
3726,28735,-10097
3727,8251,25731
3728,-29622,-1916
3729,2121,-26479
3730,26684,10380
3731,-14269,25728
3732,-20403,-19318
3733,25665,-16238
3734,15418,24710
3735,-24506,5252
3736,23611,-891
3737,-6082,28791
3738,-27572,-2951
3739,10311,-20349
3740,21565,15484
3741,-22456,15477
3742,-10163,-22400
3743,27712,-10107
3744,3135,25721
3745,-29618,-1926
3746,6219,-21371
3747,-9136,23674
3748,-20390,-19324
3749,20560,-19314
3750,14409,24706
3751,-24491,11389
3752,-6056,-25462
3753,27723,2185
3754,-6066,26748
3755,-19368,-11134
3756,16464,-22387
3757,13386,15494
3758,-22443,14463
3759,24649,-10108
3760,7238,27767
3761,-22447,118
3762,7246,-27516
3763,24642,8320
3764,-14263,18551
3765,-21420,-14210
3766,20554,-12156
3767,12356,23673
3768,-22449,9333
3769,-944,-24447
3770,-4014,23670
3771,-26529,-8070
3772,10330,-22395
3773,18513,18556
3774,-18342,18547
3775,-10145,-19331
3776,27730,-9086
3777,6223,21624
3778,-25508,-1927
3779,6233,-22396
3780,19536,12414
3781,-14249,23667
3782,18510,-15237
3783,12360,21617
3784,-20398,6254
3785,-8106,-24454
3786,21580,1145
3787,-7088,24685
3788,-20390,-6032
3789,15443,-19334
3790,20553,17522
3791,-19373,15467
3792,-11175,-23433
3793,2136,25707
3794,-21405,-916
3795,7264,-20362
3796,22613,11377
3797,-10150,16489
3798,-18333,-13200
3799,16475,-16264
3800,7256,20590
3801,-23452,4204
3802,-8088,-25479
3803,25692,4215
3804,-8096,24683
3805,13402,-22410
3806,15443,14447
3807,-18340,15464
3808,-9119,-21389
3809,22614,-6026
3810,2133,24682
3811,-21408,1129
3812,9308,-23435
3813,20562,9329
3814,-15270,17513
3815,-14239,-15247
3816,9309,20583
3817,-20377,7268
3818,1126,-19346
3819,23643,109
3820,-7073,16485
3821,-22422,-10134
3822,13412,-20364
3823,14429,22633
3824,-15259,15458
3825,-1946,-19348
3826,22619,-1939
3827,1114,16485
3828,4184,-21392
3829,17488,10347
3830,-13225,18530
3831,-15265,-14231
3832,20565,-11153
3833,6226,22628
3834,-21411,99
3835,-930,-23441
3836,18517,5229
3837,-9126,19556
3838,-22427,-6041
3839,18524,15456
3840,-13213,12378
3841,-8089,-22427
3842,21597,-1946
3843,3164,22619
3844,-21401,-2979
3845,7268,-16283
3846,20570,14430
3847,-14239,14423
3848,-13208,-17312
3849,20574,-13209
3850,1117,18526
3851,-930,-22423
3852,24658,7270
3853,-2988,17502
3854,-14245,-14235
3855,16467,-14228
3856,12365,17508
3857,-17322,8288
3858,-5031,-23444
3859,20559,4202
3860,-944,23647
3861,-20390,-1952
3862,16466,8284
3863,-16294,14421
3864,-18333,-15267
3865,21593,-7071
3866,3160,19544
3867,-21405,87
3868,6240,-19359
3869,23637,3168
3870,-9126,19543
3871,-19356,-16289
3872,16476,-12187
3873,11351,22618
3874,86,-19356
3875,21580,-923
3876,-1971,20571
3877,-21416,-6050
3878,9300,-19352
3879,17484,13410
3880,-16300,18521
3881,-11174,-17310
3882,25678,-6043
3883,2125,9313
3884,-22440,-2973
3885,18511,6240
3886,-7085,17496
3887,-20387,-13217
3888,17493,-9116
3889,13391,18523
3890,-17320,7256
3891,-5029,-24476
3892,18514,4194
3893,-11176,26709
3894,-17311,-8103
3895,11356,-16287
3896,13398,16473
3897,-10149,-17310
3898,21585,-7066
3899,3152,19549
3900,-27554,4187
3901,6235,-22426
3902,21585,11361
3903,-2989,15450
3904,-12199,-18333
3905,20559,-11159
3906,7244,22622
3907,-22441,6235
3908,21581,3162
3909,76,24654
3910,-21417,-4016
3911,16463,-26531
3912,13385,5211
3913,-22444,11350
3914,-8104,-18337
3915,23629,94
3916,76,23635
3917,-22441,-4011
3918,14416,-24479
3919,22597,5215
3920,-19377,-15257
3921,13385,-10132
3922,7238,27743
3923,-21423,4189
3924,1104,-22424
3925,20550,4198
3926,-5047,21596
3927,-20397,-12190
3928,16459,-20372
3929,18498,19555
3930,-17333,21593
3931,25663,-8099
3932,9275,14422
3933,-23481,-8102
3934,10306,-18333
3935,24630,10334
3936,-11204,20564
3937,-16316,-14245
3938,22585,-7073
3939,17457,20565
3940,-27585,7250
3941,-5054,-28576
3942,12348,3167
3943,-20410,-9116
3944,19517,-16276
3945,15414,16484
3946,-18369,12382
3947,-6078,-22423
3948,20536,-11153
3949,1079,23652
3950,-27579,-2970
3951,12351,-16274
3952,28721,17510
3953,-13256,15455
3954,18479,-8093
3955,9259,28757
3956,-21450,4179
3957,-4040,-23457
3958,24620,6236
3959,-979,28750
3960,-21448,-18345
3961,21550,-25500
3962,14375,19547
3963,-27595,8279
3964,-1994,-25500
3965,26665,-3994
3966,-25546,101
3967,11313,-20369
3968,23590,6252
3969,-12244,14437
3970,-23496,-19345
3971,11315,-6030
3972,4145,29796
3973,-22468,3171
3974,9272,-24465
3975,23597,8299
3976,-8143,20577
3977,15402,-23443
3978,14371,24673
3979,-19411,23638
3980,-5072,-17313
3981,30753,-3999
3982,-4061,23638
3983,-28623,-9125
3984,4143,-22426
3985,25635,17502
3986,-17364,16470
3987,-19402,-21407
3988,18477,-9114
3989,-17354,5220
3990,-5063,-27534
3991,15410,-5003
3992,-11208,26728
3993,-21437,-19342
3994,9279,-16262
3995,23604,23663
3996,-21441,11370
3997,-6078,-27528
3998,24630,-11138
3999,-5063,33902
4000,8245,-12172
4001,28711,14445
4002,-21454,21603
4003,-13255,-26512
4004,25645,-14217
4005,8233,23660
4006,-35781,-1939
4007,-4035,-27525
4008,29743,5241
4009,-6094,29803
4010,-15302,-22410
4011,24622,-24446
4012,-27588,8318
4013,-5057,-23414
4014,27698,-10097
4015,-6091,33919
4016,-33722,-896
4017,10305,-27506
4018,29747,6283
4019,-16325,11398
4020,-24505,-24430
4021,27706,-9065
4022,5176,33927
4023,-5061,-22382
4024,26670,6287
4025,-6095,26754
4026,-27585,-12152
4027,18486,-24428
4028,20524,25736
4029,-25543,23677
4030,-966,-22392
4031,38951,-2934
4032,-4055,30843
4033,-22476,-20347
4034,8240,-26478
4035,-19398,30851
4036,-17341,-14198
4037,28725,-13167
4038,18476,28803
4039,-14285,-16245
4040,-3019,-37730
4041,27688,6299
4042,-14289,29837
4043,-19399,-20329
4044,23598,-20319
4045,21540,20631
4046,-21457,-25436
4047,24611,-17235
4048,-10200,39066
4049,-35782,153
4050,6199,-23387
4051,25643,19612
4052,-28615,23697
4053,-23483,-21348
4054,23610,-15196
4055,11317,31893
4056,-28605,4243
4057,-3003,-26464
4058,-11189,35983
4059,7240,-7021
4060,22589,-24417
4061,18484,25747
4062,-31676,15500
4063,-1979,-27494
4064,28727,-7010
4065,-5062,32910
4066,-30647,141
4067,13379,-27493
4068,34866,10390
4069,-30655,-26461
4070,23606,1186
4071,10289,37008
4072,-25538,143
4073,6203,-34656
4074,44070,6301
4075,-5079,28815
4076,-31687,-7021
4077,7222,-30558
4078,22571,29844
4079,-29638,16524
4080,-5059,-22377
4081,9273,25739
4082,-23483,1162
4083,9281,-33637
4084,34864,17555
4085,-21445,28805
4086,-23481,-16243
4087,30776,-13164
4088,22573,30853
4089,-22472,-6008
4090,-6085,-38757
4091,27694,5273
4092,-24518,2200
4093,21552,-20318
4094,24612,21656
4095,-14293,15505
4096,-22474,-26466
4097,28712,-20312
4098,-8148,33944
4099,-32708,-871
4100,16436,-29528
4101,27687,28826
4102,-22478,20624
4103,-22467,-25443
4104,15414,38027
4105,-31674,10374
4106,-11188,-34665
4107,38969,7316
4108,3128,31877
4109,-18367,-12149
4110,21559,-34660
4111,19502,26767
4112,-21447,20613
4113,-18366,-31595
4114,36912,-4968
4115,-19398,8340
4116,16434,-35674
4117,36896,5284
4118,-18391,12446
4119,-26570,-28500
4120,14383,-9039
4121,15400,33953
4122,-28618,5279
4123,-3016,-32593
4124,38949,12457
4125,-986,27804
4126,-29643,-19290
4127,-4041,32918
4128,-33720,24714
4129,-13233,-28520
4130,42043,-15200
4131,-5058,28818
4132,-34737,-9065
4133,5197,-31577
4134,28735,19614
4135,-8125,28816
4136,-26544,-17255
4137,32832,152
4138,-33711,1175
4139,-1966,-35671
4140,29764,-854
4141,-10167,41110
4142,-37796,-3944
4143,14421,-25435
4144,31814,12447
4145,-9141,25747
4146,-14254,-35675
4147,33858,-10070
4148,-5051,17570
4149,-35753,-4955
4150,35910,17565
4151,1093,26768
4152,-25518,-24420
4153,23623,-24408
4154,16447,22685
4155,-34736,9369
4156,-19366,-30552
4157,33866,4262
4158,-949,35989
4159,-32677,-17250
4160,28749,-29523
4161,-25510,19620
4162,-15262,-23376
4163,41038,-24388
4164,11337,38058
4165,-29608,15523
4166,5206,-36683
4167,45120,6322
4168,-16312,19625
4169,-30633,-22348
4170,26698,-16196
4171,20544,31917
4172,-28594,12455
4173,38971,4261
4174,12341,16541
4175,-38840,-18266
4176,7237,-27468
4177,-3001,15533
4178,-31657,18596
4179,-8101,-33611
4180,37961,-6983
4181,9285,30890
4182,-35753,-11088
4183,9299,-30529
4184,-22434,27826
4185,-31634,-10057
4186,30815,-840
4187,34894,28842
4188,-20392,9382
4189,6229,-39750
4190,37955,7351
4191,-17332,27818
4192,-29605,-3924
4193,20561,-28486
4194,28739,16562
4195,-9144,22695
4196,30777,-10068
4197,1080,25760
4198,-34743,-3934
4199,18496,-40778
4200,38957,8370
4201,-16331,30883
4202,-27581,-16213
4203,25655,-20299
4204,15408,18604
4205,-40892,10407
4206,-9143,-29514
4207,4167,32934
4208,-19375,-8022
4209,18504,-32582
4210,22589,16562
4211,-23479,22695
4212,-17326,-32585
4213,24646,-12099
4214,13376,30894
4215,-27570,9386
4216,13384,-20300
4217,38965,13486
4218,-16323,18597
4219,26672,-15187
4220,16424,26784
4221,-38853,5278
4222,-6082,-31570
4223,30767,-4943
4224,1070,32929
4225,-32706,-25426
4226,10297,-36672
4227,3128,11451
4228,-33719,26798
4229,-11185,-38719
4230,11338,38063
4231,-39842,174
4232,-2976,-31554
4233,30801,6331
4234,-11177,29869
4235,-33688,-11085
4236,22621,-2891
4237,17493,38051
4238,-39831,7328
4239,-3989,-42827
4240,28765,3252
4241,-7071,36003
4242,4191,-17236
4243,29777,23713
4244,-17318,26772
4245,18513,-33627
4246,34880,-23375
4247,-9147,24741
4248,-36777,-2905
4249,14416,-22350
4250,26691,19625
4251,-24497,23710
4252,-8109,-21335
4253,22600,6310
4254,-31656,1189
4255,-19358,-31563
4256,34897,-6983
4257,-4013,34984
4258,-23457,-6996
4259,19542,-30533
4260,22603,15540
4261,-21418,19627
4262,-20384,-14158
4263,19543,-9033
4264,8275,32935
4265,16459,-25420
4266,29757,1203
4267,-15291,34978
4268,-29612,-24402
4269,18507,-17225
4270,16451,30888
4271,-22450,19615
4272,10313,-5982
4273,32825,-2908
4274,3128,25752
4275,-19390,-16224
4276,21560,15513
4277,-25531,22670
4278,-16307,-23398
4279,39994,-11104
4280,6199,33936
4281,-29626,5262
4282,4164,-32610
4283,31797,157
4284,-32699,19604
4285,-32683,-13157
4286,25673,-15197
4287,11332,30868
4288,-10167,-29533
4289,38966,6304
4290,-969,24724
4291,-23485,-875
4292,12349,-28509
4293,25649,27798
4294,-14280,20620
4295,-1991,-21353
4296,31786,-11107
4297,-2005,17557
4298,-28615,2196
4299,32809,7313
4300,-9170,29827
4301,-20424,-10104
4302,29738,-18287
4303,15395,17545
4304,-25552,-14192
4305,-9163,-29537
4306,22570,3230
4307,-5075,34957
4308,-9166,-14188
4309,18473,-29533
4310,19488,14492
4311,-19414,-14173
4312,9254,-13142
4313,-6103,41110
4314,-23499,13456
4315,2100,-30561
4316,32804,7324
4317,-9175,15509
4318,-24523,-20321
4319,16429,-24405
4320,20515,24735
4321,-17364,13465
4322,28702,-3941
4323,7195,27790
4324,-9184,-18281
4325,13338,-29530
4326,26637,22683
4327,-27621,19602
4328,-19419,-19300
4329,26648,-8032
4330,7189,21654
4331,-19425,-2920
4332,8219,-30553
4333,21521,-856
4334,-27617,-17231
4335,21525,1200
4336,11280,32928
4337,-21477,8348
4338,26,-30549
4339,24590,-3923
4340,1037,29855
4341,-24551,-5982
4342,6166,-15190
4343,18445,22687
4344,-30692,22676
4345,28686,-14181
4346,3085,15508
4347,-27621,9360
4348,2074,-24420
4349,29708,8344
4350,-9199,25740
4351,-17382,-12142
4352,26637,-13159
4353,15366,17553
4354,-23534,1168
4355,-7146,-24420
4356,22539,4250
4357,-19435,-5987
4358,11280,-21336
4359,20486,9380
4360,-14323,14493
4361,-10222,-22360
4362,22535,-9043
4363,4101,30878
4364,-29676,5276
4365,8208,-18267
4366,31745,20635
4367,-10234,18578
4368,20476,-18277
4369,3067,21649
4370,-15357,15498
4371,-14326,1161
4372,-5107,-25450
4373,-1010,-23390
4374,31743,3233
4375,30705,12443
4376,10221,32907
4377,-15371,24703
4378,-21504,12409
4379,-18423,-18302
4380,18432,-2940
4381,22517,9344
4382,12272,19575
4383,-17415,11378
4384,-27641,8302
4385,-19439,-13195
4386,-3053,-21376
4387,14348,-17271
4388,23553,-7027
4389,24565,14470
4390,-1034,24698
4391,-3080,-6019
4392,1015,8313
4393,9203,7286
4394,-3083,-12164
4395,-9222,16500
4396,12277,-3978
4397,-4104,-4999
4398,-7172,12403
4399,11255,2162
4400,-3079,-2956
4401,-10241,15469
4402,15352,-5008
4403,-9219,8300
4404,15350,4202
4405,-4103,-8082
4406,-11265,15463
4407,10235,-920
4408,-7169,-8084
4409,2046,1131
4410,4093,-8081
4411,-15355,-2959
4412,5123,8301
4413,-6138,-3985
4414,1029,8299
4415,15358,-1940
4416,-10236,-3986
4417,-1019,12392
4418,8193,-1943
4419,-13304,1128
4420,1031,6245
4421,7172,-2969
4422,-5113,2150
4423,13313,7267
4424,3072,-9112
4425,-5117,14433
4426,11262,-5020
4427,-10236,-1947
4428,5122,15454
4429,3073,11353
4430,-6140,13395
4431,3,4177
4432,3074,-6060
4433,-6139,8272
4434,11264,4174
4435,-4094,-9133
4436,-8186,5201
4437,-2041,-10154
4438,-3063,6227
4439,14338,1106
4440,1025,-15270
4441,-2046,15443
4442,8190,-7081
4443,-7166,-6054
4444,6143,8278
4445,8188,-7078
4446,-8191,3161
4447,11260,8277
4448,-6144,-7079
4449,10235,7254
4450,2042,-13219
4451,-9217,11352
4452,16376,4182
4453,-10242,-10149
4454,-1025,14420
4455,6141,-5033
4456,-11261,4181
4457,5121,3156
4458,-1022,-4010
4459,-8186,10321
4460,8194,-942
4461,2049,3153
4462,12283,5199
4463,-2051,-18344
4464,-1026,10323
4465,8187,7248
4466,-7169,-1967
4467,-2047,9293
4468,10236,-5040
4469,-7168,2127
4470,3071,12361
4471,0,-6068
4472,-4094,10311
4473,5120,-5046
4474,-16376,-2996
4475,10243,10311
4476,8191,-12211
4477,-15353,76
4478,17407,1099
4479,-13306,-6066
4480,1029,8266
4481,6146,-10161
4482,-12280,8267
4483,11267,74
4484,-8185,73
4485,11266,8261
4486,1,-9142
4487,-2046,13380
4488,15355,-6073
4489,-8192,-4023
4490,13306,14402
4491,-6146,-15286
4492,-8189,2121
4493,13309,-950
4494,-6143,-6067
4495,13307,15430
4496,-6145,-13235
4497,-10235,10312
4498,15358,71
4499,-3072,-9140
4500,-6141,11335
4501,12285,-952
4502,-4096,-17327
4503,-2047,8269
4504,13307,-7087
4505,-8192,-1966
4506,7165,4176
4507,-8190,-14249
4508,-9209,6228
4509,3078,2131
4510,-1017,7248
4511,6148,4174
4512,6145,-8110
4513,-9210,5200
4514,7171,6221
4515,-1020,-12205
4516,-8184,4177
4517,10243,1104
4518,-10232,1103
4519,7173,8267
4520,4,-7089
4521,-3066,5197
4522,10241,1100
4523,-4093,-6065
4524,-6138,7244
4525,4100,-6065
4526,-4090,-1968
4527,5124,1103
4528,5122,-13226
4529,-6139,12368
4530,1028,-7084
4531,-7160,-7080
4532,-3062,17488
4533,12292,-15272
4534,-5113,8276
4535,5125,11343
4536,2052,-5038
4537,-11254,4176
4538,8198,7245
4539,2053,-9134
4540,-8183,5200
4541,4103,-6061
4542,-9204,3154
4543,9224,3153
4544,-5109,-9130
4545,10,18509
4546,8198,-6064
4547,-7158,-5037
4548,1033,7248
4549,2056,6221
4550,-7156,-5040
4551,7177,-4014
4552,-5108,5200
4553,16388,-1967
4554,-6137,-7083
4555,-2040,10320
4556,8196,-5037
4557,-13301,-6058
4558,4105,6227
4559,3080,-9128
4560,-3062,9300
4561,9222,1107
4562,-10229,-2987
4563,10,12367
4564,-6131,-4015
4565,3084,6222
4566,5130,-6063
4567,9,-6060
4568,7174,-2986
4569,-3064,-9125
4570,3079,3162
4571,3078,-6051
4572,-14323,3164
4573,-2034,2139
4574,7179,-11167
4575,1034,4191
4576,8198,-928
4577,-1017,4190
4578,8195,3165
4579,-2044,-9118
4580,-4090,8286
4581,10241,-4000
4582,-9210,-3998
4583,11265,14427
4584,-2046,-10144
4585,-6139,7261
4586,1028,-5024
4587,-5113,-6045
4588,6148,4193
4589,3075,-7067
4590,-5114,5219
4591,7171,1122
4592,-10232,97
4593,5126,6238
4594,4100,-9117
4595,-5113,6240
4596,9219,6237
4597,-5114,-9118
4598,8194,9310
4599,-1021,-7070
4600,2,8286
4601,12284,-1953
4602,-5121,-6046
4603,-3071,11357
4604,12283,-8095
4605,-10239,-5020
4606,4095,11359
4607,6141,-2975
4608,-6143,-5020
4609,1024,11359
4610,1023,-5022
4611,-6141,2145
4612,9215,-5020
4613,-2047,-3994
4614,-2046,3173
4615,6143,-7063
4616,1022,-2965
4617,5116,16483
4618,11255,4193
4619,-2055,-3997
4620,7158,-924
4621,-1033,-6041
4622,-2055,16479
4623,9205,-5022
4624,-5128,3169
4625,5110,2144
4626,1013,-5021
4627,-6151,12381
4628,15346,-9118
4629,-2060,14427
4630,12271,-4003
4631,-5134,-2977
4632,-4107,2142
4633,8178,-4000
4634,-7178,2143
4635,3061,6236
4636,-10,-4002
4637,4085,-1953
4638,3060,-6046
4639,1011,-8090
4640,-8200,6243
4641,9204,98
4642,-3082,-5019
4643,-2056,12383
4644,4087,-6046
4645,-4102,-3996
4646,2041,17500
4647,4088,-2978
4648,-2054,7259
4649,9206,-1956
4650,-9221,-7072
4651,1018,6237
4652,15347,-4001
4653,-3083,-8093
4654,-4104,10334
4655,8181,5212
4656,-10245,2139
4657,5113,10326
4658,-2053,-1961
4659,-13310,86
4660,6143,7251
4661,1022,-5034
4662,3069,3157
4663,11256,8273
4664,2039,-8107
4665,-8196,3156
4666,8185,1107
4667,-11265,-4011
4668,1022,11344
4669,5116,-7084
4670,-8191,-6057
4671,1024,9299
4672,6141,-2987
4673,-5120,1108
4674,4094,5202
4675,3069,-6059
4676,-7167,1108
4677,8189,6225
4678,-1026,-11177
4679,-4095,7252
4680,10236,1107
4681,1019,-2987
4682,-5122,8273
4683,5116,-6060
4684,-7168,-7080
4685,-6141,7253
4686,11262,84
4687,-2048,-4010
4688,-5117,9298
4689,9215,81
4690,-9212,-2989
4691,-1019,5201
4692,15358,2128
4693,2045,-8108
4694,-2,14413
4695,-1,-4017
4696,4094,-944
4697,-2048,5198
4698,3071,6219
4699,3070,-8113
4700,-9213,-4015
4701,2050,8269
4702,-3068,-10158
4703,-7160,-941
4704,11267,4177
4705,15356,-6060
4706,-2050,-8104
4707,-2048,10323
4708,11259,-940
4709,-1028,-10151
4710,-4097,3160
4711,8188,2135
4712,-7168,-4007
4713,5118,6230
4714,1021,-9125
4715,-8190,5209
4716,8190,6230
4717,-5119,-11172
4718,-5116,7257
4719,12286,4183
4720,-4095,-10148
4721,-1022,7257
4722,8190,-934
4723,-9213,-9121
4724,-1020,10330
4725,6145,-5027
4726,-5116,92
4727,-1019,11351
4728,7170,-936
4729,-1021,-9123
4730,-6138,6234
4731,10241,9302
4732,5119,-6055
4733,-9212,88
4734,-1019,5206
4735,9217,-1961
4736,-7163,86
4737,3076,3157
4738,4098,-8103
4739,-9209,-934
4740,1030,13396
4741,8194,-2986
4742,-5115,-5031
4743,-10230,9301
4744,9222,3156
4745,-3064,-12198
4746,-7156,5208
4747,6153,2135
4748,1032,5205
4749,5126,8273
4750,-2041,-11177
4751,-7157,-9124
4752,10,7257
4753,8198,2136
4754,-4088,-14241
4755,-8180,94
4756,6153,9306
4757,7174,-2980
4758,-3064,-2978
4759,11267,1117
4760,4097,-11165
4761,-11257,6240
4762,3078,8284
4763,5124,-4002
4764,-5113,-7070
4765,-2040,15451
4766,8196,3162
4767,4098,-6051
4768,-7162,-2977
4769,-4088,9307
4770,9220,1114
4771,-4090,-933
4772,-4088,1114
4773,8196,-5027
4774,-5113,-1954
4775,-1016,93
4776,9220,-930
4777,-7160,-929
4778,-6133,5213
4779,4105,6234
4780,4103,-6051
4781,-8181,-930
4782,7176,4188
4783,-6133,91
4784,-4083,11350
4785,-2034,-5031
4786,-5103,-8099
4787,-9194,2140
4788,6163,12374
4789,18,-9125
4790,-6123,-6050
4791,3092,5212
4792,7185,-2978
4793,-11241,1117
4794,4117,1116
4795,3092,-7072
4796,-3050,3167
4797,12304,2142
4798,1039,-13211
4799,-6126,-922
4800,-3052,7267
4801,6161,-3995
4802,-8171,1124
4803,3092,8288
4804,7185,-1951
4805,-8171,-926
4806,1044,7263
4807,2067,-6046
4808,-9192,-3996
4809,3095,6241
4810,7188,-5020
4811,-5097,-923
4812,2070,9313
4813,7187,2144
4814,3090,-5021
4815,9230,-3995
4816,4108,-1946
4817,-13293,101
4818,1042,5219
4819,1041,-1948
4820,-3053,-923
4821,-4075,4195
4822,8209,6240
4823,4111,-6045
4824,-3055,-5018
4825,2064,5220
4826,2063,-8088
4827,-3055,-7060
4828,1040,6249
4829,7181,3176
4830,12,-7060
4831,-6129,5226
4832,3086,5224
4833,-1009,-6037
4834,-6126,-2963
4835,-5099,10344
4836,10256,7269
4837,4110,-6040
4838,-6127,3175
4839,1040,8291
4840,2063,-8089
4841,-8173,102
4842,1042,10337
4843,10253,-926
4844,-3057,-9113
4845,-11243,4197
4846,11280,9313
4847,4110,-8091
4848,-6127,-1946
4849,3088,5220
4850,7181,3171
4851,-3057,2146
4852,-2032,6239
4853,3087,-1952
4854,-4079,95
4855,-3053,1118
4856,18,10329
4857,8206,-5028
4858,-4080,-4002
4859,-4078,6235
4860,6159,7256
4861,5133,-5029
4862,-7151,-4003
4863,4111,6234
4864,6156,-2980
4865,-5105,-4002
4866,-5102,4188
4867,11277,2139
4868,1036,-6050
4869,-4082,2141
4870,13,7258
4871,4107,-2980
4872,-6130,-2978
4873,4108,9306
4874,-7152,-5027
4875,-9195,6234
4876,3092,9302
4877,6161,-937
4878,-3053,-5030
4879,-2028,6231
4880,7185,86
4881,7182,-6055
4882,-10221,-5028
4883,2066,10327
4884,6159,1110
4885,1038,-5031
4886,3085,2136
4887,6154,-935
4888,9,-6052
4889,-3061,4186
4890,5129,7255
4891,3080,-1960
4892,-2039,-4006
4893,-4085,-933
4894,-5106,8279
4895,6155,3158
4896,10,-2984
4897,-6131,3159
4898,4107,6228
4899,11270,-4010
4900,2053,-6055
4901,-5112,88
4902,6149,8276
4903,7170,-4010
4904,-3068,-6055
4905,-8184,-2981
4906,-1015,7256
4907,7174,5206
4908,3077,-6055
4909,-8183,3160
4910,3080,5206
4911,-1015,5204
4912,2056,83
4913,-6133,-1964
4914,6152,8272
4915,7173,1103
4916,4099,-2991
4917,-1020,-4013
4918,-3066,5201
4919,3077,5199
4920,1028,-7085
4921,-8184,-1964
4922,7173,5202
4923,10240,-7082
4924,-3070,-1961
4925,-3068,-2983
4926,-4090,6230
4927,5124,85
4928,-1019,-6056
4929,-5112,87
4930,-5109,5205
4931,3082,2132
4932,2057,-4010
4933,2056,-2984
4934,-5109,-935
4935,10,6230
4936,7175,8274
4937,8195,-2988
4938,1026,-4010
4939,-5115,-12196
4940,-7159,2139
4941,-3061,10326
4942,5129,7251
4943,2056,-4011
4944,-7156,-1962
4945,-4082,85
4946,-2033,7250
4947,7180,5200
4948,8200,-1967
4949,5126,-2989
4950,3077,-5034
4951,-5112,-937
4952,6149,9299
4953,5123,10318
4954,1026,-10157
4955,-2045,-4011
4956,-12279,-9126
4957,-11249,2137
4958,14,7254
4959,10249,6227
4960,3080,-5034
4961,1031,-1961
4962,-11251,-936
4963,1036,-2982
4964,-4082,10325
4965,3085,15438
4966,5131,1101
4967,5129,-6064
4968,8,-8108
4969,1031,-9127
4970,-3063,-6052
4971,-3061,-6049
4972,-6130,-3999
4973,-5103,96
4974,-4077,95
4975,-4075,94
4976,-4073,4188
4977,-7141,3163
4978,1050,7256
4979,2073,7253
4980,3096,9297
4981,5142,8269
4982,3093,8265
4983,5139,1096
4984,10254,7237
4985,7179,4163
4986,6152,6208
4987,8196,63
4988,5122,-960
4989,-5115,-5053
4990,-10230,-956
4991,-2037,-3002
4992,-3059,1093
4993,-6128,-4025
4994,-6125,1094
4995,-6122,2117
4996,-6119,3140
4997,-5092,9280
4998,1051,7229
4999,-996,2108
5000,6169,2107
5001,3096,-6082
5002,-999,-8126
5003,-3045,-957
5004,-6114,2114
5005,-5087,1089
5006,-6108,3136
5007,-5081,3135
5008,-6102,3134
5009,41,7227
5010,-2006,6200
5011,-3028,3127
5012,1067,4149
5013,2090,8241
5014,3113,3120
5015,7206,2095
5016,11297,46
5017,11292,-5071
5018,5146,-4045
5019,6167,-4043
5020,-6118,2100
5021,-6115,-4042
5022,-6112,7219
5023,-4062,-7113
5024,-6107,8243
5025,-5080,3122
5026,2087,10285
5027,2086,4139
5028,-985,6184
5029,4133,2087
5030,6178,1062
5031,9246,2085
5032,7195,36
5033,8215,-3034
5034,2070,-6103
5035,-4072,-4053
5036,-8164,1066
5037,-10207,-2005
5038,-3037,42
5039,-988,7207
5040,-987,6180
5041,5155,1059
5042,4129,4129
5043,4127,7198
5044,6172,2077
5045,4122,2076
5046,6167,27
5047,-2024,-8161
5048,-2023,-5086
5049,-4069,-4060
5050,-4067,-3034
5051,-4065,-985
5052,-5086,1062
5053,-3036,2085
5054,-4058,4131
5055,-2009,6176
5056,1062,5150
5057,1061,8218
5058,10272,25
5059,5150,-998
5060,4124,-4068
5061,3099,-7136
5062,3098,-6109
5063,2073,-6106
5064,-3045,-6103
5065,-996,-3029
5066,-995,-4051
5067,-994,-5072
5068,-3040,-4046
5069,-5085,-3020
5070,-3035,3123
5071,36,6192
5072,-3034,5166
5073,3109,6187
5074,2084,6184
5075,5154,3111
5076,7199,38
5077,3102,-985
5078,7195,-2008
5079,4121,-4054
5080,2072,-6099
5081,-2023,-6096
5082,-2022,-5069
5083,-8162,1074
5084,-2017,2097
5085,-8157,-974
5086,-7129,2097
5087,-6102,3120
5088,-4052,5166
5089,43,6187
5090,2090,9255
5091,-2005,1062
5092,3114,7203
5093,3113,1058
5094,3112,-989
5095,3111,-988
5096,4133,-2011
5097,2084,-7127
5098,-987,-3029
5099,2084,-6098
5100,-3034,-2001
5101,-985,-4047
5102,38,-4045
5103,-4056,2098
5104,39,5168
5105,1062,1071
5106,9250,6188
5107,1057,5162
5108,3104,-4052
5109,6173,-5073
5110,2076,-9164
5111,2075,-4042
5112,-2020,1077
5113,-2019,52
5114,-4065,2099
5115,-3039,4145
5116,2080,8237
5117,2079,3116
5118,5149,1067
5119,5147,-4051
5120,-996,6186
5121,9240,6183
5122,9236,2086
5123,6161,3109
5124,4111,2084
5125,9227,-987
5126,4105,1060
5127,2056,-6105
5128,1031,-4055
5129,2054,-3029
5130,5,-4051
5131,-2042,-2002
5132,-2041,-977
5133,-4087,2094
5134,-4085,4140
5135,3082,9256
5136,2057,4134
5137,1032,8226
5138,2055,7199
5139,4101,-4063
5140,5123,-990
5141,-1020,-8154
5142,-1019,-3032
5143,-2042,-4054
5144,-3064,-2005
5145,-1015,4137
5146,-1014,4135
5147,2057,4133
5148,4103,-986
5149,2054,-2009
5150,8194,-5078
5151,1,-7122
5152,0,-5071
5153,-2047,-3021
5154,-3069,-1996
5155,-2044,-1995
5156,-2043,6194
5157,-7159,-5067
5158,3080,-970
5159,6149,-969
5160,2052,-1992
5161,-2043,-3014
5162,-1018,4152
5163,3077,4150
5164,6146,-5063
5165,2049,-4037
5166,-4093,58
5167,-3067,5176
5168,6146,3127
5169,4096,-7109
5170,3071,-4035
5171,-6141,2108
5172,-4091,10295
5173,7170,-1992
5174,-2045,-5061
5175,-2044,-964
5176,-2043,4154
5177,4099,3129
5178,7168,-4037
5179,-4094,-8129
5180,-7162,1086
5181,5,4156
5182,5123,1083
5183,-1020,-5058
5184,-4090,-4032
5185,-3064,5182
5186,6149,61
5187,2052,-4033
5188,3,-5054
5189,-5114,-1981
5190,5,5185
5191,1028,4159
5192,4098,-4031
5193,1025,-3005
5194,-4093,2114
5195,2050,8254
5196,7167,-3008
5197,-3071,-1983
5198,-4093,2112
5199,2,6205
5200,4096,60
5201,-1023,-4034
5202,-5116,-3008
5203,-3066,3135
5204,1029,7228
5205,4099,-963
5206,2,-3009
5207,-4092,1086
5208,5122,3133
5209,6143,-4033
5210,-1024,-3007
5211,-5117,1088
5212,2,1087
5213,1025,2110
5214,3072,-6079
5215,-7164,-5052
5216,-2043,2115
5217,3076,-1980
5218,-2043,3139
5219,-5112,66
5220,-1015,4160
5221,5127,4158
5222,4101,1085
5223,2052,3132
5224,-4090,3131
5225,-1017,4153
5226,5125,-1990
5227,1028,-5059
5228,-3066,-962
5229,-7158,5180
5230,2057,4154
5231,-4085,-1989
5232,-6130,-3011
5233,-4080,2108
5234,2063,9272
5235,4109,-967
5236,-1010,-4037
5237,-5103,1082
5238,-2030,8246
5239,3089,5172
5240,3088,-1995
5241,-2031,-3017
5242,16,4149
5243,3087,3124
5244,1038,-971
5245,2061,-4041
5246,-5104,-1992
5247,-2031,5174
5248,2064,1077
5249,4110,2100
5250,-1009,-4042
5251,-5102,-3016
5252,-2029,3127
5253,1042,3126
5254,17,-1993
5255,-6124,2102
5256,1043,5172
5257,6160,-1995
5258,-1007,-3017
5259,-7147,5173
5260,3092,6194
5261,3091,49
5262,-1004,-3021
5263,-2027,50
5264,-1002,49
5265,8210,48
5266,1041,-5069
5267,-5100,1074
5268,1043,10285
5269,2066,44
5270,-1005,-7120
5271,-3051,1071
5272,1044,2094
5273,3091,-977
5274,1042,-5070
5275,1041,-973
5276,1040,4145
5277,-2031,-5068
5278,-3053,5170
5279,4113,5168
5280,2064,-3022
5281,-6125,1073
5282,2066,4143
5283,4112,46
5284,-3054,-3024
5285,-2029,3119
5286,3090,2094
5287,-2029,-4048
5288,1042,4142
5289,3089,-2001
5290,-3053,-4047
5291,18,5167
5292,4112,3118
5293,-1007,-3024
5294,-4077,-1999
5295,-1004,6190
5296,4114,45
5297,-2029,-5072
5298,-2028,1071
5299,-1003,4141
5300,2068,-3025
5301,-5097,-3023
5302,-1000,1072
5303,-999,47
5304,5143,-5070
5305,-6118,-1997
5306,25,6192
5307,6166,1071
5308,-3048,-6094
5309,-2023,49
5310,3096,7214
5311,-3046,-4048
5312,-3044,1071
5313,4122,3118
5314,1049,-977
5315,1048,-976
5316,-5093,-3022
5317,2074,3121
5318,4120,-1998
5319,-3046,-1997
5320,5144,4145
5321,2071,4143
5322,2070,-2000
5323,-4072,1071
5324,1047,4141
5325,1046,44
5326,-2025,43
5327,-1000,2090
5328,3095,3113
5329,3094,-4053
5330,-2025,42
5331,2070,3113
5332,3093,-2006
5333,-6120,-981
5334,3095,2090
5335,22,-3028
5336,-3048,4138
5337,5142,3113
5338,1045,-3029
5339,-3049,1066
5340,1046,2089
5341,2069,-4053
5342,-4073,42
5343,4117,5160
5344,3092,-4054
5345,-2027,-2005
5346,3092,1066
5347,1043,1065
5348,-1004,1064
5349,-3050,3111
5350,4116,4133
5351,1043,-3033
5352,-7145,38
5353,-2024,2085
5354,3095,36
5355,3094,-5081
5356,-4072,38
5357,2071,3109
5358,-1000,-4057
5359,-999,-3031
5360,-998,1064
5361,4120,2087
5362,4118,-4055
5363,-3048,-4053
5364,-3046,4137
5365,5144,5159
5366,3095,-2008
5367,-1000,39
5368,-3046,2086
5369,4120,-2009
5370,-2023,-3031
5371,-2022,4135
5372,4120,2086
5373,3095,-2009
5374,-2024,-2008
5375,-999,2087
5376,4119,2086
5377,-2024,-2009
5378,-999,3110
5379,1048,3109
5380,23,-4057
5381,-1000,3110
5382,3095,-985
5383,-4071,-4055
5384,24,5159
5385,3095,-2008
5386,-1000,-983
5387,2071,1064
5388,22,-3030
5389,-8166,5160
5390,3097,3111
5391,-2022,-984
5392,4120,3111
5393,23,-5078
5394,-1000,2089
5395,3095,-2006
5396,1046,-981
5397,-1001,2090
5398,2070,-2005
5399,-2025,1066
5400,3094,1065
5401,-2025,-2006
5402,-2024,41
5403,3095,-4053
5404,-1000,1066
5405,4118,1065
5406,-1001,-3029
5407,3094,2090
5408,1045,-3028
5409,-3049,2091
5410,1046,3114
5411,2069,-2005
5412,-1002,3114
5413,4116,-981
5414,19,-980
5415,2066,2091
5416,-1005,-2004
5417,18,4138
5418,3089,-2005
5419,-3053,42
5420,3090,2089
5421,-1005,-3029
5422,-2028,4137
5423,3091,-982
5424,-4075,41
5425,3092,2088
5426,-3050,2087
5427,5140,38
5428,-3050,-985
5429,2069,4133
5430,20,-2010
5431,1043,4132
5432,1042,-4058
5433,-2029,2085
5434,4113,36
5435,-2030,-2011
5436,3089,36
5437,4111,-987
5438,3086,2084
5439,-2033,-987
5440,2062,3108
5441,1037,-987
5442,12,2084
5443,3083,-987
5444,-2036,2084
5445,2059,-2011
5446,-2036,3108
5447,4106,2083
5448,-3060,1058
5449,2059,-2013
5450,-2036,3106
5451,2059,-3036
5452,-1012,3107
5453,3083,-988
5454,-2036,2083
5455,4106,34
5456,-3060,33
5457,-1011,-990
5458,1036,-2013
5459,11,2082
5460,1034,-2013
5461,9,4129
5462,-1014,-2014
5463,1033,3105
5464,2056,-990
5465,-3062,2081
5466,2057,32
5467,-2038,1055
5468,3081,1054
5469,-2038,-993
5470,2057,2078
5471,8,-2017
5472,1031,2078
5473,-1016,-4064
5474,2055,2079
5475,2054,-2016
5476,-2041,2079
5477,1030,-992
5478,-3064,1055
5479,6149,30
5480,-3065,-993
5481,2054,30
5482,-2041,29
5483,3078,1052
5484,-2041,2075
5485,-2040,-3043
5486,7,2076
5487,1030,-3042
5488,4100,7195
5489,-1019,-2020
5490,4099,1051
5491,-6138,1050
5492,5124,25
5493,-4090,-998
5494,5124,-3044
5495,-1019,2075
5496,1028,-2020
5497,1027,3099
5498,-1020,-2020
5499,-2043,6169
5500,-2042,-998
5501,2053,1049
5502,-3065,24
5503,3078,2071
5504,5,-1000
5505,3076,-999
5506,-3066,24
5507,2053,-999
5508,-1018,3096
5509,1029,-999
5510,-1018,3096
5511,2053,-2023
5512,-2042,1048
5513,3077,-999
5514,-2042,1048
5515,3077,-999
5516,-2042,-998
5517,1029,25
5518,4,2072
5519,2051,-999
5520,-1020,3096
5521,3075,-2023
5522,-1020,2072
5523,2051,23
5524,-1020,2070
5525,2051,-1001
5526,2,1046
5527,4096,-1001
5528,-2047,1046
5529,2048,1045
5530,-1023,3092
5531,2048,-2027
5532,-1023,2068
5533,2048,-1003
5534,-2047,1044
5535,2048,-2027
5536,-2047,1044
5537,3072,-1003
5538,-1023,1044
5539,3072,-1003
5540,-3070,1044
5541,2049,-1003
5542,0,3092
5543,1023,-2027
5544,0,3092
5545,0,-2027
5546,2047,2068
5547,-2047,-2027
5548,2048,3092
5549,-1023,-1003
5550,2048,2068
5551,-2047,-1003
5552,2048,-1002
5553,29682,-11236
5554,1009,29710
5555,-27649,13
5556,7164,-24551
5557,26608,11284
5558,-11274,24584
5559,-13315,-18415
5560,32750,-15335
5561,16359,20495
5562,-25612,6156
5563,1011,-29669
5564,-9224,33803
5565,-20477,-10224
5566,16379,-22501
5567,17395,17427
5568,-19459,14348
5569,-16378,-31716
5570,27641,-6113
5571,-2053,28689
5572,-31733,2064
5573,10246,-29665
5574,24570,13337
5575,-19452,17425
5576,20474,-13288
5577,5112,26635
5578,-21501,9223
5579,-4091,-19439
5580,28663,7182
5581,-7173,26625
5582,-21498,-9210
5583,16382,-26605
5584,20469,20489
5585,-21504,14338
5586,-9211,-24562
5587,5123,18437
5588,-23537,4
5589,4109,-21489
5590,24577,4109
5591,-20469,23554
5592,-24553,-18421
5593,23564,-14318
5594,16388,32770
5595,-27630,9214
5596,-3052,-29683
5597,22537,3084
5598,-7155,24576
5599,14342,-28658
5600,18429,25602
5601,-22519,20472
5602,-11249,-21501
5603,28673,-9208
5604,8189,29690
5605,-23543,-5
5606,8197,-24568
5607,23546,17408
5608,-11264,22517
5609,-13305,-15363
5610,20477,25585
5611,-23543,10221
5612,-3061,-24582
5613,28669,4089
5614,-9214,30699
5615,-23538,-13326
5616,18437,-22530
5617,17405,18422
5618,-13308,16367
5619,-10231,-26627
5620,23550,-9214
5621,-2048,23543
5622,6141,-27643
5623,26609,7170
5624,-17414,25590
5625,-18428,-22526
5626,18427,-12280
5627,12278,18431
5628,-25597,8188
5629,-5114,-28661
5630,27641,8199
5631,-6147,26618
5632,-22519,-12287
5633,19456,18424
5634,-20470,14322
5635,-8178,-22530
5636,23555,-4095
5637,4097,29683
5638,-25586,-2059
5639,6155,-29692
5640,27646,11263
5641,-16377,20470
5642,-3063,-31738
5643,28667,5124
5644,-13310,28662
5645,14331,-21503
5646,21489,23542
5647,-20484,13296
5648,-5121,-28673
5649,23540,-9212
5650,-3082,27639
5651,-34808,-2055
5652,15361,-23547
5653,21495,16381
5654,-18431,23538
5655,-15351,-21507
5656,12291,25585
5657,-27631,4080
5658,-4077,-28673
5659,28677,6141
5660,-7159,29679
5661,-21484,-16392
5662,20490,-20477
5663,20480,22520
5664,-20470,11251
5665,-8178,-24576
5666,22531,0
5667,-6138,30705
5668,11265,-20484
5669,29683,8185
5670,-17412,20464
5671,-17403,-22532
5672,24569,-17403
5673,7158,24569
5674,-28667,8182
5675,2052,-22526
5676,26615,7167
5677,-8196,23540
5678,-17403,-19458
5679,15358,21492
5680,-22518,17388
5681,-10225,-25607
5682,32767,-4100
5683,-1024,27631
5684,-22517,-4110
5685,9223,-25601
5686,23548,12282
5687,-19450,18418
5688,-17393,-19460
5689,22532,-9215
5690,8192,24565
5691,-4094,-31739
5692,26613,5123
5693,-9222,26614
5694,-22522,-11268
5695,16382,-18426
5696,17398,23547
5697,-18432,13301
5698,-6141,-22527
5699,23544,-7163
5700,-7172,25593
5701,-26614,-6147
5702,24574,13303
5703,-13307,25579
5704,-13300,-19467
5705,18435,-11269
5706,6144,21489
5707,-26611,2032
5708,12,-19462
5709,21506,6136
5710,-9209,27627
5711,-18416,-12302
5712,21510,-18436
5713,15359,18420
5714,-8188,-23552
5715,22521,-5117
5716,-6,23544
5717,-21499,-3078
5718,10240,-20475
5719,24564,9217
5720,-17411,19448
5721,-15355,-20477
5722,18428,-13302
5723,6138,24574
5724,-24569,5116
5725,26618,5114
5726,-8193,20465
5727,-21494,-16390
5728,12292,-16381
5729,15357,21497
5730,-21496,10229
5731,-6133,-20480
5732,24575,0
5733,-2047,23541
5734,-22516,-6151
5735,14341,-22523
5736,17405,13311
5737,-14331,-15353
5738,22522,-12275
5739,10230,20483
5740,-22526,1026
5741,2049,-24562
5742,20471,6155
5743,-9220,20481
5744,-20473,-13304
5745,16383,-13297
5746,12282,22532
5747,-15358,9216
5748,24566,-4094
5749,2037,22519
5750,-26621,-4102
5751,9215,-21499
5752,18423,14334
5753,-15361,17398
5754,-8188,-19456
5755,20474,-9211
5756,4089,21499
5757,-24570,-3075
5758,5,-24566
5759,18428,4104
5760,-21497,-10227
5761,17407,-16363
5762,15352,15374
5763,-20477,9226
5764,-5114,-20460
5765,21500,1043
5766,-1027,21513
5767,-19449,-6132
5768,11266,-17387
5769,16378,14350
5770,-14334,11273
5771,16378,-13296
5772,3065,24580
5773,-21500,2051
5774,3075,-19443
5775,20473,3084
5776,-9218,18435
5777,-14330,-13302
5778,11265,-13295
5779,8189,19464
5780,-24566,11267
5781,-6131,-22514
5782,23554,4108
5783,-20468,-8176
5784,10247,-18407
5785,12289,14354
5786,-16375,17418
5787,-13296,-16366
5788,22533,-6123
5789,1028,21515
5790,-21489,-1012
5791,6156,-20458
5792,18435,4116
5793,-14326,21514
5794,19457,-13295
5795,14330,19464
5796,-15358,3079
5797,1025,-18416
5798,21495,15
5799,-2055,19462
5800,-20476,-8182
5801,6145,-14319
5802,16377,16393
5803,-16382,11268
5804,-5115,-21489
5805,18428,-6126
5806,-20473,-2029
5807,5125,-21474
5808,19452,7195
5809,-13309,17427
5810,-16373,-13286
5811,19458,-13279
5812,9214,17433
5813,-21495,4119
5814,3080,-15329
5815,19455,9243
5816,-4094,26638
5817,8190,-16362
5818,14328,18445
5819,-18430,7178
5820,-6139,-19436
5821,16381,-7144
5822,2044,25612
5823,-21497,-5105
5824,10242,-18408
5825,20472,7189
5826,-11266,11280
5827,-12283,-18407
5828,19452,-11233
5829,-20473,7196
5830,-6134,-22489
5831,21504,2086
5832,-6141,19485
5833,-19443,-12253
5834,14342,-15317
5835,8194,16419
5836,-18421,10270
5837,-2036,-18393
5838,18435,38
5839,-5114,20508
5840,8194,-21465
5841,17402,7204
5842,-16381,20506
5843,-8185,-15326
5844,19454,-5083
5845,11257,20507
5846,-17406,2074
5847,1,-16350
5848,21495,7199
5849,-10243,19478
5850,-17402,-15330
5851,9218,-13275
5852,-20468,11296
5853,-3058,-22485
5854,19461,-9168
5855,-2042,23589
5856,-18417,-6104
5857,9227,-21453
5858,18434,13357
5859,-15350,16421
5860,-7154,-15315
5861,21508,-11213
5862,4098,21545
5863,-2045,-15311
5864,16379,10284
5865,-11263,18467
5866,-15351,-11223
5867,13315,-15311
5868,9215,18472
5869,-20470,39
5870,-5107,-21454
5871,19460,1073
5872,-3066,26660
5873,-16370,-9175
5874,18437,-14288
5875,-12277,20518
5876,-12271,-17361
5877,19464,-16329
5878,3079,22572
5879,-22510,43
5880,-3052,-17356
5881,26631,6193
5882,-3063,19496
5883,-18414,-15312
5884,11277,-16328
5885,6154,17456
5886,-8178,-18375
5887,19461,-4037
5888,1028,25647
5889,-13301,-7117
5890,7176,-26560
5891,21502,18487
5892,-21495,19502
5893,-9202,-2001
5894,23555,-976
5895,5121,22565
5896,-15351,-3033
5897,7174,-17360
5898,-10229,21542
5899,-16365,-14291
5900,16395,-16331
5901,13317,20523
5902,-22512,7208
5903,3087,-27594
5904,25603,-6087
5905,-11255,22574
5906,-17390,-9165
5907,22535,-20419
5908,19454,16437
5909,-12283,-13252
5910,24569,-8128
5911,10229,15417
5912,-26621,-3013
5913,-2044,-18364
5914,12286,14397
5915,-9213,18484
5916,-15349,-17347
5917,20481,-12221
5918,13307,25655
5919,-19451,9267
5920,-9206,-24513
5921,-7154,28721
5922,-8174,4143
5923,21512,-11211
5924,17408,13359
5925,-12282,8235
5926,-8182,-18380
5927,24574,-6089
5928,-1025,23596
5929,-26611,-3026
5930,2060,-23494
5931,28670,8246
5932,-18424,-23486
5933,20478,-15286
5934,5116,22591
5935,-17403,1086
5936,-8183,-23478
5937,23550,1097
5938,-4095,29755
5939,-26610,-5058
5940,13320,-30643
5941,13314,7242
5942,-25585,14403
5943,-15337,-12215
5944,22,23614
5945,-19424,3133
5946,2079,-25526
5947,25619,11333
5948,-10216,20539
5949,-25563,-18364
5950,26648,-15284
5951,14353,27711
5952,1040,6204
5953,15,-31668
5954,26626,2123
5955,-23538,-7089
5956,15367,-22438
5957,14336,19537
5958,-20470,26692
5959,-9201,-22449
5960,29697,-17320
5961,-4093,20558
5962,-28655,-8110
5963,-3053,-26529
5964,24583,14424
5965,-20463,17488
5966,-20453,-26531
5967,22544,26704
5968,-21477,4174
5969,-14302,-31650
5970,25622,8282
5971,-11236,28748
5972,-20442,-6065
5973,14367,-17320
5974,19478,17488
5975,-28636,16456
5976,-10199,-25515
5977,26652,-9126
5978,-27606,11349
5979,5160,-32667
5980,31769,11360
5981,-5092,13402
5982,-13277,-26521
5983,24599,-13202
5984,12305,22627
5985,-20453,4193
5986,6168,-28561
5987,27659,15464
5988,1034,31833
5989,-24554,-7075
5990,21516,8281
5991,-29669,14418
5992,-8161,-22435
5993,27666,-8095
5994,-2029,20567
5995,-24545,4181
5996,10266,-30620
5997,36872,4194
5998,-10227,30803
5999,-29668,-18340
6000,28686,-6049
6001,-28644,8283
6002,-995,-23449
6003,20499,-3991
6004,18,22622
6005,-26593,-13211
6006,17431,-23439
6007,24587,17513
6008,-21482,25693
6009,-14307,-29588
6010,33805,-16268
6011,5131,13422
6012,-29670,-11148
6013,23567,10351
6014,-16361,30816
6015,-19423,-23444
6016,27668,-3986
6017,24584,27745
6018,-23532,12379
6019,-5097,-29590
6020,18446,8294
6021,-12268,40019
6022,-17379,-7081
6023,24593,-21406
6024,-31711,30803
6025,-5084,-28575
6026,37906,-7067
6027,18441,24665
6028,-37860,13395
6029,-5089,-19363
6030,31760,18516
6031,-17383,26695
6032,-12257,-26540
6033,24595,-11174
6034,12301,20560
6035,-33762,8268
6036,22547,75
6037,7184,31804
6038,-15336,-5057
6039,11283,-34736
6040,6160,-5037
6041,-30689,16459
6042,-14298,-27559
6043,34837,-4005
6044,3092,24655
6045,-27614,-7085
6046,-2013,-30622
6047,-16341,30803
6048,-37826,-16293
6049,16438,1114
6050,24618,34889
6051,-18381,22590
6052,7216,-31666
6053,37918,-5039
6054,-9181,37951
6055,-29646,-20407
6056,13356,-34726
6057,16420,24654
6058,-21457,28736
6059,32799,-10171
6060,11290,21563
6061,-27608,-1988
6062,2087,-25527
6063,38932,15426
6064,-12262,24630
6065,-26585,-14275
6066,21533,-23479
6067,31758,17473
6068,-33761,13371
6069,-12251,-36787
6070,36,34876
6071,-28622,-8128
6072,24614,-25523
6073,24602,19524
6074,-23514,22585
6075,-2009,-34742
6076,13345,-14255
6077,14362,32833
6078,-34773,8253
6079,14372,-30644
6080,37906,19523
6081,-14311,23608
6082,16401,-23484
6083,22534,32820
6084,-41957,20522
6085,-18396,-30663
6086,29718,-5060
6087,17422,34859
6088,-9197,-8145
6089,8207,-34752
6090,21509,-8124
6091,-26606,15421
6092,-15334,-21432
6093,17426,32824
6094,-31710,8244
6095,9246,-29629
6096,27665,-8121
6097,-14312,32823
6098,-32728,-22462
6099,24604,-19380
6100,18451,29758
6101,-35803,10297
6102,-4057,-31671
6103,30744,72
6104,-2023,27707
6105,5143,-31669
6106,25611,20545
6107,-10224,36911
6108,6157,-20423
6109,36859,-21436
6110,6137,26679
6111,-34805,-13250
6112,5129,-25525
6113,32761,14404
6114,-12288,37938
6115,-29681,-13255
6116,30720,14386
6117,-32752,14379
6118,-3054,-36803
6119,20488,-5056
6120,-6133,30769
6121,-23529,-13256
6122,4117,-26555
6123,34820,19516
6124,-17395,28718
6125,-15339,-23494
6126,18444,-22459
6127,10247,35892
6128,2054,-33723
6129,33782,20539
6130,-9221,28717
6131,-26615,-23495
6132,17409,-20413
6133,19448,19514
6134,-32759,12340
6135,-16367,-25535
6136,26628,2112
6137,15357,34863
6138,-34801,-10188
6139,25603,12334
6140,-24561,20516
6141,-9196,-26575
6142,31749,-17350
6143,9217,45092
6144,-38892,-2011
6145,-5097,-29644
6146,39940,2099
6147,-18419,12333
6148,-25574,-26566
6149,24590,-19388
6150,9226,32820
6151,-22507,-42935
6152,36867,1096
6153,2,45106
6154,-25585,-6091
6155,6156,-30652
6156,18435,10303
6157,-16373,22580
6158,-7153,-11206
6159,38908,-18365
6160,6138,34866
6161,-20475,-15302
6162,32757,3129
6163,-3081,30762
6164,-20478,-4052
6165,23543,-13261
6166,32744,10286
6167,-34822,19493
6168,2041,-41926
6169,24558,57
6170,-13323,32809
6171,-30715,-18382
6172,6146,-24514
6173,30707,18485
6174,-29694,-14276
6175,21496,-32692
6176,14322,17476
6177,-34812,15421
6178,-5113,-20409
6179,35830,11330
6180,-8197,29748
6181,-37874,-18371
6182,21508,-24503
6183,25592,29755
6184,-26618,21553
6185,24570,-4045
6186,12277,25639
6187,-30715,-7125
6188,19452,-23497
6189,21490,13361
6190,-29695,26660
6191,-18422,-22481
6192,28668,-8141
6193,18420,26662
6194,-16387,15391
6195,-2,-32721
6196,33774,-6094
6197,-28675,-15302
6198,16374,-20412
6199,21484,31797
6200,-30724,12335
6201,-4097,-34752
6202,26611,-13241
6203,-3083,23612
6204,-31739,5178
6205,9217,-28600
6206,30706,16448
6207,-18436,24628
6208,32749,-13253
6209,-3089,39976
6210,-35839,7205
6211,-1022,-32715
6212,25590,4147
6213,-1033,34850
6214,-26619,-5083
6215,24569,-23503
6216,18417,24613
6217,-8202,7202
6218,-3080,-34765
6219,33768,2098
6220,-32775,3121
6221,6135,-26562
6222,23532,16438
6223,-9231,18477
6224,-21508,-20425
6225,16373,-28603
6226,-14339,10304
6227,-30707,4158
6228,2060,-30643
6229,31741,16453
6230,-18425,28727
6231,12289,-26556
6232,22518,26679
6233,-22526,18478
6234,-15350,-20424
6235,28668,19503
6236,2043,32799
6237,-27639,-3039
6238,19456,-22484
6239,27635,18467
6240,-9224,17435
6241,-18430,-20443
6242,36848,-26574
6243,-29697,9262
6244,7164,-13259
6245,25584,9265
6246,-1039,-8139
6247,-17414,-27581
6248,19441,-25520
6249,5103,21574
6250,-25604,16446
6251,-5121,-27572
6252,26611,-8112
6253,9199,15433
6254,-4110,-27561
6255,-5131,18510
6256,-17410,34877
6257,-15354,-16315
6258,28664,-12213
6259,12275,23616
6260,-29694,63
6261,1,-29618
6262,23542,77
6263,-4103,21571
6264,-24570,-4027
6265,32758,-4025
6266,-18432,10306
6267,-4094,-30639
6268,30707,-2989
6269,-1036,36929
6270,-26622,-4029
6271,9214,-33708
6272,25586,6225
6273,6128,19528
6274,-12297,-16304
6275,25579,-22437
6276,-4114,12373
6277,-4111,-21408
6278,32738,-1951
6279,-6170,23638
6280,-22542,-18337
6281,10222,-23445
6282,14312,12389
6283,-22540,22618
6284,-15364,-23450
6285,16373,8290
6286,-11269,33874
6287,-25592,-941
6288,16384,-23457
6289,-12282,14424
6290,-21487,-18335
6291,21511,-13208
6292,9219,26715
6293,-27631,9303
6294,21511,-16289
6295,37877,5213
6296,-2057,9305
6297,-21502,-24475
6298,25590,-23439
6299,7155,19560
6300,-10247,-17295
6301,28652,-7051
6302,5098,28775
6303,-30726,-9108
6304,5112,-32644
6305,19439,14453
6306,-18439,20587
6307,-9218,-16269
6308,31727,-8073
6309,7148,26730
6310,-26630,-5011
6311,-4099,-26502
6312,-11261,27757
6313,-23537,-3985
6314,18438,-20359
6315,21500,16497
6316,-19450,12395
6317,-3064,-32645
6318,19455,-4994
6319,-13306,26737
6320,-21487,-5004
6321,11276,-15236
6322,21506,6265
6323,-10233,-22396
6324,31736,-18291
6325,3063,18564
6326,-30713,-6009
6327,6148,-22382
6328,20474,16522
6329,-5,23679
6330,-24568,-11131
6331,16384,-14196
6332,13306,19587
6333,-24569,7296
6334,-12275,-21365
6335,-5104,28797
6336,-29665,-3969
6337,4125,-25460
6338,24593,11399
6339,-16359,18558
6340,-10210,-18297
6341,8218,6276
6342,10261,21626
6343,-16355,6263
6344,8217,-18304
6345,25613,18551
6346,-20457,-21374
6347,21517,-17269
6348,11272,20609
6349,-24556,9341
6350,-2027,-18298
6351,18444,-7030
6352,6153,11397
6353,-17390,-19313
6354,1041,-27491
6355,10252,15510
6356,-28646,17550
6357,-13279,-29539
6358,9245,20627
6359,-19417,-876
6360,1062,-18275
6361,11297,-3937
6362,-13272,23700
6363,-24524,-11110
6364,17452,-3940
6365,20514,19603
6366,-18389,3218
6367,-980,-26465
6368,14373,-4958
6369,-21456,-1885
6370,9260,-21330
6371,18467,12456
6372,-11223,18591
6373,-2006,-20311
6374,25630,-15183
6375,3101,18600
6376,-23511,2215
6377,6182,-19279
6378,20508,10412
6379,-15324,21666
6380,-10199,-15190
6381,13347,12452
6382,-27599,-2906
6383,-5068,-31562
6384,27687,-3912
6385,-6102,30889
6386,-15310,-4948
6387,17450,-21321
6388,18465,12465
6389,-25554,13483
6390,-10189,-15181
6391,11310,3250
6392,-25541,6319
6393,4153,-17224
6394,26668,21678
6395,-10191,12456
6396,-16327,-16208
6397,16433,-17223
6398,12331,20655
6399,-18380,5293
6400,4146,-11085
6401,21544,1202
6402,-3030,21672
6403,-10193,-23372
6404,20517,12462
6405,-25550,16550
6406,-9161,-21327
6407,24619,-6987
6408,5161,19628
6409,-18382,-3922
6410,2097,-17225
6411,13355,7348
6412,-26568,11439
6413,-22461,-23365
6414,19514,-3907
6415,-21435,5307
6416,-4025,-25400
6417,19518,-823
6418,-6079,20671
6419,-20405,-4926
6420,14404,-19252
6421,13374,23745
6422,-19384,16569
6423,-951,-16191
6424,29755,-3901
6425,4153,23736
6426,-22460,-4933
6427,23609,14516
6428,-6084,15533
6429,-13245,-12109
6430,17467,-14150
6431,11318,17586
6432,-23486,-9033
6433,-6075,-27451
6434,21563,9409
6435,-13246,28851
6436,-21427,-14150
6437,18500,-20284
6438,-26543,2243
6439,-15271,-19251
6440,16465,-3889
6441,-942,21701
6442,-33693,-826
6443,12381,-16178
6444,21587,11465
6445,-18340,19648
6446,-18331,-18231
6447,19548,-5940
6448,6233,29886
6449,-18334,2237
6450,25686,11448
6451,-8102,30889
6452,-14239,-13136
6453,26708,-24388
6454,11343,18611
6455,-19367,14508
6456,-8099,-22345
6457,27728,-5958
6458,79,20656
6459,-25508,-1871
6460,14421,-22340
6461,-14244,15541
6462,-22425,-18242
6463,21597,-10045
6464,5211,31924
6465,-28567,5298
6466,6246,-33597
6467,21596,6336
6468,-7072,23733
6469,-19350,-11077
6470,14435,-15165
6471,12381,17595
6472,-26518,20657
6473,36952,-1870
6474,-4006,23719
6475,-32662,-2903
6476,5224,-21324
6477,22621,12462
6478,-11165,18597
6479,-15253,-19281
6480,18530,-9036
6481,13404,24744
6482,-23448,-5973
6483,2151,-27463
6484,-12179,24749
6485,-21384,-12109
6486,15473,-21314
6487,13419,17590
6488,-25480,12464
6489,-8068,-19270
6490,28782,-4931
6491,-913,25777
6492,-28547,-6987
6493,10360,-20289
6494,25708,19638
6495,-18315,19629
6496,18540,-12109
6497,5226,30884
6498,-20364,6305
6499,4210,-19285
6500,24678,6312
6501,-11156,28826
6502,-22409,-12128
6503,21613,-20310
6504,19556,22687
6505,-29581,15512
6506,-3979,-25435
6507,1140,25753
6508,-29565,-2917
6509,16507,-21338
6510,30828,15519
6511,-19338,19606
6512,-20352,-30555
6513,21622,-11093
6514,10353,26782
6515,-28545,3229
6516,-3967,-25430
6517,24693,7335
6518,-18306,23708
6519,17526,-25431
6520,16494,20639
6521,-27524,18582
6522,-12158,-25437
6523,27765,-4954
6524,116,30871
6525,-28542,-8037
6526,13436,-21338
6527,24688,19613
6528,-18311,18580
6529,-19325,-25439
6530,10366,29843
6531,-27508,3218
6532,1163,-35676
6533,25727,7329
6534,-8061,34960
6535,-21362,-17255
6536,14471,-22364
6537,15488,21658
6538,-26483,11413
6539,-8047,-24415
6540,29827,-7003
6541,-892,25753
6542,9344,-21340
6543,26739,21658
6544,-20355,18577
6545,-19321,-21348
6546,21629,-9055
6547,11384,24725
6548,-27514,-874
6549,133,-29531
6550,24697,9377
6551,-12161,29843
6552,-19319,-20323
6553,22654,22674
6554,-22391,18569
6555,-9074,-23403
6556,31871,-12133
6557,-1920,26766
6558,-26483,-5999
6559,10376,-21348
6560,32888,12438
6561,-20350,20620
6562,-20340,-25447
6563,26751,-14176
6564,3198,34959
6565,-3968,-27491
6566,27763,7322
6567,-8073,28812
6568,-21374,-17259
6569,20600,-22368
6570,15473,23701
6571,-32639,15502
6572,-10106,-23398
6573,30839,-5987
6574,-904,32909
6575,-29561,-2929
6576,27770,18566
6577,-19324,19581
6578,-25455,-21368
6579,22662,-15216
6580,10369,33920
6581,-28529,4222
6582,142,-32626
6583,30847,5260
6584,-12155,30845
6585,-22384,-15227
6586,17544,-25454
6587,20606,25734
6588,-12156,-21359
6589,31861,-7019
6590,-2953,29831
6591,-33656,-4982
6592,12418,-28520
6593,27765,13458
6594,-18306,22663
6595,-21367,-22382
6596,27772,-9065
6597,10359,29833
6598,-26492,-1910
6599,27767,5256
6600,-11139,38006
6601,-21368,-11140
6602,25724,-23416
6603,18547,26747
6604,-27519,17523
6605,-9082,-29566
6606,30839,-9081
6607,-3975,33911
6608,-27513,-904
6609,12417,-30585
6610,28787,19582
6611,-24449,-28532
6612,24691,-19306
6613,16491,29832
6614,-28551,1159
6615,-1926,-27499
6616,22639,5267
6617,-10124,26758
6618,-19330,-11124
6619,14455,-33635
6620,16495,26768
6621,-32641,16520
6622,33903,-10099
6623,3182,33917
6624,-31618,7290
6625,13432,-26489
6626,28778,16511
6627,-18317,21621
6628,-25472,-17282
6629,28786,-17273
6630,10349,36981
6631,-30596,6258
6632,3195,-34685
6633,35946,6272
6634,-29575,-12154
6635,18544,-24430
6636,17512,23687
6637,-25483,21629
6638,-9094,-27509
6639,39015,-11119
6640,-3991,24709
6641,-33670,-2937
6642,7287,-34664
6643,30824,12434
6644,-19342,22663
6645,30819,-15217
6646,17499,28801
6647,-25496,8317
6648,103,-33650
6649,30808,4236
6650,-13217,34939
6651,-26516,-13182
6652,13414,-29551
6653,19549,26756
6654,-25494,19579
6655,-7058,-25464
6656,35933,-7028
6657,-32659,1163
6658,5227,-28519
6659,32859,11412
6660,-17308,24712
6661,-26511,-20334
6662,33889,-17253
6663,19544,27790
6664,-28570,7307
6665,1125,-31589
6666,25689,1178
6667,-8099,30859
6668,20563,-26472
6669,25671,16528
6670,-29610,23685
6671,-14243,-32619
6672,29775,-13156
6673,3150,30861
6674,-30627,4235
6675,12375,-30566
6676,28745,10389
6677,-11185,19596
6678,-21414,-24424
6679,23631,-16224
6680,-33696,13466
6681,-5021,-30551
6682,33875,1192
6683,-2987,34967
6684,-28573,-11107
6685,18522,-30548
6686,17490,22689
6687,-22435,20631
6688,-9118,-27483
6689,36944,-6999
6690,2127,26780
6691,10314,-29525
6692,31803,12453
6693,-14270,25753
6694,-21427,-18270
6695,27712,-13143
6696,17464,25757
6697,-22461,7322
6698,-5050,-35668
6699,34869,3243
6700,-13252,35994
6701,-30645,-15198
6702,17475,-23378
6703,-23473,22691
6704,-11179,-25424
6705,27720,-11082
6706,2119,23723
6707,-32681,-852
6708,10322,-25415
6709,30787,15538
6710,-15285,26789
6711,-20395,-22352
6712,28743,-13129
6713,15424,23724
6714,-10171,-30533
6715,22586,6328
6716,-8130,34983
6717,-28596,-11091
6718,19523,-31555
6719,23608,21683
6720,-27578,19626
6721,-11188,-35652
6722,28734,-8000
6723,5180,25780
6724,-32692,3251
6725,10311,-27455
6726,-13234,23734
6727,-25509,-22335
6728,21585,-14136
6729,16457,31929
6730,-31655,13491
6731,-6052,-31549
6732,26703,194
6733,3150,31923
6734,-22439,-10056
6735,14418,-26427
6736,20552,20667
6737,-13233,-24377
6738,26690,-9012
6739,4160,29886
6740,-26547,3261
6741,9289,-31539
6742,29755,5323
6743,-17340,19650
6744,-27566,-16182
6745,21576,-7986
6746,15425,26817
6747,-25522,11452
6748,-7086,-30517
6749,-5035,29885
6750,-33690,-12093
6751,10337,-24369
6752,22614,23748
6753,-16290,23737
6754,-9117,-22332
6755,28757,-12086
6756,2132,30907
6757,-29597,3258
6758,6240,-23354
6759,33872,9410
6760,-25507,-14135
6761,18516,-16175
6762,16460,25797
6763,-25511,7362
6764,-9122,-30511
6765,23635,-814
6766,-940,31939
6767,-25503,-7993
6768,16473,-26412
6769,23630,19659
6770,-21415,17603
6771,-10146,-28463
6772,3165,25797
6773,-25494,6338
6774,7271,-23346
6775,28761,4300
6776,-13216,22721
6777,-22421,-19253
6778,18530,-14126
6779,11357,26821
6780,-28565,11456
6781,-1940,-23348
6782,27743,-819
6783,-23445,-11053
6784,12389,-27423
6785,20571,16601
6786,-18332,19664
6787,-12182,-22309
6788,28764,-10016
6789,8280,27859
6790,-29593,4305
6791,8291,-26402
6792,26710,5340
6793,-13219,18643
6794,-22424,-14118
6795,17504,24782
6796,-22421,11465
6797,-5010,-26410
6798,27745,-3880
6799,-6044,26827
6800,-23440,-6961
6801,12394,-22310
6802,17506,19665
6803,-17301,19656
6804,-7057,-18223
6805,23652,-7979
6806,-26511,3284
6807,3184,-23328
6808,23653,10459
6809,-14228,23760
6810,-20362,-13097
6811,21612,-16161
6812,19555,20693
6813,-18324,3284
6814,-5009,-20258
6815,19558,2269
6816,-2968,24785
6817,-20366,-7979
6818,23655,16589
6819,-17296,16581
6820,-12170,-23343
6821,22635,-7979
6822,3178,23754
6823,-19340,1225
6824,6257,-21292
6825,27748,9424
6826,-12182,20678
6827,-17293,-18225
6828,19562,-14122
6829,-26505,12496
6830,-6022,-21285
6831,24686,-2851
6832,-913,25809
6833,-21382,-5932
6834,13428,-23328
6835,19563,15577
6836,-18316,18640
6837,-9095,-21285
6838,25709,-4898
6839,4203,28880
6840,-23433,-5933
6841,24683,3282
6842,-11151,18633
6843,-18310,-13104
6844,17522,-11050
6845,17514,27849
6846,-22411,7366
6847,-1930,-23342
6848,27753,-2860
6849,-9106,24776
6850,-22407,-9011
6851,13427,-19241
6852,-16261,16591
6853,-9088,-18216
6854,18551,-10019
6855,5237,20691
6856,-23423,-1836
6857,5247,-22305
6858,20597,9435
6859,-10118,22736
6860,-14207,-13097
6861,19576,-14114
6862,10355,18645
6863,-20355,5331
6864,21619,2258
6865,-7049,23751
6866,-15233,-10036
6867,20597,-18219
6868,18540,12495
6869,-14221,14536
6870,-10120,-22317
6871,18543,-6953
6872,1134,21709
6873,-19336,204
6874,8308,-18219
6875,-11142,18636
6876,-15230,-14125
6877,14459,-14118
6878,11382,18641
6879,-24446,10444
6880,-1917,-19242
6881,19578,3285
6882,-4995,21707
6883,-17274,-13102
6884,14463,-17189
6885,12409,17619
6886,-18302,9423
6887,21624,-2863
6888,6261,25797
6889,-17282,-1850
6890,7291,-21295
6891,14452,10444
6892,-13189,16580
6893,-15229,-10039
6894,17531,-9010
6895,8311,23747
6896,-20351,4289
6897,2176,-20277
6898,-6013,22720
6899,-20339,-12090
6900,13447,-15154
6901,13441,19653
6902,-15223,9409
6903,-6004,-19253
6904,21634,-3891
6905,129,19652
6906,-21364,-7992
6907,7305,-17199
6908,16513,12491
6909,-13176,16579
6910,17536,-7993
6911,6269,15552
6912,-25462,4286
6913,-2932,-14139
6914,18563,3268
6915,-11127,16572
6916,-17262,-9023
6917,14475,-17206
6918,14468,14531
6919,-15220,9407
6920,-2930,-18232
6921,4236,21694
6922,-13165,-2880
6923,8335,-17207
6924,22660,4295
6925,-11126,19646
6926,-10097,-18233
6927,16519,-7989
6928,5253,19650
6929,-22384,3265
6930,5262,-17206
6931,18565,5320
6932,-9078,13506
6933,12420,-14135
6934,13438,13507
6935,-19320,10430
6936,-3958,-18233
6937,21632,3270
6938,2175,25786
6939,-17272,-8002
6940,9348,-14139
6941,13438,12479
6942,-17273,13497
6943,-10100,-19261
6944,1163,20665
6945,-18284,1208
6946,3219,-22333
6947,19594,-828
6948,-10097,19643
6949,-13162,-15165
6950,15503,-9016
6951,9355,19647
6952,-15213,8379
6953,-4970,-15165
6954,21644,2242
6955,-883,19641
6956,6282,-20285
6957,14467,15548
6958,-20339,16564
6959,-9070,-21313
6960,15499,-11067
6961,3210,15550
6962,-26473,-1857
6963,2198,-16185
6964,19597,5317
6965,-12141,16573
6966,-9064,-10046
6967,14481,18617
6968,-23395,6326
6969,2204,-17217
6970,18579,3262
6971,-2923,28848
6972,-18274,-2894
6973,10393,-13127
6974,14482,19632
6975,-14183,11435
6976,-5988,-21322
6977,15509,-6982
6978,1172,25774
6979,6289,-18249
6980,20615,5301
6981,-1912,17581
6982,-11122,-13132
6983,16518,-10055
6984,13440,16561
6985,-21365,6318
6986,-2931,-13131
6987,22658,2228
6988,-3964,20650
6989,-17267,-15182
6990,18564,13484
6991,-18291,13478
6992,-6000,-14163
6993,16520,-8015
6994,3207,21671
6995,-15217,-2903
6996,11402,-22348
6997,28796,7345
6998,-20346,20647
6999,-23406,-13138
7000,18569,-8014
7001,13443,24742
7002,-2939,-21327
7003,31862,-8011
7004,-6023,19628
7005,-20349,-10063
7006,15484,-18246
7007,18547,20656
7008,-19331,9388
7009,-6016,-20298
7010,23669,-11076
7011,1140,14517
7012,-23424,-3913
7013,18551,10418
7014,-16257,24742
7015,-12155,-8022
7016,23674,-14159
7017,14451,22694
7018,-26496,-1881
7019,-16248,-18256
7020,14465,8364
7021,-7035,21666
7022,-17266,-10073
7023,8330,-18256
7024,11397,23717
7025,-4984,-23375
7026,19583,-9034
7027,3198,27817
7028,-13179,-854
7029,6274,-27464
7030,26741,8372
7031,-11141,14509
7032,-14206,-22344
7033,28788,-5957
7034,5234,21681
7035,-27520,4271
7036,31857,3246
7037,-11145,20644
7038,-18304,-14165
7039,8316,-26440
7040,10359,15537
7041,-18304,6318
7042,-4989,-25413
7043,22648,-4930
7044,2167,25778
7045,-26492,-845
7046,8320,-32573
7047,24692,8383
7048,-15236,-7997
7049,18547,194
7050,13421,27829
7051,-19337,1204
7052,118,-23360
7053,31847,-1855
7054,-5014,28851
7055,-25481,-11079
7056,17519,-27449
7057,26722,27834
7058,-21395,5304
7059,26720,-9027
7060,3167,22706
7061,-18328,-1869
7062,2151,-33596
7063,17503,16572
7064,-17304,16564
7065,-18319,-11078
7066,27748,-21307
7067,4194,28855
7068,-27536,2230
7069,-12170,-25405
7070,16494,9407
7071,-27524,-4926
7072,15477,-17205
7073,25705,22720
7074,-19341,17592
7075,-11143,-27450
7076,29803,-6966
7077,4201,36025
7078,-26506,-9026
7079,15471,-26421
7080,23652,15556
7081,-20370,17596
7082,24674,-14141
7083,3169,23736
7084,-29584,8372
7085,-6029,-25407
7086,34914,8381
7087,-10137,19636
7088,-18320,-21313
7089,15465,-31537
7090,10340,17607
7091,-16276,11458
7092,-23432,-22323
7093,31849,-9006
7094,-18318,3281
7095,10349,-36637
7096,24673,-6937
7097,-23443,16607
7098,-31619,-3871
7099,29807,-15127
7100,1134,19680
7101,-33665,-799
7102,3198,-26386
7103,27761,5356
7104,-12169,15589
7105,16495,-21264
7106,17511,28898
7107,-26508,21720
7108,4210,-20254
7109,27749,-797
7110,-5016,23768
7111,-19342,1239
7112,11373,-22302
7113,14438,18649
7114,-16274,31946
7115,-23430,-18221
7116,33898,-15141
7117,-27528,-804
7118,-14209,-30485
7119,20597,5353
7120,-8071,23774
7121,-33654,1245
7122,21632,-18202
7123,17528,28888
7124,-28538,15569
7125,-19312,-30496
7126,31873,5342
7127,-8059,30927
7128,12415,-19239
7129,24691,18640
7130,-7049,27843
7131,-20351,-18228
7132,22646,-15148
7133,1141,16588
7134,-38776,17604
7135,1159,-30509
7136,34934,7376
7137,17518,12490
7138,-10125,-22315
7139,19562,-23327
7140,-20364,18648
7141,-7048,-25371
7142,27755,-11029
7143,3178,32987
7144,-23434,-2851
7145,16494,-39695
7146,16486,13547
7147,-28556,11494
7148,-23424,-21263
7149,24692,-8970
7150,-1931,17646
7151,6258,-28420
7152,32866,-3842
7153,8286,33006
7154,-38799,-14091
7155,5231,-21248
7156,18534,30961
7157,-13203,29923
7158,-914,-17172
7159,26721,235
7160,-6044,36058
7161,-28558,-2852
7162,5232,-31508
7163,-5005,36059
7164,-24449,-8992
7165,37997,-16152
7166,20579,231
7167,-33676,6372
7168,-2954,-30477
7169,11377,7408
7170,-7051,26851
7171,-36729,-6937
7172,18558,-15121
7173,32878,14568
7174,-23430,-27402
7175,12404,5364
7176,-9095,36067
7177,-31607,-3867
7178,16513,-24335
7179,35952,17641
7180,-11146,38103
7181,-14211,-27419
7182,30830,-11029
7183,7275,18658
7184,-28551,19673
7185,-10114,-17182
7186,-7038,31955
7187,-29551,-18212
7188,18568,-7968
7189,29818,31953
7190,-27512,18632
7191,-23404,-26411
7192,17548,-3881
7193,20610,36038
7194,-32622,-2872
7195,17546,-32552
7196,29820,15569
7197,-25463,-26402
7198,27772,-16154
7199,9336,30935
7200,-27514,12497
7201,10369,-23331
7202,36975,-2849
7203,-6030,28881
7204,-38779,-20261
7205,2180,-29462
7206,6273,34010
7207,-24435,23759
7208,-3953,-23333
7209,4237,38089
7210,-29540,-7987
7211,-867,-37664
7212,31886,-799
7213,-7022,39118
7214,-27488,-7982
7215,30865,-19236
7216,34944,5338
7217,-37741,9430
7218,2194,-26397
7219,25734,-4890
7220,-30571,-13075
7221,17549,-14092
7222,34940,16620
7223,-15228,25824
7224,-35690,-3870
7225,-25437,-7962
7226,19610,-17169
7227,28812,-19207
7228,27775,-4868
7229,15480,31981
7230,6261,27872
7231,-18306,30929
7232,-7038,-30496
7233,24694,-36622
7234,17518,-1805
7235,21604,26854
7236,9312,30935
7237,-17303,14544
7238,-34694,10443
7239,-26489,-1844
7240,-11123,-23336
7241,-3953,-37653
7242,19590,-5906
7243,-17265,31967
7244,-23397,19670
7245,-21338,23755
7246,-15186,-1844
7247,1197,6345
7248,13479,4295
7249,-1880,-11059
7250,-5973,18628
7251,-3923,9408
7252,-6991,13498
7253,176,6327
7254,3247,-6981
7255,3246,8375
7256,173,-11075
7257,-10062,-13116
7258,12460,-827
7259,2219,-13108
7260,-11087,-4913
7261,12459,-3887
7262,-2899,-9002
7263,-4944,-7974
7264,-15176,9430
7265,-6980,-7974
7266,26799,6359
7267,174,-17184
7268,-5967,7389
7269,13483,5339
7270,1194,-18204
7271,4264,-5913
7272,5286,2278
7273,-13139,-1817
7274,6314,-3863
7275,4264,-13072
7276,-8020,16616
7277,-851,-5909
7278,-12109,-12047
7279,-1868,24805
7280,1203,7394
7281,-13126,-12056
7282,3257,6373
7283,-8003,-11029
7284,-6975,9447
7285,12475,-1816
7286,-11071,-8979
7287,7358,8425
7288,4284,-13072
7289,-835,8428
7290,5307,-9999
7291,-13118,10476
7292,14523,5354
7293,-5954,-10001
7294,-5951,14568
7295,8381,-1815
7296,-10046,-3861
7297,-829,7400
7298,7360,-6932
7299,-10043,-3858
7300,-2873,11497
7301,-3895,-12049
7302,-6963,4333
7303,4299,8425
7304,8391,-790
7305,1222,-14095
7306,-7990,5359
7307,6343,6380
7308,4293,-4881
7309,196,-3855
7310,3267,6382
7311,14524,9450
7312,-2882,-13071
7313,-5951,-782
7314,-5948,12524
7315,8384,12518
7316,12474,229
7317,4280,-10006
7318,-6980,-6930
7319,-5953,3309
7320,4285,9449
7321,14518,9445
7322,5300,-7959
7323,5298,-6931
7324,-6986,7402
7325,12464,10469
7326,14505,-5912
7327,-854,-7956
7328,-6994,-3858
7329,-8014,4332
7330,3249,10471
7331,13483,1254
7332,3242,-6934
7333,-12112,-789
7334,175,8423
7335,5293,-8980
7336,-6991,-3858
7337,-10058,10473
7338,9394,1256
7339,-3916,-6932
7340,-10055,9448
7341,10420,10467
7342,3251,-6937
7343,-5962,-8980
7344,2229,8424
7345,7346,5350
7346,6319,-7958
7347,-848,12516
7348,6317,-2842
7349,-13132,-3864
7350,-1867,6373
7351,6322,2276
7352,-1869,-1819
7353,-9032,4323
7354,10419,4321
7355,10414,-10010
7356,-12108,-4887
7357,179,10468
7358,178,-10007
7359,-6986,-4884
7360,5300,7401
7361,12462,1256
7362,-3920,-8979
7363,-10059,10472
7364,10416,9444
7365,175,-8983
7366,-11083,3304
7367,7346,10467
7368,-1869,-11031
7369,-8009,5351
7370,11442,-5910
7371,-10057,-4883
7372,1206,19684
7373,181,3299
7374,-8007,-15125
7375,3256,8423
7376,11443,9443
7377,3250,-4890
7378,-11080,3301
7379,9396,-7959
7380,3251,-11025
7381,178,13545
7382,10413,-5908
7383,-4944,-3858
7384,-2894,12520
7385,9390,2279
7386,173,-7957
7387,-9038,7400
7388,8366,8420
7389,3245,-5913
7390,-5968,230
7391,-847,9442
7392,11436,225
7393,-6992,-798
7394,1199,9438
7395,9387,1245
7396,-4946,-1826
7397,-2896,7387
7398,11435,4313
7399,2218,-10018
7400,-12112,1245
7401,5294,3292
7402,7339,-15132
7403,-6993,5346
7404,174,-3868
7405,-849,-6936
7406,-4942,-5909
7407,-4939,8423
7408,8369,2278
7409,4271,-7958
7410,-12107,-4883
7411,-2889,10472
7412,8371,7397
7413,-3915,-16147
7414,-8007,4331
7415,5303,10470
7416,8371,-1817
7417,-5962,-2839
7418,-9029,5351
7419,6328,8419
7420,6325,-1820
7421,-9030,-3866
7422,-837,12512
7423,7352,6365
7424,14513,3292
7425,3248,-7968
7426,-6988,-3870
7427,-843,12508
7428,9393,2267
7429,9389,-11039
7430,172,6366
7431,-2898,12504
7432,10409,-4901
7433,10404,218
7434,2211,-3876
7435,-16213,219
7436,-4946,13525
7437,11433,11472
7438,3240,3279
7439,4262,9419
7440,3237,3274
7441,5283,6343
7442,8351,4293
7443,5277,-5944
7444,-866,-7988
7445,-10077,-3890
7446,-12119,7371
7447,-1878,9415
7448,4264,9411
7449,10403,-828
7450,-2907,-4921
7451,-6999,1222
7452,-854,197
7453,5288,6338
7454,4262,193
7455,16542,-10042
7456,1181,2245
7457,4251,-12085
7458,-4962,-10032
7459,1181,7373
7460,7322,-14124
7461,2201,-10023
7462,1176,-4900
7463,-5989,-13085
7464,-12127,226
7465,-11097,5344
7466,-4950,9436
7467,169,11479
7468,7334,5333
7469,9378,7378
7470,8350,5328
7471,7323,-1839
7472,6296,-2861
7473,-7012,-3883
7474,-2914,-4904
7475,-9053,2263
7476,-2907,8403
7477,1188,13517
7478,5282,14534
7479,7327,4292
7480,6300,-1851
7481,155,-12085
7482,-10080,-6961
7483,-14169,-3887
7484,-4950,-1838
7485,2217,7375
7486,9381,8395
7487,8353,-4914
7488,1184,-6958
7489,-1887,-13095
7490,-14168,-3877
7491,-5973,-804
7492,-3923,8408
7493,8361,10451
7494,4263,4305
7495,4261,-2861
7496,-8023,-4906
7497,-9042,3285
7498,4268,8401
7499,7337,3280
7500,12451,1231
7501,8351,-6957
7502,1182,-12071
7503,-5983,-5924
7504,-3933,-803
7505,9375,9433
7506,2206,10452
7507,5276,3283
7508,2203,-7977
7509,1178,-7973
7510,-7010,-1828
7511,-11100,-10015
7512,-8024,6366
7513,-2902,11481
7514,3241,14546
7515,4263,7375
7516,8355,1230
7517,9375,-3888
7518,-1888,-4909
7519,-8028,-2859
7520,-5977,8401
7521,-1880,13515
7522,9380,6344
7523,6305,-823
7524,5279,-6963
7525,-4958,-4912
7526,-10073,207
7527,-3927,7372
7528,3240,7369
7529,4262,1224
7530,-1881,-6964
7531,166,1227
7532,8354,7368
7533,5280,-2870
7534,-7004,-6962
7535,-7000,6347
7536,2215,7368
7537,6308,-823
7538,1187,-9010
7539,-5978,12488
7540,12448,3271
7541,11419,-824
7542,-5986,-2870
7543,-865,7367
7544,8347,2246
7545,2202,-9013
7546,-2916,-4914
7547,-9055,5324
7548,10396,-2866
7549,7321,-14123
7550,-8035,-2857
7551,-8031,-808
7552,5279,6357
7553,11418,7378
7554,-1893,-7978
7555,154,2261
7556,7319,5331
7557,6292,210
7558,5266,-7978
7559,-8042,-809
7560,-1897,7380
7561,12433,6353
7562,1168,2256
7563,-4973,-1839
7564,146,1232
7565,6287,207
7566,4237,-4910
7567,-9070,209
7568,1169,6350
7569,4239,-1841
7570,-2927,-7981
7571,-11113,4305
7572,-2919,9421
7573,9365,5323
7574,4243,3274
7575,-2923,-4915
7576,-9062,-818
7577,7319,7371
7578,8339,-6961
7579,-5994,3278
7580,-12132,4300
7581,-1891,10439
7582,7322,5317
7583,12436,-2873
7584,1171,-5942
7585,-10088,-1845
7586,-1895,202
7587,152,6343
7588,5270,-6965
7589,-2920,-9008
7590,-7012,-1839
7591,-867,12491
7592,156,3274
7593,-7008,1225
7594,8348,-1846
7595,-10079,-2868
7596,-5980,203
7597,-7000,4297
7598,4262,6342
7599,7331,-3896
7600,1186,-12082
7601,4256,205
7602,-9051,-818
7603,-8023,4300
7604,-854,7369
7605,7335,7366
7606,10402,1221
7607,12444,1220
7608,6297,-3898
7609,1176,-6966
7610,-5989,-821
7611,-2915,7368
7612,6298,10435
7613,6295,3266
7614,2198,-3900
7615,-873,-7992
7616,-7013,-9011
7617,-9056,204
7618,-1887,4298
7619,5279,5320
7620,5277,1223
7621,10392,-5942
7622,5270,-9009
7623,-8038,206
7624,-7010,5324
7625,-8030,8392
7626,5280,7365
7627,12442,6338
7628,5272,-9017
7629,7317,-2871
7630,1172,-9010
7631,-8040,-5935
7632,-9059,-2861
7633,-4960,2258
7634,5278,8398
7635,-865,-4911
7636,2206,-10026
7637,-8030,-1833
7638,-4955,2262
7639,3236,7379
7640,16540,8399
7641,-3938,-10028
7642,-8030,-5929
7643,-9049,5333
7644,166,9425
7645,11425,3280
7646,-862,-11050
7647,-10073,1237
7648,-3927,11472
7649,9381,8396
7650,-3929,1227
7651,-9044,-3891
7652,-9039,6346
7653,5295,8390
7654,7340,3269
7655,4266,-5944
7656,-2900,-823
7657,-4945,1224
7658,5293,4294
7659,7338,2245
7660,4264,-2873
7661,167,-9012
7662,-3927,-819
7663,-854,3276
7664,12452,8392
7665,13470,-2870
7666,3229,-6962
7667,4251,-9005
7668,-2915,-2859
7669,1180,8401
7670,2203,7374
7671,5273,-817
7672,7318,206
7673,4244,-4911
7674,-875,-7979
7675,-5992,3284
7676,-3942,10447
7677,8342,8395
7678,11409,1226
7679,5263,-6962
7680,-1904,3277
7681,-879,9417
7682,7310,200
7683,3213,-5941
7684,-8047,-820
7685,-5996,6345
7686,4242,4295
7687,7311,-5942
7688,-2927,-4915
7689,-3949,3276
7690,7312,6345
7691,6285,2248
7692,-6000,-2870
7693,-1903,5320
7694,6286,4294
7695,1165,-4919
7696,-9070,-9010
7697,-11112,7371
7698,1175,8391
7699,11410,1222
7700,-877,-5943
7701,-1900,2248
7702,1171,6341
7703,1170,-10038
7704,-3948,-9009
7705,-2922,4301
7706,7315,5323
7707,8335,-2867
7708,1166,-11053
7709,-9069,3282
7710,-4970,9422
7711,13456,7371
7712,10379,-2867
7713,4233,-5936
7714,-3957,-4909
7715,138,11470
7716,5256,4300
7717,6277,-6960
7718,132,-6956
7719,2179,1235
7720,2178,1234
7721,7295,6351
7722,10362,5325
7723,9334,4299
7724,-3976,-820
7725,-3974,203
7726,3193,-820
7727,4215,-6960
7728,-2951,-6956
7729,-6020,1235
7730,-6017,8399
7731,6268,12489
7732,6265,200
7733,4215,-5941
7734,-904,-9008
7735,-1927,2255
7736,-1926,8395
7737,4216,2250
7738,2167,-4915
7739,-7045,-3889
7740,-1924,-1840
7741,-3970,9420
7742,5244,8392
7743,7289,1223
7744,4215,-2871
7745,3190,-4916
7746,-1929,-5937
7747,-4998,-4910
7748,-8066,2257
7749,-2944,5327
7750,8316,6348
7751,1147,-1843
7752,7288,-818
7753,5238,-2864
7754,4212,-1839
7755,2163,-7979
7756,-1932,-3881
7757,-7048,-4902
7758,-2950,5336
7759,-7042,7381
7760,5244,5331
7761,10359,3282
7762,9331,-9001
7763,4209,-6949
7764,-1934,-7969
7765,-8074,-12059
7766,-1929,1252
7767,-1928,4322
7768,-1927,7391
7769,-2949,8411
7770,4217,1242
7771,10356,1241
7772,1139,-12065
7773,2162,-3871
7774,-2956,-3869
7775,-8072,1250
7776,-10115,3297
7777,-6016,4319
7778,-2942,222
7779,2177,5340
7780,4223,1243
7781,5245,218
7782,5243,-1829
7783,3194,-2851
7784,-6019,1244
7785,-4992,2267
7786,-3966,5337
7787,2177,8405
7788,5247,4307
7789,6268,6352
7790,7289,2255
7791,4215,-1840
7792,-904,-11050
7793,-1927,213
7794,-3973,-4904
7795,-3971,7381
7796,3196,-2857
7797,7289,9427
7798,3192,2258
7799,8308,2257
7800,3187,-2861
7801,1138,-4906
7802,1137,-4903
7803,-6028,-3877
7804,-6025,-804
7805,-2951,219
7806,-3973,-1828
7807,5241,3291
7808,5239,5337
7809,1142,-2853
7810,-905,-4898
7811,3190,-8989
7812,-3976,-1820
7813,-6021,1251
7814,-8065,2274
7815,-6014,225
7816,4224,3296
7817,9340,223
7818,1147,2270
7819,-1924,-8989
7820,-6017,-2843
7821,-2943,4323
7822,-1918,7392
7823,6271,9436
7824,4221,1243
7825,-2945,-7969
7826,-7037,4317
7827,-3963,3292
7828,-890,12502
7829,7299,3285
7830,-8057,-6951
7831,-9076,3288
7832,10375,3287
7833,7300,-1832
7834,-891,-7972
7835,-7031,-3874
7836,3208,4316
7837,4230,3291
7838,3205,-4898
7839,-1914,-2848
7840,-3960,5342
7841,4230,4316
7842,5252,219
7843,-891,-6945
7844,-2937,-2847
7845,-1912,7390
7846,135,8410
7847,5253,2265
7848,5251,1240
7849,2178,-4901
7850,129,-10016
7851,-3965,5342
7852,2178,7387
7853,5248,-2851
7854,127,-7967
7855,-7037,-3869
7856,130,6368
7857,7295,3295
7858,2174,-14106
7859,-6015,-5911
7860,-4988,6374
7861,5250,10465
7862,4224,-798
7863,4222,-4891
7864,-3968,6370
7865,3199,5344
7866,5245,-1823
7867,-2945,1248
7868,-3967,4318
7869,-3965,3293
7870,1154,6362
7871,7295,217
7872,126,216
7873,-3968,-5925
7874,-7036,4313
7875,131,4311
7876,6272,-808
7877,1151,-3878
7878,-4990,-2852
7879,-1917,6361
7880,-892,6358
7881,-891,6355
7882,4227,7376
7883,4225,-6956
7884,2176,-3882
7885,-1919,-5927
7886,-1918,-3877
7887,-1917,7384
7888,3202,6357
7889,7295,2260
7890,9339,-3882
7891,1146,-6950
7892,3193,6359
7893,-6020,1238
7894,-3970,4308
7895,-897,6353
7896,6268,4303
7897,7289,-4910
7898,9333,-6954
7899,2164,2261
7900,-2954,4307
7901,4212,7376
7902,6257,-3886
7903,1136,-7978
7904,-8076,-4903
7905,-5001,216
7906,118,4310
7907,6259,3285
7908,2162,-810
7909,-5003,-1833
7910,-1930,4309
7911,1141,5331
7912,2164,-812
7913,5234,-6952
7914,-909,-3878
7915,-7049,-805
7916,-3975,7384
7917,6262,3287
7918,3189,-3879
7919,116,-4900
7920,-6025,-1827
7921,-6022,6362
7922,1145,2265
7923,6262,-5924
7924,-3976,-4897
7925,-3974,-800
7926,121,6365
7927,5239,5339
7928,5237,-4898
7929,4211,-4895
7930,-1932,-3869
7931,-5001,1250
7932,-904,5344
7933,6261,-4893
7934,8305,-796
7935,-910,-2842
7936,-5003,229
7937,-5000,3300
7938,5238,9440
7939,-1929,1247
7940,8307,-4894
7941,-1932,-1821
7942,-2954,-4890
7943,-4999,-1817
7944,2168,2278
7945,2167,4324
7946,2166,3299
7947,2165,-2843
7948,-906,-3865
7949,117,-5910
7950,-1930,-2836
7951,2165,10471
7952,-1930,-792
7953,-3976,2279
7954,-3974,4325
7955,-1925,3300
7956,3194,6369
7957,5240,5343
7958,7285,2270
7959,5235,-1825
7960,2162,-1824
7961,1137,-1823
7962,5231,-3869
7963,1134,-796
7964,1133,-4889
7965,1132,-3863
7966,-1939,-4884
7967,-914,-3858
7968,-3984,1261
7969,-3982,2284
7970,-2956,2283
7971,-1931,3306
7972,-2953,2281
7973,118,6374
7974,-905,6371
7975,5237,2274
7976,7282,1249
7977,9326,4319
7978,5228,4317
7979,5226,-4896
7980,2153,-5917
7981,104,-4890
7982,-3990,-6934
7983,-3988,-3860
7984,-3986,-1811
7985,-7054,4331
7986,-5003,5353
7987,-1930,5351
7988,1141,6372
7989,3188,5346
7990,6257,4320
7991,4207,-1823
7992,3182,-4892
7993,4204,-5913
7994,1131,-2839
7995,-2963,-4884
7996,-914,-3858
7997,109,-5903
7998,-6032,2288
7999,-7052,3311
8000,-8072,1262
8001,-2950,4332
8002,1145,4330
8003,6262,7399
8004,4212,11490
8005,8304,-7962
8006,3183,2277
8007,3182,-3865
8008,-6031,-1816
8009,4207,-6932
8010,3182,-6928
8011,1133,-2830
8012,-2961,-3852
8013,-11147,4338
8014,5235,5360
8015,5233,3311
8016,3184,3310
8017,7277,2285
8018,6250,-2833
8019,4200,-5902
8020,2151,-2828
8021,-2967,-3850
8022,-5012,2293
8023,-3986,-1802
8024,-2960,8434
8025,6253,5360
8026,6250,-1807
8027,2153,5359
8028,5223,-784
8029,-2967,-6924
8030,1128,-779
8031,-5013,2292
8032,-5010,243
8033,-5007,6384
8034,3184,3311
8035,-2958,7404
8036,4208,6377
8037,6253,-4884
8038,-11149,235
8039,-5002,-3859
8040,-3976,-786
8041,-9091,3309
8042,1148,6378
8043,2171,7399
8044,5241,4325
8045,6262,-794
8046,5236,-4887
8047,115,-5908
8048,-3979,2283
8049,-1930,5353
8050,2165,6374
8051,4211,2277
8052,4209,-2841
8053,2160,-2839
8054,-911,-3861
8055,-6028,-1812
8056,-2954,1259
8057,-905,3306
8058,4213,4328
8059,5235,4326
8060,3186,-2840
8061,113,-3862
8062,-5004,233
8063,-2954,4327
8064,-1929,3302
8065,118,4324
8066,6259,227
8067,2162,-4890
8068,-909,-3864
8069,-2955,-2838
8070,-3977,2281
8071,3190,2280
8072,4212,-791
8073,4210,-1814
8074,-1933,-2836
8075,-2955,-2834
8076,-1930,4332
8077,2165,3307
8078,6258,1258
8079,1137,-3860
8080,-1934,-2834
8081,-5003,-785
8082,-3977,3310
8083,5237,2285
8084,1140,-786
8085,1139,-3856
8086,-908,-783
8087,-1931,5359
8088,1140,5357
8089,5234,1260
8090,2161,-2834
8091,-1934,-785
8092,-2956,4333
8093,-907,5355
8094,3188,-3859
8095,-2954,-786
8096,-3976,1261
8097,3191,3308
8098,6260,-3858
8099,-2954,-785
8100,-2952,2286
8101,3191,4332
8102,4213,-787
8103,2164,-3857
8104,-907,-2831
8105,-2953,4335
8106,2166,238
8107,2165,-1809
8108,-1930,-1808
8109,-4999,3311
8110,3192,5357
8111,3191,236
8112,118,-1811
8113,-2952,-2833
8114,-1927,3310
8115,2168,5356
8116,3191,-1811
8117,-2951,236
8118,-1926,5354
8119,3193,2281
8120,1144,-4884
8121,-2950,235
8122,121,3306
8123,6262,233
8124,1141,-3861
8125,-5000,234
8126,-903,5352
8127,3192,-791
8128,-903,-3861
8129,1144,4329
8130,4214,-1814
8131,-905,-789
8132,-4998,2282
8133,1145,2281
8134,3192,-4884
8135,-3974,-1811
8136,121,5355
8137,5239,-788
8138,-904,-2834
8139,-903,4332
8140,4215,-787
8141,-2951,-1810
8142,-2949,4332
8143,6264,2283
8144,3191,-2835
8145,-2951,236
8146,1144,3307
8147,3191,2282
8148,5237,-789
8149,-1930,-1812
8150,-1929,4330
8151,3190,1257
8152,-1929,-790
8153,-3975,233
8154,-1926,6374
8155,6263,1253
8156,-2951,-2841
8157,-3973,-1816
8158,-900,4326
8159,2171,3301
8160,3194,-1818
8161,-901,-5911
8162,-1924,3304
8163,7289,2279
8164,1144,-3863
8165,-3974,-790
8166,-1925,2281
8167,3194,2280
8168,6263,-3862
8169,-3975,-2836
8170,-1926,235
8171,5240,234
8172,2167,233
8173,118,-3861
8174,-3976,234
8175,1143,3305
8176,3190,232
8177,-2952,-2838
8178,-2950,3305
8179,121,4327
8180,4215,230
8181,-904,-3864
8182,-2950,231
8183,-2948,4325
8184,123,-794
8185,3194,-4887
8186,-901,6374
8187,1146,1253
8188,3193,-794
8189,120,-1817
8190,119,-1816
8191,-3975,5350
8192,4215,1253
8193,3190,-4888
8194,1141,-1815
8195,3188,2280
8196,-1931,3303
8197,2164,5349
8198,3187,-3865
8199,-1932,230
8200,-2954,2277
8201,1141,5347
8202,4211,2274
8203,5233,-4891
8204,-1934,-4888
8205,-3980,231
8206,-1931,1254
8207,4211,3301
8208,2162,-794
8209,-909,-793
8210,114,4325
8211,2161,3300
8212,4207,-3866
8213,-912,-3864
8214,-5005,-1815
8215,-5002,5351
8216,3189,3302
8217,3188,-5911
8218,-2954,-2837
8219,-3976,5353
8220,119,6374
8221,-904,-2840
8222,-3974,4326
8223,1145,3301
8224,-902,-1818
8225,2169,2277
8226,-902,4323
8227,3193,226
8228,1144,-1821
8229,-2950,-2843
8230,1145,4323
8231,3192,226
8232,-2950,-1821
8233,-1925,3298
8234,3194,3297
8235,3193,-1822
8236,-2949,-797
8237,-2947,1250
8238,2172,2273
8239,3195,-798
8240,-1924,-797
8241,-3970,1250
8242,1149,3297
8243,2172,1248
8244,-2946,-799
8245,-897,1248
8246,1150,3295
8247,2173,-800
8248,3196,-2846
8249,-1923,225
8250,1148,5343
8251,3195,222
8252,4217,221
8253,-902,-802
8254,-1925,1245
8255,4217,3292
8256,2168,-1827
8257,-1927,-2849
8258,-2949,2270
8259,1146,4316
8260,3193,1243
8261,2168,-3875
8262,-2950,-1826
8263,-1925,3293
8264,2170,3292
8265,4216,1243
8266,1143,-1828
8267,-1928,4314
8268,2167,3289
8269,5237,1240
8270,116,-2854
8271,-3978,217
8272,-1929,1240
8273,2166,3287
8274,4212,-808
8275,-1931,-2854
8276,116,-805
8277,-907,2266
8278,2164,217
8279,115,-1830
8280,1138,-2852
8281,-1933,-2850
8282,-3979,2269
8283,116,4315
8284,5234,5337
8285,1137,2264
8286,1136,-1831
8287,111,-2853
8288,-1936,-804
8289,-1935,219
8290,2160,-804
8291,6253,-1827
8292,108,-802
8293,107,-1825
8294,-1940,222
8295,-915,2269
8296,108,3292
8297,2155,-803
8298,1130,-3873
8299,-917,-2847
8300,-2963,-2845
8301,-914,5345
8302,2157,4319
8303,2156,3294
8304,2155,1245
8305,4201,-802
8306,3176,-1825
8307,-919,-1824
8308,-2965,-799
8309,1130,1248
8310,105,4318
8311,4199,3293
8312,-920,1244
8313,-2966,1243
8314,-917,2266
8315,-916,5336
8316,-1939,3287
8317,1132,4309
8318,1131,3284
8319,4201,2259
8320,5223,-2859
8321,102,-1834
8322,-1945,-809
8323,-2967,2262
8324,1128,3285
8325,4198,-810
8326,1125,-1833
8327,-922,-1832
8328,101,2263
8329,3172,2262
8330,4194,213
8331,2145,-1834
8332,-926,-2856
8333,-1949,2263
8334,1122,3286
8335,3169,1237
8336,-926,-1834
8337,-2972,1237
8338,2147,3284
8339,5217,4306
8340,3168,-2860
8341,-927,-811
8342,-1950,1236
8343,-1949,2259
8344,2146,3282
8345,2145,1233
8346,2144,-1838
8347,-927,1233
8348,-1950,2256
8349,2145,3279
8350,3168,1230
8351,2143,-817
8352,-928,-2863
8353,-927,-814
8354,-1950,1233
8355,97,3280
8356,96,2255
8357,2143,206
8358,1118,-817
8359,-2976,206
8360,-1951,2253
8361,96,2252
8362,2143,-819
8363,2142,-3889
8364,93,-1840
8365,-1954,-815
8366,-1953,3280
8367,94,4302
8368,2141,2253
8369,3164,2252
8370,91,-2866
8371,-1956,-817
8372,-4002,206
8373,93,3277
8374,2140,2252
8375,3163,203
8376,2138,-1844
8377,89,-2866
8378,-2981,205
8379,-932,2252
8380,91,4298
8381,2138,1225
8382,89,-1846
8383,-934,-821
8384,-1957,2250
8385,90,1225
8386,1113,2248
8387,2136,199
8388,1111,-824
8389,-1960,-1847
8390,-1959,2248
8391,1112,2247
8392,2135,1222
8393,-936,-825
8394,-935,-824
8395,-1958,2247
8396,1113,2246
8397,4183,1221
8398,2134,-1850
8399,85,-825
8400,-938,-824
8401,-1961,1223
8402,86,3270
8403,2133,2245
8404,3156,2244
8405,1107,-827
8406,-940,-1850
8407,-1963,-825
8408,-2985,1222
8409,-936,3269
8410,2135,3268
8411,2134,1219
8412,1109,194
8413,2132,-1853
8414,83,-1852
8415,82,-827
8416,-941,1220
8417,82,3267
8418,1105,2242
8419,2128,1217
8420,2127,1216
8421,2126,-831
8422,2125,-830
8423,76,-1853
8424,-947,-1852
8425,-946,195
8426,-1969,1218
8427,-944,2241
8428,3151,2240
8429,2126,191
8430,1101,190
8431,2124,-1857
8432,75,-832
8433,-2995,1215
8434,-946,1214
8435,-945,2237
8436,78,2236
8437,1101,2235
8438,3148,2234
8439,2123,185
8440,1098,-838
8441,73,-1861
8442,26684,13493
8443,-6081,23722
8444,-22454,-11088
8445,20544,-17223
8446,10299,26796
8447,-21434,9384
8448,-6071,-28490
8449,26684,1205
8450,-963,27816
8451,11320,-25419
8452,21550,12463
8453,-18377,17575
8454,-14274,-16209
8455,28720,-9036
8456,8236,27815
8457,-23496,-2903
8458,4150,-24395
8459,22571,15534
8460,-14286,22691
8461,-18373,-22354
8462,16435,23715
8463,-19395,10398
8464,-13244,-24406
8465,21562,169
8466,-3012,28827
8467,-27574,-7009
8468,9286,-20311
8469,21564,11428
8470,-18363,14493
8471,-10166,-19289
8472,23615,-8021
8473,5181,25759
8474,3132,-26452
8475,28718,10407
8476,-9165,23708
8477,-18372,-17243
8478,18483,-15187
8479,15404,23714
8480,-22473,12444
8481,-3015,-25431
8482,24621,1192
8483,-5072,28826
8484,-25539,-7010
8485,19508,10393
8486,-17347,18576
8487,-15291,-19302
8488,27704,-12128
8489,9268,22677
8490,-22465,148
8491,2110,-23392
8492,23603,10395
8493,-12231,23696
8494,-22460,-14185
8495,23609,-12131
8496,14386,23698
8497,-4044,-28512
8498,23593,159
8499,1064,29841
8500,-25547,-2925
8501,14382,-24417
8502,23587,13465
8503,-21458,16529
8504,-17353,-23395
8505,28713,-11101
8506,4135,25751
8507,-25548,-872
8508,23593,8340
8509,-10194,25736
8510,-20424,-16240
8511,17456,-15208
8512,13354,21646
8513,-23498,8330
8514,-5063,-25449
8515,25645,2198
8516,-6096,26761
8517,-25539,-8051
8518,17461,-23399
8519,18476,19600
8520,-15308,-19302
8521,23593,-12128
8522,2088,26771
8523,-26571,6288
8524,6194,-23396
8525,24614,9368
8526,-11220,23693
8527,-19402,-16235
8528,12336,-18274
8529,16424,24722
8530,-19406,13452
8531,21544,19587
8532,-22477,17531
8533,-15301,-25464
8534,30764,-9075
8535,2091,27776
8536,-29638,127
8537,7223,-24437
8538,31784,15492
8539,-15312,20602
8540,-19398,-23418
8541,22575,-15218
8542,10282,33918
8543,-981,-27508
8544,30748,-883
8545,-5089,29823
8546,-22486,-14202
8547,19489,-27500
8548,18456,18571
8549,-28634,19586
8550,-11220,-23410
8551,28702,-8046
8552,4124,30851
8553,-24536,-4986
8554,24604,8322
8555,-15324,28788
8556,-26575,-17283
8557,24613,-14204
8558,17437,28790
8559,-22488,7283
8560,-4054,-31613
8561,27677,2178
8562,-12253,30835
8563,-27599,-13190
8564,17449,-19324
8565,18464,19579
8566,-9179,-22394
8567,26648,-13171
8568,2071,25729
8569,-29658,-894
8570,5156,-28528
8571,25624,14473
8572,-13281,24701
8573,-18392,-20345
8574,24604,-16241
8575,12310,20613
8576,-26589,5251
8577,23576,3202
8578,-6117,29812
8579,-23513,-5001
8580,17439,-23421
8581,21525,19578
8582,-20449,13428
8583,-12251,-26495
8584,21531,-7035
8585,1050,26744
8586,-24538,119
8587,9250,-22398
8588,30739,15483
8589,-23521,-20347
8590,20501,-17266
8591,10256,29824
8592,-24548,10363
8593,-3042,-23417
8594,29712,1158
8595,-5101,22651
8596,-25568,-13182
8597,18455,-21363
8598,15376,19588
8599,-22501,14461
8600,29709,-6016
8601,7178,29810
8602,-24554,-1933
8603,5140,-25472
8604,23561,7293
8605,-13296,20595
8606,-19430,-19331
8607,22543,-13180
8608,12297,23673
8609,-21484,4215
8610,19,-30586
8611,24583,133
8612,-26604,-6008
8613,14349,-21357
8614,20483,16523
8615,-22514,17539
8616,-9197,-21362
8617,29701,-10093
8618,1028,23688
8619,-28654,-1911
8620,5136,-23403
8621,26627,14478
8622,-14326,21636
8623,19457,-17267
8624,14330,19588
8625,-22522,6273
8626,-6135,-24435
8627,20479,4235
8628,-7165,27774
8629,-20467,-8062
8630,16389,-20340
8631,19452,16516
8632,-16379,12414
8633,-11253,-23414
8634,21505,-2932
8635,-23539,1163
8636,9225,-19307
8637,25597,8337
8638,-12284,20615
8639,-15348,-17264
8640,17412,-14185
8641,10239,23692
8642,-21494,7305
8643,1033,-21356
8644,22526,5266
8645,-6142,22663
8646,11261,-20335
8647,14327,14474
8648,-17408,15491
8649,-9211,-19315
8650,28663,-9070
8651,5109,24710
8652,-23551,-1913
8653,5119,-23405
8654,17399,9359
8655,-15361,18566
8656,-16376,-16242
8657,20478,-9069
8658,-17401,5265
8659,6,-22372
8660,23547,2203
8661,-5122,22672
8662,-21495,-4973
8663,13315,-19299
8664,14332,17557
8665,-19450,11408
8666,-3064,-20326
8667,22525,-5987
8668,-2,21651
8669,4093,-21346
8670,20468,10393
8671,-7176,23694
8672,-12289,-18281
8673,22517,-18272
8674,9201,19607
8675,-20484,1174
8676,-4097,-27484
8677,20470,2211
8678,-8197,21657
8679,-20474,-8035
8680,16382,-17242
8681,-16377,14495
8682,-11251,-21334
8683,19460,-3924
8684,-1019,22689
8685,-22512,5279
8686,8204,-17240
8687,19459,11427
8688,-12279,14492
8689,-16367,-16220
8690,19464,-12118
8691,5126,20640
8692,-2041,-18263
8693,23548,6310
8694,-1027,19613
8695,-16378,-13148
8696,13312,-15188
8697,11259,16548
8698,-16380,10399
8699,-8184,-18264
8700,23549,1191
8701,2044,21661
8702,-17403,-4960
8703,10240,-20310
8704,-14329,18593
8705,-13298,-13144
8706,17414,-6996
8707,4100,20642
8708,-18419,7327
8709,1036,-22358
8710,19459,5288
8711,-9208,18591
8712,-21485,-8029
8713,12301,-15189
8714,10248,19618
8715,-6133,-20308
8716,20481,-1875
8717,0,18596
8718,-19446,-859
8719,5128,-18258
8720,15361,12456
8721,-11257,16544
8722,-9204,-14169
8723,22529,-8021
8724,6142,16547
8725,-21495,-860
8726,4103,-19282
8727,-9204,19621
8728,-17387,-6999
8729,16397,-10066
8730,15366,16550
8731,-14323,8354
8732,-7151,-21331
8733,20487,-2897
8734,-6134,20645
8735,-19436,-4952
8736,13326,-17231
8737,12296,12459
8738,-9203,-20299
8739,14342,-10054
8740,3077,18609
8741,-22512,4271
8742,3087,-20295
8743,22532,5303
8744,-11254,19630
8745,-13295,-14155
8746,14346,-13124
8747,9222,16564
8748,-19440,7345
8749,-5101,-18246
8750,3090,20656
8751,-19428,-5965
8752,10263,-21314
8753,16399,13496
8754,-16361,13490
8755,-7141,-17221
8756,20497,-2883
8757,16,19636
8758,-17383,179
8759,5143,-18244
8760,19470,4282
8761,-22503,-11072
8762,16401,-9019
8763,9229,18620
8764,-16363,9400
8765,-1002,-20286
8766,20492,193
8767,-4082,20663
8768,-20456,-11075
8769,11283,-17210
8770,11278,16574
8771,-14315,16566
8772,-3049,-23358
8773,3094,20664
8774,-23518,2231
8775,7199,-17216
8776,18454,7357
8777,-12260,17589
8778,-15324,-11077
8779,17436,-10048
8780,12310,15545
8781,-21471,4279
8782,-5084,-25404
8783,16412,3267
8784,-16348,-7993
8785,13342,-15153
8786,15383,13513
8787,-15329,13507
8788,-5086,-22322
8789,18457,-5935
8790,-998,22726
8791,-20444,-5943
8792,13342,-15151
8793,21524,10444
8794,-13285,14533
8795,-14302,-19249
8796,12316,20677
8797,-23512,3268
8798,-2007,-23344
8799,19488,-815
8800,-991,24773
8801,-17366,-11061
8802,14371,-17196
8803,13341,18635
8804,-21464,10438
8805,-7124,-18225
8806,17444,-2863
8807,-19410,-2861
8808,7211,-23329
8809,20513,3294
8810,-15319,16598
8811,-18382,-12068
8812,15403,-4897
8813,7208,23764
8814,-18383,1235
8815,2096,-22306
8816,21542,-1825
8817,-7126,19670
8818,-19404,-15138
8819,13358,21716
8820,-17353,16588
8821,-4039,-18219
8822,23598,-7975
8823,-977,21711
8824,-25540,-7981
8825,11319,-17188
8826,18478,12502
8827,-18377,19661
8828,-15297,-17194
8829,20533,-7974
8830,-23487,1241
8831,1088,-23323
8832,15417,1252
8833,-6084,25816
8834,-16316,-13089
8835,14397,-20247
8836,15414,20703
8837,-24510,12505
8838,-8122,-22300
8839,19517,-8983
8840,-1986,25821
8841,-25525,-802
8842,26686,12504
8843,-16314,15569
8844,-14259,-19237
8845,20547,-11039
8846,8255,26836
8847,-23477,3283
8848,74,-20259
8849,22591,9433
8850,-6078,24781
8851,-19380,-17194
8852,21570,-18209
8853,-23474,12505
8854,-8110,-20253
8855,21576,-5914
8856,5190,28888
8857,-23470,-807
8858,13388,-24347
8859,21570,5347
8860,-22451,18650
8861,-22440,-14111
8862,20558,-4892
8863,12360,26839
8864,-23468,214
8865,28742,14543
8866,-5047,22724
8867,-19373,-10039
8868,8271,-17198
8869,14408,21704
8870,-18351,16576
8871,-4013,-20278
8872,26694,-6962
8873,-4024,25794
8874,-20398,-9017
8875,10317,-20271
8876,-19369,20679
8877,-15265,-15153
8878,26706,-10028
8879,11341,22729
8880,-25510,-3893
8881,-933,-26408
8882,24655,9428
8883,-13226,28870
8884,-16290,-18225
8885,20564,-18216
8886,20554,19663
8887,-22443,9419
8888,24649,-3891
8889,-11185,30910
8890,-27555,1213
8891,9305,-17210
8892,25677,12480
8893,-13228,17592
8894,-14245,-20286
8895,21585,-16182
8896,9293,24766
8897,-26534,3261
8898,-1957,-20281
8899,-6050,30904
8900,-16282,-16192
8901,15455,-23348
8902,14424,21698
8903,-22429,15547
8904,-3995,-23353
8905,27736,-1848
8906,87,28858
8907,-19359,-837
8908,10332,-26424
8909,26703,9412
8910,-28579,4290
8911,21587,-12088
8912,10318,29882
8913,-29603,4280
8914,3164,-28474
8915,30797,11457
8916,-11181,29875
8917,-24481,-10056
8918,10330,-22333
8919,11349,37041
8920,-23455,17577
8921,-1950,-24395
8922,-7066,29863
8923,-30603,-6997
8924,116,-23369
8925,25704,16559
8926,-16272,31904
8927,-19334,-10075
8928,27757,-14164
8929,10344,26783
8930,-21389,-5982
8931,-908,-29519
8932,26727,15530
8933,-16273,30875
8934,20581,-19291
8935,21595,23706
8936,-20379,8342
8937,-7063,-29531
8938,24669,-13140
8939,-6048,37018
8940,-34703,153
8941,13419,-24411
8942,27742,16541
8943,-23446,17557
8944,-16270,-22368
8945,12396,29842
8946,-31620,4240
8947,-12158,-25443
8948,34929,15510
8949,2160,31879
8950,-19334,-14194
8951,15475,-25445
8952,14444,35978
8953,-21385,14467
8954,-13186,-27503
8955,29808,-2925
8956,-1935,28805
8957,6254,-33642
8958,29792,10385
8959,-21397,21639
8960,-26504,-19311
8961,34919,-13160
8962,13409,28810
8963,-26514,5256
8964,7275,-30569
8965,25695,6292
8966,-9116,26759
8967,-33675,-10100
8968,12399,29822
8969,-23429,21620
8970,-7041,-28542
8971,33903,-3964
8972,-5006,31861
8973,-28544,-5000
8974,13434,-28538
8975,31851,15487
8976,-15245,27762
8977,-21378,-12168
8978,23667,-17279
8979,15468,21623
8980,-2962,-30586
8981,27745,8322
8982,-2973,30835
8983,-27535,-15237
8984,17513,-32629
8985,19552,15492
8986,-22421,18555
8987,-14222,-33652
8988,33890,-2930
8989,-17301,21636
8990,-31621,2179
8991,28781,11390
8992,-20361,19573
8993,-18304,-22400
8994,22645,-19318
8995,-3977,15491
8996,-29562,9343
8997,-9077,-23413
8998,32891,138
8999,-4994,32890
9000,-24438,-21371
9001,22655,-26478
9002,15480,27781
9003,-16256,-26478
9004,26739,-7018
9005,14444,36996
9006,-24456,4226
9007,5238,-36716
9008,27753,7313
9009,-20365,15498
9010,-30590,-22379
9011,42094,-15203
9012,15463,27792
9013,-25484,12426
9014,29798,1161
9015,-3992,26748
9016,-33671,-7040
9017,7286,-24436
9018,6259,26751
9019,-20355,22644
9020,-15227,-37753
9021,32885,-3959
9022,-1930,33913
9023,-32634,-6020
9024,10369,-28534
9025,19576,13444
9026,-24444,-14197
9027,26743,-9072
9028,19566,24708
9029,-32642,5250
9030,-3968,-32622
9031,31857,9358
9032,-12169,33918
9033,-26492,-19320
9034,21626,-26475
9035,23663,28807
9036,-16265,18558
9037,26730,-7038
9038,1129,32882
9039,-33670,4208
9040,15475,-23428
9041,35938,14453
9042,-7066,30822
9043,-27532,-22415
9044,32868,-10122
9045,4194,13424
9046,-35724,13418
9047,-1931,-32646
9048,27752,19569
9049,-19342,-15239
9050,16490,-30584
9051,21600,15489
9052,-25491,21623
9053,-16267,-27515
9054,21611,-10102
9055,9319,28796
9056,-10132,3195
9057,12390,-27511
9058,33878,9349
9059,-21407,22650
9060,31826,-20348
9061,19529,26743
9062,-24491,11378
9063,14414,-27520
9064,35901,-8060
9065,-6080,8320
9066,-29617,-18295
9067,19526,-21356
9068,27705,22665
9069,-29624,22654
9070,-10163,-35696
9071,28735,-11114
9072,-35759,3221
9073,14410,-23391
9074,19521,6302
9075,-17334,32910
9076,-20396,-18281
9077,33860,-8037
9078,24632,26766
9079,-35766,8330
9080,-7090,-28520
9081,25666,1175
9082,-6075,32903
9083,17469,-7029
9084,27696,25727
9085,-17351,17527
9086,-3013,-33656
9087,22576,-17263
9088,5166,34944
9089,-35776,9340
9090,14393,-31604
9091,26668,14469
9092,-20426,27768
9093,-21439,-20350
9094,17465,-18293
9095,-40883,-884
9096,-11181,-25447
9097,33859,7318
9098,-956,33926
9099,-26543,-13171
9100,11340,-24423
9101,23617,11412
9102,-24499,21642
9103,-17322,-27496
9104,13392,1175
9105,7245,36997
9106,6218,-32619
9107,28732,3220
9108,-19386,32900
9109,-24494,-15220
9110,20552,-19306
9111,23613,27785
9112,-21432,15490
9113,71,-21363
9114,34870,-2929
9115,-5063,25731
9116,-31671,-11127
9117,16449,-21356
9118,-28593,22665
9119,-12203,-30568
9120,34884,-8036
9121,11327,22673
9122,-23477,-18278
9123,-948,-28504
9124,24640,5286
9125,-35758,29848
9126,-26529,-5989
9127,26706,-12127
9128,17482,25749
9129,-13231,-36697
9130,38974,4261
9131,-961,29847
9132,-27571,2198
9133,6218,-16226
9134,24638,13464
9135,-18361,20622
9136,-8117,-29539
9137,26686,-12125
9138,9274,37009
9139,-26553,-878
9140,6212,-26465
9141,-9143,26770
9142,-15279,-13159
9143,19528,-24411
9144,13378,12447
9145,-33709,17559
9146,-12199,-23389
9147,34888,-1884
9148,-1975,31893
9149,-25514,-13156
9150,13392,-29525
9151,20550,14500
9152,-16306,-17235
9153,18501,-14156
9154,3140,44191
9155,-22449,12441
9156,13385,-34646
9157,28731,14499
9158,-19387,33939
9159,-24495,-19299
9160,14410,-19289
9161,12356,30872
9162,-19378,15505
9163,-6063,-26466
9164,6222,23699
9165,-26533,-14182
9166,11350,-23386
9167,33862,24730
9168,-14259,23695
9169,-13228,-25444
9170,27719,-13149
9171,8259,19610
9172,-13238,-10081
9173,3145,-27475
9174,25661,8361
9175,-21432,-13136
9176,23613,-22341
9177,21555,20657
9178,-25536,10412
9179,-7100,-25415
9180,22585,-1862
9181,-4037,23727
9182,-22458,3246
9183,11329,-14155
9184,25653,30886
9185,-10182,19613
9186,-10177,-26454
9187,1086,30875
9188,-25525,6296
9189,1098,-17247
9190,23615,8349
9191,-17336,25745
9192,-17327,-14184
9193,28739,-24412
9194,16443,30869
9195,-26552,148
9196,-14257,-19298
9197,26690,4252
9198,-25521,-7008
9199,14408,-27474
9200,17472,10409
9201,-14265,21663
9202,-20399,-24405
9203,15434,-8017
9204,1097,26786
9205,-16303,5280
9206,6222,-29521
9207,29760,4269
9208,-12218,22690
9209,-22447,-18261
9210,6222,23712
9211,-23462,12442
9212,-4004,-21339
9213,36938,3236
9214,5192,22681
9215,-24492,-18270
9216,25672,-22355
9217,18495,21667
9218,-14266,19610
9219,-10165,-21339
9220,30780,-5976
9221,-13245,-3926
9222,9279,-33605
9223,16439,-1860
9224,-11203,23729
9225,-20409,-13128
9226,22588,-21309
9227,17460,18618
9228,-30653,7351
9229,-7097,-21310
9230,21565,-829
9231,-8127,22712
9232,-22452,-6980
9233,19523,20658
9234,-16309,18601
9235,-11183,-22348
9236,26692,-10055
9237,1091,24749
9238,-28591,4267
9239,4175,-19275
9240,25667,14510
9241,-5050,19621
9242,-10165,-17234
9243,21569,-20296
9244,-33710,-3910
9245,-8106,-25401
9246,23627,2246
9247,3146,22715
9248,-19372,-5954
9249,12366,-21303
9250,13384,10436
9251,-16304,7361
9252,-12202,-18230
9253,17486,-5939
9254,-7086,33981
9255,-19364,188
9256,21586,10423
9257,-13223,18606
9258,-22428,-9037
9259,14429,-10056
9260,7258,16560
9261,-18333,8364
9262,98,-16204
9263,28756,6321
9264,83,15530
9265,-17316,-17229
9266,11351,-18244
9267,-15265,16564
9268,-2975,-20290
9269,20567,-3904
9270,8275,23733
9271,-14246,-4936
9272,12372,-24380
9273,17484,8384
9274,-14253,18615
9275,-17316,-10052
9276,21586,-9023
9277,11341,22710
9278,-13228,4276
9279,15437,2227
9280,-4017,22696
9281,-19367,-8020
9282,13395,-11086
9283,17483,18601
9284,-16301,14498
9285,-9128,-24402
9286,17488,-4943
9287,79,24741
9288,-28579,-3929
9289,5211,-15185
9290,-10144,16551
9291,-11162,-9044
9292,21596,-13133
9293,10327,17579
9294,-26524,4265
9295,-1947,-19277
9296,23642,6320
9297,-6051,24740
9298,-13212,-11094
9299,13406,-15182
9300,11353,15531
9301,-17310,10406
9302,18521,-6998
9303,-934,25758
9304,-22427,2205
9305,7266,-22360
9306,21592,11427
9307,-15264,18586
9308,-13209,-16222
9309,15456,-7002
9310,6237,20636
9311,-15259,1179
9312,2148,-15197
9313,-5017,24727
9314,-19343,-12131
9315,13419,-22360
9316,15460,15521
9317,-18323,13467
9318,-914,-16221
9319,19557,-1884
9320,-922,20634
9321,-17297,-1893
9322,11370,-17244
9323,22623,12446
9324,-17304,17558
9325,20574,-11108
9326,10329,18579
9327,-17310,1170
9328,1121,-24418
9329,19544,6299
9330,-10147,17555
9331,-20377,-16229
9332,11362,-16221
9333,11357,17563
9334,-14236,10390
9335,-7064,-23390
9336,-3990,19609
9337,-25481,-1894
9338,4213,-17245
9339,19564,11422
9340,-15244,18581
9341,-10119,-15203
9342,19568,-7007
9343,8300,24725
9344,-20362,6290
9345,2165,-22371
9346,19564,10392
9347,-7056,21646
9348,14441,-16234
9349,12387,18573
9350,-17300,8329
9351,-5009,-22380
9352,22628,-875
9353,-1947,22666
9354,-27533,-6003
9355,15468,-19305
9356,18531,14480
9357,-16277,9356
9358,-12175,-20330
9359,7278,19597
9360,-24454,4235
9361,-901,-17260
9362,23664,7313
9363,-7052,25733
9364,-18307,-11125
9365,18548,-17260
9366,11375,21642
9367,-20359,9350
9368,1144,-19312
9369,23661,3215
9370,-7055,23684
9371,10348,-20338
9372,20578,13448
9373,-14231,16512
9374,-14224,-16248
9375,24676,-7028
9376,5218,22657
9377,-20372,128
9378,3179,-19318
9379,19554,8326
9380,-12184,18557
9381,-17295,-15227
9382,14442,21627
9383,-25481,14452
9384,-3975,-24448
9385,21615,-1919
9386,-7053,19576
9387,-20355,-4997
9388,12407,-17276
9389,18542,12414
9390,-20360,16502
9391,-12162,-21375
9392,25714,-8059
9393,4208,25721
9394,111,-27513
9395,22628,10370
9396,-8088,24694
9397,-17295,-11140
9398,22630,-15228
9399,13408,26743
9400,-20374,8307
9401,-2964,-25472
9402,24672,127
9403,-7068,21621
9404,-27534,-12165
9405,21608,16499
9406,-19342,13421
9407,-13191,-19337
9408,26732,-3975
9409,5226,23662
9410,-25481,-913
9411,2166,-25476
9412,27753,11383
9413,-15247,23660
9414,-19333,-19338
9415,20593,-14211
9416,7278,23666
9417,-913,-23426
9418,23652,-2944
9419,-7064,24692
9420,-21389,-8072
9421,18538,-24444
9422,19553,22649
9423,-20373,15474
9424,-15245,-19332
9425,26726,-2946
9426,4196,23667
9427,-25487,-5002
9428,21607,11377
9429,-10132,21607
9430,-20362,-18320
9431,18541,-18311
9432,12391,22638
9433,-23437,14439
9434,-3979,-26508
9435,25705,-907
9436,-3989,24681
9437,-19339,-9106
9438,17517,-26501
9439,19556,14452
9440,-15252,-21377
9441,26719,-8061
9442,5213,25719
9443,-26518,-904
9444,4200,-26491
9445,23645,11392
9446,-11165,20598
9447,-17300,-19328
9448,20578,-17271
9449,7263,24701
9450,-25492,7290
9451,29790,-3972
9452,-2976,26735
9453,-23444,-8077
9454,16484,-22402
9455,21594,13432
9456,-22427,17520
9457,-14228,-20358
9458,29790,-8066
9459,3165,29808
9460,-27541,-5005
9461,6248,-26496
9462,21598,15481
9463,-22423,-18302
9464,16481,-17269
9465,11356,23680
9466,-25495,11387
9467,-918,-28535
9468,27741,-1910
9469,-9118,30843
9470,-25489,-9088
9471,19558,-18295
9472,25690,19584
9473,-25497,17528
9474,27738,-6021
9475,9302,26734
9476,-29595,1133
9477,2148,-26502
9478,25688,13428
9479,-8100,22633
9480,-22425,-21388
9481,22620,-20354
9482,9304,24690
9483,-29593,11373
9484,-1944,-31619
9485,24668,124
9486,-22425,-4993
9487,20573,-22390
9488,24657,17538
9489,-23459,18553
9490,-19353,-23419
9491,27738,-4984
9492,10325,26747
9493,-30620,-4994
9494,7265,-29555
9495,25685,12423
9496,-13220,25723
9497,18515,-18300
9498,14412,28790
9499,-28582,15471
9500,-933,-25476
9501,27726,-899
9502,77,31854
9503,-30628,-8078
9504,18515,-21379
9505,19530,14454
9506,-26537,15471
9507,-16289,-20359
9508,28753,-3973
9509,-31647,-4994
9510,2144,-32626
9511,27731,10377
9512,-16293,25725
9513,-24473,-20345
9514,20573,-17264
9515,13399,30849
9516,-25500,11388
9517,99,-29557
9518,25687,-2931
9519,-7077,28799
9520,14420,-24437
9521,29766,18562
9522,-22447,24694
9523,-18342,-25469
9524,30795,-11127
9525,8263,27772
9526,-30634,-899
9527,3157,-27509
9528,28743,10374
9529,-14258,25722
9530,-21415,-22395
9531,22606,-19313
9532,-26533,11402
9533,-9120,-27496
9534,25684,-4965
9535,-4010,31884
9536,-27548,-7024
9537,16476,-28514
9538,24656,15511
9539,-24484,14480
9540,-19354,-24420
9541,26713,-9055
9542,6230,27796
9543,85,-24416
9544,33861,4254
9545,-8119,24722
9546,-19373,-21347
9547,20553,-18266
9548,11332,25754
9549,-25519,14483
9550,-7083,-28511
9551,33861,160
9552,-4025,29842
9553,-25516,-10089
9554,10319,-26460
9555,-21414,22681
9556,-15262,-21340
9557,27733,-8024
9558,12367,28826
9559,-30626,-1893
9560,1117,-27479
9561,30798,5287
9562,-14251,28825
9563,-26526,-17246
9564,18521,-17237
9565,18512,32923
9566,-4014,-29526
9567,27717,-4947
9568,-6072,33949
9569,-31656,3228
9570,12370,-23384
9571,25670,15521
9572,-23470,23702
9573,-18341,-25437
9574,31820,-11095
9575,8264,24733
9576,-32680,-3937
9577,1111,-22358
9578,-9124,28828
9579,-23448,-18267
9580,22621,-21328
9581,16469,20646
9582,-26526,13472
9583,-6043,-33615
9584,26712,-4940
9585,-1959,30885
9586,-24475,-4952
9587,16477,-28490
9588,28751,17582
9589,-22438,-22343
9590,26701,-16191
9591,11336,31922
9592,-30633,6319
9593,86,-25412
9594,34885,9400
9595,-9142,23725
9596,-20396,-18250
9597,21578,-23358
9598,15427,26805
9599,-25520,19628
9600,-5037,-27462
9601,-940,28844
9602,-23456,-3922
9603,10331,-30531
9604,20561,13495
9605,-22436,19630
9606,-13213,-16202
9607,28757,-9029
9608,14414,33963
9609,-25509,1194
9610,3162,-32582
9611,28748,6327
9612,-29605,-16193
9613,15444,-24373
9614,19531,30908
9615,-21418,16564
9616,-7078,-30525
9617,30795,-7993
9618,-5042,31928
9619,-32674,-3910
9620,13400,-29495
9621,26699,17601
9622,-21418,22710
9623,-12196,-19264
9624,8280,29874
9625,-30617,3249
9626,-6038,-26434
9627,35929,11449
9628,-9122,33961
9629,-23446,-13136
9630,20576,-24388
9631,17496,23729
9632,-22429,14506
9633,-9112,-30535
9634,25692,-4932
9635,-21401,-2882
9636,14432,-29491
9637,27731,11464
9638,-17316,23741
9639,-20378,-22328
9640,25690,-16176
9641,12372,28866
9642,-31644,9406
9643,4194,-26421
9644,34897,9415
9645,-2989,26810
9646,-25504,-18237
9647,17496,23736
9648,-21405,22701
9649,-12183,-28485
9650,30810,-2883
9651,2137,31918
9652,-22428,-3920
9653,11359,-30529
9654,20565,13497
9655,-20385,22702
9656,-22422,-14155
9657,30811,-15171
9658,-27543,7354
9659,-918,-29495
9660,29788,200
9661,-8096,24764
9662,-26515,-13117
9663,14438,-19251
9664,19549,23746
9665,-20377,13500
9666,-3991,-28470
9667,25693,-9009
9668,-4001,28865
9669,-31633,-6971
9670,24675,13503
9671,-18324,25779
9672,-17291,-16197
9673,27752,-14142
9674,14433,23735
9675,-30608,4277
9676,-1935,-27453
9677,26724,6336
9678,-9111,28850
9679,-20365,-13127
9680,19562,-24379
9681,-22411,15550
9682,-14212,-28468
9683,22641,-4913
9684,-1934,27842
9685,-24450,1217
9686,12408,-29488
9687,28778,9420
9688,-18317,21698
9689,-19331,-22323
9690,21619,-14124
9691,7280,22729
9692,-26499,7366
9693,28783,6339
9694,-8077,20665
9695,-24449,-12097
9696,14456,-24373
9697,19567,16579
9698,-22406,17595
9699,-9089,-24377
9700,25715,-824
9701,2162,25788
9702,-22403,-4929
9703,9337,-26420
9704,-16255,21698
9705,-16247,-16182
9706,23678,-12080
9707,15479,24772
9708,-23421,9408
9709,2178,-25395
9710,28788,1228
9711,-7048,21698
9712,-25467,-13111
9713,13439,-18222
9714,16503,21704
9715,-19327,15553
9716,27764,-9018
9717,-1931,24762
9718,-26494,-1861
9719,4224,-22330
9720,22645,14527
9721,-13188,19638
9722,-14205,-16194
9723,24695,-13115
9724,13425,23738
9725,-26498,2233
9726,-1921,-24379
9727,-6014,24761
9728,-21363,-8003
9729,13447,-22328
9730,19582,15553
9731,-19320,11452
9732,-11122,-26423
9733,23683,-822
9734,-2939,31931
9735,-22384,1210
9736,11403,-23354
9737,21633,13504
9738,-13176,16568
9739,18559,-15168
9740,8315,21686
9741,-24441,7347
9742,1158,-19267
9743,24698,4283
9744,-7042,23728
9745,-19320,-13129
9746,14465,-19263
9747,16505,16569
9748,-23419,13491
9749,-9078,-20291
9750,4232,24753
9751,-24428,-6987
9752,6289,-23359
9753,18568,6334
9754,-15216,21684
9755,-14185,-16196
9756,20621,-11070
9757,9353,24758
9758,-21356,6323
9759,1171,-24385
9760,24711,3262
9761,-9076,22707
9762,13446,-14150
9763,20604,17586
9764,-15228,14507
9765,-8056,-21322
9766,22653,-4935
9767,124,22702
9768,-24440,-2896
9769,4230,-24388
9770,18557,16564
9771,-13180,22697
9772,-8056,-17230
9773,9348,16554
9774,-22385,4264
9775,-4974,-25419
9776,20616,5299
9777,-4981,22696
9778,-18284,-9043
9779,16524,-15179
9780,13446,17581
9781,-17265,7338
9782,-9068,-22347
9783,17548,-842
9784,-2930,22699
9785,8330,-19275
9786,22655,11440
9787,-12155,13482
9788,-13172,-20300
9789,19587,-9031
9790,3202,22702
9791,-21363,7339
9792,6282,-15181
9793,23679,4273
9794,-7037,18600
9795,-15221,-12114
9796,10374,14503
9797,-20336,11426
9798,-9067,-18261
9799,24713,-852
9800,4231,21666
9801,-17264,-10073
9802,10379,-21326
9803,19586,9390
9804,-16246,16550
9805,-12144,-18257
9806,18567,-3919
9807,6276,23718
9808,1155,-26445
9809,22648,2226
9810,-10115,18601
9811,-18298,-12113
9812,11393,-9036
9813,10364,18603
9814,-17275,10406
9815,4227,-17233
9816,24695,-1872
9817,-3975,20646
9818,-21372,-6998
9819,15485,13476
9820,-11133,16540
9821,-6010,-16220
9822,23675,-8024
9823,3194,17568
9824,-19324,159
9825,5250,-21334
9826,16506,8358
9827,-10113,21660
9828,-13178,-12126
9829,20604,-14167
9830,9336,15522
9831,-8068,-21331
9832,16500,172
9833,-907,16548
9834,-21376,-5977
9835,12410,-16209
9836,18545,14504
9837,-14216,12450
9838,-11138,-20308
9839,20596,-4945
9840,2163,20645
9841,-20355,1188
9842,20595,9376
9843,-5002,18583
9844,-17281,-12131
9845,14456,-16219
9846,8308,15518
9847,-21377,11417
9848,-3967,-14176
9849,22646,4254
9850,-3976,21652
9851,-15232,-11110
9852,14457,-18269
9853,10356,15516
9854,-12166,-17243
9855,18545,164
9856,6254,22681
9857,-19336,152
9858,5238,-22365
9859,11377,9375
9860,-16263,13465
9861,-12161,-16223
9862,16503,-9050
9863,4213,18589
9864,-20353,7322
9865,23668,153
9866,-3978,15506
9867,-22399,-5995
9868,12411,-16227
9869,15476,14486
9870,-6025,17550
9871,-3975,-17257
9872,20591,-1896
9873,3182,19599
9874,-21383,-4974
9875,5239,-19300
9876,17519,12438
9877,-15241,-12132
9878,21613,-11102
9879,9321,11421
9880,-19341,-866
9881,-1932,-17241
9882,18539,5285
9883,-6034,19612
9884,-17289,-5985
9885,14448,-15193
9886,17512,14496
9887,-19342,10395
9888,12396,1178
9889,-1939,25742
9890,-20361,1165
9891,10354,-18282
9892,14443,10385
9893,-18316,14474
9894,-12166,-18285
9895,20592,-12135
9896,7277,21647
9897,-24455,7308
9898,4215,-19306
9899,25707,8338
9900,-16269,-10089
9901,14444,-15201
9902,13414,12441
9903,-19344,10388
9904,-11146,-18275
9905,20588,-866
9906,4202,23699
9907,-22411,-5994
9908,10352,-22367
9909,5230,-862
9910,-20360,11421
9911,19567,-9054
9912,4205,19609
9913,-19337,2200
9914,8307,-20318
9915,20585,6303
9916,-10130,18582
9917,-23430,-12132
9918,16498,-13149
9919,16490,20633
9920,-19340,9365
9921,115,-21344
9922,20585,5278
9923,-20365,-3936
9924,10350,-20310
9925,17510,6311
9926,-13203,23708
9927,-12173,-17243
9928,26726,-6999
9929,12384,12451
9930,-26515,162
9931,7274,-20308
9932,22623,7337
9933,-13210,15522
9934,18525,-13143
9935,17493,22686
9936,-15267,6299
9937,-8095,-23385
9938,13403,166
9939,-8097,24730
9940,-17304,-7010
9941,14433,-19288
9942,16473,14497
9943,-16287,14490
9944,-14232,-19292
9945,17504,-15188
9946,-30609,7337
9947,6252,-17230
9948,25696,12460
9949,-8092,22689
9950,-17299,-19285
9951,21603,-10064
9952,10334,19623
9953,-23446,-4950
9954,7271,-25417
9955,17503,18606
9956,-21398,18597
9957,32858,-3929
9958,8278,15520
9959,-18337,-16216
9960,22612,-5973
9961,7249,26782
9962,-23459,-4959
9963,9305,-22356
9964,12371,22689
9965,-19363,17561
9966,2140,-24411
9967,29774,4259
9968,77,2210
9969,9289,23703
9970,-17326,-21342
9971,23623,-1885
9972,-18352,17563
9973,8268,-22362
9974,17476,23707
9975,-22449,-12127
9976,28737,160
9977,-22452,17560
9978,7241,-27482
9979,4167,26777
9980,22588,-1894
9981,-18363,22671
9982,5187,-27491
9983,23608,21651
9984,-17343,-15205
9985,27700,-7009
9986,-19394,18582
9987,3133,-30555
9988,11320,14494
9989,-24508,-15194
9990,26679,12448
9991,-24509,21654
9992,22584,20620
9993,-21437,-6001
9994,6208,-22374
9995,-13241,15507
9996,-8117,-32605
9997,16451,21657
9998,-27567,-8035
9999,26692,-2913
10000,-17331,14488
10001,5195,-26459
10002,17475,21659
10003,10302,-17244
10004,-3008,32916
10005,-18359,-24416
10006,11332,15513
10007,-28590,2200
10008,18505,-12130
10009,-15279,29840
10010,4175,-26467
10011,28737,11416
10012,-24499,-5989
10013,23618,-17244
10014,-15286,23705
10015,27709,16529
10016,-27573,9357
10017,7240,-16235
10018,-951,35972
10019,-11185,-30573
10020,23620,10382
10021,-27566,5260
10022,16458,-25447
10023,-949,29835
10024,-16301,-18284
10025,16459,15501
10026,5193,-12141
10027,3144,33923
10028,-12210,-23409
10029,31807,8331
10030,-25524,13445
10031,16452,-26478
10032,-6073,31875
10033,-16305,-6010
10034,26690,12416
10035,-26545,24692
10036,16455,-21377
10037,5189,33903
10038,31798,10346
10039,-21439,18529
10040,12347,-31631
10041,12341,28771
10042,-24511,-9112
10043,35888,-1943
10044,-15304,26716
10045,12338,-23448
10046,7215,34903
10047,-16329,-13218
10048,33831,2141
10049,8227,-38800
10050,16411,31841
10051,-30678,-16279
10052,23583,-10130
10053,1054,22627
10054,5148,-20371
10055,35851,15462
10056,-29670,-13203
10057,33802,-7055
10058,-22507,18536
10059,9233,-31624
10060,9229,25708
10061,29695,-17291
10062,0,18540
10063,-6141,-31620
10064,26614,21618
10065,-16385,-10121
10066,38893,-13186
10067,-9230,23667
10068,11245,-34684
10069,14311,26743
10070,-33800,-8069
10071,33768,-3971
10072,-17423,-27509
10073,30691,6280
10074,-24592,135
10075,25572,-27499
10076,-1051,20619
10077,-8214,-33636
10078,23519,16532
10079,-30737,5266
10080,31712,-23394
10081,-12313,32910
10082,-7189,-27492
10083,24544,10391
10084,20439,-30554
10085,-3111,3237
10086,-22555,-27469
10087,21467,7344
10088,-37906,6317
10089,24547,-24391
10090,-1052,28843
10091,-10262,-32581
10092,20449,4281
10093,-37900,10420
10094,22506,-35642
10095,-35844,-23342
10096,25584,3281
10097,-31744,10444
10098,12282,-27430
10099,7159,35017
10100,-20478,-28457
10101,32754,2262
10102,-27648,16590
10103,0,-31522
10104,0,38092
10105,-18423,-30501
10106,29691,12501
10107,15348,-26398
10108,17388,38096
10109,-28677,-15144
10110,30701,3287
10111,-23559,26826
10112,-1030,-29479
10113,10230,35016
10114,-24573,-16176
10115,25591,6349
10116,-31737,21699
10117,21501,-28463
10118,-28660,-11049
10119,30717,-12067
10120,-21496,27856
10121,-2039,-4909
10122,24573,28869
10123,-35825,196
10124,15368,24760
10125,-29673,31913
10126,11282,-29512
10127,14347,40101
10128,-29670,-11093
10129,29708,2218
10130,-10223,-25417
10131,22534,28841
10132,-34793,-2901
10133,38916,2218
10134,-13301,41110
10135,-6130,-20320
10136,29696,23701
10137,-24564,-9062
10138,38905,-12128
10139,-17406,38030
10140,-6139,-29539
10141,-27629,9369
10142,29701,-28505
10143,3076,30872
10144,-10231,-35670
10145,29691,16546
10146,-17404,4256
10147,32756,-19286
10148,-5129,32922
10149,-5126,-33621
10150,24559,20641
10151,-18439,-862
10152,17393,-24402
10153,-13320,-27460
10154,25580,-16188
10155,4075,29878
10156,-26631,-23358
10157,21487,5312
10158,-23557,4286
10159,29677,-10045
10160,-11277,26806
10161,-2059,-27452
10162,26601,8384
10163,-20492,18615
10164,26600,11442
10165,-25611,27813
10166,-8198,-28493
10167,33770,8367
10168,-26632,19622
10169,-3078,-29515
10170,19441,20651
10171,-27649,6312
10172,12282,-24396
10173,9206,24744
10174,-16385,-12114
10175,22517,-8014
10176,-9222,-25409
10177,16371,4285
10178,-22529,3260
10179,22517,-9023
10180,-14339,13499
10181,11256,-25400
10182,1015,27835
10183,17391,-12095
10184,-20486,8381
10185,22512,3260
10186,-28673,-13117
10187,-30705,14524
10188,26626,-9023
10189,-21491,192
10190,19460,11451
10191,-17395,-26424
10192,-8175,16576
10193,-1006,-33583
10194,25606,10444
10195,-21487,-2866
10196,14346,-13099
10197,-2037,25801
10198,-15341,-26410
10199,-29662,9426
10200,16410,-22307
10201,-11232,35020
10202,-11226,-27430
10203,15391,21712
10204,-27603,-4909
10205,21539,-10024
10206,-16341,23757
10207,-980,-17194
10208,22561,16590
10209,-31695,6347
10210,10284,32955
10211,-24520,-12095
10212,8244,-18230
10213,11311,22719
10214,-12235,-24373
10215,13359,16579
10216,-11211,-14134
10217,16429,14531
10218,-14284,-15157
10219,22569,13509
10220,-21452,-10038
10221,27687,-16174
10222,-5078,-35612
10223,21536,20698
10224,-32720,-19228
10225,24612,-3866
10226,-24528,27865
10227,10283,-33558
10228,2090,34010
10229,-22475,-17181
10230,27688,-11031
10231,-15312,24797
10232,-11210,-22296
10233,-20416,16608
10234,10299,-15128
10235,-3011,20702
10236,-5056,-28436
10237,22581,19683
10238,-25534,226
10239,20536,-5915
10240,9268,24793
10241,-26559,6358
10242,10300,-25373
10243,25648,14556
10244,-16328,16596
10245,18479,23753
10246,-29634,-6963
10247,21556,-3889
10248,-20418,9419
10249,24626,-17196
10250,-10185,33988
10251,15408,-10039
10252,24612,30906
10253,-25551,-2884
10254,29731,-6976
10255,-5082,24756
10256,27673,20650
10257,-34774,12452
10258,6183,-19282
10259,17439,19621
10260,-15321,164
10261,16415,-10071
10262,-12251,20639
10263,-5080,-31569
10264,7205,24739
10265,-26574,-22354
10266,24614,14503
10267,-23502,-6997
10268,-12232,21665
10269,9268,-22356
10270,-6089,18595
10271,-3015,-19283
10272,-19389,17573
10273,15420,-23375
10274,-16316,21671
10275,6209,-27467
10276,10300,20651
10277,-13245,-11087
10278,16443,11436
10279,5177,-9039
10280,-966,20647
10281,-14271,-19279
10282,19512,17577
10283,-31672,-4948
10284,26683,-6992
10285,-17340,18599
10286,5186,-20303
10287,3137,18600
10288,-14264,-11090
10289,22589,11433
10290,-16315,168
10291,9281,22685
10292,-15287,2204
10293,4167,-12126
10294,10306,16538
10295,-15286,7319
10296,11333,-12131
10297,-6072,9369
10298,2119,-29528
10299,-5046,6309
10300,16450,-16211
10301,-14263,18596
10302,14402,17564
10303,-28592,-8032
10304,28738,-5981
10305,-23474,18586
10306,12360,-17245
10307,-17327,25751
10308,16457,-20319
10309,-12209,20631
10310,14408,-5990
10311,-13233,1177
10312,11338,-13152
10313,3145,21654
10314,22590,-873
10315,-20408,11410
10316,12354,-24418
10317,-10169,20628
10318,14400,-12134
10319,-11194,153
10320,33846,5271
10321,-17345,-14178
10322,19510,4252
10323,-21439,7321
10324,24629,-12129
10325,-13252,-11099
10326,19507,-4952
10327,-11207,13474
10328,12339,-10073
10329,-8137,17567
10330,3126,-16217
10331,-7110,18590
10332,4152,-17241
10333,-5061,19614
10334,-1988,-19288
10335,4154,26779
10336,-6083,-12127
10337,-25526,4255
10338,21568,12441
10339,-11194,-3941
10340,9282,22672
10341,-3004,-17255
10342,-10167,28811
10343,4167,-30566
10344,5189,30859
10345,-8119,-19307
10346,17473,25737
10347,-23475,-12145
10348,-18346,19590
10349,20556,-24430
10350,-14253,26757
10351,11342,-26478
10352,-945,23687
10353,4173,-26476
10354,-11181,15501
10355,17483,-882
10356,-23465,-2928
10357,20557,21638
10358,-9134,-22383
10359,21576,15498
10360,8260,-15214
10361,-16308,20616
10362,-5041,-30569
10363,7244,19598
10364,-16300,-2928
10365,13390,-12138
10366,77,26761
10367,-13228,-21356
10368,25672,10383
10369,-23468,2190
10370,20554,-15210
10371,-11184,-14179
10372,19527,-866
10373,-16305,15511
10374,11338,-12131
10375,-949,21651
10376,1098,-15205
10377,6215,14484
10378,-952,-13157
10379,12354,16531
10380,-13239,14476
10381,5191,-16236
10382,14400,27783
10383,20534,-14194
10384,9266,28800
10385,-32702,-7036
10386,14395,-20338
10387,4153,17542
10388,-15295,2181
10389,7230,-12149
10390,8250,16515
10391,-15294,1154
10392,13372,-10105
10393,6201,16511
10394,13363,-11131
10395,5169,16509
10396,-17350,-6016
10397,16434,-16248
10398,7215,18559
10399,-22470,-8061
10400,24622,-6010
10401,-16330,24698
10402,-5063,-23418
10403,21551,21628
10404,-24517,123
10405,17459,-11135
10406,-12231,-9082
10407,16433,5252
10408,-21444,10367
10409,9272,-12155
10410,7221,23674
10411,-18370,-4995
10412,29744,-14204
10413,4142,17532
10414,-17353,6265
10415,14384,-19325
10416,4142,25719
10417,24610,-8069
10418,-13271,16499
10419,5159,-27519
10420,9251,22646
10421,-23505,-13187
10422,24611,-10110
10423,-8153,24694
10424,-2008,-18305
10425,18463,11386
10426,30,17522
10427,-27604,6255
10428,6185,-15241
10429,-14288,9331
10430,-19398,-11143
10431,20528,-8067
10432,47,28783
10433,-16329,-11147
10434,12337,-13188
10435,15402,13430
10436,-13263,15471
10437,21543,-24453
10438,14368,23664
10439,-12250,7277
10440,13344,108
10441,-5085,16484
10442,-11223,-15252
10443,22558,107
10444,-14299,17507
10445,-986,-19347
10446,20508,17509
10447,-21465,100
10448,23580,-9111
10449,-8160,22622
10450,-991,-19352
10451,11292,13410
10452,17428,-11160
10453,-16356,14433
10454,7193,-19349
10455,2072,27742
10456,-15328,-16282
10457,22549,10337
10458,-18402,13403
10459,7195,-21402
10460,18450,19549
10461,-20452,-2977
10462,-4066,-15257
10463,-2017,24667
10464,-25556,-6050
10465,-979,-16282
10466,15398,-9109
10467,-4056,17507
10468,-10195,-13206
10469,15398,9318
10470,-15314,2149
10471,12328,-15251
10472,11299,18532
10473,-14294,6241
10474,-9169,-14232
10475,-5070,21598
10476,-15302,-14235
10477,24622,-3993
10478,-9165,18526
10479,-3019,-24470
10480,18476,14435
10481,-22473,1122
10482,18478,-15254
10483,-8142,21600
10484,-1997,-19350
10485,10286,15459
10486,15399,-11159
10487,-3031,14434
10488,-13264,-18325
10489,26659,4201
10490,-18388,7270
10491,9256,-16274
10492,13346,12392
10493,-25553,9316
10494,7212,-18323
10495,12326,7274
10496,-14291,11365
10497,44,-17298
10498,-19402,1133
10499,22571,-18314
10500,-10192,23659
10501,-3022,-30598
10502,12332,16498
10503,-20426,-2956
10504,12336,-11142
10505,5166,16498
10506,-15306,-2956
10507,12336,-18307
10508,-975,21619
10509,16425,5233
10510,-17358,10348
10511,13356,-8080
10512,-6097,14441
10513,-3023,-14224
10514,18472,-911
10515,-7124,23654
10516,-16332,-17297
10517,19499,-5006
10518,-5074,16490
10519,-15306,-3988
10520,8242,-11150
10521,-16326,3185
10522,7223,-9098
10523,22572,6259
10524,-6097,17515
10525,-9164,-18316
10526,16428,2163
10527,-7120,12397
10528,-15304,-13196
10529,21550,-8072
10530,3117,19567
10531,-14284,-12171
10532,51,23658
10533,-21442,-5011
10534,20532,-10126
10535,-6089,19561
10536,-20415,-9106
10537,20535,-11148
10538,-1992,26727
10539,-17343,-8085
10540,15418,-11151
10541,7223,17513
10542,-19391,2152
10543,-1982,-16272
10544,-11192,7277
10545,-6069,-15243
10546,15428,3188
10547,-14261,11375
10548,-2995,-21382
10549,21571,13428
10550,-18356,5234
10551,16452,-16262
10552,9280,17522
10553,-12218,3185
10554,7235,-15239
10555,-17332,-9090
10556,22593,-9085
10557,-958,13437
10558,-15286,-6016
10559,20544,-13177
10560,63,21629
10561,-17336,-2945
10562,7237,-23413
10563,11328,22656
10564,-13241,3199
10565,9283,-13178
10566,66,16510
10567,19513,8314
10568,-21436,-901
10569,22585,-8065
10570,-11201,20597
10571,-10172,-14212
10572,18491,-4993
10573,7224,22644
10574,-12226,-9095
10575,8250,-11137
10576,6199,18550
10577,-21438,-9093
10578,-6075,26734
10579,-9142,-21383
10580,21568,5239
10581,-17335,3190
10582,14402,-13187
10583,-6075,16501
10584,-7095,-15235
10585,13379,12407
10586,-9144,15472
10587,-10163,-20358
10588,22594,-901
10589,3137,12405
10590,8253,-16259
10591,16437,11384
10592,-1994,13426
10593,-17345,-909
10594,5181,-13190
10595,18484,-901
10596,-11206,18546
10597,-8130,-15238
10598,14391,3193
10599,-8133,10356
10600,-5058,-14213
10601,-12220,18546
10602,-9143,-14215
10603,19520,1144
10604,1087,14449
10605,-11195,-1934
10606,10304,-14215
10607,19511,10356
10608,-1992,14445
10609,-19390,4203
10610,-7098,-20363
10611,12352,-8071
10612,9276,10356
10613,-963,-22401
10614,18484,7292
10615,-11206,13430
10616,-5059,-10117
10617,16437,-8065
10618,-1994,11386
10619,-3016,-17277
10620,25644,-2939
10621,-13261,8321
10622,11310,-22388
10623,5164,25728
10624,16420,6269
10625,-13269,11384
10626,7208,-15232
10627,39,18551
10628,-8149,-11139
10629,11302,4219
10630,-15314,7288
10631,10281,-16256
10632,4135,19575
10633,-15313,-4998
10634,2094,-21371
10635,16422,7298
10636,-10197,-9081
10637,17443,-4982
10638,-11223,19585
10639,-2006,-15223
10640,13348,9349
10641,-17363,3204
10642,-6096,-20338
10643,17448,11401
10644,-9171,8325
10645,-10190,-14196
10646,19497,-8048
10647,-16335,-9067
10648,15402,-4968
10649,-4052,23693
10650,-2003,-23399
10651,15398,17553
10652,-16338,-2925
10653,7211,-14182
10654,10278,9366
10655,-15314,10385
10656,45,-17254
10657,16421,13460
10658,-12245,7313
10659,15396,-878
10660,-11222,14475
10661,-5075,-17260
10662,17445,1171
10663,-9174,9359
10664,-9169,-11115
10665,19494,2196
10666,-10197,18571
10667,-4051,-16237
10668,14374,5265
10669,-14291,6286
10670,9257,9354
10671,-14288,-2932
10672,10283,-9071
10673,42,14474
10674,-12240,-21355
10675,18471,3220
10676,-13266,6289
10677,3117,-14184
10678,12327,6293
10679,-11219,17549
10680,-10190,-15211
10681,11309,-13156
10682,-15307,6297
10683,4147,-15199
10684,14380,-2909
10685,5162,19610
10686,-14287,4248
10687,-12233,-9059
10688,16431,-7007
10689,9259,9373
10690,-5074,16533
10691,-17353,-9062
10692,5173,-12128
10693,5171,13466
10694,-20419,-3940
10695,-1986,-14173
10696,10297,-12119
10697,12339,12451
10698,-7113,10398
10699,-14274,-865
10700,11321,-13146
10701,-966,11425
10702,-19388,-862
10703,14397,-14167
10704,2108,12451
10705,9272,-5978
10706,-9155,10401
10707,1084,-13144
10708,7225,9380
10709,-15295,-4953
10710,15418,-856
10711,-14271,2215
10712,14394,-8021
10713,-9153,9383
10714,9275,-15185
10715,-3011,10410
10716,13367,4264
10717,-10180,5286
10718,7225,-10069
10719,1080,15524
10720,-10179,-11094
10721,12343,6311
10722,-17344,5285
10723,12346,-14164
10724,-965,18595
10725,-8129,-14166
10726,17463,12452
10727,-13250,1187
10728,2109,11422
10729,-8127,-10077
10730,9277,-9048
10731,4155,18591
10732,-12223,-15193
10733,21559,3238
10734,-4039,9378
10735,-6084,-9049
10736,7225,7332
10737,-10178,-3930
10738,13368,1189
10739,7221,-6999
10740,2100,18592
10741,-15300,-4957
10742,8248,-8025
10743,7221,11426
10744,-12229,5280
10745,5177,-14169
10746,18480,10402
10747,-5069,9374
10748,-19395,4252
10749,-1986,-19290
10750,17462,-6998
10751,-17345,-6994
10752,10298,-6990
10753,4152,14507
10754,-11202,7336
10755,3133,-12114
10756,9273,5292
10757,-6084,9384
10758,-5057,-9043
10759,12345,-4944
10760,3128,8364
10761,-12226,-2898
10762,1085,12456
10763,-12221,-4949
10764,12349,-5970
10765,1084,14503
10766,-8128,-9044
10767,8252,-5969
10768,11319,11434
10769,-10180,-1877
10770,59,-14158
10771,13365,2225
10772,-6088,13483
10773,-5061,-8017
10774,58,13481
10775,-6083,-2901
10776,7226,-8017
10777,7223,10410
10778,-9156,5288
10779,1083,-12114
10780,15412,-849
10781,-4042,12457
10782,-15298,-6995
10783,8250,-13132
10784,8246,13486
10785,2101,-15178
10786,18476,3253
10787,-6097,14510
10788,-14282,-8014
10789,8242,-8010
10790,7215,12464
10791,-10188,6317
10792,-3018,-8015
10793,11313,4271
10794,-7115,14504
10795,-3017,-11090
10796,18478,173
10797,-8142,-14156
10798,9262,-6984
10799,7211,9396
10800,-8145,12462
10801,-14282,-9037
10802,17454,-1868
10803,9258,22697
10804,-7122,8357
10805,-7118,-5976
10806,5168,-12114
10807,19495,4268
10808,-12243,-10063
10809,10280,-9034
10810,10275,4276
10811,3106,12462
10812,-15318,3245
10813,1065,-12109
10814,8229,-11079
10815,15390,-2885
10816,6171,15540
10817,-9184,10415
10818,-13273,2222
10819,-4055,-12108
10820,40,18603
10821,-8148,7336
10822,-13261,-4949
10823,4145,-15181
10824,14378,7344
10825,-4052,13482
10826,-10191,-853
10827,-974,-9040
10828,13356,1199
10829,1067,12457
10830,-16333,-5972
10831,7216,14501
10832,-12234,-1882
10833,3125,-18257
10834,10288,12457
10835,-12234,6310
10836,4148,-10069
10837,2099,13477
10838,-9160,-2905
10839,9268,-6997
10840,5170,7336
10841,-9161,5286
10842,-1992,-10069
10843,-9155,7336
10844,-10174,-4949
10845,6207,-12111
10846,10298,7342
10847,57,12456
10848,-9154,7333
10849,-8126,-10070
10850,14395,1193
10851,-5058,10404
10852,-6079,-8024
10853,11324,-1879
10854,-6081,-8019
10855,10298,-9038
10856,11317,9390
10857,-13252,10409
10858,-7104,-11089
10859,10299,-10060
10860,8247,5298
10861,-4039,15531
10862,-10178,-5970
10863,4156,-11084
10864,13366,5298
10865,-5063,10413
10866,8245,-3921
10867,7218,10410
10868,-8138,7335
10869,-6087,-9044
10870,13363,-10063
10871,10286,11436
10872,-7118,10407
10873,-10185,-856
10874,-3015,-16208
10875,14386,175
10876,13356,12457
10877,7209,-11089
10878,9253,2222
10879,-4057,10409
10880,-10196,-854
10881,43,-12112
10882,14372,1199
10883,-5081,16551
10884,-12243,-6997
10885,6186,-13134
10886,14371,3249
10887,5153,9389
10888,-14296,-1874
10889,10275,1197
10890,1058,16549
10891,-8154,3236
10892,-9173,-4953
10893,6184,-10068
10894,16416,9384
10895,-2015,13474
10896,-12249,7327
10897,-14290,-8029
10898,8234,-14166
10899,8230,2217
10900,-10197,-1878
10901,-3027,-13135
10902,12327,-1870
10903,9251,12460
10904,-4059,11431
10905,-17362,166
10906,-2001,-12116
10907,6188,-8016
10908,14373,-847
10909,6178,12459
10910,-4060,10406
10911,-11222,165
10912,7207,9377
10913,-14290,160
10914,4140,-12122
10915,5162,9378
10916,-14287,10397
10917,-14280,-5984
10918,-4038,-7004
10919,5176,-11094
10920,12338,-853
10921,8238,6312
10922,3117,11427
10923,-978,-10072
10924,5164,-13137
10925,15397,-848
10926,10272,6317
10927,2079,12455
10928,-12251,3238
10929,-6104,-4951
10930,-983,-14160
10931,12323,-2894
10932,4129,13484
10933,-4061,6313
10934,-8153,-854
10935,8227,13476
10936,-9176,9376
10937,-6101,-9051
10938,8231,-8023
10939,2086,10404
10940,-12244,-1883
10941,4138,-9046
10942,8230,169
10943,10273,10404
10944,-2014,12446
10945,-5083,9370
10946,11296,-11104
10947,11291,-863
10948,13333,10396
10949,-1002,10391
10950,-4072,13457
10951,-8164,-3949
10952,-3042,-4970
10953,1053,-11108
10954,16405,-4961
10955,8209,158
10956,10252,9370
10957,-3058,6295
10958,4108,-7013
10959,8200,5273
10960,-8180,10388
10961,-10223,-9063
10962,12299,-7011
10963,11270,12439
10964,-3064,8339
10965,-11250,3218
10966,-6127,-12136
10967,9229,-7012
10968,9225,-867
10969,-14320,1180
10970,-6125,-5985
10971,2066,-12123
10972,11277,-5976
10973,8201,167
10974,8197,9379
10975,-3065,10398
10976,-9204,8346
10977,-10223,-3940
10978,-1006,-8032
10979,9230,-863
10980,3085,10396
10981,4107,-8032
10982,11270,6301
10983,-7158,8345
10984,-9201,-7011
10985,1038,-8031
10986,11273,-862
10987,11268,9374
10988,-7160,8346
10989,-8180,1177
10990,-8176,-7011
10991,6157,-10078
10992,-1010,8350
10993,-6127,6299
10994,-5100,-9056
10995,-3050,-10075
10996,7187,-8023
10997,10254,168
10998,5132,4262
10999,11,13472
11000,-4083,6301
11001,-12269,2204
11002,-2028,-5985
11003,3091,-11099
11004,-4075,11424
11005,-8167,2207
11006,-4069,-5982
11007,7192,-10073
11008,13330,7332
11009,-4076,10399
11010,-6121,-4958
11011,9235,-5979
11012,11278,4259
11013,-4080,6304
11014,-9195,-9051
11015,6162,9377
11016,-9193,9373
11017,-5094,-11101
11018,7191,-5978
11019,6164,5284
11020,-3050,11423
11021,-12260,3230
11022,-5089,-7006
11023,1054,-12120
11024,12312,3239
11025,3095,11426
11026,-8165,7327
11027,7192,-5982
11028,8212,6303
11029,-7144,11418
11030,-6117,-4963
11031,9239,-2913
11032,2070,9371
11033,-9189,-868
11034,3098,-8032
11035,8214,3231
11036,-1001,10394
11037,-11235,1177
11038,10264,5271
11039,-3046,10386
11040,-5091,-4971
11041,4123,-7015
11042,8215,2200
11043,-2024,8340
11044,-10211,-2922
11045,4123,-11108
11046,10262,-867
11047,11281,1180
11048,3088,11415
11049,-2031,8339
11050,2064,-9064
11051,11275,-1895
11052,6152,5271
11053,2055,12433
11054,-9204,2192
11055,-7152,-2926
11056,-1007,-10089
11057,8205,-4966
11058,6154,-2916
11059,7175,10391
11060,1030,7316
11061,5,-9063
11062,10240,1176
11063,-4094,9364
11064,-9209,-8040
11065,9219,-7012
11066,7168,10391
11067,-4094,6292
11068,-9209,6289
11069,-5110,-12137
11070,10245,-2919
11071,6146,2200
11072,3073,9364
11073,1024,-12134
11074,9212,-869
11075,3067,5273
11076,-6145,9365
11077,-12282,148
11078,-2041,-5993
11079,5125,-5990
11080,9217,4248
11081,-2046,12434
11082,-8186,-2924
11083,4100,-9063
11084,-5113,7318
11085,-6134,-4967
11086,5128,-4964
11087,3079,9368
11088,-7157,10387
11089,-2036,-8041
11090,14341,150
11091,-1018,7315
11092,-7158,-876
11093,-5107,-3946
11094,3084,-11108
11095,9224,1179
11096,-7156,4249
11097,-6129,-3941
11098,4109,-8033
11099,8201,-864
11100,9221,7325
11101,-3065,8345
11102,-9204,-1894
11103,4106,-5987
11104,6151,7322
11105,-7157,4248
11106,10,-7012
11107,-4084,6297
11108,-1011,-5988
11109,10248,4250
11110,-7156,7319
11111,2059,-10084
11112,9223,5274
11113,-4087,8342
11114,-6132,3221
11115,-6129,-7015
11116,5133,-5988
11117,8201,-867
11118,-2038,9369
11119,7175,152
11120,-7157,9364
11121,-2036,-8040
11122,6153,5270
11123,-3061,5268
11124,-9200,-8040
11125,5134,-3942
11126,7179,5272
11127,-5106,6293
11128,-5103,-3945
11129,9229,-1896
11130,-3057,-7012
11131,7180,155
11132,-5105,10390
11133,-3055,-8038
11134,7182,153
11135,-3056,9365
11136,-3054,-8039
11137,6159,152
11138,14,8340
11139,-7150,-8040
11140,5136,-1895
11141,3087,10388
11142,8203,-4969
11143,4105,6292
11144,-14320,-3946
11145,6157,-2920
11146,2060,7317
11147,-8176,-1898
11148,9228,-3944
11149,-2035,7317
11150,-6128,-5992
11151,4110,1175
11152,-9197,3222
11153,3090,7315
11154,-5099,3218
11155,-2026,-10089
11156,6163,3222
11157,-4075,6291
11158,-3049,-8041
11159,7188,-872
11160,-3050,9364
11161,-3048,-4969
11162,9236,1174
11163,-8168,7315
11164,-2023,-4970
11165,-6116,6291
11166,1051,-4970
11167,8215,2197
11168,-6118,4243
11169,1049,-4970
11170,5143,7315
11171,-7141,-1900
11172,5145,-3946
11173,1048,10385
11174,-3046,-4972
11175,7191,-1899
11176,-3047,-8039
11177,4119,2200
11178,-5094,8340
11179,-997,-9063
11180,3098,4247
11181,-7138,-872
11182,8218,4246
11183,-6115,1173
11184,8217,-3945
11185,-7139,5269
11186,5147,-2921
11187,-3043,6292
11188,4123,7313
11189,-5090,-3949
11190,8218,3218
11191,-997,-5995
11192,4121,3220
11193,-9186,-875
11194,7195,4243
11195,-8161,-876
11196,11290,2195
11197,-6115,3218
11198,5147,-5995
11199,26,-5992
11200,6167,6293
11201,-1000,-7015
11202,-999,10388
11203,6166,-2922
11204,-7142,3221
11205,5144,148
11206,-6117,5266
11207,5145,-4971
11208,1048,6290
11209,-3046,-7018
11210,5144,4244
11211,3095,-5993
11212,22,8339
11213,-4072,-3947
11214,7189,3220
11215,-5096,1171
11216,2071,-4970
11217,1046,10385
11218,-2025,-4972
11219,6164,3219
11220,-8168,1170
11221,7189,-877
11222,-4073,-3947
11223,9235,2196
11224,-5098,2195
11225,-1001,-8041
11226,2070,6292
11227,-5095,-1899
11228,7190,-1898
11229,-4072,5268
11230,1047,-5993
11231,22,7316
11232,-4072,-1899
11233,9236,1172
11234,5138,-4969
11235,1041,8339
11236,-5100,-7017
11237,5138,2198
11238,-6123,149
11239,6162,2196
11240,-7146,5266
11241,7187,-3948
11242,-2028,4242
11243,2067,-7018
11244,18,8338
11245,6159,1169
11246,-7149,1168
11247,4113,-2926
11248,-1006,7311
11249,17,-5998
11250,3088,4240
11251,-6125,-1903
11252,7184,1168
11253,-3054,3215
11254,1041,-7021
11255,3088,5265
11256,-5101,-878
11257,-1004,7311
11258,-4074,-2927
11259,7187,1168
11260,-5098,2191
11261,21,-4974
11262,2068,6287
11263,-4074,-880
11264,6163,-2926
11265,-3051,5264
11266,-1002,-4973
11267,5140,5265
11268,3091,-2925
11269,-1004,6288
11270,19,-7020
11271,5137,1171
11272,-3053,-1900
11273,19466,-2922
11274,2057,22667
11275,-19437,-4978
11276,12301,-19304
11277,18436,11411
11278,-18419,17547
11279,-12269,-20331
11280,7184,18572
11281,-24548,3211
11282,1051,-22378
11283,25615,7315
11284,-7149,22664
11285,-17380,-14193
11286,14357,-14186
11287,12303,17550
11288,-20455,13448
11289,-2022,-24428
11290,21520,147
11291,-19430,-2923
11292,10261,-25438
11293,17421,11421
11294,-17386,18580
11295,-14307,-18275
11296,19476,-7007
11297,11279,19608
11298,-24549,1175
11299,4121,-22366
11300,21519,9374
11301,-9196,18581
11302,-18403,-14180
11303,16405,20626
11304,-17378,12428
11305,-2017,-23400
11306,19478,-4965
11307,-3048,23696
11308,-23516,-8044
11309,15389,-18275
11310,19476,12439
11311,-18403,17551
11312,-10206,-19303
11313,23575,-9058
11314,-22494,6299
11315,33,-21338
11316,23574,7331
11317,-6119,25751
11318,-20445,-13154
11319,14364,-13147
11320,15381,22682
11321,-22496,6295
11322,-8156,-24413
11323,19483,-860
11324,-6114,27799
11325,-20440,-4966
11326,19487,7319
11327,-16345,17551
11328,-10196,-17256
11329,23585,-4965
11330,3104,21649
11331,-22485,6286
11332,4137,-20328
11333,25629,8340
11334,-11229,21642
11335,-18388,-14191
11336,12326,-14184
11337,-19408,12434
11338,-7116,-21347
11339,19499,-866
11340,-980,25746
11341,-21449,-8042
11342,12337,-23390
11343,18472,13468
11344,-18383,18579
11345,-14280,-17252
11346,24620,-7008
11347,8232,24724
11348,-24524,147
11349,25640,8335
11350,-11218,20613
11351,-20424,-13172
11352,15409,-14189
11353,16425,21641
11354,-16335,11396
11355,-7115,-24432
11356,20523,-3950
11357,-5074,23687
11358,-20424,-7029
11359,14385,-18284
11360,-15303,19595
11361,-11201,-15213
11362,17463,14476
11363,-18368,17540
11364,-15288,-21361
11365,17472,-8045
11366,8252,23688
11367,-23480,135
11368,6213,-26476
11369,27704,10383
11370,-11202,18566
11371,-18361,-15218
11372,16447,22659
11373,-19383,12413
11374,-2997,-18298
11375,25663,-1913
11376,-1984,23676
11377,-27570,-3970
11378,14407,-23414
11379,17471,13444
11380,-21430,18555
11381,-13231,-19323
11382,23622,-13172
11383,-30635,4234
11384,1108,-27496
11385,19531,3223
11386,-7089,26762
11387,-20391,-13167
11388,19536,-16231
11389,14409,26764
11390,-23467,10375
11391,-8103,-25452
11392,24653,-875
11393,-2993,24713
11394,-30626,-7027
11395,25682,10376
11396,-16294,16512
11397,-15262,-26483
11398,27733,-11117
11399,7250,20617
11400,-23458,6278
11401,3165,-23406
11402,29775,10381
11403,-10156,24705
11404,-16292,-13176
11405,17492,-21357
11406,-27550,17547
11407,-9113,-21354
11408,34902,-2920
11409,85,26763
11410,-24479,-3955
11411,11356,-26470
11412,25680,16530
11413,-15272,13452
11414,-17311,-23400
11415,20567,-9059
11416,10322,26768
11417,-23458,-879
11418,24658,4239
11419,-9129,21637
11420,-25500,-18290
11421,18523,-16234
11422,15444,22667
11423,-27550,11398
11424,-8090,-19312
11425,26713,-8044
11426,-5028,24712
11427,-28566,-7028
11428,14435,-19306
11429,-23441,22667
11430,-13194,-21354
11431,26729,-13155
11432,8293,29839
11433,-18322,142
11434,1133,-28516
11435,23650,10391
11436,-10137,30856
11437,-26508,-11122
11438,20586,-14187
11439,17506,22666
11440,-25489,12420
11441,26722,-15220
11442,-5019,33916
11443,-26510,-1923
11444,10349,-21368
11445,29791,8324
11446,-18328,19579
11447,-14225,-21370
11448,29793,-16242
11449,5215,23683
11450,-29586,12413
11451,2157,-25462
11452,-7055,31867
11453,-22404,-14206
11454,15477,-30575
11455,15470,22662
11456,-32642,17534
11457,-9085,-31602
11458,39024,1165
11459,5230,28799
11460,-27524,-10108
11461,11383,-30573
11462,25707,19594
11463,-23433,20608
11464,21613,-17271
11465,14438,30842
11466,-25485,2169
11467,3186,-22396
11468,34913,2179
11469,-11161,26742
11470,-32649,-8070
11471,21613,-21371
11472,12391,20603
11473,-30602,23664
11474,-4999,-24452
11475,120,29806
11476,-24444,-7054
11477,10367,-27520
11478,24691,18551
11479,-11143,28777
11480,-16255,-26506
11481,30834,-13187
11482,8302,25713
11483,-19336,3184
11484,-6021,-27522
11485,26734,12408
11486,-13195,29802
11487,14446,-15246
11488,26721,17514
11489,-28561,14435
11490,-9100,-29582
11491,29798,-5003
11492,-921,26728
11493,-31625,2151
11494,13425,-24461
11495,30818,15468
11496,-10137,24672
11497,-9108,-22421
11498,11367,29789
11499,-30602,4187
11500,-3976,-30614
11501,32872,9318
11502,-2966,33878
11503,-18317,-12196
11504,13421,-28566
11505,22626,12388
11506,-30607,26711
11507,-10122,-24477
11508,27753,-924
11509,-2965,34899
11510,11366,-28575
11511,33878,6238
11512,-15266,14423
11513,-23446,-15265
11514,21600,-15257
11515,14425,37973
11516,-24475,6226
11517,5219,-29599
11518,33875,6238
11519,-10152,27729
11520,-28570,-15271
11521,11361,18512
11522,-16279,25668
11523,-11153,-26543
11524,31840,-12201
11525,5214,25675
11526,-22423,-4019
11527,11364,-32675
11528,26711,14422
11529,-13218,26697
11530,-16282,-21420
11531,30807,-16292
11532,11346,27727
11533,-8106,-39837
11534,23627,3170
11535,-13230,25686
11536,-30623,-8102
11537,22614,-22427
11538,22603,18524
11539,-29606,14421
11540,-7074,-28573
11541,29776,-13206
11542,4174,26717
11543,-31650,3164
11544,26705,12374
11545,-13224,29768
11546,-17311,-20398
11547,28755,-22435
11548,16459,20563
11549,-30630,11342
11550,-10145,-31650
11551,22612,9306
11552,-6057,32842
11553,-23453,-12208
11554,21593,-26531
11555,19536,19540
11556,-13225,-22433
11557,22604,-9116
11558,1099,32852
11559,-29606,2131
11560,8278,-22434
11561,32838,10329
11562,-20400,18512
11563,-22437,-12202
11564,23632,-12196
11565,21574,34891
11566,-27564,11334
11567,25672,-6071
11568,-6069,30778
11569,-21418,-11200
11570,16462,-26547
11571,20548,23618
11572,-28590,20536
11573,-11176,-24508
11574,32840,67
11575,5190,29749
11576,-26541,-4041
11577,2130,-24509
11578,25670,23608
11579,-21423,-19390
11580,25669,-18357
11581,18492,19522
11582,-27574,6207
11583,-9137,-30642
11584,24643,6219
11585,-7097,41015
11586,-24493,-5062
11587,21577,-24506
11588,23614,26681
11589,-22455,13363
11590,23614,-13254
11591,2109,25646
11592,-31667,5164
11593,5195,-26567
11594,23616,17457
11595,-12218,21543
11596,-17329,-22478
11597,27714,-20420
11598,12348,28718
11599,-32692,14375
11600,-7088,-25548
11601,24644,6193
11602,-22449,-8139
11603,17479,-23487
11604,29753,16441
11605,-20413,11316
11606,-14262,-24512
11607,25662,-7100
11608,9274,31797
11609,-19388,-3017
11610,13374,-20415
11611,28720,9277
11612,-19398,22578
11613,18481,-19396
11614,19496,32812
11615,-16336,13350
11616,-1999,-25549
11617,29731,4145
11618,10270,25637
11619,-19416,-17362
11620,12322,-27588
11621,16410,21554
11622,-25561,18473
11623,-7125,-17358
11624,35866,-16326
11625,-28632,1081
11626,-8148,-24507
11627,20514,6210
11628,-15318,21560
11629,-23498,-13249
11630,20524,-11195
11631,16420,15422
11632,-26575,2109
11633,-9162,-29620
11634,21548,5194
11635,-4050,25662
11636,18469,-22455
11637,24601,21567
11638,-17374,12345
11639,-15318,-29624
11640,15395,-12210
11641,34,24642
11642,-29647,2113
11643,9261,-23475
11644,21539,11336
11645,-15317,24636
11646,-19403,-19386
11647,24617,-15282
11648,-29640,15431
11649,-7108,-19375
11650,25648,2128
11651,-5069,34879
11652,-20419,-10172
11653,13367,-32684
11654,21549,14413
11655,-23495,15430
11656,-15295,-16306
11657,24629,-5039
11658,-970,29763
11659,3125,-26544
11660,28711,6221
11661,-10196,24641
11662,-19402,-17334
11663,15407,-21419
11664,17447,29767
11665,-12243,10306
11666,-2002,-23474
11667,24610,1101
11668,-2013,25665
11669,-18388,-11193
11670,15397,-24493
11671,-16339,23624
11672,-6096,-16304
11673,24612,-4014
11674,7201,25670
11675,-21460,2117
11676,-979,-25518
11677,18468,11341
11678,-18387,12359
11679,-20425,-15281
11680,21549,-13226
11681,11304,28744
11682,-16336,-31656
11683,27683,-5029
11684,-7129,24655
11685,-23501,-7085
11686,14380,-20387
11687,13350,18516
11688,-17361,13390
11689,-11211,-17321
11690,17453,-10148
11691,5163,20562
11692,-24521,-1965
11693,5173,-21410
11694,-12229,22611
11695,-17340,-17316
11696,19515,-17307
11697,5177,19548
11698,-20413,6233
11699,-8121,-17310
11700,24635,5216
11701,-11199,30801
11702,-21428,-7083
11703,14405,-18338
11704,13375,10329
11705,-13242,-23451
11706,21564,-6040
11707,8248,28762
11708,-16320,2137
11709,8252,-20381
11710,20530,5217
11711,-9161,22614
11712,-11203,-18337
11713,18484,-12187
11714,8240,19548
11715,-26563,6233
11716,-1986,-24475
11717,-961,23642
11718,-20407,-6051
11719,13379,-22424
11720,18490,13410
11721,-19388,11357
11722,-8120,-21400
11723,25660,-8084
11724,1083,21602
11725,-20411,-2972
11726,2116,-25487
11727,14397,10348
11728,-15291,-8080
11729,21563,-8076
11730,14388,17516
11731,-18371,4202
11732,-6080,-24458
11733,22581,-905
11734,-5064,18542
11735,-21437,-5007
11736,10302,-20357
11737,22579,17523
11738,-16325,16491
11739,-10176,-22410
11740,-1983,22635
11741,-23475,-8081
11742,3148,-22406
11743,20546,9334
11744,-6075,18541
11745,-13236,-11149
11746,14405,-17284
11747,8257,18547
11748,-21428,3186
11749,-947,-17285
11750,20547,9335
11751,-16309,-7045
11752,12357,-16253
11753,14398,11390
11754,-15290,13432
11755,-9141,-20350
11756,18498,-2940
11757,-4028,21626
11758,-17331,1145
11759,9289,-19325
11760,19520,10366
11761,-15288,17526
11762,-9139,-22399
11763,12359,19576
11764,-23469,10355
11765,5201,-18308
11766,25669,-1923
11767,-4025,20595
11768,-16305,-14214
11769,14408,-14207
11770,16448,14458
11771,-23476,5240
11772,-7088,-19326
11773,20550,-3964
11774,-17329,3203
11775,4173,-22386
11776,18500,8330
11777,-11190,15491
11778,-15278,-19315
11779,16458,-11117
11780,9286,22664
11781,-20400,6277
11782,7245,-17266
11783,16453,3213
11784,-12213,19588
11785,-19371,-10103
11786,12367,16513
11787,-13226,10364
11788,1109,-23416
11789,23626,-3958
11790,-7090,18561
11791,-21415,-1918
11792,9301,-13175
11793,18508,16513
11794,-17323,20599
11795,-4009,-20351
11796,25675,-3965
11797,-21418,5249
11798,85,-21364
11799,21579,4234
11800,-10160,21632
11801,-17319,-12154
11802,18512,-13171
11803,16456,14470
11804,-15280,9346
11805,-2990,-22387
11806,19529,140
11807,-7091,19587
11808,-17322,-4986
11809,20556,12416
11810,-13229,17528
11811,-15269,-16256
11812,19538,-10107
11813,7247,21627
11814,-18344,4217
11815,5206,-20349
11816,20556,8319
11817,-10159,12409
11818,-16295,-10114
11819,17489,-16250
11820,-18342,15487
11821,-6051,-22390
11822,23634,137
11823,-1965,22654
11824,-19363,-11132
11825,7258,-23408
11826,16466,14473
11827,-17317,13443
11828,-10144,-20339
11829,19543,-7023
11830,86,26756
11831,-19360,-891
11832,16472,5251
11833,-8100,19578
11834,-17307,-16254
11835,16477,-14199
11836,11352,24701
11837,-17311,7290
11838,96,-22395
11839,26707,3204
11840,-5034,19579
11841,-20384,-9088
11842,11355,-19318
11843,-12191,19585
11844,-14232,-20341
11845,20574,-7025
11846,3165,23684
11847,-26518,-4985
11848,4200,-19311
11849,20574,9357
11850,-13211,22658
11851,-8087,-11128
11852,20575,-12146
11853,10330,19589
11854,-24474,10368
11855,22619,2175
11856,-2979,24691
11857,-19353,-9096
11858,14432,-19326
11859,20566,13436
11860,-18337,15477
11861,-9116,-21376
11862,20570,-8060
11863,6231,25720
11864,-23453,-903
11865,8287,-21372
11866,-11163,19579
11867,-16275,-12159
11868,16485,-13176
11869,14430,20606
11870,-21399,6267
11871,-1942,-22394
11872,26717,2181
11873,-2977,23674
11874,-20375,-12160
11875,12387,-19318
11876,16475,19585
11877,-20379,13435
11878,23642,-2947
11879,3161,23666
11880,-18334,-5003
11881,3169,-22400
11882,21591,8316
11883,-19359,20594
11884,-15255,-16262
11885,21599,-11136
11886,10330,22645
11887,-27544,2164
11888,-2966,-23424
11889,-8082,24692
11890,-24454,-9095
11891,10357,-15231
11892,17517,10364
11893,-17290,17524
11894,-11140,-22401
11895,26735,-4990
11896,1134,23671
11897,-25477,2166
11898,8311,-24446
11899,22636,13436
11900,-15244,24688
11901,19563,-14217
11902,12389,22636
11903,-22416,7273
11904,-911,-22412
11905,23654,4210
11906,-3992,23655
11907,-20366,-8085
11908,16490,-21386
11909,18529,20588
11910,-22420,12390
11911,-9103,-25485
11912,1136,28773
11913,-25475,-1946
11914,7290,-19344
11915,22639,8300
11916,-16265,20578
11917,-19327,-16278
11918,21623,-14223
11919,11378,28771
11920,-23426,9311
11921,-897,-26516
11922,29809,7273
11923,-11145,23646
11924,14448,-19352
11925,16488,18527
11926,-18319,16471
11927,-10122,-25500
11928,25706,-5017
11929,3177,26714
11930,-26506,-5027
11931,11377,-26518
11932,24677,11365
11933,-20369,18524
11934,-16265,-17307
11935,13425,21595
11936,-25474,5209
11937,-897,-27545
11938,26738,1126
11939,-7050,23643
11940,-22399,-8097
11941,16505,-21398
11942,22638,22623
11943,-20360,19542
11944,-10115,-25501
11945,26736,-5018
11946,-911,28760
11947,8301,-23452
11948,23650,13406
11949,-14231,20564
11950,-16271,-18339
11951,22630,-17306
11952,12384,24666
11953,-26515,6231
11954,-2961,-29594
11955,28769,5220
11956,-10138,28758
11957,-23438,-12196
11958,22631,20562
11959,-21390,16458
11960,-9097,-28584
11961,26730,-7076
11962,105,31821
11963,-27529,-2993
11964,8307,-25508
11965,21609,11351
11966,-19341,24651
11967,-19331,-20395
11968,25713,-14244
11969,10348,25680
11970,-6033,-25507
11971,28769,-1954
11972,-6044,26705
11973,-29581,-11177
11974,14444,-22430
11975,18531,18521
11976,-19347,18512
11977,-11149,-25507
11978,27750,-7071
11979,3173,25685
11980,-27533,-5032
11981,27750,13394
11982,-13203,22599
11983,-20361,-15281
11984,26730,-19367
11985,13412,28747
11986,-27534,6216
11987,-1933,-26539
11988,24679,1108
11989,-6038,29766
11990,-26505,-9141
11991,16495,-22442
11992,23652,19533
11993,-13205,-26534
11994,23648,-10145
11995,4190,33871
11996,-26517,2126
11997,7272,-26533
11998,24668,12373
11999,-10143,21579
12000,-20373,-16301
12001,21601,-18340
12002,11356,25680
12003,-25495,7245
12004,32857,2124
12005,-1958,27711
12006,-27544,-9148
12007,16480,-25519
12008,21590,15434
12009,-24478,18497
12010,-18325,-24499
12011,24671,-5040
12012,6236,30785
12013,-26519,-5052
12014,9317,-34731
12015,25689,14414
12016,-22428,-18345
12017,23641,-21406
12018,17489,24662
12019,-30624,14415
12020,-3998,-29602
12021,34897,-929
12022,-8107,22612
12023,-34714,-13221
12024,17502,-25496
12025,21588,23645
12026,-24480,18516
12027,29778,-10151
12028,6223,25677
12029,-25508,-2993
12030,7257,-31649
12031,24653,9307
12032,-12205,26702
12033,-21410,-21415
12034,21588,-19357
12035,18507,26710
12036,-26536,9298
12037,-2982,-31646
12038,27725,3169
12039,-27557,-10138
12040,14420,-23438
12041,27719,20584
12042,-20399,18527
12043,-18342,-26516
12044,26701,-13197
12045,6218,28773
12046,-27560,2148
12047,6229,-24464
12048,32837,13418
12049,-15283,31835
12050,22594,-23449
12051,18489,25691
12052,-30648,15444
12053,-9139,-25503
12054,29759,3168
12055,-5054,28754
12056,-25521,-11176
12057,12361,-26523
12058,21567,16477
12059,-20407,16469
12060,-17326,-27549
12061,28740,-11159
12062,-30637,1128
12063,5201,-30601
12064,29763,3190
12065,-14262,25706
12066,-24490,-14223
12067,19533,-19333
12068,19524,23664
12069,-23472,14441
12070,-943,-25482
12071,28739,117
12072,-5050,26728
12073,9282,-25483
12074,28724,21611
12075,-23488,26718
12076,-14265,-22423
12077,28729,-14224
12078,7222,30817
12079,-26557,1120
12080,1090,-30609
12081,25654,9323
12082,-11204,27742
12083,-21433,-13211
12084,27706,-23439
12085,-24506,7278
12086,-7094,-30595
12087,32826,-1922
12088,1081,27761
12089,-30648,-3981
12090,14401,-27519
12091,29747,19576
12092,-19395,16496
12093,-20409,-32640
12094,27706,-10107
12095,5176,29815
12096,-967,-27515
12097,31786,8321
12098,-7122,27764
12099,-26565,-19330
12100,16435,-21367
12101,19498,25725
12102,-33733,18548
12103,-9152,-24448
12104,33840,-1919
12105,47,31858
12106,-24517,-8074
12107,10294,-27516
12108,-21439,26743
12109,-20405,-20351
12110,24639,-13176
12111,9275,33912
12112,-24505,3191
12113,3142,-30586
12114,27705,8322
12115,-13248,28788
12116,-28594,-18307
12117,19525,-17274
12118,20539,27769
12119,-4035,-25466
12120,28719,-4983
12121,-3023,24701
12122,-32703,-4992
12123,5183,-26483
12124,24627,18564
12125,-19395,22649
12126,-15291,-18302
12127,27704,-12152
12128,8244,26747
12129,-24512,3194
12130,2111,-27512
12131,-10172,28794
12132,-25519,-12160
12133,20551,-21365
12134,18494,20609
12135,-22455,15482
12136,-11185,-25465
12137,28737,-4982
12138,-1982,25726
12139,-28592,-3968
12140,14409,-22389
12141,28731,19586
12142,-16317,-22387
12143,24631,-14188
12144,6196,27783
12145,-26559,8323
12146,1088,-25456
12147,26675,9356
12148,-8137,27775
12149,-24509,-16249
12150,18490,-24429
12151,15411,23688
12152,-26560,10371
12153,-8124,-27503
12154,4162,26756
12155,-29615,-4985
12156,10316,-31593
12157,23617,10386
12158,-16311,18569
12159,-20397,-20333
12160,22600,-9064
12161,14401,31881
12162,-22452,6278
12163,4170,-27500
12164,24638,7313
12165,-26549,-12137
12166,16451,-21342
12167,21561,25750
12168,-21436,16526
12169,-4026,-25445
12170,28728,-8033
12171,1079,22676
12172,-36791,-4969
12173,10308,-23389
12174,20538,17563
12175,-16318,20625
12176,-14263,-18278
12177,11332,21648
12178,-27566,3215
12179,-4012,-25444
12180,27719,6297
12181,-7093,26764
12182,-21418,-12142
12183,21580,-17253
12184,17476,19602
12185,-23472,8334
12186,-5037,-22375
12187,26694,-3941
12188,-25517,-1892
12189,10318,-21337
12190,24642,10402
12191,-12216,22679
12192,-14257,-20319
12193,23620,-13144
12194,4162,24732
12195,-29615,8344
12196,80,-21341
12197,25668,6304
12198,-9143,23701
12199,-20397,-14180
12200,18506,18579
12201,-24490,18570
12202,-12196,-20332
12203,26703,1171
12204,4173,25735
12205,-23463,-3959
12206,9301,-24427
12207,21579,10384
12208,-18348,18567
12209,-16292,-16241
12210,21586,-9068
12211,-22435,8336
12212,92,-24420
12213,24656,155
12214,-10155,20625
12215,-21408,-13160
12216,16472,-18271
12217,14417,20631
12218,-18342,14480
12219,-2980,-24420
12220,24656,-1891
12221,2127,23698
12222,-23461,-8042
12223,22608,12432
12224,-16296,23685
12225,-13217,-17266
12226,23636,-14187
12227,8272,21643
12228,-23460,138
12229,-1955,-25449
12230,23634,6292
12231,-11176,26759
12232,-20382,-12147
12233,20568,-16235
12234,-18335,12431
12235,-11161,-25444
12236,21597,-4961
12237,-2977,23700
12238,-23445,147
12239,9319,-19299
12240,22620,16533
12241,-15260,15502
12242,-12182,-20328
12243,16482,-13153
12244,97,23700
12245,-25490,3219
12246,23651,5265
12247,-9112,19592
12248,-15248,-17263
12249,14441,-20325
12250,13411,16531
12251,-17300,13453
12252,-10127,-21352
12253,25701,2199
12254,2148,25739
12255,-21393,-8049
12256,12393,-19303
12257,-16271,16529
12258,-17286,-17254
12259,17522,-9057
12260,6255,25747
12261,-21382,5265
12262,1145,-22372
12263,22638,2203
12264,-8078,20625
12265,-15238,-14184
12266,12404,-13153
12267,11375,20629
12268,-18312,12431
12269,23661,-1904
12270,3180,22661
12271,-20362,-2937
12272,6259,-17264
12273,14444,14473
12274,-13197,17537
12275,-13190,-12153
12276,20592,-4982
12277,5230,21632
12278,-21383,127
12279,120,-23413
12280,-8068,22656
12281,-16252,-9083
12282,17532,-13172
12283,16500,16516
12284,-19330,5250
12285,-4991,-19316
12286,19576,-3954
12287,-3974,23683
12288,-20348,-4986
12289,8320,-14195
12290,15481,16517
12291,-12161,14462
12292,18550,-12156
12293,5236,20602
12294,-21377,1145
12295,-1920,-18302
12296,20598,8318
12297,-8070,17526
12298,-14207,-12164
12299,15482,-13181
12300,9334,17531
12301,-20352,8311
12302,-8060,-18304
12303,-891,21622
12304,-15219,-6023
12305,11400,-18302
12306,15489,11389
12307,-15223,13431
12308,-10098,-16257
12309,14471,-7037
12310,4229,22648
12311,-20337,1143
12312,8331,-23421
12313,19586,6272
12314,-12152,17528
12315,12418,-9091
12316,10365,19572
12317,-18298,9328
12318,-889,-20358
12319,22652,121
12320,-899,21615
12321,-17274,-6030
12322,7299,-18309
12323,16507,14452
12324,-15229,13422
12325,-9080,-13195
12326,5254,19564
12327,-18289,1131
12328,3214,-19339
12329,14471,8305
12330,-11123,16489
12331,-13164,-9106
12332,15501,-10125
12333,15494,18538
12334,-17265,3177
12335,-1904,-20365
12336,18567,2162
12337,-8053,19561
12338,9351,-15247
12339,18558,15466
12340,-13179,10341
12341,-10102,-17298
12342,19585,-9101
12343,128,21609
12344,-20342,1128
12345,6279,-8084
12346,20605,12390
12347,-13180,17502
12348,-11126,-14235
12349,10373,21595
12350,-21360,5209
12351,-4973,-18334
12352,19594,5216
12353,-3956,20566
12354,-15212,-6055
12355,13454,-17310
12356,13448,14427
12357,-15216,10326
12358,-7020,-16290
12359,20618,-2976
12360,137,21590
12361,7302,-20384
12362,18557,7261
12363,-14204,13399
12364,-15220,-13218
12365,18563,-9117
12366,7296,21593
12367,-19318,3160
12368,1161,-16288
12369,22654,4190
12370,-7038,18517
12371,-18293,-9126
12372,9351,23631
12373,-17264,14408
12374,-3950,-17327
12375,24710,-4013
12376,-4983,22600
12377,-19309,-4022
12378,8335,-20396
12379,16519,8272
12380,-16241,17480
12381,-15209,-13233
12382,22668,-8109
12383,11399,18506
12384,-1912,-22443
12385,20606,4179
12386,-7038,19530
12387,-18293,-10161
12388,14468,-15273
12389,17532,17487
12390,-15228,8267
12391,-4985,-21418
12392,20605,-6055
12393,-7039,19536
12394,-21364,-4014
12395,20610,12364
12396,-14199,15429
12397,-12145,-17330
12398,19590,-10157
12399,5252,19530
12400,-23408,3145
12401,-879,-18350
12402,23686,11341
12403,-4983,20547
12404,-14192,-13238
12405,14473,-17325
12406,9349,20553
12407,-6008,-20397
12408,23677,-1964
12409,-898,23625
12410,-18297,-950
12411,11394,-20396
12412,18553,9296
12413,-15231,16456
12414,-13176,-19374
12415,25724,-6059
12416,8312,22602
12417,-22397,73
12418,22648,5191
12419,-4997,16447
12420,-20347,-12219
12421,14462,-16307
12422,13432,21571
12423,-15232,15420
12424,-3966,-24504
12425,25718,1095
12426,-3976,20541
12427,-20350,-10174
12428,9342,-22451
12429,14455,11336
12430,-13186,-15280
12431,26737,-6061
12432,13419,20553
12433,-24457,-1974
12434,4213,-24490
12435,22634,9298
12436,-10129,22599
12437,-22406,-8117
12438,19569,-17324
12439,15466,22601
12440,-16270,9285
12441,24678,-3001
12442,-2968,20541
12443,-24460,-5056
12444,11375,-21429
12445,19558,14404
12446,-18321,20538
12447,-13194,-21435
12448,23659,-11189
12449,4201,21569
12450,-26506,3136
12451,117,-19382
12452,23658,13380
12453,-19340,-16308
12454,18539,-17323
12455,15460,15438
12456,-23440,9290
12457,-9099,-22443
12458,22634,84
12459,-1941,26695
12460,-19339,-4023
12461,18540,-23467
12462,20578,14414
12463,-19348,15431
12464,26719,-7093
12465,7260,25663
12466,-24472,3134
12467,4198,-23478
12468,28760,7239
12469,-7076,19518
12470,-24472,-16314
12471,10339,-18353
12472,15452,22596
12473,-22425,10303
12474,-1944,-28595
12475,25692,76
12476,-25495,-10159
12477,7270,-25506
12478,18525,13400
12479,-19353,23629
12480,-13202,-15275
12481,25698,-7079
12482,7263,24653
12483,-31633,76
12484,1134,-30629
12485,23651,14420
12486,-11159,23625
12487,17505,-17326
12488,17497,22599
12489,-19357,9283
12490,-3995,-29614
12491,21595,-7082
12492,-6050,29768
12493,-27540,-8116
12494,17508,-23464
12495,23641,17488
12496,-25498,17480
12497,-11156,-25515
12498,21602,-9126
12499,-29583,3161
12500,4207,-23451
12501,28769,9313
12502,-2973,21591
12503,-25488,-22430
12504,20582,-19348
12505,15455,21602
12506,-26516,12380
12507,-6033,-23448
12508,26722,103
12509,-925,30808
12510,22616,-20382
12511,21582,8286
12512,-22439,24658
12513,-17310,-20388
12514,30803,-9119
12515,6224,31826
12516,-31648,2129
12517,6237,-26530
12518,31822,6235
12519,-6063,16467
12520,-25506,-18340
12521,12376,-17307
12522,-27546,16477
12523,101,-34706
12524,32853,-2960
12525,-4009,31841
12526,-28571,-11161
12527,11360,-25484
12528,21590,14445
12529,-17313,26720
12530,-16281,-11162
12531,26714,-7062
12532,12372,25694
12533,1107,-29587
12534,24647,3180
12535,-12211,31837
12536,-24487,-15259
12537,17489,-16275
12538,16457,21603
12539,-16303,14428
12540,-942,-32660
12541,23623,-3986
12542,-4023,29792
12543,-26538,-9115
12544,17486,-9110
12545,-18345,22623
12546,-15265,-18328
12547,25683,-19342
12548,7248,25702
12549,-30625,8290
12550,-5022,-25489
12551,30803,19558
12552,-7081,27737
12553,-22430,-22428
12554,20568,-20370
12555,16464,24674
12556,-10155,-24466
12557,26696,-7054
12558,6213,34913
12559,-26542,-9114
12560,19529,-32650
12561,28731,15471
12562,-26552,20581
12563,-18351,-18322
12564,26692,-15242
12565,7233,36964
12566,-27569,5218
12567,78,-31630
12568,-14251,29796
12569,-28573,-24464
12570,18522,-19334
12571,23631,29804
12572,-29602,22625
12573,-5023,-29584
12574,30802,-2958
12575,-5035,22631
12576,-26526,-9108
12577,10333,-25479
12578,19540,15474
12579,-23456,-15238
12580,37966,-14207
12581,11337,26740
12582,-30632,115
12583,-1959,-31613
12584,32841,11390
12585,-17326,25714
12586,-26529,-14215
12587,15448,-19325
12588,19535,30836
12589,-21414,13422
12590,-11168,-30595
12591,6237,40042
12592,-32659,-917
12593,12391,-32645
12594,31832,16499
12595,-18335,24679
12596,-17302,-20367
12597,28764,-21380
12598,9304,30829
12599,-32664,-914
12600,3175,-28548
12601,37973,6265
12602,-23455,-17278
12603,19544,-26481
12604,19535,19590
12605,-24485,14463
12606,-7073,-28531
12607,24659,-882
12608,1106,32894
12609,-23458,-10109
12610,13400,-31597
12611,35911,8335
12612,-23469,20613
12613,-18340,-24431
12614,12374,27780
12615,-28572,13438
12616,-2970,-26485
12617,40019,9351
12618,-10152,23676
12619,-26523,-29557
12620,17501,-26472
12621,15446,35975
12622,-24478,19582
12623,-9113,-26485
12624,30808,-4978
12625,-33687,1165
12626,-918,-34658
12627,20576,13464
12628,-18327,29834
12629,-18318,-14191
12630,29796,-20325
12631,13406,24719
12632,-35728,4237
12633,-5005,-30564
12634,28773,5274
12635,-9110,29836
12636,-29575,-11118
12637,29803,28804
12638,-16269,16508
12639,-15237,-31604
12640,26734,-7024
12641,-2960,31873
12642,-29569,128
12643,10362,-23412
12644,24686,22657
12645,-13195,20599
12646,-15235,-19327
12647,20595,-14200
12648,-31613,10371
12649,-3963,-27503
12650,41073,2192
12651,-7051,27779
12652,-22400,-12151
12653,26739,-27497
12654,21609,18574
12655,-24459,22659
12656,-16259,-29550
12657,21619,-2924
12658,-6026,38018
12659,-29563,-4987
12660,26744,10368
12661,-21373,33904
12662,-24433,-17287
12663,24707,-16255
12664,9343,26740
12665,-28531,9328
12666,-1906,-29569
12667,30847,7292
12668,-12155,21618
12669,-26478,-19332
12670,18569,-22393
12671,-27497,21629
12672,-10084,-25462
12673,28814,-10097
12674,11401,27778
12675,-27497,-893
12676,-1896,-35691
12677,24716,13455
12678,-16236,30848
12679,-19298,-17271
12680,29840,-17262
12681,16520,32898
12682,-26475,6271
12683,23690,-896
12684,-2932,29810
12685,-35682,-3980
12686,11417,-13189
12687,24717,23664
12688,-17258,19559
12689,-16226,-30602
12690,22675,-7046
12691,-7017,23663
12692,-33624,110
12693,13474,-33665
12694,-11096,26738
12695,-21325,-20356
12696,26790,-18299
12697,9378,17533
12698,-29519,12407
12699,-8011,-25468
12700,28839,6273
12701,2214,25717
12702,-15186,-11141
12703,26785,-22394
12704,17561,17534
12705,-27481,14455
12706,18590,-9092
12707,157,40041
12708,-26454,3176
12709,13476,-29577
12710,24728,7284
12711,-17247,27751
12712,-23379,-15249
12713,16549,-16265
12714,10400,24683
12715,-28498,15460
12716,3245,-31628
12717,172,22633
12718,-29509,-12177
12719,5305,-25476
12720,26796,24688
12721,-23368,20582
12722,-9027,-21391
12723,27824,-11145
12724,10411,28777
12725,-26440,-3989
12726,9396,-30598
12727,22697,6263
12728,-20301,23660
12729,24743,-19338
12730,22684,22635
12731,-18267,5225
12732,-12117,-28553
12733,24735,2166
12734,-3935,28776
12735,-31567,-5013
12736,17577,-15245
12737,25757,24679
12738,-18266,15456
12739,-13139,-28562
12740,1196,23651
12741,-26439,3170
12742,2232,-17301
12743,21678,12389
12744,-16202,30806
12745,-11076,-10149
12746,27823,-21402
12747,11434,19549
12748,-26441,12375
12749,-840,-25500
12750,25772,6241
12751,-1875,25685
12752,18596,-18338
12753,18587,10329
12754,-20315,17489
12755,-15187,-24483
12756,21667,-5024
12757,9375,29778
12758,-27475,5200
12759,13479,-25507
12760,25755,9305
12761,-12127,14418
12762,-18262,-24482
12763,11429,26705
12764,-19281,17481
12765,-3919,-23467
12766,29859,-2985
12767,1186,22604
12768,-27472,-9135
12769,9388,-21412
12770,15525,13398
12771,-19281,17486
12772,-9036,-21415
12773,27815,-11169
12774,4261,16471
12775,5283,-26524
12776,18586,8288
12777,-10081,31825
12778,-17240,-14248
12779,19615,-11170
12780,12441,18517
12781,-24411,8273
12782,3236,-23459
12783,28822,-6048
12784,-5991,19543
12785,-25434,-14242
12786,24730,20564
12787,-14175,11343
12788,-16215,-22438
12789,19616,-10145
12790,159,18518
12791,-23381,2133
12792,3242,-21408
12793,24734,9308
12794,-14171,27727
12795,-14164,-16297
12796,26783,-16289
12797,6300,21589
12798,-5985,-23455
12799,20629,3168
12800,148,25684
12801,-22369,-11174
12802,18582,-17309
12803,20620,16475
12804,-21353,13397
12805,-11107,-30620
12806,18580,-3994
12807,10383,27737
12808,-22374,-1958
12809,22671,4184
12810,-9068,18511
12811,-16228,-13226
12812,16532,-13219
12813,10383,25681
12814,-32609,8269
12815,-1888,-18346
12816,28818,-937
12817,-3948,19534
12818,-19298,-16298
12819,13464,-18337
12820,10387,15448
12821,-7017,-17311
12822,23692,1120
12823,3211,24660
12824,-26472,-5033
12825,3223,-24477
12826,19598,9311
12827,-27492,18518
12828,-19290,-12196
12829,21660,-12190
12830,13462,18521
12831,-17249,3160
12832,22676,-5029
12833,-4969,20561
12834,-21342,-5036
12835,13468,-17315
12836,16532,20563
12837,-18275,18506
12838,-5984,-22443
12839,18583,-8103
12840,150,19536
12841,-22367,2127
12842,5279,-17320
12843,13465,12370
12844,-11105,-13223
12845,16535,-15263
12846,12433,13403
12847,-24419,9303
12848,-1890,-20383
12849,21652,6238
12850,-875,20564
12851,-17250,-6057
12852,13464,-15265
12853,22669,13401
12854,-15211,12371
12855,16525,-4011
12856,8329,26696
12857,-18286,1095
12858,8334,-24493
12859,19589,8271
12860,-7031,13385
12861,-10098,-26538
12862,17542,-8102
12863,1157,17490
12864,-17266,7247
12865,4236,-20391
12866,23681,10324
12867,-16247,-13221
12868,10372,-19355
12869,12414,14430
12870,-17273,11353
12871,-7029,-17310
12872,19586,97
12873,129,22614
12874,-18294,-5031
12875,3209,-22428
12876,19584,11359
12877,-18295,16471
12878,19584,-4007
12879,10363,18512
12880,-20347,2127
12881,2180,-20391
12882,21626,5207
12883,-7042,17487
12884,-19320,-10156
12885,14465,-15268
12886,15482,16468
12887,-18301,10319
12888,-4986,-21414
12889,17534,-8098
12890,-20344,-6047
12891,6277,-14232
12892,15486,14433
12893,-13179,18520
12894,-13172,-14241
12895,24704,-8093
12896,8316,20569
12897,-22393,2136
12898,134,-20382
12899,16510,9310
12900,-2944,20564
12901,17528,-10151
12902,11379,14418
12903,-18308,9294
12904,-9087,-18345
12905,20599,-2983
12906,-4998,22606
12907,-20348,-1969
12908,13438,-18344
12909,19573,10323
12910,-16259,9295
12911,-8063,-18344
12912,16505,-8100
12913,-27513,1115
12914,6276,-16285
12915,25720,8287
12916,-8068,16471
12917,-12158,-18336
12918,13436,-16280
12919,9336,19551
12920,-21373,11354
12921,2178,-18333
12922,22647,98
12923,-4998,21592
12924,8310,-19358
12925,15471,15451
12926,-17288,12373
12927,-13185,-18338
12928,18550,-6047
12929,3189,22614
12930,-22400,2133
12931,8316,-21408
12932,20594,8284
12933,-10121,16468
12934,-13186,-11174
12935,17526,-13215
12936,-21375,8285
12937,-3965,-21400
12938,16507,-919
12939,-900,24669
12940,-19322,-6048
12941,7299,-18327
12942,16507,-7059
12943,17523,2156
12944,14444,17508
12945,-2962,23641
12946,-16266,18512
12947,2165,-17319
12948,17517,-9122
12949,21603,1117
12950,19546,14422
12951,-6051,21580
12952,-14236,15429
12953,-22417,-954
12954,-12171,-18353
12955,2164,-20391
12956,18539,-15263
12957,20577,96
12958,13403,14425
12959,13397,-4005
12960,-6056,-5026
12961,3159,12376
12962,11346,-9123
12963,-7082,5211
12964,5204,10326
12965,4178,-10149
12966,-11176,9303
12967,9300,4181
12968,-4010,-7079
12969,-1961,13395
12970,4181,-10152
12971,-10150,5206
12972,6231,-937
12973,-936,-13218
12974,-2982,6235
12975,10325,90
12976,-7079,-7074
12977,-7075,7259
12978,9305,-9120
12979,-7075,-7068
12980,8281,9312
12981,4183,-8092
12982,-6054,5218
12983,10325,-925
12984,-4009,-6042
12985,2134,10337
12986,6227,-5020
12987,-7081,-1947
12988,5205,9313
12989,1108,-6044
12990,-9127,5218
12991,9301,5216
12992,1108,-11162
12993,1107,10337
12994,9295,-5020
12995,-12203,-2970
12996,4179,22619
12997,16459,-6050
12998,-6066,-4000
12999,-8110,11355
13000,10317,-932
13001,-6064,-9119
13002,-2990,10332
13003,9294,2139
13004,77,-6050
13005,5195,2141
13006,3146,-1954
13007,-10161,-4000
13008,-2991,8284
13009,8269,-1955
13010,-5040,-7071
13011,79,9309
13012,11338,1116
13013,-5043,-7072
13014,-5040,10331
13015,10315,4185
13016,-10160,-10146
13017,6221,5212
13018,8265,1115
13019,-4021,-5026
13020,-5042,9306
13021,4172,89
13022,-7088,-934
13023,-8108,6231
13024,4178,-936
13025,3153,-9123
13026,-8107,2140
13027,1108,14421
13028,3155,-8103
13029,-9128,88
13030,-7076,11347
13031,6233,82
13032,88,-11176
13033,-11170,-5029
13034,3165,12373
13035,8281,7250
13036,11348,1105
13037,-2986,-8107
13038,-8102,6226
13039,9302,-4012
13040,5204,-5033
13041,-10151,-6054
13042,12371,16466
13043,-1964,-6059
13044,83,-13220
13045,-12199,5210
13046,8277,89
13047,12367,8277
13048,5197,-10150
13049,-13228,-933
13050,4178,10326
13051,-941,-8102
13052,-13222,-1957
13053,8278,8279
13054,13392,-4007
13055,-13225,-7075
13056,-16289,1116
13057,14424,17492
13058,5206,-11174
13059,-6055,1113
13060,3160,5207
13061,9300,2134
13062,-8104,2133
13063,87,6226
13064,11346,-7082
13065,-941,-13219
13066,-14246,92
13067,89,-6049
13068,-934,-3999
13069,4184,-11161
13070,-7076,8291
13071,9304,5217
13072,87,-14232
13073,-5030,3175
13074,8278,3174
13075,85,-8086
13076,-2985,105
13077,-936,17505
13078,3159,96
13079,-2983,-3998
13080,1112,7263
13081,6229,-928
13082,-5032,-8092
13083,-6053,5218
13084,6232,1121
13085,-8100,96
13086,7257,9308
13087,4183,-2978
13088,-7077,3165
13089,13397,-18330
13090,3156,101
13091,1107,-3993
13092,-2987,8291
13093,9297,-7065
13094,-4013,-3991
13095,6224,7270
13096,-1967,-3992
13097,-8107,11363
13098,6226,-1948
13099,-2988,-923
13100,6225,9313
13101,8269,-7067
13102,-8111,2148
13103,9293,10335
13104,13383,-3999
13105,-11187,-2973
13106,9289,2146
13107,72,-7066
13108,6213,8290
13109,2116,-10137
13110,-3002,11362
13111,10305,97
13112,-5052,-8091
13113,-5049,8289
13114,8259,-926
13115,-6074,-925
13116,-953,14428
13117,11330,-8096
13118,-9145,-3998
13119,8259,4192
13120,-5050,3167
13121,6211,8283
13122,-4027,-1956
13123,-9142,-931
13124,7239,4187
13125,70,-10144
13126,-4024,9308
13127,6213,-4002
13128,-4025,-5023
13129,2118,9309
13130,1093,-9118
13131,-3001,8286
13132,9283,-929
13133,-5050,-928
13134,8258,-927
13135,-7098,-5020
13136,8258,3171
13137,-6075,-8089
13138,-954,10338
13139,3141,-9113
13140,-4025,8291
13141,13377,1122
13142,-4029,-5019
13143,6208,-7063
13144,1087,3176
13145,6204,-6037
13146,-3010,-10128
13147,3133,13418
13148,1084,-10129
13149,-5057,6252
13150,14392,-8080
13151,-14273,3183
13152,9275,5229
13153,-6082,-9102
13154,7227,-1933
13155,-10176,4209
13156,4158,5231
13157,1085,-6030
13158,1084,9326
13159,3131,-7054
13160,-1988,5232
13161,7225,-1935
13162,-14272,2160
13163,6205,2159
13164,-6080,-7053
13165,3135,8303
13166,-15289,-1936
13167,9283,6253
13168,-1980,-11149
13169,6209,12397
13170,64,-18314
13171,-3006,12400
13172,-1981,-11146
13173,-6074,4212
13174,9282,6257
13175,-12216,-910
13176,7237,6255
13177,-16307,-912
13178,4171,-2958
13179,-13230,-8074
13180,10317,117
13181,2124,-5000
13182,-947,11379
13183,7242,-3979
13184,-5043,7282
13185,6218,-1933
13186,-15278,5233
13187,12364,1136
13188,-2994,-2958
13189,9290,-7050
13190,-15278,5236
13191,14411,-7048
13192,-10160,2167
13193,3151,4213
13194,-12203,-3977
13195,6226,1142
13196,-1965,-14211
13197,-6058,8313
13198,-5031,-902
13199,12371,5240
13200,-10152,2167
13201,5206,2166
13202,-6055,-7046
13203,5207,5240
13204,2134,119
13205,19533,2166
13206,-7087,-2952
13207,6222,-7044
13208,1101,10359
13209,9289,-9092
13210,-6068,4218
13211,2123,-13183
13212,74,11388
13213,-949,-9087
13214,10310,2176
13215,-6071,-3966
13216,3144,6271
13217,3143,-3967
13218,8259,4223
13219,-956,126
13220,4162,7291
13221,-6075,-1924
13222,2116,4218
13223,-10167,-1925
13224,-1974,-3971
13225,-5043,-6016
13226,14406,1151
13227,-10165,-4990
13228,6216,-1917
13229,-11186,-3963
13230,8266,-6008
13231,-11184,-887
13232,8268,-4980
13233,-7088,-4977
13234,10315,142
13235,-9136,4236
13236,-6061,139
13237,9295,3210
13238,4173,-3956
13239,-5040,6281
13240,3151,-10098
13241,78,8330
13242,2125,-6003
13243,76,10376
13244,-4018,-8052
13245,5196,5258
13246,-7088,-885
13247,5198,-9072
13248,3149,9356
13249,-5040,-8048
13250,4174,143
13251,-4016,142
13252,5198,-5999
13253,-6063,5263
13254,80,-8045
13255,2127,6288
13256,-1968,3215
13257,12362,-880
13258,-4020,8332
13259,75,-6001
13260,5193,11402
13261,-4021,-4979
13262,8263,3212
13263,-9140,1163
13264,6217,-2931
13265,-950,6282
13266,73,-4979
13267,4167,8329
13268,-11187,-4980
13269,7242,-1907
13270,1097,10376
13271,-4021,-6005
13272,7240,5257
13273,-9139,136
13274,4171,-887
13275,-6066,5255
13276,3149,-8053
13277,6218,4233
13278,-2996,1160
13279,11335,-887
13280,-14258,136
13281,8266,-2934
13282,1097,6279
13283,-9138,-3959
13284,7243,3208
13285,-4019,-887
13286,6218,-886
13287,73,4232
13288,-8115,-3958
13289,2124,15491
13290,-947,-1916
13291,5195,2179
13292,-6066,12413
13293,-1969,-10110
13294,7244,2177
13295,-8112,-6012
13296,10315,-891
13297,-4019,10368
13298,1100,-8060
13299,2123,10367
13300,-10160,-10108
13301,19527,4226
13302,-7093,1153
13303,13381,5247
13304,68,126
13305,-4026,4220
13306,-4024,-2946
13307,-7092,4220
13308,7241,-3970
13309,-6068,15479
13310,-11182,-14210
13311,10317,11385
13312,-4017,-7043
13313,10314,124
13314,-7090,7289
13315,-7086,-10114
13316,7247,5244
13317,-9132,-4993
13318,14413,5245
13319,-946,5243
13320,6219,-11135
13321,11334,8317
13322,-1977,-6016
13323,5189,5246
13324,-14260,6267
13325,75,1146
13326,2122,4216
13327,-10161,-7044
13328,2126,123
13329,-11180,-2947
13330,5202,-7039
13331,-13223,1152
13332,6230,-4989
13333,-7078,9343
13334,1113,-4990
13335,-1958,5248
13336,9302,-895
13337,-937,4223
13338,-936,9339
13339,-6053,-2947
13340,-13214,9337
13341,97,-2949
13342,-2973,6264
13343,-7065,-1927
13344,-920,11380
13345,8292,3187
13346,8288,3186
13347,-1951,-2956
13348,6238,1139
13349,-7070,1138
13350,4192,-6027
13351,-1951,7282
13352,96,-6027
13353,95,9329
13354,-1952,-8075
13355,6237,6258
13356,-6048,-3980
13357,3167,4210
13358,-1952,-909
13359,7261,-7049
13360,-9118,3190
13361,5216,-3976
13362,4190,10355
13363,-5023,-9096
13364,-926,7285
13365,-1949,-9094
13366,5217,10357
13367,-7067,-9094
13368,5219,5240
13369,-8089,-2950
13370,8291,3193
13371,-2971,-3973
13372,8289,5241
13373,-5020,6262
13374,5218,2165
13375,-925,116
13376,8287,-2954
13377,-2975,9330
13378,6238,4208
13379,-2976,14441
13380,8284,-3989
13381,-16284,-1940
13382,-2970,7273
13383,-10133,1128
13384,-8081,-2966
13385,18534,3177
13386,-7062,-8083
13387,-5011,3180
13388,7274,-10127
13389,-1941,5231
13390,7272,-3983
13391,-2966,-910
13392,4200,-6027
13393,-12178,1140
13394,5228,2163
13395,-8080,-3979
13396,9324,116
13397,107,-2954
13398,106,9330
13399,5224,-1933
13400,-3990,-1932
13401,9318,4210
13402,-5015,113
13403,6246,15466
13404,101,105
13405,-3993,-918
13406,5221,-2964
13407,-9110,3179
13408,9318,4201
13409,3173,-7059
13410,-7063,-914
13411,2152,-1937
13412,-919,-2959
13413,-6036,112
13414,1131,-911
13415,-7057,7278
13416,14440,1133
13417,8292,-914
13418,-11158,9322
13419,11365,-10129
13420,4195,1134
13421,-2971,11369
13422,-922,-10130
13423,-5015,3181
13424,5223,-2961
13425,-9108,-1936
13426,6249,7277
13427,5223,-6032
13428,102,10347
13429,7267,106
13430,-6042,9318
13431,10337,101
13432,-7067,-3993
13433,1124,11362
13434,5218,-8090
13435,-5019,-921
13436,5219,5221
13437,2146,-6040
13438,-1949,4198
13439,6240,1125
13440,-3998,-2969
13441,-925,8291
13442,2146,-5018
13443,-7066,9314
13444,7267,-2972
13445,-12183,-2970
13446,-3989,6243
13447,5225,-924
13448,-5012,-5017
13449,2155,9315
13450,6248,-924
13451,-6037,-5017
13452,-3987,10338
13453,5227,-1949
13454,-6034,2146
13455,4204,6239
13456,4202,-2975
13457,-9105,96
13458,4205,8284
13459,4203,-10143
13460,-3987,1120
13461,3180,6237
13462,6249,-2977
13463,-2965,94
13464,8295,2141
13465,-7061,-11165
13466,106,13405
13467,12388,-1954
13468,-5017,-9117
13469,-2967,6240
13470,5223,5214
13471,-1944,-8094
13472,103,1121
13473,7268,-5020
13474,-6041,4194
13475,-2967,10333
13476,104,-6048
13477,-6037,-1951
13478,8295,-926
13479,5221,-7066
13480,-9110,101
13481,7271,8289
13482,2150,-3997
13483,-6039,3170
13484,5223,4192
13485,102,-8092
13486,-5015,1123
13487,6246,5217
13488,-2968,-3997
13489,3175,8287
13490,5221,2142
13491,-7063,-7070
13492,-918,4192
13493,-3988,3167
13494,2155,2142
13495,1130,11353
13496,7271,-14240
13497,-3991,-3998
13498,-2965,10333
13499,6248,3164
13500,2151,-931
13501,-1944,6234
13502,-1943,-1957
13503,4199,10326
13504,10338,85
13505,1121,-1962
13506,-5020,3157
13507,5218,5203
13508,3169,-4011
13509,-7067,-5032
13510,-922,11347
13511,2149,-4011
13512,-7063,3156
13513,5223,12366
13514,6244,-4016
13515,-8088,-943
13516,1127,6222
13517,4197,77
13518,3172,-7087
13519,5218,11340
13520,97,-2994
13521,-5020,-6063
13522,1123,12363
13523,10334,2122
13524,-1953,-5043
13525,-6046,7242
13526,7263,3145
13527,-928,-7091
13528,-1951,6218
13529,3168,2121
13530,5214,2120
13531,1117,-951
13532,-1954,9285
13533,4188,68
13534,-5025,-5049
13535,1118,5189
13536,7259,-954
13537,-4003,-4024
13538,-1954,10307
13539,7259,1090
13540,90,-8122
13541,-5027,3141
13542,2140,4163
13543,-1955,-4027
13544,-8095,3140
13545,7262,1091
13546,-1953,-12215
13547,-3999,1096
13548,4191,5190
13549,-1952,-7094
13550,-7068,1097
13551,2147,5191
13552,6240,-6070
13553,-8092,-2996
13554,-923,6217
13555,3172,-2997
13556,-3994,1098
13557,6243,-1973
13558,-5018,-4019
13559,2149,9289
13560,4195,-5044
13561,-2971,-947
13562,5219,5195
13563,2146,-9136
13564,-5019,3151
13565,3172,3150
13566,99,-7086
13567,-924,6223
13568,-1947,-5038
13569,-2969,3153
13570,7268,-1966
13571,-8088,-1965
13572,5222,3154
13573,-1945,-7082
13574,-920,3157
13575,10339,-2985
13576,-5018,2134
13577,5220,2133
13578,-3994,-6056
13579,101,6229
13580,-3993,-6056
13581,3174,8276
13582,4196,-7080
13583,-2970,3159
13584,9314,86
13585,-3996,-1961
13586,2147,7252
13587,2146,-6057
13588,-5019,2134
13589,3172,85
13590,-6041,-938
13591,5221,2133
13592,-1946,-4009
13593,1125,6228
13594,3172,-4010
13595,-2970,3157
13596,5220,-2985
13597,-1947,-1960
13598,2148,2135
13599,99,-8101
13600,-8089,4185
13601,6244,-934
13602,-5017,-6051
13603,4197,6234
13604,4195,-2980
13605,-7065,-2978
13606,4197,93
13607,9313,2140
13608,-3997,-2978
13609,-5018,8282
13610,8290,1113
13611,-2972,4183
13612,-5017,1110
13613,3174,2133
13614,1125,-2985
13615,-2969,-936
13616,9315,2135
13617,1122,-6054
13618,-8090,4184
13619,2149,5206
13620,2148,-7078
13621,-6041,3161
13622,3174,10324
13623,8290,-7080
13624,-1949,-2982
13625,-1948,2137
13626,7265,-934
13627,2144,-1957
13628,3167,8279
13629,4189,1110
13630,-5024,-2984
13631,-3998,7253
13632,5216,3156
13633,-1951,-5033
13634,-3997,3158
13635,6240,5204
13636,5214,-5033
13637,93,4181
13638,2140,4179
13639,-4002,1106
13640,-1953,6223
13641,5213,78
13642,92,-1969
13643,-931,78
13644,5211,77
13645,-1956,-2993
13646,91,6220
13647,4185,-1971
13648,-4005,-2993
13649,10326,78
13650,-937,-7086
13651,-5030,3153
13652,3161,4175
13653,88,-5038
13654,-4006,2129
13655,6231,3152
13656,-2983,79
13657,-4005,7244
13658,8279,75
13659,-6054,-1972
13660,6231,3147
13661,-936,-2995
13662,-6053,3148
13663,7256,4170
13664,87,-6067
13665,-2983,3148
13666,4183,2123
13667,86,-6066
13668,-2984,6219
13669,8276,3146
13670,-1963,-8114
13671,-2985,4172
13672,4181,-2994
13673,-1962,-945
13674,3157,4173
13675,-2985,-4017
13676,4181,3150
13677,3156,3149
13678,9296,1100
13679,8268,1099
13680,1099,-9136
13681,-10160,4174
13682,7245,-2992
13683,-11181,2127
13684,82,78
13685,-7082,77
13686,-2984,12359
13687,6229,-5046
13688,1108,5192
13689,83,-4022
13690,-7081,-949
13691,2134,5193
13692,5204,-6068
13693,-2986,5194
13694,8274,1097
13695,-4012,3144
13696,3155,2119
13697,-1964,-1976
13698,1107,8260
13699,5201,-6073
13700,-4013,3142
13701,5201,3141
13702,-5036,-954
13703,2131,9282
13704,4177,-4028
13705,-5036,2115
13706,4178,-4027
13707,-9129,4163
13708,5205,4161
13709,1108,-4029
13710,-939,6208
13711,5203,-3006
13712,-5034,-957
13713,3157,4161
13714,1108,-5052
13715,83,4162
13716,7248,-1981
13717,-6061,-956
13718,3154,1091
13719,-2988,-9144
13720,-4010,7237
13721,3157,-4025
13722,-4009,2118
13723,8275,69
13724,-5034,-954
13725,-1961,5188
13726,3158,-6073
13727,-1961,2118
13728,8275,1093
13729,-4011,1092
13730,2132,6209
13731,1107,-4029
13732,-4011,4161
13733,5203,1088
13734,82,-5053
13735,-2988,3138
13736,4178,1089
13737,-941,-4029
13738,-4011,3138
13739,3156,3137
13740,2131,-3005
13741,-940,4161
13742,3155,-4029
13743,-5034,-956
13744,1109,4162
13745,5203,-957
13746,-1964,-1980
13747,-1963,6209
13748,5203,1088
13749,-1964,-5053
13750,6225,4161
13751,9293,-1982
13752,-6064,-1981
13753,1103,7232
13754,4173,-3006
13755,-4017,-3004
13756,78,3139
13757,5196,-956
13758,-2994,-6073
13759,-2992,3142
13760,5198,3141
13761,-6063,-8119
13762,-5036,6214
13763,2131,4164
13764,82,5186
13765,-1965,3137
13766,82,6206
13767,81,2109
13768,2128,4155
13769,10315,-3011
13770,-4019,2108
13771,2124,11319
13772,4170,-5062
13773,-4020,1081
13774,1099,-966
13775,3146,57
13776,2121,1080
13777,3144,-3014
13778,-4022,-965
13779,1097,2106
13780,1096,-3012
13781,-2998,2107
13782,3145,3130
13783,2120,-5059
13784,-5045,-962
13785,3146,2109
13786,3145,-962
13787,5191,61
13788,2118,2108
13789,-6071,-3010
13790,5191,2109
13791,2118,-6080
13792,-4024,-3006
13793,4166,8254
13794,1093,-961
13795,-3001,3134
13796,-2999,-961
13797,-6068,2110
13798,7241,1085
13799,1096,-962
13800,-2998,6203
13801,-949,-1988
13802,3146,1083
13803,2121,-1988
13804,72,-3010
13805,-6069,2109
13806,7240,-4033
13807,71,-1984
13808,6212,6205
13809,67,60
13810,66,7225
13811,4160,-7107
13812,-1983,60
13813,6206,-963
13814,-1985,-962
13815,3134,3133
13816,-961,-4033
13817,-3007,6204
13818,4159,59
13819,-5054,58
13820,3137,3129
13821,-1982,1080
13822,5184,7221
13823,63,-5064
13824,-960,4150
13825,4158,-3016
13826,-7102,2103
13827,5184,1078
13828,63,-3016
13829,2110,4150
13830,6203,-969
13831,58,4149
13832,3129,-970
13833,-5060,2101
13834,4154,-1994
13835,-965,1077
13836,5177,3124
13837,-4037,-4042
13838,2106,3125
13839,4152,-7111
13840,-7108,56
13841,6201,6197
13842,2104,-3017
13843,3127,8243
13844,-968,4145
13845,3127,4143
13846,-3015,-6094
13847,-5060,3121
13848,3131,-974
13849,-4035,2097
13850,4155,2096
13851,58,-4046
13852,2105,4144
13853,1080,-1999
13854,-3014,3120
13855,6199,-975
13856,-3015,3120
13857,5175,-975
13858,-5062,-974
13859,3129,3121
13860,-1990,-3021
13861,57,4145
13862,3128,-1998
13863,-4038,4144
13864,2105,4142
13865,-1990,2093
13866,3129,-978
13867,-1990,3117
13868,2105,-978
13869,-1990,2093
13870,2105,-2002
13871,-966,3117
13872,3129,44
13873,-3013,1067
13874,4153,3114
13875,-3013,-3028
13876,4153,5162
13877,-1990,-3028
13878,57,5162
13879,-966,-3028
13880,4152,5162
13881,-967,-5075
13882,56,3116
13883,2103,-4050
13884,2102,-4048
13885,1077,-4046
13886,-5064,1073
13887,5174,-974
13888,-4040,2097
13889,3127,48
13890,-1992,2095
13891,3127,-2000
13892,-3015,-975
13893,4151,-974
13894,54,-3020
13895,53,3123
13896,4147,-4043
13897,-972,2100
13898,4146,1075
13899,-3020,50
13900,3123,5168
13901,2098,-1999
13902,2097,3120
13903,3120,-6093
13904,-975,3122
13905,4143,-1997
13906,-3023,1074
13907,6190,3121
13908,-3024,-1998
13909,3119,4144
13910,-976,-4046
13911,47,4144
13912,3118,-3022
13913,45,4144
13914,2092,-3022
13915,-2003,4144
13916,4139,-1999
13917,-2004,48
13918,4138,1071
13919,-3028,-976
13920,1067,3119
13921,42,-4047
13922,-981,3120
13923,2090,-975
13924,-3028,1072
13925,4138,-3022
13926,-3028,-973
13927,3115,1074
13928,-980,-3020
13929,43,3123
13930,3114,-3019
13931,-3028,2100
13932,5162,51
13933,-2005,-4043
13934,2090,3124
13935,3113,-3018
13936,1064,4148
13937,3111,-971
13938,-3031,-1994
13939,2088,2101
13940,39,-1994
13941,-984,4148
13942,3111,3123
13943,-984,-3019
13944,-2007,2100
13945,3112,-971
13946,-4054,-970
13947,3113,3125
13948,-3029,52
13949,3114,1075
13950,-4052,-3019
13951,-2003,3124
13952,1068,-1995
13953,-2003,1076
13954,1068,1075
13955,1067,-3019
13956,1066,6194
13957,2089,2097
13958,-4053,1072
13959,4137,-1999
13960,-2006,3120
13961,6183,-975
13962,1062,-5068
13963,-985,2099
13964,-984,-1996
13965,-983,5170
13966,1064,3121
13967,-3030,-4045
13968,1065,3122
13969,4135,-4044
13970,-5078,1075
13971,1065,-972
13972,1064,4146
13973,2087,-973
13974,1062,2098
13975,3109,3121
13976,-2010,-974
13977,3109,4144
13978,-2010,-1999
13979,37,3120
13980,-3033,-1999
13981,2086,3120
13982,-2009,47
13983,4133,46
13984,-3033,1069
13985,3110,2092
13986,-2009,43
13987,4133,-2004
13988,-2010,2091
13989,4132,-980
13990,35,4138
13991,34,1065
13992,-989,1064
13993,3106,-3030
13994,2081,4136
13995,-2014,-3030
13996,2081,3113
13997,-990,-2006
13998,4128,3113
13999,-2015,2088
14000,2080,3111
14001,-991,-2008
14002,3104,3111
14003,-2015,38
14004,3104,-2009
14005,-2015,3110
14006,2080,-985
14007,-2015,2086
14008,3104,37
14009,-2015,1060
14010,3104,35
14011,-2015,2082
14012,2080,-2013
14013,-991,3106
14014,3104,-3036
14015,2079,3107
14016,-2016,-3035
14017,3103,36
14018,-992,3107
14019,3103,-2012
14020,-2016,3107
14021,1055,-3035
14022,30,3108
14023,29,-3034
14024,1052,2085
14025,-2019,-986
14026,4123,1061
14027,-4067,1060
14028,1052,-4058
14029,2075,3109
14030,-996,-2010
14031,3099,2085
14032,-4067,-986
14033,3100,2085
14034,-3042,-986
14035,4124,1061
14036,-3042,-986
14037,3101,37
14038,-4065,1060
14039,3102,35
14040,-993,1058
14041,2078,-2013
14042,29,3106
14043,1052,-3036
14044,1051,3107
14045,26,-2012
14046,2073,2083
14047,-3045,-988
14048,3098,2083
14049,-2021,34
14050,2074,33
14051,-997,3104
14052,1050,-2015
14053,1049,2080
14054,-2022,-2015
14055,3097,32
14056,-4069,31
14057,6168,-992
14058,-999,3103
14059,1048,-3039
14060,-999,5151
14061,-998,-2016
14062,4120,3103
14063,-3046,2078
14064,1049,-3040
14065,24,3103
14066,-999,-2016
14067,3096,2079
14068,-3046,30
14069,3097,-993
14070,-998,3102
14071,25,-3040
14072,1048,2079
14073,-3046,30
14074,1049,-3040
14075,2072,3103
14076,-3046,-992
14077,2073,1055
14078,-2022,2078
14079,1049,-993
14080,1048,3102
14081,-2023,29
14082,1048,-2018
14083,23,2077
14084,22,-3041
14085,2069,30
14086,20,3101
14087,-1003,-4065
14088,3092,1054
14089,-3050,29
14090,2069,-2018
14091,-1002,3101
14092,-1001,-994
14093,2070,3101
14094,-2025,2076
14095,3094,-2019
14096,1045,3100
14097,-2026,1051
14098,3093,-2020
14099,20,2075
14100,-2027,-996
14101,3092,1051
14102,-2027,1050
14103,1044,-2021
14104,1043,2074
14105,-2028,-997
14106,3091,26
14107,-1004,2073
14108,19,-3045
14109,3090,26
14110,-1005,2073
14111,1042,-2022
14112,2065,3097
14113,-2030,24
14114,2065,23
14115,16,2070
14116,-1007,21
14117,2064,-1002
14118,1039,2069
14119,-2032,-1002
14120,14345,-24542
14121,24573,16410
14122,-20472,18449
14123,-11250,-27617
14124,21508,-7133
14125,8192,28693
14126,-29681,1044
14127,5133,-28638
14128,24577,10269
14129,-14328,18452
14130,-21485,-15332
14131,17419,-12254
14132,-29670,9246
14133,-4068,-27604
14134,28686,2091
14135,-7150,25631
14136,-26593,-11227
14137,15384,-24527
14138,21518,19496
14139,-23526,16416
14140,-7138,-23508
14141,24594,-3026
14142,1041,29728
14143,7182,-29649
14144,23555,8235
14145,-13302,24607
14146,-22507,-16345
14147,24585,-18384
14148,13315,27683
14149,-25584,5153
14150,-2031,-26578
14151,27652,3117
14152,-7160,20515
14153,-27626,-12247
14154,13328,-23499
14155,-18407,17453
14156,-16351,-23495
14157,23574,-11201
14158,3093,23604
14159,-26590,-971
14160,4128,-19393
14161,20502,12345
14162,-15330,27692
14163,-23510,-15308
14164,26653,-14277
14165,12311,25647
14166,-7141,-23493
14167,28685,3130
14168,-7151,32810
14169,-23523,-9169
14170,15382,-19399
14171,23563,23598
14172,-19435,14375
14173,-11237,-27595
14174,22544,-7111
14175,2063,26668
14176,-30690,3115
14177,10265,-22474
14178,-13280,17454
14179,-19414,-20424
14180,14371,-19390
14181,17435,20536
14182,-26584,9268
14183,-7124,-24512
14184,26655,-4030
14185,-7133,25654
14186,-21458,-14275
14187,10281,-20409
14188,17441,20541
14189,-13272,-20409
14190,24604,-12211
14191,3099,30782
14192,-26584,2109
14193,6181,-24503
14194,22554,9285
14195,-13279,20539
14196,-18390,-15293
14197,22559,-11191
14198,16407,21567
14199,-21470,7228
14200,-2013,-23480
14201,-4059,22589
14202,-23503,-9150
14203,11308,-28592
14204,19491,18503
14205,-19411,15424
14206,-12237,-25523
14207,24615,-10158
14208,2086,28740
14209,-17361,-22449
14210,34846,-15273
14211,7195,29769
14212,-5090,-28585
14213,30735,8275
14214,-5102,33859
14215,-28640,-13238
14216,20502,-22443
14217,23563,26696
14218,-21482,12354
14219,-11236,-31662
14220,27663,-941
14221,-4079,32835
14222,-25570,1090
14223,17430,-30639
14224,-20448,20551
14225,-18391,-19375
14226,25629,-17318
14227,8217,25678
14228,-32727,5196
14229,2088,-30629
14230,29722,16467
14231,-6115,29765
14232,-26582,-19377
14233,20512,-25508
14234,17432,24656
14235,-16352,-28578
14236,31761,-4000
14237,4111,30801
14238,-22502,-4013
14239,13332,-29598
14240,25608,13404
14241,-21485,24656
14242,-20451,-20390
14243,27664,-13215
14244,12298,29779
14245,-31718,2130
14246,-997,-31646
14247,-6114,23639
14248,-27604,-13218
14249,16420,-21399
14250,21530,25693
14251,-14303,12375
14252,-6108,-30618
14253,29718,-11156
14254,1045,31837
14255,-26590,-5024
14256,9246,-26515
14257,23571,15462
14258,-19427,-16274
14259,29711,-11148
14260,15368,22633
14261,-31720,2152
14262,-7140,-31624
14263,26639,5238
14264,-7149,29800
14265,-26592,-12178
14266,18455,-20360
14267,18446,19567
14268,-22503,13417
14269,-5092,-30600
14270,-3042,30825
14271,-28628,5223
14272,14373,-27531
14273,26648,11376
14274,-16352,21606
14275,-19414,-21391
14276,22559,-14216
14277,8219,23661
14278,-29654,5227
14279,41,-23433
14280,28699,6260
14281,-27607,-15236
14282,16417,-25463
14283,22550,19584
14284,-23518,16504
14285,-13271,-23420
14286,25629,-6009
14287,4123,30840
14288,-21466,-2950
14289,13344,-24442
14290,24596,8322
14291,-21473,23671
14292,-19415,-19327
14293,14370,26740
14294,-22483,10351
14295,-978,-26500
14296,33822,123
14297,-6111,26734
14298,-27601,-12172
14299,8235,-21377
14300,19490,23668
14301,-20436,17516
14302,-9167,-24456
14303,23590,-7044
14304,-30667,123
14305,3124,-24441
14306,20522,11394
14307,-15310,22647
14308,-14279,-19327
14309,24621,-13176
14310,12327,17536
14311,-26572,10363
14312,-3018,-26488
14313,24618,5254
14314,-13263,30839
14315,-23491,-11139
14316,22578,18548
14317,-17349,15469
14318,-11199,-24455
14319,23606,-4996
14320,-969,32876
14321,-26556,107
14322,8256,-23433
14323,22581,10354
14324,-13252,20584
14325,-17339,-20366
14326,22586,-14215
14327,-27576,10356
14328,-2998,-20354
14329,27709,3197
14330,-3009,23666
14331,-20407,-13191
14332,14402,-21372
14333,17466,17532
14334,-22459,17524
14335,-12213,-22401
14336,22592,-1920
14337,1087,26739
14338,-19383,-5002
14339,24637,8306
14340,-15291,20584
14341,-20401,-16272
14342,20549,-10123
14343,12351,25705
14344,-21430,8293
14345,-1973,-24463
14346,23616,2160
14347,-10171,19559
14348,-22448,-12179
14349,12362,-16267
14350,-17325,18540
14351,-8105,-16268
14352,25675,-8072
14353,2122,22637
14354,-22443,-2961
14355,3156,-24453
14356,18507,15476
14357,-15277,23657
14358,-13222,-16271
14359,25678,-12169
14360,12360,22636
14361,-24492,3179
14362,21578,1130
14363,-5043,22623
14364,-20393,-7069
14365,15440,-14230
14366,21574,15459
14367,-19376,15452
14368,-13225,-23448
14369,18510,-7060
14370,77,23649
14371,-22440,-926
14372,9300,-20372
14373,-10151,18531
14374,-16287,-14230
14375,19544,-13199
14376,6229,20583
14377,-23455,6244
14378,-926,-17299
14379,23639,5227
14380,-6054,22624
14381,-19356,-11162
14382,15453,-19344
14383,11352,16488
14384,-21405,9316
14385,21593,-5017
14386,5207,23644
14387,-20383,-2978
14388,9309,-21399
14389,22610,6246
14390,-15270,16478
14391,-18333,-15258
14392,19546,-9109
14393,7255,22624
14394,-18336,5214
14395,3167,-21399
14396,-7069,21599
14397,-21394,-9116
14398,11369,-15252
14399,12387,19555
14400,-18324,11358
14401,-3986,-19352
14402,23651,-5013
14403,98,16483
14404,-21395,-5018
14405,9321,-19344
14406,15458,12394
14407,-12184,18529
14408,17504,-10138
14409,9308,18525
14410,-19354,2140
14411,-921,-22425
14412,20573,5221
14413,-9118,21595
14414,-19348,-9120
14415,17508,-13209
14416,13406,17503
14417,-18329,8283
14418,-7061,-25496
14419,106,22621
14420,-21387,-2977
14421,10352,-14234
14422,19559,10337
14423,-10132,18520
14424,-12174,-18335
14425,17514,-8091
14426,3177,21595
14427,-17294,90
14428,2161,-16286
14429,17513,8286
14430,-8083,24658
14431,15462,-15270
14432,11361,14419
14433,-19349,9295
14434,-7057,-18344
14435,22628,1111
14436,2147,20557
14437,-14230,-4017
14438,10341,-16297
14439,12383,10322
14440,-17304,10317
14441,-11154,-16299
14442,8298,23626
14443,-20364,4168
14444,6257,-22445
14445,20583,4177
14446,-12179,13387
14447,-14220,-11183
14448,14445,-10154
14449,8297,16462
14450,-20365,9290
14451,1138,-18349
14452,22631,-1964
14453,-1944,17484
14454,10339,-18347
14455,15452,15438
14456,-14237,17478
14457,-8089,-15282
14458,14432,-1969
14459,8284,19526
14460,-19354,-3000
14461,2149,-21421
14462,15454,5201
14463,-9117,22598
14464,-12183,-16306
14465,13411,13384
14466,-15253,5190
14467,-1940,-18353
14468,16484,-4015
14469,-5017,20551
14470,-20367,-6070
14471,8301,-15278
14472,18532,12364
14473,-14229,13382
14474,-8081,-21423
14475,20581,-4013
14476,-3993,19530
14477,5221,-16302
14478,13407,8270
14479,-12187,19525
14480,-14228,-13236
14481,16484,-15276
14482,11359,17484
14483,-23445,8264
14484,2154,-17327
14485,19553,7246
14486,96,20548
14487,-17303,-10167
14488,17505,17473
14489,-20373,9277
14490,-10128,-19385
14491,17512,-4023
14492,8292,24637
14493,-17299,60
14494,8297,-21433
14495,18528,11330
14496,-14233,12348
14497,-9108,-15292
14498,18531,-9143
14499,5217,20543
14500,2144,-19383
14501,23637,-5044
14502,-4009,21570
14503,-24477,-13239
14504,8287,-12209
14505,13401,20549
14506,-16287,10304
14507,-2973,-17335
14508,17499,-1974
14509,1114,20544
14510,-21403,-5053
14511,20571,9279
14512,-12191,24627
14513,-10138,-14278
14514,19549,-12224
14515,16469,18487
14516,-21408,3126
14517,6237,-18369
14518,27728,3134
14519,-10155,19509
14520,-20385,-9158
14521,15448,-13247
14522,20558,16441
14523,-8110,-21436
14524,15435,-5049
14525,-2995,22588
14526,-18346,-5057
14527,3157,-13242
14528,19532,12352
14529,-14253,13370
14530,-11175,-19388
14531,16465,-17331
14532,8269,21571
14533,-32675,5185
14534,21587,9277
14535,-9128,16437
14536,-17311,-13252
14537,16473,-15292
14538,15442,18491
14539,-23458,4153
14540,-10141,-23483
14541,23640,-4025
14542,5206,27706
14543,-19360,-11200
14544,13402,-20406
14545,19537,10309
14546,-14248,-16307
14547,13394,-15275
14548,8270,22602
14549,-23462,2121
14550,-933,-22444
14551,26702,-1963
14552,-14251,21579
14553,-21408,-12207
14554,13402,-12201
14555,11349,21581
14556,-17314,11336
14557,27729,-4022
14558,3152,19521
14559,-20390,-7099
14560,89,-22448
14561,19536,15433
14562,-13225,24637
14563,86,-3009
14564,26697,-4031
14565,4167,20535
14566,-21422,-8133
14567,3153,-18364
14568,23622,2115
14569,-21423,-6074
14570,16457,-19376
14571,18496,18503
14572,-25523,10306
14573,-11181,-22451
14574,18506,-8111
14575,-2996,27716
14576,-19370,-10167
14577,12368,-27561
14578,27715,20557
14579,-22450,18500
14580,18501,-22449
14581,6210,24643
14582,-24498,8255
14583,2125,-20407
14584,27712,7238
14585,-7100,21564
14586,-21425,-14269
14587,18502,-19379
14588,14399,20547
14589,-21430,10302
14590,-14255,-21431
14591,26692,-950
14592,-24496,-7090
14593,11339,-28580
14594,18498,14421
14595,-20404,15438
14596,-11182,-16298
14597,23623,-7078
14598,4165,35913
14599,-26542,5191
14600,2129,-25516
14601,36927,2131
14602,-11195,13389
14603,11328,-16299
14604,14393,24649
14605,-19389,9285
14606,-8121,-25518
14607,38964,-1965
14608,-1995,30788
14609,-28605,-955
14610,-6074,-25518
14611,20540,19529
14612,-20410,27708
14613,-17329,-14269
14614,28737,-9144
14615,-33710,71
14616,-7082,-32681
14617,30791,4181
14618,-12211,23626
14619,-25510,-6067
14620,16466,-11181
14621,23623,20553
14622,70,-4021
14623,-7094,-28583
14624,29756,-934
14625,-5057,29772
14626,14392,-23464
14627,23597,21582
14628,-10190,10313
14629,-19396,-20397
14630,24624,-17316
14631,-14281,20562
14632,-31673,10317
14633,-2999,-18346
14634,31802,13392
14635,-13247,25668
14636,-26546,-18355
14637,22595,-17322
14638,-16309,18509
14639,-14254,-28581
14640,27717,5209
14641,4163,28747
14642,-13238,-948
14643,12356,-28582
14644,18491,32842
14645,-15293,15427
14646,-16309,-24497
14647,30780,-8109
14648,11319,20553
14649,-1992,-33702
14650,33832,89
14651,-7124,2136
14652,-28614,-17311
14653,26669,-17302
14654,17445,26717
14655,-24527,7258
14656,-8139,-25497
14657,33829,102
14658,3108,25690
14659,-23504,-15262
14660,6189,-28560
14661,-25542,31841
14662,-17341,-11161
14663,31796,-16273
14664,-3018,27746
14665,-34745,3169
14666,5189,-32655
14667,26680,1136
14668,-9155,32864
14669,-26550,2143
14670,28732,-16281
14671,26671,20573
14672,-13258,-28565
14673,37924,11366
14674,8224,37972
14675,-28626,-4010
14676,10281,-26525
14677,23582,13405
14678,-15322,19540
14679,-10197,-26527
14680,28701,-20373
14681,28,18530
14682,-29653,5216
14683,6184,-26515
14684,3111,23650
14685,-27595,-15254
14686,15406,-26505
14687,20516,17519
14688,-29645,17511
14689,-22466,-24461
14690,34861,-2955
14691,-7119,32869
14692,-27585,-15251
14693,25651,-27525
14694,25639,18546
14695,-24525,-26497
14696,20521,-18296
14697,11300,30841
14698,-23504,20591
14699,12330,-31617
14700,33818,5245
14701,-10209,27760
14702,-27603,-14217
14703,26656,-11139
14704,12314,20595
14705,-24538,18538
14706,-10197,-33669
14707,11302,28781
14708,-20432,-10126
14709,7213,-37755
14710,-5072,12415
14711,-23492,24691
14712,-14269,-29566
14713,35890,-12152
14714,11309,26747
14715,-24519,3194
14716,-1990,-31606
14717,25646,137
14718,-31682,-4980
14719,15415,-12142
14720,38948,28804
14721,-27598,18555
14722,-10185,-33652
14723,33831,7305
14724,7204,36983
14725,-24528,-6022
14726,12330,-29559
14727,27677,11396
14728,28,27767
14729,-6113,-36727
14730,12313,29819
14731,-33750,4217
14732,8230,-30584
14733,30743,7301
14734,-7141,29815
14735,-32725,-13186
14736,9255,-29555
14737,23580,10376
14738,-29653,21630
14739,-17356,-26485
14740,4146,15492
14741,-36796,-11126
14742,9280,-29543
14743,26675,18576
14744,-20419,27779
14745,-16315,-29550
14746,5187,-1901
14747,12349,26758
14748,-28597,18557
14749,25663,-12157
14750,33839,-4986
14751,-16329,23675
14752,-31673,-23417
14753,25659,25723
14754,-29622,12405
14755,-12208,-36729
14756,31809,-6006
14757,14394,29820
14758,-34741,4218
14759,2122,-29559
14760,27709,15490
14761,-18362,31859
14762,-22447,-32637
14763,23622,-15221
14764,-33705,10374
14765,-6054,-29547
14766,28748,-11109
14767,-20394,26766
14768,-33689,1165
14769,19550,-9070
14770,26705,24710
14771,-35741,15487
14772,-13206,-36719
14773,30811,-4972
14774,-932,29830
14775,-31636,-889
14776,33884,4229
14777,-931,32885
14778,10328,-30588
14779,21582,-25455
14780,11337,25733
14781,-31655,7298
14782,-1958,-15222
14783,40007,5256
14784,-6070,33912
14785,-23466,-8068
14786,17486,-30581
14787,-33697,14468
14788,-23445,-27502
14789,34906,-4971
14790,3161,39042
14791,-34710,-11128
14792,7271,-38757
14793,33879,12437
14794,-16289,30854
14795,-16281,-21359
14796,14432,-13160
14797,15449,34951
14798,-30616,16511
14799,36950,-1920
14800,-12196,41068
14801,-27542,-7056
14802,17506,-22405
14803,25686,23664
14804,-23454,17512
14805,-12184,-15248
14806,31833,-18311
14807,15442,24685
14808,-31646,-8079
14809,14427,-33662
14810,-24473,33906
14811,-18320,-21379
14812,24676,-24439
14813,19547,20607
14814,-21402,13433
14815,-2968,-35701
14816,20574,-18284
14817,-22423,22665
14818,-36741,-11121
14819,13429,-1904
14820,32869,23685
14821,-14228,11392
14822,31837,-18295
14823,3164,42101
14824,-24472,3188
14825,103,-19330
14826,35926,10361
14827,-14243,31850
14828,-7071,-15246
14829,27732,-15238
14830,5202,16498
14831,-32670,13420
14832,-5019,-26503
14833,2148,29803
14834,-21393,106
14835,19558,-28552
14836,26713,10355
14837,-22428,21609
14838,-20370,-30600
14839,33886,-8068
14840,1117,35947
14841,-27541,-2963
14842,10342,-31619
14843,37972,9337
14844,-8104,20591
14845,8276,-24453
14846,11343,34922
14847,-20391,24670
14848,2136,-11164
14849,35911,1123
14850,-8117,28757
14851,-24489,-5032
14852,-2983,-29593
14853,22606,19550
14854,-13227,16470
14855,-9126,-7078
14856,10325,21584
14857,-21408,-943
14858,4190,-28577
14859,36940,16471
14860,-15276,28745
14861,-21409,-11185
14862,25683,-22438
14863,15436,21584
14864,-17323,12362
14865,2132,-27560
14866,27719,-4006
14867,-6070,28748
14868,18497,-28582
14869,28723,24654
14870,-26560,13384
14871,-12218,-32680
14872,22587,-11170
14873,9271,33870
14874,-32697,6219
14875,-2999,-21418
14876,18496,34885
14877,-7100,31798
14878,-1979,-11204
14879,10304,36906
14880,-32688,11301
14881,-6061,-30668
14882,30788,-5065
14883,4162,22572
14884,-11192,7209
14885,24636,-23499
14886,26671,12335
14887,-16329,-5070
14888,-18368,-24514
14889,34863,-10173
14890,4141,29749
14891,12327,-30652
14892,23580,2115
14893,-13277,22584
14894,-20435,-13249
14895,11304,-18360
14896,-12242,27707
14897,-28612,11318
14898,-8128,-29627
14899,32816,1092
14900,-9163,12350
14901,-27581,-17337
14902,14396,12353
14903,-6081,29747
14904,-14266,-6090
14905,37940,12336
14906,14381,27683
14907,-21448,-2012
14908,10291,-32716
14909,17451,7217
14910,-16333,27684
14911,-19395,-14293
14912,26672,-24521
14913,12330,14384
14914,3113,-32704
14915,20511,-11194
14916,-7133,15423
14917,-28623,-10172
14918,12331,-18355
14919,22560,24641
14920,-22485,16441
14921,-14286,-27577
14922,22567,-6070
14923,7204,21568
14924,-25551,-3006
14925,16425,15419
14926,-16335,30764
14927,-13256,-17355
14928,29738,-14276
14929,8230,30765
14930,-26573,10280
14931,-10184,-20430
14932,16432,1073
14933,-9163,27684
14934,-14276,-3034
14935,33836,-18385
14936,24608,6188
14937,-10203,-26567
14938,24601,-3013
14939,3096,27694
14940,-24540,2093
14941,35,-24519
14942,18458,-966
14943,-6115,20528
14944,-15323,-27586
14945,2084,-15290
14946,4130,14399
14947,-28624,5181
14948,27683,-4033
14949,-2012,24627
14950,-20434,-8137
14951,6187,-20415
14952,17443,14394
14953,-22482,14387
14954,-16330,-9160
14955,27689,4150
14956,9253,23595
14957,-25550,-2004
14958,9262,-26567
14959,21540,12339
14960,-16340,-11207
14961,19491,-8131
14962,19482,16437
14963,-21467,10288
14964,2084,-26563
14965,26647,-7103
14966,-6118,23606
14967,-29655,-11204
14968,19488,-20410
14969,19479,25658
14970,-16353,17458
14971,18454,-9161
14972,2069,12337
14973,-31707,-7115
14974,4131,-21440
14975,12317,16440
14976,-7135,21550
14977,-25554,-17353
14978,19493,-11203
14979,12319,24625
14980,-23509,4143
14981,-2004,-21446
14982,7209,10293
14983,-17358,52
14984,24614,-8136
14985,21532,16432
14986,-19418,12330
14987,-9173,-26569
14988,18466,-6086
14989,33,26669
14990,-19413,-2002
14991,10278,-22471
14992,24602,11316
14993,-12256,19499
14994,19479,-19403
14995,8211,18476
14996,-20451,11303
14997,2076,-26572
14998,27663,5170
14999,-4079,22567
15000,-19429,-11219
15001,8215,-21448
15002,14352,14385
15003,-20454,14378
15004,-10209,-21451
15005,22548,16429
15006,-18403,-7119
15007,5147,-27585
15008,19474,10298
15009,-11240,22575
15010,-12258,-12235
15011,16406,-8135
15012,12304,24621
15013,-19430,5163
15014,9238,-22474
15015,22539,3125
15016,-7153,25641
15017,13321,-13264
15018,19456,19495
15019,-15352,11298
15020,1031,-23506
15021,20477,-8142
15022,5115,14379
15023,-21498,-5074
15024,7171,-26565
15025,14332,18482
15026,-18426,25638
15027,-8182,-18385
15028,17410,-10188
15029,-21491,7217
15030,-1010,-22468
15031,14343,2107
15032,-8181,23600
15033,-22506,-6093
15034,19469,-11207
15035,19460,23598
15036,-18419,4140
15037,-5104,-23496
15038,18439,-967
15039,2054,22574
15040,5124,-17353
15041,23545,13361
15042,-9218,19496
15043,-9213,-23500
15044,21497,-13253
15045,10229,22576
15046,-26621,3119
15047,5121,-17352
15048,24565,4150
15049,-10245,20524
15050,-15357,-16332
15051,17403,-12230
15052,-24568,11317
15053,-10227,-17346
15054,24577,-961
15055,-3069,31792
15056,-17396,-12234
15057,13318,-24510
15058,15359,14395
15059,-19447,20529
15060,-13296,-13256
15061,20486,-10179
15062,3077,30766
15063,4,-18377
15064,29686,9267
15065,-10244,22568
15066,-22520,-10195
15067,13314,-15307
15068,16378,23594
15069,-16381,7207
15070,-7161,-21454
15071,22524,2097
15072,-3,27684
15073,-19449,-8152
15074,11266,-26571
15075,-16374,21547
15076,-9201,-20427
15077,18438,-12229
15078,2053,18482
15079,-27629,-9161
15080,-5098,-25532
15081,18445,3139
15082,-13292,23608
15083,-23520,-13249
15084,18455,-11195
15085,19470,26680
15086,-9197,-28602
15087,20489,-953
15088,-3061,25659
15089,-17388,-8129
15090,9232,-17336
15091,18439,18495
15092,-14322,15416
15093,-12268,-28602
15094,28678,-15282
15095,1029,22595
15096,-25582,-956
15097,5136,-19378
15098,-9195,20548
15099,-17378,-18355
15100,15383,-13228
15101,11282,15437
15102,-22499,7242
15103,-7135,-28584
15104,25621,-1959
15105,-3049,30794
15106,-21470,-10161
15107,14363,-21414
15108,15380,16466
15109,-9191,-13223
15110,22542,-9122
15111,3085,28752
15112,-26598,9292
15113,3097,-26535
15114,29707,8277
15115,-10224,22602
15116,-22501,-13231
15117,19474,-10154
15118,11277,26697
15119,-18410,1096
15120,-3048,-27562
15121,-4070,28744
15122,-24538,-9139
15123,14367,-26534
15124,19478,18513
15125,-19424,18504
15126,-11226,-22445
15127,23579,-10152
15128,2074,23629
15129,-21467,-946
15130,6178,-24486
15131,23575,8278
15132,-21470,-16290
15133,18457,-14235
15134,14354,23642
15135,-25569,7255
15136,-3039,-26524
15137,23574,2147
15138,-2025,30804
15139,-19423,-10151
15140,14362,-19357
15141,16402,22616
15142,-18405,18511
15143,-7137,-24485
15144,5149,26702
15145,-26582,6219
15146,6183,-23465
15147,28697,10322
15148,-13280,20552
15149,-18391,-15280
15150,22558,-12202
15151,15383,24650
15152,-23517,7239
15153,-7129,-28587
15154,27674,3156
15155,-24538,-7080
15156,12320,-28570
15157,17432,16478
15158,-15328,16470
15159,-11226,-24478
15160,18461,-11160
15161,5147,25692
15162,-30678,1115
15163,8230,-22426
15164,29720,11361
15165,-14305,23638
15166,-22486,-16290
15167,15395,24658
15168,-20435,9294
15169,-5072,-24486
15170,25636,1113
15171,-8152,29771
15172,-22477,-13230
15173,11310,-25505
15174,19493,18518
15175,-23503,23627
15176,-11209,-23465
15177,26666,-10148
15178,-24522,7257
15179,5172,-23451
15180,25640,4195
15181,-17359,21593
15182,-20421,-16287
15183,20529,-13208
15184,19496,25692
15185,-24524,9304
15186,-3018,-34711
15187,26665,1128
15188,-982,27739
15189,-25545,-12191
15190,23596,20567
15191,-24520,29769
15192,-8132,-23467
15193,27695,-13220
15194,5165,28750
15195,-26566,1101
15196,6199,-22440
15197,32807,9300
15198,-15313,21578
15199,-21446,-16302
15200,21552,-10153
15201,-25539,10322
15202,-8127,-32670
15203,30770,97
15204,1073,27732
15205,-29632,-8104
15206,9276,-26523
15207,21554,21595
15208,-19396,18514
15209,-6081,-25505
15210,31792,-13210
15211,2095,28760
15212,-34752,87
15213,32816,6228
15214,-11210,27719
15215,-24510,-19375
15216,17466,-16295
15217,13364,21583
15218,-23488,7244
15219,-9147,-26535
15220,24633,-934
15221,-4037,35913
15222,-24505,-11185
15223,18494,-29602
15224,-19384,24658
15225,-18351,-19364
15226,25669,-18331
15227,4163,27736
15228,-26544,3159
15229,6221,-27547
15230,34876,2148
15231,-12222,23641
15232,-25521,-19357
15233,25667,-19347
15234,18490,24673
15235,-31670,11356
15236,28732,-5025
15237,-963,29777
15238,-24503,-9130
15239,13379,-28572
15240,21561,21594
15241,-25530,21584
15242,-12212,-24484
15243,28734,-11166
15244,5180,38991
15245,-28598,78
15246,7239,-29603
15247,-15281,26704
15248,-30626,-14249
15249,21588,-22430
15250,18507,29780
15251,-27559,7249
15252,-7075,-26530
15253,32845,-4000
15254,-6064,32848
15255,-32672,-12202
15256,13402,-30619
15257,20560,24665
15258,-17319,20559
15259,24653,-21414
15260,10312,31819
15261,-37797,4169
15262,5209,-29608
15263,27724,5206
15264,-15276,28744
15265,-32668,-8116
15266,23641,-19370
15267,18512,24650
15268,-27554,7239
15269,-5023,-28587
15270,-926,36931
15271,-25489,-9144
15272,15464,-34727
15273,26715,19536
15274,-16285,22597
15275,-14230,-25518
15276,22623,-15270
15277,5213,28748
15278,-22424,8264
15279,4198,-26539
15280,31831,5203
15281,-12195,24647
15282,20563,-24493
15283,23624,21577
15284,-26539,13379
15285,-10150,-26544
15286,29772,1103
15287,5194,32831
15288,-20396,-8125
15289,10319,-29614
15290,25667,17482
15291,-22450,24638
15292,-15274,-25525
15293,8274,32827
15294,-28576,7224
15295,2143,-33719
15296,30800,1096
15297,-18343,27707
15298,-26522,-13246
15299,21596,-18357
15300,19539,29757
15301,-27551,8249
15302,-10138,-32695
15303,32854,-950
15304,-937,30779
15305,1110,-31669
15306,25674,19522
15307,-16302,26677
15308,-12200,-21440
15309,28746,-14265
15310,4168,27706
15311,-35750,5176
15312,4184,-29625
15313,32840,7236
15314,-15280,29750
15315,-25507,-13251
15316,27728,18484
15317,-22437,11311
15318,-16285,-26564
15319,31828,-963
15320,-1963,31790
15321,-28573,-6095
15322,11358,-24515
15323,25682,22578
15324,-16294,20520
15325,-18333,-26571
15326,27734,-22464
15327,4180,23605
15328,1107,-28605
15329,33859,4161
15330,-10168,26676
15331,-29609,-11206
15332,24651,-26553
15333,18498,20541
15334,-31662,17461
15335,-11176,-25534
15336,32840,-957
15337,3143,27702
15338,-25516,-7110
15339,26695,17458
15340,-17328,29732
15341,-24484,-19410
15342,25680,-17353
15343,11339,25643
15344,-27559,11302
15345,2136,-27596
15346,27723,1075
15347,-14254,27686
15348,-29599,-13267
15349,22614,-16331
15350,22603,26664
15351,-10160,-23500
15352,30785,-7112
15353,1088,27691
15354,-31664,-2004
15355,3151,-25543
15356,23620,15410
15357,-15284,23591
15358,-15276,-23501
15359,26695,-14278
15360,8259,26669
15361,-30638,3116
15362,26693,3115
15363,-13236,32795
15364,-28582,-8161
15365,24654,-20439
15366,19525,21535
15367,-24495,8219
15368,-16295,-28631
15369,25677,40
15370,1100,33816
15371,-29605,-5093
15372,9303,-27607
15373,27722,18464
15374,-19372,-24532
15375,18507,-17355
15376,8263,25641
15377,-24493,12323
15378,4177,-25552
15379,35904,1071
15380,-8124,25635
15381,-24496,-13270
15382,19527,-23498
15383,18494,17454
15384,-26549,13352
15385,22592,-2007
15386,9276,25629
15387,-21433,-8159
15388,6212,-28625
15389,20538,13353
15390,-19388,23582
15391,-21425,-22487
15392,25667,-16335
15393,11326,26660
15394,-22455,6177
15395,6214,-26578
15396,26681,1069
15397,-29624,-9166
15398,17472,-21443
15399,22581,19508
15400,-22464,21546
15401,-13241,-27592
15402,24635,-7108
15403,2106,24624
15404,-32694,-9163
15405,3145,-25534
15406,20543,17466
15407,-14266,22575
15408,24634,-17352
15409,10293,22573
15410,-25534,6186
15411,-4028,-28616
15412,21562,4150
15413,-6083,28712
15414,-21432,-10195
15415,19519,-19401
15416,24627,16431
15417,-21442,10282
15418,-11196,-24522
15419,25656,-969
15420,-28602,-3015
15421,7235,-24507
15422,27702,11328
15423,-14275,23605
15424,-17338,-24511
15425,19517,-15287
15426,6202,22590
15427,-25529,9274
15428,2118,-23482
15429,27705,1093
15430,-5060,28727
15431,14389,-22462
15432,17453,16442
15433,-23495,16434
15434,-9154,-20420
15435,27697,-4034
15436,9261,27697
15437,-25542,-7115
15438,7223,-26558
15439,24619,10301
15440,-15309,20531
15441,-17348,-17348
15442,15413,-11198
15443,-19393,6207
15444,-1984,-24501
15445,25652,-948
15446,-8136,20546
15447,-25531,-11192
15448,14398,-18351
15449,13368,23622
15450,-18367,14399
15451,-7099,-21430
15452,26680,-8114
15453,2103,22595
15454,6196,-24497
15455,22569,12361
15456,-13264,23614
15457,-15304,-18361
15458,23597,-12211
15459,14374,21571
15460,-24526,5185
15461,-1997,-25522
15462,20521,2125
15463,-12241,25665
15464,-21446,-7099
15465,18481,-15283
15466,-23491,12359
15467,-12221,-23469
15468,22584,-6058
15469,1079,26697
15470,-23485,1096
15471,7232,-21421
15472,24628,8271
15473,-13253,14408
15474,-14270,-16304
15475,14395,-10155
15476,7224,23626
15477,-1991,-21419
15478,24621,4179
15479,-4049,26694
15480,-16329,-10165
15481,11314,-19371
15482,17450,14414
15483,-18381,12360
15484,-7113,-18351
15485,25643,-2989
15486,1066,24647
15487,-20428,-5046
15488,9264,-22443
15489,-15304,19532
15490,-18367,-15276
15491,19512,-8104
15492,12338,20558
15493,-16326,4172
15494,3129,-21417
15495,24621,1110
15496,-7119,21580
15497,-25538,-9135
15498,13368,-14248
15499,14385,20558
15500,-9162,-19368
15501,23595,-2982
15502,-980,20560
15503,-23496,-1967
15504,6197,-19365
15505,15406,9303
15506,-11212,20557
15507,-13253,-15275
15508,24623,-7079
15509,9259,18512
15510,-21450,3151
15511,-969,-25508
15512,-9156,20562
15513,-17339,-6059
15514,14398,-14244
15515,16438,17492
15516,-18369,7249
15517,-6078,-23459
15518,22583,-5024
15519,-3015,23637
15520,-19389,-938
15521,12349,-15266
15522,18484,13400
15523,-13253,-18335
15524,18482,-11161
15525,4144,18526
15526,-21445,4188
15527,-1988,-20378
15528,21554,5220
15529,49,23641
15530,-18374,-13216
15531,14387,-15256
15532,9263,17504
15533,-19399,9308
15534,-6084,-19354
15535,4154,23643
15536,-16318,-7073
15537,9278,-21398
15538,16438,6247
15539,-17345,16479
15540,-13242,-18328
15541,18493,-5013
15542,7226,18530
15543,-15294,1121
15544,5184,-20373
15545,16440,6248
15546,-26555,-11154
15547,15422,-18313
15548,11321,21613
15549,-16319,12391
15550,-5052,-21390
15551,19515,1137
15552,-4035,16489
15553,-27573,-6036
15554,9287,-17291
15555,16447,14446
15556,-18360,12392
15557,-8116,-15248
15558,12358,16488
15559,-22447,2151
15560,6222,-18320
15561,18501,8300
15562,-6072,21602
15563,-12210,-8090
15564,16454,-11156
15565,9282,16484
15566,-17333,9312
15567,-4019,-23444
15568,20547,-1939
15569,-22450,-5008
15570,12360,-14217
15571,17472,8307
15572,-13241,7280
15573,-8117,-22405
15574,16451,-6018
15575,2114,19573
15576,-22451,-1930
15577,2124,-15234
15578,22593,10361
15579,-8123,21615
15580,-15283,-18312
15581,12359,19567
15582,-19375,5229
15583,-5036,-19337
15584,13390,2166
15585,-7086,22635
15586,-16294,-9104
15587,13396,-18311
15588,17484,8309
15589,-21417,15470
15590,-5030,-19336
15591,21584,-903
15592,-14249,-902
15593,7252,-19324
15594,20554,7297
15595,-9137,17529
15596,-16297,-14208
15597,9299,-11130
15598,12365,20604
15599,-20393,4218
15600,-1960,-21371
15601,19535,-3961
15602,-8109,12417
15603,-16293,-11129
15604,16467,10370
15605,-19363,12412
15606,-6048,-17275
15607,24660,-3961
15608,8272,23676
15609,-26531,-1923
15610,-930,-12157
15611,22611,3202
15612,-6058,21624
15613,-20384,-6021
15614,9308,-13182
15615,-15260,13436
15616,-12182,-16252
15617,12388,-13173
15618,15453,24703
15619,-11165,15480
15620,-2971,-20350
15621,21595,-1917
15622,-2979,17531
15623,-20377,-900
15624,-1944,-18299
15625,19551,8321
15626,-11163,20599
15627,10336,-23421
15628,17496,14460
15629,-15264,-15228
15630,-2974,11391
15631,12380,2174
15632,-5025,-14203
15633,-11163,7298
15634,15454,5248
15635,9306,-8060
15636,-10145,-1915
15637,6236,13439
15638,14421,-21366
15639,-10150,-3956
15640,-2980,22657
15641,13398,-2941
15642,-4008,-15221
15643,-1959,10374
15644,15442,4228
15645,1105,-14197
15646,-18342,1162
15647,11349,8326
15648,11344,-19312
15649,-13225,-879
15650,4181,8333
15651,11344,-9070
15652,-4014,-10089
15653,-8106,14480
15654,17486,1167
15655,77,-20327
15656,-6064,10388
15657,20550,10383
15658,4164,-19303
15659,-21425,2200
15660,7244,5270
15661,13382,-11108
15662,-13235,-9055
15663,2124,12443
15664,15429,-2915
15665,-6072,-12125
15666,-9139,16539
15667,19524,4249
15668,2115,-28505
15669,-1980,-5974
15670,12350,20640
15671,5180,-13145
15672,-17339,-9044
15673,68,16548
15674,13374,-11094
15675,-9149,-22347
15676,-6074,14510
15677,25658,-2896
15678,-8130,-14153
15679,-18361,5301
15680,14400,8369
15681,-11194,-15175
15682,-9141,8373
15683,17475,-8007
15684,-20403,-1862
15685,10312,-1861
15686,-15280,186
15687,15433,4280
15688,-17326,-10051
15689,11341,14518
15690,-15275,-22335
15691,10320,28851
15692,-2990,-29502
15693,2129,20664
15694,3152,-25403
15695,10315,5315
15696,-24489,7360
15697,34886,-3902
15698,-15282,2241
15699,9290,-6971
15700,-5043,14526
15701,10312,-19256
15702,-12210,17600
15703,19525,-18231
15704,-23471,11460
15705,25669,-12086
15706,-12213,11461
15707,-9136,-12085
15708,26691,202
15709,-20403,14531
15710,13383,-6969
15711,17471,7364
15712,-24501,2243
15713,11334,-11063
15714,14399,16577
15715,-31665,-9018
15716,22596,17598
15717,-22449,-6974
15718,12361,18617
15719,-9138,-3909
15720,11337,-1860
15721,-10162,-1859
15722,17478,-834
15723,-19376,189
15724,27715,5307
15725,-22450,-12095
15726,21572,16569
15727,-16308,-15167
15728,12358,18616
15729,-6071,-21309
15730,4167,18618
15731,-9140,-8002
15732,14405,2237
15733,-31659,-3905
15734,27720,13497
15735,-23468,-838
15736,15437,-4931
15737,6218,12471
15738,-13231,-16193
15739,26692,7356
15740,-20402,-3906
15741,21572,-3904
15742,-13237,10427
15743,12357,-5954
15744,-4025,16566
15745,9283,-6982
15746,2114,6327
15747,5184,-5958
15748,2111,9398
15749,8251,-9029
15750,-8129,15540
15751,13369,-4937
15752,5175,17583
15753,-17344,-16201
15754,10299,9395
15755,-10176,3250
15756,7229,-13127
15757,-1986,27820
15758,6203,-22345
15759,10294,13489
15760,-10181,3248
15761,31788,-12106
15762,-17355,9394
15763,1076,-10057
15764,16428,-1864
15765,-13261,20654
15766,2098,-21319
15767,6191,6326
15768,-8141,6323
15769,3122,-3915
15770,-19396,14510
15771,26671,-11084
15772,-5070,28838
15773,-9161,-24398
15774,17455,23719
15775,-9164,2214
15776,2099,-5975
15777,10286,10404
15778,-17353,4258
15779,17455,-26449
15780,2094,12457
15781,-15306,6310
15782,17454,-9045
15783,11305,35994
15784,-15311,-8034
15785,8237,-10077
15786,11304,13469
15787,-26571,-3937
15788,19500,-13146
15789,8232,7331
15790,-24524,1186
15791,16428,-19284
15792,7209,11431
15793,-6100,15520
15794,4138,-22357
15795,1065,21665
15796,-14288,-15191
15797,7213,-9042
15798,-13260,23715
15799,-14277,-21330
15800,11318,173
15801,-969,17573
15802,-17344,-16211
15803,20534,6314
15804,-3016,7335
15805,-7108,-16209
15806,17460,2222
15807,-19394,-1873
15808,-961,-12107
15809,14392,8369
15810,-25531,14506
15811,9281,-25417
15812,5183,14512
15813,-13242,3247
15814,6211,-22342
15815,-956,29868
15816,-8120,-11086
15817,7237,-17221
15818,6210,21681
15819,-9145,-23363
15820,7236,23730
15821,-14261,-21315
15822,16451,16565
15823,-15285,-13124
15824,18498,15541
15825,-10169,-20289
15826,9283,17591
15827,2114,-20287
15828,1089,19640
15829,-3005,-14145
15830,16443,-12091
15831,-24505,3268
15832,-8117,-9015
15833,24639,4295
15834,-17336,5317
15835,15425,-12085
15836,6206,6344
15837,-23478,-14129
15838,-2996,-2863
15839,-14253,2256
15840,17483,-3886
15841,74,17610
15842,-16302,2249
15843,20552,-17198
15844,-8116,21704
15845,2123,-23340
15846,6216,25800
15847,-7092,-21293
15848,11335,24775
15849,-10164,-18224
15850,20546,20678
15851,-19380,-6966
15852,23617,-821
15853,-14264,3274
15854,7237,-18221
15855,10304,3282
15856,-15288,18633
15857,-6069,-36645
15858,12357,20689
15859,-19377,-3885
15860,78,-11047
15861,28736,216
15862,-13241,14545
15863,-13234,3280
15864,77,-12074
15865,8265,18637
15866,-1974,-7983
15867,13380,1232
15868,-9143,9420
15869,7238,-16172
15870,-953,25800
15871,-10164,-18223
15872,17476,1232
15873,10303,18631
15874,-24501,-19247
15875,18498,4303
15876,-3004,14536
15877,-18355,-14129
15878,19524,-2863
15879,4162,12491
15880,-24498,-2867
15881,25666,-818
15882,-19380,14535
15883,17476,-16177
15884,-16308,13513
15885,17476,-21292
15886,3139,24776
15887,2114,-26411
15888,5184,19660
15889,-9147,-25383
15890,16445,21711
15891,-20409,-12075
15892,22588,-4904
15893,-6081,10451
15894,-3007,-12071
15895,11324,4311
15896,-17339,5333
15897,17469,-16163
15898,-7103,21715
15899,1088,-16165
15900,11323,11478
15901,-16317,12496
15902,4161,-13097
15903,13371,21709
15904,-15293,-9006
15905,4161,-6954
15906,11324,16590
15907,-16316,-6958
15908,21562,-813
15909,-14271,12493
15910,9277,-24359
15911,3132,18640
15912,-20410,-15144
15913,25658,6357
15914,-16318,13519
15915,7231,-20263
15916,2110,21711
15917,-21431,-11051
15918,21567,-1834
15919,-17336,22731
15920,-1975,-19243
15921,13379,15566
15922,-17332,1229
15923,-5041,-11053
15924,10314,8399
15925,-4020,15560
15926,-15276,-24364
15927,22601,7377
15928,-16303,17609
15929,-1966,-20269
15930,16458,6352
15931,-13231,10443
15932,-2989,-15149
15933,7248,-13094
15934,25668,13524
15935,-15284,11471
15936,-6065,206
15937,2126,-14123
15938,27713,-1834
15939,-6076,20684
15940,-10167,1227
15941,-10162,-14126
15942,22595,-9001
15943,2114,26826
15944,-9145,-821
15945,-12211,-13102
15946,7242,-21283
15947,3145,23762
15948,-15279,1233
15949,15434,-4908
15950,2121,12494
15951,-10162,-2864
15952,6219,-13097
15953,11334,5333
15954,-20400,2260
15955,3151,-15140
15956,19526,18643
15957,-20400,2258
15958,5198,-24354
15959,10313,13528
15960,-8115,15569
15961,-4017,-18214
15962,16455,1241
15963,4165,16593
15964,-21424,-2861
15965,-4014,-28447
15966,10317,8413
15967,1100,25809
15968,-14253,208
15969,4177,-22309
15970,16457,10454
15971,-12209,25802
15972,-16297,-16174
15973,15440,-5931
15974,12362,20683
15975,-11184,12485
15976,4174,-21296
15977,17478,4302
15978,5188,18629
15979,-14261,1220
15980,4169,-17203
15981,7238,13511
15982,-18353,5317
15983,3150,-12085
15984,6219,3274
15985,15428,7367
15986,2115,13505
15987,-9144,16569
15988,-14257,-9026
15989,-6062,-24374
15990,18505,-6962
15991,6214,28864
15992,-16306,5310
15993,-12204,-7998
15994,15437,-7994
15995,26688,-825
15996,7229,21693
15997,-14268,10424
15998,-14261,-13121
15999,-948,-11067
16000,-4018,-9014
16001,77,-16174
16002,17477,-18213
16003,12351,-2851
16004,13369,-3873
16005,9269,1246
16006,14382,3293
16007,-6095,16597
16008,-18374,1236
16009,-23482,-12070
16010,-3000,-12064
16011,8260,-16152
16012,2115,-4885
16013,12349,-2835
16014,12343,3308
16015,9267,14565
16016,-4043,18652
16017,-14276,19667
16018,-22457,4305
16019,-13234,-5932
16020,-8110,-5929
16021,81,-10020
16022,8269,-5921
16023,6218,-6941
16024,7239,-796
16025,11330,5346
16026,16442,18649
16027,7223,12499
16028,12337,-1836
16029,16425,-6952
16030,21535,-3878
16031,24595,3289
16032,13325,11476
16033,11272,22729
16034,2055,16577
16035,-7157,21687
16036,-16365,11442
16037,-17380,-5963
16038,-10207,-10054
16039,4127,-9025
16040,8219,-9020
16041,9239,-1851
16042,4117,15550
16043,-1002,12472
16044,-19424,2231
16045,-12250,-2887
16046,-4056,-26426
16047,22557,-22319
16048,19476,-10026
16049,12302,3285
16050,-4080,14542
16051,-15336,12488
16052,-16352,5318
16053,-16344,-4919
16054,-6101,-7987
16055,10278,-5936
16056,13344,6349
16057,17432,7370
16058,14353,-2868
16059,23558,-4913
16060,11265,-2863
16061,14330,-7979
16062,17394,-10022
16063,26598,-7970
16064,19421,-7966
16065,17365,-10009
16066,20428,-5910
16067,12231,-5907
16068,14273,-3857
16069,8126,4333
16070,10170,15590
16071,-2116,11489
16072,-10302,13531
16073,-15414,10454
16074,-16429,7379
16075,-8232,-1836
16076,983,-10023
16077,13265,-17182
16078,6095,-17173
16079,6093,-20235
16080,6091,-7943
16081,3018,-13056
16082,9158,-4861
16083,14272,-3835
16084,8125,10496
16085,11192,15609
16086,7093,17649
16087,13231,14570
16088,17319,15587
16089,12194,12509
16090,16283,9433
16091,9111,9429
16092,11154,6354
16093,-2156,8398
16094,-8295,3277
16095,-11361,-2865
16096,-26707,-2863
16097,-16458,-7979
16098,-15426,-12069
16099,-13371,-20251
16100,-10293,-16147
16101,-5170,-19209
16102,8139,-9988
16103,10183,-17147
16104,9155,-8950
16105,15292,-3828
16106,11191,4362
16107,12210,-757
16108,8111,-756
16109,15272,-4849
16110,18336,-3823
16111,18328,5391
16112,19343,8459
16113,7052,16643
16114,-7280,19706
16115,-17511,2297
16116,-12384,-13056
16117,5022,-4861
16118,7067,3330
16119,-8288,5376
16120,-16471,-11002
16121,1960,-28396
16122,14242,3347
16123,2977,13581
16124,-7259,1292
16125,-2137,-8943
16126,14241,-10985
16127,22423,4373
16128,12178,17677
16129,-9321,9481
16130,5013,-8946
16131,19340,-6894
16132,2955,12556
16133,-10351,-2802
16134,-110,-25317
16135,16267,-7905
16136,-2163,9499
16137,-14443,-7905
16138,-106,-25300
16139,13200,299
16140,16265,-3795
16141,15234,3372
16142,7039,7465
16143,3966,13603
16144,-1153,8479
16145,-4222,3358
16146,-11384,-737
16147,-9331,-3807
16148,-11373,-10969
16149,-8296,-17104
16150,7061,-10954
16151,7058,6451
16152,-4203,22824
16153,-14435,12578
16154,-2145,-15062
16155,6045,-13007
16156,9113,-6859
16157,18321,-3785
16158,18313,-712
16159,13187,7477
16160,6017,10544
16161,-10361,3375
16162,-5238,-10955
16163,-8305,-19137
16164,3982,-18104
16165,9098,-7860
16166,3977,2379
16167,1928,8519
16168,-119,17727
16169,-5236,13625
16170,-14444,9525
16171,-16483,4403
16172,-16474,-6857
16173,-9301,-8900
16174,-84,-10942
16175,6058,-2748
16176,14244,16700
16177,2979,19763
16178,-6233,14636
16179,-7253,-5841
16180,-3155,-13002
16181,1964,-22207
16182,8105,-16055
16183,14243,-15023
16184,17307,-4780
16185,20370,-2730
16186,15243,-6822
16187,16260,-11936
16188,10112,-11930
16189,11131,-14994
16190,-132,-14986
16191,-131,-8837
16192,-10365,-14973
16193,-15477,386
16194,-16492,8574
16195,-6248,6523
16196,-9315,20849
16197,2972,19816
16198,16277,14689
16199,7058,16729
16200,16267,6486
16201,12166,4436
16202,7043,6481
16203,18299,7502
16204,18291,3405
16205,19306,1356
16206,9062,2379
16207,16223,7496
16208,11098,-695
16209,-165,12611
16210,-1188,7488
16211,-5281,20790
16212,-160,7475
16213,5982,4401
16214,11097,-2765
16215,15186,-716
16216,4944,-19138
16217,-175,-14011
16218,-174,-19121
16219,6991,-8876
16220,9035,-9895
16221,842,-8866
16222,3913,-11932
16223,6982,-10902
16224,3909,-8849
16225,2884,-6797
16226,2883,-2699
16227,9023,-8838
16228,5949,-4739
16229,9017,-4736
16230,9013,-2686
16231,12080,-9849
16232,15145,-7797
16233,19232,-11887
16234,15129,-6763
16235,18193,-2665
16236,9997,-4710
16237,8969,-613
16238,8965,6552
16239,5891,4502
16240,2818,12688
16241,1793,13706
16242,-4348,18817
16243,-7416,10620
16244,-10482,5498
16245,-1265,-7810
16246,6924,-15994
16247,11015,-7798
16248,6916,3465
16249,-9463,5511
16250,-14575,-1656
16251,-5356,-6772
16252,7953,5514
16253,7950,16770
16254,-2288,15739
16255,-12521,18802
16256,-12514,4464
16257,-20695,1391
16258,-8402,-9868
16259,-5327,-9863
16260,-3277,-19069
16261,5937,-15989
16262,16170,-10863
16263,17186,400
16264,18202,8588
16265,4888,15749
16266,-2278,14718
16267,-9441,8570
16268,-12506,1401
16269,-3288,-5764
16270,4902,-5761
16271,8994,-1664
16272,13084,4478
16273,8984,12664
16274,-4325,10611
16275,-6369,11630
16276,-6365,-1681
16277,-220,-12938
16278,8992,-11908
16279,15129,-7808
16280,12052,1407
16281,7953,4477
16282,-1262,8569
16283,-13543,6518
16284,-20700,3445
16285,-12501,-650
16286,-22729,-3720
16287,-10435,-4741
16288,-11453,-7809
16289,-2235,-7805
16290,10049,-6777
16291,10045,-2679
16292,18229,-1654
16293,13103,2441
16294,17191,392
16295,16160,-7796
16296,11035,-7792
16297,8983,-13929
16298,5909,-12898
16299,3860,-15962
16300,6929,-7766
16301,5903,-597
16302,4877,17827
16303,-2289,16795
16304,-11499,4505
16305,-7399,-3685
16306,-230,-11871
16307,10006,-11865
16308,10002,422
16309,-3308,10657
16310,-4329,416
16311,-6373,7581
16312,-2275,3484
16313,-6367,4506
16314,-7387,4504
16315,-4312,-5733
16316,-4309,-13918
16317,5929,-10840
16318,18209,-9811
16319,8989,-1618
16320,796,9642
16321,-8415,7591
16322,-17622,7588
16323,-11472,1443
16324,1839,-5722
16325,3886,-3672
16326,9002,-1623
16327,8998,-3669
16328,10018,-5714
16329,10014,-593
16330,11033,-6733
16331,15122,-4682
16332,9998,1461
16333,7947,9649
16334,7944,3504
16335,5894,9644
16336,2821,4522
16337,8961,6567
16338,5887,6564
16339,11002,11679
16340,12021,-3679
16341,9969,-3677
16342,12012,-10839
16343,6889,-13904
16344,8933,-17991
16345,12000,-4676
16346,8924,-11838
16347,8920,-6714
16348,18128,-3640
16349,16073,2503
16350,8901,2502
16351,8897,8642
16352,-318,4544
16353,-2364,9660
16354,-4409,8632
16355,-10547,9652
16356,-12588,5554
16357,-15652,5552
16358,-11550,-591
16359,-7450,-4684
16360,2789,-3658
16361,15070,-2632
16362,4828,4534
16363,9944,4532
16364,-1319,7601
16365,-13600,2480
16366,-15640,-2638
16367,-12561,-3660
16368,-18695,-6728
16369,-13568,-7748
16370,-14584,-4673
16371,-12529,-11835
16372,-14569,-4664
16373,-11491,455
16374,-11485,3526
16375,-14549,6595
16376,-11471,6592
16377,-9418,15801
16378,-3272,15794
16379,4918,16810
16380,11057,11685
16381,18217,5539
16382,12068,-2651
16383,11039,-8790
16384,3870,-6738
16385,-225,-9805
16386,-8412,-4682
16387,-5337,2485
16388,-6357,8625
16389,-1236,6574
16390,5930,5548
16391,5928,4522
16392,7973,4520
16393,7970,-5717
16394,-221,-12878
16395,-8408,-8777
16396,-12497,-2631
16397,-9420,13747
16398,819,10670
16399,16172,5548
16400,9000,-3666
16401,3879,-11852
16402,-7381,-6728
16403,-13518,13746
16404,5936,14763
16405,12075,11686
16406,11046,421
16407,10018,-10837
16408,-4315,-12878
16409,-10453,7599
16410,-9424,15784
16411,9004,8612
16412,10024,-9815
16413,2855,-9810
16414,-7381,-14922
16415,-7377,3509
16416,-9420,6578
16417,-10438,12716
16418,3897,14757
16419,4919,6562
16420,14129,2465
16421,14123,-5724
16422,4905,-6744
16423,2856,-14928
16424,-1239,2479
16425,-14543,-7757
16426,-9418,434
16427,-9413,4528
16428,-3267,4526
16429,2876,6571
16430,5946,2474
16431,6967,-1621
16432,2870,-5714
16433,-5319,429
16434,-7363,-594
16435,-4288,7595
16436,831,7592
16437,5949,1447
16438,5947,-4694
16439,-4290,-6738
16440,-14522,7595
16441,4932,10662
16442,12095,1445
16443,-5310,-6743
16444,-5307,7590
16445,10049,3493
16446,15162,-11861
16447,-6338,-10831
16448,-9405,8621
16449,3906,8617
16450,2881,-5716
16451,-10425,-2642
16452,-7349,8618
16453,5961,3497
16454,1864,-4692
16455,-7348,-5713
16456,-11438,6572
16457,-3244,14757
16458,6993,11680
16459,14155,415
16460,11078,-8796
16461,837,-12885
16462,836,-6737
16463,-3258,-4686
16464,-185,-4683
16465,-6325,-7751
16466,-8368,-582
16467,-11434,8630
16468,-2216,12720
16469,4950,13738
16470,11089,5544
16471,11084,-2646
16472,4938,-9809
16473,-181,-11851
16474,-8368,-5704
16475,-11434,4534
16476,-3240,13744
16477,9044,5550
16478,851,-6734
16479,-10407,4528
16480,856,12714
16481,6997,5544
16482,11088,-599
16483,8013,-5716
16484,-178,-10830
16485,-11436,-3660
16486,-11430,5554
16487,-4259,8622
16488,8026,10665
16489,13140,-3669
16490,-1195,-12878
16491,-8358,-11848
16492,-4259,-7748
16493,-11421,1467
16494,-10391,4537
16495,-11409,9653
16496,878,10672
16497,9066,8620
16498,10086,-3666
16499,7011,-11852
16500,-1180,-10822
16501,-8343,-6722
16502,-5268,10681
16503,-1171,7606
16504,3948,5556
16505,4970,-2634
16506,873,-5703
16507,-6291,-582
16508,-5264,3513
16509,-1167,9653
16510,8046,7602
16511,12137,-2636
16512,2920,-12869
16513,-8339,-7745
16514,-12428,2494
16515,-139,8634
16516,2932,-581
16517,1907,-10815
16518,-13446,-1598
16519,-5251,9662
16520,4987,445
16521,-1156,-6719
16522,-11390,-7739
16523,-10360,4547
16524,903,5569
16525,9091,-7739
16526,-4218,-8758
16527,-6262,-10800
16528,-10352,2511
16529,-5229,5581
16530,2962,5579
16531,6032,-3635
16532,5006,-3633
16533,1933,-4654
16534,-114,-4651
16535,-1137,-4648
16536,-3183,-4645
16537,-5228,-2595
16538,-5225,2524
16539,-3175,3547
16540,920,5593
16541,1943,4567
16542,7060,470
16543,6034,-8741
16544,-5227,-8736
16545,-7271,1503
16546,-2149,4573
16547,10135,-1570
16548,1942,-4639
16549,-7270,-7707
16550,-9313,1508
16551,-5214,13790
16552,4001,8666
16553,13211,1497
16554,8088,-7715
16555,-103,-9758
16556,-6243,-4635
16557,-11357,484
16558,-5210,12766
16559,5028,8666
16560,10144,6615
16561,9116,-2599
16562,6042,-7715
16563,921,-5664
16564,-3173,-2590
16565,-4194,2529
16566,-2144,7646
16567,2975,8666
16568,12186,5592
16569,8087,-551
16570,5013,-7715
16571,-2153,-11805
16572,-6245,-4634
16573,-7265,2533
16574,1950,5603
16575,10138,3554
16576,10134,-1565
16577,917,-9752
16578,-5224,-6676
16579,-7268,-3602
16580,-6240,2541
16581,-1119,2540
16582,928,5610
16583,3999,3561
16584,5021,488
16585,1948,-3606
16586,-4193,-2580
16587,-6237,-1555
16588,-6233,3564
16589,-2135,8680
16590,4008,11747
16591,8101,6624
16592,12192,-1567
16593,-95,-8730
16594,-5212,-2584
16595,-2138,11747
16596,8099,5601
16597,10143,-1566
16598,1950,-4635
16599,-5215,1508
16600,-2141,5602
16601,930,6623
16602,5024,1502
16603,5022,-2592
16604,2973,-8731
16605,-5216,-7703
16606,-9307,-4628
16607,-9302,-531
16608,-10320,3564
16609,-6220,6633
16610,-2122,9701
16611,2997,3556
16612,6067,-4633
16613,-3147,-7701
16614,-5192,-9744
16615,-4165,-7692
16616,-7233,2547
16617,-12346,-524
16618,-3128,4594
16619,-6196,6639
16620,-2098,5613
16621,-2096,11752
16622,4047,6629
16623,11210,9697
16624,8135,4575
16625,10179,-3615
16626,-1084,-7707
16627,-5177,-6679
16628,-13362,488
16629,-11308,1511
16630,-7208,11746
16631,4055,481
16632,6101,480
16633,-2089,-2590
16634,-7205,481
16635,-4130,9693
16636,8155,9689
16637,7128,-550
16638,-2086,-3620
16639,-6178,5594
16640,5084,6615
16641,8153,-3623
16642,-4132,-5668
16643,-7200,-547
16644,991,3548
16645,4062,-2594
16646,-2080,-2592
16647,-4125,-543
16648,-3099,5599
16649,996,4573
16650,5090,476
16651,993,-2594
16652,-3101,-2592
16653,-3099,1503
16654,-1050,6620
16655,2021,4570
16656,5091,-4643
16657,-5146,-6687
16658,-7190,3552
16659,5096,479
16660,-23,-6685
16661,-2069,482
16662,-7185,9694
16663,1006,10713
16664,9194,6614
16665,10214,469
16666,4069,-5672
16667,-3097,-551
16668,2022,6614
16669,7139,2517
16670,5089,-6695
16671,-4124,-1574
16672,-1051,3545
16673,3044,7638
16674,5090,-553
16675,3041,-6693
16676,-4124,-5666
16677,-8215,6619
16678,2024,3546
16679,6118,-8737
16680,-2072,-4638
16681,-1047,4576
16682,3048,5598
16683,6118,477
16684,9186,1500
16685,4065,-5665
16686,-3101,-6685
16687,-5146,-1564
16688,-8213,2531
16689,-3091,4577
16690,6123,3552
16691,7144,-543
16692,6118,-5660
16693,-3096,483
16694,-5141,7648
16695,1002,5598
16696,2025,-3616
16697,-6163,-6684
16698,-6159,-539
16699,-6155,4579
16700,-10,5601
16701,6132,3552
16702,4083,-5661
16703,1010,-8728
16704,-13,-6676
16705,-10247,-2578
16706,-6147,2541
16707,-3073,4587
16708,0,5609
16709,1023,3560
16710,2046,4582
16711,3069,3557
16712,4092,2532
16713,5114,483
16714,7159,-3611
16715,5109,-5656
16716,5107,-9747
16717,-12,-5648
16718,-3082,-1551
16719,1013,6638
16720,3060,3565
16721,6130,1516
16722,1009,-1555
16723,-3085,-4624
16724,-4106,-1551
16725,-8197,1520
16726,-7169,3567
16727,-6141,6636
16728,-2044,4586
16729,3,6631
16730,2,5605
16731,3073,4579
16732,6142,4577
16733,5116,1504
16734,4091,479
16735,3066,-1568
16736,2041,-4637
16737,-1030,-1564
16738,-3076,-1563
16739,-4097,3556
16740,-9212,4578
16741,-2043,7647
16742,4,4573
16743,5122,-546
16744,1025,-3616
16745,-3069,-5661
16746,-5114,-2587
16747,-8182,484
16748,-6131,2531
16749,-3057,5601
16750,2062,5599
16751,6155,3550
16752,3082,-2592
16753,2057,-3614
16754,-5108,481
16755,-3058,5599
16756,5132,7644
16757,9224,4570
16758,6149,-2596
16759,4,-2594
16760,-3066,-1569
16761,-1017,3550
16762,4101,4572
16763,6146,-547
16764,3073,-6687
16765,-4093,-5660
16766,-6138,-1563
16767,-5111,4579
16768,-1014,6624
16769,2057,6621
16770,5127,4571
16771,6148,-548
16772,1027,-3618
16773,2,-1569
16774,-3068,-544
16775,-5113,1503
16776,-3063,3550
16777,-5108,3549
16778,-6129,6618
16779,1038,5592
16780,-4080,7637
16781,1039,9681
16782,4109,7630
16783,4107,461
16784,3082,-562
16785,1033,-1585
16786,-1014,-2607
16787,-5107,-1582
16788,-4081,2513
16789,-3055,5583
16790,-1006,7628
16791,17,5578
16792,1040,4552
16793,15,4550
16794,14,3525
16795,-2033,4547
16796,2062,7616
16797,13,8636
16798,4107,5562
16799,6152,4536
16800,6149,2487
16801,4099,2486
16802,6144,3509
16803,7165,1460
16804,5115,435
16805,3066,434
16806,-17405,-11848
16807,10238,-16959
16808,10234,29107
16809,-28663,9647
16810,-7155,-10827
16811,-4081,29095
16812,-25572,-7765
16813,8216,-22090
16814,9236,7603
16815,-22497,15788
16816,-9180,-27206
16817,21530,6583
16818,2073,30121
16819,-26586,-2645
16820,10273,-25160
16821,25621,12722
16822,-14308,23975
16823,16404,-7765
16824,10255,31132
16825,-16361,12694
16826,2070,-27228
16827,34821,2467
16828,-9206,23960
16829,-18413,-15968
16830,21513,-29265
16831,8197,32160
16832,-19441,13722
16833,-11243,-18013
16834,20,26007
16835,-30685,-616
16836,6176,-21085
16837,23573,9631
16838,-7143,20885
16839,-27609,-20065
16840,22556,-16984
16841,9240,18847
16842,-23516,7580
16843,-4058,-31316
16844,13344,5546
16845,-8156,27037
16846,18459,-14939
16847,23568,22938
16848,-21477,19857
16849,-13278,-20069
16850,23575,-10847
16851,1046,24981
16852,-30683,3476
16853,9249,-10854
16854,27668,8598
16855,-9191,28041
16856,-12257,-26218
16857,5149,25994
16858,-20441,7559
16859,2086,-27243
16860,31767,10640
16861,-5094,29058
16862,-20444,-7802
16863,20506,-26221
16864,13332,27014
16865,-27614,11649
16866,-7130,-12920
16867,25626,-2678
16868,-8162,28029
16869,8218,-22136
16870,26637,8580
16871,-12269,16764
16872,-21474,-12925
16873,23571,-13942
16874,17419,20864
16875,-17388,4478
16876,19,-29299
16877,24583,5515
16878,-10228,24959
16879,-22505,-13946
16880,17423,20860
16881,-17384,19827
16882,-14305,-23169
16883,19478,-10875
16884,3093,28024
16885,-28637,-7812
16886,12317,-33395
16887,22546,15750
16888,-23522,23931
16889,-10205,-15997
16890,24599,-15989
16891,14352,29053
16892,-7148,-29300
16893,30725,3467
16894,-1018,30077
16895,-7158,-27253
16896,33786,5513
16897,-3076,37239
16898,-35826,-7813
16899,17414,-22138
16900,24570,23931
16901,-20475,23920
16902,-16371,-29313
16903,13319,30065
16904,-24557,4463
16905,9231,-30338
16906,33791,12664
16907,-13306,26987
16908,-25581,-21130
16909,25607,-19072
16910,15360,18807
16911,-27634,1398
16912,-8174,-31354
16913,23559,1413
16914,-4087,28024
16915,9221,-31352
16916,26616,20862
16917,-22524,24946
16918,-16372,-28288
16919,26623,-15992
16920,2046,32121
16921,-30706,4471
16922,5132,-24189
16923,25600,10622
16924,-17399,25970
16925,-23531,-22147
16926,19468,23922
16927,-29669,12652
16928,-12255,-29317
16929,31762,-4738
16930,1041,31087
16931,-25570,-6797
16932,17430,-21122
16933,23563,17782
16934,-23529,19821
16935,-14306,-28293
16936,26641,-9856
16937,16,31089
16938,2063,-32383
16939,30720,3456
16940,-12282,34160
16941,-27628,-12937
16942,24584,-19071
16943,16384,24949
16944,-28658,5491
16945,-5103,-28287
16946,32769,6526
16947,-3069,29040
16948,-28655,-11914
16949,24581,18797
16950,-17394,26976
16951,-13291,-24212
16952,25609,-7824
16953,13315,30050
16954,-29678,3425
16955,6159,-31375
16956,26626,11628
16957,-16374,29022
16958,-21483,-17049
16959,26632,-21134
16960,14337,22887
16961,-8187,-27275
16962,32757,1396
16963,-3081,31077
16964,-31737,-9878
16965,20477,-24202
16966,28656,16750
16967,-21509,20836
16968,-19451,-25231
16969,22522,-9866
16970,4089,31079
16971,-26617,358
16972,29689,4452
16973,-10241,24920
16974,-28658,-9891
16975,20484,-27285
16976,17404,30045
16977,-29685,15702
16978,-2036,-24222
16979,32764,-669
16980,-2050,27990
16981,-31730,-9893
16982,12296,-22170
16983,22525,20828
16984,-24566,-21145
16985,29692,-17040
16986,10232,30050
16987,-26618,-669
16988,6147,-34444
16989,25591,3443
16990,-13314,33123
16991,-29683,-10903
16992,17413,-24203
16993,20475,26984
16994,-25592,15713
16995,32760,-7835
16996,-2054,30039
16997,-32757,-8868
16998,7176,-28310
16999,27643,20832
17000,-20474,22869
17001,-17393,-22176
17002,27650,-15000
17003,7167,23901
17004,-31729,4443
17005,7180,-27287
17006,32764,12643
17007,-16379,-11927
17008,16381,-27273
17009,17397,21869
17010,-22527,13671
17011,-12281,-25228
17012,30712,-2698
17013,1015,31079
17014,-27643,-2711
17015,15358,-30344
17016,22516,20846
17017,-21505,17766
17018,26611,-16018
17019,12270,28001
17020,-25605,14682
17021,-4,-26265
17022,29678,3430
17023,-12299,26969
17024,-25598,-15007
17025,24566,-19093
17026,19437,22880
17027,-29700,14681
17028,-8191,-20125
17029,25589,-2715
17030,-27645,-1690
17031,5121,-25229
17032,25589,13677
17033,-20480,21859
17034,-17399,-22162
17035,23550,-13963
17036,10234,28008
17037,-21499,4454
17038,1028,-30347
17039,26615,5491
17040,-14337,30053
17041,18423,-22160
17042,20462,23909
17043,-25605,14686
17044,-10239,-23190
17045,31730,-5779
17046,-2060,33117
17047,-31740,-6815
17048,7169,-26258
17049,31730,17766
17050,-11272,27993
17051,-22524,-18078
17052,26615,-14998
17053,-26619,5480
17054,4,-30345
17055,28662,4469
17056,-9221,30055
17057,-19451,-9876
17058,18428,-19082
17059,24561,15727
17060,-22531,13673
17061,-11261,-27273
17062,26614,-648
17063,-1033,26987
17064,9203,-25224
17065,29669,11635
17066,-15379,14700
17067,-26629,-23176
17068,18419,-21117
17069,8176,28022
17070,-21509,8562
17071,-4,-29311
17072,28655,2432
17073,-8204,26995
17074,-24575,-18052
17075,18424,-21113
17076,-26618,18814
17077,-14323,-19064
17078,25601,-6772
17079,-1022,24960
17080,-25585,-3710
17081,7180,-28272
17082,23553,12682
17083,-17398,18817
17084,-16366,-20085
17085,24582,-11887
17086,13312,29059
17087,0,-29294
17088,24564,4496
17089,-7176,28035
17090,-25595,-6777
17091,16381,-22126
17092,16374,19849
17093,-22526,14722
17094,-8186,-22131
17095,28664,-2673
17096,-2054,22916
17097,-26616,-6776
17098,10243,-22125
17099,-13302,19850
17100,-17389,-19052
17101,20489,-12901
17102,8197,25999
17103,-26606,5517
17104,17,-25190
17105,27652,6551
17106,-8184,22924
17107,-21485,-10862
17108,19466,-20068
17109,20480,17812
17110,-13305,-21089
17111,24571,-6749
17112,2042,20889
17113,-24569,-6755
17114,11266,-21080
17115,23543,13730
17116,-13314,15771
17117,-21495,-19035
17118,13315,-6743
17119,4097,21919
17120,-22516,2462
17121,11,-22103
17122,-7153,27036
17123,-22502,-13917
17124,17426,-19027
17125,14347,19876
17126,-24553,18843
17127,-6118,-21082
17128,25614,-2648
17129,-1009,20894
17130,-27619,-3680
17131,11288,-25171
17132,19471,16805
17133,-15337,-14931
17134,21517,-7759
17135,11272,27044
17136,-21485,6561
17137,-2028,-26194
17138,20490,3501
17139,-10225,20899
17140,-22502,-10839
17141,12308,-17998
17142,12302,18857
17143,-23526,11684
17144,-7138,-26191
17145,2077,20903
17146,-25558,-1624
17147,9254,-17999
17148,17438,10668
17149,-10205,19875
17150,-16341,-15957
17151,21537,-10831
17152,8221,21927
17153,-26582,1446
17154,41,-23118
17155,19488,6575
17156,-18391,-5710
17157,20511,-23106
17158,16407,12728
17159,-19423,8628
17160,-6108,-20034
17161,21530,-3648
17162,-2021,20918
17163,-21466,-3656
17164,11297,-19006
17165,22550,10685
17166,-14307,13751
17167,-11229,-20031
17168,5153,23990
17169,-22484,7603
17170,43,-22082
17171,20513,5564
17172,-8155,21938
17173,-19409,-11848
17174,14376,-17983
17175,11299,18872
17176,-21458,12722
17177,-5071,-19012
17178,22566,-1603
17179,-21455,-2625
17180,6190,-21046
17181,18469,10693
17182,-13268,16829
17183,-15308,-15931
17184,19499,-9782
17185,9255,18881
17186,-19407,3520
17187,48,-22069
17188,18471,2506
17189,-9172,19905
17190,-16332,-11833
17191,15405,19902
17192,-16331,12728
17193,-5064,-22077
17194,22573,-2619
17195,3116,21947
17196,-22473,-3651
17197,7220,-16954
17198,14381,14783
17199,-13260,14776
17200,-9159,-22077
17201,19504,-4666
17202,-20422,2501
17203,57,-24111
17204,20527,9677
17205,-9164,20931
17206,-16324,-8760
17207,16436,-11826
17208,11311,15815
17209,-20423,6596
17210,-5060,-18994
17211,18483,461
17212,-6090,20931
17213,-21439,-3643
17214,18488,11712
17215,-12226,12730
17216,-13243,-15934
17217,15422,-7738
17218,4156,21948
17219,-20410,4538
17220,6211,-19004
17221,18490,7617
17222,-9153,18872
17223,-14266,-13889
17224,15423,-13882
17225,-19383,11713
17226,-2997,-16950
17227,26686,457
17228,-3008,20927
17229,-20406,-4670
17230,11333,-15926
17231,14398,12740
17232,-17337,12734
17233,-9140,-15930
17234,21570,-4663
17235,2113,19904
17236,-15287,2495
17237,17473,6588
17238,-9146,20914
17239,-18353,-11848
17240,17479,-10818
17241,9283,20916
17242,-18356,8624
17243,-1971,-20038
17244,19524,2489
17245,-5049,17841
17246,-16305,-9802
17247,10314,-11844
17248,-13231,14773
17249,-8107,-15939
17250,20555,-6719
17251,5193,19896
17252,-20397,1463
17253,6224,-17984
17254,19527,8636
17255,-10164,17844
17256,-10159,-11846
17257,16457,-6722
17258,10308,17846
17259,-20402,8626
17260,20548,5552
17261,-3002,22949
17262,-17329,-4696
17263,15432,-17999
17264,14401,14762
17265,-12217,8614
17266,-9140,-19024
17267,18499,-4685
17268,2114,23976
17269,-18357,-2646
17270,2122,-15950
17271,-9137,19881
17272,-16297,-15951
17273,16463,-12872
17274,9291,21934
17275,-20395,5548
17276,-2985,-16971
17277,20557,436
17278,-6064,17836
17279,-16296,-8783
17280,17488,-14919
17281,11339,13747
17282,-21418,8623
17283,19533,-2639
17284,4171,22950
17285,-16301,421
17286,7248,-21072
17287,17480,9644
17288,-12210,15781
17289,-16298,-15955
17290,13392,-6735
17291,10315,22950
17292,-20395,6563
17293,1108,-25168
17294,-5033,17832
17295,-14242,-9811
17296,10329,-15947
17297,17489,16813
17298,-14248,13735
17299,-4006,-15953
17300,21584,-592
17301,1103,19879
17302,-25508,-600
17303,9304,-17999
17304,13394,13739
17305,-16294,13733
17306,18513,-10837
17307,8269,19874
17308,-17322,5536
17309,1109,-22101
17310,19532,4521
17311,-1971,21919
17312,-16299,-11867
17313,17485,-16978
17314,11336,17830
17315,-16304,9634
17316,-6061,-13911
17317,82,24989
17318,-24482,-1634
17319,7259,-19032
17320,22608,10659
17321,-13225,15772
17322,-17312,-18011
17323,19543,-10837
17324,1110,15780
17325,-22431,4514
17326,4191,-22099
17327,18518,8617
17328,-9125,19872
17329,15444,-15960
17330,12366,18847
17331,-17321,16791
17332,-8101,-20063
17333,20561,2464
17334,1104,23957
17335,-20390,-5736
17336,7255,-19038
17337,16463,15771
17338,-15273,13717
17339,-15265,-18018
17340,12377,19861
17341,-20381,4499
17342,2146,-24161
17343,21592,4509
17344,-15264,24977
17345,-17303,-10857
17346,16481,-13922
17347,14426,19861
17348,-22427,13711
17349,-1946,-19047
17350,18525,-3685
17351,-930,24975
17352,8282,-21094
17353,24654,18833
17354,-13227,16777
17355,-13220,-20077
17356,27727,-5738
17357,11338,23947
17358,-22443,394
17359,3156,-21099
17360,23625,11664
17361,-14256,23941
17362,-19366,-15987
17363,13396,18820
17364,-20386,12670
17365,-12188,-20088
17366,14429,-2678
17367,6234,33146
17368,-22427,-645
17369,12383,-20091
17370,25683,15742
17371,-18340,14711
17372,-10143,-23165
17373,20567,-8824
17374,6228,22909
17375,3155,-20089
17376,25671,7556
17377,-10164,21882
17378,-17323,-12927
17379,15438,-17014
17380,14407,25982
17381,-28587,8570
17382,-938,-21115
17383,18509,2436
17384,-946,34164
17385,-22439,-7816
17386,21583,12658
17387,-22438,28005
17388,-18333,-21136
17389,26710,-8843
17390,17486,26984
17391,-21415,5478
17392,-5028,-35464
17393,28750,7541
17394,-11180,21867
17395,-20386,-5778
17396,20564,-14986
17397,11343,23915
17398,-7085,-21130
17399,20553,-10884
17400,-950,24944
17401,-24490,-7820
17402,10321,-21121
17403,23622,21877
17404,-11188,21867
17405,-11182,-23177
17406,27717,-8836
17407,13375,26991
17408,-22454,-1680
17409,30779,11627
17410,-10176,27998
17411,-25523,-9885
17412,17477,-8856
17413,24633,24924
17414,-23483,11607
17415,-6072,-30362
17416,27707,-6806
17417,-6082,20832
17418,-26549,-6812
17419,13381,-27278
17420,31798,11629
17421,-31674,-25222
17422,17470,-12927
17423,7227,26996
17424,-21434,13678
17425,5188,-25221
17426,21562,12661
17427,-7106,24937
17428,-18361,-16015
17429,22588,-24195
17430,17460,25969
17431,-27582,8557
17432,27701,-8846
17433,9265,20840
17434,-23491,-7828
17435,9273,-32388
17436,20527,13686
17437,-20423,16750
17438,-9154,-12939
17439,26673,-10885
17440,13355,29037
17441,-31685,6506
17442,6200,-22155
17443,21550,6514
17444,-27588,-8841
17445,14389,-22142
17446,7218,24950
17447,-21443,15727
17448,-6080,-28291
17449,36910,-5760
17450,1069,30066
17451,-19401,-12935
17452,10290,-24187
17453,18473,18812
17454,-22476,23921
17455,26663,-6795
17456,6180,29031
17457,-30669,2406
17458,-10184,-19088
17459,29738,9580
17460,-14287,24928
17461,-22468,-22165
17462,26671,-23177
17463,16423,13681
17464,-26572,9581
17465,-15300,-25222
17466,30765,-2692
17467,-16331,1403
17468,11312,-28279
17469,29730,18816
17470,-18389,22901
17471,-28615,-27261
17472,15410,-6777
17473,5168,25979
17474,-26563,5497
17475,5179,-23163
17476,47140,2436
17477,-12246,36211
17478,9254,-29310
17479,23579,24950
17480,-23513,9586
17481,-9172,-24194
17482,30749,-5759
17483,11288,22902
17484,-24540,-10884
17485,20506,-23160
17486,21520,13698
17487,-21477,18809
17488,-22490,-9858
17489,32790,-9853
17490,-24542,10622
17491,3105,-33393
17492,29715,1422
17493,-10216,25986
17494,-26587,-17013
17495,20507,-14957
17496,14356,21897
17497,-26591,18816
17498,-12249,-29297
17499,35862,-8812
17500,-5095,32133
17501,4119,-36457
17502,24587,14736
17503,-16365,21894
17504,-13286,-25197
17505,23567,-10855
17506,18438,36232
17507,-28652,1415
17508,-10215,-29290
17509,31754,10641
17510,-1013,45435
17511,-19435,-9856
17512,23562,-31344
17513,-17389,15753
17514,-30686,-27241
17515,27669,-7781
17516,20,29069
17517,-22497,6538
17518,14360,-27240
17519,39941,5526
17520,-18418,23947
17521,-20456,-19051
17522,24588,-14947
17523,6153,32142
17524,-1014,-28260
17525,28668,7577
17526,1019,20879
17527,-22521,-11883
17528,14336,-28253
17529,22517,20889
17530,-28668,33161
17531,-4090,-15983
17532,31735,1424
17533,4086,29058
17534,-23550,-8825
17535,10237,-40549
17536,-24566,29069
17537,-28648,-9838
17538,26635,-12903
17539,25599,33161
17540,-21494,8581
17541,-3060,-34410
17542,21506,-7782
17543,-5115,21904
17544,-39911,-7788
17545,13331,-25183
17546,22536,28052
17547,-12274,-35418
17548,30719,-4695
17549,4094,22942
17550,-32753,-2656
17551,4109,-26195
17552,22530,14758
17553,-17397,26010
17554,-22506,-20060
17555,25610,-8791
17556,14339,29083
17557,-32749,1434
17558,-5098,-32342
17559,-1001,39319
17560,-12259,-2663
17561,20499,-18014
17562,24583,18841
17563,-14322,20879
17564,-24550,-35423
17565,22543,-6747
17566,-2032,26009
17567,-33759,8597
17568,4127,-29276
17569,18454,20890
17570,-16354,-22107
17571,28688,-18002
17572,12298,18853
17573,-30695,-602
17574,-4069,-26189
17575,38920,1458
17576,4102,26022
17577,-29675,-11860
17578,20491,-22089
17579,16387,21933
17580,-28655,19876
17581,-12265,-25167
17582,21517,24997
17583,-27621,1444
17584,5145,-38473
17585,12307,6580
17586,-24545,31141
17587,-23509,-19025
17588,20513,-17992
17589,2080,27051
17590,-14297,4521
17591,38,-30280
17592,25626,-583
17593,-37843,-3653
17594,16421,-28215
17595,17437,21951
17596,-18394,22964
17597,-16338,-23104
17598,27681,-5693
17599,6174,25015
17600,-27604,-2631
17601,-3026,-20029
17602,23587,8639
17603,-9176,38317
17604,-14289,-21064
17605,23588,15793
17606,-29645,6574
17607,50,-29251
17608,25638,1468
17609,-6103,27055
17610,-16335,430
17611,17449,-19016
17612,18464,21934
17613,-19414,16806
17614,-19404,-26189
17615,26663,-9800
17616,-25548,11699
17617,6193,-22082
17618,34848,6587
17619,-8156,13749
17620,-25551,-25150
17621,19496,-22067
17622,15393,18884
17623,-25554,6593
17624,1069,-14903
17625,31774,4551
17626,3101,33207
17627,-21464,-17984
17628,13346,13754
17629,-23506,25006
17630,-14283,-16969
17631,19500,-8772
17632,22561,31149
17633,-24531,-3665
17634,5163,-32321
17635,22560,-6717
17636,-12250,22968
17637,-30667,-4677
17638,20523,-13886
17639,-7121,9662
17640,3118,-29235
17641,25634,1484
17642,-5083,26048
17643,-32715,-4669
17644,1076,-14901
17645,26663,16835
17646,-22478,18874
17647,-15302,-21051
17648,29740,-1594
17649,1067,14783
17650,-32709,-3647
17651,23600,14778
17652,-19398,20912
17653,-12224,-10826
17654,25652,-15938
17655,20522,19893
17656,-22475,13743
17657,3124,-26180
17658,27687,-5697
17659,-5078,29105
17660,-21451,-6731
17661,22570,-11845
17662,-19404,25007
17663,-13253,-25156
17664,13365,-15932
17665,2100,31157
17666,-26559,4531
17667,3136,-22082
17668,28722,6587
17669,-11208,23984
17670,-19390,-19014
17671,4160,-23098
17672,12346,21948
17673,-24506,12726
17674,33846,-585
17675,9266,21933
17676,-19396,-14923
17677,13366,-28221
17678,6195,10686
17679,-17348,16822
17680,-11198,-12867
17681,22583,-4672
17682,-1992,23989
17683,-24508,-586
17684,3139,-28220
17685,-6074,26040
17686,-14259,-20030
17687,18500,-4667
17688,15421,23994
17689,-24503,7607
17690,-2997,-20031
17691,27710,-14903
17692,-9149,19904
17693,-27567,-9787
17694,3152,-12852
17695,23621,15813
17696,-14260,25017
17697,23617,-11841
17698,3136,10682
17699,-22453,5560
17700,-6066,-21053
17701,21572,9663
17702,-12214,22964
17703,-7090,-4681
17704,19525,-15937
17705,17469,15800
17706,-20409,9652
17707,-2999,-23104
17708,-7091,28083
17709,-16299,-7753
17710,21579,-9796
17711,27710,14773
17712,-13243,4531
17713,-9142,-19011
17714,19521,-9790
17715,-3005,23991
17716,-21426,-2631
17717,77,-21052
17718,23618,12734
17719,-8122,15799
17720,22587,-12866
17721,8247,16822
17722,-28603,9650
17723,-8119,-26177
17724,24637,-4670
17725,10296,23991
17726,-16320,-8772
17727,8252,-25143
17728,9272,9669
17729,-17343,11712
17730,-15287,-14904
17731,4167,22973
17732,-21422,1468
17733,1105,-21049
17734,19528,454
17735,-14257,17854
17736,-12203,-13883
17737,17485,-12852
17738,9289,24001
17739,-20397,4543
17740,7248,-22070
17741,24644,-2612
17742,-4026,27071
17743,7235,-14905
17744,16443,13761
17745,-12223,22966
17746,-9146,-17985
17747,24634,-6717
17748,57,22968
17749,-21436,-7748
17750,67,-25143
17751,16443,13763
17752,-14270,20921
17753,-11192,-3653
17754,17472,16819
17755,-18359,6576
17756,-10162,-23108
17757,28736,-579
17758,-16312,25009
17759,-20398,-14919
17760,18505,-12864
17761,14402,17848
17762,-8122,7605
17763,-7094,-22080
17764,23615,-6716
17765,-960,22969
17766,10299,-4676
17767,19506,11703
17768,-11208,13745
17769,-11202,-12872
17770,23603,-6724
17771,9263,20914
17772,-24517,8622
17773,-1988,-17993
17774,23601,10674
17775,48,22951
17776,-7116,-16976
17777,11311,11691
17778,-17352,7592
17779,-6085,-22093
17780,19506,-6729
17781,5168,27050
17782,-23492,4520
17783,11319,-23116
17784,21549,4530
17785,-16331,14763
17786,-15299,-11855
17787,13367,-3661
17788,4149,20905
17789,6194,-22092
17790,21544,2483
17791,-2007,13741
17792,-18382,-3665
17793,5168,-10827
17794,19495,14766
17795,-22478,13736
17796,3121,-11858
17797,23590,-1617
17798,-985,21925
17799,-19407,-2649
17800,16425,14752
17801,-11217,19863
17802,-14282,-11875
17803,18477,-10845
17804,8233,18842
17805,-16335,-4707
17806,1072,-25174
17807,19495,5544
17808,-17360,20894
17809,-20422,-18009
17810,15411,-11859
17811,16427,14758
17812,-2004,-24142
17813,22561,-589
17814,-4061,18858
17815,-16341,3497
17816,10278,-12880
17817,16414,13738
17818,-19416,19873
17819,-11218,-18006
17820,18469,-13903
17821,3108,16809
17822,-26575,-1622
17823,21543,6567
17824,-10196,20893
17825,-9167,-13916
17826,16425,-16979
17827,9253,18852
17828,-25550,4514
17829,1073,-19028
17830,18472,5546
17831,-2007,23967
17832,-17358,-2655
17833,17450,-25170
17834,15395,12712
17835,-14294,-14928
17836,18465,-2638
17837,10268,18857
17838,-22489,-598
17839,2086,-23114
17840,27673,8626
17841,-6116,13740
17842,-17371,-17995
17843,20507,-15939
17844,10262,20915
17845,-20448,11694
17846,22549,-593
17847,-3049,28066
17848,-20447,-5723
17849,11292,-18002
17850,14357,10665
17851,-12261,14754
17852,-12255,-19028
17853,23574,-4689
17854,6163,26019
17855,-17380,-6745
17856,7193,-29258
17857,15378,10673
17858,-17381,-10825
17859,17427,-9796
17860,14348,16820
17861,-20458,12718
17862,-7142,-22087
17863,21520,2488
17864,-14313,18863
17865,-29658,-7757
17866,16414,-16964
17867,18453,23985
17868,-23519,15786
17869,20503,-9809
17870,5141,21925
17871,-23519,420
17872,3104,-21073
17873,21526,14760
17874,-9189,17824
17875,-9184,-13913
17876,27667,-13906
17877,10254,21924
17878,-24550,4514
17879,25,-20052
17880,25613,-595
17881,-21480,-3665
17882,13330,-19015
17883,16394,9653
17884,-19436,9649
17885,-9191,-17990
17886,19472,-2628
17887,5134,23985
17888,-23526,-3661
17889,8214,-17988
17890,25610,9656
17891,-10225,20910
17892,18438,-14922
17893,10241,27049
17894,-20469,8613
17895,-1012,-21072
17896,21506,-1615
17897,-8186,24997
17898,-18417,-11861
17899,15368,-15949
17900,19455,17835
17901,-14329,15780
17902,-13298,-21073
17903,26625,-3663
17904,-25586,-590
17905,1037,-20036
17906,22530,11703
17907,-14327,21933
17908,-17390,-15947
17909,23559,-7751
17910,9219,15794
17911,-23537,7599
17912,-1008,-25156
17913,24580,2491
17914,-10231,21937
17915,13315,-19013
17916,20473,21937
17917,-18429,15786
17918,-8185,-19020
17919,18430,-3658
17920,-1,22955
17921,-22517,3498
17922,9223,-20044
17923,22524,14765
17924,-18426,24993
17925,-11252,-20053
17926,15365,-14925
17927,-27629,10670
17928,-6122,-25157
17929,22539,2490
17930,-7153,26030
17931,-22502,-7758
17932,14355,-17989
17933,20489,17843
17934,-17390,5553
17935,-10217,-19013
17936,25611,-4674
17937,1034,30128
17938,2057,-28226
17939,22526,6587
17940,-13307,23984
17941,-17394,-20038
17942,18437,-12863
17943,11264,27060
17944,-23540,6577
17945,-1011,-24131
17946,26624,3516
17947,-7164,26032
17948,-22513,-13897
17949,16391,-25148
17950,-24557,15805
17951,-14310,-20025
17952,31755,-9780
17953,4105,24001
17954,-28649,-574
17955,5141,-25137
17956,24585,14792
17957,-14320,19903
17958,-15336,-17976
17959,21518,-16943
17960,14343,20935
17961,-3063,-28203
17962,29691,-4648
17963,-6145,28107
17964,-20470,-7729
17965,15363,-23077
17966,18426,14804
17967,-20475,14797
17968,-12277,-22056
17969,23552,-8739
17970,3071,27088
17971,-24564,-2606
17972,7177,-25121
17973,-10226,21973
17974,-17385,-18977
17975,18446,-17944
17976,14343,26076
17977,-29674,10711
17978,-2025,-21022
17979,27658,2529
17980,-2037,27092
17981,-23529,-13861
17982,15376,-23065
17983,23557,21981
17984,-14324,-26134
17985,27647,-5651
17986,6141,30175
17987,-29684,4573
17988,8200,-27157
17989,29690,8679
17990,-17405,25051
17991,-20467,-18971
17992,23554,-15891
17993,9214,27104
17994,-25589,7645
17995,-2036,-27157
17996,-9199,29149
17997,-29664,-5664
17998,11291,-21013
17999,26638,19938
18000,-23526,21976
18001,-10209,-27162
18002,23572,-9749
18003,4114,33243
18004,-28640,-2595
18005,5150,-25110
18006,24594,17890
18007,-20452,-14870
18008,25616,-17933
18009,17416,28134
18010,-24556,11745
18011,-1003,-28177
18012,25609,5613
18013,-7155,28128
18014,-25574,-7708
18015,18449,-23056
18016,21511,17896
18017,-21486,14817
18018,-17381,-27153
18019,5145,29153
18020,-26586,1504
18021,4132,-29201
18022,35859,9707
18023,-11239,28126
18024,-20445,-22039
18025,23576,-17934
18026,17424,28133
18027,-24548,12767
18028,2075,-26132
18029,26638,491
18030,-27620,-10767
18031,13334,-25090
18032,22539,15863
18033,-25576,23020
18034,-16352,-24072
18035,28690,-10754
18036,12300,32239
18037,-24552,-528
18038,8212,-30209
18039,26631,7676
18040,-14322,24049
18041,-23526,-18949
18042,22543,30189
18043,-25572,13799
18044,-4066,-30218
18045,33806,-3592
18046,-1009,36327
18047,-28643,-8724
18048,13335,-24072
18049,23564,19951
18050,-21481,16871
18051,-13282,-27147
18052,31759,-10757
18053,-30690,1530
18054,3101,-27128
18055,30734,7685
18056,-11244,28152
18057,-22497,-12801
18058,22548,-24053
18059,18443,24064
18060,-26600,15865
18061,-6117,-27129
18062,32779,4613
18063,-5106,30199
18064,-26597,-7685
18065,24591,13813
18066,-22502,25065
18067,-18397,-23051
18068,27670,-9734
18069,11281,30188
18070,-32735,8680
18071,5151,-28170
18072,35854,12784
18073,-11244,26084
18074,-26591,-19986
18075,19480,-16905
18076,-26587,18926
18077,-11221,-27140
18078,32795,-5633
18079,4121,36334
18080,-26586,-9741
18081,10273,-32253
18082,24597,15868
18083,-23519,27119
18084,-13272,-17928
18085,29722,-8707
18086,9238,32238
18087,-32730,493
18088,27673,8681
18089,-11233,30171
18090,-25556,-14877
18091,17444,-19987
18092,16412,27104
18093,-22489,14809
18094,-6102,-28185
18095,27677,-8724
18096,-3041,27103
18097,-27603,-4638
18098,10280,-28176
18099,-17359,21990
18100,-15303,-17937
18101,28715,-9740
18102,10278,26088
18103,-30667,2535
18104,-970,-31241
18105,31783,7668
18106,-14290,29158
18107,-20424,-9749
18108,19503,-15885
18109,24611,26087
18110,-26576,10722
18111,24612,-3612
18112,35,30166
18113,-26576,-5671
18114,14377,-27161
18115,28699,16863
18116,-15325,21973
18117,-15317,-22048
18118,26654,-16919
18119,11289,28124
18120,-26586,6617
18121,10273,-27161
18122,-6108,25051
18123,-23504,-14877
18124,16424,-26128
18125,14369,21990
18126,-25554,14815
18127,-8142,-22038
18128,30755,-7698
18129,34,27105
18130,-25553,-9754
18131,10282,-31242
18132,23583,15855
18133,-23509,24036
18134,25631,-10774
18135,13337,28125
18136,-28633,6618
18137,1062,-27160
18138,32790,2535
18139,-14307,28122
18140,-27605,-14878
18141,21537,-21011
18142,12315,26081
18143,-22490,10716
18144,-6103,-32276
18145,3112,25056
18146,-32712,-2590
18147,9268,-23058
18148,26663,16870
18149,-13266,19933
18150,-19400,-16922
18151,29738,-12819
18152,10277,23010
18153,-30668,2529
18154,2099,-26130
18155,24615,7659
18156,-11219,27102
18157,19492,-23062
18158,23577,26078
18159,-19421,12760
18160,-13270,-27162
18161,26653,-1561
18162,28,28122
18163,-22489,-1573
18164,10274,-30230
18165,31763,12772
18166,-17380,21978
18167,-18395,-19996
18168,15390,29142
18169,-27604,6611
18170,2091,-22050
18171,28701,7643
18172,-8159,22992
18173,-24531,-10794
18174,13351,-21023
18175,15392,20951
18176,-25555,16847
18177,-5072,-20007
18178,28706,-550
18179,-989,21968
18180,10270,-26147
18181,20500,10712
18182,-19426,24013
18183,-19416,-17962
18184,24604,-15906
18185,8216,26066
18186,-23516,6607
18187,1059,-30242
18188,27670,4572
18189,-11236,25040
18190,-26583,-3630
18191,22558,18889
18192,-15322,14786
18193,-7126,-22067
18194,27677,-6703
18195,1052,22982
18196,-24536,-7734
18197,5158,-27176
18198,20508,16848
18199,-18395,24005
18200,-14292,-21040
18201,25632,-17959
18202,8220,19920
18203,-4066,-26147
18204,23571,3548
18205,-9192,21970
18206,-24540,-9769
18207,13342,-18975
18208,17430,17881
18209,-20448,15826
18210,-8156,-29215
18211,23577,-4636
18212,24,28119
18213,-22493,-552
18214,25623,11731
18215,-11235,22984
18216,-22488,-15920
18217,16416,-7724
18218,11291,27079
18219,-25560,11714
18220,39,-20020
18221,29721,459
18222,-7139,19906
18223,-21464,-13879
18224,16416,-16942
18225,17432,20936
18226,-13281,-20014
18227,27666,-1581
18228,17,26055
18229,-25570,-4662
18230,9242,-22059
18231,19473,9681
18232,-19429,21959
18233,-14302,-15921
18234,20504,-8748
18235,7189,22985
18236,-20449,4551
18237,24595,454
18238,-8169,20924
18239,-22494,-12861
18240,14363,-17972
18241,21521,20930
18242,-21476,14779
18243,-6113,-22074
18244,25619,-7734
18245,18,21952
18246,-25569,-5693
18247,8219,-24113
18248,17427,15816
18249,-11239,-14896
18250,22542,-12841
18251,7179,17871
18252,-20459,4557
18253,20,-21032
18254,21514,5590
18255,-4084,22987
18256,-19434,-8752
18257,21516,-14888
18258,14341,17872
18259,-18418,8652
18260,18437,-4657
18261,2052,27074
18262,-22513,-573
18263,8203,-17972
18264,19458,10695
18265,-13303,14784
18266,-13296,-17975
18267,19463,-9778
18268,4101,19909
18269,-22512,3524
18270,3087,-16947
18271,23556,8649
18272,-18419,-12848
18273,13319,-14888
18274,13313,18895
18275,-19445,14792
18276,-7153,-16943
18277,21509,-558
18278,-1018,22983
18279,-15346,-568
18280,7179,-24108
18281,18434,10703
18282,-16374,14792
18283,19457,-6708
18284,9213,22977
18285,-18425,3520
18286,1030,-23092
18287,21500,4554
18288,-10238,19905
18289,-15350,-10809
18290,14339,-13874
18291,13309,20932
18292,-16378,11711
18293,-2041,-18999
18294,22524,-1590
18295,-23544,-5683
18296,8196,-17962
18297,18427,14799
18298,-13310,17863
18299,-10233,-15921
18300,21501,-9772
18301,10233,20938
18302,-22523,2505
18303,-1018,-20013
18304,17406,4561
18305,-6142,22982
18306,16378,-11828
18307,15347,16836
18308,-17412,8640
18309,-7168,-22069
18310,17400,-564
18311,-2054,21954
18312,-18428,-2620
18313,12286,-14900
18314,17398,10695
18315,-13315,12737
18316,-10237,-15927
18317,18426,-2613
18318,-20475,5577
18319,2052,-14895
18320,21498,5583
18321,-5123,18886
18322,-15355,-9781
18323,13311,-13870
18324,8188,18889
18325,-18426,8645
18326,-3064,-20017
18327,22525,-560
18328,-1026,20934
18329,8187,-18992
18330,14325,13770
18331,-16386,12740
18332,-10236,-12853
18333,19451,-3635
18334,7160,19908
18335,-18430,3523
18336,6143,-16948
18337,22517,5578
18338,-14339,17858
18339,-15355,-10808
18340,15358,-9779
18341,-16377,8649
18342,-4087,-18989
18343,18432,-4650
18344,-4094,19917
18345,-19444,-6703
18346,10247,-14887
18347,17407,13779
18348,-15353,12749
18349,-6134,-14891
18350,20480,-6695
18351,4094,18896
18352,5116,-15912
18353,15349,5590
18354,-9222,16846
18355,-15358,-9773
18356,19449,-10791
18357,11252,19920
18358,-16387,5582
18359,-5120,-22055
18360,18423,2520
18361,-5126,21966
18362,-16381,-5679
18363,12285,-14887
18364,-15355,13779
18365,-7159,-16932
18366,19456,-5665
18367,0,19926
18368,-18423,1493
18369,6150,-16930
18370,21500,9690
18371,-10238,16850
18372,-15350,-15910
18373,17410,-12831
18374,6143,19928
18375,-2047,-16927
18376,20471,4575
18377,-2055,20949
18378,-19453,-8742
18379,12285,-16925
18380,12280,14812
18381,-20477,13782
18382,-9208,-11812
18383,20478,-2594
18384,1021,20948
18385,-18425,-6696
18386,9219,-17951
18387,-11255,15834
18388,-14320,-14878
18389,18439,-11800
18390,11266,23005
18391,-15350,1500
18392,1033,-18970
18393,20479,1509
18394,-5118,19932
18395,-18421,-10782
18396,10246,-16917
18397,13312,18914
18398,-8188,-18964
18399,20474,-5649
18400,1017,17895
18401,-21500,-4630
18402,2051,-16909
18403,17403,8687
18404,-12286,17895
18405,-11256,-12818
18406,21502,-9741
18407,7163,20969
18408,-19451,3560
18409,1028,-21005
18410,-9207,24040
18411,-17390,-4629
18412,14347,-17932
18413,14340,14829
18414,-20466,8681
18415,-7150,-21004
18416,19465,-3594
18417,-5108,25066
18418,-22505,-6674
18419,9235,-17929
18420,19466,14832
18421,-12272,-16903
18422,18439,-11777
18423,9219,23028
18424,-20467,4594
18425,-2034,-14854
18426,24578,4600
18427,-9209,25068
18428,-16369,-10766
18429,14344,-17925
18430,13314,19954
18431,-20468,8686
18432,-6129,-15882
18433,-1008,23019
18434,-20454,-4626
18435,10261,-22023
18436,17421,11764
18437,-15339,18923
18438,-16355,-13838
18439,19476,-5643
18440,1043,23018
18441,-17380,2537
18442,3099,-23051
18443,23568,7666
18444,-18407,-15878
18445,20495,-13823
18446,15368,23030
18447,-19438,10737
18448,-5099,-22020
18449,25609,-1539
18450,-1014,18932
18451,-23530,-4617
18452,7187,-20990
18453,17419,18937
18454,-18412,14834
18455,-12262,-11784
18456,9238,21998
18457,-24542,4588
18458,-4060,-17931
18459,24600,11760
18460,-11234,24037
18461,-16346,-8726
18462,17438,-18956
18463,19477,21994
18464,-21472,7655
18465,-4062,-26124
18466,20504,-2570
18467,-21469,-1545
18468,11294,-20990
18469,26641,13820
18470,-16359,15861
18471,-19421,-18945
18472,21529,-8700
18473,6166,24057
18474,-20448,13811
18475,-19414,-4618
18476,-17357,-16897
18477,4145,-23029
18478,20519,-14829
18479,-6102,27142
18480,-14287,19965
18481,-20421,5627
18482,-22458,-13822
18483,-4024,-24050
18484,18495,-27108
18485,28721,-10718
18486,22566,8734
18487,16414,25106
18488,-3040,25094
18489,-12250,13824
18490,2085,-17911
18491,25625,-13808
18492,25613,-495
18493,-6128,5647
18494,13322,2574
18495,-10225,-7662
18496,-1008,10765
18497,-1007,-7663
18498,-7147,-7659
18499,6162,9745
18500,5136,-13800
18501,-4078,-487
18502,6159,-6627
18503,-10220,-6623
18504,9232,6686
18505,6157,-3552
18506,-10222,1567
18507,7183,8731
18508,3086,-5602
18509,-4080,7707
18510,10251,-3555
18511,-5106,-5600
18512,2061,7709
18513,-5104,-8670
18514,-6125,8734
18515,14348,1565
18516,-7152,-4576
18517,10251,10779
18518,8199,-4578
18519,-8181,-1505
18520,8199,13849
18521,1030,-5604
18522,-9205,4634
18523,12293,1561
18524,-5112,-486
18525,7,1561
18526,-4087,-7651
18527,-14320,9753
18528,8204,1560
18529,-4082,-8675
18530,-2033,6682
18531,9227,537
18532,-4083,-5604
18533,5131,9752
18534,1034,-9699
18535,-7154,9753
18536,4108,-9698
18537,-3058,541
18538,13320,5659
18539,-2039,-4578
18540,4103,7707
18541,6,-9696
18542,-12276,5662
18543,10247,541
18544,-4087,-6623
18545,-3061,11804
18546,8199,-5601
18547,-6134,4637
18548,14339,-5600
18549,-12279,-479
18550,9221,6686
18551,-4089,-8669
18552,-4087,11806
18553,8197,-481
18554,-9206,-1504
18555,3081,10779
18556,-2038,-11743
18557,-8178,7710
18558,10249,-2528
18559,-4085,5662
18560,3082,-481
18561,-12272,-2527
18562,4110,9757
18563,3085,-7647
18564,-5104,6686
18565,13322,-4575
18566,-10225,-5596
18567,4109,7713
18568,1036,-7643
18569,1035,13855
18570,11270,-480
18571,-10229,8732
18572,12293,2587
18573,-3065,-12766
18574,3078,-477
18575,10241,-6617
18576,-10234,6692
18577,11265,2595
18578,-5116,-12758
18579,-3066,9766
18580,4100,-473
18581,-9207,1574
18582,8197,-3544
18583,-9206,1575
18584,10245,9763
18585,-7159,-9688
18586,1032,12834
18587,3079,-10712
18588,-2040,11811
18589,10243,-5594
18590,-7161,4644
18591,12289,-10710
18592,-23539,553
18593,8201,2600
18594,-7155,14881
18595,8201,2592
18596,-9202,4638
18597,10249,8730
18598,-7155,-5603
18599,14342,9753
18600,-1017,-3557
18601,-5110,16915
18602,-6131,-9704
18603,1036,21006
18604,-6129,-14826
18605,1038,1557
18606,-13291,532
18607,-8167,531
18608,-2022,15884
18609,-4068,-2546
18610,5146,4620
18611,-9185,-8687
18612,15384,-2541
18613,-9187,-2539
18614,5147,-15843
18615,3098,10776
18616,-6115,-4581
18617,3100,-8672
18618,-995,11803
18619,-994,-5602
18620,8218,4636
18621,-11232,6681
18622,5150,-4580
18623,-993,9752
18624,-14298,-6628
18625,12320,539
18626,-8156,9751
18627,2083,-9700
18628,13341,539
18629,-9182,3610
18630,4128,-16861
18631,-4062,7712
18632,33,-14808
18633,10268,4646
18634,-8160,-3544
18635,2079,-8659
18636,1054,9769
18637,-5087,-2517
18638,32,-2515
18639,5150,12839
18640,-3040,-4566
18641,10267,7719
18642,-9184,2598
18643,7197,-8661
18644,-994,11814
18645,-2017,-9685
18646,14360,7720
18647,-10211,1575
18648,8217,-11731
18649,-998,12839
18650,-4068,-5590
18651,5146,-3540
18652,-4068,7721
18653,-12254,-3541
18654,12316,7720
18655,-13277,-471
18656,7200,-5588
18657,-6109,3627
18658,3106,-5586
18659,3105,10793
18660,-7131,-7635
18661,5155,7722
18662,-3035,-6610
18663,13343,11817
18664,-6110,-470
18665,6175,2601
18666,-7133,552
18667,17435,7717
18668,-14302,-2521
18669,8222,-6613
18670,-7134,1578
18671,12316,553
18672,-13277,1576
18673,9247,7717
18674,-6110,-1498
18675,16410,1573
18676,-6115,548
18677,13335,1571
18678,-3047,-9688
18679,3096,7717
18680,-3046,-15827
18681,7191,14886
18682,5141,549
18683,-1002,9761
18684,10257,544
18685,-8171,1567
18686,7186,-3551
18687,-4076,-1502
18688,7185,1569
18689,-7147,-6619
18690,6162,8737
18691,-2029,-5596
18692,-1004,9760
18693,11279,-1503
18694,-3055,4639
18695,7182,11802
18696,-10221,-3556
18697,6160,539
18698,-4078,-8672
18699,-4076,8732
18700,1043,-6624
18701,-6122,5662
18702,2069,-2528
18703,-8167,-9691
18704,6166,9761
18705,4116,-7643
18706,-9191,7714
18707,9237,-477
18708,-8167,-476
18709,9237,-5593
18710,-8167,-472
18711,2072,3623
18712,23,-6613
18713,-6118,6696
18714,2073,-6612
18715,-2022,-16843
18716,1049,1588
18717,-6116,-1483
18718,2075,7730
18719,7192,-7626
18720,9236,3637
18721,-1003,-7623
18722,-2026,2616
18723,6163,-6596
18724,-1004,6713
18725,10255,6710
18726,-8173,-4551
18727,7184,13875
18728,-8172,-460
18729,2067,11823
18730,6160,-13770
18731,-7148,9778
18732,5138,-9673
18733,-7146,8755
18734,8210,-1484
18735,-7146,-3530
18736,7187,3637
18737,-3051,-458
18738,3092,12848
18739,4114,-8651
18740,-7146,9777
18741,8210,-1486
18742,-8170,-461
18743,7187,-7625
18744,-8169,5685
18745,11282,1588
18746,17,-3530
18747,3088,5684
18748,1039,-7624
18749,-6126,8756
18750,5136,-3530
18751,-7148,3637
18752,3091,-2505
18753,2066,-8644
18754,17,9784
18755,-4077,-6596
18756,18,8760
18757,6159,-7620
18758,-5102,9784
18759,4112,-3526
18760,-12266,-453
18761,10257,2618
18762,-5100,-1477
18763,8208,3642
18764,2063,-9665
18765,-5102,5693
18766,-4076,-10685
18767,7185,9791
18768,5135,-7613
18769,1038,11838
18770,3085,2621
18771,-2034,-4544
18772,10249,11835
18773,-4085,-14781
18774,4105,13885
18775,2056,-4544
18776,-2039,5694
18777,3080,2621
18778,-5109,14902
18779,3082,-2504
18780,-5107,-1479
18781,5131,6710
18782,-1012,-2504
18783,5130,12850
18784,9222,-461
18785,-7158,5681
18786,9222,1584
18787,-5111,-2510
18788,7174,7727
18789,-6135,-2511
18790,5127,560
18791,-7157,1583
18792,4105,11818
18793,-1014,-9681
18794,2057,7724
18795,4103,-8655
18796,-7157,10796
18797,8199,-3538
18798,-6134,11817
18799,15363,-4564
18800,-12279,2603
18801,10244,-6609
18802,-8184,8747
18803,8196,-4562
18804,-1019,3629
18805,9217,-3537
18806,-3069,4653
18807,6144,-2513
18808,-3070,7724
18809,4096,-6608
18810,5118,5678
18811,4093,-6606
18812,12280,-1485
18813,-8195,7728
18814,6139,-2510
18815,-8192,7727
18816,2047,-3535
18817,-2047,10796
18818,2048,-3538
18819,3071,7723
18820,-7165,-1492
18821,8191,5674
18822,-8188,-1493
18823,10239,1578
18824,0,10789
18825,-3070,-4568
18826,10237,-1495
18827,-2,-9682
18828,7163,4652
18829,-6145,-1491
18830,3070,1580
18831,-5119,1579
18832,6142,1578
18833,5116,8742
18834,-7168,-5591
18835,9212,552
18836,-6144,3623
18837,12282,-4566
18838,-2052,553
18839,6138,-4564
18840,-5123,6697
18841,-2,-9682
18842,1021,10793
18843,1020,-3541
18844,-4097,11814
18845,3070,-3544
18846,-1025,9764
18847,-7165,-3546
18848,8191,-1497
18849,0,4645
18850,12282,-474
18851,-2052,3621
18852,-4097,-8662
18853,6141,7719
18854,-3073,-5590
18855,8188,4648
18856,-15356,-3542
18857,1027,3625
18858,-7161,5671
18859,6148,-7637
18860,-1019,6696
18861,4099,-3542
18862,9215,8742
18863,3070,-6614
18864,-2048,-469
18865,-1023,-11727
18866,8189,10796
18867,-8190,-4561
18868,7167,5677
18869,-3071,-10701
18870,6142,-2507
18871,-3072,8753
18872,5118,-7627
18873,-1,15918
18874,6141,-3536
18875,-5120,4654
18876,5118,-1489
18877,-11260,-464
18878,6145,-3534
18879,-6140,7727
18880,7169,-464
18881,1024,6701
18882,7165,-3537
18883,-7167,6700
18884,8189,-7632
18885,4092,6701
18886,-9215,-8654
18887,-4093,-2508
18888,11262,-459
18889,-6142,-458
18890,8190,1589
18891,-6142,564
18892,13308,-2506
18893,-12285,1589
18894,-9208,2612
18895,-1015,8752
18896,9221,3631
18897,-4089,-464
18898,6148,-1487
18899,-9207,560
18900,4103,559
18901,-6134,558
18902,6151,3629
18903,-3063,-7631
18904,-2038,-8650
18905,-13295,14895
18906,11276,-3535
18907,3083,3632
18908,4105,9772
18909,1032,-6608
18910,-2039,5678
18911,2056,-5583
18912,-6133,10796
18913,10246,2603
18914,-9205,-1492
18915,11270,5674
18916,-6135,5672
18917,7174,-1495
18918,-7158,552
18919,11269,4646
18920,-3065,-7638
18921,3078,5672
18922,1029,-5589
18923,1028,9767
18924,-4090,-6613
18925,-4088,10790
18926,4102,-473
18927,1029,9763
18928,7170,-2523
18929,-2045,4643
18930,7168,3618
18931,-2047,1569
18932,6142,6686
18933,-12283,-4575
18934,4099,6686
18935,2050,-2528
18936,-7162,8732
18937,6147,-2530
18938,-7161,541
18939,3078,-2529
18940,-8182,11802
18941,-2037,1561
18942,-8177,4631
18943,10250,4629
18944,-11248,-1514
18945,1039,-8677
18946,-8173,-7649
18947,2066,13849
18948,3089,-6627
18949,16,7706
18950,-8172,-4579
18951,1043,8729
18952,1042,-4580
18953,-3052,6681
18954,10255,-9698
18955,-9196,6683
18956,-4074,538
18957,-12260,-485
18958,6169,-2531
18959,-5092,540
18960,7193,539
18961,-7139,1562
18962,11288,537
18963,-5093,6678
18964,4121,-5607
18965,-3045,3608
18966,4121,-2534
18967,-5092,5656
18968,6169,-3558
18969,-4069,5656
18970,10262,-487
18971,21,4631
18972,20,-7653
18973,-2027,7704
18974,1044,-6628
18975,-1003,6681
18976,1044,-5604
18977,1043,9752
18978,18,-6628
18979,-3052,12822
18980,-1003,-3560
18981,-4073,5654
18982,2070,-6630
18983,2069,8726
18984,-1002,-3560
18985,8210,7701
18986,-3052,-2537
18987,4114,8723
18988,-3052,2578
18989,4114,6671
18990,-7146,-2543
18991,5140,2576
18992,1043,1551
18993,18,5645
18994,11277,-9710
18995,5131,-1517
18996,10,10766
18997,5128,-4591
18998,-3062,5647
18999,5128,-8684
19000,3079,4626
19001,1030,-1517
19002,-1017,9743
19003,3078,-9708
19004,5,5650
19005,-1018,-5611
19006,9218,10768
19007,1,-1519
19008,5119,3600
19009,-6141,1551
19010,4097,526
19011,-8187,3597
19012,3076,2572
19013,-6137,-499
19014,6148,-2545
19015,-5113,5645
19016,3078,-1522
19017,-5111,5644
19018,4103,-3570
19019,3078,7691
19020,-1017,-3571
19021,3078,6666
19022,-4088,-4595
19023,4102,5643
19024,-4088,-4594
19025,4102,5644
19026,-9205,2571
19027,11270,1546
19028,-2041,-4595
19029,6148,6666
19030,-7160,-1525
19031,2055,-4594
19032,-4087,13832
19033,7174,-2550
19034,-5111,7687
19035,3080,-5622
19036,2055,10757
19037,-10228,-5624
19038,11,2567
19039,4105,-5622
19040,1032,6663
19041,-1015,-2551
19042,1032,520
19043,7,-5621
19044,9219,7688
19045,-6138,-1527
19046,4100,520
19047,-10231,-503
19048,6150,-2549
19049,-7158,3594
19050,9222,521
19051,-4088,520
19052,6149,-3574
19053,-8183,-3572
19054,1032,-2546
19055,-2039,6667
19056,8,-7665
19057,2055,5645
19058,6,-4592
19059,2053,3599
19060,-2042,-4590
19061,3077,5648
19062,-5112,-3566
19063,7,5648
19064,-2040,-5613
19065,10243,-2539
19066,-4091,4627
19067,9217,-1516
19068,-4093,5650
19069,5121,-2540
19070,-5116,10767
19071,2051,-1520
19072,-2044,6669
19073,-1019,-5616
19074,5123,5646
19075,-3067,6667
19076,1028,1546
19077,-6137,2569
19078,3078,-6643
19079,-3064,4619
19080,4102,-1524
19081,-3064,7689
19082,-3062,-6643
19083,3081,3596
19084,-5108,-499
19085,2059,-2545
19086,-6130,4621
19087,9226,524
19088,2057,4618
19089,-1014,-4595
19090,6151,5643
19091,-4087,-5618
19092,6150,13832
19093,-1017,-4597
19094,7172,2570
19095,-7160,2569
19096,11267,-1526
19097,-4091,3593
19098,4099,-2549
19099,-2044,3594
19100,3075,-501
19101,4097,2570
19102,-6140,-1525
19103,6145,-2547
19104,-1022,7690
19105,2049,-7666
19106,2048,5644
19107,-6141,-2546
19108,4097,-497
19109,1024,8715
19110,0,-3571
19111,1023,-4592
19112,-1024,7693
19113,1023,-3569
19114,3070,4621
19115,-7166,-1522
19116,8190,1549
19117,-5119,3596
19118,7166,523
19119,-3072,3594
19120,-3070,-6642
19121,7167,8714
19122,-4094,-1525
19123,8190,-500
19124,-3072,3595
19125,4094,-5618
19126,1021,9738
19127,6139,-501
19128,-4,10758
19129,-3,-7670
19130,1020,7687
19131,-3074,-5622
19132,5116,2569
19133,-1027,1544
19134,-5120,7685
19135,3071,6658
19136,-2047,-5627
19137,0,3588
19138,-7164,1539
19139,3075,-5626
19140,-5114,3589
19141,-1017,-7671
19142,6148,5639
19143,-5113,-1528
19144,8195,-503
19145,-7161,6662
19146,-6134,517
19147,5128,-1530
19148,-1015,5636
19149,-3061,-1531
19150,11270,-6647
19151,-5111,3592
19152,1032,-11762
19153,5126,3597
19154,-6135,1548
19155,8,-4593
19156,6149,3598
19157,-4089,8714
19158,-1016,-2548
19159,6149,4618
19160,-4089,-501
19161,6148,-2547
19162,3,5643
19163,-3067,-4594
19164,7170,1549
19165,-3068,3596
19166,1027,523
19167,2,3594
19168,2049,-2548
19169,2048,2571
19170,-8188,2570
19171,3075,-6642
19172,-2044,2573
19173,-2043,2572
19174,6146,2571
19175,-1021,1546
19176,5121,4616
19177,-7163,3591
19178,5123,518
19179,-3067,4612
19180,-4089,-1531
19181,7172,2564
19182,-4090,7681
19183,-2041,-5628
19184,5125,4610
19185,-4089,-3580
19186,13313,-3578
19187,1024,4612
19188,3071,-2554
19189,3070,6659
19190,-3072,514
19191,1023,-509
19192,4094,4609
19193,-5119,-3581
19194,-1022,-1532
19195,6143,1539
19196,1022,514
19197,7163,-2556
19198,-3075,5634
19199,-2,-509
19200,8187,514
19201,-1028,5632
19202,3067,-4605
19203,-2051,4609
19204,2044,4607
19205,-1027,-3583
19206,5115,7678
19207,-2051,3581
19208,1020,-8702
19209,4091,9726
19210,-7169,509
19211,4094,-1538
19212,4093,5628
19213,-4096,-3586
19214,5118,-2560
19215,6140,4606
19216,-2050,3581
19217,-1025,-4608
19218,7164,511
19219,-2050,6652
19220,-2048,-4609
19221,9212,2558
19222,-6144,2557
19223,-3070,-4608
19224,2049,511
19225,-3069,510
19226,-7161,-1537
19227,5125,-3583
19228,1028,1536
19229,-8184,-1535
19230,6149,2560
19231,-2042,5630
19232,-1017,-5631
19233,4101,2560
19234,-6136,3583
19235,2055,-3583
19236,2054,5631
19237,-3064,-2559
19238,4102,-2557
19239,-1017,4609
19240,-4087,1536
19241,9221,5630
19242,-3065,-513
19243,5125,1534
19244,-5112,3581
19245,2055,-4608
19246,6148,8700
19247,-5113,-5633
19248,6,5629
19249,-5111,1532
19250,6150,3579
19251,-6135,-1540
19252,7174,-4609
19253,-2041,2558
19254,4101,-5631
19255,-1018,7678
19256,-2041,-513
19257,3078,-1536
19258,5,-1535
19259,7170,-3581
19260,-2045,3586
19261,2,-3580
19262,-2045,7681
19263,3074,7678
19264,1025,1533
19265,0,-2561
19266,0,6652
19267,-2047,507
19268,2048,2554
19269,-2047,1529
19270,3072,3576
19271,-6141,2551
19272,2,502
19273,1025,5620
19274,0,-2570
19275,-3070,4596
19276,3073,-3594
19277,-2046,4596
19278,1,-4617
19279,1024,5621
19280,1023,-4616
19281,-1024,3575
19282,0,-3591
19283,0,3576
19284,-7164,-1543
19285,6145,4599
19286,-5116,1526
19287,5122,-1545
19288,-7162,1526
19289,4100,1525
19290,-5113,1524
19291,3078,-1547
19292,-3064,1524
19293,7173,-5641
19294,-5112,3574
19295,1031,-2568
19296,6,6645
19297,-4088,-522
19298,6149,4596
19299,4,-2570
19300,5122,1525
19301,-2045,-1546
19302,4097,5620
19303,-7163,-523
19304,5123,2548
19305,-2044,499
19306,5122,4593
19307,-3068,4591
19308,3,-1552
19309,-6138,7661
19310,3077,-1554
19311,1028,5612
19312,3,-4625
19313,1026,5613
19314,1,7658
19315,1024,5608
19316,-1023,-3606
19317,3072,6631
19318,-3070,-536
19319,2049,-1559
19320,-5116,-534
19321,5122,3561
19322,-3068,-1558
19323,3075,5608
19324,-1020,-1559
19325,-1019,3560
19326,4,-4629
19327,1027,6632
19328,3074,-2582
19329,2049,3561
19330,-2046,-4628
19331,4096,5610
19332,1023,-2580
19333,-1024,5610
19334,-2047,-5651
19335,3072,1516
19336,-2047,-2578
19337,1024,5612
19338,3071,-531
19339,0,7658
19340,5118,489
19341,1021,6630
19342,1020,-3608
19343,-3,5606
19344,-2049,485
19345,5117,1508
19346,-2,-1563
19347,4093,4579
19348,-3073,-4634
19349,4094,5604
19350,-5119,-4633
19351,6142,1510
19352,-4095,485
19353,1024,-3609
19354,3071,7652
19355,-1024,-1563
19356,6141,2532
19357,-2049,4578
19358,5117,481
19359,-5120,4575
19360,-1023,-2591
19361,4095,4575
19362,-3071,1502
19363,2048,-545
19364,3071,1502
19365,-2047,1501
19366,-2046,-1570
19367,3073,5596
19368,-4093,475
19369,3074,-2595
19370,4096,5595
19371,-1023,4569
19372,0,-1574
19373,4094,2521
19374,-1025,4567
19375,-1024,-1576
19376,4094,-3622
19377,1021,4568
19378,-4096,471
19379,2047,-2599
19380,1022,2520
19381,-5119,471
19382,1024,-2599
19383,4094,3544
19384,-2048,-551
19385,0,-3621
19386,2047,4569
19387,2046,1496
19388,-2048,-3622
19389,5118,-549
19390,-1025,4569
19391,0,-550
19392,8188,473
19393,-3,2520
19394,-2,-4645
19395,4093,3546
19396,-6143,-1573
19397,1024,-548
19398,3071,4570
19399,-4094,3545
19400,-2045,-4644
19401,4097,-1571
19402,2048,6618
19403,-3070,-549
19404,2049,-1572
19405,-2046,5594
19406,-1021,-2596
19407,4097,2523
19408,-3069,3546
19409,1026,-2596
19410,3073,-2594
19411,0,1501
19412,-1023,-4640
19413,5119,1503
19414,-4094,2526
19415,2049,-1569
19416,0,5597
19417,-1023,-546
19418,2048,3549
19419,-3070,1500
19420,4096,-547
19421,-2047,3548
19422,1024,-547
19423,3071,4571
19424,-4094,-548
19425,3073,2523
19426,-3069,3546
19427,5121,-3620
19428,-1022,2523
19429,4096,-2595
19430,2047,3548
19431,0,-4641
19432,4094,6620
19433,-1,3547
19434,0,-4642
19435,3071,4572
19436,-2047,-547
19437,6142,-546
19438,-4095,6619
19439,1024,-2595
19440,3071,3548
19441,-2047,2523
19442,1024,-1572
19443,-2047,4570
19444,2048,-3620
19445,3071,-547
19446,-4094,3548
19447,3073,-2594
19448,0,2525
19449,0,-3617
19450,3071,1502
19451,0,-2592
19452,4094,479
19453,-4095,1502
19454,2048,-1569
19455,2047,2526
19456,0,2525
19457,4094,-546
19458,-2048,4572
19459,0,-3618
19460,1023,2525
19461,-5118,-546
19462,3073,-1569
19463,-3069,4573
19464,1026,-2593
19465,4096,3550
19466,-3070,2525
19467,3073,-546
19468,3072,2525
19469,-4094,3548
19470,3073,-3618
19471,5119,4572
19472,-2047,1499
19473,1024,-1572
19474,3071,3547
19475,-1024,1498
19476,4094,1497
19477,1021,5591
19478,-2,-552
19479,3069,-2598
19480,2044,5592
19481,-2050,1495
19482,-1,-1576
19483,1022,1495
19484,3069,-1576
19485,-3073,4566
19486,2046,-3624
19487,1021,3543
19488,1020,-2599
19489,4091,1496
19490,-4098,-1575
19491,5116,-550
19492,1019,3545
19493,1018,-2597
19494,-5,3546
19495,-4,-3620
19496,1019,4570
19497,-4,-1573
19498,2043,2522
19499,-2051,-2596
19500,1020,5594
19501,-2050,1497
19502,3069,-1574
19503,-1026,4568
19504,1021,-3622
19505,3068,2521
19506,-2050,-550
19507,1021,3545
19508,-2,-550
19509,3069,473
19510,-2049,472
19511,-1024,2519
19512,-3070,1494
19513,2049,-1577
19514,2048,3542
19515,-3070,-1577
19516,4096,-552
19517,-3070,2519
19518,3073,-552
19519,-3069,2519
19520,3074,-2599
19521,-1021,3544
19522,2050,471
19523,-1021,4565
19524,1026,-2601
19525,3073,4565
19526,-2046,-554
19527,3073,469
19528,-3069,2516
19529,3074,-1579
19530,-3068,3540
19531,1027,-555
19532,1026,3540
19533,-3068,-1579
19534,2051,3540
19535,2,-3626
19536,1025,3541
19537,-5116,4563
19538,4098,-2603
19539,-3068,1492
19540,2051,-1579
19541,1026,3540
19542,4096,-2602
19543,0,-6694
19544,4094,2521
19545,-3072,472
19546,3071,2519
19547,-2047,-552
19548,4095,471
19549,-4094,1494
19550,3073,-553
19551,-5116,-2599
19552,2051,2520
19553,-1020,-3622
19554,1027,4568
19555,-1020,-1575
19556,3,1496
19557,3074,-1575
19558,-2045,2520
19559,3074,471
19560,-1021,3542
19561,2,-2600
19562,-1021,4566
19563,1026,469
19564,1,3540
19565,3072,-1579
19566,-2047,3540
19567,3072,-555
19568,-3070,468
19569,3073,-555
19570,0,-554
19571,4094,-553
19572,-1025,-552
19573,2046,2519
19574,-1025,-1576
19575,-1024,4566
19576,1023,-2600
19577,-1024,3543
19578,2047,470
19579,-2047,1493
19580,4095,4563
19581,0,466
19582,2047,2513
19583,-1024,-558
19584,-1023,4560
19585,0,-2606
19586,-1023,3537
19587,3072,-558
19588,-2047,3537
19589,4095,-558
19590,-1024,-2604
19591,5118,467
19592,-1025,466
19593,0,4560
19594,0,-1583
19595,0,3536
19596,2047,-2606
19597,0,465
19598,3071,464
19599,0,-1583
19600,-1023,2512
19601,0,1487
19602,-1023,-2607
19603,-3069,2512
19604,3074,-559
19605,-1021,1488
19606,3074,463
19607,1,-2607
19608,1024,3536
19609,2047,-559
19610,-1024,464
19611,3071,8652
19612,0,-1587
19613,-2047,2508
19614,3072,1483
19615,-2047,-2611
19616,0,2508
19617,-1023,459
19618,-1022,3530
19619,3073,-565
19620,-2046,458
19621,4096,2505
19622,0,-1590
19623,-1023,3529
19624,3072,-566
19625,-2047,-565
19626,2048,2506
19627,-1023,-1589
19628,1024,2506
19629,1023,-565
19630,1022,2506
19631,3069,457
19632,-4096,1480
19633,3071,1479
19634,-1024,-1592
19635,0,4550
19636,0,-1593
19637,-2047,2502
19638,2048,-569
19639,-4094,-568
19640,1,2503
19641,-1022,454
19642,4096,1477
19643,-2047,1476
19644,3072,1475
19645,-2047,-3643
19646,-2046,2500
19647,3073,-571
19648,-1022,452
19649,1025,3523
19650,0,-2619
19651,-4094,452
19652,3073,451
19653,-3069,-572
19654,-24561,-2618
19655,10250,-25133
19656,19457,4561
19657,-18422,24006
19658,-25577,-4663
19659,24587,-8754
19660,7176,25026
19661,-10227,-2620
19662,3084,-29229
19663,-8176,21961
19664,-19430,-10801
19665,10261,-9772
19666,21515,21962
19667,-21482,18881
19668,-5095,-24115
19669,13331,-9774
19670,-2028,27077
19671,-29661,-4664
19672,6176,-16943
19673,15385,11724
19674,-17374,28095
19675,25622,-10811
19676,16398,17853
19677,-25573,8633
19678,-12255,-25146
19679,27668,453
19680,-13285,23994
19681,-17372,-1605
19682,14365,-11839
19683,26640,11708
19684,-20454,9656
19685,-14303,-25147
19686,4127,29111
19687,-25556,-6725
19688,15397,-20027
19689,23578,14782
19690,-9185,8634
19691,-15321,-23098
19692,14368,-15922
19693,3103,26050
19694,-25556,449
19695,5162,-4668
19696,31771,5570
19697,-7137,30132
19698,12313,-15940
19699,15378,21938
19700,-24546,20904
19701,-7134,-13905
19702,27669,-6733
19703,-4073,24999
19704,-20447,-7765
19705,9245,-28231
19706,16405,5559
19707,-15331,27050
19708,-10206,-14926
19709,17434,24998
19710,-16350,6563
19711,3105,-28239
19712,27668,12715
19713,-8168,23968
19714,-22493,-13913
19715,14364,-23117
19716,26639,17835
19717,-22502,11686
19718,-9185,-22095
19719,15384,-21060
19720,-5093,7609
19721,12309,-24123
19722,22538,9665
19723,-13295,26037
19724,-17382,-17986
19725,22543,-22071
19726,14344,27068
19727,-30697,1467
19728,-6118,-17980
19729,9238,15805
19730,-9189,34221
19731,-14302,-9806
19732,11293,21928
19733,-17370,2471
19734,-10197,-21070
19735,24607,-14918
19736,3102,32171
19737,-24534,4521
19738,17442,-12880
19739,19481,18855
19740,-21468,20893
19741,-5081,-15963
19742,19486,-14931
19743,-14299,29087
19744,21531,-25172
19745,22544,12710
19746,-18407,9634
19747,-10210,-24146
19748,18453,-5711
19749,-17378,21927
19750,-29651,-7765
19751,19492,-25160
19752,17436,21934
19753,-18395,11689
19754,-6104,-23115
19755,6181,23978
19756,-31691,12708
19757,5171,-15956
19758,24615,20898
19759,2086,26006
19760,-12244,-23134
19761,23585,-7770
19762,10268,29080
19763,-30677,14737
19764,-15309,-27233
19765,21545,-608
19766,2088,29074
19767,18463,-31326
19768,19478,-5723
19769,-19424,12703
19770,-6109,-23125
19771,18458,-15949
19772,6167,36258
19773,-29658,10653
19774,37,-18010
19775,25625,2469
19776,-18398,27032
19777,-25553,-18015
19778,-976,32146
19779,-23492,11661
19780,-1987,-26214
19781,29743,3481
19782,-4047,28044
19783,-28609,-4721
19784,-960,-24165
19785,25652,14740
19786,-10183,28039
19787,-4037,-12914
19788,36905,-1649
19789,5159,27010
19790,4133,-31342
19791,31766,10637
19792,-18401,23938
19793,-20439,-11896
19794,13347,-17007
19795,24599,9613
19796,-29658,6538
19797,-8150,-22123
19798,24606,-618
19799,-7134,23947
19800,-16342,-6769
19801,23583,9611
19802,-12251,18818
19803,-9174,-12919
19804,7207,-14959
19805,9251,16777
19806,-26576,4487
19807,-975,-15985
19808,29731,8587
19809,-16341,19842
19810,-20427,-19060
19811,16429,-19050
19812,6186,19853
19813,-13263,-13932
19814,27684,-4713
19815,4130,28042
19816,3105,-9841
19817,13339,-30306
19818,23568,18837
19819,-28642,7570
19820,-13275,-15974
19821,26648,-5731
19822,3095,30095
19823,-22494,2446
19824,30739,-5743
19825,-9192,4495
19826,-17375,-14953
19827,12315,-15969
19828,9239,29073
19829,-28635,6542
19830,-8151,-32354
19831,26652,413
19832,-995,26001
19833,-25558,400
19834,5160,-20070
19835,7205,7575
19836,-4057,3478
19837,23580,-9829
19838,7193,20881
19839,-28633,3472
19840,6180,-27234
19841,26647,4508
19842,-19423,16788
19843,-19413,-8807
19844,12325,-15967
19845,21531,20887
19846,-16349,10642
19847,18458,401
19848,-13279,22918
19849,-27601,-17009
19850,21541,-20071
19851,20507,27020
19852,-12255,21890
19853,-16343,-15990
19854,17441,-17005
19855,6174,13709
19856,-31698,-3697
19857,-2001,-13930
19858,25635,8594
19859,-20435,-14950
19860,19492,-13919
19861,13342,26005
19862,-14299,8593
19863,-9174,-14951
19864,14371,8597
19865,-15317,28040
19866,3114,-1655
19867,24606,-11889
19868,18453,21893
19869,-20449,15742
19870,24595,-7806
19871,1042,21880
19872,-16358,3447
19873,6167,-12930
19874,25611,8570
19875,-10224,12660
19876,-19430,-20098
19877,14355,-17017
19878,6160,25979
19879,-26595,8567
19880,7194,-17024
19881,22543,4478
19882,-20455,-5759
19883,1048,-23155
19884,9236,11656
19885,-35802,12674
19886,-10197,-9849
19887,26654,5509
19888,6171,23930
19889,-28631,-1669
19890,40,-19067
19891,19487,14718
19892,-11227,15735
19893,20507,-14977
19894,12309,32112
19895,-19425,7533
19896,4125,-26246
19897,31758,377
19898,-5103,25965
19899,-23523,-11917
19900,15382,-14981
19901,18445,10614
19902,-17386,13680
19903,-12260,-14984
19904,18451,-8835
19905,-27615,-642
19906,6174,-17017
19907,20500,17791
19908,-9191,21877
19909,-11233,-21120
19910,28689,-6780
19911,14346,14717
19912,-16366,13687
19913,-11240,-19071
19914,11283,13691
19915,-22498,30061
19916,14359,-21128
19917,17423,22893
19918,-21478,11624
19919,-9185,-25227
19920,26642,-4744
19921,3089,16752
19922,-15335,4462
19923,9237,-22151
19924,25609,15730
19925,-13296,15723
19926,-16360,-19083
19927,15377,-7815
19928,-18406,7542
19929,-5091,-18049
19930,19476,3454
19931,-7144,12664
19932,-16352,-8835
19933,14361,-23159
19934,-3045,16769
19935,-26584,13691
19936,-9171,-15997
19937,25633,5505
19938,-990,24949
19939,9246,-21120
19940,15383,12666
19941,-9188,18801
19942,-19418,-16007
19943,17438,-11905
19944,9242,29041
19945,-16350,1392
19946,5152,-30337
19947,27667,5501
19948,-15333,19828
19949,-20443,-11910
19950,13343,-19068
19951,-17368,10623
19952,-5077,-22134
19953,24607,-7794
19954,30,16774
19955,-25557,-12915
19956,9255,-24167
19957,18462,14738
19958,-12252,15755
19959,-14293,-15981
19960,21537,-11879
19961,6174,15762
19962,-2017,-23138
19963,19478,8602
19964,-8166,31115
19965,-21467,-9840
19966,28695,-11882
19967,13329,29064
19968,-23523,11651
19969,-6112,-19059
19970,23573,4491
19971,-2026,21889
19972,-27612,-5756
19973,10271,-19058
19974,-16345,15751
19975,-16337,-26220
19976,23588,-9831
19977,4130,23950
19978,-21459,2445
19979,7210,-27237
19980,22559,7576
19981,-10204,16784
19982,-18387,-19046
19983,21539,-21083
19984,10270,16797
19985,-16346,-26198
19986,23579,-2644
19987,-2020,24992
19988,-20442,-2654
19989,11297,-20052
19990,16409,16804
19991,-21468,17820
19992,-14293,-19034
19993,20513,-601
19994,4127,30105
19995,-24533,5527
19996,11302,-29274
19997,-12244,20892
19998,-17355,-11870
19999,18476,-21075
20000,13350,19876
20001,-27596,12702
20002,-4042,-21079
20003,29736,-3669
20004,-8148,21921
20005,-22473,-15959
20006,11314,-27209
20007,22567,16815
20008,-12243,-21062
20009,18468,-11840
20010,8224,26036
20011,-23508,3507
20012,3115,-24129
20013,23584,7612
20014,-16344,25008
20015,-21453,-13897
20016,23592,-20031
20017,15393,26037
20018,-22484,12719
20019,-5073,-24133
20020,-976,25007
20021,-22469,-1616
20022,13365,-20038
20023,26664,15795
20024,-15312,15788
20025,-10187,-27206
20026,23594,-7746
20027,8230,30128
20028,-25549,-1615
20029,50,-25154
20030,24614,9658
20031,-20432,-11840
20032,17448,-25139
20033,11299,20931
20034,-31693,11710
20035,-6090,-26165
20036,30759,-1588
20037,38,28095
20038,-26573,-9788
20039,12333,-21041
20040,20515,13769
20041,-21458,14786
20042,-13259,-23090
20043,4147,36285
20044,-24513,4539
20045,2110,-26168
20046,23603,8644
20047,-15301,27063
20048,-19387,-13890
20049,18492,-14906
20050,14389,26042
20051,-23487,11701
20052,-4029,-25150
20053,31796,4544
20054,-26559,-8763
20055,13371,-20017
20056,23600,17863
20057,-19398,15808
20058,-19388,-21045
20059,21562,-11823
20060,4152,29123
20061,-25531,1474
20062,3140,-33325
20063,24632,11726
20064,-20414,29120
20065,-22451,-13881
20066,19524,18878
20067,-30637,14775
20068,-9128,-23101
20069,23629,450
20070,-5040,26038
20071,-32672,-9797
20072,16472,-23097
20073,24652,27066
20074,-26535,27053
20075,-11169,-25158
20076,28753,-6722
20077,-27553,5564
20078,-928,-34355
20079,26707,5579
20080,-9128,25023
20081,-24476,-13882
20082,25688,-20016
20083,15441,25028
20084,-25506,14781
20085,-4000,-29236
20086,29778,-563
20087,-5035,26049
20088,-29596,-7739
20089,28758,16829
20090,-15266,20915
20091,-20376,-24129
20092,22621,-16952
20093,7258,34232
20094,-33685,1463
20095,3178,-32313
20096,27741,14784
20097,-19353,31153
20098,-23437,-12872
20099,20585,-22077
20100,-25482,19898
20101,-11140,-26169
20102,31853,-3639
20103,1132,25021
20104,-29573,-8766
20105,17523,-27184
20106,28773,21958
20107,-13204,21948
20108,-14221,-24120
20109,26726,-7732
20110,12384,28095
20111,-31632,446
20112,25700,7611
20113,-12182,32172
20114,-24458,-14924
20115,20588,-25151
20116,19555,23990
20117,-30606,11697
20118,-7050,-23107
20119,30823,-7743
20120,-920,27060
20121,-31624,-9799
20122,16496,-21052
20123,-15240,23993
20124,-20350,-28217
20125,24694,-11827
20126,9330,32190
20127,-26497,4540
20128,2174,-34355
20129,26737,8649
20130,-14216,32186
20131,-24444,-10816
20132,29814,-21045
20133,18541,16835
20134,-33666,9663
20135,36972,-7741
20136,1131,26039
20137,-36739,-3655
20138,7290,-26170
20139,33898,16830
20140,-15246,23987
20141,-25473,-25152
20142,29809,-15928
20143,6254,35255
20144,-29571,4533
20145,124,-30268
20146,-11134,28087
20147,-25457,-13890
20148,15496,-26165
20149,19583,20929
20150,-27507,14778
20151,-3953,-29239
20152,30848,-4660
20153,2175,29118
20154,-33648,-10812
20155,14473,-24112
20156,31866,21958
20157,-16254,21948
20158,23671,-10814
20159,18542,32179
20160,-28548,7600
20161,2171,-34367
20162,25711,3520
20163,-13194,31153
20164,-27516,-13896
20165,21626,-27194
20166,17522,22971
20167,-27520,14772
20168,-3966,-26175
20169,1153,30131
20170,-32623,-6729
20171,10380,-24125
20172,30845,10686
20173,-18298,22963
20174,-23406,-23105
20175,23687,-15929
20176,12417,33207
20177,-27505,7604
20178,4237,-36410
20179,23682,2501
20180,-11128,32182
20181,24700,-20032
20182,22641,20918
20183,-26498,16814
20184,-1921,-26181
20185,32879,-4674
20186,8299,28081
20187,-30598,-2637
20188,4216,-26176
20189,32872,12730
20190,-18319,23983
20191,-18310,-27203
20192,15475,30127
20193,-31613,7596
20194,-6010,-32324
20195,28792,-1603
20196,-8068,37291
20197,-22393,-13902
20198,20605,-23106
20199,18548,19893
20200,-27518,13743
20201,-13175,-29250
20202,34936,-3648
20203,-1927,31153
20204,10356,-22084
20205,32868,12726
20206,-10135,17838
20207,-21388,-22087
20208,25704,-14911
20209,9316,32178
20210,-30605,8622
20211,-5002,-26181
20212,29800,4537
20213,-8084,31146
20214,-20362,-15950
20215,16494,17834
20216,-27524,21920
20217,-9087,-21077
20218,32881,-4690
20219,2160,31135
20220,-31616,-3679
20221,8316,-26194
20222,26735,19877
20223,-22406,21915
20224,-24442,-24153
20225,21628,-14929
20226,17524,32160
20227,-7048,-27218
20228,27755,-2640
20229,-9104,33184
20230,-30593,-9819
20231,23668,-27213
20232,21610,21929
20233,-22411,21919
20234,-9094,-21078
20235,32874,-9809
20236,-1941,27042
20237,-25480,-2652
20238,25708,13726
20239,-15244,28049
20240,-24448,-24163
20241,23669,-19033
20242,19564,28058
20243,-27526,11669
20244,-7042,-33370
20245,24690,1445
20246,-6027,29079
20247,-21376,-11875
20248,18551,-22104
20249,22636,23965
20250,-12174,-20057
20251,32866,-7765
20252,2145,29085
20253,-30608,-2657
20254,7277,-24149
20255,24673,9639
20256,-10138,21917
20257,-19344,-21080
20258,19559,-20046
20259,10338,28069
20260,-25489,10656
20261,31840,-1631
20262,-1951,32146
20263,-25490,-6762
20264,16486,-26205
20265,18525,18842
20266,-26518,20880
20267,-12176,-19046
20268,30817,-7778
20269,2144,30096
20270,-29585,-623
20271,4205,-28257
20272,25697,9627
20273,-24467,-15965
20274,18532,-10839
20275,18523,26013
20276,-24473,10648
20277,2150,-30297
20278,26713,422
20279,-934,28057
20280,-22427,-8802
20281,15454,-23126
20282,16470,21920
20283,-25501,19863
20284,26710,-12898
20285,85,27025
20286,-26526,1424
20287,2145,-26211
20288,29779,12695
20289,-16293,29065
20290,-18332,-21100
20291,24664,-18019
20292,15441,23954
20293,-25506,8590
20294,-5023,-28260
20295,25685,4506
20296,-23455,-613
20297,17497,-24153
20298,22606,15776
20299,-18345,16792
20300,-10148,-21085
20301,19539,-10839
20302,4177,28060
20303,-27553,3483
20304,6236,-22106
20305,27727,11681
20306,-14250,20887
20307,16462,-15969
20308,13384,28050
20309,-25515,7567
20310,-8103,-22118
20311,27724,3481
20312,-2994,30091
20313,-22439,-10863
20314,13395,-25186
20315,15436,16790
20316,-16300,22923
20317,-11174,-21098
20318,26701,-6758
20319,-27557,-613
20320,4185,-28247
20321,27724,9637
20322,-8112,23962
20323,-22437,-12895
20324,18514,-12888
20325,13388,23965
20326,-19370,11672
20327,-4008,-26203
20328,24652,2468
20329,-10159,20890
20330,12363,-22107
20331,16451,16797
20332,-18356,19860
20333,-10159,-18019
20334,23622,-6751
20335,4164,17817
20336,-27566,-2661
20337,4176,-24153
20338,21574,11682
20339,-11188,19865
20340,-17323,-16990
20341,26696,-11864
20342,-21421,7589
20343,-7081,-23119
20344,20557,2480
20345,-2993,23973
20346,-22438,-2649
20347,12372,-21070
20348,17484,15787
20349,-20394,13733
20350,-8102,-23119
20351,19537,-7755
20352,1104,25001
20353,6221,-22092
20354,24641,8624
20355,-8123,19879
20356,-20401,-18000
20357,16455,-14920
20358,8259,20910
20359,-22450,10665
20360,-6063,-25162
20361,26692,2485
20362,67,26025
20363,-17332,-10833
20364,12358,-20039
20365,-13235,13747
20366,-10158,-17988
20367,23623,-6720
20368,4165,22965
20369,-21424,-586
20370,11339,-21055
20371,21569,7614
20372,-11193,19893
20373,-14258,-11845
20374,16454,-10815
20375,10305,22966
20376,-1982,-25149
20377,21560,1474
20378,-1991,21944
20379,-24507,-4677
20380,9281,-20027
20381,16441,17853
20382,-17342,14774
20383,-7098,-17985
20384,21564,-3647
20385,2107,20919
20386,-18364,-584
20387,3139,-19006
20388,-9144,20920
20389,-16304,-12865
20390,19527,-13882
20391,12353,18877
20392,-19381,4539
20393,-5042,-20027
20394,18501,2500
20395,-7095,20922
20396,-20397,-6722
20397,12365,-16953
20398,14406,17855
20399,-9141,-20023
20400,18498,-3637
20401,65,22976
20402,-21428,3519
20403,5194,-16952
20404,15427,7621
20405,-13238,16829
20406,-13231,-16954
20407,18504,-7734
20408,8260,20928
20409,-25519,8636
20410,-2989,-21049
20411,-2987,21949
20412,-20385,-7743
20413,11354,-13880
20414,14419,13762
20415,-18340,13756
20416,-9119,-17979
20417,20567,-1594
20418,2134,21948
20419,-18337,-2626
20420,10330,-20024
20421,18513,8644
20422,-14248,-11830
20423,15441,-9777
20424,8269,18886
20425,-18346,6595
20426,1109,-22066
20427,22602,461
20428,-8114,19908
20429,-18345,-10806
20430,13393,-13871
20431,12363,17865
20432,-16301,9669
20433,-5034,-18993
20434,1109,19910
20435,-20385,-1593
20436,6236,-17968
20437,14421,10699
20438,-12197,17859
20439,-9120,-14901
20440,23637,-10799
20441,7250,18888
20442,-16294,2503
20443,3161,-16944
20444,19536,9676
20445,-17319,-6704
20446,18512,-14888
20447,13386,16848
20448,-15278,9676
20449,-5035,-22057
20450,20555,2518
20451,1098,22987
20452,-18349,-1588
20453,8271,-14892
20454,16455,12750
20455,-12211,12744
20456,-11181,-17967
20457,3154,20935
20458,-17317,4549
20459,2138,-16946
20460,22607,7627
20461,-10156,18882
20462,-15268,-7738
20463,11351,-9781
20464,9299,14788
20465,-17316,9664
20466,91,-17975
20467,18514,456
20468,-21411,-6708
20469,9305,-23080
20470,18512,11731
20471,-11178,9679
20472,-14243,-18983
20473,21587,-5668
20474,7248,14805
20475,-18343,3540
20476,4183,-20002
20477,18510,6619
20478,-12204,14804
20479,-18339,-11814
20480,7258,19921
20481,-19356,9677
20482,-5017,-21032
20483,22620,3543
20484,-1955,18894
20485,-23447,461
20486,9317,-17962
20487,14430,14799
20488,-11164,14792
20489,-7064,-18990
20490,22621,-5675
20491,-18330,468
20492,1125,-12837
20493,18524,11734
20494,-11166,20940
20495,-16278,-12845
20496,16482,-4650
20497,8286,16846
20498,-20376,5580
20499,-6037,-23080
20500,23648,2519
20501,-6045,15824
20502,-14230,-10794
20503,15459,15823
20504,-11159,13769
20505,-15247,-22060
20506,20583,-9767
20507,1126,21967
20508,-21391,6604
20509,5231,-20010
20510,26722,11729
20511,-10137,20935
20512,-11155,-14897
20513,14438,-11819
20514,-21391,5587
20515,-5004,-21026
20516,26727,5596
20517,-5014,27087
20518,-21387,-14889
20519,15470,-19999
20520,13416,14810
20521,-13201,13780
20522,-5006,-12837
20523,18537,-2595
20524,2152,21971
20525,-20366,-2603
20526,17514,7634
20527,-17293,20936
20528,-17284,-12849
20529,17524,-11819
20530,18539,25033
20531,-17292,3528
20532,-2954,-22061
20533,24682,-1580
20534,-917,17868
20535,-16269,-13869
20536,13421,-20003
20537,-11149,18900
20538,-7049,-24096
20539,27754,-8731
20540,3177,20955
20541,-21388,474
20542,7281,-22043
20543,18536,12767
20544,-11154,25043
20545,-15242,-17956
20546,18541,-6688
20547,12391,13786
20548,-24461,1497
20549,21609,2520
20550,-8083,31177
20551,-12173,-4660
20552,18538,-16939
20553,15459,16845
20554,-17300,14790
20555,-3986,-20016
20556,18533,-5677
20557,-922,29125
20558,-32650,452
20559,14447,-21041
20560,-14218,13769
20561,-14211,-16942
20562,12407,-12839
20563,12401,18896
20564,-23427,463
20565,-6016,-25124
20566,22645,5594
20567,116,20944
20568,-23424,-13865
20569,9340,-29210
20570,11383,19933
20571,-19327,16853
20572,20599,-554
20573,17519,25034
20574,-20359,-3636
20575,10356,-18986
20576,25704,9682
20577,-16272,22983
20578,-18311,-16944
20579,20591,-6700
20580,11370,19915
20581,-24458,6600
20582,4212,-23084
20583,-2954,25032
20584,-17281,-13873
20585,9339,-13866
20586,20593,24011
20587,-22404,20929
20588,-3970,-24115
20589,32878,-14891
20590,-5007,19916
20591,-19333,-5681
20592,5241,-16936
20593,20591,8660
20594,-21382,13774
20595,18545,-11820
20596,17513,17868
20597,-26506,7625
20598,-7046,-29224
20599,27757,4566
20600,-10126,22987
20601,-13191,-3635
20602,15474,-13868
20603,13420,22985
20604,-23432,13763
20605,-10115,-31277
20606,1148,32196
20607,-27510,-3642
20608,14467,-25133
20609,20601,8655
20610,-9090,12745
20611,-14203,-22060
20612,21627,-11814
20613,10358,24015
20614,-22399,462
20615,4223,-15914
20616,33903,6611
20617,-912,26055
20618,14441,-15921
20619,9317,16839
20620,-25486,16831
20621,-11144,-14905
20622,25708,-6709
20623,15461,36282
20624,-30604,441
20625,12398,-30264
20626,21604,3527
20627,-14229,25019
20628,-15245,-20027
20629,29797,26041
20630,-17298,5559
20631,109,-20031
20632,27744,8637
20633,-8092,25009
20634,-23440,-13896
20635,7277,-15936
20636,21603,22965
20637,-14230,27048
20638,-9105,-25163
20639,34910,-7751
20640,1117,29099
20641,8281,-25160
20642,25677,9652
20643,-17322,21930
20644,-6055,-11856
20645,30794,-15944
20646,15427,35239
20647,-29614,10658
20648,-12200,-35404
20649,33864,-587
20650,-8116,32166
20651,-23464,-15954
20652,14417,30112
20653,-22436,13722
20654,-5025,-27224
20655,19542,-9811
20656,2133,31134
20657,-33690,9626
20658,12384,-26201
20659,31825,8611
20660,-8107,14748
20661,-10150,-22105
20662,13396,-25164
20663,10319,27047
20664,-8109,-32329
20665,31812,3510
20666,-9143,32167
20667,-29608,-19023
20668,4182,-35389
20669,17486,20921
20670,-31650,14770
20671,-10141,-26177
20672,28757,-6717
20673,-5032,29109
20674,-18335,-2633
20675,32849,7604
20676,-17318,29094
20677,-17309,-20048
20678,23640,1455
20679,16464,28066
20680,-23460,9630
20681,5210,-33361
20682,32842,7596
20683,-14255,23969
20684,-34718,-13912
20685,14427,-31304
20686,26702,26028
20687,-2992,-20042
20688,31809,-4679
20689,7230,17841
20690,-21431,-1614
20691,16449,-25153
20692,27700,14776
20693,-17347,27051
20694,-16315,-5714
20695,24633,-24134
20696,13363,29100
20697,-24513,4522
20698,10298,11685
20699,-10177,28056
20700,-22454,-10850
20701,15427,-25173
20702,13373,23968
20703,-14268,8604
20704,-17331,-32340
20705,33853,-15948
20706,-9150,32165
20707,-42921,10656
20708,16463,-11866
20709,28737,13728
20710,-25522,-19030
20711,26689,-13903
20712,9277,22950
20713,-33714,16798
20714,-16298,-26197
20715,36932,1450
20716,-18355,28061
20717,-36769,-4704
20718,22612,-20054
20719,14413,10661
20720,-29604,13727
20721,27727,-6749
20722,5197,33171
20723,-13228,3474
20724,1107,-34397
20725,27718,15772
20726,-17329,29070
20727,-22438,-11884
20728,24654,-14948
20729,11337,27023
20730,-28585,10634
20731,7252,-34405
20732,35907,-5730
20733,-33708,-8797
20734,11343,-35403
20735,28737,17837
20736,-22452,13735
20737,-17323,-28235
20738,35908,-23103
20739,6209,21943
20740,-22452,2486
20741,15429,-27196
20742,34868,3523
20743,-18371,21945
20744,32813,-19005
20745,12327,30133
20746,-22478,13743
20747,-7114,-30274
20748,21548,-6718
20749,-11214,26038
20750,-29631,-14914
20751,16441,-27188
20752,31786,21954
20753,-22475,22967
20754,-22464,-30266
20755,30769,-5687
20756,-27585,16833
20757,7228,-29232
20758,30765,16840
20759,-13260,29114
20760,-24512,-14910
20761,20534,-17973
20762,14383,26047
20763,-30658,15800
20764,-9149,-29241
20765,30772,2502
20766,51,23995
20767,18474,-24121
20768,23583,17855
20769,-20439,20917
20770,-32711,-15939
20771,24621,444
20772,5163,31149
20773,-23497,8617
20774,1078,-32327
20775,28712,-10817
20776,-19406,13753
20777,-35772,-6723
20778,10303,-6719
20779,-17336,32178
20780,-14257,-28224
20781,29761,447
20782,4159,15800
20783,-36783,-2630
20784,18504,-29239
20785,22589,26045
20786,-13244,20915
20787,-13237,-24129
20788,34874,-11835
20789,13364,30135
20790,-4042,-31289
20791,12336,7620
20792,-9163,30134
20793,-25534,-10820
20794,32818,-16955
20795,15403,18876
20796,-23497,1467
20797,-15297,-34356
20798,22580,4554
20799,-15300,25022
20800,-23480,-15930
20801,17472,-30251
20802,-18359,27080
20803,-19373,-37413
20804,20553,-31253
20805,-5044,21985
20806,-31652,24022
20807,4186,-21023
20808,22607,6622
20809,1102,38348
20810,-21415,-27174
20811,19536,-26137
20812,22597,27098
20813,-954,-34325
20814,27705,-5650
20815,-3013,32223
20816,-8129,-10779
20817,10298,-27149
20818,22575,18922
20819,-29634,11749
20820,-18361,-18961
20821,19518,-1552
20822,9274,30178
20823,-14271,8670
20824,15418,-30227
20825,-22459,16869
20826,-30636,-16914
20827,12366,-20999
20828,21572,20975
20829,-18355,29153
20830,1100,-21012
20831,35899,-6672
20832,5177,23013
20833,-29624,-1562
20834,13378,-18960
20835,8254,24037
20836,-17337,-21008
20837,41011,-9739
20838,25639,17901
20839,-34760,5611
20840,-7108,-29190
20841,30765,3577
20842,-12237,37351
20843,-21442,-17936
20844,27697,-19974
20845,25637,17906
20846,-14292,2545
20847,-3026,-32255
20848,-7118,26101
20849,-26561,500
20850,8251,-11782
20851,34858,11765
20852,-15310,23018
20853,-23490,-23050
20854,13368,-14850
20855,-8132,18933
20856,-29621,8689
20857,5193,-14855
20858,32825,16881
20859,-15295,-15879
20860,26676,-19965
20861,22569,14844
20862,-35781,14837
20863,-19387,-16898
20864,24633,5628
20865,-5060,31213
20866,-23480,-5648
20867,14401,-18950
20868,27700,-2564
20869,-18371,26096
20870,-13244,-29185
20871,18491,27122
20872,-9152,15851
20873,5182,-27143
20874,23603,-13824
20875,-8137,5630
20876,-17344,-18936
20877,20534,-19950
20878,11313,27141
20879,-20421,11776
20880,2106,-16887
20881,23599,-11761
20882,-29634,3598
20883,-8126,-26085
20884,23607,16915
20885,-18368,22025
20886,-16312,-19949
20887,21566,-6633
20888,19509,24076
20889,-34746,3595
20890,-953,-32229
20891,27706,-484
20892,-8130,27151
20893,-18361,-17896
20894,24635,15889
20895,-24505,8717
20896,5189,-29156
20897,36915,2587
20898,-1996,27150
20899,-28606,-9709
20900,65,-14821
20901,25653,14868
20902,-21440,17932
20903,-9147,-26087
20904,16445,-12768
20905,-32691,4638
20906,7242,-22998
20907,21568,4648
20908,-6077,24093
20909,-3003,-14811
20910,19516,-21968
20911,20530,14889
20912,-25537,9765
20913,-17336,-4568
20914,14401,17952
20915,-3005,29202
20916,-13238,-8681
20917,19521,17935
20918,-17334,10762
20919,-17325,-16877
20920,15436,-5610
20921,16452,28169
20922,-5049,9733
20923,-2999,-24047
20924,24637,-9706
20925,-11197,14863
20926,-14262,-12778
20927,2121,-14818
20928,-22444,16918
20929,-19362,-24030
20930,23635,-9689
20931,7248,19998
20932,-20390,-13787
20933,15443,-27085
20934,3154,17963
20935,-13223,18978
20936,-6052,-3548
20937,25680,-4569
20938,5198,17951
20939,-24486,3614
20940,26701,5660
20941,-9134,22034
20942,-12200,5648
20943,22605,-5613
20944,15430,25095
20945,-20400,-504
20946,4174,-29161
20947,26689,1558
20948,-11193,18957
20949,-22446,2572
20950,7247,-23016
20951,-16297,14865
20952,-6054,-24035
20953,19537,-10717
20954,80,16923
20955,-31648,-5602
20956,-6045,-11740
20957,25687,547
20958,-16289,26135
20959,-11163,-8676
20960,9313,-19930
20961,13403,22044
20962,-19355,5658
20963,16477,9750
20964,-930,24075
20965,-23446,-6641
20966,10341,-20966
20967,15454,16914
20968,-17305,18953
20969,-17296,-21996
20970,23653,-6632
20971,3172,25100
20972,-7064,1547
20973,17504,-16876
20974,-8092,19979
20975,-21393,-18923
20976,20581,-6631
20977,100,27148
20978,-20370,17924
20979,-913,-12789
20980,29793,-6641
20981,2144,11786
20982,-23444,-8689
20983,-915,-20966
20984,4203,14867
20985,-14222,12813
20986,28772,524
20987,3171,22018
20988,-13206,-2556
20989,2153,-22001
20990,23646,7692
20991,-19352,18947
20992,-14225,-13814
20993,21605,-11760
20994,16477,25092
20995,-24471,8704
20996,-918,-26099
20997,4200,23042
20998,-26507,-2556
20999,7282,-16883
21000,17514,14854
21001,-17293,20988
21002,5233,-24056
21003,29795,-8691
21004,2146,20995
21005,-23442,-1532
21006,5228,-13813
21007,15461,20993
21008,-7063,23030
21009,22622,-17921
21010,5212,20981
21011,-25495,11760
21012,-5012,-22021
21013,19555,9719
21014,98,19950
21015,-23442,-9741
21016,12392,-20994
21017,20574,13816
21018,-16282,16880
21019,-11156,-22021
21020,2155,20977
21021,-13198,-526
21022,7279,-25089
21023,20581,7676
21024,-13204,20978
21025,-13197,-13831
21026,19562,-5636
21027,2153,19955
21028,-25482,7664
21029,-1929,-15880
21030,24683,5622
21031,-2963,17902
21032,12391,-18952
21033,5221,18927
21034,-13204,14824
21035,-10127,-12817
21036,22630,-8716
21037,9314,12782
21038,-20372,3565
21039,6249,-25094
21040,14434,10741
21041,-19348,17901
21042,-18315,-15883
21043,7282,27112
21044,-17285,4582
21045,3194,-27148
21046,24686,499
21047,-3984,21993
21048,-20358,-6675
21049,17522,-21000
21050,16490,20974
21051,-12176,9706
21052,-911,-25097
21053,26724,-1544
21054,2147,26092
21055,4193,-24072
21056,16473,10739
21057,-11169,16875
21058,-7069,-11791
21059,19546,-12808
21060,6231,19951
21061,-25500,-3599
21062,2147,-29184
21063,14428,16888
21064,-7072,21998
21065,-16280,-9741
21066,21598,17899
21067,-16282,13797
21068,-10133,-23055
21069,20577,-1550
21070,3168,28133
21071,-17303,-538
21072,14434,-16913
21073,20568,9707
21074,-15264,13797
21075,-19350,-16914
21076,18529,-6670
21077,6238,20968
21078,5212,-24076
21079,25680,8688
21080,-8108,21990
21081,-11174,-18960
21082,16466,-16903
21083,9294,17905
21084,-18345,13803
21085,-5030,-22026
21086,22607,-7686
21087,1102,19953
21088,-20392,-3597
21089,20558,8687
21090,-19368,19942
21091,-20382,-19984
21092,25686,-6668
21093,8274,20970
21094,-25505,489
21095,7260,-24075
21096,16468,8689
21097,-13221,20967
21098,-23449,-10771
21099,11362,-15883
21100,15451,21995
21101,-1956,-27143
21102,28750,-3589
21103,-5039,20977
21104,-26530,-3597
21105,13400,-19971
21106,21582,11768
21107,-11180,15857
21108,-14245,-16902
21109,26702,-4611
21110,7243,27120
21111,-28583,2543
21112,30794,4589
21113,-12208,27104
21114,-16296,-17943
21115,16464,-14863
21116,13386,13803
21117,-20396,9703
21118,-7080,-28171
21119,23629,-1546
21120,-9134,26090
21121,-22435,-3604
21122,14422,-21001
21123,18509,15856
21124,-13228,-20997
21125,18507,-4610
21126,5193,24051
21127,-18350,6640
21128,-941,-22021
21129,26694,14836
21130,-11188,23017
21131,-20394,-19981
21132,26697,-18947
21133,11332,24050
21134,-22449,9710
21135,25667,-2576
21136,-5050,32225
21137,-24494,-5660
21138,12364,-24080
21139,17476,17896
21140,-21425,14817
21141,-15273,-14871
21142,23628,-13840
21143,4170,28131
21144,-25513,-3611
21145,86,-26126
21146,19533,10733
21147,-25510,-17930
21148,16466,-15874
21149,19529,25074
21150,-22444,13804
21151,-939,-25095
21152,30790,-2565
21153,-3000,29165
21154,-23468,-9742
21155,12366,-28160
21156,17478,17912
21157,-23470,18927
21158,27717,-11787
21159,12351,28136
21160,-28595,2535
21161,1100,-30218
21162,30781,6643
21163,-4033,27110
21164,-22454,-3608
21165,-4020,-27146
21166,23617,2549
21167,2112,27112
21168,-27570,1511
21169,-10157,-26124
21170,3154,33252
21171,-29599,7649
21172,-8091,-24083
21173,26712,-8718
21174,13394,26086
21175,-21411,8674
21176,-7071,-24082
21177,24661,-11788
21178,13391,25064
21179,-28579,8676
21180,-11165,-19986
21181,13405,26082
21182,-24471,18905
21183,-21388,-550
21184,29798,-10784
21185,-21391,13786
21186,17513,-22043
21187,-8083,24026
21188,5227,-29207
21189,4201,23006
21190,-15247,-26133
21191,18536,15844
21192,-26507,-10774
21193,-26494,-5651
21194,25718,-4624
21195,-24446,19943
21196,15483,-17936
21197,-12159,34272
21198,8317,-24084
21199,2172,35291
21200,-15228,-15901
21201,26743,23000
21202,-26492,-9763
21203,30837,4571
21204,33893,-4642
21205,-23439,13784
21206,19560,-18974
21207,-12178,24023
21208,1133,-33304
21209,2156,26076
21210,-10127,-26135
21211,20583,21983
21212,-27531,-14873
21213,20587,3558
21214,-32645,12768
21215,20593,-9755
21216,18536,-16914
21217,-16272,25058
21218,8300,-21011
21219,7273,36316
21220,-9106,-19994
21221,21604,26074
21222,-19346,-14878
21223,27745,7647
21224,-23443,6620
21225,25697,-10782
21226,-17302,16858
21227,-18317,25038
21228,12397,-30243
21229,2156,32206
21230,-10127,-26149
21231,13419,21969
21232,-26504,-16934
21233,28778,9686
21234,-32646,4564
21235,24686,-7720
21236,-25477,22989
21237,16499,-22056
21238,-3979,36295
21239,-5000,33207
21240,-6021,-23101
21241,20593,23992
21242,-24451,-13889
21243,28783,11706
21244,-28547,4536
21245,31854,-13889
21246,-18313,18870
21247,17519,-33337
21248,-8077,23996
21249,-5002,-31284
21250,-11140,-30245
21251,10359,25039
21252,-22398,-20007
21253,29812,7638
21254,-24448,469
21255,25716,-3625
21256,-25471,16847
21257,20599,-20007
21258,-13186,30155
21259,125,-31269
21260,9337,28110
21261,-20349,-22055
21262,-23409,-17950
21263,26754,11741
21264,-27504,-1570
21265,25732,-8733
21266,-24432,15836
21267,21638,-24088
21268,-14195,29146
21269,6282,-32278
21270,11397,28125
21271,-16243,-25110
21272,24705,16866
21273,27764,10717
21274,-33659,2524
21275,24697,-5665
21276,-26490,25043
21277,17534,-15909
21278,-8062,34251
21279,2177,-27175
21280,3200,35272
21281,-8060,-23084
21282,32884,17868
21283,-26495,-10798
21284,35952,6607
21285,34911,-8748
21286,-27539,10703
21287,21603,-25124
21288,-11159,22993
21289,8293,-28193
21290,2148,29137
21291,-17299,-27169
21292,23650,18902
21293,-32654,-11812
21294,30819,-2594
21295,-27535,9690
21296,-34686,16850
21297,24694,-24098
21298,-11140,35277
21299,5242,-28197
21300,4216,32204
21301,-11138,-20010
21302,25714,25034
21303,-23426,-12847
21304,33902,2512
21305,-23430,6605
21306,27757,-16938
21307,-19337,18893
21308,-12163,26049
21309,8313,-31279
21310,2168,25029
21311,-12162,-31275
21312,21620,21963
21313,-25471,-11823
21314,23670,7630
21315,-27516,6603
21316,24696,-12846
21317,-21373,21960
21318,14460,-26155
21319,7289,-29212
21320,-902,35283
21321,-14207,-25120
21322,20599,19927
21323,-16257,-16928
21324,28785,4574
21325,-25474,4572
21326,30831,-14876
21327,-23429,19931
21328,8311,-30230
21329,-7045,28125
21330,-2947,-28181
21331,-15227,-30214
21332,14462,22000
21333,-24438,-14856
21334,25726,8692
21335,-28532,1523
21336,23681,-5642
21337,-27505,17902
21338,13449,-19976
21339,-9074,30186
21340,-3952,-29191
21341,12426,29163
21342,19585,20961
21343,-16247,-15895
21344,26748,5607
21345,-26487,486
21346,29819,-7702
21347,-24441,18913
21348,16511,-23059
21349,-7037,28128
21350,1154,-30225
21351,14459,25059
21352,-22394,-26128
21353,18557,17896
21354,21619,8676
21355,-32637,1507
21356,22648,-5658
21357,-24444,20956
21358,18555,-19994
21359,-10112,30168
21360,4222,-21021
21361,12408,32212
21362,-13185,-24096
21363,19574,17880
21364,-16258,-5669
21365,-11132,-11807
21366,17532,10716
21367,-15228,-4641
21368,20602,-544
21369,-11136,13786
21370,13434,-19996
21371,121,21978
21372,-13184,-26137
21373,20598,9699
21374,-28540,17883
21375,14461,-17948
21376,5243,24025
21377,21617,11732
21378,-18310,1491
21379,9334,-8744
21380,-10117,11731
21381,-3971,-12838
21382,5243,14803
21383,-10112,-21026
21384,14457,20948
21385,-19325,-24096
21386,19578,18903
21387,-23418,-11811
21388,-16242,-6687
21389,15495,7646
21390,-15217,-2592
21391,13449,5598
21392,-19309,1501
21393,21641,-4640
21394,-14192,13786
21395,17544,-15902
21396,-19310,21976
21397,12428,-21021
21398,9352,27094
21399,-20334,-18976
21400,-27488,-8731
21401,25748,-17938
21402,-10087,27105
21403,-9058,-12824
21404,18581,-3606
21405,-2921,19937
21406,-15201,-16918
21407,32911,-2580
21408,-21350,16868
21409,23695,-14868
21410,-16233,7657
21411,-11107,-4628
21412,8345,20962
21413,-1894,-22035
21414,15507,28128
21415,-21346,-8731
21416,12440,-9750
21417,5270,16866
21418,-20320,-3612
21419,17560,-4633
21420,-13153,12769
21421,9371,-10777
21422,-8033,17887
21423,1182,18902
21424,-3936,-18976
21425,14489,6621
21426,-13152,5595
21427,4254,-17948
21428,9370,14813
21429,-19292,-4640
21430,14493,-4637
21431,-5984,17883
21432,-863,-14877
21433,15514,10718
21434,18577,2525
21435,-15207,-4640
21436,17553,6621
21437,-13160,-5664
21438,35975,6621
21439,-26476,6618
21440,20618,-21019
21441,-7026,35284
21442,-4975,-27166
21443,20615,24023
21444,-22382,-8740
21445,21640,1499
21446,21630,5593
21447,-21367,12755
21448,6278,-8744
21449,-9077,12754
21450,17539,-2604
21451,-21362,6609
21452,23683,-3629
21453,-23409,15820
21454,19590,-1587
21455,-16242,1484
21456,18565,8648
21457,22650,4550
21458,-25465,-5687
21459,19582,8645
21460,-16250,-4664
21461,8322,14785
21462,-13175,-22068
21463,15490,18883
21464,-18293,-14901
21465,7304,13765
21466,-19310,-6711
21467,16522,3528
21468,-23402,7621
21469,-19296,10688
21470,16536,-13881
21471,-16224,9667
21472,16536,9663
21473,-8036,-15929
21474,7321,23996
21475,-8035,-29237
21476,13463,24000
21477,-16225,-17975
21478,14488,11716
21479,-27482,-9783
21480,-27468,-1590
21481,25768,-3636
21482,-19278,14789
21483,18601,-13876
21484,-11089,11719
21485,9387,-13874
21486,-16205,10697
21487,21673,-9778
21488,-19277,13768
21489,20649,8644
21490,-12113,-11830
21491,14504,19905
21492,8356,19896
21493,4258,-20030
21494,-7002,28085
21495,6307,-23103
21496,-11095,18872
21497,15522,-10818
21498,-18261,21940
21499,22688,-11846
21500,-17239,27053
21501,6310,-10829
21502,-857,23976
21503,15520,22941
21504,-21333,-610
21505,28829,-8797
21506,-5984,21913
21507,-9051,-21084
21508,10400,27031
21509,-21333,-22110
21510,24735,3489
21511,-25428,4511
21512,21666,1438
21513,-31566,6555
21514,32930,-3683
21515,21656,4507
21516,-11106,-6753
21517,9370,18838
21518,-13151,-20064
21519,10396,22933
21520,-10079,-14947
21521,1184,15766
21522,2207,-11876
21523,-14170,11671
21524,18589,-19039
21525,-16219,15770
21526,-5976,20880
21527,14497,-18023
21528,-9050,15762
21529,-22351,-20068
21530,17577,3483
21531,-28489,10646
21532,11442,-16993
21533,-8010,31120
21534,2229,-31328
21535,29863,17816
21536,-31561,1431
21537,5301,-29274
21538,11440,-25165
21539,-1871,18858
21540,4271,-24138
21541,-3919,23979
21542,-8011,-31301
21543,19628,19890
21544,-21321,-5707
21545,18606,-3657
21546,-18249,2486
21547,17583,-10820
21548,-26436,19891
21549,-20282,21929
21550,13504,-8786
21551,-27442,9642
21552,17606,-11856
21553,-10037,19879
21554,-9008,-18000
21555,24772,1455
21556,-16180,16807
21557,-5937,-25164
21558,18630,14765
21559,-27436,-594
21560,17612,-7758
21561,10439,-9801
21562,-11059,9651
21563,10440,-9800
21564,-5941,30122
21565,-6961,-15950
21566,4301,19881
21567,2252,-19021
21568,203,30117
21569,-17196,-11861
21570,26823,2474
21571,-14130,12708
21572,-5935,22937
21573,-14120,-18014
21574,10451,11677
21575,-2859,-21080
21576,-3881,23965
21577,3286,-11869
21578,-13091,18842
21579,6362,-20060
21580,-5923,15773
21581,11480,-15963
21582,-5925,23962
21583,218,-18013
21584,7383,-16980
21585,-13090,14757
21586,11481,-14931
21587,-13088,1452
21588,24788,-2642
21589,-16164,2477
21590,5338,-19017
21591,12500,15792
21592,-19234,7597
21593,4316,-16970
21594,15573,12720
21595,22730,-7756
21596,3273,21930
21597,-18222,-1621
21598,9422,-16972
21599,27841,12718
21600,-14136,12712
21601,199,-16975
21602,17599,5551
21603,-10044,14760
21604,-4921,-12881
21605,9411,15784
21606,-19251,-10834
21607,-22312,6571
21608,12498,-9808
21609,-10025,8620
21610,-808,-15948
21611,21710,3507
21612,1229,13741
21613,-13100,428
21614,211,-14924
21615,15564,7601
21616,-13101,-5708
21617,15564,-21057
21618,12486,-23093
21619,2245,14788
21620,-17202,-14900
21621,14535,-17963
21622,20669,7634
21623,-1858,17866
21624,-14139,1481
21625,-2873,-15919
21626,19646,-3629
21627,1213,19914
21628,-19257,1481
21629,7364,-21036
21630,-22321,-5673
21631,11466,-21022
21632,7367,12764
21633,-14130,-11806
21634,30911,-10776
21635,6332,24029
21636,-14141,-4640
21637,-3899,-21013
21638,14526,-9744
21639,16566,13802
21640,-10053,24031
21641,19634,13785
21642,-9033,19920
21643,-19263,-6700
21644,3264,-22049
21645,12474,9691
21646,-11072,16851
21647,-18231,-1580
21648,8389,-21025
21649,25785,3550
21650,3256,24019
21651,-25403,7632
21652,-16179,-16935
21653,-4912,25037
21654,-19238,6602
21655,-10017,-23082
21656,11482,-13859
21657,19665,4571
21658,8397,5593
21659,3276,13779
21660,1227,16843
21661,-14126,14788
21662,-19236,5570
21663,-22297,-3644
21664,12513,9664
21665,11484,13754
21666,13526,16818
21667,-1833,24998
21668,-14114,6563
21669,-11036,-10839
21670,13534,-15951
21671,18645,9645
21672,10448,21923
21673,8396,17819
21674,2251,15764
21675,2250,14733
21676,-3892,-10861
21677,2251,-18020
21678,17603,-4705
21679,14524,14744
21680,-4929,21902
21681,-18232,15751
21682,-22317,3462
21683,-18212,-3704
21684,-22297,-9843
21685,-18192,-9838
21686,-12042,-14950
21687,9458,22927
21688,-4875,22916
21689,-16131,5506
21690,-3841,-12919
21691,6396,-14959
21692,21746,-622
21693,15595,15755
21694,13541,10630
21695,16605,3461
21696,18644,5507
21697,17612,11646
21698,13510,17782
21699,-2872,-20096
21700,8388,-14968
21701,12478,-12913
21702,12472,-6765
21703,12466,-4714
21704,16554,-5735
21705,13476,-16990
21706,11423,-16981
21707,2206,-9808
21708,-7006,-12873
21709,-1885,-16960
21710,-5978,20918
21711,-15186,18861
21712,-19272,5547
21713,-18239,-2643
21714,-15159,-14923
21715,-1846,-20033
21716,8390,-16952
21717,24762,-5685
21718,22703,3530
21719,15528,17858
21720,6309,23991
21721,-12117,22956
21722,21665,-8783
21723,19608,432
21724,11411,14761
21725,4241,20895
21726,-13160,15768
21727,-22365,2455
21728,-20307,-6757
21729,-11085,-11871
21730,-10056,-5724
21731,-14145,-603
21732,-21302,-4696
21733,12484,11683
21734,12478,2466
21735,14519,-5723
21736,20653,-2649
21737,21667,2470
21738,19610,5540
21739,14483,-3674
21740,10382,3493
21741,19589,4515
21742,11392,16795
21743,7293,21905
21744,-1922,17801
21745,12408,-10865
21746,12402,-5742
21747,14443,-2668
21748,18530,5522
21749,10333,16778
21750,-1954,21888
21751,-2976,13690
21752,-927,12660
21753,-19349,7537
21754,-21386,368
21755,-13187,-11914
21756,-10110,16750
21757,-19316,-7822
21758,1163,-18053
21759,19586,-11903
21760,16506,-1662
21761,13428,-1661
21762,17516,-4730
21763,22625,2437
21764,13403,5507
21765,11350,8575
21766,-4008,15736
21767,-20382,-3718
21768,6239,19825
21769,-10140,10604
21770,-18323,-7824
21771,-5008,-18055
21772,9324,-18046
21773,18531,385
21774,16475,17785
21775,-1956,19824
21776,-7072,21862
21777,-5021,10593
21778,-924,16729
21779,-7064,-17054
21780,-1943,-12951
21781,4199,-23179
21782,17503,372
21783,17495,9584
21784,16463,5486
21785,6220,13672
21786,-5041,14689
21787,-8109,18776
21788,-19363,1367
21789,-19353,-7845
21790,-16273,-17052
21791,5229,21850
21792,-16267,10581
21793,-16259,-7847
21794,1148,-16031
21795,11383,352
21796,13425,11611
21797,12395,4441
21798,16483,8533
21799,9311,7506
21800,15448,14667
21801,8276,14660
21802,-8104,-5817
21803,-12194,-8884
21804,-8094,-13997
21805,-9113,-21154
21806,-2967,-9885
21807,-3989,-6809
21808,-12175,-20111
21809,-14216,-16007
21810,-7044,-5764
21811,-11134,-1667
21812,-11128,-10877
21813,1159,-17012
21814,-14194,17796
21815,-16234,-635
21816,-17249,-14963
21817,-8029,-11885
21818,-10072,-11879
21819,-17231,-10849
21820,-10058,-14937
21821,-9029,-3671
21822,-13118,-6739
21823,-1853,-19017
21824,14524,-15937
21825,-23352,3518
21826,-13105,-8765
21827,-11051,-9784
21828,-14116,-7732
21829,-10015,-4657
21830,-12057,-11819
21831,-8980,-10789
21832,-14093,-3619
21833,-12039,-7711
21834,-11009,-15895
21835,-8956,-10769
21836,-9975,-7693
21837,16641,6640
21838,17657,15849
21839,14578,3560
21840,16618,-2582
21841,13540,-7698
21842,16604,-8717
21843,6361,-8712
21844,-4900,-14848
21845,-15132,-18934
21846,-13077,521
21847,-13070,11780
21848,14571,-10742
21849,8423,-10736
21850,-792,-14824
21851,1255,-16863
21852,230,-17878
21853,-2840,-7634
21854,231,-9677
21855,2278,-10695
21856,7395,-10689
21857,7392,-7613
21858,16600,-7609
21859,12498,-4534
21860,-16166,4680
21861,-20252,2631
21862,-19218,-1464
21863,-17161,-6580
21864,-13058,-8623
21865,-14075,-12712
21866,-13044,-10658
21867,-10990,-7582
21868,-12008,-4507
21869,-4837,-7575
21870,-1764,-12688
21871,-7904,11883
21872,-8923,9831
21873,-13012,2662
21874,-14029,3685
21875,-15045,612
21876,-16061,4706
21877,-10935,4704
21878,-15023,2655
21879,-6827,-416
21880,-13988,-2462
21881,-11934,-6554
21882,-5787,-13715
21883,356,8809
21884,-1691,14946
21885,6498,21080
21886,-4763,19023
21887,-2713,12873
21888,-664,10820
21889,8548,14909
21890,6497,17973
21891,6494,21035
21892,349,14884
21893,3420,16924
21894,-3746,-9695
21895,-9885,-16854
21896,-19091,-14798
21897,-4752,-7626
21898,-7820,-9669
21899,-10886,-2499
21900,-12927,-5568
21901,-8826,-12729
21902,-1657,-16816
21903,9603,-10666
21904,10622,-9637
21905,4476,-12702
21906,-11902,12892
21907,-19060,9816
21908,-9839,5718
21909,-13928,-4519
21910,-4709,-4516
21911,-6753,-8607
21912,2462,-12696
21913,12696,-12689
21914,18831,3694
21915,10634,15975
21916,2441,14944
21917,3464,-8603
21918,6533,-13716
21919,18812,-14732
21920,20850,5746
21921,2417,15979
21922,-13960,9831
21923,-17023,-408
21924,-2685,-10642
21925,1410,-5519
21926,3457,-12680
21927,8573,-11650
21928,17781,-5503
21929,-10885,1664
21930,-12926,-9595
21931,-1661,-10613
21932,8575,2698
21933,3454,18050
21934,-9853,7807
21935,-10871,-12666
21936,4487,-11636
21937,11650,-5489
21938,9598,5773
21939,-641,11912
21940,7548,-8563
21941,13686,-3441
21942,18797,4749
21943,10600,19076
21944,2407,20091
21945,-3735,9847
21946,-7827,8819
21947,-12940,3698
21948,-9863,-10632
21949,3448,-13697
21950,8564,-6525
21951,12654,642
21952,8554,-6522
21953,8550,12928
21954,-11924,4734
21955,1387,-17785
21956,17763,2694
21957,5473,12928
21958,-11929,10875
21959,-11923,-7553
21960,8553,-11643
21961,17761,644
21962,7518,8832
21963,-8861,-14712
21964,1378,-13681
21965,16730,-9580
21966,15699,7825
21967,7504,8845
21968,335,11912
21969,-12970,10883
21970,-12963,-5498
21971,-2721,-7542
21972,8539,-6514
21973,12629,653
21974,340,14982
21975,14669,-6518
21976,12615,14979
21977,-9908,11902
21978,-11950,-7550
21979,8526,-14710
21980,15687,5768
21981,-696,12930
21982,-11954,3713
21983,-8877,-4476
21984,338,-14708
21985,17738,-2418
21986,-4787,-6510
21987,-690,-11624
21988,10569,-10594
21989,17729,1693
21990,6462,10904
21991,5436,10899
21992,-7872,14988
21993,-12985,-6512
21994,7492,-9579
21995,11583,10896
21996,-5822,10891
21997,-9913,-5490
21998,-7861,7819
21999,-1716,-6513
22000,13638,-5486
22001,6467,14987
22002,-11959,9863
22003,-6835,-11635
22004,13639,-15723
22005,10562,10896
22006,-7866,12938
22007,-8885,-1397
22008,3402,-15725
22009,-17069,2706
22010,-7849,-15718
22011,5461,-11616
22012,12623,5790
22013,4429,10905
22014,-4784,5783
22015,-9899,-360
22016,340,-8547
22017,13646,-3425
22018,11593,10906
22019,-2741,12948
22020,-9904,2707
22021,11595,658
22022,5449,13964
22023,-12976,8840
22024,-5805,-14704
22025,12621,-4461
22026,8521,16012
22027,-6835,6793
22028,-6831,-11633
22029,15690,-368
22030,9542,11915
22031,-3768,11910
22032,10563,-1401
22033,11582,9859
22034,-1729,15996
22035,-9916,8824
22036,-6840,-391
22037,-19118,-390
22038,-685,-11648
22039,-5802,-9595
22040,341,-10613
22041,11600,-12654
22042,6477,-5483
22043,14662,-2409
22044,-11956,-7525
22045,2379,-13662
22046,11590,-1373
22047,8514,4769
22048,321,11932
22049,-3773,5786
22050,-5818,-4451
22051,325,-8542
22052,9537,-7514
22053,9533,6819
22054,1340,15004
22055,12598,-4449
22056,9522,8859
22057,-3788,12949
22058,-8903,660
22059,-2757,-8551
22060,6456,-6499
22061,8500,-354
22062,2355,7835
22063,-4810,7832
22064,-8901,-359
22065,-8896,-2405
22066,-10938,-1380
22067,11585,10903
22068,8509,13969
22069,-2753,11916
22070,318,16005
22071,-705,15998
22072,-10939,11897
22073,-4792,8821
22074,-5813,6770
22075,-7857,4720
22076,-5806,-6540
22077,6479,-6536
22078,-5806,-3462
22079,9550,-4483
22080,10569,2684
22081,9541,-2434
22082,14654,-2432
22083,17718,2687
22084,11569,4733
22085,13611,636
22086,4393,8824
22087,-7891,6773
22088,-7887,-5512
22089,-1742,-9603
22090,-11976,8825
22091,-7876,-9602
22092,6457,-14714
22093,14642,645
22094,3377,11904
22095,-6859,5758
22096,-9926,637
22097,-10944,-4480
22098,-6844,-11642
22099,2371,-10612
22100,7488,-8559
22101,-7868,7822
22102,-6840,7819
22103,-12977,7816
22104,-12970,6789
22105,-13987,1668
22106,-11933,1667
22107,-7833,-1404
22108,-11923,643
22109,-11917,-3451
22110,-5770,-3449
22111,-9861,-4470
22112,-6785,-17773
22113,-1664,13965
22114,-10874,8841
22115,-9845,1672
22116,-8816,-2422
22117,-1647,-6514
22118,3472,-7534
22119,6541,-6506
22120,10632,2709
22121,8580,10896
22122,4482,13962
22123,-637,9862
22124,386,-9589
22125,9598,-10607
22126,11641,-4460
22127,8565,3731
22128,3444,7824
22129,-2698,8844
22130,-7814,3723
22131,-4739,-3443
22132,-6783,-6511
22133,-5756,-10601
22134,1411,-10595
22135,1410,-6495
22136,3457,12955
22137,-3709,13973
22138,-7801,3732
22139,-8820,-6504
22140,395,-11618
22141,10630,-9565
22142,12672,674
22143,8572,1697
22144,9592,1696
22145,13682,7837
22146,8558,10904
22147,-3728,-9571
22148,4462,-6495
22149,6507,-2397
22150,4457,3746
22151,3432,8862
22152,1383,11929
22153,-7829,2712
22154,-4754,-6500
22155,2413,-3426
22156,9577,-5471
22157,6502,10908
22158,5476,13974
22159,3427,-8549
22160,5473,-4450
22161,6494,-7518
22162,11609,-3420
22163,12627,675
22164,8527,3746
22165,15688,-5467
22166,14657,3748
22167,9533,2723
22168,7482,4769
22169,313,10908
22170,9525,-355
22171,3380,8857
22172,-4809,4759
22173,-4806,-2407
22174,4408,-6499
22175,9524,1692
22176,307,11927
22177,-6857,662
22178,-3783,-9573
22179,4407,-11615
22180,10546,-2397
22181,6447,6816
22182,8491,-7516
22183,11558,-347
22184,9506,676
22185,7455,5794
22186,7452,4768
22187,6425,10907
22188,1304,11926
22189,-7908,12944
22190,-4833,5774
22191,-9948,4748
22192,-7896,7817
22193,8484,5767
22194,7457,10882
22195,-6875,13948
22196,-14036,-2434
22197,299,-11644
22198,11558,-379
22199,11553,7810
22200,2336,12924
22201,1311,8824
22202,-736,10867
22203,-1759,10862
22204,-7899,11881
22205,10528,10852
22206,-6876,6753
22207,-4825,-3485
22208,7460,-3483
22209,2339,8801
22210,-5850,1632
22211,10529,-11674
22212,11548,7779
22213,-7904,11870
22214,-2782,-5535
22215,6431,-414
22216,3358,-9625
22217,10521,5733
22218,-3813,14942
22219,-7905,-2464
22220,4381,-8603
22221,9497,4707
22222,-1766,10846
22223,-8929,-1441
22224,-736,-10651
22225,9500,612
22226,3355,11871
22227,-9952,1630
22228,287,12888
22229,-15065,-1447
22230,2342,-8610
22231,10529,8794
22232,-9946,4696
22233,1317,-8611
22234,5411,6746
22235,-7897,601
22236,-4822,-5540
22237,4392,-6560
22238,10531,1631
22239,1314,-10651
22240,10525,-1434
22241,6426,4708
22242,2329,10847
22243,-10977,6748
22244,-7901,-11678
22245,5409,-4507
22246,7454,7778
22247,-3808,7775
22248,287,-6557
22249,10522,4705
22250,-7906,8797
22251,10521,6746
22252,-742,6743
22253,-6882,2646
22254,-3808,-7590
22255,7453,-6562
22256,8473,7771
22257,280,10838
22258,-5861,7763
22259,-8928,-7593
22260,1311,-5542
22261,3358,-5539
22262,-8925,3676
22263,-6873,-5537
22264,-728,-2463
22265,2343,-9626
22266,13601,-3480
22267,5407,8804
22268,-7901,7777
22269,-2779,-5532
22270,8481,-7576
22271,8477,4710
22272,-4832,9826
22273,-5853,609
22274,1314,6750
22275,-6874,-417
22276,-1753,-5534
22277,10530,3681
22278,-5851,7774
22279,-9942,-4511
22280,4392,-8602
22281,9508,5732
22282,291,10847
22283,-4826,8795
22284,-5847,2650
22285,8485,1625
22286,7458,6742
22287,289,9810
22288,-5852,5712
22289,-5849,3663
22290,-7893,-4526
22291,-2771,-9641
22292,7466,-5542
22293,5416,-2468
22294,7461,-3490
22295,12575,605
22296,8475,2652
22297,-5858,-2466
22298,-2784,-10652
22299,3359,-5529
22300,4381,-4502
22301,9497,-2452
22302,7446,5738
22303,277,8806
22304,-2793,6755
22305,-5862,1634
22306,-4835,-2460
22307,2332,-5529
22308,-6880,-408
22309,-735,-6548
22310,7454,-2450
22311,3357,5740
22312,-2785,4714
22313,-3807,-3476
22314,5407,-3474
22315,4381,7787
22316,-6879,3690
22317,-3805,-8593
22318,6432,-5518
22319,6429,625
22320,-4832,-1422
22321,-3806,-4491
22322,2337,-8582
22323,5407,-2436
22324,6428,-387
22325,6425,6778
22326,280,10869
22327,-5861,3700
22328,-3811,-395
22329,-6879,-1418
22330,-1758,-7558
22331,3361,6775
22332,4383,8819
22333,-3807,7792
22334,-5852,1647
22335,-4825,-4494
22336,294,-2444
22337,6435,-1419
22338,7456,2676
22339,1311,10863
22340,-6877,2670
22341,290,-5519
22342,5408,2672
22343,1311,-5517
22344,6428,626
22345,-1763,7791
22346,-7903,-2447
22347,5407,-5516
22348,10522,6769
22349,-2788,10860
22350,-6880,5738
22351,-5853,-405
22352,-9944,-404
22353,-2774,-7568
22354,297,4718
22355,-3797,6763
22356,-8912,-2451
22357,303,-9614
22358,4397,-3468
22359,8489,627
22360,-726,6768
22361,-5843,-399
22362,3372,-2445
22363,4394,4721
22364,-4819,4719
22365,-5840,-4494
22366,-5837,6767
22367,-3787,-1424
22368,2356,-5517
22369,5426,-396
22370,5424,6769
22371,-3790,10860
22372,-7882,-403
22373,309,-4496
22374,3380,-4493
22375,7473,1650
22376,7470,7791
22377,6443,-6541
22378,5417,626
22379,7462,4720
22380,3365,7789
22381,292,8809
22382,3363,5735
22383,2338,8803
22384,-733,7776
22385,290,8796
22386,-4827,1627
22387,-3801,-5538
22388,5413,-4511
22389,-4824,608
22390,-1751,-4509
22391,3368,-2459
22392,4390,4707
22393,1317,5729
22394,-3801,4703
22395,-3799,-2463
22396,3368,-5532
22397,7461,611
22398,2340,10846
22399,-6872,5724
22400,6437,5722
22401,2340,7767
22402,-4825,4693
22403,-1752,3668
22404,-5845,3667
22405,-6865,-5546
22406,1326,-8613
22407,10537,1626
22408,3368,8790
22409,-7892,3669
22410,-4817,-2473
22411,5421,-4518
22412,-5840,3673
22413,-719,-6563
22414,7470,-6559
22415,7467,608
22416,2346,9820
22417,297,4698
22418,296,7767
22419,-5845,7764
22420,-4818,2643
22421,-4815,1618
22422,-5836,-2476
22423,307,9808
22424,-716,4686
22425,-2762,4684
22426,-6854,587
22427,-3780,-6577
22428,4410,-6573
22429,8502,1618
22430,3381,7759
22431,-3785,6732
22432,-7877,-1459
22433,314,-5552
22434,8502,-3502
22435,-3784,-4523
22436,3383,-4520
22437,6452,-423
22438,4402,4695
22439,305,7764
22440,-4812,3667
22441,-5833,-1452
22442,-1736,-5545
22443,3383,-4518
22444,4405,-2468
22445,4403,-1443
22446,-8904,1628
22447,-4805,-2466
22448,-708,-4511
22449,315,-3485
22450,3386,-5530
22451,6455,-409
22452,5429,614
22453,4403,4708
22454,3378,4706
22455,2353,7775
22456,-1742,7772
22457,-5835,1627
22458,5427,4697
22459,4401,5719
22460,304,6740
22461,-1743,5714
22462,-2765,2641
22463,-2763,-2477
22464,1332,-3499
22465,5426,-1450
22466,4400,5716
22467,-1743,7761
22468,-5836,2640
22469,3379,6733
22470,-3787,3660
22471,-1738,-2482
22472,4404,-1457
22473,4402,3662
22474,3377,3661
22475,3376,6730
22476,303,7751
22477,-3791,5701
22478,-3789,1604
22479,-2763,-443
22480,-2761,-1466
22481,3382,4676
22482,-1737,6721
22483,-5830,4671
22484,-3780,-1472
22485,-707,-1471
22486,-3777,-2493
22487,2366,-5562
22488,4412,-3512
22489,-12989,-22956
22490,23864,595
22491,-1735,26183
22492,11572,-27051
22493,18731,10832
22494,-14030,21062
22495,-12999,-21935
22496,21807,-12712
22497,9515,25164
22498,-23241,11847
22499,2358,-25004
22500,26921,7761
22501,-3797,16969
22502,-22218,-12720
22503,11569,-13737
22504,-21188,11858
22505,-9919,-17829
22506,26932,-7585
22507,6449,21077
22508,-23235,-3497
22509,5435,-28059
22510,21809,15966
22511,-18118,21076
22512,-9921,-13733
22513,25907,-7585
22514,10542,23124
22515,3373,-23968
22516,20771,6749
22517,-10967,27216
22518,-25290,-3502
22519,17710,-16805
22520,14631,23120
22521,-14034,12874
22522,-5839,-23978
22523,23846,1621
22524,-729,26185
22525,-25292,-9650
22526,12590,-24997
22527,-4815,24144
22528,-16071,-19878
22529,19760,-21915
22530,7469,13919
22531,-28357,6748
22532,3386,-18842
22533,24878,6755
22534,-8909,23128
22535,-20163,-9635
22536,20787,-18841
22537,15660,11874
22538,-13005,-22930
22539,18730,1645
22540,-725,27232
22541,-18124,-2462
22542,13614,-21907
22543,20772,9833
22544,-15060,16993
22545,-13005,-18837
22546,15660,-8592
22547,7465,27235
22548,-24267,7776
22549,6450,-20885
22550,-8905,21089
22551,-23229,-13720
22552,14652,-14736
22553,19763,19047
22554,-26304,15968
22555,-7868,-22932
22556,31029,-1427
22557,7474,23138
22558,-25281,-6554
22559,8507,-22926
22560,10550,5744
22561,-9925,-14728
22562,21809,-9603
22563,15658,23154
22564,-24266,2673
22565,1333,-27009
22566,19756,-384
22567,-5841,26228
22568,-26308,-8583
22569,13622,-12672
22570,25898,23157
22571,-17101,8817
22572,-2763,-27009
22573,-2761,28274
22574,-28347,1649
22575,5443,-16774
22576,22840,11893
22577,-11970,24170
22578,20788,-31110
22579,29990,6775
22580,-20176,29289
22581,-28354,-14735
22582,23859,-13704
22583,21801,25196
22584,-3797,-27014
22585,32028,-4483
22586,2331,22131
22587,-30422,-5514
22588,8486,-24957
22589,26905,21113
22590,-20189,25197
22591,-7897,-20872
22592,33047,-14720
22593,2326,32369
22594,-33497,1648
22595,5413,-28034
22596,-11989,34414
22597,-27335,-12683
22598,29995,-14723
22599,19746,25201
22600,-28368,8813
22601,-4813,-36225
22602,32036,7804
22603,-731,36459
22604,-30412,-9616
22605,13614,-24963
22606,27937,21107
22607,-15063,-32125
22608,24861,-14709
22609,9497,30333
22610,-31447,6778
22611,7462,-27000
22612,27929,4742
22613,-13024,28281
22614,-25299,-15743
22615,23842,-25970
22616,11549,21124
22617,-33490,15997
22618,-17097,-18809
22619,3382,33399
22620,-29371,-11651
22621,10560,-29044
22622,21814,16005
22623,-22207,21115
22624,-18102,-19835
22625,21824,-6519
22626,13626,30331
22627,-27320,5753
22628,14657,-27001
22629,27956,10882
22630,-31420,-14710
22631,28982,-22890
22632,19757,27273
22633,-21192,17025
22634,-8899,-23923
22635,29999,-4464
22636,5421,23173
22637,-31427,-12660
22638,11576,-24935
22639,25900,22159
22640,-18123,27266
22641,-14020,-22898
22642,14645,25218
22643,-27325,5760
22644,3394,-29041
22645,21816,5773
22646,-14017,31358
22647,-22198,-7550
22648,22847,-20851
22649,19766,25217
22650,-35512,12923
22651,-9907,-34164
22652,26944,-371
22653,-28338,-3441
22654,11593,-17768
22655,32058,18064
22656,-14015,20103
22657,-19125,-25964
22658,17731,-10598
22659,7488,31371
22660,-34479,9863
22661,9549,-32105
22662,32062,8851
22663,-8893,29317
22664,-18100,-25966
22665,17732,13964
22666,-44710,5770
22667,-7842,-24937
22668,27985,3734
22669,336,34438
22670,-24228,-7542
22671,14677,-31078
22672,23882,18066
22673,-24234,31363
22674,-19104,-15733
22675,22869,-5490
22676,-31387,10889
22677,1380,-28009
22678,29014,1686
22679,-8869,25226
22680,-22170,-10608
22681,25946,-22884
22682,18769,25232
22683,-15015,25220
22684,-3749,-20849
22685,34123,-5486
22686,5449,25222
22687,-25258,-14706
22688,15695,24195
22689,-13994,25207
22690,341,-18815
22691,25929,-14711
22692,7494,25213
22693,-26285,-4480
22694,-8872,-22900
22695,18767,2699
22696,-23205,32380
22697,-21146,-15740
22698,21852,-19826
22699,-22169,9866
22700,-11923,-24937
22701,26976,-7525
22702,1375,27278
22703,-25236,-369
22704,7529,-8556
22705,32090,18060
22706,-3748,22146
22707,-19098,-24945
22708,20828,-11627
22709,11607,43648
22710,-27291,7805
22711,33109,636
22712,-4776,21106
22713,-21149,-2444
22714,18778,-21889
22715,16722,14968
22716,-28320,10867
22717,-8859,-27007
22718,27992,-1406
22719,2391,32371
22720,-9892,-4490
22721,5466,-25981
22722,-15006,24184
22723,-19092,-13697
22724,17764,-11643
22725,14685,33397
22726,-21144,13935
22727,6501,-29058
22728,29015,1661
22729,-13986,33389
22730,-22167,-4496
22731,19808,-17799
22732,26963,21103
22733,-9896,20070
22734,25932,-4503
22735,7497,21087
22736,-25258,-2463
22737,6483,-29072
22738,35138,20071
22739,-16054,26203
22740,-17069,-13726
22741,26950,-16789
22742,8514,25183
22743,-22195,4701
22744,-2737,-20888
22745,-4782,32345
22746,-27296,-5540
22747,19799,-18842
22748,23884,22108
22749,-21161,10839
22750,-7845,-28059
22751,23888,-4504
22752,-7852,23133
22753,-25247,-3489
22754,8541,-19863
22755,22866,14946
22756,-9897,26198
22757,26954,-21919
22758,6471,24150
22759,-27307,12880
22760,-682,-22948
22761,32071,603
22762,-7861,27214
22763,-19115,-8621
22764,13647,-24992
22765,15688,14937
22766,-22189,1624
22767,-3755,-27034
22768,5459,23131
22769,-28319,-2467
22770,7518,-23959
22771,24914,12899
22772,-11944,14940
22773,-19102,-13725
22774,12636,-7577
22775,14677,27226
22776,-19105,10837
22777,7516,-29084
22778,23889,611
22779,-12968,10846
22780,12626,-15770
22781,16714,21084
22782,-15022,11863
22783,-3756,-16800
22784,32069,3679
22785,4419,18007
22786,-25264,-3495
22787,16712,-28057
22788,22845,16991
22789,-12988,25171
22790,-9911,-17828
22791,9541,16980
22792,-12980,3667
22793,-3762,-17828
22794,12616,603
22795,-15024,20050
22796,-18087,-6570
22797,19792,-10660
22798,14665,20051
22799,-15023,8783
22800,-10921,-23973
22801,15696,-2467
22802,335,23122
22803,3406,-18852
22804,23875,19027
22805,-14006,22089
22806,-15022,-18861
22807,25926,-14757
22808,2373,25167
22809,-30380,4685
22810,4434,-20904
22811,24902,10835
22812,-2744,21065
22813,-12977,-7603
22814,13641,15942
22815,-23211,16958
22816,-8870,-21943
22817,31051,-438
22818,-692,24127
22819,-16044,-1472
22820,21834,-21941
22821,18753,10822
22822,-10937,12864
22823,-17072,-25011
22824,20806,-8622
22825,-2744,25158
22826,7493,-20911
22827,25913,6734
22828,-7875,20037
22829,-23223,-9654
22830,12611,-15790
22831,13629,21064
22832,-18106,10819
22833,-6838,-16820
22834,25918,4682
22835,1341,14915
22836,-21176,-8632
22837,18751,14913
22838,-17080,23094
22839,-8883,-12739
22840,26944,572
22841,7485,15925
22842,-14012,3636
22843,4418,-22976
22844,21816,3647
22845,-14017,21045
22846,-18104,-11717
22847,21822,-16828
22848,13624,20027
22849,-5829,-17852
22850,17715,-3514
22851,306,20029
22852,-21187,-5568
22853,5435,-13753
22854,16691,19006
22855,-17092,20021
22856,-8895,-20928
22857,26932,-8635
22858,5426,25145
22859,-21187,4663
22860,23858,5685
22861,-8905,18988
22862,-14018,-9679
22863,27953,-10697
22864,14634,20014
22865,-20172,7723
22866,-4809,-24009
22867,21805,3638
22868,-722,23083
22869,-15050,-10703
22870,9522,-16838
22871,20776,10805
22872,-10962,-30140
22873,19749,-8631
22874,5411,21055
22875,-21202,3646
22876,10537,-23990
22877,27932,8774
22878,-13021,17982
22879,-20179,-19896
22880,13607,-11698
22881,7460,15943
22882,-24272,10818
22883,27939,1601
22884,-1756,22071
22885,-19154,-13762
22886,10537,-17849
22887,11556,17983
22888,-13013,16951
22889,-9936,-15809
22890,18727,-5566
22891,6436,23095
22892,-18131,566
22893,10536,-20927
22894,20766,7742
22895,-15066,-13755
22896,20764,-9654
22897,17684,27197
22898,-19170,2620
22899,-737,-18874
22900,18710,2629
22901,-1769,20028
22902,-19167,-5569
22903,13595,-13754
22904,17683,16958
22905,-23265,15927
22906,21781,-7621
22907,-1770,20018
22908,-21215,561
22909,11548,-17862
22910,16660,8758
22911,-12006,18989
22912,-13023,-10701
22913,22806,-9672
22914,11537,21038
22915,-24291,1581
22916,-4832,-27077
22917,20758,8759
22918,-14051,-8644
22919,15638,-16827
22920,15631,19004
22921,-15081,12854
22922,-4838,-25021
22923,21776,-2491
22924,-751,24122
22925,-27361,-1477
22926,9499,-19899
22927,24847,6722
22928,-15081,13884
22929,17679,-9663
22930,8459,17977
22931,-27367,6710
22932,-2789,-20927
22933,24847,8765
22934,-8940,24114
22935,-20194,-13767
22936,13592,-16830
22937,13586,23095
22938,-16102,13873
22939,-7906,-19909
22940,22803,-3523
22941,-21218,-1474
22942,9498,-23990
22943,28940,10821
22944,-19178,22075
22945,-12004,-17852
22946,22801,-9655
22947,11532,19008
22948,-20202,575
22949,-745,-20918
22950,21773,8774
22951,-4848,19005
22952,13578,-20920
22953,14595,19007
22954,-23281,16951
22955,-9964,-20926
22956,21770,-5563
22957,265,21051
22958,-25322,-1476
22959,11537,-18874
22960,17673,12864
22961,-15087,17976
22962,-15079,-17855
22963,27916,-8634
22964,-25319,5700
22965,-1766,-22960
22966,21776,8780
22967,-5869,27199
22968,-18148,-8636
22969,15637,-15796
22970,13583,20035
22971,-20199,11838
22972,-2789,-21943
22973,24847,-5556
22974,1294,29246
22975,11529,-21943
22976,22782,12867
22977,-13051,17979
22978,-16115,-12734
22979,24833,-10680
22980,8445,20031
22981,-21240,6716
22982,-2806,-25015
22983,25854,11844
22984,-8957,29238
22985,-20211,-14786
22986,16645,-16825
22987,-22256,20030
22988,-9963,-27060
22989,21771,-5553
22990,266,23108
22991,-26345,2627
22992,11538,-21938
22993,22791,14919
22994,-19183,16959
22995,-17126,-21942
22996,25870,-8625
22997,8458,26179
22998,-1781,-20914
22999,29949,7755
23000,-4864,25151
23001,-26355,-15801
23002,15622,-21934
23003,14591,24135
23004,-20215,16959
23005,-4852,-26036
23006,25856,-4529
23007,-3838,28226
23008,-25329,-4539
23009,13577,-23983
23010,-20205,20040
23011,-19171,-17839
23012,26896,-13736
23013,16648,29258
23014,-26347,2633
23015,-746,-28073
23016,27913,8787
23017,-5876,25159
23018,-22249,-14769
23019,14608,-18855
23020,16648,25165
23021,-3830,-27045
23022,30971,-9632
23023,-1796,30290
23024,-29429,1617
23025,12549,-24994
23026,24825,13912
23027,-16127,23117
23028,-16119,-19881
23029,25853,-12706
23030,11512,22100
23031,-27386,4690
23032,1285,-29087
23033,260,31314
23034,-24304,-9641
23035,16648,-24988
23036,18687,20059
23037,-20215,15956
23038,-3829,-24991
23039,22784,608
23040,-1791,31313
23041,-29424,-1454
23042,15625,-19876
23043,28923,16980
23044,-17148,-17827
23045,23801,-11677
23046,13555,24152
23047,-29438,3671
23048,-1789,-23965
23049,29941,7776
23050,-3849,28243
23051,-25340,-19875
23052,22777,-17818
23053,19696,22108
23054,-22277,10839
23055,-4866,-27035
23056,4348,30295
23057,-25335,3670
23058,8453,-28060
23059,22778,11871
23060,-19196,20054
23061,-17139,-18848
23062,26880,-12697
23063,11515,29273
23064,-27383,4695
23065,1288,-28059
23066,26875,7778
23067,-26360,-17813
23068,12546,-21898
23069,19705,22124
23070,-22268,20067
23071,-4857,-26000
23072,28921,-7564
23073,248,32357
23074,-28410,-1434
23075,12544,-28044
23076,24820,12910
23077,-22273,25186
23078,-18168,-19860
23079,18687,25184
23080,-31473,4702
23081,-6893,-31122
23082,30980,6763
23083,-2810,29277
23084,-27372,-12700
23085,19723,-20881
23086,20737,24164
23087,-20213,18012
23088,-4850,-27030
23089,28928,-4499
23090,-32496,620
23091,10507,-23944
23092,29949,14961
23093,-17146,29283
23094,-21231,-16788
23095,24837,-15756
23096,15614,24169
23097,-33521,6758
23098,-752,-23950
23099,25860,4720
23100,-2810,30306
23101,-22255,-16789
23102,23814,25183
23103,-22255,15960
23104,-13032,-22940
23105,27915,-10646
23106,266,31323
23107,-23274,-1444
23108,9490,-29077
23109,29956,9831
23110,-21233,24156
23111,-21222,-19866
23112,25870,-12691
23113,-30435,7786
23114,-2785,-24969
23115,36110,2678
23116,-2800,28265
23117,-20198,-21900
23118,13588,-24959
23119,20746,25205
23120,-25321,19052
23121,-12003,-25991
23122,30990,-6531
23123,269,33389
23124,-27365,-4496
23125,29965,8812
23126,-22248,27231
23127,-24284,-16792
23128,25880,-16783
23129,18703,29283
23130,-29410,8799
23131,-1761,-33168
23132,32016,3695
23133,-4845,31328
23134,-28383,-10650
23135,13595,-21903
23136,-20187,18025
23137,-14036,-31111
23138,28958,-11649
23139,3357,32368
23140,-31443,623
23141,7466,-27011
23142,31003,13943
23143,-18140,26219
23144,-16084,-16780
23145,27935,-16771
23146,12569,24178
23147,-32471,5744
23148,31002,4718
23149,-741,30304
23150,-25304,-13721
23151,16672,-22925
23152,24852,24168
23153,-22241,20063
23154,-11995,-22933
23155,25881,-7569
23156,2328,36446
23157,-29401,-417
23158,8483,-31121
23159,-19155,27234
23160,-27333,-18836
23161,24879,-18826
23162,16679,24171
23163,-29386,7784
23164,-2760,-22924
23165,34088,3699
23166,-4821,24168
23167,-27335,-12689
23168,10548,-23941
23169,23849,26223
23170,-21196,21093
23171,26919,-10645
23172,8483,28254
23173,-28367,605
23174,5423,-29076
23175,22820,9832
23176,-19154,24157
23177,-20168,-14747
23178,29994,-12692
23179,17698,27231
23180,-26321,8795
23181,-1744,-30102
23182,-3790,27229
23183,-25281,-5536
23184,10554,-24979
23185,28972,21091
23186,-15052,18011
23187,-12997,-28055
23188,24879,-13712
23189,3374,34400
23190,-31426,2655
23191,6459,-27027
23192,33067,10856
23193,-13006,29274
23194,23847,-17821
23195,12577,20058
23196,-26322,8790
23197,-9933,-21919
23198,32036,3680
23199,-731,32337
23200,-27341,-6571
23201,15660,-24990
23202,21794,16986
23203,-18133,19025
23204,-14030,-23971
23205,2353,32334
23206,-26306,3661
23207,9530,-29092
23208,32043,5722
23209,-10959,25166
23210,-21188,-17833
23211,20786,-18847
23212,8494,26197
23213,-28356,16973
23214,-6848,-24998
23215,34096,601
23216,-4813,22095
23217,6448,-28067
23218,20774,18005
23219,-21199,22091
23220,-17094,-25000
23221,27949,-14752
23222,8489,26196
23223,-21196,3667
23224,7473,-31133
23225,24869,3682
23226,-14036,24151
23227,-23240,-14753
23228,23853,21077
23229,-20169,15950
23230,-7877,-30115
23231,33067,-3489
23232,-3795,29265
23233,-30404,-5548
23234,8504,-20897
23235,25900,22101
23236,-15052,22091
23237,-11974,-27047
23238,25902,-14751
23239,4396,26197
23240,-1747,-26014
23241,27936,4704
23242,-11994,25172
23243,-19152,-12709
23244,23845,-17820
23245,13599,20059
23246,-28371,12885
23247,-11981,-28061
23248,27942,2658
23249,293,31315
23250,-25294,-9640
23251,24870,12882
23252,-17105,20041
23253,-17096,-20908
23254,17712,-11686
23255,6445,30284
23256,-24263,4682
23257,3384,-25001
23258,26923,4693
23259,-9936,28232
23260,-22213,-15792
23261,17715,-17831
23262,12589,23118
23263,-6863,-22950
23264,28963,-1445
23265,4385,23120
23266,-25298,-9643
23267,5420,-23967
23268,20770,18009
23269,-20180,19024
23270,-13005,-17831
23271,25895,-8610
23272,9507,26194
23273,-22226,2641
23274,21796,4687
23275,-13013,27202
23276,-24265,-9657
23277,22828,-16816
23278,17700,23109
23279,-21201,13887
23280,-7885,-25012
23281,27942,-4529
23282,-729,24132
23283,-28363,-5561
23284,10544,-19887
23285,20774,19016
23286,-13011,-19886
23287,24865,-12711
23288,6430,23118
23289,-25301,4684
23290,2346,-24999
23291,24862,7766
23292,-8925,29256
23293,-15061,-12721
23294,20769,-16808
23295,13595,20047
23296,-22234,8779
23297,23835,-436
23298,-2787,27199
23299,-23255,-3519
23300,10532,-19893
23301,23833,13893
23302,-16095,15934
23303,-18134,-20919
23304,21792,-7603
23305,5406,25153
23306,-22231,5695
23307,7462,-25012
23308,28952,8776
23309,-17119,-14768
23310,16665,-17831
23311,10516,21071
23312,-23264,14920
23313,-4829,-20909
23314,28949,1618
23315,3348,24135
23316,-20194,-7605
23317,11545,-22953
23318,18704,14928
23319,-18151,20039
23320,21775,-7605
23321,9483,23104
23322,-21226,-447
23323,277,-22963
23324,21771,4683
23325,-12015,22081
23326,-19173,-14775
23327,17683,-12720
23328,14604,24133
23329,-17131,7746
23330,-5864,-21939
23331,22797,-434
23332,-21224,-4527
23333,8468,-14759
23334,21770,15954
23335,-13039,17994
23336,-9962,-18860
23337,21772,-10662
23338,8456,21072
23339,-24300,1615
23340,2323,-21926
23341,20745,10837
23342,-8946,21067
23343,18693,-15789
23344,14590,16971
23345,-18169,9799
23346,-5878,-19887
23347,22783,1616
23348,-2815,24133
23349,-20213,-2489
23350,14596,-17840
23351,18683,13898
23352,-16125,11845
23353,-16117,-18865
23354,18690,-6573
23355,-20212,7760
23356,7433,-21925
23357,23806,5721
23358,-7934,14930
23359,-18165,-14758
23360,13573,-13727
23361,10496,19032
23362,-17143,11859
23363,3336,-15781
23364,23805,3674
23365,-770,23119
23366,8442,-19879
23367,15603,13907
23368,-16133,17995
23369,-12031,-14765
23370,21751,-3499
23371,6388,22091
23372,-17155,-1460
23373,2300,-22952
23374,14581,9812
23375,-9990,17996
23376,-18173,-13741
23377,16635,-9640
23378,-16125,6741
23379,-2811,-20896
23380,18684,1631
23381,-5889,20054
23382,-20215,-7590
23383,11524,-12703
23384,16636,16985
23385,-13053,15954
23386,-6905,-15782
23387,27898,-8609
23388,2297,19030
23389,6390,-15778
23390,19693,11865
23391,-5904,18001
23392,-11018,-11689
23393,15599,-7589
23394,8427,16979
23395,-19211,6736
23396,-3849,-19878
23397,18670,2649
23398,-4879,23118
23399,-18182,-6574
23400,14579,-14758
23401,-17156,7767
23402,-12030,-19871
23403,18681,-3485
23404,248,22105
23405,-22269,600
23406,9471,-16799
23407,20725,12891
23408,-8966,16979
23409,-15102,-16804
23410,13564,-13725
23411,4346,21081
23412,-2820,-16798
23413,16628,4704
23414,-5897,21078
23415,-18176,-10660
23416,11515,-17819
23417,13557,15966
23418,-19201,16982
23419,-7933,-11684
23420,23800,-1443
23421,4342,19028
23422,-17153,-7592
23423,11514,-14752
23424,-12032,14937
23425,-15096,-12704
23426,14593,-11674
23427,14586,20061
23428,-18173,8793
23429,1282,-22939
23430,21752,2660
23431,-8963,21082
23432,-16123,-10656
23433,15614,-10650
23434,10489,16990
23435,-2821,-22934
23436,21745,-1429
23437,1264,16995
23438,-22277,-4506
23439,4345,-16785
23440,17649,18023
23441,-3853,23132
23442,-8968,-15772
23443,18671,-3482
23444,9451,20061
23445,-21258,3676
23446,5364,-18842
23447,-1803,25178
23448,-18178,-9633
23449,17654,-15769
23450,12528,8803
23451,-21253,7776
23452,-2819,-17815
23453,19700,-406
23454,-2826,19041
23455,-22271,-2461
23456,10492,-15765
23457,21746,11878
23458,-16134,-17809
23459,16626,-2447
23460,8430,21095
23461,-18185,-408
23462,5365,-18830
23463,16621,8814
23464,-9998,22116
23465,-15110,-15764
23466,17650,-14732
23467,14571,14957
23468,-22282,14950
23469,4340,-15762
23470,13550,19045
23471,-18185,-7575
23472,11506,-14735
23473,20712,9837
23474,-19214,7786
23475,-11016,-20875
23476,16624,-6535
23477,10475,23150
23478,-22282,-2448
23479,3317,-23940
23480,14574,3707
23481,-16138,-9600
23482,17646,-12665
23483,13544,18047
23484,-16144,7804
23485,239,-20857
23486,20709,-5494
23487,-5912,24191
23488,-28426,-4478
23489,6387,-11640
23490,19690,21118
23491,-19212,14967
23492,-4873,-20862
23493,10482,19065
23494,-22275,-390
23495,7418,-20859
23496,19697,5763
23497,-7947,29301
23498,-16131,-14723
23499,22770,-11645
23500,8430,22137
23501,-20232,5751
23502,-1799,-19839
23503,22766,-5500
23504,-26373,-3450
23505,10486,-15730
23506,23787,10889
23507,-18188,16002
23508,-15108,-20851
23509,13558,-5488
23510,5364,29314
23511,-21249,-6522
23512,7420,-19824
23513,20722,9868
23514,-9993,22146
23515,-18176,-14710
23516,15609,21120
23517,-23291,14969
23518,-2809,-24954
23519,25851,2693
23520,-772,23162
23521,-21241,-10624
23522,14592,-15736
23523,17656,18048
23524,-20222,13946
23525,-17141,-15742
23526,24831,-381
23527,-13050,-8568
23528,4356,-21869
23529,18683,-5482
23530,-9984,23179
23531,-5885,-23913
23532,22776,-16736
23533,11507,23189
23534,-27391,9873
23535,-766,-19813
23536,23799,-8544
23537,-4870,18072
23538,-25337,-4453
23539,19710,19090
23540,-23286,12940
23541,-9969,-25959
23542,19718,-7523
23543,-761,22163
23544,-24301,-4458
23545,-2795,-21855
23546,25865,8861
23547,-6899,28304
23548,-18154,-17767
23549,30983,-14687
23550,-27371,8861
23551,-1770,-22871
23552,23819,-2389
23553,-756,26271
23554,-28390,-7517
23555,11541,-20818
23556,29959,11945
23557,-24301,6822
23558,-13030,-24909
23559,16658,-5450
23560,5392,28329
23561,-24292,-1366
23562,28942,13988
23563,-6894,28311
23564,-16102,-11619
23565,6423,-20824
23566,10514,26268
23567,-22243,9880
23568,-2785,-16735
23569,36110,1696
23570,-14059,28307
23571,-27357,-8552
23572,15644,-19806
23573,-20186,22168
23574,-16082,-19806
23575,26913,-9561
23576,11548,28314
23577,-4833,-9569
23578,2334,-27987
23579,22803,8873
23580,-22242,24222
23581,-16090,-13659
23582,25882,-16722
23583,16658,23203
23584,-28384,6816
23585,27923,-4445
23586,-7913,19098
23587,-30426,-4451
23588,13600,-17754
23589,21782,21148
23590,-32474,11927
23591,-19152,-26971
23592,33056,5795
23593,8476,28310
23594,-26327,5780
23595,1320,-24927
23596,-7892,37519
23597,-9935,-8556
23598,27940,-18786
23599,4386,34446
23600,-19156,6795
23601,-5841,-24936
23602,25891,1687
23603,-9944,30345
23604,-23244,4743
23605,18731,-17776
23606,31004,22150
23607,-9951,-7542
23608,13595,-3444
23609,282,35451
23610,-30423,-1412
23611,6438,-29045
23612,28952,6792
23613,-7908,29306
23614,-31444,-12671
23615,14629,-28017
23616,1316,33407
23617,-34507,20086
23618,-1738,-22910
23619,-17089,25206
23620,-25268,-7558
23621,12614,-24953
23622,23867,13953
23623,-15037,21111
23624,-27311,-15745
23625,31042,-9596
23626,20792,29302
23627,-11970,4724
23628,2365,-35194
23629,28975,15999
23630,-17096,31344
23631,17712,-18822
23632,14633,30316
23633,-22220,12902
23634,5426,-25997
23635,33058,-7561
23636,-15062,6772
23637,-35524,-8583
23638,7481,-14719
23639,24877,27252
23640,-22216,13934
23641,-16064,-23942
23642,7485,25198
23643,-29364,-2448
23644,-12973,-34175
23645,24903,17017
23646,-9908,33385
23647,-18091,-22923
23648,28999,-18817
23649,4421,31344
23650,-30380,14953
23651,-11942,-39299
23652,41286,-1410
23653,-4791,31343
23654,15682,-29058
23655,34098,14967
23656,-16070,15984
23657,-18109,-30081
23658,27958,-7549
23659,-2760,30325
23660,-23228,19052
23661,1347,-30085
23662,30005,8823
23663,-2761,25195
23664,-20159,-15757
23665,18744,29285
23666,-34487,19036
23667,-4788,-34195
23668,38202,2668
23669,2361,20067
23670,-30392,-5530
23671,12610,-32138
23672,16698,9842
23673,-16062,28261
23674,-25265,-21904
23675,34111,-6540
23676,10554,39521
23677,7479,-45448
23678,28969,18032
23679,-8914,28259
23680,-35520,3682
23681,21814,-37259
23682,16686,31334
23683,-19144,25178
23684,-1735,-35220
23685,41253,-19850
23686,-4824,6771
23687,-34503,-7561
23688,33065,26219
23689,-11985,23136
23690,-10955,-18838
23691,28967,-16781
23692,9507,6768
23693,-26320,-2446
23694,-6860,-30079
23695,5426,17017
23696,-12999,40550
23697,-7875,-10644
23698,32046,-27014
23699,12584,29292
23700,-6868,-35202
23701,27935,-2432
23702,-736,34416
23703,-31440,10859
23704,33056,-8592
23705,33040,20071
23706,-13033,10850
23707,-23261,-29071
23708,18714,-3469
23709,4376,28262
23710,-32472,8802
23711,33048,4704
23712,-12002,35407
23713,-24278,-10667
23714,12580,-24990
23715,13598,25174
23716,-30419,12880
23717,-5840,-23972
23718,39197,3675
23719,-7903,31308
23720,-32463,-12717
23721,14634,-24992
23722,20768,607
23723,-31440,-14745
23724,17704,-408
23725,11555,35415
23726,-35531,1622
23727,3380,-35224
23728,29990,3687
23729,-6870,28250
23730,-25289,-20891
23731,19758,-25998
23732,28960,28261
23733,-17111,23130
23734,33049,-21915
23735,280,15966
23736,-38613,-10652
23737,5417,-21905
23738,36120,20070
23739,-33495,22108
23740,-22220,-24983
23741,27943,-22923
23742,21789,24170
23743,-36561,10853
23744,-9932,-36233
23745,37154,9843
23746,-32462,-20866
23747,13612,-35184
23748,22817,22150
23749,-29392,18046
23750,-10954,-25973
23751,17710,-5490
23752,-4815,33406
23753,-21188,20085
23754,16692,-10629
23755,34084,11894
23756,-22225,15983
23757,21797,-15753
23758,12575,27242
23759,-33488,13924
23760,5422,-23952
23761,33054,-2446
23762,3357,31331
23763,-25302,-14741
23764,13604,-25992
23765,10527,22126
23766,-35535,15975
23767,-718,-31113
23768,37152,2678
23769,-27346,1653
23770,4396,-32123
23771,24864,-378
23772,-30417,15999
23773,-20167,-24948
23774,19760,-5489
23775,22821,34431
23776,-21200,11898
23777,-7884,-32118
23778,27943,3721
23779,-18128,36472
23780,8492,-23932
23781,27935,28279
23782,-20183,25195
23783,6438,-13710
23784,32023,-14726
23785,-2791,20081
23786,-27353,-10633
23787,8483,-27003
23788,24855,19068
23789,-19167,26224
23790,-6875,-12681
23791,22810,-23933
23792,-26329,-4474
23793,4389,-35176
23794,27928,8852
23795,-12002,37506
23796,-21207,-14710
23797,19744,-26984
23798,22805,26252
23799,-21216,13958
23800,-21205,-17777
23801,21793,-13674
23802,-14040,37508
23803,17696,-21873
23804,39181,-2415
23805,-19177,22151
23806,-29402,-23917
23807,42258,-13670
23808,22791,31371
23809,-26348,8839
23810,-3818,-14705
23811,34054,4749
23812,-5879,29311
23813,-26346,-14713
23814,25866,-21870
23815,-24298,19081
23816,-13027,-9586
23817,33037,-3440
23818,5387,31361
23819,-24297,-1406
23820,14608,-24945
23821,27907,2702
23822,-22258,11913
23823,-20200,-24938
23824,20750,-3432
23825,6411,39557
23826,5385,-30060
23827,30970,4754
23828,-1797,28293
23829,-26360,-16754
23830,263,-20839
23831,24827,22159
23832,-26360,12937
23833,-4853,-21868
23834,34043,-13669
23835,1274,26255
23836,-26361,-6509
23837,2310,-29022
23838,-9973,24215
23839,-23273,-15713
23840,33031,-16728
23841,17663,16033
23842,-19191,-2397
23843,-2805,-33100
23844,31996,5810
23845,-8959,35489
23846,-23283,-15703
23847,17669,-22859
23848,20731,16046
23849,-22266,-22854
23850,15615,-10560
23851,-3839,24245
23852,-29424,13999
23853,9484,-20806
23854,38138,19121
23855,-16126,18089
23856,-20212,-23883
23857,21762,-13636
23858,11517,23217
23859,-18170,15018
23860,-4855,-22858
23861,-3829,31399
23862,-24297,-4438
23863,19726,-30023
23864,23811,27308
23865,-29422,24225
23866,-14055,-20820
23867,33033,-10574
23868,5383,25254
23869,-20207,2725
23870,13579,-26957
23871,20737,10926
23872,-18166,-19784
23873,25854,-17727
23874,13560,27316
23875,-21245,9904
23876,-2811,-27970
23877,23802,-1345
23878,-3844,20150
23879,-29429,-4423
23880,11526,-12608
23881,-1785,33456
23882,-17136,23205
23883,5390,-23887
23884,-753,25253
23885,-32481,-4440
23886,5405,-23884
23887,18708,8880
23888,-7912,22182
23889,-13025,-5463
23890,41227,-4436
23891,19714,21154
23892,-14071,-6490
23893,-1782,-33097
23894,18689,1718
23895,-19189,-4423
23896,18690,-14655
23897,19705,15034
23898,-11009,15027
23899,-12027,-21826
23900,13567,-11580
23901,-16121,15037
23902,-28395,700
23903,14606,-10558
23904,23811,8894
23905,-14070,19125
23906,-14063,-17730
23907,6414,15031
23908,-23270,6836
23909,-9953,-17731
23910,26898,11960
23911,-4843,29354
23912,-14052,-13647
23913,16660,-24898
23914,11535,19125
23915,-24293,13999
23916,-10975,-18759
23917,20759,15026
23918,-8932,5808
23919,4378,-19782
23920,20752,-325
23921,-14057,16052
23922,-20191,-18754
23923,24853,-17721
23924,5395,29369
23925,-22242,6838
23926,-1761,-19776
23927,17687,-2366
23928,-8932,6847
23929,-20186,-19767
23930,9506,19136
23931,-25297,20151
23932,-11979,-19775
23933,25897,-5436
23934,6438,23225
23935,-23246,-4420
23936,3377,-18746
23937,15658,11969
23938,-13007,20152
23939,-13000,-7492
23940,36135,5818
23941,-19151,697
23942,-4812,-23867
23943,21802,1732
23944,-10960,27319
23945,-17095,-2375
23946,11572,-19773
23947,14637,12989
23948,-7887,5819
23949,-4812,-27959
23950,25896,-1334
23951,-15056,25278
23952,-25283,701
23953,24881,11960
23954,-5836,14002
23955,-19138,-13639
23956,20788,-13632
23957,10543,21174
23958,-29378,-1353
23959,-4799,-16704
23960,19768,11963
23961,-8899,28334
23962,-28341,-9549
23963,11590,-17732
23964,-21167,18100
23965,-4780,-14660
23966,20810,-5441
23967,-693,29361
23968,-17068,-2381
23969,21834,-15685
23970,20800,11958
23971,-15032,18094
23972,-17071,-24901
23973,20807,-3395
23974,7492,33453
23975,-17075,3756
23976,22850,5802
23977,-2748,17058
23978,-29357,-18772
23979,338,-19786
23980,25926,4788
23981,-2744,28327
23982,-18095,-3415
23983,-2733,-20812
23984,19786,2739
23985,-11952,23208
23986,-17063,-1367
23987,20815,4775
23988,1358,20126
23989,-15018,-18776
23990,7507,-24907
23991,21833,7858
23992,-5812,24231
23993,-20138,-4438
23994,6483,-9553
23995,6480,11946
23996,-8875,-3412
23997,12623,-9551
23998,-4782,9901
23999,10573,7850
24000,-6831,7847
24001,13643,-11603
24002,10566,11944
24003,-6838,-7508
24004,13636,-5457
24005,-699,9899
24006,-4792,-9552
24007,8516,-2382
24008,-4793,3761
24009,-1720,-8522
24010,-12977,-1353
24011,2382,-6469
24012,-1713,9911
24013,-10923,-13634
24014,6482,5820
24015,-8873,6841
24016,342,-12608
24017,7507,5822
24018,-13990,11961
24019,-2724,-3397
24020,9560,22193
24021,-7844,5807
24022,-2722,15016
24023,349,-9555
24024,10584,9897
24025,-1703,15010
24026,6486,-9561
24027,10577,8867
24028,-8874,-348
24029,4436,-13653
24030,339,8871
24031,-5802,-13650
24032,13648,-8525
24033,2383,-11591
24034,3406,6838
24035,-7854,2741
24036,5456,-7495
24037,-1711,7862
24038,-8874,-6470
24039,7507,-2372
24040,-6825,12982
24041,-3751,-1353
24042,8533,8883
24043,-13988,10926
24044,3419,-2384
24045,-9888,-335
24046,16728,-334
24047,-1703,19113
24048,-2725,-7507
24049,24911,10920
24050,-3759,10915
24051,5455,-8536
24052,5453,11939
24053,-6831,-5466
24054,11596,-3416
24055,-1715,12962
24056,-690,10909
24057,-2736,668
24058,16712,-4449
24059,-5813,13977
24060,7496,-11617
24061,9540,11930
24062,-3770,-6498
24063,16702,-3424
24064,-2752,6813
24065,7485,-18777
24066,8505,8867
24067,2360,-10583
24068,-1735,-342
24069,20783,11941
24070,-3791,6818
24071,3376,7839
24072,-7884,9883
24073,13614,-9568
24074,4396,5790
24075,32029,-2400
24076,-11997,15001
24077,1314,-11617
24078,-2780,6812
24079,-2778,20115
24080,8482,2706
24081,-4827,20105
24082,292,-8562
24083,-9943,8842
24084,11556,-7538
24085,-11990,12936
24086,10533,-375
24087,-6871,648
24088,15650,9860
24089,-10968,8832
24090,-1751,7805
24091,5415,-2433
24092,-13010,-5502
24093,9514,-10616
24094,-4819,2695
24095,11560,6788
24096,-4821,643
24097,11558,17019
24098,-8917,-2435
24099,2346,11896
24100,2345,3703
24101,9509,9843
24102,10528,17003
24103,-13017,-2451
24104,5413,4715
24105,1316,-7569
24106,6433,9835
24107,1312,-9616
24108,23829,-3470
24109,2324,625
24110,8464,11884
24111,-3822,-3474
24112,-8937,9834
24113,4373,-10640
24114,5395,-11658
24115,11534,11889
24116,4364,-8586
24117,3339,15983
24118,-2803,-3471
24119,-21224,-6539
24120,2327,-1418
24121,5397,-13699
24122,-6887,10872
24123,2328,-12673
24124,-12002,1662
24125,-6878,4732
24126,24854,635
24127,-8933,3706
24128,-6881,8822
24129,4381,-14722
24130,-4832,-7550
24131,13594,12924
24132,-4835,-2434
24133,284,-1409
24134,10519,7804
24135,-1768,-6528
24136,-5861,2687
24137,4377,13945
24138,1304,-8578
24139,-16096,-9597
24140,-1759,6784
24141,3360,639
24142,-17111,-384
24143,8485,3711
24144,3364,-10619
24145,-5849,6786
24146,1318,-8569
24147,4388,2694
24148,-8919,-3448
24149,-3797,16001
24150,2346,-13688
24151,-6866,6789
24152,7467,4739
24153,-11983,-14709
24154,2352,5769
24155,15657,-9586
24156,-10961,10889
24157,5421,1672
24158,-1746,-14704
24159,1325,10891
24160,-7887,9863
24161,7470,646
24162,-6862,-6518
24163,6447,8838
24164,-1744,-11636
24165,3375,5770
24166,11562,-4467
24167,-16078,10888
24168,3377,5766
24169,-3789,-16753
24170,3378,10890
24171,-717,11909
24172,4401,-6519
24173,-8906,648
24174,12592,7813
24175,2351,4739
24176,-720,6784
24177,-719,-8571
24178,-4812,1668
24179,19755,5762
24180,-6865,-3452
24181,-16073,5762
24182,17711,-7546
24183,17703,3717
24184,3366,-4472
24185,-8917,-9587
24186,10534,-370
24187,6435,1677
24188,-732,11912
24189,5410,-2422
24190,3361,-8561
24191,-13016,3726
24192,9508,653
24193,8480,-5488
24194,3359,-4461
24195,-4830,1682
24196,7455,5776
24197,-4830,-1391
24198,-10968,1680
24199,7461,-4461
24200,2340,1682
24201,7457,20105
24202,-1758,-15727
24203,-14039,5775
24204,16673,-368
24205,-1758,-1391
24206,-8921,-366
24207,-1752,10893
24208,10531,-8558
24209,-9944,5776
24210,1319,9868
24211,-728,-12653
24212,-3798,17035
24213,2345,-1396
24214,-8914,-9583
24215,5420,13963
24216,3371,2698
24217,8487,-1397
24218,2342,-9584
24219,-7894,10891
24220,9510,-7537
24221,3365,-4462
24222,-6871,7823
24223,6438,-5486
24224,-3800,-2412
24225,-4821,1683
24226,12581,3730
24227,-1754,-365
24228,-10964,-2411
24229,1323,-362
24230,15652,11921
24231,-4825,-4460
24232,-5846,1683
24233,4392,3730
24234,-13009,-4459
24235,6444,3732
24236,13606,-1387
24237,-3800,1684
24238,-5845,-13669
24239,8487,18067
24240,2342,12941
24241,3365,7818
24242,3364,-8561
24243,4386,18055
24244,2337,-9588
24245,-1758,-4465
24246,-2780,1678
24247,1315,6795
24248,19738,-1396
24249,-4835,2699
24250,-9950,3722
24251,3361,7815
24252,-9946,-4470
24253,11553,4744
24254,-734,3719
24255,-5851,1670
24256,2340,9858
24257,-8919,-10616
24258,-6867,-375
24259,3372,2696
24260,1323,-21869
24261,6440,-7529
24262,12578,11922
24263,-10968,-365
24264,11555,-11623
24265,-8920,8853
24266,295,1684
24267,7460,659
24268,-9943,-6505
24269,-6867,-4454
24270,8489,8854
24271,2344,-10596
24272,295,4762
24273,-728,13972
24274,9508,-2410
24275,6433,7827
24276,4383,-12646
24277,-1760,6807
24278,7453,5781
24279,10520,-11621
24280,279,2714
24281,-4838,8854
24282,9494,-6502
24283,-15074,4760
24284,4380,3735
24285,3355,-3431
24286,9495,-2405
24287,1302,-6497
24288,-5863,13977
24289,7446,2712
24290,1301,-13665
24291,-2793,8859
24292,8467,13973
24293,5393,-10597
24294,-8938,11926
24295,5396,6803
24296,4370,-4458
24297,-7914,3733
24298,-8933,-12644
24299,8471,11927
24300,-744,-1384
24301,-20190,-1383
24302,6431,2712
24303,12569,-3430
24304,-9954,7831
24305,-8925,5781
24306,11550,-8550
24307,-1761,3737
24308,286,9877
24309,-2784,2708
24310,7453,5778
24311,-2785,-11624
24312,-736,4758
24313,11547,6803
24314,-4834,-2411
24315,-6878,5779
24316,13596,-6505
24317,-2786,2710
24318,2333,8850
24319,284,-7530
24320,-6880,4756
24321,-7900,-2410
24322,15645,-2408
24323,-4832,8852
24324,14617,2707
24325,5399,-15717
24326,2326,6808
24327,1301,-3430
24328,-9958,665
24329,15635,664
24330,-8936,1687
24331,14609,-360
24332,13579,663
24333,-756,-4454
24334,-4849,3737
24335,9483,-8546
24336,-2803,4764
24337,11528,5786
24338,-4853,5784
24339,2314,8852
24340,-5875,-9575
24341,5387,5783
24342,1290,-6501
24343,1289,6808
24344,-10993,-2406
24345,16647,-4451
24346,-16113,7834
24347,4365,7831
24348,8457,-5478
24349,-7923,6807
24350,3340,8851
24351,8456,-4458
24352,-15088,1685
24353,5390,2708
24354,-1777,-7528
24355,270,-3430
24356,-1777,-357
24357,5389,8855
24358,268,-3431
24359,-12014,6806
24360,11533,6803
24361,3340,-9576
24362,-2802,1687
24363,7435,-360
24364,-2803,663
24365,-4848,-2407
24366,10507,1688
24367,9479,14993
24368,3334,-14695
24369,-4855,-6499
24370,8453,2716
24371,-3833,4762
24372,-3831,-1381
24373,-758,8855
24374,7431,-360
24375,-1784,-4453
24376,3335,3738
24377,5381,-7522
24378,8449,10905
24379,-5884,5783
24380,-5881,11922
24381,-760,-9577
24382,1287,5781
24383,6404,-6503
24384,-3834,664
24385,15615,11923
24386,254,3730
24387,4348,12940
24388,-4865,-5489
24389,-1792,7820
24390,-4861,6793
24391,-7929,-11633
24392,6404,4749
24393,7425,-5488
24394,-3837,-4461
24395,8447,8847
24396,3326,-7533
24397,-3840,9871
24398,8444,-368
24399,-6912,-2414
24400,3327,3729
24401,5373,2704
24402,252,-1391
24403,-9983,9869
24404,2304,-6511
24405,-4861,1680
24406,9471,1679
24407,2302,-5486
24408,-4863,11917
24409,8445,-2417
24410,-8958,-4462
24411,6399,5776
24412,6396,-6508
24413,2299,-5481
24414,-5890,2710
24415,253,1685
24416,6394,-9574
24417,-773,5784
24418,10486,1687
24419,-6918,-11619
24420,-6914,7834
24421,7419,-4451
24422,-1796,-14683
24423,-2818,11936
24424,-2816,10907
24425,10491,4761
24426,-9984,1688
24427,-4861,663
24428,10494,-1384
24429,-7934,-4453
24430,9470,8855
24431,10489,-2407
24432,-12033,-358
24433,3326,4760
24434,-769,-4453
24435,-1792,4761
24436,3327,1688
24437,6396,12946
24438,-6912,-4459
24439,-4861,5779
24440,4353,-7529
24441,-766,1686
24442,9470,8850
24443,-6910,-3436
24444,-3836,7825
24445,7425,-5484
24446,-5884,-1387
24447,-4857,-5480
24448,8451,9876
24449,5377,-4457
24450,-12025,4757
24451,7428,2708
24452,-1787,-8551
24453,-3833,9877
24454,3334,5779
24455,-9973,-5482
24456,1290,7827
24457,6407,-4458
24458,-5878,661
24459,-1781,-3433
24460,-1780,11922
24461,-5873,-5483
24462,-3823,-362
24463,13579,1685
24464,-1780,-2409
24465,-3826,11922
24466,9482,-4459
24467,-3828,-4456
24468,-3826,8852
24469,9482,-4457
24470,9478,3734
24471,-2808,-2408
24472,-5877,5782
24473,5385,-3432
24474,-7923,-2406
24475,7434,8854
24476,14595,-3432
24477,-8952,8852
24478,8452,5778
24479,-4857,-365
24480,-5878,11918
24481,7431,-8557
24482,10498,-2411
24483,-5883,660
24484,6402,8848
24485,7423,-4461
24486,-12027,12941
24487,4355,-370
24488,-764,-12651
24489,2307,1684
24490,258,659
24491,-6906,2706
24492,3333,11917
24493,-4856,8841
24494,6405,-7539
24495,1284,1676
24496,8448,12934
24497,10491,-3448
24498,-3843,-1399
24499,2300,5767
24500,7417,-3447
24501,-8962,-2421
24502,5372,4745
24503,8440,1672
24504,-8963,3719
24505,-8958,-3447
24506,-1789,11908
24507,10494,-6520
24508,1277,-5493
24509,2300,7816
24510,-5889,-375
24511,-7933,1672
24512,6400,5766
24513,-11002,-9589
24514,4356,1674
24515,13566,-3444
24516,6395,3723
24517,-12031,-2419
24518,4351,3724
24519,5373,-8559
24520,-2817,8845
24521,2302,7818
24522,-7934,-2420
24523,1281,12934
24524,-6907,-1401
24525,3332,646
24526,259,-377
24527,4353,-2423
24528,-6907,-6515
24529,1284,10888
24530,3331,-2422
24531,-10999,-373
24532,4359,-4466
24533,5381,-6510
24534,-3833,4752
24535,10498,-1391
24536,-5883,-3437
24537,-8950,-2411
24538,9478,660
24539,2309,7825
24540,12543,-2413
24541,-9980,2706
24542,-2810,10893
24543,3333,-3441
24544,-2809,654
24545,-760,5772
24546,8452,1675
24547,-4857,-2419
24548,-3831,6794
24549,9477,2697
24550,-1786,-3445
24551,-761,-5490
24552,-5878,2701
24553,4360,4747
24554,1287,-3443
24555,-760,1676
24556,5382,2699
24557,-2808,-9584
24558,7429,4750
24559,5379,-5487
24560,-1788,4751
24561,6401,1678
24562,6398,3725
24563,-8957,-6511
24564,1282,5775
24565,6399,-6509
24566,-2815,1682
24567,7422,7823
24568,-5887,-4462
24569,4351,1681
24570,2302,-2413
24571,-7934,658
24572,7423,-1389
24573,254,-3435
24574,-1793,-1386
24575,-768,8850
24576,7421,2705
24577,-5888,2704
24578,6397,655
24579,-5888,-2415
24580,-4861,7822
24581,258,-5487
24582,-7930,656
24583,9474,-367
24584,5376,-2413
24585,-767,-1388
24586,-4860,3731
24587,7425,-1388
24588,-1790,-3434
24589,-3836,12944
24590,4354,-7532
24591,1281,-9575
24592,-766,11924
24593,2305,10895
24594,4351,-6509
24595,-4862,-3435
24596,257,7826
24597,-3837,6799
24598,7424,654
24599,-767,-1393
24600,-13048,7820
24601,10499,4746
24602,11518,-7538
24603,-6910,-369
24604,9470,9867
24605,253,-2419
24606,-4864,-3441
24607,1279,3726
24608,7420,2701
24609,11511,1676
24610,-13058,651
24611,-5887,6792
24612,14586,-3446
24613,249,9862
24614,-5892,7811
24615,7417,-3451
24616,-774,-378
24617,-7938,7811
24618,6395,642
24619,-3843,-1405
24620,-4864,-6521
24621,3327,646
24622,10490,4740
24623,5368,-11638
24624,247,10885
24625,4341,-2425
24626,-14084,-376
24627,4346,9860
24628,4344,-4473
24629,-6916,-6517
24630,251,11910
24631,-2819,1669
24632,14582,5763
24633,-8965,-6521
24634,-2819,-376
24635,-3841,-8563
24636,-7933,-3441
24637,258,8843
24638,4352,-4466
24639,-7932,4748
24640,10495,7817
24641,3326,-3445
24642,-7934,6792
24643,-6906,-5493
24644,1285,-3443
24645,-2809,2700
24646,7428,6793
24647,7425,-3445
24648,-766,12933
24649,-1789,644
24650,-8952,2691
24651,8452,3714
24652,-6904,-4475
24653,-7924,3716
24654,3339,-2426
24655,-756,-6518
24656,-3826,5768
24657,5388,-9587
24658,1291,4747
24659,6408,-2419
24660,-4853,652
24661,7432,3723
24662,3335,-1396
24663,-760,12934
24664,-3830,-4471
24665,-3828,5767
24666,-3826,6788
24667,3341,-7544
24668,-6895,-1399
24669,8461,2696
24670,-4848,-5493
24671,5390,6792
24672,1293,-2422
24673,-3825,11909
24674,-1776,-2425
24675,-7916,-2423
24676,10511,-1398
24677,10506,12932
24678,-757,-379
24679,-2803,2692
24680,-1778,-9591
24681,-4847,1672
24682,4367,2695
24683,5389,-7541
24684,-2801,5769
24685,7436,2696
24686,-3826,-1399
24687,269,7814
24688,8457,2693
24689,1288,1668
24690,-5877,-5497
24691,-2803,6788
24692,4363,-8567
24693,-756,1672
24694,5386,5766
24695,9478,-3448
24696,-4855,-375
24697,3336,7814
24698,4358,-3448
24699,-6902,-1399
24700,-6898,-8562
24701,-2800,4748
24702,2319,-371
24703,5389,1676
24704,-5872,6793
24705,7437,1672
24706,-4848,1671
24707,-3822,646
24708,6415,-4471
24709,-9964,-374
24710,1299,-2420
24711,5393,-6512
24712,-4844,-2414
24713,4370,8846
24714,6415,-3440
24715,-8940,4750
24716,275,1677
24717,-3819,-8558
24718,4371,3729
24719,4369,-1390
24720,-750,-7530
24721,4368,6803
24722,-2798,-364
24723,5392,-363
24724,-5869,-7527
24725,1298,2712
24726,7439,-2406
24727,3342,-4451
24728,269,4763
24729,2316,3738
24730,267,-6498
24731,-4850,-2400
24732,3341,8860
24733,4363,-1379
24734,-4850,1692
24735,-4847,-3426
24736,-4844,4764
24737,8464,667
24738,1295,-5474
24739,-1776,4764
24740,7437,-355
24741,-2801,668
24742,-752,4762
24743,4366,665
24744,-5871,-6499
24745,2320,5787
24746,-751,4761
24747,10508,-1382
24748,-8943,-357
24749,5391,5785
24750,1294,664
24751,-4847,1687
24752,1296,4757
24753,-2798,-7527
24754,-6890,2712
24755,3349,663
24756,1300,-5478
24757,-7912,-6498
24758,1303,3741
24759,-3815,5787
24760,1304,-1380
24761,-4837,-3426
24762,-740,5788
24763,2331,7833
24764,1306,-3429
24765,-7906,7832
24766,-737,5782
24767,-2783,-3432
24768,-5852,-3430
24769,-731,-2404
24770,-3801,3739
24771,3366,6808
24772,-2776,-9571
24773,-1751,2716
24774,3368,1691
24775,7461,-356
24776,-6871,1691
24777,296,5785
24778,6437,-3429
24779,6434,-356
24780,-733,7833
24781,-7897,1688
24782,4389,7829
24783,6434,-362
24784,3361,-5479
24785,-2781,7830
24786,4385,11921
24787,-734,-3437
24788,-6874,-364
24789,2341,659
24790,6434,-4458
24791,-2780,-361
24792,-2778,2710
24793,-1753,7827
24794,4389,-3435
24795,-5848,5779
24796,3367,658
24797,-2775,-3436
24798,-6867,2707
24799,3372,-3435
24800,-1747,2708
24801,5419,-1387
24802,298,-4456
24803,2345,3735
24804,4391,4757
24805,7460,2708
24806,-5849,1683
24807,6436,4753
24808,-3802,-366
24809,-7894,3729
24810,3369,-366
24811,-2773,-6506
24812,4393,5780
24813,7462,-1387
24814,1317,-2409
24815,-1754,-2407
24816,-6870,-1382
24817,6439,2713
24818,4389,664
24819,-7895,-3430
24820,-1750,665
24821,9510,-2405
24822,-3800,-1380
24823,2343,-355
24824,4389,8857
24825,2340,-5476
24826,-6872,-1379
24827,-2774,-354
24828,-6866,4764
24829,8490,7833
24830,2345,-1382
24831,-2773,3737
24832,-2771,1688
24833,2348,663
24834,-3794,-7525
24835,-1745,2714
24836,2350,1689
24837,1325,664
24838,5419,663
24839,-4818,-1384
24840,-1745,-1383
24841,6444,4759
24842,1323,-3431
24843,-6865,4759
24844,3374,2710
24845,5420,-4455
24846,-1747,-5476
24847,2348,7833
24848,5418,1688
24849,-2772,663
24850,299,-5478
24851,-6865,-2404
24852,1326,2715
24853,6443,1690
24854,2346,-1381
24855,-4819,5785
24856,6442,3736
24857,-5843,-4453
24858,-4816,1690
24859,5422,2713
24860,2349,-7523
24861,6442,-4448
24862,-725,3743
24863,7464,6812
24864,-727,-3426
24865,296,8858
24866,295,-2404
24867,-3799,2715
24868,5415,7832
24869,-4822,663
24870,1321,8851
24871,-726,-364
24872,-3796,6801
24873,-723,8845
24874,3372,-1394
24875,-2770,6795
24876,3373,3722
24877,-5840,-373
24878,2351,6792
24879,1326,-3446
24880,-6862,2697
24881,4400,648
24882,-2766,-1399
24883,-4811,3720
24884,-1738,3719
24885,4404,-2423
24886,1331,1672
24887,3378,2695
24888,5424,-6517
24889,-2766,3722
24890,7471,-1397
24891,-720,2698
24892,2351,4744
24893,4397,647
24894,-4816,646
24895,-3790,7811
24896,1329,6784
24897,3376,-2430
24898,-719,-5499
24899,304,4739
24900,4398,2690
24901,1325,-1405
24902,-9934,642
24903,3377,2689
24904,4399,2688
24905,302,-1407
24906,-7886,5759
24907,-717,-4478
24908,-716,4736
24909,13614,3711
24910,301,-1408
24911,-4816,2687
24912,-719,4733
24913,1328,1660
24914,5422,-4481
24915,-1745,2686
24916,2350,6779
24917,1325,634
24918,-2769,-2436
24919,4397,-1411
24920,-3793,5755
24921,302,4729
24922,1325,4727
24923,3372,-6533
24924,-1747,-2435
24925,300,4731
24926,4394,4729
24927,-1749,-3461
24928,-3795,-1412
24929,3372,3707
24930,-1747,1658
24931,3372,5752
24932,2347,-1415
24933,-3795,-3461
24934,-722,-388
24935,4396,4730
24936,4394,633
24937,-5843,632
24938,-2769,3703
24939,3374,1654
24940,6443,-1417
24941,-724,-1416
24942,299,2679
24943,-724,2678
24944,2347,5748
24945,9511,-1419
24946,-728,628
24947,-2774,5746
24948,-725,5744
24949,6440,-1423
24950,-1751,-3469
24951,296,6768
24952,1319,6765
24953,-2775,4715
24954,8485,-1428
24955,1316,619
24956,-3802,-2451
24957,293,5739
24958,3364,-3475
24959,4386,-2449
24960,-2780,-1424
24961,291,3695
24962,4385,-3471
24963,2336,-5516
24964,-6876,3699
24965,-1755,-2443
24966,-4824,1652
24967,6437,3699
24968,3364,-396
24969,-3802,1651
24970,-2776,1650
24971,6437,-1421
24972,-730,-1420
24973,-3800,-4489
24974,-1751,2678
24975,3368,4724
24976,-727,5746
24977,3368,625
24978,3367,-1422
24979,-3799,1649
24980,296,3696
24981,6437,-2446
24982,-2777,-1421
24983,-3799,4721
24984,3368,624
24985,3367,-399
24986,-1752,624
24987,1319,7789
24988,-2775,1644
24989,1320,-403
24990,295,-4496
24991,294,5742
24992,1317,5740
24993,1316,-4497
24994,-731,622
24995,-1754,6763
24996,2341,-1428
24997,3364,-4497
24998,-4825,622
24999,-2775,-4495
25000,-2773,2672
25001,3370,3695
25002,297,622
25003,-2773,-2448
25004,298,3695
25005,5416,622
25006,3367,-401
25007,-2775,2670
25008,4391,3693
25009,-1752,-2449
25010,-2774,622
25011,-3796,621
25012,2347,5739
25013,4393,1642
25014,-726,-405
25015,-4819,7784
25016,2348,-1431
25017,-723,-1430
25018,300,4712
25019,3371,-407
25020,-2771,616
25021,-722,4710
25022,-721,1637
25023,6444,-1434
25024,-1747,-409
25025,6442,2662
25026,1321,613
25027,-1750,4707
25028,6439,1634
25029,-4822,609
25030,2345,2656
25031,-5844,2655
25032,-1747,1630
25033,1324,3677
25034,2347,-418
25035,-2771,-3488
25036,-3793,2655
25037,4397,-1440
25038,2348,2655
25039,1323,5725
25040,5417,604
25041,-3797,-1443
25042,298,604
25043,5416,-419
25044,-1751,-1442
25045,296,-417
25046,-2774,5725
25047,297,-418
25048,-726,-2464
25049,-3796,3679
25050,2347,4701
25051,1322,-3489
25052,-4819,606
25053,4395,3677
25054,2346,604
25055,-4819,5722
25056,3372,3673
25057,2347,600
25058,298,-5541
25059,297,3674
25060,4391,-1445
25061,-1752,602
25062,3367,5720
25063,294,-423
25064,-729,5719
25065,1318,598
25066,-2776,3669
25067,295,-426
25068,3366,-1449
25069,-1753,2646
25070,2342,1621
25071,293,-4520
25072,1316,4694
25073,3363,597
25074,-2779,2644
25075,4387,3667
25076,-1756,594
25077,-1755,6735
25078,1316,-3503
25079,-731,1616
25080,-2777,-431
25081,4389,3664
25082,2340,591
25083,-2778,2638
25084,2341,2637
25085,-2777,-3505
25086,-728,2638
25087,6437,1613
25088,-730,588
25089,293,6729
25090,2340,2632
25091,2339,583
25092,-1756,-2487
25093,291,584
25094,3362,4678
25095,3361,-2488
25096,-4828,1607
25097,291,3654
25098,-732,-441
25099,2339,-1464
25100,-2779,7749
25101,-730,2628
25102,5412,-1467
25103,5410,580
25104,-733,-443
25105,-732,4675
25106,2339,578
25107,2338,-4539
25108,-733,2628
25109,290,2627
25110,1313,578
25111,-2781,1601
25112,3362,3648
25113,4384,-2494
25114,5406,-445
25115,-1761,578
25116,-1760,4672
25117,1311,-1471
25118,-3807,-2493
25119,-734,1602
25120,4384,1601
25121,4382,-446
25122,-2784,2625
25123,2335,2624
25124,2334,-1471
25125,285,576
25126,-738,-447
25127,1309,3648
25128,2332,1599
25129,-1763,-3519
25130,-1762,2624
25131,4380,575
25132,1307,-448
25133,-740,5694
25134,1307,-449
25135,-2787,574
25136,1308,3645
25137,1307,1596
25138,4377,-2498
25139,-742,1597
25140,6423,-450
25141,-744,573
25142,2327,1596
25143,1302,-1475
25144,2325,4667
25145,3348,-1476
25146,1299,3643
25147,4369,570
25148,-1774,-453
25149,-749,570
25150,1298,3641
25151,2321,-454
25152,-3821,6711
25153,3346,-456
25154,-2796,1591
25155,1299,3638
25156,-748,-4551
25157,275,2616
25158,1298,-3526
25159,1297,569
25160,272,1592
25161,3343,-1479
25162,1294,568
25163,269,1591
25164,268,-3527
25165,1291,4663
25166,3338,-1480
25167,2313,-455
25168,3336,2616
25169,-759,-455
25170,-758,5687
25171,2313,-456
25172,1288,-1479
25173,-2806,2616
25174,1289,2615
25175,-758,1590
25176,24830,-6598
25177,1277,25134
25178,-20217,-1489
25179,7428,-17864
25180,22777,14897
25181,-15103,14890
25182,-15095,-14798
25183,8453,20009
25184,-25326,3624
25185,-6890,-21965
25186,23819,6704
25187,-4850,22054
25188,-18153,-8661
25189,13585,-24009
25190,14602,21037
25191,-18157,11816
25192,-2795,-21965
25193,23818,-5578
25194,265,29224
25195,7430,-22988
25196,21756,9776
25197,-12030,16936
25198,-21235,-13777
25199,19716,-7629
25200,7425,21033
25201,-22260,3624
25202,-1779,-20941
25203,25857,4657
25204,-6907,18984
25205,-27373,-10706
25206,14604,17958
25207,-16108,15903
25208,-8935,-18903
25209,26892,-2517
25210,-1779,24096
25211,-22248,-1503
25212,8468,-26066
25213,19723,11817
25214,-17132,22047
25215,-18147,-14809
25216,23826,-11731
25217,9486,24098
25218,-3824,-29135
25219,24836,2608
25220,-3834,22054
25221,-22255,-12755
25222,13579,-17866
25223,17667,16942
25224,-17140,14887
25225,-8943,-20942
25226,24837,-461
25227,260,23080
25228,-23280,1575
25229,18695,10786
25230,-14066,16922
25231,-16106,-16861
25232,23819,-15829
25233,8455,17955
25234,-25324,8735
25235,-6888,-26068
25236,23821,5674
25237,-8942,25118
25238,-18149,-13787
25239,18706,-17874
25240,13580,20005
25241,-13037,-19921
25242,23816,-6605
25243,3335,24104
25244,-23277,1575
25245,9487,-27083
25246,20741,7730
25247,-13044,12844
25248,-19178,-18890
25249,17678,-8645
25250,12552,26159
25251,-26347,2606
25252,27912,2605
25253,1287,23074
25254,-22254,-11736
25255,7439,-19918
25256,11530,20009
25257,-21227,14882
25258,-7911,-22994
25259,25869,-6606
25260,2316,26150
25261,-24296,-4567
25262,8468,-22987
25263,17676,10800
25264,-18155,-15816
25265,27912,23085
25266,-5877,21027
25267,-24297,-19923
25268,24843,-16842
25269,10502,32295
25270,-26349,10786
25271,-2795,-28112
25272,28935,3631
25273,-3831,29217
25274,-22252,-5596
25275,20746,15901
25276,-22251,15894
25277,-14052,-18912
25278,40201,-10714
25279,3336,29208
25280,-26347,-487
25281,9489,-26074
25282,24837,14879
25283,-16115,24084
25284,-23271,-20961
25285,20751,-13786
25286,16647,29208
25287,-5878,-32216
25288,31995,-2518
25289,-1796,26142
25290,-26359,-8669
25291,10500,-21970
25292,20730,20005
25293,-20220,19996
25294,-10998,-20953
25295,37112,-4566
25296,9460,24095
25297,-30461,-3551
25298,29941,11804
25299,-14084,25104
25300,-23288,-13801
25301,22781,-21982
25302,19700,26134
25303,-28414,13840
25304,-7930,-30177
25305,23803,-6621
25306,-11007,31252
25307,-23283,-10726
25308,21763,-29143
25309,19706,20000
25310,-15102,-24020
25311,26869,-13773
25312,10480,26151
25313,-29441,6692
25314,5373,-24016
25315,29935,14889
25316,-7949,24094
25317,-24321,-22998
25318,24819,-18892
25319,12525,34340
25320,-29444,10783
25321,28910,-480
25322,237,28179
25323,-23303,-6633
25324,13555,-29146
25325,18666,14879
25326,-23306,22037
25327,-14083,-25054
25328,33005,-11736
25329,8425,29210
25330,-26378,1561
25331,5364,-33238
25332,27879,9766
25333,-23309,-19920
25334,21737,-12745
25335,20703,28202
25336,-25364,14883
25337,-8975,-38346
25338,28899,-4551
25339,-11031,37415
25340,-33542,-4566
25341,8438,-27080
25342,21740,18991
25343,-21257,23076
25344,26858,-13781
25345,12516,30237
25346,-38665,2588
25347,3318,-23000
25348,28904,10787
25349,-11026,30229
25350,-22279,-10725
25351,20719,-19931
25352,18662,25113
25353,-22287,9749
25354,-2829,-33242
25355,23784,-3544
25356,-28426,-5589
25357,16622,-29126
25358,25826,15923
25359,-20244,22057
25360,-9999,-27081
25361,26852,-13762
25362,5346,27185
25363,-32526,7726
25364,8430,-32194
25365,32990,8762
25366,-10013,29228
25367,20697,-26055
25368,18640,24110
25369,-21285,14887
25370,-8992,-28107
25371,26835,-3529
25372,7376,40484
25373,-14121,-6616
25374,15568,-29129
25375,28866,21037
25376,-27440,26145
25377,-18215,-22995
25378,29899,-11725
25379,-26408,7728
25380,-2854,-24004
25381,27853,3643
25382,-9006,24112
25383,-26401,-21957
25384,18646,-19899
25385,11473,35380
25386,-23331,11823
25387,-4896,-35263
25388,36047,-2493
25389,-1840,32308
25390,-815,-28094
25391,21703,9790
25392,-26412,34350
25393,-14117,-21959
25394,24783,-23995
25395,9419,28216
25396,-35619,1591
25397,220,-31161
25398,28878,8771
25399,-9005,31284
25400,-21282,-13765
25401,25810,-17852
25402,-16166,10815
25403,-12064,-26036
25404,31953,-3506
25405,-814,34366
25406,-30495,2621
25407,8413,-22967
25408,28879,12867
25409,-14122,19002
25410,-20256,-20923
25411,25812,-14771
25412,-4905,19012
25413,-4902,-22960
25414,35017,5710
25415,-3893,27201
25416,-22314,-17846
25417,22731,-25001
25418,17603,17999
25419,-22322,20038
25420,-7982,-28076
25421,27845,-2474
25422,-3897,39491
25423,-28459,-10679
25424,21707,-28073
25425,-19243,25163
25426,-29468,-21930
25427,19675,-9637
25428,10454,32332
25429,-25373,7753
25430,-2843,-32167
25431,34005,-422
25432,-10022,28237
25433,-25369,-23975
25434,20701,-17822
25435,31950,22104
25436,-14123,-28058
25437,26824,-11668
25438,4294,25184
25439,-23342,-6556
25440,7375,-30093
25441,22724,13933
25442,-18227,25185
25443,-12077,-11673
25444,30916,-7573
25445,11455,25183
25446,-28467,-14745
25447,1228,-32137
25448,-16172,24172
25449,-20258,-5521
25450,15575,-17800
25451,31944,29290
25452,-15152,9830
25453,-9003,-31114
25454,25801,-3464
25455,-2869,31337
25456,-26408,-1430
25457,6357,-14734
25458,26824,17002
25459,-27434,-14734
25460,22731,-17797
25461,11462,14964
25462,-33577,6769
25463,-808,-24962
25464,29898,8826
25465,-3892,33386
25466,-16172,-10640
25467,15565,-20869
25468,15558,18035
25469,-26413,7792
25470,-13094,-23940
25471,2265,30318
25472,-17182,5740
25473,8414,-23944
25474,23763,9844
25475,-16165,26216
25476,-18204,-14736
25477,16604,-13705
25478,14549,25195
25479,-25374,8807
25480,1249,-24972
25481,30930,627
25482,-31518,-18819
25483,8414,-20856
25484,13528,25212
25485,-20254,15989
25486,-12056,-29052
25487,21726,-9591
25488,2269,24190
25489,-25366,-1409
25490,5352,-23925
25491,24796,11910
25492,-14109,22140
25493,-14102,-15740
25494,17634,22138
25495,-32526,13940
25496,-4875,-23936
25497,22762,1663
25498,-8977,27250
25499,-21254,-5515
25500,14579,-13700
25501,21737,24177
25502,-20237,13931
25503,-14086,-23945
25504,25838,-8580
25505,-23302,3707
25506,8438,-22905
25507,26857,5765
25508,-10002,20092
25509,-15114,-14716
25510,25834,-22896
25511,5352,17032
25512,-30473,5766
25513,246,-18800
25514,28904,8844
25515,-10003,28287
25516,-23303,-17784
25517,15602,18048
25518,-17157,17016
25519,-16125,-20861
25520,19706,-4474
25521,4344,27257
25522,-22269,2680
25523,4353,-29049
25524,20727,8835
25525,-18176,21113
25526,-15096,-14719
25527,19711,-11641
25528,-17144,7812
25529,-1783,-26990
25530,27900,-1389
25531,-5889,19082
25532,-26356,-11632
25533,10503,-21861
25534,14592,20114
25535,-24308,20105
25536,-1779,-19821
25537,26880,-3435
25538,8444,26249
25539,-21241,-10609
25540,15616,11914
25541,-14073,23167
25542,-17136,-12666
25543,24836,-11636
25544,12542,21122
25545,-21239,1665
25546,264,-28017
25547,20734,6796
25548,-9981,23169
25549,-28399,-5500
25550,14602,-6520
25551,-18157,14977
25552,-13030,-24946
25553,23823,-5487
25554,-1776,20104
25555,-28386,-5493
25556,6427,-13678
25557,18706,10893
25558,-13031,25217
25559,-7907,-13688
25560,26896,-9587
25561,4366,20100
25562,-29411,-1403
25563,23826,1668
25564,-749,24185
25565,-15077,-8578
25566,17683,-15738
25567,11534,15999
25568,-19176,8827
25569,-7908,-22905
25570,17684,1670
25571,2323,26234
25572,-20195,-3460
25573,15638,-28022
25574,-15074,23167
25575,-15066,-11643
25576,17694,-10613
25577,9498,20098
25578,-13023,3713
25579,288,-13688
25580,21782,4742
25581,-8933,18046
25582,-19163,-13691
25583,16669,-16754
25584,12567,20101
25585,-16097,12927
25586,20757,-5502
25587,2324,19065
25588,-16100,-5508
25589,7449,-19834
25590,18704,12928
25591,-13033,18040
25592,-12003,-10626
25593,24849,-6526
25594,10508,24183
25595,-20202,630
25596,-2792,-23934
25597,-6884,18042
25598,-19162,-10624
25599,15647,-12665
25600,16663,16000
25601,-19167,10875
25602,-9946,-21882
25603,24858,-5495
25604,-8929,22143
25605,-21206,-384
25606,9510,-16759
25607,20764,14978
25608,-15068,13948
25609,19739,-11646
25610,5401,20089
25611,-27353,-1414
25612,8483,-25977
25613,24855,4741
25614,-5862,21115
25615,-15070,-11647
25616,16666,-14711
25617,13588,16002
25618,-17123,10877
25619,-4832,-24950
25620,2335,21120
25621,-19159,-5501
25622,11556,-15733
25623,21786,10886
25624,-13023,10881
25625,-11993,-13688
25626,20765,-4469
25627,3356,19074
25628,-22233,1665
25629,7460,-14711
25630,19739,6790
25631,-8928,20093
25632,13594,-10621
25633,8470,22137
25634,-20192,9845
25635,-2782,-17794
25636,21784,1661
25637,-1767,17013
25638,-16095,-7559
25639,12571,-17790
25640,16659,14971
25641,-16101,15988
25642,-15069,-18818
25643,2338,24179
25644,-19156,626
25645,6441,-20867
25646,22814,3708
25647,-7902,20083
25648,-20180,-10631
25649,13606,-15743
25650,12576,20088
25651,-16088,9844
25652,-6868,-15748
25653,21794,4730
25654,-6874,19057
25655,10529,-12680
25656,18712,13938
25657,-15072,17002
25658,-7900,-18828
25659,20762,-5513
25660,5400,22125
25661,-23260,-1426
25662,291,-21895
25663,23832,11892
25664,-8931,21098
25665,-13020,-18828
25666,12574,21098
25667,-19160,10853
25668,-1751,-14739
25669,20767,1644
25670,-2783,27231
25671,-21204,-6557
25672,11559,-20882
25673,16671,15975
25674,-14042,11874
25675,-10964,-16789
25676,19747,618
25677,-2779,20065
25678,6434,-18837
25679,21784,10854
25680,-14049,19037
25681,-17112,-13724
25682,14625,-9623
25683,7454,20064
25684,-24278,6749
25685,5416,-21912
25686,19743,4710
25687,-5854,22108
25688,-16086,-9631
25689,16674,13915
25690,-23250,14932
25691,-11980,-19874
25692,21802,-1441
25693,2345,23124
25694,-21196,-3498
25695,5426,-21919
25696,21800,9821
25697,-10962,18005
25698,-14027,-14755
25699,19756,-10653
25700,10535,28246
25701,1318,-22942
25702,27929,3681
25703,-1766,23126
25704,-20188,-1449
25705,15645,-19871
25706,15638,14938
25707,-18145,13908
25708,-10971,-18850
25709,23834,-1441
25710,-741,24148
25711,-23257,-1451
25712,22812,11856
25713,-8927,19015
25714,-16087,-15793
25715,19744,-13738
25716,7453,25162
25717,-21208,5704
25718,4390,-25003
25719,23835,4691
25720,-5858,24136
25721,-22231,-7604
25722,14626,-16811
25723,15643,17997
25724,-8928,-17834
25725,23829,-5543
25726,-746,24142
25727,-25309,-1457
25728,9503,-17832
25729,22804,8788
25730,-13029,17996
25731,-15069,-18858
25732,22808,-11684
25733,7445,23121
25734,-24287,3664
25735,22806,4686
25736,-6886,24131
25737,-22235,-9656
25738,14622,-17839
25739,15639,15946
25740,-22238,13892
25741,-15062,-22960
25742,22815,591
25743,2334,22085
25744,-21207,-6583
25745,8485,-17838
25746,20763,16970
25747,-17116,-17837
25748,17692,-14757
25749,10519,26191
25750,-25308,6732
25751,4386,-24999
25752,22807,5719
25753,-1768,22093
25754,-23260,-8622
25755,15645,-15782
25756,14614,19025
25757,-21215,12875
25758,25877,-4530
25759,9489,24131
25760,-26338,-4538
25761,7451,-20911
25762,23824,14922
25763,-10986,19009
25764,-18145,-19893
25765,20757,-10671
25766,8465,27204
25767,-24291,8768
25768,1308,-27058
25769,23825,589
25770,-23267,-10669
25771,19732,-20898
25772,14605,18006
25773,-23271,13904
25774,-7907,-19878
25775,27920,-3492
25776,271,25168
25777,-25316,-4525
25778,7449,-22945
25779,24845,13913
25780,-14060,22095
25781,20746,-12714
25782,10501,24139
25783,-21232,8775
25784,2319,-28075
25785,24835,4691
25786,-8952,28230
25787,-23276,-12723
25788,21770,-20904
25789,17666,20047
25790,-21235,16967
25791,-10989,-25004
25792,26886,-2474
25793,-26349,-2472
25794,8463,-22940
25795,27906,14941
25796,-11000,23122
25797,-16112,-20899
25798,18695,-19865
25799,13569,29273
25800,-28401,7766
25801,270,-29083
25802,25858,5731
25803,-4859,32340
25804,16637,-21921
25805,21747,18007
25806,-24321,16975
25807,-16121,-21926
25808,27898,-5539
25809,6391,29263
25810,-27387,-2479
25811,7426,-19877
25812,25846,9815
25813,-16130,19022
25814,-22263,-17833
25815,26876,-11683
25816,-23288,8793
25817,1287,-29080
25818,30968,-1431
25819,-6916,26205
25820,-25335,-11677
25821,12547,-21906
25822,18682,20069
25823,-28408,19036
25824,-6900,-20889
25825,28926,-3479
25826,2301,27228
25827,6394,-29077
25828,27885,11878
25829,-12045,27225
25830,-19203,-15775
25831,25841,-15767
25832,13547,30299
25833,-25352,4697
25834,2295,-31127
25835,28905,2664
25836,-10002,31321
25837,-26373,-16798
25838,19698,-22930
25839,-20228,19045
25840,-13053,-22927
25841,27894,-9610
25842,3317,22124
25843,-29436,-403
25844,6401,-22919
25845,26868,19056
25846,-12038,26212
25847,-17149,-22928
25848,22776,-17799
25849,11507,28268
25850,-4874,-29061
25851,25834,3706
25852,-10001,31339
25853,-25348,-9616
25854,15605,-25987
25855,19692,18037
25856,-24328,17005
25857,-15104,-22919
25858,28914,-7555
25859,1265,31342
25860,-30464,-3472
25861,9468,-28034
25862,-14077,25202
25863,-17140,-22914
25864,22785,-17785
25865,16633,32376
25866,-25338,17008
25867,-1785,-32128
25868,33015,3711
25869,-6917,27250
25870,-24313,-9609
25871,17663,-23933
25872,18678,20090
25873,-16130,-20859
25874,33006,-7543
25875,8426,32378
25876,-32518,-3460
25877,3321,-28022
25878,27884,10885
25879,-12046,23162
25880,-20228,-14718
25881,20722,-17781
25882,11501,33403
25883,-26374,6776
25884,-1797,-29049
25885,-3843,37493
25886,-28405,-4488
25887,14596,-24955
25888,25848,22139
25889,-17151,18035
25890,-9978,-20866
25891,28920,-14714
25892,3319,28281
25893,-29434,1656
25894,6403,-24955
25895,28917,15998
25896,-21248,-16761
25897,23797,-23917
25898,11504,21129
25899,-24324,9861
25900,-5889,-28013
25901,28913,-2411
25902,-6923,34437
25903,-24319,-8566
25904,19704,-23914
25905,22765,12944
25906,-21256,22150
25907,-17151,-24941
25908,8445,34435
25909,-28405,3714
25910,5385,-28016
25911,29947,13962
25912,-8960,23167
25913,-25331,-21878
25914,22786,-18796
25915,17658,32389
25916,-26361,15998
25917,-4854,-26996
25918,29948,-1395
25919,-26359,-7535
25920,15618,-30048
25921,25846,19095
25922,-24318,24204
25923,-14071,-18794
25924,29947,-11620
25925,10486,27279
25926,-28412,2702
25927,5378,-31074
25928,26869,9882
25929,-14084,25230
25930,-23288,-14698
25931,16640,27273
25932,-23284,10884
25933,-6896,-29037
25934,28930,-2411
25935,-2812,31366
25936,-28398,-5495
25937,12556,-23915
25938,25856,20108
25939,-18167,21122
25940,-13040,-22898
25941,27907,-8557
25942,-29422,7824
25943,2321,-26978
25944,32002,10905
25945,-12024,28300
25946,-23276,-16747
25947,20746,-18785
25948,14595,25235
25949,-22258,8847
25950,-9965,-23909
25951,22792,1690
25952,-6900,31371
25953,-23272,-5490
25954,26891,14983
25955,-18156,23164
25956,-18147,-21881
25957,26896,-10611
25958,5390,29311
25959,-30435,4733
25960,3356,-29044
25961,29966,11911
25962,-13035,26235
25963,-23263,-18811
25964,19736,-19825
25965,-25307,17031
25966,-6871,-24940
25967,26908,-7528
25968,3355,34440
25969,-24281,-6516
25970,14624,-29029
25971,19735,16020
25972,-24285,24201
25973,-11991,-18797
25974,31002,-11623
25975,11541,29323
25976,-27357,-1396
25977,29973,4746
25978,-12005,28285
25979,-25304,-12668
25980,23837,-17779
25981,20755,25217
25982,-24289,13947
25983,-8924,-30070
25984,29974,-3444
25985,-3816,29310
25986,-28378,-3456
25987,11553,-21877
25988,-15063,22145
25989,-13008,-20852
25990,26915,-9583
25991,7456,27268
25992,-29393,3715
25993,-1744,-24944
25994,28962,9868
25995,-7898,27263
25996,-22223,-15737
25997,19752,-19823
25998,18719,23174
25999,-21206,11905
26000,23839,-1406
26001,-736,29300
26002,-25299,627
26003,15654,-24960
26004,26905,15993
26005,-20189,18033
26006,-16085,-22915
26007,24863,-11645
26008,8475,31348
26009,-26328,4722
26010,2343,-20867
26011,-7893,27248
26012,-25288,-14728
26013,18735,-22908
26014,17703,25208
26015,-24269,18032
26016,-8904,-19846
26017,29994,-1413
26018,3369,27246
26019,-23243,-1425
26020,10544,-27011
26021,20774,15990
26022,-20176,21100
26023,24868,-11662
26024,9504,24167
26025,-25299,4709
26026,300,-30092
26027,22817,3699
26028,-9946,23144
26029,-22223,-11666
26030,17705,-15754
26031,18720,18030
26032,-19158,13928
26033,-5843,-29065
26034,300,29289
26035,-25287,-406
26036,5431,-21899
26037,24875,14958
26038,-14030,23139
26039,-15046,-18835
26040,22831,-16778
26041,8491,24171
26042,-25288,3690
26043,2359,-23946
26044,24875,7795
26045,-9936,26215
26046,17704,-17808
26047,16672,15977
26048,-20182,8805
26049,-8913,-22927
26050,22820,-1422
26051,1315,26214
26052,-21202,-409
26053,12584,-20878
26054,21790,12908
26055,-16090,19043
26056,-15058,-17812
26057,8490,23137
26058,-23242,8797
26059,3381,-20888
26060,25897,4710
26061,-6867,20061
26062,-25286,-13724
26063,14643,-19858
26064,14636,21092
26065,-22217,13918
26066,-3783,-21911
26067,28971,-1430
26068,298,24159
26069,6439,-26004
26070,20765,10855
26071,-15067,20062
26072,-16083,-17817
26073,20771,-11667
26074,8479,24162
26075,-21206,2657
26076,1321,-22931
26077,22814,4715
26078,-11996,19042
26079,-21201,-9625
26080,17703,20062
26081,-18128,9818
26082,-4813,-20891
26083,22824,-1434
26084,-727,23131
26085,-23243,-4514
26086,10544,-18840
26087,17704,14945
26088,-14033,16985
26089,-11979,-17822
26090,22826,-11672
26091,6439,21086
26092,294,-20887
26093,19741,5735
26094,-5856,25179
26095,-17111,-11679
26096,16673,-16790
26097,12571,18018
26098,-19163,6751
26099,-3801,-19863
26100,20765,-1430
26101,-1762,26206
26102,-19160,-1441
26103,18719,9819
26104,-9948,18003
26105,-15060,-17828
26106,18723,-6560
26107,2338,19031
26108,-22227,9811
26109,5419,-19875
26110,23840,7770
26111,-4829,19025
26112,-15061,-12712
26113,16675,-15776
26114,11550,19031
26115,-4831,-18847
26116,21783,-1438
26117,1302,23127
26118,-20192,-7589
26119,6429,-19867
26120,15638,14942
26121,-15074,15959
26122,-13019,-14753
26123,24857,-7581
26124,7446,22105
26125,-18145,600
26126,21781,5718
26127,-9958,20045
26128,-18141,-8622
26129,15644,-11688
26130,11543,18000
26131,-17120,13898
26132,-735,-18860
26133,20759,-427
26134,-5862,21067
26135,-22235,-3507
26136,9505,-17834
26137,14618,15951
26138,-8929,-18855
26139,18710,-7587
26140,4372,19028
26141,-20194,1619
26142,3357,-18851
26143,19732,7770
26144,-7912,23119
26145,-15072,-11691
26146,16664,-15779
26147,14609,12887
26148,-21220,5717
26149,20754,596
26150,-2796,21066
26151,-19170,-1461
26152,12568,-14765
26153,18703,7760
26154,-14058,13898
26155,-13027,-20907
26156,17685,-4520
26157,-746,24141
26158,-18145,588
26159,7452,-16811
26160,18707,7762
26161,-10983,-15782
26162,14610,-14750
26163,9486,18010
26164,-20200,10837
26165,-743,-17826
26166,19728,4700
26167,271,19027
26168,-19175,-8616
26169,13587,-16799
26170,15628,11868
26171,-17131,13910
26172,18700,-4519
26173,9480,19024
26174,-20206,-1455
26175,5392,-21924
26176,18695,8792
26177,-12019,16976
26178,-14060,-14760
26179,17676,-6564
26180,7433,20051
26181,-18158,7760
26182,2321,-20901
26183,19720,1626
26184,-21229,-6562
26185,11534,-15770
26186,15623,16990
26187,-13042,13912
26188,-3824,-20893
26189,23813,-6553
26190,-762,16991
26191,-19184,-6557
26192,7437,-17812
26193,18692,11879
26194,-12022,21085
26195,18689,-9630
26196,13563,12892
26197,-20219,6745
26198,2308,-18845
26199,19707,4705
26200,-8960,20056
26201,-16120,-2470
26202,14593,-15774
26203,20727,10845
26204,-18176,10840
26205,-12026,-20893
26206,20732,-2459
26207,-20218,-4504
26208,8450,-15760
26209,19705,11883
26210,-9986,16995
26211,-12028,-17812
26212,11519,-11662
26213,7420,21096
26214,-20218,6757
26215,7427,-11669
26216,21753,6760
26217,-7939,19039
26218,14582,-13722
26219,16622,16990
26220,-19208,8794
26221,-7940,-16797
26222,20722,-3483
26223,7407,26201
26224,-17160,-5540
26225,10483,-18842
26226,16619,5732
26227,-16141,18012
26228,-13062,-17819
26229,22767,-6551
26230,-20231,4711
26231,248,-20878
26232,21742,-1421
26233,-5903,22121
26234,-22276,-8594
26235,10487,-8589
26236,11506,22121
26237,-16134,9829
26238,-3844,-17810
26239,22769,621
26240,-1806,22115
26241,7407,-20882
26242,21733,11881
26243,-10006,21087
26244,-5907,-13722
26245,20707,-15762
26246,4321,19045
26247,-25362,1636
26248,5356,-19858
26249,21730,6763
26250,-12056,21089
26251,-18191,-9626
26252,15594,-12691
26253,-23306,11880
26254,-7942,-21901
26255,18673,-2443
26256,-2829,22123
26257,-20227,-4498
26258,9465,-20871
26259,25837,13939
26260,-16139,17003
26261,-14084,-20874
26262,16628,-16769
26263,5362,26227
26264,3313,-21890
26265,24805,4732
26266,-13076,20083
26267,-17163,-12678
26268,15598,-17789
26269,11497,19066
26270,-22284,9846
26271,-5897,-19840
26272,24811,1663
26273,2282,25203
26274,-17165,-8584
26275,12525,-19838
26276,-18186,19065
26277,-6918,-20860
26278,25838,-8567
26279,4332,27260
26280,-20234,1659
26281,-777,-22905
26282,23788,646
26283,-11022,26234
26284,-21251,-13695
26285,17653,-12664
26286,16621,23165
26287,-8974,-21880
26288,26853,-1399
26289,-794,27260
26290,-22287,-4481
26291,2288,-20854
26292,18663,17026
26293,-17168,20089
26294,-5901,-13696
26295,24807,-13689
26296,1254,26235
26297,-23310,-1412
26298,6383,-19834
26299,-8972,26234
26300,-13061,-2436
26301,19698,-20857
26302,17642,18047
26303,-25353,2686
26304,-13058,-26996
26305,23795,1675
26306,-8968,28286
26307,-26363,-9597
26308,12543,-21874
26309,20725,17030
26310,-14084,-23918
26311,23793,-12647
26312,240,28300
26313,-25347,8840
26314,2300,-15728
26315,30957,6797
26316,-24327,22147
26317,-20221,-15733
26318,21753,-16748
26319,20719,27271
26320,-19207,11906
26321,-8962,-16757
26322,3325,29309
26323,-20217,-9598
26324,10498,-24945
26325,18681,21125
26326,-18174,18045
26327,-8953,-21880
26328,24827,-10610
26329,6392,26242
26330,-18175,4736
26331,5375,-26994
26332,24819,1677
26333,-26368,-11629
26334,21750,-17764
26335,18669,27279
26336,-24327,12937
26337,-5892,-23915
26338,27887,-2409
26339,-1808,30345
26340,-27394,-7539
26341,11513,-24934
26342,22766,21136
26343,-17161,21126
26344,-7941,-23918
26345,7416,23175
26346,-30457,3718
26347,2310,-30059
26348,29944,6802
26349,-7940,28293
26350,-28406,-17778
26351,22783,-19816
26352,18678,22158
26353,-20224,3725
26354,-17143,-28005
26355,24829,3738
26356,-25334,-5475
26357,11525,-26965
26358,26872,15012
26359,-13057,23193
26360,-23285,-24922
26361,23808,-14674
26362,-14073,19109
26363,-30442,8865
26364,11537,-24914
26365,30978,11945
26366,-11000,25245
26367,-25323,-13660
26368,17677,22170
26369,-24295,16019
26370,-14048,-15717
26371,28946,6808
26372,10509,26252
26373,-29412,-9583
26374,10519,-30048
26375,20749,18072
26376,-21224,25228
26377,-15072,-25959
26378,30993,-14687
26379,-18150,11932
26380,1305,-31060
26381,27916,5802
26382,-15084,22176
26383,-28382,-10586
26384,33042,-22862
26385,16650,28325
26386,-25321,17053
26387,-4838,-34130
26388,32011,-2384
26389,-3827,28323
26390,-30436,-5466
26391,13590,32407
26392,-19168,27274
26393,-19158,-25961
26394,34074,-7525
26395,5400,26255
26396,-27354,5773
26397,1317,-26981
26398,25881,6808
26399,-6883,27275
26400,-23255,-7537
26401,25885,-24932
26402,-23255,9880
26403,-13008,-27994
26404,34080,677
26405,4382,28312
26406,-35536,1687
26407,13610,-34136
26408,25886,7845
26409,-16090,22171
26410,-20176,-27991
26411,33056,-10577
26412,3359,32416
26413,-29394,7837
26414,35101,5787
26415,-15067,34443
26416,-32459,-14701
26417,16685,-21858
26418,17701,21140
26419,-23247,23177
26420,-7883,-32103
26421,31014,6806
26422,13600,29320
26423,-18135,-13681
26424,11556,-30050
26425,-19154,27281
26426,-20168,-21860
26427,24876,-8543
26428,14629,26261
26429,-22224,11920
26430,9516,-38237
26431,26911,-348
26432,-15065,26264
26433,-24269,-24923
26434,29989,-20816
26435,19740,26276
26436,-25303,19099
26437,34073,-7521
26438,9493,26259
26439,-32475,-5482
26440,21787,-31066
26441,24847,15007
26442,-9964,28306
26443,-17123,-28000
26444,23826,-14680
26445,18697,16033
26446,-27369,5791
26447,-3815,-31057
26448,-4836,31392
26449,-27350,-1375
26450,27933,-7515
26451,26896,26265
26452,-32480,20112
26453,-18135,-31072
26454,35096,-1375
26455,1303,32402
26456,-29402,-2412
26457,10529,-24927
26458,33041,12955
26459,-6891,25231
26460,18700,-19815
26461,-2802,31370
26462,-30435,9862
26463,8473,-35176
26464,30986,-359
26465,265,33417
26466,-27369,-18797
26467,15632,-29022
26468,15625,9886
26469,-29416,18070
26470,-9955,-24925
26471,16661,37521
26472,-38616,-4460
26473,2343,-32092
26474,31000,12958
26475,-18143,30352
26476,-21204,-19814
26477,25888,-18780
26478,12570,40593
26479,-17117,16010
26480,7456,-30055
26481,28946,2712
26482,-14055,32393
26483,19728,-20844
26484,27907,25224
26485,-19187,26236
26486,-8942,-25975
26487,28932,-7539
26488,8448,26241
26489,-40684,-14711
26490,275,-28009
26491,16651,33415
26492,-19179,30329
26493,-17122,-28025
26494,22803,21117
26495,-32477,11896
26496,-6873,-30073
26497,29977,-376
26498,-20189,40565
26499,-26320,-2441
26500,20774,-15745
26501,23835,21109
26502,-33492,18029
26503,-13005,-32131
26504,15660,-13692
26505,4394,33396
26506,4392,-29053
26507,35095,10878
26508,278,22132
26509,-5863,-32124
26510,18704,-21873
26511,10507,31360
26512,-32485,9852
26513,282,-25975
26514,37128,4743
26515,-759,25211
26516,-21228,-18811
26517,20746,10880
26518,-22251,26228
26519,-14052,-23936
26520,33036,2687
26521,14597,37485
26522,-31467,-4496
26523,8465,-29057
26524,25861,4733
26525,-16115,23154
26526,-29412,-19844
26527,14613,-13693
26528,3348,38513
26529,-1771,-35197
26530,34053,-1404
26531,-10997,42608
26532,-28391,-3470
26533,13587,-23938
26534,24839,23155
26535,-18160,18027
26536,-3822,-12686
26537,32003,-8585
26538,5377,29289
26539,-37612,616
26540,28934,11875
26541,-12020,29269
26542,-19178,-10661
26543,25866,-23961
26544,10501,25179
26545,-21232,-1444
26546,-12010,-33171
26547,26889,1644
26548,-12017,36443
26549,-25316,-10655
26550,29966,-12696
26551,27905,29274
26552,-14072,-31126
26553,24828,-12687
26554,6393,31330
26555,-32503,-1437
26556,-758,-24976
26557,34042,10859
26558,-8961,26207
26559,-8956,-30098
26560,18683,-27012
26561,11510,33388
26562,-27388,13926
26563,35059,-3480
26564,242,32345
26565,-23298,-9634
26566,13560,-26005
26567,21742,3690
26568,-29443,14947
26569,-18170,-22929
26570,26873,2670
26571,9461,27233
26572,-29436,-2461
26573,5378,-32141
26574,21752,4721
26575,-23292,-12680
26576,15613,-17791
26577,13559,33393
26578,-23293,14954
26579,258,-28040
26580,33010,-5509
26581,-9993,29293
26582,-31481,-13708
26583,16639,-19842
26584,22772,20085
26585,-26367,18029
26586,26868,-15755
26587,8432,26217
26588,-24324,2664
26589,-8959,-23948
26590,25845,11887
26591,-6919,25187
26592,-21244,-10647
26593,20730,-18829
26594,16626,26215
26595,-24322,18015
26596,-9981,-30098
26597,33011,-1425
26598,-23297,-4494
26599,12537,-28032
26600,24813,15993
26601,-21256,22127
26602,-20222,-22917
26603,20728,-8576
26604,3319,24181
26605,-23293,10864
26606,2306,-21893
26607,26869,12917
26608,-6919,24170
26609,22766,-22922
26610,13544,22124
26611,-25355,16996
26612,-6919,-21905
26613,23790,-10635
26614,5356,25193
26615,-13069,-4500
26616,8431,-29061
26617,16615,10870
26618,-22286,11889
26619,-16134,-18821
26620,27885,-5506
26621,-23303,3709
26622,-3845,-30068
26623,23792,2699
26624,-6924,17027
26625,-28414,-17780
26626,13564,-16747
26627,1275,28296
26628,-21242,9860
26629,4356,-26990
26630,23801,-2412
26631,-5892,20107
26632,7417,-17772
26633,10484,19083
26634,-17155,25215
26635,-9982,-12666
26636,34034,-6518
26637,12524,20097
26638,-31492,-382
26639,3323,-26992
26640,24815,13962
26641,-11019,27261
26642,-18178,-11645
26643,25842,-8568
26644,-21251,5766
26645,-8958,-28012
26646,23799,659
26647,-11011,28294
26648,-25334,-3448
26649,16642,-30057
26650,22775,17039
26651,-17152,14984
26652,-16120,-22892
26653,15617,-5481
26654,9469,23180
26655,252,-7536
26656,25840,13962
26657,-7948,21120
26658,-14085,-17783
26659,12533,-15727
26660,10480,21127
26661,-26371,9859
26662,-7935,-21874
26663,21751,-1393
26664,1270,26243
26665,-18177,-5498
26666,8443,-25965
26667,-23289,20106
26668,-17136,-19820
26669,21766,-7528
26670,5380,29322
26671,-19186,649
26672,6411,-24938
26673,22784,7827
26674,-6908,19082
26675,-25327,-20843
26676,10508,-15715
26677,7433,34445
26678,-758,-23911
26679,22783,-2405
26680,-2815,29325
26681,-25330,-1394
26682,15623,-21863
26683,10498,16018
26684,-23282,16011
26685,-10988,-9584
26686,24840,-4461
26687,5382,23176
26688,-24302,-9587
26689,4368,-19817
26690,-9963,29321
26691,-10981,-11633
26692,12565,-10603
26693,16653,23178
26694,-23271,8838
26695,6422,-28012
26696,19725,-363
26697,-10989,19084
26698,-22242,-3442
26699,15639,-14698
26700,19726,16015
26701,-13035,-15721
26702,20747,-7525
26703,4361,19090
26704,-32487,657
26705,2328,-16742
26706,22797,12948
26707,-3825,21130
26708,-12011,-15726
26709,21771,-14694
26710,4361,17042
26711,-25322,9870
26712,-1769,-18792
26713,-3815,33416
26714,-19165,-5493
26715,9503,-17772
26716,16663,11919
26717,-20191,12937
26718,-9946,-15727
26719,26905,-6507
26720,7446,22155
26721,-16098,-3443
26722,8474,-17770
26723,24846,11921
26724,-16106,-22883
26725,14607,-10589
26726,9483,22169
26727,-23273,6806
26728,278,-20831
26729,29960,672
26730,-6900,16025
26731,-20202,-12640
26732,5396,-13657
26733,9488,18079
26734,-22245,13977
26735,-5858,-13664
26736,4380,24213
26737,-26327,660
26738,2344,-17763
26739,21790,9881
26740,-11996,21135
26741,-14037,-13674
26742,21793,-3432
26743,7454,17040
26744,-20184,3727
26745,295,-18791
26746,22812,2712
26747,-18139,-8547
26748,16669,-11613
26749,17685,10910
26750,-12005,3741
26751,-3811,-23895
26752,20755,-5460
26753,-748,21154
26754,-22241,-2396
26755,8475,-15700
26756,19730,12966
26757,-13031,21148
26758,-9954,-18778
26759,4380,18078
26760,-29397,-353
26761,2346,-15705
26762,20768,3750
26763,-6876,24219
26764,-11990,-5474
26765,17698,-15706
26766,15643,18078
26767,-19163,13976
26768,-13012,-21853
26769,21794,3746
26770,-19156,-1373
26771,6441,-18771
26772,26908,15014
26773,-11998,13984
26774,-13015,-14680
26775,18720,-9555
26776,7453,22179
26777,-18138,5793
26778,1317,-20820
26779,30998,7849
26780,-9957,20128
26781,-19163,-12633
26782,14622,17055
26783,-27348,9883
26784,-11982,-20826
26785,23847,-345
26786,4389,30361
26787,-22224,-2405
26788,6445,-19803
26789,17701,11936
26790,-11989,17048
26791,-7889,-17759
26792,19750,-6491
26793,-19152,4771
26794,6445,-29006
26795,23842,4784
26796,-9945,24229
26797,-18128,-12628
26798,18727,-16715
26799,17695,20140
26800,-18136,6825
26801,-2774,-22859
26802,23839,3764
26803,1310,21162
26804,-24278,-7506
26805,17698,18086
26806,-14039,24219
26807,-11985,-18779
26808,18726,-9558
26809,4388,19105
26810,-24272,-350
26811,3375,-21843
26812,22820,4779
26813,-8919,22177
26814,-18126,-12632
26815,22823,-13649
26816,-21198,12969
26817,-5835,-20812
26818,22826,3763
26819,-2772,26279
26820,-22217,-4438
26821,9523,-18764
26822,24871,18092
26823,-11987,18084
26824,-13004,-20817
26825,22825,-9548
26826,3368,26280
26827,-28362,1703
26828,26921,1702
26829,-11985,23195
26830,-17096,-13662
26831,21806,-17749
26832,12584,21153
26833,-22221,9885
26834,-8904,-21848
26835,23853,679
26836,-3793,24220
26837,-23237,-9567
26838,11574,-18773
26839,-16066,19106
26840,-11964,-20819
26841,19771,-11597
26842,4409,27302
26843,-25274,6819
26844,1349,-26959
26845,11584,-20804
26846,24884,-7488
26847,24872,11963
26848,9508,24240
26849,-2778,21158
26850,-18129,12960
26851,4397,-23892
26852,15654,-20809
26853,25882,-328
26854,19729,17072
26855,7438,22182
26856,-9965,21148
26857,-25312,6809
26858,-20182,-3429
26859,-8913,-22873
26860,2350,-25932
26861,24866,-15684
26862,-1757,25264
26863,-10967,687
26864,9509,5805
26865,9505,-11597
26866,-7899,6832
26867,11552,5806
26868,-6876,-337
26869,2339,12969
26870,9503,-5460
26871,-9948,-339
26872,8480,7850
26873,4382,-9553
26874,-2784,16040
26875,13594,-7508
26876,-4835,683
26877,8473,8871
26878,-2789,-8532
26879,-10975,12966
26880,11548,1701
26881,-4833,-9558
26882,-736,19105
26883,7453,-1374
26884,-7903,-3420
26885,10524,4770
26886,-8927,-5467
26887,-1758,5795
26888,6431,-9560
26889,-9948,679
26890,9504,8867
26891,4382,-8536
26892,-5855,6821
26893,10524,18077
26894,-2786,-10589
26895,-2784,7840
26896,8476,-1375
26897,-5857,7838
26898,13593,3741
26899,-4836,-8542
26900,-4833,8862
26901,11546,-2400
26902,-9953,1695
26903,286,13977
26904,6427,-10593
26905,-11999,3742
26906,8477,7835
26907,-738,-11615
26908,11545,6814
26909,-1766,-9565
26910,281,7840
26911,8469,-2398
26912,-8934,-1373
26913,9494,7840
26914,-1769,-8539
26915,-3815,9889
26916,9493,-3421
26917,-5864,-5466
26918,3351,10913
26919,3350,-5468
26920,277,9888
26921,2324,-351
26922,-6888,-350
26923,8468,4768
26924,2323,-8539
26925,-3819,6818
26926,9489,7839
26927,-6891,-4446
26928,-2793,10909
26929,3350,-7519
26930,-9957,5791
26931,4377,-7517
26932,-9954,9887
26933,3357,8859
26934,2332,-8544
26935,-8927,6813
26936,18712,-2401
26937,-743,5789
26938,280,11928
26939,5398,-8547
26940,-1769,4763
26941,12561,-356
26942,-750,7833
26943,7439,5783
26944,-5870,-2407
26945,-5867,10900
26946,10512,1683
26947,-8939,-6505
26948,2324,-360
26949,-3818,8852
26950,-3816,1683
26951,3351,2706
26952,1302,-13671
26953,-7910,7830
26954,-15070,-361
26955,-4827,6804
26956,7458,-7528
26957,-5851,-1383
26958,6434,9877
26959,289,-10597
26960,5407,7832
26961,6428,-7524
26962,-17115,-1379
26963,4387,668
26964,-7897,-7520
26965,-5846,10907
26966,297,4761
26967,10532,16018
26968,9504,-3436
26969,-19158,1683
26970,9510,4753
26971,-4823,-9578
26972,-726,9874
26973,9510,1681
26974,-8917,-3437
26975,2346,3730
26976,6439,-8553
26977,5413,662
26978,1316,-10596
26979,2339,-3426
26980,11550,-2400
26981,-7902,1695
26982,13596,16024
26983,1307,-3430
26984,-7905,12948
26985,12569,-2410
26986,-9954,-12643
26987,6427,10904
26988,2330,-10594
26989,4376,8858
26990,-9955,-10592
26991,-5856,17048
26992,4382,3735
26993,-8925,-4454
26994,1314,16019
26995,8478,-2411
26996,-7902,4755
26997,6431,658
26998,-7901,-2412
26999,5409,2707
27000,-6875,5777
27001,6434,8845
27002,-11992,-5488
27003,3367,19079
27004,16671,-11635
27005,-13018,1676
27006,16670,7817
27007,-7902,-10609
27008,-4827,9867
27009,1316,4745
27010,-731,6790
27011,5411,2693
27012,-3803,4739
27013,9505,-2427
27014,-6875,2692
27015,15646,5762
27016,-5855,4736
27017,12571,6781
27018,-3811,-8574
27019,1308,10877
27020,11543,-6527
27021,-3815,9853
27022,6422,-12668
27023,-2792,12926
27024,10515,-5503
27025,-8936,4735
27026,13586,2686
27027,-13031,2685
27028,11540,2684
27029,-15076,7801
27030,2331,-2437
27031,-740,7800
27032,7449,2679
27033,-2789,-9604
27034,9495,10871
27035,-6885,-392
27036,10518,1655
27037,-3816,3702
27038,12562,7795
27039,-2796,-8584
27040,8464,7797
27041,2319,-5512
27042,17671,13938
27043,-6901,-7562
27044,7432,6771
27045,-2806,-5514
27046,4360,-1417
27047,-4853,-392
27048,5385,-2438
27049,-6899,5752
27050,6410,-7556
27051,-1781,10871
27052,-756,-8580
27053,1291,11895
27054,1290,-6533
27055,5384,6776
27056,-2806,-8579
27057,6407,12919
27058,-8948,-2439
27059,9480,632
27060,-9971,4726
27061,7434,-3464
27062,-4851,7797
27063,3340,-10629
27064,-7920,9847
27065,5390,-6533
27066,1293,11894
27067,-5872,-5511
27068,2319,11892
27069,-9964,7793
27070,6417,-6539
27071,-2797,5747
27072,4369,-8584
27073,4367,2679
27074,-3823,-8580
27075,5391,4730
27076,-5870,633
27077,8462,12915
27078,-2800,-1420
27079,5390,-9607
27080,6411,8821
27081,-9968,4723
27082,271,2674
27083,6412,19049
27084,-4849,-4500
27085,8459,2667
27086,-7921,-404
27087,11530,619
27088,5384,618
27089,-1783,-405
27090,-3829,1642
27091,-2803,3689
27092,2316,-6547
27093,267,7786
27094,-756,617
27095,14597,-1430
27096,-5880,7783
27097,3335,4709
27098,-4854,11872
27099,-1781,-8603
27100,15620,6754
27101,-3834,3681
27102,10497,-12696
27103,256,-1431
27104,-8955,-406
27105,7426,5736
27106,-1789,8804
27107,6400,-8599
27108,6397,11876
27109,-5888,-4505
27110,6397,-3479
27111,-7935,4711
27112,2304,-5526
27113,5374,6759
27114,-2816,4709
27115,-4861,-4504
27116,9471,2663
27117,-3839,11874
27118,-5884,-3484
27119,6401,-3482
27120,-766,9826
27121,-6906,-4507
27122,6403,-9622
27123,-6905,10853
27124,-3831,-3481
27125,10500,-1432
27126,-5881,7781
27127,-2807,6754
27128,9477,-6554
27129,-6903,1637
27130,-1782,-1434
27131,6407,-3480
27132,-1784,12898
27133,-9971,3681
27134,7434,-4508
27135,265,10847
27136,-8946,-416
27137,5388,-3486
27138,10503,8798
27139,-3831,5724
27140,5383,-8607
27141,-3831,12891
27142,-5876,-4514
27143,10503,1629
27144,-8948,2652
27145,1291,-8607
27146,3338,8797
27147,-5875,-2465
27148,9481,-4510
27149,-3829,7775
27150,-2803,-7581
27151,9481,-1436
27152,-4852,5730
27153,5386,-5531
27154,1289,12895
27155,-4852,-7581
27156,7433,8799
27157,-10993,2654
27158,5389,-5535
27159,3340,3680
27160,267,-5533
27161,6408,5729
27162,-4853,608
27163,9479,-3486
27164,-5878,5728
27165,7431,607
27166,8451,9819
27167,-15093,-420
27168,11526,5722
27169,-3832,-6562
27170,263,3677
27171,-6901,8793
27172,-756,-6563
27173,11527,2652
27174,-9972,-419
27175,17668,-7583
27176,-2810,1632
27177,-3832,-9627
27178,8452,7778
27179,-8951,609
27180,6406,-4508
27181,-5879,13918
27182,-1782,-4511
27183,8454,8797
27184,-12020,-1442
27185,6409,-2464
27186,-5876,10843
27187,5386,-14749
27188,-3828,5729
27189,10503,6750
27190,4357,1629
27191,-5880,-3489
27192,7429,5725
27193,-4856,2652
27194,5382,-4513
27195,1285,10842
27196,1284,7767
27197,9472,5717
27198,-6908,7762
27199,6401,-4523
27200,256,13903
27201,2303,-10667
27202,8443,3668
27203,-8960,-3498
27204,6397,-425
27205,-4864,5717
27206,11515,-11685
27207,2298,8791
27208,-6914,-3495
27209,15607,-1446
27210,3318,7767
27211,7411,-11683
27212,4337,4699
27213,-2829,-8608
27214,3314,10843
27215,-2828,-3491
27216,-779,5723
27217,-4872,7768
27218,-775,-2470
27219,-4868,7767
27220,-4865,-1448
27221,7420,-4517
27222,-5889,4697
27223,-3839,-8610
27224,-2813,14935
27225,-7929,-9636
27226,10498,603
27227,-3836,4697
27228,1283,-7587
27229,4353,8793
27230,9469,9813
27231,-6911,-426
27232,9469,5716
27233,-5888,2643
27234,2303,-5546
27235,6396,13904
27236,-6912,3663
27237,8444,-4526
27238,251,9806
27239,-4866,-5551
27240,1277,-4524
27241,-8958,7761
27242,-5883,-3501
27243,6402,-1452
27244,-765,10831
27245,-6905,-4526
27246,2310,-429
27247,-5879,6736
27248,1288,-6572
27249,5382,6737
27250,-2808,-430
27251,4358,-429
27252,-2808,4689
27253,-4853,-4524
27254,3338,5714
27255,-8945,1617
27256,270,-1454
27257,2317,8782
27258,-9966,-1457
27259,7439,590
27260,-752,13896
27261,-9963,-4533
27262,8465,-11695
27263,-2797,2640
27264,-2795,-6572
27265,2324,-5545
27266,2323,6740
27267,-6889,-8615
27268,4373,-9634
27269,6418,4700
27270,-10984,-4513
27271,7445,-10651
27272,6418,3684
27273,-13031,1635
27274,3352,-15765
27275,7445,11878
27276,-3817,6755
27277,-3815,-12694
27278,6422,5736
27279,277,8804
27280,5395,-6552
27281,274,-1431
27282,-4843,-4500
27283,8465,2667
27284,-9962,4713
27285,7443,-3477
27286,-3819,5737
27287,276,-4500
27288,6417,6761
27289,-1774,4711
27290,7439,614
27291,-5870,5732
27292,6415,-5529
27293,-2799,4709
27294,1296,-7575
27295,-1775,5735
27296,6414,-10643
27297,-2800,9833
27298,2319,-6547
27299,6412,3692
27300,-2802,-6544
27301,5388,8812
27302,-4849,-7568
27303,-1776,9836
27304,1295,-4497
27305,-3823,8811
27306,2320,-2451
27307,-10986,1644
27308,3349,-1427
27309,-746,1644
27310,277,8808
27311,-3817,-4501
27312,1302,6760
27313,4372,-1431
27314,-3818,4711
27315,6419,-408
27316,-7913,-1431
27317,10514,-406
27318,-8937,-405
27319,8467,6760
27320,-7913,-2454
27321,10514,5736
27322,-3820,615
27323,1299,1638
27324,-7913,3685
27325,3350,5731
27326,-3816,-5530
27327,3351,7779
27328,-744,-9624
27329,2327,4710
27330,1302,-4503
27331,-1769,9829
27332,1302,1636
27333,-4839,-1435
27334,4375,-3481
27335,-1768,6756
27336,8468,-1435
27337,-12006,5731
27338,4376,5729
27339,1303,-414
27340,5397,7775
27341,2324,-6557
27342,-2794,7776
27343,2325,-4509
27344,-1770,7776
27345,-3816,-1439
27346,11539,5727
27347,-3819,-1440
27348,6418,1631
27349,-3820,-3487
27350,7441,1632
27351,-7915,2655
27352,6418,-4510
27353,-5867,3681
27354,7442,-2461
27355,-4843,6752
27356,5395,-3486
27357,-3819,6751
27358,-1770,-4510
27359,4372,6751
27360,-1771,-5534
27361,5395,9822
27362,-8936,-417
27363,2327,7772
27364,-744,-1443
27365,7445,10840
27366,-1770,-10658
27367,3349,10841
27368,-6887,-3493
27369,6422,5721
27370,-7910,600
27371,-2788,6741
27372,-739,-6567
27373,-738,6742
27374,2333,-3496
27375,-3809,7765
27376,8475,-4520
27377,-7905,5718
27378,6428,-3496
27379,3355,-3494
27380,4377,-2468
27381,2328,12886
27382,-743,-3496
27383,3352,7765
27384,1303,-3497
27385,-2791,14928
27386,12563,-7596
27387,274,7761
27388,-1773,-5548
27389,3346,5714
27390,-7914,-1453
27391,-6886,-5546
27392,-3812,3669
27393,8472,-426
27394,-3814,597
27395,9494,596
27396,-8933,3667
27397,5401,-428
27398,-3813,3667
27399,7448,-2475
27400,-3814,2644
27401,3353,-1451
27402,-4836,6738
27403,283,-3500
27404,4377,7761
27405,-1766,-3501
27406,7447,4689
27407,-5862,-7595
27408,2329,5715
27409,-5860,-2475
27410,7449,1620
27411,-6883,5714
27412,5403,-7594
27413,-5858,1621
27414,-4831,-3497
27415,5407,3670
27416,-5854,5716
27417,7455,-7592
27418,-736,3671
27419,6429,-5542
27420,1308,6743
27421,-4833,-9636
27422,8475,-7584
27423,-6881,4702
27424,6428,-417
27425,-4833,5725
27426,-8924,5723
27427,3363,-3491
27428,1314,1628
27429,-733,-6560
27430,6432,8796
27431,-1759,-419
27432,11548,-5536
27433,-1763,9820
27434,-2785,-5537
27435,6428,2654
27436,-5857,2653
27437,2334,-7583
27438,-4831,1632
27439,-4828,-415
27440,5410,-1438
27441,-1757,3681
27442,-2779,-3485
27443,3364,3682
27444,-6872,-413
27445,8484,1634
27446,-2778,6751
27447,293,-4510
27448,3364,4704
27449,-3802,3679
27450,2341,-416
27451,292,4702
27452,-731,-6558
27453,4387,3681
27454,-3803,1632
27455,292,-2462
27456,291,5728
27457,-1756,-9627
27458,7457,3684
27459,288,3683
27460,-3806,5729
27461,5408,4703
27462,-5853,3678
27463,2338,-3488
27464,2337,7773
27465,-6875,-2465
27466,5411,1630
27467,1314,2653
27468,-2780,-7583
27469,2339,2656
27470,-5850,607
27471,2341,-3487
27472,8481,2656
27473,-6875,4702
27474,292,-7582
27475,6433,5728
27476,-2781,6749
27477,5409,-5536
27478,-734,607
27479,289,-2463
27480,6430,608
27481,-3808,5726
27482,3359,-6558
27483,7452,2657
27484,-2786,2656
27485,2333,-5533
27486,3356,8799
27487,-5857,1630
27488,5405,4700
27489,2332,-1443
27490,4378,-3489
27491,2329,8795
27492,-6883,-5538
27493,6426,605
27494,2329,3676
27495,-1766,-3490
27496,6423,605
27497,-2791,4699
27498,2328,-6561
27499,3351,5725
27500,-2791,-2465
27501,8469,2654
27502,2324,6747
27503,-1771,-5538
27504,4371,1629
27505,-748,3676
27506,-2794,603
27507,3349,602
27508,1300,6743
27509,-3818,-424
27510,6419,-423
27511,2322,7766
27512,-6890,597
27513,8466,-426
27514,273,4692
27515,-4844,595
27516,3347,-4522
27517,2322,4692
27518,1297,7761
27519,-1774,592
27520,6415,1615
27521,-8940,4685
27522,-3818,-6575
27523,5396,-2477
27524,-3818,7760
27525,-1769,-5549
27526,5397,2642
27527,-1770,3665
27528,277,-430
27529,-1770,-4523
27530,-1769,5715
27531,1302,-5546
27532,4372,5716
27533,-6888,-2474
27534,2327,-4519
27535,-3815,4695
27536,-742,-7589
27537,3353,3674
27538,-1766,6743
27539,281,-4518
27540,4375,2649
27541,-744,5719
27542,-743,-4518
27543,5399,3673
27544,-4838,1624
27545,1305,-3494
27546,3352,3673
27547,-2790,-1446
27548,4376,-2468
27549,279,6745
27550,-4838,-3493
27551,9494,-420
27552,4372,5722
27553,-2794,4696
27554,4372,-10658
27555,275,2653
27556,-6889,-1442
27557,9491,-4511
27558,1298,8797
27559,-749,-4512
27560,9487,-415
27561,-752,7774
27562,1295,-3488
27563,4365,607
27564,-2801,5725
27565,1294,-7583
27566,7435,2656
27567,-3827,-3486
27568,4363,-2460
27569,-756,2659
27570,-5873,-4506
27571,8459,1637
27572,-3827,4707
27573,1292,-412
27574,3339,6753
27575,-1780,1632
27576,-6896,-4509
27577,6413,5729
27578,-3825,1632
27579,3342,-1439
27580,-4847,8797
27581,-4844,-5536
27582,7441,2655
27583,-750,6748
27584,-1773,-11678
27585,4369,4704
27586,-5868,6749
27587,-4841,-3489
27588,4373,-1440
27589,-1770,4702
27590,277,-5535
27591,7442,1632
27592,-3820,5726
27593,-747,-4511
27594,5395,-414
27595,-4842,4704
27596,4372,-3486
27597,-747,4704
27598,-2793,2655
27599,1302,-4510
27600,-1769,6751
27601,-744,-2463
27602,4374,4703
27603,-4839,1630
27604,6422,-2464
27605,-4839,4702
27606,5399,605
27607,-1768,5723
27608,2327,-3491
27609,-744,10840
27610,-6884,-2470
27611,3355,4696
27612,-1764,-2470
27613,6425,601
27614,280,-2469
27615,10515,1626
27616,-5866,3673
27617,4372,-3493
27618,-2794,7768
27619,277,-7588
27620,-746,6745
27621,-6886,-4516
27622,2329,-2466
27623,-4836,5724
27624,5402,-419
27625,-1765,5723
27626,2330,-420
27627,-4835,7769
27628,1308,600
27629,-2786,5718
27630,-2784,-3496
27631,-735,6741
27632,-734,-3497
27633,8478,4693
27634,-5855,596
27635,8477,5714
27636,-3809,-1453
27637,6428,2642
27638,-5857,-1453
27639,6428,2642
27640,-6880,-1453
27641,4382,594
27642,-3808,-2476
27643,4382,595
27644,-737,6736
27645,4381,-2478
27646,-2785,4688
27647,4381,-1455
27648,1308,5711
27649,2331,-3503
27650,2330,6734
27651,281,-3504
27652,280,3663
27653,-2790,-4526
27654,2329,4688
27655,-1766,-2478
27656,4376,3665
27657,-4837,2640
27658,3354,-1455
27659,-4835,4687
27660,5403,-432
27661,-4834,2639
27662,285,-3503
27663,3356,6734
27664,1307,-1457
27665,282,3662
27666,-3812,-3504
27667,5402,2639
27668,-6882,-1456
27669,5404,5710
27670,-2786,2637
27671,3357,4683
27672,-1762,-1460
27673,1309,4682
27674,-738,-4531
27675,2333,5707
27676,-1762,-6577
27677,-737,4685
27678,-736,-2481
27679,4382,590
27680,-1761,1613
27681,3358,3660
27682,-4831,2635
27683,2336,1610
27684,-3806,-1461
27685,3361,7752
27686,1312,-3510
27687,1311,6727
27688,3358,-2487
27689,-3808,3656
27690,1311,-3510
27691,-3807,4680
27692,6430,-1463
27693,-1761,4679
27694,5405,-5558
27695,-1762,-1461
27696,3357,-1460
27697,-2785,4682
27698,4381,-4531
27699,-2785,6730
27700,3358,-5555
27701,2333,1612
27702,-5856,-2482
27703,6429,3661
27704,-3809,-434
27705,7452,589
27706,-4833,-434
27707,5405,589
27708,-3809,1612
27709,5405,-435
27710,-2785,1612
27711,4381,1611
27712,-1762,5705
27713,285,-3509
27714,-738,6728
27715,285,-3510
27716,284,1609
27717,-6880,-2485
27718,4382,1610
27719,-2784,-437
27720,4382,2634
27721,-6878,585
27722,6431,-3509
27723,-1760,1610
27724,6429,1609
27725,1308,4679
27726,-6880,-1464
27727,6429,-2486
27728,-5856,-437
27729,5406,-3507
27730,-2784,5707
27731,-735,586
27732,3360,585
27733,-4829,-2485
27734,4385,-1460
27735,-1758,2635
27736,-3804,-1460
27737,1315,2635
27738,2338,-436
27739,1313,2635
27740,-734,4681
27741,289,-3509
27742,1312,3658
27743,-3806,-3508
27744,3361,587
27745,-2781,-2483
27746,4385,1612
27747,-2781,587
27748,4385,-1460
27749,-1758,4682
27750,289,-4531
27751,-734,5707
27752,-1757,-1460
27753,4385,4682
27754,-3805,-437
27755,6432,3658
27756,-3806,-2484
27757,5408,-435
27758,-2782,2636
27759,1313,-4529
27760,4383,6732
27761,-5854,1611
27762,3361,-436
27763,-5852,1611
27764,1315,-2483
27765,-732,2636
27766,-4825,1611
27767,294,586
27768,-4823,585
27769,5415,-1462
27770,294,5704
27771,-5847,-2486
27772,9509,-437
27773,-1754,5705
27774,2341,1608
27775,3364,4678
27776,-4825,-3512
27777,3366,583
27778,-729,3654
27779,3366,2629
27780,3365,3652
27781,-2777,-443
27782,-728,-2489
27783,5414,5701
27784,-5847,3652
27785,4391,-2490
27786,2342,4676
27787,-3800,-1467
27788,1319,580
27789,6436,-443
27790,291,-3513
27791,4385,2630
27792,-3805,581
27793,1314,-2489
27794,6431,1606
27795,-2783,2629
27796,2336,-1466
27797,287,4676
27798,-1760,-2490
27799,2335,2629
27800,-736,580
27801,4382,1603
27802,-2784,2626
27803,2335,-2492
27804,2334,5698
27805,-2784,-2492
27806,5406,579
27807,-1761,-444
27808,3358,-443
27809,-1761,2628
27810,3358,-3514
27811,-4831,4676
27812,288,-2490
27813,-735,2629
27814,-1758,-2489
27815,2337,3654
27816,5407,-3512
27817,4381,-2486
27818,-2785,-437
27819,5405,1610
27820,-7903,585
27821,2336,2632
27822,-2782,-1463
27823,4384,2632
27824,-1759,-1463
27825,2336,3656
27826,287,-1463
27827,-2783,3656
27828,288,-3510
27829,-2782,5704
27830,2337,-1463
27831,-6875,-438
27832,4387,1609
27833,-1756,-2485
27834,2339,4681
27835,1314,-1462
27836,-733,3657
27837,4385,-2485
27838,-2781,2634
27839,4385,-1461
27840,288,4681
27841,1311,-2485
27842,-736,3658
27843,3359,-1461
27844,-1760,2634
27845,3359,-437
27846,-2783,1610
27847,3360,2633
27848,-4829,1608
27849,2338,-439
27850,-3804,1608
27851,291,-2486
27852,5409,1609
27853,-734,-3509
27854,4384,3658
27855,-4829,-437
27856,6432,586
27857,-735,3657
27858,5407,-438
27859,-1760,1609
27860,7453,-438
27861,-2785,1609
27862,6428,-1462
27863,-1763,2633
27864,3356,-2485
27865,283,2634
27866,1306,-2484
27867,-5859,587
27868,284,3658
27869,283,-1461
27870,2330,4681
27871,-1765,-2485
27872,3354,586
27873,281,-1461
27874,3352,5705
27875,-743,-2485
27876,-1766,4681
27877,281,-1462
27878,280,3657
27879,1303,-2485
27880,-2791,586
27881,3352,3657
27882,-1767,-2485
27883,3352,3658
27884,279,-1461
27885,278,6728
27886,-1769,-1463
27887,278,5703
27888,277,-3511
27889,276,3656
27890,-747,-439
27891,276,4679
27892,3347,-440
27893,-1772,4678
27894,2323,-441
27895,-748,1606
27896,5394,-441
27897,273,5701
27898,1296,-1466
27899,-751,4676
27900,1296,-4537
27901,271,5701
27902,3342,-442
27903,-1777,3653
27904,2318,-442
27905,-3824,1605
27906,2319,2628
27907,270,5698
27908,2317,-2492
27909,3340,3651
27910,-4849,-2491
27911,1294,580
27912,-1777,1603
27913,3342,1602
27914,-1777,2625
27915,2318,-1470
27916,-1777,1601
27917,1294,-1470
27918,-2800,3649
27919,2319,-1470
27920,3342,3649
27921,-753,-2493
27922,2318,1602
27923,-1777,-445
27924,3342,-444
27925,-1777,1603
27926,2318,-444
27927,-3824,1603
27928,4366,578
27929,-1777,2625
27930,2318,-446
27931,-753,3649
27932,-752,-446
27933,3343,577
27934,-1776,576
27935,3343,1599
27936,-1776,-1472
27937,3343,3647
27938,-1776,-1472
27939,1295,3647
27940,-752,-2495
27941,5390,1600
27942,3341,-2494
27943,1292,2625
27944,1291,-1470
27945,-2803,2625
27946,2316,-446
27947,-1779,-445
27948,5387,1602
27949,-1780,-1469
27950,267,4673
27951,3338,-1470
27952,-757,1601
27953,2314,1600
27954,-757,575
27955,2314,1598
27956,-2804,-449
27957,1291,2622
27958,1290,3645
27959,1289,1596
27960,4359,-451
27961,-4854,572
27962,2313,1595
27963,1288,-452
27964,-759,2619
27965,3336,2618
27966,-1783,-1477
27967,1288,1594
27968,3335,-453
27969,2310,5689
27970,5380,3640
27971,3331,1591
27972,-1788,3638
27973,4354,-457
27974,-3836,1590
27975,259,2613
27976,1282,-4552
27977,-765,3639
27978,-764,-2503
27979,259,3640
27980,3330,-455
27981,-2812,4663
27982,2307,-456
27983,-2811,567
27984,2308,2614
27985,-763,-457
27986,-762,3638
27987,3333,-457
27988,-2809,2614
27989,2310,-457
27990,-1785,566
27991,1286,1589
27992,2309,-458
27993,-1786,1589
27994,2309,2612
27995,1284,-1483
27996,-1787,2612
27997,3332,1587
27998,-1787,-1484
27999,-762,3635
28000,2309,-460
28001,-1786,2611
28002,3333,1586
28003,-762,-1485
28004,261,2610
28005,2308,-461
28006,-763,-460
28007,260,3635
28008,3331,-460
28009,-1788,-1483
28010,1283,3636
28011,3330,563
28012,-765,1586
28013,3330,2609
28014,1281,-1486
28015,-1790,1585
28016,2305,2608
28017,1280,-1487
28018,-767,2608
28019,1280,2607
28020,2303,-464
28021,-1792,-463
28022,-767,4655
28023,-766,2606
28024,-5883,22052
28025,-24303,1571
28026,5391,-24017
28027,23812,12841
28028,-7928,23070
28029,7429,-26069
28030,27896,-8656
28031,2295,23077
28032,-19199,3620
28033,13563,-29133
28034,22768,23080
28035,-9995,-3542
28036,14574,-13775
28037,16614,23078
28038,-21263,4644
28039,-15111,-16851
28040,20719,2604
28041,-784,23073
28042,-9995,1568
28043,10480,-24020
28044,19687,10791
28045,-11027,9763
28046,-12045,-18899
28047,11502,26145
28048,-24326,7710
28049,16626,-14810
28050,29924,9762
28051,-10007,21016
28052,-22284,-15840
28053,19691,-8667
28054,5353,23066
28055,-23307,14867
28056,-2825,-11751
28057,36070,15890
28058,-19216,-12775
28059,6381,-28121
28060,18660,17951
28061,-27406,17943
28062,-12040,-16864
28063,24812,-9691
28064,9448,19996
28065,-13073,2587
28066,13545,-30166
28067,24797,7719
28068,-18202,14880
28069,-20240,-13785
28070,9452,26139
28071,-15116,9751
28072,-7944,-26076
28073,12530,-5593
28074,-2828,21021
28075,-26367,-12764
28076,9469,-20945
28077,24817,23076
28078,-13064,23065
28079,-14081,-21980
28080,31984,-3546
28081,-27394,-473
28082,7419,-21966
28083,20721,9774
28084,-7947,23075
28085,-18178,-7641
28086,19701,-14801
28087,16621,13865
28088,-23303,2600
28089,1272,-30153
28090,20718,4661
28091,-6926,33317
28092,-22275,-8662
28093,22770,15907
28094,-15110,16923
28095,-12032,-26072
28096,20726,-11730
28097,-777,24099
28098,-27387,2594
28099,4355,-27088
28100,19706,7725
28101,-9985,21027
28102,-18168,-17876
28103,22781,-12749
28104,-24311,11822
28105,-6899,-17865
28106,26880,-2503
28107,-767,24110
28108,-25330,-11724
28109,15623,-25023
28110,19710,21047
28111,-20216,17967
28112,-10994,-13770
28113,19717,21036
28114,-15091,13862
28115,-5872,-15826
28116,8460,23075
28117,-23272,2594
28118,-2790,-21971
28119,26893,12839
28120,-5872,25115
28121,-16104,-11743
28122,16656,-15831
28123,7437,18976
28124,-18154,10779
28125,-2792,-16860
28126,15633,-475
28127,-24291,-3545
28128,12567,-20942
28129,23820,11821
28130,-15084,16933
28131,-15076,-18897
28132,17684,-4558
28133,8464,22056
28134,-18151,4646
28135,5399,-18896
28136,26890,14889
28137,-8945,23070
28138,-17128,-16857
28139,14609,16927
28140,-20197,12825
28141,-3811,-21980
28142,25873,547
28143,-3821,22041
28144,-19171,-9698
28145,17685,-24022
28146,15630,11813
28147,-20200,15902
28148,-13025,-18904
28149,20757,-6612
28150,-23263,555
28151,4383,-20938
28152,20757,8754
28153,-9958,22056
28154,-21211,-18894
28155,16669,-12743
28156,12567,23086
28157,-24285,11817
28158,-2779,-25034
28159,23834,-5575
28160,-4835,23086
28161,-25302,-6606
28162,15651,13868
28163,-20179,14885
28164,-11981,-16850
28165,25895,-8653
28166,8483,26151
28167,-25296,-1496
28168,2351,-21965
28169,22820,10798
28170,-15060,24099
28171,-14029,-13782
28172,17707,-16845
28173,-19147,8751
28174,-3785,-22981
28175,21805,-6593
28176,-3793,28210
28177,-26308,-5579
28178,15669,-22975
28179,24873,15930
28180,-21196,15923
28181,-11974,-19907
28182,24878,-6591
28183,4396,29235
28184,-25287,-460
28185,32042,14893
28186,-7890,26145
28187,-17097,-14807
28188,18734,-15823
28189,12584,27172
28190,-24268,7713
28191,1331,-24019
28192,28965,556
28193,-5848,28191
28194,-19150,-9692
28195,16682,-22992
28196,-21195,21030
28197,-15043,-19920
28198,23858,-8651
28199,9518,29223
28200,-26309,-2519
28201,5433,-24011
28202,24877,9777
28203,-10957,22055
28204,-22210,-18895
28205,20788,-13768
28206,11567,27179
28207,-25284,9767
28208,29998,-7637
28209,-6862,27166
28210,-24258,-6622
28211,15671,-22994
28212,18734,16934
28213,-20168,15903
28214,-11970,-20950
28215,27953,-7634
28216,8493,26146
28217,-20169,-3548
28218,3382,-26063
28219,-11972,24102
28220,-20154,-18896
28221,18749,-16839
28222,13623,26157
28223,-26300,7722
28224,-3770,-28104
28225,27961,-455
28226,-6851,30251
28227,-28341,-9680
28228,16707,-19910
28229,27958,14899
28230,-20160,14892
28231,24884,-7632
28232,5426,25124
28233,-25281,-2522
28234,318,-24014
28235,28976,16938
28236,-11978,25118
28237,-18113,-16857
28238,20789,-18895
28239,14638,27172
28240,-24262,7713
28241,-4803,-22995
28242,-1730,28192
28243,-24246,-8667
28244,14659,-24015
28245,26934,20008
28246,-24254,18975
28247,-16054,-20950
28248,27965,-9681
28249,4411,28194
28250,-28343,-1501
28251,5447,-25040
28252,30009,12842
28253,-11969,20001
28254,14648,-22995
28255,10547,27168
28256,-25280,13850
28257,-2750,-28120
28258,35121,-2518
28259,-2765,28189
28260,-24257,-5600
28261,13625,-26067
28262,22830,17957
28263,-25285,19996
28264,-16061,-20953
28265,14652,31256
28266,-28342,2583
28267,-693,-29146
28268,27966,13856
28269,-7870,25108
28270,-22195,-16867
28271,20803,-16858
28272,12605,31255
28273,-25270,10770
28274,-2740,-31198
28275,31037,-477
28276,-12988,29205
28277,12606,-26078
28278,23859,16922
28279,-21186,23055
28280,-18105,-21990
28281,27962,-7650
28282,7479,26130
28283,-30394,-2540
28284,-1721,-26079
28285,31032,17945
28286,-15040,30219
28287,-19126,-19947
28288,15683,26121
28289,-23217,15874
28290,-6829,-32238
28291,27974,-2540
28292,-697,32261
28293,-24237,-506
28294,16715,-24046
28295,31036,16906
28296,-23224,18945
28297,-15024,-22004
28298,27971,-9711
28299,5441,30211
28300,1344,-24049
28301,31025,9739
28302,-8906,25087
28303,-25277,-18935
28304,20793,-24043
28305,12595,28168
28306,-25280,19967
28307,-7868,-31217
28308,30006,-2543
28309,-713,31234
28310,-26300,-4603
28311,32053,14846
28312,-18114,20980
28313,-17081,-19970
28314,28985,-7678
28315,8501,29172
28316,-29372,5618
28317,2371,-30207
28318,27958,7678
28319,-10948,24051
28320,-24248,-22018
28321,18751,-22007
28322,13625,29179
28323,-6851,-29174
28324,32046,-8689
28325,-3792,27138
28326,-26307,-7674
28327,16693,-27116
28328,28967,14861
28329,-18128,24066
28330,-17095,-18932
28331,33065,-9711
28332,10532,24070
28333,-30413,517
28334,29989,10752
28335,-14036,35311
28336,-26311,-16904
28337,21807,-24060
28338,18726,23033
28339,-20176,14834
28340,-9931,-29183
28341,27944,-4604
28342,-2774,35315
28343,-30407,-4618
28344,18736,-28156
28345,26915,17916
28346,-23249,-23032
28347,28961,-15856
28348,10524,24069
28349,-30421,5635
28350,2346,-24049
28351,29980,8715
28352,-4833,29181
28353,-27347,-20984
28354,23842,-23020
28355,13596,27143
28356,-29397,17919
28357,27934,-5630
28358,-737,35313
28359,-25300,496
28360,13606,-24068
28361,22811,10743
28362,-22234,24044
28363,-23246,-21001
28364,26917,-11779
28365,15646,29167
28366,-26325,6636
28367,-724,-29189
28368,32029,7672
28369,-28373,-14848
28370,19746,-20981
28371,15643,25087
28372,-25304,17911
28373,-7892,-28155
28374,32029,-8694
28375,4379,29180
28376,-33492,-2562
28377,14629,-25077
28378,23834,11782
28379,-23258,25082
28380,28952,-10752
28381,14609,27123
28382,-34526,4593
28383,-7898,-32255
28384,28952,4607
28385,-7908,33263
28386,-25303,-11787
28387,21791,-19969
28388,20757,25075
28389,-24287,15852
28390,-7899,-32260
28391,27928,-8703
28392,-29401,-510
28393,16671,-27120
28394,30992,12810
28395,-16104,24063
28396,-20190,-23029
28397,23831,-15853
28398,12561,24072
28399,-32479,8708
28400,288,-26095
28401,35087,7694
28402,-9964,29184
28403,17676,-26099
28404,21762,27136
28405,-26353,23029
28406,-10987,-26110
28407,22794,-6650
28408,4360,33270
28409,-23276,-1545
28410,14605,-20990
28411,23810,10749
28412,-23282,25073
28413,-22247,-22020
28414,23822,-13821
28415,-27364,9727
28416,-4833,-24053
28417,29969,1546
28418,-8938,24063
28419,-27356,-11771
28420,16668,-20976
28421,18707,25092
28422,-22242,19963
28423,-9949,-24057
28424,26902,-7669
28425,3349,31228
28426,6418,-25079
28427,24838,12803
28428,-18161,24056
28429,-19175,-17919
28430,27916,-16886
28431,15621,27133
28432,-31467,3580
28433,-4840,-30197
28434,28938,4617
28435,-3828,32250
28436,-25319,-9729
28437,16657,-20982
28438,-21220,16898
28439,-8927,-26097
28440,21783,-7661
28441,2326,29189
28442,-28380,-506
28443,10527,-25069
28444,27922,12813
28445,-16102,24066
28446,-18141,-14838
28447,25879,-16877
28448,10514,24072
28449,-1773,-21997
28450,29957,5649
28451,-762,30211
28452,-24302,-8696
28453,16650,-25067
28454,20736,18956
28455,-24308,17924
28456,-14061,-26095
28457,24839,-3565
28458,3334,29189
28459,-21231,-506
28460,8461,-25069
28461,-14060,27142
28462,-23264,-19952
28463,18711,-16871
28464,12561,25101
28465,-22244,10760
28466,283,-20973
28467,26894,530
28468,-7918,26118
28469,-22243,-10740
28470,9497,-18922
28471,21775,23051
28472,-9964,-25064
28473,27911,-7652
28474,2310,23057
28475,-21231,-2541
28476,5391,-26080
28477,22788,8732
28478,-16116,25104
28479,-17131,-12777
28480,25865,-12770
28481,15618,24083
28482,-24306,5649
28483,1293,-23011
28484,-6895,27152
28485,-26338,-8683
28486,13592,-19937
28487,22797,17943
28488,-16107,14864
28489,-9958,-24036
28490,21776,-7648
28491,1295,25108
28492,-26340,531
28493,5402,-21986
28494,27917,12824
28495,-18154,-16863
28496,20748,-14807
28497,10503,22047
28498,-26348,8731
28499,-2794,-18907
28500,26889,2596
28501,-3829,26136
28502,-20203,-7652
28503,15630,-20953
28504,21764,16927
28505,-16116,14872
28506,-12014,-21981
28507,4368,27158
28508,-20198,1557
28509,5400,-26078
28510,22797,4640
28511,-12013,21014
28512,-22242,-19936
28513,19733,-14808
28514,9489,24093
28515,-24291,9753
28516,284,-21980
28517,27919,1571
28518,-24293,-7641
28519,8471,-16848
28520,15632,16936
28521,-18151,18975
28522,-6883,-19927
28523,25873,-5588
28524,6414,25120
28525,-24294,-1503
28526,5400,-21972
28527,21774,8744
28528,-13035,22046
28529,-15075,-13787
28530,14614,19996
28531,-21215,5658
28532,-4828,-24026
28533,20762,549
28534,-5859,25113
28535,-20185,-8674
28536,11554,-15834
28537,19737,15903
28538,-17118,10778
28539,-6874,-21979
28540,20764,-3545
28541,-23256,-1496
28542,7461,-20941
28543,23834,6704
28544,-7906,24101
28545,-14043,-15827
28546,15646,-12748
28547,7451,18987
28548,-26328,8743
28549,-2774,-13778
28550,24862,5676
28551,-3808,25120
28552,-21205,-7644
28553,19746,13854
28554,-19156,13848
28555,-11982,-20957
28556,20776,-2523
28557,6437,25113
28558,-16083,536
28559,8489,-20957
28560,19744,9759
28561,-11994,19990
28562,-14035,-18912
28563,15654,-9691
28564,-20176,10784
28565,1327,-21973
28566,21797,1578
28567,292,20001
28568,-19154,-11737
28569,11561,-16848
28570,13603,17960
28571,-20179,14881
28572,-5840,-18901
28573,23845,-1492
28574,2340,22050
28575,-22225,-7642
28576,17703,9762
28577,-14034,21016
28578,-16074,-9699
28579,17710,-9694
28580,9514,19993
28581,-20172,1560
28582,1331,-21981
28583,22824,1570
28584,-8915,19993
28585,-15051,-11745
28586,13615,-12762
28587,-16073,11809
28588,-8900,-16854
28589,21810,-4563
28590,-717,21027
28591,-19139,546
28592,4411,-14806
28593,19762,9766
28594,-12999,19997
28595,-9922,-16858
28596,17718,-7638
28597,4404,18977
28598,-19138,4639
28599,19765,4637
28600,-2761,22035
28601,-18112,-8680
28602,13626,-14816
28603,12596,15897
28604,-22209,9749
28605,-4798,-18913
28606,18745,-480
28607,312,24085
28608,-17087,-7655
28609,10556,-16862
28610,-14013,12828
28611,-11959,-14812
28612,16705,-11734
28613,7486,22048
28614,-19128,5662
28615,4422,-19928
28616,20796,3623
28617,-7872,14880
28618,-10938,-10714
28619,16702,-13779
28620,9530,17957
28621,-19132,12831
28622,22841,542
28623,-1734,21012
28624,-21179,-1515
28625,3396,-17890
28626,15677,11801
28627,-14012,12819
28628,-6840,-17892
28629,18751,-5601
28630,4413,21013
28631,-19129,-1514
28632,2374,-18912
28633,-7862,21014
28634,-18093,-6630
28635,17739,-9697
28636,10566,17943
28637,-17073,7700
28638,-688,-16867
28639,21830,-2529
28640,-6838,18966
28641,-21163,-5607
28642,9553,-17886
28643,20807,15899
28644,-9908,16915
28645,16708,-3563
28646,4418,24074
28647,-14007,-501
28648,8517,-20970
28649,15678,8722
28650,-3776,23047
28651,-11962,-13810
28652,17726,-16873
28653,6459,23052
28654,-23225,4618
28655,-9908,-8689
28656,-2738,20997
28657,-19112,-5624
28658,10579,-16879
28659,18762,10764
28660,-17069,13830
28661,-12966,-16881
28662,20816,-1520
28663,4430,25092
28664,-15018,1539
28665,10577,-18931
28666,18760,11784
28667,-15024,14849
28668,15689,-11769
28669,10564,22013
28670,-18099,10744
28671,-5808,-18942
28672,27971,-1533
28673,-7865,15868
28674,-18096,-9727
28675,13642,-15863
28676,15683,12803
28677,-17076,12797
28678,-5809,-24055
28679,4429,23038
28680,-19113,4604
28681,-1704,-26103
28682,19791,15874
28683,-16041,22008
28684,-11939,-8707
28685,21843,-9726
28686,3410,23031
28687,-19108,7668
28688,2395,-16899
28689,24911,-514
28690,-10923,16886
28691,12623,-19968
28692,22852,19959
28693,-16052,13809
28694,-4785,-19973
28695,21829,-2563
28696,-698,23026
28697,-21167,-1549
28698,3408,-22018
28699,14665,15863
28700,-14000,19950
28701,-15016,-14858
28702,5462,17902
28703,-26269,5612
28704,-7833,-19978
28705,23900,6643
28706,-6816,16875
28707,-27282,-7697
28708,19813,-22022
28709,18780,18929
28710,-16028,9709
28711,-13973,-18953
28712,22880,502
28713,4446,28137
28714,7515,-22028
28715,15700,19947
28716,-16036,21985
28717,-20122,-14871
28718,19805,-10769
28719,6490,19942
28720,-20124,11745
28721,-667,-26130
28722,31062,493
28723,-7846,13799
28724,-18077,-11795
28725,5473,18916
28726,-19093,11743
28727,-6801,-22038
28728,26978,-533
28729,6495,23008
28730,-24213,1503
28731,3434,-30226
28732,12644,10729
28733,-17043,29147
28734,-19081,-7713
28735,25963,-3615
28736,1386,21975
28737,361,-26140
28738,21855,5602
28739,-4766,21976
28740,-28304,-4645
28741,26979,-13854
28742,24919,24023
28743,-12962,8659
28744,-4767,-23073
28745,23894,6620
28746,-2728,24017
28747,-25243,-1582
28748,21851,15819
28749,-10911,22976
28750,-17046,-23092
28751,22879,-23080
28752,-2719,471
28753,-30352,3542
28754,4462,-25117
28755,26977,10718
28756,-12952,17878
28757,-22157,-12835
28758,21865,-15899
28759,20831,16861
28760,-9884,-25110
28761,23897,3561
28762,344,38359
28763,-20126,3542
28764,13660,-24094
28765,12630,24023
28766,-18081,28106
28767,-15001,-25129
28768,21853,-14881
28769,11608,18902
28770,-26267,1493
28771,25945,468
28772,-3749,20938
28773,-23193,-13871
28774,24923,-14887
28775,22864,20943
28776,-24228,19910
28777,-11934,-20016
28778,27989,463
28779,6482,27074
28780,-25249,-2620
28781,6492,-25135
28782,8536,6606
28783,-10914,-22055
28784,30032,-7715
28785,9548,24018
28786,-30373,5584
28787,4441,-29217
28788,23886,-1568
28789,-9901,27091
28790,-33436,-2603
28791,23897,-7719
28792,19792,27084
28793,-21157,11719
28794,24911,8643
28795,2382,29109
28796,-24230,-3657
28797,1369,-27195
28798,23886,11712
28799,-5807,28083
28800,-9898,-23105
28801,26953,-24117
28802,8517,13765
28803,-32427,6594
28804,15694,-29231
28805,38204,9677
28806,-29365,-15915
28807,15684,-17954
28808,24888,5596
28809,-24252,20946
28810,-16052,-25121
28811,18755,2526
28812,2370,30160
28813,-30383,-8747
28814,14666,-27165
28815,24894,19930
28816,-17081,22991
28817,5445,-13866
28818,10560,31175
28819,-27314,14784
28820,16710,-16951
28821,39219,-5684
28822,-7881,10695
28823,-27323,-13874
28824,20795,-18984
28825,25903,30154
28826,-32449,22975
28827,-3775,-20023
28828,36144,-1590
28829,-32448,-11824
28830,5438,-32288
28831,28976,12762
28832,-16072,31179
28833,-19134,-16940
28834,31027,-22049
28835,19754,28114
28836,-35524,9678
28837,-5825,-28196
28838,26930,-7712
28839,-12999,28115
28840,19760,-25120
28841,25892,28115
28842,-28366,15820
28843,-9929,-28198
28844,27946,-5667
28845,4392,30159
28846,-29385,-2607
28847,310,-29216
28848,38180,15833
28849,-14037,30155
28850,-4818,-22058
28851,37148,-27164
28852,-34515,8672
28853,-7887,-29201
28854,29987,-5646
28855,-14038,35297
28856,-24266,-5660
28857,13616,-19986
28858,27939,6635
28859,-26320,20961
28860,-5837,-29200
28861,13613,-4621
28862,5419,32228
28863,13605,-23056
28864,34069,6637
28865,-18146,28128
28866,-25301,-15896
28867,5417,-21005
28868,18720,32228
28869,-32464,14813
28870,-719,-31251
28871,39198,5611
28872,-13019,34267
28873,-29388,-11807
28874,9520,-27153
28875,-29377,13801
28876,-16057,-11793
28877,31032,-16904
28878,18735,31209
28879,-20167,-9746
28880,-710,-39422
28881,24878,6655
28882,-20168,30193
28883,-15040,-33278
28884,21814,-16885
28885,18733,30205
28886,-6863,-40431
28887,34081,-9706
28888,-6875,26122
28889,-25294,-17901
28890,15659,-16868
28891,35098,29198
28892,-16094,17926
28893,-20180,-31210
28894,32029,-12771
28895,9497,35340
28896,-29400,-499
28897,4390,-26086
28898,-3800,34314
28899,5414,-12783
28900,28952,-21988
28901,9492,30222
28902,-29405,525
28903,290,-30180
28904,29972,-1507
28905,-7912,33293
28906,-18143,1548
28907,19736,-33251
28908,32009,17941
28909,-28393,-33242
28910,23820,-1497
28911,4362,37397
28912,-30439,7698
28913,9493,-28128
28914,35076,13850
28915,-15092,10773
28916,-24296,-18913
28917,9492,-27091
28918,8464,42521
28919,-27362,13843
28920,9498,-9704
28921,-15070,32265
28922,-38603,520
28923,5427,-29161
28924,22824,10770
28925,-26315,23047
28926,-18114,-14833
28927,36141,-7661
28928,18724,33283
28929,-34507,-5626
28930,12591,-38375
28931,17703,10772
28932,-23245,-18914
28933,23848,-15834
28934,19743,27161
28935,-7901,12819
28936,-20179,-32221
28937,18724,-10711
28938,-21201,22047
28939,-35519,-12762
28940,17721,-25037
28941,26924,29221
28942,-22217,22043
28943,-11971,-28119
28944,9529,35352
28945,-35509,1559
28946,-1716,-31193
28947,24896,13857
28948,1343,32274
28949,-11963,-6634
28950,24889,-25053
28951,7478,42511
28952,-34489,12809
28953,-696,-37348
28954,41268,-8671
28955,-31420,-1502
28956,19771,-31182
28957,31020,31267
28958,-13005,8735
28959,-21186,-26068
28960,41258,-13773
28961,13604,32292
28962,-28366,4642
28963,5424,-32206
28964,32033,7727
28965,-2781,3630
28966,-28367,-14794
28967,8493,30248
28968,-39615,24093
28969,-6843,-24023
28970,35124,-1494
28971,-6856,38424
28972,-30393,-20957
28973,15680,-33228
28974,17720,17964
28975,-9923,28191
28976,-26294,-13786
28977,39223,8738
28978,-20159,-477
28979,5439,-33228
28980,37165,20011
28981,-6863,41495
28982,-21188,-14817
28983,14645,-19927
28984,23850,24094
28985,-7890,15895
28986,1325,-30170
28987,32030,-8661
28988,-5855,36378
28989,-35533,-8673
28990,31012,15896
28991,-11990,23053
28992,-24266,-19945
28993,27945,-15841
28994,12579,23060
28995,-33484,8720
28996,-3786,-29153
28997,7475,31248
28998,-14022,37374
28999,-31414,-20983
29000,26941,-21996
29001,-27317,13838
29002,-13998,-23014
29003,12620,8726
29004,11591,30216
29005,-21166,8708
29006,26949,-16883
29007,30007,10760
29008,-32441,7685
29009,-27307,-28141
29010,30023,-5610
29011,8515,29192
29012,-32429,5638
29013,23880,-3576
29014,-1719,25084
29015,-19117,-26103
29016,19786,-29160
29017,22847,27147
29018,-30386,11782
29019,-4783,-36328
29020,32066,9748
29021,1345,29190
29022,-27313,-5623
29023,8523,-25066
29024,-22186,31239
29025,-22175,-13810
29026,24917,525
29027,17741,26113
29028,-25254,-510
29029,9558,-33261
29030,29000,4625
29031,-12977,27140
29032,-25252,-19954
29033,18771,-19944
29034,21833,21006
29035,-18094,22020
29036,28996,-13813
29037,-16052,13829
29038,-33443,-5624
29039,15702,-24044
29040,30024,16908
29041,-24236,26112
29042,-16036,-14840
29043,19795,-11762
29044,14668,17926
29045,-32420,-8693
29046,-8863,-23017
29047,-10905,27146
29048,-34440,-23018
29049,12658,-24030
29050,22887,21016
29051,-17040,14865
29052,-12937,-24035
29053,20845,-5600
29054,-658,32273
29055,-26245,5647
29056,6520,-28131
29057,31081,16917
29058,-20109,22027
29059,19818,-9712
29060,13668,28163
29061,-18067,9727
29062,4459,-16888
29063,30045,4614
29064,-674,20988
29065,-17049,-23032
29066,7524,-29161
29067,6497,23052
29068,-30352,26112
29069,-5773,-36334
29070,4465,29188
29071,-23171,-2554
29072,12663,-15858
29073,28010,11785
29074,-27272,23038
29075,-20094,-23030
29076,24950,-16877
29077,15727,29189
29078,-22150,4611
29079,2425,-20978
29080,30059,12808
29081,-7825,28155
29082,10602,-516
29083,21856,24049
29084,-10906,18920
29085,15711,-21005
29086,34127,-8712
29087,-2735,24045
29088,-26274,492
29089,10585,-23048
29090,22862,13810
29091,-16042,23015
29092,341,-14865
29093,13647,12777
29094,-28323,-1558
29095,4443,-31238
29096,23888,8694
29097,-13993,28137
29098,-19103,-21004
29099,13659,-26111
29100,16723,14842
29101,-24225,15859
29102,-13978,-16900
29103,15711,-5633
29104,-10907,27122
29105,16733,-4619
29106,25937,10736
29107,-13992,12778
29108,-22173,-16909
29109,22872,-13830
29110,6485,26094
29111,-19105,6635
29112,-672,-13838
29113,29010,11757
29114,-2732,21987
29115,-19106,-18963
29116,14679,20963
29117,-22174,17883
29118,-7834,-18971
29119,30040,-1562
29120,1367,25050
29121,-5798,-19996
29122,1369,-21009
29123,18768,6636
29124,-30369,10727
29125,-19095,-18959
29126,20831,11756
29127,13657,32221
29128,6486,-27157
29129,24906,-1556
29130,-9905,24033
29131,-21158,-12824
29132,13652,-14864
29133,8528,30178
29134,-17063,17882
29135,-7843,-24090
29136,26960,-5655
29137,1359,29147
29138,-28323,-6689
29139,27984,7644
29140,-11946,15829
29141,-4775,-11813
29142,26956,-10783
29143,13638,17881
29144,-19120,-11809
29145,6477,-30226
29146,14662,11753
29147,-11956,27100
29148,-19114,-10782
29149,13648,-14870
29150,12618,18913
29151,-10928,-14871
29152,15689,-7699
29153,-11953,30175
29154,-23205,1502
29155,16723,-14874
29156,24903,11745
29157,-18096,12763
29158,-17063,-19995
29159,17745,-10773
29160,-686,25055
29161,-16038,3550
29162,23887,7643
29163,-688,21969
29164,-6828,-16934
29165,21834,-22043
29166,8518,16861
29167,-25261,11736
29168,-7849,-22045
29169,21837,-2587
29170,-1714,18908
29171,-16042,-4641
29172,7507,-15897
29173,14668,4581
29174,-15020,-18961
29175,21834,-14857
29176,6471,23020
29177,-19119,-531
29178,6478,-24071
29179,16710,3576
29180,-14003,18927
29181,-17066,-10763
29182,15695,-14851
29183,2382,34285
29184,-23206,12775
29185,29004,-1560
29186,-5809,24029
29187,-29346,-1570
29188,11609,-16921
29189,22862,15840
29190,-6830,13786
29191,-12967,-16925
29192,24909,-5658
29193,9545,17886
29194,-20141,-3616
29195,9551,-28178
29196,26946,11753
29197,-11960,-9746
29198,11587,-17929
29199,14652,21997
29200,-19130,10728
29201,-2744,-26123
29202,15681,-522
29203,-17078,18925
29204,-21163,-5648
29205,12623,-16903
29206,19782,18928
29207,-18097,15849
29208,17735,-3605
29209,7492,23008
29210,-23216,4574
29211,6477,-18968
29212,21827,24029
29213,-9912,27088
29214,-14001,-15912
29215,20805,-15904
29216,11584,25044
29217,-27314,8656
29218,333,-15912
29219,21827,-1575
29220,-6841,-7715
29221,9539,-15899
29222,19770,11744
29223,-21179,9692
29224,-14004,-21017
29225,24896,-4630
29226,4414,27101
29227,-29363,1500
29228,4427,-22041
29229,16707,6628
29230,-10935,13790
29231,13635,-16921
29232,5441,26075
29233,-18102,11734
29234,-1717,-18976
29235,28989,2527
29236,-6847,21973
29237,-26290,-7719
29238,10569,-13856
29239,14658,17880
29240,-16054,12754
29241,-7858,-16933
29242,25922,-5666
29243,-24242,-2592
29244,6475,-25107
29245,18754,14822
29246,-16054,29144
29247,-9905,-15904
29248,22852,-13849
29249,11583,23004
29250,-19127,8664
29251,-1718,-23068
29252,22847,1507
29253,-15033,25047
29254,16703,-16928
29255,22836,16856
29256,-17091,10707
29257,-14012,-20003
29258,22841,-4640
29259,-1734,22997
29260,-23226,-2601
29261,3397,-25116
29262,18748,18907
29263,-11966,21969
29264,-15030,-11817
29265,25918,-12834
29266,-24246,9690
29267,-693,-22043
29268,26942,2532
29269,-10940,24025
29270,-18099,-5668
29271,21827,-17947
29272,20793,17885
29273,-22204,11736
29274,-11958,-28186
29275,26941,-1561
29276,6458,27098
29277,8502,-24090
29278,17710,12768
29279,-14027,13786
29280,-12996,-19996
29281,19763,-13845
29282,6448,25055
29283,-28354,10714
29284,3389,-24090
29285,26928,7651
29286,-9931,26071
29287,-25278,-12834
29288,15675,-14874
29289,-19131,14815
29290,-9910,-17944
29291,28988,487
29292,3387,29145
29293,-26296,-3621
29294,12610,-29206
29295,21816,11749
29296,-16064,23002
29297,-8891,-16925
29298,23866,-10775
29299,9526,20959
29300,-713,-21014
29301,31016,1513
29302,-10962,26077
29303,-24262,-13852
29304,19761,-18962
29305,22822,23011
29306,-21199,11742
29307,-11977,-23062
29308,25899,-6674
29309,1322,25058
29310,-22219,-5659
29311,10544,-26126
29312,-15048,24039
29313,-14017,-14865
29314,24883,-14857
29315,9519,21997
29316,-25284,7658
29317,1339,-23050
29318,23856,6643
29319,-11978,25063
29320,-19136,-3607
29321,22837,-15887
29322,23850,27108
29323,-15054,-27150
29324,25894,-4619
29325,8482,30183
29326,-24274,-6677
29327,9514,-25096
29328,23839,14833
29329,-13018,23014
29330,-15058,-21007
29331,24866,-14855
29332,7455,26093
29333,-31441,7658
29334,-720,-26121
29335,-9931,26091
29336,-21184,-6673
29337,15673,-18951
29338,18736,15858
29339,-17095,13804
29340,-14016,-19978
29341,25908,-1545
29342,3379,33255
29343,-24257,-6677
29344,9531,-25096
29345,22832,18927
29346,-14025,-22022
29347,23852,-11776
29348,9512,29170
29349,-22221,10733
29350,4401,-26118
29351,38175,2553
29352,-9948,21999
29353,-30413,-14857
29354,19754,-25084
29355,22815,22010
29356,-20183,10741
29357,-11985,-24063
29358,4397,24054
29359,-26310,-4615
29360,4408,-26106
29361,24876,15871
29362,-18123,30193
29363,-18114,-20996
29364,26929,-14844
29365,5423,29174
29366,-27331,9714
29367,2364,-26113
29368,25904,2558
29369,-30401,-10748
29370,21813,-24048
29371,24873,20998
29372,-24267,17918
29373,-14020,-29171
29374,28974,-5616
29375,5420,33280
29376,-26311,-3582
29377,8501,-26097
29378,24873,18950
29379,-11985,23035
29380,-16073,-22010
29381,6452,25082
29382,-37561,9718
29383,-4790,-33273
29384,33082,-2551
29385,-2756,33273
29386,-21177,-6659
29387,23868,-20984
29388,20786,19967
29389,-25281,11770
29390,-14010,-29175
29391,27961,520
29392,-32439,519
29393,6470,-27115
29394,26937,16909
29395,-16063,24066
29396,-19125,-22003
29397,23872,-16874
29398,5438,27145
29399,-26293,14850
29400,3402,-28144
29401,38200,5646
29402,-8899,30208
29403,-24247,-9723
29404,26940,20987
29405,-25271,16883
29406,-15023,-23041
29407,28995,-5630
29408,9535,31219
29409,-29362,-6665
29410,8522,-35319
29411,24894,14850
29412,-15034,27125
29413,-23214,-23039
29414,27973,-17910
29415,-23215,12804
29416,-2733,-34283
29417,34115,-490
29418,-5818,27145
29419,-27308,-9714
29420,21834,-20967
29421,25918,30219
29422,-26293,18946
29423,-11951,-26097
29424,32066,-2543
29425,7487,28164
29426,-27315,-7672
29427,21827,12802
29428,-14006,30196
29429,-19116,-20993
29430,27975,-19959
29431,17727,28156
29432,-30386,10743
29433,2381,-35319
29434,33085,1544
29435,-7871,28155
29436,-28337,-8704
29437,19782,-20981
29438,-23214,17923
29439,-18085,-24049
29440,29005,-7661
29441,9545,33283
29442,-29352,-508
29443,4438,-29165
29444,30024,14860
29445,-11954,27135
29446,-16042,-18935
29447,18765,-19949
29448,14662,28166
29449,-32426,13824
29450,39235,-511
29451,-5818,30195
29452,-33449,-9736
29453,20813,-25083
29454,20803,13823
29455,-24241,16887
29456,-18088,-25084
29457,29002,-3578
29458,5448,33270
29459,-30377,-4615
29460,10578,-31223
29461,-11944,32250
29462,-27290,-24058
29463,20828,-17905
29464,19795,23044
29465,-27295,15869
29466,352,-29172
29467,31057,-499
29468,-6827,30207
29469,-31387,-13818
29470,19804,-18928
29471,25936,24069
29472,-26275,22011
29473,26960,-8704
29474,10571,28147
29475,-27303,1522
29476,-2725,-31230
29477,22864,9726
29478,-12969,32239
29479,-16033,-25092
29480,23892,-24056
29481,19787,26108
29482,-30374,14837
29483,-3748,-28157
29484,-2722,31220
29485,-25237,-2570
29486,15716,-15874
29487,27991,14839
29488,-22174,17903
29489,-24210,-27139
29490,26977,-6655
29491,10588,33265
29492,-33427,-526
29493,4459,-24066
29494,27998,9722
29495,-10908,28141
29496,15709,-25094
29497,16725,25070
29498,-29340,16870
29499,-3738,-30219
29500,36181,-1546
29501,-3753,34278
29502,-27291,-6678
29503,16733,-24074
29504,20819,16878
29505,-22178,17894
29506,-13979,-19984
29507,13663,30178
29508,-31377,481
29509,-656,-28177
29510,30050,7660
29511,-12951,30174
29512,-25226,-16921
29513,14703,-15889
29514,18790,27106
29515,-25229,14811
29516,-5770,-27159
29517,30056,-3605
29518,-6804,30173
29519,11623,-25110
29520,25947,16866
29521,-20123,30164
29522,-18066,-18978
29523,29024,-10780
29524,9564,25048
29525,-30357,471
29526,1386,-29210
29527,31067,8674
29528,-11935,32211
29529,-17046,-17956
29530,15715,25040
29531,-24209,12746
29532,-8844,-31270
29533,28007,-549
29534,-6805,32204
29535,-24201,-2610
29536,17775,-22055
29537,31072,13779
29538,-24212,12749
29539,-20106,-25126
29540,28009,-12831
29541,10596,31186
29542,1379,-25121
29543,31060,8667
29544,-6824,25039
29545,-18079,-18983
29546,12635,-23067
29547,13653,25049
29548,-27293,14802
29549,-4762,-24098
29550,30040,1501
29551,1367,35276
29552,-24221,-4657
29553,24919,12745
29554,-20127,16833
29555,-22164,-18997
29556,24928,-9776
29557,12634,31169
29558,-24218,1472
29559,1381,-28210
29560,30039,5580
29561,-9892,28095
29562,-26263,-16952
29563,16737,-17967
29564,14682,27076
29565,-6818,-21041
29566,26961,-4654
29567,-686,30148
29568,-32414,-4665
29569,12636,-26156
29570,25936,14797
29571,-20134,18884
29572,-15006,-15924
29573,29012,-11822
29574,8528,22983
29575,-24228,454
29576,27983,8642
29577,-6829,27061
29578,-23201,-11845
29579,17751,-19003
29580,20813,21947
29581,-20137,11702
29582,-5798,-28220
29583,22863,-5689
29584,-4782,25019
29585,-20132,442
29586,12630,-20028
29587,27977,16828
29588,-15023,-17979
29589,21831,-16946
29590,7492,25026
29591,-25263,4544
29592,-686,-21045
29593,26949,7624
29594,-7863,26044
29595,-17070,-12861
29596,16714,-24113
29597,14659,22980
29598,-30382,14781
29599,28996,-2625
29600,3395,30129
29601,-22194,1456
29602,9546,-23108
29603,19777,9656
29604,-19125,15793
29605,-16045,-15943
29606,21833,-7747
29607,9541,26033
29608,-24239,4527
29609,6478,-26180
29610,26945,2491
29611,-23219,-9792
29612,10568,-20022
29613,17728,19905
29614,-19126,12731
29615,-6834,-21050
29616,27969,-6710
29617,-2749,27069
29618,-23217,-5696
29619,9547,-26163
29620,19778,14790
29621,-16054,21948
29622,22847,-9791
29623,16695,19896
29624,-22206,2487
29625,-5819,-24125
29626,24889,6592
29627,-8898,25012
29628,-22199,-8775
29629,15682,-15935
29630,20792,21943
29631,-18111,8627
29632,-3773,-23105
29633,22840,-4670
29634,-22205,2497
29635,9535,-21044
29636,23860,16836
29637,-14021,18875
29638,-12990,-20027
29639,20792,-15923
29640,6453,20931
29641,-27325,3522
29642,1346,-18996
29643,23863,7625
29644,-7877,19904
29645,16691,-21045
29646,12589,19906
29647,-22216,14779
29648,-7876,-20027
29649,22833,452
29650,-718,27063
29651,-21187,-5702
29652,11576,-19004
29653,20782,10687
29654,-17097,15800
29655,-14018,-12865
29656,21812,-6717
29657,-23232,7616
29658,319,-24116
29659,23860,4554
29660,-9927,18881
29661,-23227,-10809
29662,15678,-13874
29663,13624,19909
29664,-17087,11712
29665,-3773,-20022
29666,23864,-4659
29667,2359,22978
29668,5429,-20020
29669,21803,14789
29670,-13006,20923
29671,-10952,-16956
29672,23853,-8759
29673,7466,17857
29674,-22219,-1598
29675,-714,-24114
29676,19757,8650
29677,-10957,26046
29678,-16069,-10812
29679,18738,-10806
29680,-19140,7623
29681,-4801,-17968
29682,20789,-559
29683,-4808,24006
29684,-20158,-569
29685,8510,-17968
29686,20788,13770
29687,-11974,18881
29688,-9921,-21044
29689,17719,-9775
29690,310,21959
29691,5428,-17968
29692,20778,8652
29693,-4819,18883
29694,-16075,-12854
29695,16685,-15918
29696,10536,18889
29697,-20174,8645
29698,-5835,-16946
29699,22826,-2608
29700,-2772,22981
29701,-17099,-9782
29702,10544,-15918
29703,-15048,14795
29704,-12993,-13870
29705,18742,-5675
29706,3381,22986
29707,-15043,1481
29708,2364,-20013
29709,17716,6608
29710,-10950,14793
29711,-15038,-10801
29712,14651,-9772
29713,7480,19915
29714,-711,-17964
29715,21807,2515
29716,-3791,17867
29717,-19141,-5682
29718,7480,-18984
29719,17712,17872
29720,-16072,12746
29721,-8899,-18988
29722,22834,-9767
29723,2353,17873
29724,-19141,-558
29725,3386,-20004
29726,-10944,19923
29727,-16056,-5674
29728,17728,-12835
29729,12602,17877
29730,-20156,3540
29731,-6840,-17955
29732,18751,4571
29733,-6845,18898
29734,-16053,-5675
29735,12613,-13860
29736,14654,14805
29737,-8893,-21024
29738,17723,-6684
29739,1338,21978
29740,-23226,2521
29741,6467,-13856
29742,17723,10715
29743,-8896,13781
29744,-11962,-13860
29745,22843,-16923
29746,8503,18908
29747,-20159,2523
29748,-3773,-17948
29749,-4794,19931
29750,-17073,-6689
29751,10570,-21014
29752,15683,9702
29753,-15029,10721
29754,-6833,-18965
29755,19782,-7697
29756,1349,25059
29757,-15027,-1564
29758,7498,-23056
29759,18753,11755
29760,-18102,-10767
29761,12612,-7691
29762,7489,18924
29763,-18102,6633
29764,3401,-19981
29765,24893,6640
29766,-5824,14825
29767,-20150,-9746
29768,14659,-17929
29769,14652,21997
29770,-17083,7658
29771,-698,-13839
29772,325,21991
29773,-16051,-1560
29774,12615,-17935
29775,15680,13803
29776,-15032,20961
29777,-14001,-14871
29778,20805,-10769
29779,5443,18918
29780,-20147,5604
29781,-3761,-22033
29782,20805,11754
29783,-23215,-13839
29784,15690,-12808
29785,15683,17904
29786,-10935,7661
29787,-9906,-24071
29788,22851,504
29789,-3771,24045
29790,-18098,-5648
29791,11593,-16903
29792,15682,13811
29793,-11960,12781
29794,-8883,-15883
29795,1356,14830
29796,-27302,5612
29797,-1701,-21001
29798,24911,3574
29799,1358,19949
29800,-10924,-15883
29801,18763,-18945
29802,10566,18934
29803,-20144,10737
29804,-1711,-25090
29805,19784,5628
29806,-28330,-515
29807,7507,-27125
29808,14668,4617
29809,-19114,14850
29810,-22175,-10744
29811,23894,-4597
29812,3413,17923
29813,-20129,6656
29814,3422,-20981
29815,27985,9735
29816,-6827,14848
29817,-21152,-14840
29818,13658,23037
29819,-12959,13815
29820,1376,-16896
29821,20822,511
29822,-681,24052
29823,-21150,-5641
29824,9566,-18943
29825,17750,12795
29826,-12963,22001
29827,-9886,-19973
29828,29012,-10751
29829,-20130,-6651
29830,-673,-26094
29831,19798,7695
29832,-8869,19974
29833,-18076,-17905
29834,25944,-9708
29835,20814,21002
29836,-18089,18945
29837,-9892,-31215
29838,21842,1552
29839,-6826,26116
29840,-24222,-4601
29841,21848,17919
29842,-20126,19958
29843,-7834,-20991
29844,26969,-8698
29845,6486,14847
29846,-27292,6652
29847,-4761,-12797
29848,30041,10750
29849,-3749,20980
29850,-8864,-16899
29851,18775,-13820
29852,-22174,6657
29853,-8857,-20980
29854,16735,4618
29855,9563,30204
29856,-26264,-3586
29857,14689,-29171
29858,24917,13831
29859,-22176,9731
29860,-11930,-12790
29861,25946,-1525
29862,4440,23040
29863,-25243,-1535
29864,26968,6654
29865,-5797,23027
29866,-30358,-19971
29867,16738,-8702
29868,11613,30196
29869,-17050,20970
29870,-2712,-23050
29871,18783,5620
29872,-3743,34276
29873,-22164,-4633
29874,12646,-25100
29875,-17041,29158
29876,-10891,-26125
29877,29031,-12806
29878,11618,16882
29879,-28304,-525
29880,8556,-26112
29881,29022,9724
29882,-15002,19955
29883,-22159,-12806
29884,20839,-9729
29885,20829,25075
29886,-23191,15852
29887,15714,-3602
29888,-14998,27105
29889,-20108,1504
29890,15725,-18966
29891,18788,14819
29892,-24208,19930
29893,-6796,-23066
29894,31077,-2584
29895,15710,28123
29896,-38543,4569
29897,-654,-9762
29898,3441,24019
29899,-14983,-17956
29900,22894,-13853
29901,16742,31188
29902,-28300,6609
29903,-9863,-28193
29904,29035,-6685
29905,7528,34259
29906,-17039,-5674
29907,20839,-30235
29908,22876,18908
29909,-23192,14805
29910,19807,-10789
29911,5469,27086
29912,-31379,6603
29913,-1682,-26152
29914,29024,-7716
29915,-17047,32205
29916,-25226,-21032
29917,-2696,471
29918,16752,31176
29919,-23172,13762
29920,-1667,-26161
29921,-3713,30145
29922,-30322,-6715
29923,5516,-32299
29924,31101,10704
29925,-15995,36287
29926,-11893,-26164
29927,36218,-8751
29928,14707,24006
29929,-25216,-5687
29930,-2686,-26154
29931,25974,-3624
29932,-20096,26060
29933,12666,-17963
29934,26989,19916
29935,-34434,6601
29936,-8829,-41506
29937,3458,-18968
29938,-4731,36311
29939,-28269,-3623
29940,19850,-29208
29941,21888,18911
29942,-10874,25043
29943,-2680,-25120
29944,8580,35279
29945,-34411,13769
29946,-1642,-35365
29947,36229,8663
29948,388,20941
29949,-22129,-18985
29950,20869,-15905
29951,21883,28114
29952,-28279,-1581
29953,-13936,-23073
29954,35199,-10779
29955,382,43472
29956,21876,-34335
29957,31077,-542
29958,-24207,18905
29959,-18054,-17950
29960,33130,-9753
29961,11621,31192
29962,-27277,14801
29963,370,-24099
29964,40287,5595
29965,-25236,27086
29966,-27270,-11820
29967,15731,28103
29968,-24193,5573
29969,-20087,-36393
29970,32122,-8740
29971,3449,29134
29972,-31351,-2608
29973,5511,-29217
29974,28026,20949
29975,-20092,33221
29976,-4729,-9782
29977,32120,-16941
29978,10611,32196
29979,3442,-32300
29980,32099,-2602
29981,-22162,28105
29982,-28292,-9778
29983,23921,-21031
29984,26980,32202
29985,-24208,457
29986,1391,-37412
29987,26978,-13853
29988,14683,31188
29989,-20123,32197
29990,18780,-15923
29991,33100,5579
29992,-16044,22976
29993,-35482,6589
29994,10593,-28213
29995,39246,4553
29996,4428,25021
29997,-30373,3516
29998,-6817,-39472
29999,38221,-11818
30000,23874,22987
30001,-14007,27070
30002,3400,-33329
30003,27963,16839
30004,-7873,35254
30005,4413,5556
30006,10552,-36410
30007,15665,-4663
30008,4399,34233
30009,-26308,8629
30010,-12989,-33338
30011,33075,-11828
30012,26918,16836
30013,-36552,-14900
30014,10547,-11822
30015,32036,21960
30016,3363,20926
30017,-26320,-10812
30018,7469,-30253
30019,35100,466
30020,5402,37312
30021,-32470,10683
30022,-14031,-19003
30023,15658,-34346
30024,5416,16846
30025,-13009,1485
30026,20773,-23079
30027,23834,22990
30028,-8929,42426
30029,-30418,-3652
30030,-2768,-28214
30031,26915,-6706
30032,22808,24003
30033,-33495,17851
30034,-16079,-33332
30035,-5836,-3634
30036,-6856,21956
30037,-26299,-28206
30038,24889,-24098
30039,29995,10713
30040,-17100,32202
30041,-27326,11717
30042,-4795,-32299
30043,28983,-12836
30044,-10947,9688
30045,-39599,7637
30046,-12968,-20001
30047,35143,-13850
30048,-28331,29144
30049,-25246,-14880
30050,15707,-39436
30051,29005,15853
30052,-690,38363
30053,-15018,-10783
30054,-39574,7646
30055,20832,-7710
30056,-29329,-9753
30057,20837,35286
30058,-20113,-31258
30059,-29314,-12819
30060,20852,24034
30061,-23168,-14870
30062,4478,37336
30063,-7806,-37397
30064,-18037,27102
30065,31100,-13851
30066,-9855,6626
30067,23926,11741
30068,-27260,-8734
30069,24952,18905
30070,-5765,-27161
30071,-25208,-5654
30072,34168,15843
30073,-18047,-31245
30074,11644,38369
30075,-643,-21012
30076,-26230,26080
30077,31099,-19990
30078,-38514,14819
30079,30080,-12822
30080,-18039,-7698
30081,31098,17894
30082,39271,8674
30083,-39557,-15894
30084,11638,4584
30085,-5767,-31240
30086,1400,29162
30087,-5765,-21003
30088,-12926,29159
30089,22903,-27147
30090,-24189,17901
30091,35186,-4624
30092,-14982,-11786
30093,38248,1525
30094,30042,10736
30095,-28312,-8715
30096,26971,26089
30097,-21146,-22028
30098,5476,25064
30099,14685,-28170
30100,-8862,25066
30101,19801,-24074
30102,-21148,29160
30103,18779,1511
30104,-38546,-15889
30105,-36480,6636
30106,32113,2539
30107,-33406,-9744
30108,15739,29154
30109,-13950,-15894
30110,14715,26078
30111,3450,-36368
30112,-17021,31201
30113,23928,-34318
30114,2423,14827
30115,31080,-2579
30116,-35462,-12812
30117,-32374,8688
30118,25982,-8715
30119,-34417,-3593
30120,20869,2550
30121,-18034,-28156
30122,21892,33268
30123,-635,-5641
30124,-9846,32232
30125,17794,-22029
30126,-24178,-1548
30127,29056,-5641
30128,17784,-26108
30129,-21117,17916
30130,25975,-11774
30131,-30330,8702
30132,28025,12792
30133,-9858,-35318
30134,9594,25086
30135,5496,-35312
30136,-5765,23045
30137,13685,-19953
30138,-24191,25091
30139,21879,-11767
30140,17775,-30184
30141,-22150,-7652
30142,38248,-7648
30143,-10898,4638
30144,25954,21012
30145,-6810,-32220
30146,9570,36371
30147,2401,-34268
30148,-4764,36371
30149,18779,-29150
30150,-676,21016
30151,2395,34312
30152,6488,-7668
30153,-26267,11783
30154,20827,-5622
30155,-29334,-3572
30156,26973,6665
30157,-19097,-24043
30158,6500,29191
30159,-8855,-21998
30160,-4756,35329
30161,12646,-26098
30162,-14994,2573
30163,-4751,16901
30164,22886,-22000
30165,-28300,12810
30166,31077,-3572
30167,-28301,-5617
30168,16747,8715
30169,-25224,-11759
30170,18799,22023
30171,18790,-30186
30172,-1689,29192
30173,21853,-20973
30174,8537,-26080
30175,-7843,23061
30176,10584,-26078
30177,-18079,17946
30178,19800,-6626
30179,-20126,7707
30180,20824,8727
30181,-21149,-15841
30182,-6809,-1504
30183,9571,-32208
30184,-5786,26148
30185,16734,-10710
30186,-3744,-25033
30187,-2718,27178
30188,13660,-20939
30189,-17051,15918
30190,29015,-14794
30191,-11939,-7622
30192,25937,21040
30193,-7851,-12745
30194,-682,38437
30195,-1705,-26062
30196,-3751,28197
30197,16721,24090
30198,-6827,-25049
30199,340,31256
30200,26951,-10722
30201,-29354,25106
30202,31047,-7658
30203,-27307,-489
30204,30023,2582
30205,-24237,-26077
30206,21833,32276
30207,-2741,-40408
30208,-7857,28187
30209,11594,32268
30210,-4787,-28134
30211,-6831,34314
30212,22854,-29159
30213,-22191,16913
30214,37183,-2541
30215,-29362,-9704
30216,25922,26124
30217,-10936,-28134
30218,11587,30220
30219,20793,-27110
30220,-5828,-17885
30221,-27318,26135
30222,23871,-16864
30223,-23221,-7644
30224,26942,3619
30225,-25269,-12758
30226,330,36377
30227,329,-11745
30228,-20141,21013
30229,17739,-28125
30230,-15021,-8664
30231,30021,9764
30232,31030,3619
30233,-18113,-15829
30234,17719,33307
30235,-18112,-18907
30236,319,27160
30237,14648,-28122
30238,-5829,13856
30239,28973,543
30240,-30404,-7645
30241,-707,546
30242,-3777,-28112
30243,-23221,-16839
30244,11590,21039
30245,325,-22981
30246,-9910,16947
30247,13636,-16836
30248,-23216,7737
30249,22853,-3525
30250,-7863,-13758
30251,9541,28213
30252,4419,-17858
30253,-14006,28209
30254,18753,-14791
30255,4415,-22971
30256,-8892,21051
30257,21818,-7617
30258,-12991,9787
30259,18744,-1476
30260,-25275,-11710
30261,10560,17978
30262,-2750,-25017
30263,-5819,17983
30264,14654,-22965
30265,-15034,17987
30266,325,15932
30267,8513,-9663
30268,-21172,3648
30269,28990,-2494
30270,-22199,-1469
30271,18752,17979
30272,-16056,-18875
30273,5446,23098
30274,4420,-22970
30275,-14005,20029
30276,10566,-8638
30277,-14003,-445
30278,-7855,23096
30279,21831,-2502
30280,-25260,8758
30281,18763,3637
30282,-26280,-7623
30283,22861,14898
30284,-15019,-18884
30285,9553,20019
30286,-3757,-25024
30287,-4778,27187
30288,14671,-19907
30289,-1712,-23991
30290,-11946,23102
30291,19789,-26037
30292,-18090,20034
30293,26953,-11704
30294,-28329,1607
30295,27978,7748
30296,-20140,-10678
30297,15693,19009
30298,-10925,-18869
30299,10574,30269
30300,1357,-23991
30301,-7855,-20908
30302,4431,33348
30303,4429,-29101
30304,-9902,29253
30305,17738,-20912
30306,-20140,15945
30307,27975,-3509
30308,-30378,4681
30309,20812,7750
30310,-23208,-15794
30311,16720,20037
30312,24900,6722
30313,-22193,-13751
30314,14664,23102
30315,-5813,-17849
30316,1354,23100
30317,3401,-23992
30318,-14000,14913
30319,22853,-14775
30320,-16051,6726
30321,27968,4676
30322,-20150,-7608
30323,19777,14913
30324,22838,3648
30325,-19136,-9659
30326,14649,15934
30327,-4804,-18872
30328,1339,20031
30329,7480,-14777
30330,-10946,20030
30331,18741,-7614
30332,-23231,7743
30333,22838,1598
30334,-15042,-9661
30335,-17081,1602
30336,18750,5696
30337,-15034,-8635
30338,12608,15934
30339,-14009,-13755
30340,5445,21051
30341,324,-21946
30342,-3770,23099
30343,17726,-18875
30344,-20152,15934
30345,23869,-13755
30346,-24247,1604
30347,-20141,12862
30348,27974,-13755
30349,-23214,3652
30350,28996,5698
30351,-22193,-12727
30352,23876,19008
30353,-7864,-19894
30354,9540,28221
30355,-5817,-17850
30356,-2743,15935
30357,17729,-13754
30358,-6843,-14770
30359,-5816,26178
30360,-695,-20915
30361,328,23106
30362,9540,-26033
30363,-10934,22085
30364,14659,-19889
30365,-11959,19014
30366,16705,4676
30367,-33454,1603
30368,25926,10814
30369,-18097,-20919
30370,-29346,3656
30371,26961,3655
30372,-18086,-7605
30373,11605,13893
30374,-20129,-11701
30375,11610,17987
30376,-2724,-19891
30377,7513,14918
30378,344,-12723
30379,-4773,17989
30380,9559,-14771
30381,6484,-15787
30382,-8871,8785
30383,20815,-1454
30384,-21158,-429
30385,16722,14924
30386,-8873,-12717
30387,2390,23112
30388,4436,-20909
30389,-16036,7760
30390,20818,-3502
30391,-25249,-6570
30392,15704,21068
30393,27979,4682
30394,-26280,-6578
30395,12626,17990
30396,-685,-31146
30397,4433,13904
30398,23878,-12713
30399,-26285,-424
30400,32068,8788
30401,-24240,-15780
30402,5454,23121
30403,333,-23971
30404,-11949,-19865
30405,10574,24156
30406,12616,-15772
30407,-27306,5730
30408,14671,3681
30409,-13994,-18837
30410,9554,24160
30411,6479,-18838
30412,-12970,11877
30413,26953,1636
30414,-17070,-5529
30415,17738,21085
30416,23871,13911
30417,-12986,-21918
30418,4420,31315
30419,7489,-27039
30420,-21172,23126
30421,23873,-9637
30422,-26290,-420
30423,17734,14933
30424,-16050,-17826
30425,4428,25170
30426,2379,-24993
30427,-4786,-22933
30428,-1713,24160
30429,15688,-20885
30430,-19118,13925
30431,23879,-410
30432,-25260,-8597
30433,16716,13925
30434,-4785,-19857
30435,-2735,21093
30436,12619,-13716
30437,-9904,11879
30438,17736,1638
30439,18751,-13715
30440,-17080,4715
30441,17728,4713
30442,-10938,-12688
30443,3397,18024
30444,6466,-13713
30445,-16054,9835
30446,11589,1642
30447,-11957,-8593
30448,8519,14952
30449,4421,-15760
30450,-6839,-15752
30451,-3765,21102
30452,11590,-10636
30453,-23214,2675
30454,15691,10862
30455,-8880,-16777
30456,-1711,20078
30457,8525,-10636
30458,-15019,4722
30459,27976,3697
30460,-21165,-11657
30461,19786,20078
30462,26941,6763
30463,-7871,-20874
30464,-702,29288
30465,3393,-20877
30466,-21172,9839
30467,23873,5741
30468,-16055,-16778
30469,8517,18030
30470,10560,-20871
30471,-15032,11892
30472,20798,-11654
30473,18741,-20859
30474,-20161,1668
30475,26930,8832
30476,-17093,-13689
30477,1338,22141
30478,14643,-24950
30479,-32445,9862
30480,20793,-1401
30481,-28345,-7541
30482,12609,23168
30483,-6843,-28018
30484,-21168,20101
30485,-2734,26233
30486,12620,-15743
30487,-18091,5759
30488,32070,6780
30489,-20144,-13693
30490,10571,25207
30491,7496,-12674
30492,-11954,22132
30493,11593,-395
30494,-16047,-7559
30495,3408,11892
30496,11595,9840
30497,-692,-20869
30498,-7856,19058
30499,19783,-3468
30500,-18096,3699
30501,20806,11886
30502,-5815,-16777
30503,-694,20078
30504,16706,-8589
30505,-23218,626
30506,16710,19049
30507,-4791,-23947
30508,-10929,-20864
30509,334,26228
30510,11593,-20865
30511,-20141,7804
30512,22856,7801
30513,-5813,-15743
30514,-692,21111
30515,10567,-12674
30516,-18096,1661
30517,13642,10872
30518,1353,-12673
30519,-5812,-14713
30520,-7856,16000
30521,14665,-7548
30522,-12976,-5497
30523,11595,16000
30524,-4786,-16759
30525,-7854,17025
30526,14667,-7547
30527,-18092,6786
30528,17740,7807
30529,-6832,-12666
30530,4430,21116
30531,10569,19059
30532,1352,-18819
30533,-3766,12919
30534,15683,-9604
30535,-18100,-1411
30536,15685,8825
30537,-8886,-12672
30538,-693,17016
30539,7496,-10626
30540,-17071,8826
30541,17737,-1413
30542,14658,-11647
30543,-18101,640
30544,15684,12922
30545,-699,-17789
30546,-2745,19066
30547,20797,-4483
30548,-21176,-3457
30549,21822,15992
30550,-10940,-9603
30551,-4793,29295
30552,20797,-12682
30553,-22200,6771
30554,-18095,11886
30555,27972,4716
30556,-15028,-11662
30557,10567,22120
30558,5445,-18830
30559,-10933,6767
30560,19778,-7565
30561,-10936,-396
30562,17728,14957
30563,4414,-10637
30564,-19128,2674
30565,-9907,9838
30566,15686,-4495
30567,-9909,3696
30568,16707,10859
30569,-6841,-11663
30570,3398,11884
30571,5444,-14732
30572,-4793,8816
30573,15680,-3470
30574,-15032,-6538
30575,4422,14959
30576,4420,-13706
30577,-3770,-16769
30578,-697,12921
30579,8515,-12672
30580,-18100,6781
30581,10567,4731
30582,-10931,-11647
30583,7498,14970
30584,14659,-9601
30585,-9912,11898
30586,14657,-1413
30587,-15031,-1412
30588,-11953,9848
30589,10570,-11650
30590,-12975,2685
30591,21831,7802
30592,-7861,-8577
30593,9543,19062
30594,-5814,-19840
30595,-3764,15993
30596,12614,-10625
30597,-15026,21109
30598,17734,3700
30599,-26285,-1419
30600,-21154,15982
30601,14679,4716
30602,-17056,-10638
30603,23893,14955
30604,-6823,-13710
30605,-1702,20073
30606,12628,-16782
30607,-18083,10861
30608,22866,-6543
30609,-18085,8813
30610,18770,11880
30611,22855,-1431
30612,-17072,-4500
30613,12618,14949
30614,-3764,-15763
30615,-3762,16997
30616,9546,-14739
30617,-15022,12903
30618,10573,-6549
30619,-16043,-6545
30620,12623,12905
30621,-5806,-11665
30622,1361,19046
30623,7502,12896
30624,-4783,-11674
30625,-1710,13920
30626,9550,-14744
30627,-6830,9828
30628,11597,-5529
30629,-15019,4709
30630,14670,-1434
30631,-12971,-4503
30632,14670,11876
30633,-9901,-9623
30634,-21154,-4500
30635,15703,13926
30636,-9892,-16785
30637,8536,22117
30638,4438,-16786
30639,-10916,19045
30640,14677,-12692
30641,-19105,8808
30642,18774,2663
30643,-19104,-12690
30644,12634,12904
30645,-4771,-18830
30646,-12956,-5515
30647,10591,10864
30648,-5790,-14728
30649,2401,14961
30650,5471,-13704
30651,-9884,7797
30652,20826,-394
30653,-8865,-6534
30654,9563,18034
30655,-5794,-13703
30656,-673,15986
30657,7516,12908
30658,2395,-13709
30659,-1700,8815
30660,12630,-7565
30661,-21151,-396
30662,9565,4722
30663,-11933,-13703
30664,4449,12915
30665,1376,-16772
30666,-4765,12918
30667,14684,-10628
30668,-15004,3707
30669,-10902,7800
30670,18785,-1415
30671,-9882,-5508
30672,7523,18036
30673,-668,-13701
30674,-7832,15988
30675,16736,-8583
30676,-11930,1656
30677,11617,7797
30678,-3741,-10629
30679,3426,17011
30680,8542,12909
30681,3421,-16778
30682,-7839,12912
30683,20823,-5517
30684,-18080,-396
30685,16728,11887
30686,-8867,-11659
30687,-674,14958
30688,6491,-11660
30689,-9888,4722
30690,15705,-397
30691,-19101,-3467
30692,-19091,-2441
30693,18788,10866
30694,-6808,-17797
30695,1383,18035
30696,9571,-14725
30697,-9880,10870
30698,16736,-1417
30699,-12953,-6533
30700,9571,20082
30701,1378,-15750
30702,-7834,21104
30703,-665,22118
30704,10594,-14738
30705,-13975,9834
30706,19808,617
30707,-15000,-8594
30708,10595,15975
30709,-2715,-18831
30710,-4760,17001
30711,17760,-11665
30712,-13977,4717
30713,20829,6762
30714,-13980,-7570
30715,-12949,621
30716,10598,8809
30717,-11924,-4500
30718,9576,14949
30719,2407,-11669
30720,-10899,19042
30721,3436,-4507
30722,-16012,3684
30723,16748,611
30724,-14988,-4506
30725,10607,18014
30726,16743,-5535
30727,-13970,608
30728,10601,18008
30729,-1686,-17823
30730,1385,11868
30731,14690,-16795
30732,-11928,5731
30733,22877,-412
30734,-16027,-7576
30735,13663,16992
30736,-6813,-17815
30737,3426,14946
30738,3425,21080
30739,1376,-8611
30740,-11930,15958
30741,16734,-6566
30742,-18073,-421
30743,12641,9815
30744,-3741,-14753
30745,7520,20054
30746,1375,-14754
30747,-6813,11865
30748,15708,-18845
30749,20818,-5530
30750,-13991,11873
30751,14674,4703
30752,-5803,-9628
30753,14670,23129
30754,2381,-18845
30755,-2737,22105
30756,3406,-17822
30757,-13995,13916
30758,20811,1627
30759,-19115,-7585
30760,19788,4701
30761,10567,9817
30762,-16049,-13728
30763,8523,15961
30764,-1716,-17822
30765,-4785,19033
30766,11594,-12704
30767,-13999,5726
30768,18760,2653
30769,-11954,-418
30770,2381,9818
30771,-690,-13727
30772,-9901,-7579
30773,7504,10848
30774,-4781,-6556
30775,-684,12894
30776,3411,-11676
30777,-2731,9824
30778,8529,-6556
30779,-9898,9824
30780,12624,-415
30781,-12969,-414
30782,12625,7775
30783,-9898,-10651
30784,-15010,-3481
30785,13656,10850
30786,-10914,-10648
30787,2397,16992
30788,-674,-17815
30789,-7838,15970
30790,16730,-13719
30791,-15006,3688
30792,18777,4710
30793,-13984,-6550
30794,11611,15971
30795,15700,5729
30796,-7848,-9626
30797,6485,15967
30798,5459,-10651
30799,-9896,14942
30800,13650,-3488
30801,-16038,-1439
30802,14675,7774
30803,-10919,-15770
30804,3416,14943
30805,4438,-12698
30806,-4775,9826
30807,-4772,14939
30808,8536,-10655
30809,-11938,5727
30810,20820,-416
30811,-12965,-3486
30812,10582,11869
30813,341,-10653
30814,-5800,16987
30815,10579,-9632
30816,-13990,3679
30817,13652,8795
30818,13646,-1444
30819,-18089,-6560
30820,10578,13914
30821,337,-19868
30822,-6827,15965
30823,15694,-10653
30824,-15018,4705
30825,16718,3680
30826,-8877,-10650
30827,5457,12896
30828,3408,-10650
30829,-10922,11873
30830,-5799,13915
30831,11604,-7585
30832,-9895,-416
30833,10580,4702
30834,-1707,-10652
30835,-1706,12894
30836,6483,-8605
30837,-11943,7776
30838,10580,-1439
30839,-7848,-3485
30840,8532,10846
30841,10575,4700
30842,-6829,-6560
30843,4433,10843
30844,2384,-12702
30845,-5805,9822
30846,10574,-2464
30847,-7854,-1439
30848,9550,8797
30849,-6830,-8606
30850,1361,11869
30851,5455,-7583
30852,-7853,8797
30853,-2731,12887
30854,9553,-5542
30855,-7851,1625
30856,7506,6742
30857,-2732,-6566
30858,339,7767
30859,8527,-5542
30860,-7853,2649
30861,10574,4695
30862,-4783,-8612
30863,1360,12886
30864,3407,11857
30865,6476,-10665
30866,-4785,8787
30867,11594,594
30868,-8881,-4523
30869,3406,9809
30870,1357,-9642
30871,-7855,10833
30872,13643,-1454
30873,-16045,-3500
30874,11598,8784
30875,-2736,-15784
30876,335,-11682
30877,-3759,14935
30878,9549,-4518
30879,-12972,2649
30880,12622,13907
30881,-3760,-14757
30882,-6828,18003
30883,7505,-6569
30884,-17062,1622
30885,11605,16974
30886,-1706,-16809
30887,341,-10659
30888,-6823,11864
30889,2392,-8611
30890,-18079,2652
30891,14682,9816
30892,1369,-8611
30893,3416,15958
30894,16720,-10660
30895,-19110,5722
30896,12628,8790
30897,-5801,-15778
30898,-2727,15959
30899,2392,14928
30900,2391,-14760
30901,-12962,8788
30902,15703,595
30903,-8868,-6569
30904,14677,15952
30905,6482,-13737
30906,-16038,4693
30907,14675,-7591
30908,-11943,-8610
30909,7510,11865
30910,9554,15954
30911,-8873,-14758
30912,342,11861
30913,11601,-12708
30914,-15015,-1443
30915,13651,13911
30916,-6825,-13730
30917,-5798,9818
30918,12628,-6562
30919,-17059,605
30920,12631,12887
30921,-3751,-11683
30922,-10913,-6559
30923,-3743,13915
30924,9565,-12702
30925,-11933,1633
30926,4449,15962
30927,-1694,-9633
30928,-5787,11866
30929,11616,-2468
30930,-7836,-5537
30931,9568,10842
30932,4446,-6562
30933,-3744,-7582
30934,-7836,4704
30935,18779,607
30936,-4770,-3487
30937,2397,14938
30938,5467,-11680
30939,-8864,7773
30940,12634,2652
30941,-6818,-10654
30942,2397,9822
30943,8537,-5535
30944,-11937,2656
30945,-9884,7773
30946,15709,2652
30947,-8862,-7584
30948,3425,13914
30949,4447,-10656
30950,-12954,8796
30951,12640,3675
30952,-8859,-13726
30953,1380,15963
30954,9568,-10655
30955,-9883,7774
30956,-8854,9818
30957,15715,3673
30958,-11927,-6563
30959,6502,15958
30960,6499,-11684
30961,-7833,11863
30962,12641,598
30963,-8858,-5543
30964,4452,11860
30965,2403,-13733
30966,-7833,7768
30967,15712,1623
30968,9564,-6565
30969,-7840,602
30970,10587,4696
30971,-4770,-5541
30972,-673,8791
30973,8539,-6565
30974,-10911,5721
30975,352,1624
30976,-4765,-7588
30977,1378,10839
30978,4448,-9636
30979,-1695,-9631
30980,-4764,9821
30981,5474,-2465
30982,-4763,-3487
30983,9569,7774
30984,2400,605
30985,-10906,7770
30986,12640,-421
30987,-8859,-6561
30988,7522,8795
30989,5472,-10655
30990,-8859,7774
30991,-4760,8794
30992,7525,-10656
30993,-9878,-1439
30994,5480,15962
30995,-5781,-7586
30996,-8848,8794
30997,9580,-5539
30998,-12941,-2465
30999,7536,13913
31000,1391,-10657
31001,-2703,7772
31002,-7819,10839
31003,12655,-1448
31004,-4750,599
31005,1393,10834
31006,4463,-5547
31007,-8844,3668
31008,7537,3667
31009,-3725,-7593
31010,-3723,8787
31011,6514,-1452
31012,-6794,-3498
31013,5492,8786
31014,5490,12876
31015,2417,-7600
31016,-10889,5710
31017,11634,589
31018,-5771,-8622
31019,372,11853
31020,10607,-6575
31021,-8844,3664
31022,10607,2639
31023,-5774,-5550
31024,2417,13900
31025,6510,11847
31026,365,-8628
31027,-4752,10823
31028,10603,-3511
31029,-10895,-2485
31030,7534,5705
31031,-5775,-8626
31032,-654,9802
31033,8558,-7602
31034,-6798,1613
31035,9582,8777
31036,-5775,-6579
31037,-6795,-2481
31038,4467,8779
31039,2418,-7601
31040,-2700,6732
31041,9584,-1459
31042,-9867,-5552
31043,372,10827
31044,8560,-9648
31045,-9867,3663
31046,13679,7756
31047,-5774,-9647
31048,-5771,-6571
31049,3444,13903
31050,5490,-7597
31051,-8841,3666
31052,7540,4688
31053,-651,-6572
31054,-3721,6737
31055,9587,592
31056,-4746,-4525
31057,373,9807
31058,6514,-3503
31059,-11912,-430
31060,-10882,4688
31061,8570,4686
31062,-6786,-8621
31063,2429,15948
31064,6522,-5553
31065,-9857,2638
31066,11642,13896
31067,-1669,-7604
31068,-3715,9800
31069,6522,583
31070,-6786,582
31071,-8829,-2488
31072,386,3655
31073,5504,-7605
31074,-5757,4681
31075,10622,3656
31076,-5759,-6580
31077,1408,12870
31078,6525,-7606
31079,-10877,2633
31080,11646,4679
31081,-5759,-8628
31082,1408,9800
31083,2431,9796
31084,6524,-5561
31085,-6784,1606
31086,6525,4676
31087,1404,-5561
31088,-3714,6724
31089,10617,579
31090,-4740,-5562
31091,2427,13888
31092,6520,-6588
31093,-11906,3651
31094,-6782,6720
31095,11645,6717
31096,-5760,-6591
31097,-639,9789
31098,3456,-4544
31099,-6780,3647
31100,6529,2622
31101,384,-6590
31102,-2686,4672
31103,6527,1599
31104,-6781,-448
31105,6528,5694
31106,7549,3645
31107,-1666,-3521
31108,3453,7740
31109,2428,-4545
31110,-5761,5693
31111,7548,572
31112,-3714,-3522
31113,6523,5692
31114,378,-5569
31115,-3716,8763
31116,7545,-4546
31117,2424,-5567
31118,-2694,4671
31119,8566,-1472
31120,-6790,-2494
31121,3449,7743
31122,376,-5566
31123,-2694,5696
31124,8566,-447
31125,-6790,-2493
31126,4472,8767
31127,3447,-8636
31128,-6789,6721
31129,-4738,9789
31130,10617,-3521
31131,-8834,-1472
31132,7547,6717
31133,378,-6591
31134,-3716,7742
31135,6521,573
31136,-4740,-2497
31137,1403,6716
31138,4473,-4545
31139,-5764,2622
31140,-4737,3645
31141,9595,1596
31142,-4738,-7616
31143,1405,10811
31144,6522,-7617
31145,-10880,3646
31146,8572,1597
31147,-5761,-7615
31148,2430,10812
31149,4476,-6592
31150,-5761,3647
31151,7548,1598
31152,7545,-449
31153,-3717,-2495
31154,4473,7742
31155,5495,-4543
31156,-5766,3648
31157,6519,2623
31158,-2695,-5566
31159,376,8766
31160,7541,-6590
31161,-7815,3649
31162,9589,4671
31163,9585,2622
31164,-7819,-4543
31165,3444,9789
31166,2419,-6591
31167,-4746,5695
31168,7539,574
31169,-4746,-2496
31170,2421,7741
31171,1396,-5568
31172,-4745,3647
31173,6516,2622
31174,-2698,-4543
31175,-4743,-2493
31176,4471,7744
31177,1398,-6588
31178,-6790,6721
31179,9590,-446
31180,-7814,-2492
31181,6519,7745
31182,374,-9658
31183,-3720,8770
31184,7541,-1469
31185,-7815,578
31186,-6787,2625
31187,8569,576
31188,-4740,-3518
31189,4474,8766
31190,2425,-7614
31191,-4740,8766
31192,7545,-3520
31193,-6787,-447
31194,8569,5695
31195,-2693,-5566
31196,1402,8766
31197,3449,-6590
31198,376,-8633
31199,-2694,5701
31200,9590,-3513
31201,-7814,582
31202,7543,5700
31203,-4742,-7608
31204,1401,7749
31205,5495,-5560
31206,-5766,3655
31207,7543,3654
31208,-3719,-5559
31209,-4740,-4532
31210,379,6729
31211,5497,-3509
31212,-5764,586
31213,4474,6727
31214,2425,-5558
31215,-5764,5704
31216,7545,1607
31217,-5764,-4534
31218,2427,7751
31219,5497,-6581
31220,-5764,2634
31221,-3714,4680
31222,6523,2631
31223,-2691,-3511
31224,-1666,5703
31225,5500,-2487
31226,-4737,-2485
31227,4477,7752
31228,4475,-6580
31229,-6785,5706
31230,10618,3657
31231,-3716,-7603
31232,-4737,-5552
31233,1406,6733
31234,5500,-2481
31235,-3714,590
31236,3453,4684
31237,2428,-4529
31238,-4737,3662
31239,7548,3661
31240,-2690,-6575
31241,-1665,7758
31242,7548,-3504
31243,-6784,591
31244,-5757,2638
31245,4481,5708
31246,1408,-3506
31247,-4733,3661
31248,6528,588
31249,-1663,-3506
31250,-638,6731
31251,5504,-4530
31252,-6780,1613
31253,7553,3660
31254,-638,-5553
31255,-4731,-5550
31256,1412,9806
31257,3459,-1457
31258,-7801,2638
31259,7556,4684
31260,-2682,-7600
31261,-633,7757
31262,6532,-3505
31263,-5753,590
31264,5509,4684
31265,-1658,-4529
31266,-633,5709
31267,-1656,6730
31268,5510,-437
31269,-5751,2634
31270,6534,2633
31271,-3704,-3509
31272,1415,5705
31273,2438,-4532
31274,-3704,4682
31275,5510,1609
31276,-4727,-438
31277,5511,5704
31278,7556,3655
31279,-2682,-3511
31280,2437,6726
31281,2436,-3512
31282,-2682,5702
31283,6531,-441
31284,-5754,-440
31285,4484,4678
31286,-1659,-3512
31287,388,6725
31288,4482,-4536
31289,-4731,3655
31290,-2681,6724
31291,6532,-2490
31292,-4729,581
31293,6532,2628
31294,-2682,-4537
31295,2437,6724
31296,3460,-4537
31297,-4729,5701
31298,6532,-442
31299,-7800,-1465
31300,5510,4677
31301,7555,2628
31302,-4730,-2490
31303,3461,6723
31304,-634,-5562
31305,-3704,6723
31306,6533,-4538
31307,-4728,1605
31308,8580,1604
31309,-3706,-4537
31310,2437,8771
31311,2436,-5562
31312,-3706,5700
31313,-633,5698
31314,5509,-2492
31315,-3705,1603
31316,5509,2626
31317,-2681,-2492
31318,390,5698
31319,2437,-2492
31320,-2681,2627
31321,4485,2626
31322,-1658,-1469
31323,1413,5697
31324,2436,6718
31325,1411,-3520
31326,-3707,3647
31327,5507,-448
31328,-3707,-1471
31329,4483,3648
31330,386,-6588
31331,-4731,6721
31332,2436,-2493
31333,-4729,1602
31334,4485,2625
31335,2436,-4540
31336,387,-3514
31337,-3707,4676
31338,5507,1603
31339,-3707,-2491
31340,1412,6722
31341,5506,-4539
31342,-4731,2628
31343,6530,1603
31344,-1661,-3515
31345,-636,4675
31346,4482,-1468
31347,3457,-1467
31348,-2685,-442
31349,3458,4676
31350,385,-4537
31351,-2685,1606
31352,6528,-1465
31353,-4733,-2487
31354,2434,7750
31355,1409,-441
31356,-4732,582
31357,3459,1605
31358,386,-4536
31359,-1661,-4533
31360,-636,5705
31361,5506,-2485
31362,-4731,586
31363,5507,3657
31364,-636,-3509
31365,-1659,4681
31366,4483,-438
31367,-2683,-437
31368,1412,4681
31369,3459,-1462
31370,3458,-3508
31371,-4731,2635
31372,6530,2634
31373,-1661,-3508
31374,1410,6729
31375,2433,-4532
31376,-1662,587
31377,4480,3658
31378,383,-3508
31379,-640,3659
31380,4478,1610
31381,-1665,-1461
31382,-2687,-436
31383,3456,5706
31384,2431,-3508
31385,-3711,3659
31386,5503,1610
31387,-2687,-2484
31388,2432,4682
31389,2431,-2484
31390,-2687,1611
31391,4479,2634
31392,-640,-1461
31393,-1663,-436
31394,1408,3659
31395,2431,-2483
31396,-2687,2636
31397,4479,1611
31398,-640,-1460
31399,1407,4682
31400,2430,-2484
31401,-2688,3659
31402,5502,586
31403,-1665,-1461
31404,3454,5705
31405,4476,2632
31406,-643,-3510
31407,-1666,4680
31408,4476,-1463
31409,-3714,1608
31410,5500,2631
31411,-2690,-2487
31412,1405,5703
31413,2428,-2487
31414,-2690,3656
31415,3453,583
31416,4475,-440
31417,-2691,583
31418,1404,3654
31419,1403,-1465
31420,-644,3654
31421,3451,-441
31422,-2691,582
31423,2428,3653
31424,2427,-1466
31425,-644,3653
31426,3451,580
31427,-2691,-443
31428,-2689,580
31429,3454,3651
31430,381,-2491
31431,-642,4675
31432,4476,-1468
31433,-3714,1603
31434,4476,2626
31435,-643,-2492
31436,1404,4674
31437,3451,-2492
31438,-1668,2627
31439,-1667,3650
31440,4475,-445
31441,-2691,-444
31442,3452,3651
31443,379,-2491
31444,-644,4675
31445,3451,-1468
31446,-3715,1603
31447,3452,1602
31448,-1667,-2492
31449,380,3651
31450,2427,-2491
31451,378,-2489
31452,-645,3654
31453,3450,-441
31454,-2692,-440
31455,2427,3655
31456,1402,-1464
31457,-1669,1607
31458,3450,1606
31459,-645,-1465
31460,378,4677
31461,3449,-1466
31462,2424,-2488
31463,-1671,2631
31464,4471,1606
31465,-648,-1465
31466,-647,3654
31467,2424,-441
31468,-1671,582
31469,1400,2629
31470,1399,-1466
31471,-1672,2629
31472,4470,1604
31473,-1673,-1467
31474,-1672,-442
31475,2423,3653
31476,1398,-1466
31477,-1673,2629
31478,2422,1604
31479,-649,-1467
31480,374,3652
31481,3445,-443
31482,-1674,580
31483,3445,3651
31484,372,-2491
31485,-651,-1466
31486,372,3653
31487,2419,-442
31488,-1676,581
31489,2419,2628
31490,1394,-1467
31491,-1677,2628
31492,3442,1603
31493,-1677,-444
31494,1394,4674
31495,1393,-1469
31496,-1678,2626
31497,-653,3649
31498,3442,576
31499,-1677,575
31500,2418,2622
31501,369,-1473
31502,-654,2622
31503,2417,573
31504,-654,-450
31505,1393,2621
31506,1392,-450
31507,-655,1597
31508,-654,2620
31509,3441,-451
31510,-654,-450
31511,2417,3645
31512,1392,-1474
31513,-1679,2621
31514,3440,572
31515,-1679,571
31516,2416,3642
31517,367,-1477
31518,-656,3642
31519,2415,-453
31520,2414,-1476
31521,-1681,1595
31522,3438,1594
31523,-657,-1477
31524,366,2618
31525,2413,-453
31526,-1682,1594
31527,2413,1593
31528,364,-454
31529,363,2617
31530,1386,-454
31531,1385,-453
31532,-662,1594
31533,2409,1593
31534,360,-454
31535,359,2617
31536,2406,-454
31537,-665,1593
31538,2406,568
31539,-665,-455
31540,1382,2616
31541,357,-455
31542,-666,2616
31543,357,2615
31544,1380,-456
31545,-1691,1591
31546,2404,1590
31547,-667,-457
31548,1380,2614
31549,1379,-457
31550,354,2614
31551,2401,565
31552,-670,564
31553,2401,2611
31554,2400,1586
31555,-671,-461
31556,1376,2610
31557,351,-461
31558,-672,2610
31559,2399,561
31560,-672,560
31561,2399,1583
31562,350,-464
31563,349,2607
31564,1372,-464
31565,-675,1583
31566,348,2606
31567,2395,557
31568,-676,556
31569,2395,1579
31570,346,-468
31571,345,2603
31572,1368,-468
31573,-679,1579
31574,2392,554
31575,-679,553
31576,1368,2600
31577,1367,1575
31578,342,-472
31579,341,2599
31580,2388,550
31581,-683,549
31582,1364,2596
31583,339,-475
31584,-684,2596
31585,2387,547
31586,-684,546
31587,1363,1569
31588,338,-478
31589,337,-477
31590,336,1570
31591,1359,545
31592,334,544
31593,333,1567
31594,1356,-480
31595,-691,543
31596,1356,1566
31597,331,-481
31598,330,2590
31599,1353,541
31600,1352,-482
31601,-695,1565
31602,1352,540
31603,-695,539
31604,1352,2586
31605,327,-485
31606,326,2586
31607,1349,-485
31608,-698,1562
31609,2373,1561
31610,324,-486
31611,1347,1561
31612,1346,1560
31613,321,-487
31614,320,2584
31615,1343,535
31616,-704,1558
31617,1343,1557
31618,318,532
31619,1341,1555
31620,1340,530
31621,315,1553
31622,1338,528
31623,1337,527
31624,312,526
31625,1335,525
31626,310,524
31627,1333,1547
31628,308,522
31629,307,1545
31630,1330,520
31631,305,1543
31632,1328,518
31633,303,517
31634,1326,1540
31635,1325,1539
31636,300,514
31637,299,1537
31638,1322,512
31639,297,1535
31640,1320,510
31641,295,509
31642,1318,1532
31643,1317,507
31644,292,1530
31645,1315,505
31646,1314,504
31647,289,1527
31648,1312,1526
31649,287,501
31650,286,1524
31651,1309,499
31652,284,1522
31653,1307,497
31654,282,496
31655,1305,1519
31656,280,494
31657,279,1517
31658,278,1516
31659,1301,491
31660,276,1514
31661,1299,1513
31662,274,488
31663,273,1511
31664,1296,486
31665,271,485
31666,1294,1508
31667,269,483
31668,268,1506
31669,267,1505
31670,1290,480
31671,265,479
31672,264,1502
31673,1287,477
31674,262,476
31675,1285,1499
31676,1284,474
31677,259,1497
31678,1282,472
31679,257,471
31680,256,1494
31681,1279,1493
31682,1278,468
31683,253,467
31684,1276,466
31685,251,465
31686,250,1488
31687,1273,463
31688,248,462
31689,247,1485
31690,1270,460
31691,245,459
31692,244,458
31693,1267,1481
31694,242,456
31695,241,1479
31696,1264,454
31697,239,453
31698,1262,1476
31699,237,451
31700,236,1474
31701,1259,1473
31702,234,448
31703,233,1471
31704,232,1470
31705,1255,445
31706,230,444
31707,1253,443
31708,228,442
31709,227,1465
31710,1250,440
31711,225,439
31712,1248,1462
31713,223,437
31714,222,1460
31715,221,1459
31716,220,434
31717,219,433
31718,1242,1456
31719,217,431
31720,216,1454
31721,1239,429
31722,214,428
31723,1237,1451
31724,212,426
31725,211,1449
31726,1234,424
31727,1233,423
31728,208,422
31729,1231,1445
31730,206,420
31731,205,1443
31732,1228,418
31733,203,417
31734,1226,416
31735,201,415
31736,200,1438
31737,1223,413
31738,198,412
31739,197,411
31740,1220,1434
31741,195,409
31742,194,1432
31743,193,407
31744,192,406
31745,1215,1429
31746,190,404
31747,189,1427
31748,1212,402
31749,187,401
31750,186,400
31751,1209,1423
31752,184,398
31753,183,1421
31754,1206,396
31755,181,395
31756,1204,1418
31757,179,393
31758,178,1416
31759,1201,391
31760,176,390
31761,175,389
31762,1198,1412
31763,173,387
31764,172,1410
31765,1195,385
31766,170,384
31767,169,1407
31768,168,382
31769,167,381
31770,1190,380
31771,165,379
31772,164,1402
31773,163,1401
31774,1186,376
31775,161,375
31776,1184,1398
31777,159,373
31778,158,1396
31779,1181,371
31780,156,370
31781,155,1393
31782,154,368
31783,153,1391
31784,152,1390
31785,1175,365
31786,150,364
31787,1173,1387
31788,148,362
31789,147,1385
31790,1170,360
31791,145,359
31792,144,358
31793,143,357
31794,142,1380
31795,1165,1379
31796,1164,354
31797,139,353
31798,1162,1376
31799,1161,351
31800,136,350
31801,1159,349
31802,134,348
31803,133,1371
31804,1156,346
31805,131,345
31806,1154,1368
31807,1153,1367
31808,128,342
31809,127,1365
31810,1150,340
31811,125,339
31812,1148,1362
31813,123,337
31814,122,1360
31815,1145,335
31816,120,334
31817,1143,1357
31818,118,332
31819,117,331
31820,116,1354
31821,1139,329
31822,114,328
31823,113,1351
31824,112,326
31825,111,1349
31826,1134,324
31827,109,323
31828,108,1346
31829,1131,321
31830,1130,320
31831,105,1343
31832,1128,1342
31833,103,317
31834,102,1340
31835,1125,315
31836,100,314
31837,1123,1337
31838,98,312
31839,97,1335
31840,96,310
31841,95,309
31842,94,308
31843,1117,307
31844,92,306
31845,91,1329
31846,1114,304
31847,89,303
31848,1112,1326
31849,1111,301
31850,86,1324
31851,1109,299
31852,84,298
31853,83,297
31854,1106,1320
31855,1105,295
31856,80,1318
31857,1103,293
31858,78,292
31859,77,1315
31860,1100,290
31861,75,1313
31862,1098,1312
31863,73,287
31864,72,1310
31865,71,1309
31866,1094,284
31867,69,1307
31868,1092,1306
31869,67,281
31870,66,1304
31871,1089,279
31872,64,278
31873,1087,277
31874,62,276
31875,61,1299
31876,60,1298
31877,1083,273
31878,58,272
31879,1081,271
31880,56,270
31881,55,1293
31882,54,268
31883,53,267
31884,1076,266
31885,51,265
31886,50,1288
31887,1073,263
31888,1072,262
31889,47,261
31890,1070,1284
31891,45,259
31892,44,1282
31893,1067,257
31894,42,256
31895,1065,1279
31896,1064,254
31897,39,1277
31898,1062,252
31899,1061,251
31900,36,250
31901,1059,1273
31902,34,248
31903,33,1271
31904,1056,246
31905,31,245
31906,1054,244
31907,1053,243
31908,28,1266
31909,1051,241
31910,26,240
31911,25,239
31912,24,238
31913,23,237
31914,22,1260
31915,1045,235
31916,20,234
31917,19,1257
31918,1042,232
31919,17,231
31920,1040,1254
31921,15,229
31922,14,228
31923,13,1251
31924,1036,226
31925,11,225
31926,1034,1248
31927,9,223
31928,8,1246
31929,1031,221
31930,6,220
31931,1029,1243
31932,4,218
31933,3,1241
31934,2,1240
31935,1025,215
31936,0,214
31937,1023,1237
31938,0,212
31939,0,211
31940,1023,210
31941,0,209
31942,0,1232
31943,1023,207
31944,0,206
31945,0,205
31946,1023,1228
31947,0,203
31948,0,1226
31949,1023,201
31950,0,200
31951,1023,1223
31952,0,198
31953,0,1221
31954,1023,196
31955,0,195
31956,1023,1218
31957,1022,193
31958,-1,192
31959,0,1215
31960,1023,190
31961,0,189
31962,1023,1212
31963,0,187
31964,0,1210
31965,1023,185
31966,0,184
31967,0,1207
31968,1023,1206
31969,0,181
31970,0,1204
31971,1023,179
31972,0,178
31973,0,1201
31974,1023,176
31975,0,175
31976,1023,1198
31977,0,173
31978,0,1196
31979,1023,171
31980,1022,170
31981,-1,169
31982,1022,1192
31983,-1,167
31984,0,1190
31985,1023,165
31986,0,164
31987,0,1187
31988,0,162
31989,0,161
31990,0,1184
31991,1023,1183
31992,0,158
31993,0,1181
31994,1023,156
31995,0,155
31996,1023,1178
31997,0,153
31998,0,1176
31999,1023,151
32000,0,150
32001,1023,1173
32002,0,148
32003,0,147
32004,0,1170
32005,1023,145
32006,0,144
32007,1023,1167
32008,0,142
32009,0,141
32010,1023,140
32011,0,139
32012,0,1162
32013,0,137
32014,0,136
32015,0,135
32016,1023,134
32017,0,133
32018,0,1156
32019,1023,131
32020,0,130
32021,1023,1153
32022,0,128
32023,0,1151
32024,1023,126
32025,0,125
32026,0,124
32027,1023,1147
32028,0,122
32029,0,1145
32030,1023,120
32031,0,119
32032,0,1142
32033,1023,117
32034,0,116
32035,1023,1139
32036,0,114
32037,0,113
32038,0,1136
32039,1023,111
32040,0,110
32041,1023,1133
32042,0,108
32043,0,1131
32044,1023,106
32045,0,105
32046,0,1128
32047,0,103
32048,0,1126
32049,0,1125
32050,1023,100
32051,0,99
32052,1023,1122
32053,0,97
32054,0,96
32055,1023,95
32056,0,94
32057,0,93
32058,1023,92
32059,0,91
32060,0,90
32061,1023,1113
32062,0,88
32063,0,1111
32064,1023,86
32065,0,85
32066,1023,1108
32067,0,83
32068,0,1106
32069,1023,81
32070,0,80
32071,0,1103
32072,1023,1102
32073,0,77
32074,0,1100
32075,1023,75
32076,0,74
32077,0,1097
32078,1023,72
32079,0,71
32080,0,1094
32081,0,69
32082,0,68
32083,0,1091
32084,1023,66
32085,0,65
32086,1023,1088
32087,0,63
32088,0,1086
32089,1023,61
32090,0,60
32091,0,1083
32092,0,58
32093,0,1081
32094,1023,56
32095,1022,55
32096,-1,54
32097,1022,1077
32098,-1,52
32099,0,1075
32100,1023,50
32101,0,49
32102,0,1072
32103,1023,47
32104,0,46
32105,0,45
32106,1023,44
32107,0,43
32108,0,1066
32109,1023,41
32110,0,40
32111,1023,1063
32112,0,38
32113,0,37
32114,1023,36
32115,0,35
32116,0,1058
32117,0,33
32118,0,32
32119,0,31
32120,1023,30
32121,0,29
32122,0,1052
32123,1023,27
32124,0,26
32125,1023,25
32126,0,24
32127,0,1047
32128,1023,22
32129,0,21
32130,0,20
32131,0,1043
32132,1023,18
32133,0,1041
32134,1023,16
32135,0,15
32136,0,1038
32137,0,13
32138,0,12
32139,1023,1035
32140,0,10
32141,0,9
32142,0,1032
32143,0,7
32144,0,6
32145,1023,5
32146,0,4
32147,0,1027
32148,0,2
32149,0,1
32150,1023,1024
32151,0,0
32152,0,0
32153,0,0
32154,1023,0
32155,0,0
32156,0,1023
32157,1023,0
32158,0,0
32159,1023,1023
32160,0,0
32161,0,1023
32162,1023,0
32163,0,0
32164,0,0
32165,1023,0
32166,0,0
32167,0,1023
32168,1023,0
32169,0,0
32170,1023,1023
32171,0,0
32172,0,1023
32173,1023,0
32174,0,0
32175,0,0
32176,0,1023
32177,1023,0
32178,0,0
32179,1023,0
32180,0,0
32181,0,1023
32182,1023,0
32183,0,1023
32184,1023,1022
32185,0,-1
32186,0,1022
32187,0,1021
32188,1023,-2
32189,0,-1
32190,0,1022
32191,0,-1
32192,0,0
32193,1023,0
32194,0,0
32195,0,1023
32196,1023,0
32197,0,0
32198,0,0
32199,1023,0
32200,0,0
32201,0,1023
32202,1023,0
32203,0,0
32204,1023,1023
32205,0,0
32206,0,1023
32207,1023,0
32208,0,0
32209,0,1023
32210,0,0
32211,0,0
32212,0,0
32213,1023,1023
32214,0,0
32215,0,0
32216,1023,0
32217,0,0
32218,1023,1023
32219,1022,0
32220,-1,1023
32221,0,1022
32222,1023,-1
32223,0,0
32224,0,1023
32225,0,0
32226,0,0
32227,1023,1023
32228,0,0
32229,0,1023
32230,1023,0
32231,0,0
32232,1023,1023
32233,1022,1022
32234,-1,-1
32235,0,1022
32236,1023,-1
32237,0,0
32238,1023,1023
32239,0,0
32240,0,1023
32241,1023,0
32242,0,0
32243,0,1023
32244,1023,1022
32245,1022,-1
32246,-1,1022
32247,1022,-1
32248,-1,0
32249,0,1023
32250,1023,0
32251,0,0
32252,0,1023
32253,0,0
32254,0,0
32255,1023,0
32256,1022,0
32257,-1,0
32258,0,1023
32259,1023,0
32260,0,0
32261,1023,1023
32262,0,0
32263,0,1023
32264,1023,0
32265,0,0
32266,0,1023
32267,1023,0
32268,0,0
32269,0,1023
32270,1023,0
32271,0,0
32272,0,0
32273,1023,0
32274,0,0
32275,1023,1023
32276,0,0
32277,0,1023
32278,1023,0
32279,1022,0
32280,-1,0
32281,1022,1023
32282,-1,0
32283,0,1023
32284,1023,0
32285,0,0
32286,1023,1023
32287,1022,0
32288,-1,1023
32289,1022,1022
32290,-1,-1
32291,0,0
32292,0,1023
32293,1023,0
32294,0,0
32295,0,1023
32296,0,0
32297,0,1023
32298,1023,0
32299,0,0
32300,0,1023
32301,1023,0
32302,0,0
32303,0,1023
32304,1023,0
32305,0,0
32306,0,1023
32307,1023,0
32308,0,0
32309,0,1023
32310,0,0
32311,0,1023
32312,1023,0
32313,1022,0
32314,-1,0
32315,1022,1023
32316,-1,0
32317,0,0
32318,1023,0
32319,0,0
32320,0,1023
32321,1023,0
32322,0,0
32323,1023,0
32324,0,0
32325,0,0
32326,0,1023
32327,1023,0
32328,0,0
32329,0,1023
32330,1023,0
32331,0,0
32332,1023,1023
32333,0,0
32334,0,1023
32335,1023,0
32336,1022,0
32337,-1,0
32338,1022,1023
32339,-1,0
32340,0,1023
32341,1023,0
32342,0,0
32343,1023,1023
32344,1022,0
32345,-1,1023
32346,1022,1022
32347,-1,-1
32348,0,0
32349,0,1023
32350,1023,0
32351,0,0
32352,1023,1023
32353,0,0
32354,0,1023
32355,1023,0
32356,0,0
32357,0,1023
32358,0,0
32359,0,0
32360,0,1023
32361,1023,0
32362,0,0
32363,1023,1023
32364,1022,0
32365,-1,0
32366,0,0
32367,0,0
32368,0,0
32369,1023,0
32370,0,0
32371,0,0
32372,0,1023
32373,0,0
32374,0,1023
32375,1023,0
32376,0,0
32377,0,1023
32378,0,0
32379,0,0
32380,1023,1023
32381,0,0
32382,0,0
32383,0,1023
32384,1023,0
32385,0,0
32386,0,1023
32387,0,0
32388,0,0
32389,1023,1023
32390,0,0
32391,0,1023
32392,1023,0
32393,0,0
32394,0,0
32395,1023,1023
32396,0,0
32397,0,1023
32398,1023,0
32399,0,0
32400,0,1023
32401,1023,0
32402,0,0
32403,0,1023
32404,0,0
32405,0,0
32406,0,1023
32407,1023,0
32408,0,0
32409,0,1023
32410,0,0
32411,0,0
32412,1023,0
32413,0,0
32414,0,1023
32415,1023,0
32416,0,0
32417,0,0
32418,1023,1023
32419,1022,0
32420,-1,0
32421,1022,1023
32422,-1,0
32423,0,1023
32424,1023,0
32425,0,0
32426,1023,0
32427,0,0
32428,0,0
32429,0,1023
32430,1023,0
32431,0,0
32432,1023,0
32433,1022,0
32434,-1,0
32435,1022,1023
32436,-1,0
32437,0,1023
32438,1023,0
32439,0,0
32440,0,0
32441,0,1023
32442,0,0
32443,0,1023
32444,1023,0
32445,0,0
32446,1023,1023
32447,0,0
32448,0,1023
32449,0,0
32450,0,0
32451,0,0
32452,1023,1023
32453,1022,0
32454,-1,0
32455,0,0
32456,0,0
32457,0,1023
32458,1023,0
32459,0,0
32460,0,1023
32461,1023,0
32462,0,0
32463,0,0
32464,1023,0
32465,0,0
32466,0,1023
32467,0,0
32468,0,0
32469,0,1023
32470,1023,0
32471,0,0
32472,1023,1023
32473,0,0
32474,0,0
32475,0,1023
32476,1023,0
32477,0,0
32478,1023,0
32479,0,0
32480,0,1023
32481,1023,0
32482,0,0
32483,1023,1023
32484,1022,0
32485,-1,1023
32486,0,1022
32487,1023,-1
32488,0,0
32489,0,0
32490,1023,0
32491,0,0
32492,1023,1023
32493,0,0
32494,0,1023
32495,1023,0
32496,0,0
32497,0,0
32498,0,1023
32499,0,0
32500,0,0
32501,1023,0
32502,0,0
32503,0,1023
32504,1023,0
32505,0,0
32506,0,1023
32507,1023,0
32508,0,1023
32509,0,1022
32510,1023,1021
32511,0,-2
32512,0,1021
32513,0,-2
32514,0,-1
32515,1023,0
32516,0,0
32517,0,1023
32518,1023,0
32519,0,0
32520,0,0
32521,1023,1023
32522,0,0
32523,0,1023
32524,1023,0
32525,0,0
32526,0,1023
32527,1023,0
32528,0,0
32529,1023,1023
32530,0,0
32531,0,1023
32532,0,1022
32533,1023,-1
32534,0,0
32535,1023,1023
32536,0,0
32537,0,0
32538,1023,0
32539,0,0
32540,0,1023
32541,1023,0
32542,0,0
32543,0,0
32544,0,1023
32545,0,0
32546,0,1023
32547,1023,0
32548,0,0
32549,0,1023
32550,0,0
32551,0,0
32552,0,0
32553,0,0
32554,0,1023
32555,0,1022
32556,1023,-1
32557,0,0
32558,1023,1023
32559,0,0
32560,0,1023
32561,1023,1022
32562,0,-1
32563,0,1022
32564,1023,-1
32565,0,0
32566,0,0
32567,1023,1023
32568,0,0
32569,0,1023
32570,1023,0
32571,0,0
32572,0,0
32573,1023,0
32574,0,0
32575,1023,1023
32576,0,0
32577,0,1023
32578,0,1022
32579,1023,-1
32580,0,0
32581,1023,1023
32582,0,0
32583,0,1023
32584,1023,0
32585,0,0
32586,0,1023
32587,1023,0
32588,0,0
32589,0,0
32590,0,1023
32591,0,0
32592,0,1023
32593,1023,0
32594,0,0
32595,0,1023
32596,1023,0
32597,0,0
32598,1023,1023
32599,0,0
32600,0,1023
32601,0,1022
32602,1023,-1
32603,0,0
32604,0,1023
32605,1023,0
32606,0,0
32607,1023,1023
32608,0,0
32609,0,1023
32610,1023,0
32611,0,0
32612,0,1023
32613,1023,1022
32614,0,-1
32615,0,1022
32616,1023,-1
32617,0,0
32618,0,1023
32619,1023,0
32620,0,0
32621,1023,0
32622,0,0
32623,0,1023
32624,0,1022
32625,1023,-1
32626,0,0
32627,0,1023
32628,0,0
32629,0,0
32630,1023,0
32631,0,0
32632,0,1023
32633,1023,0
32634,0,0
32635,0,0
32636,0,1023
32637,0,0
32638,0,1023
32639,1023,0
32640,0,0
32641,0,1023
32642,1023,0
32643,0,0
32644,1023,1023
32645,0,0
32646,0,1023
32647,0,1022
32648,1023,-1
32649,0,0
32650,1023,1023
32651,0,0
32652,0,0
32653,1023,0
32654,0,0
32655,0,1023
32656,1023,0
32657,0,0
32658,0,0
32659,0,1023
32660,0,0
32661,0,1023
32662,1023,0
32663,0,0
32664,0,1023
32665,1023,0
32666,0,0
32667,1023,0
32668,0,0
32669,0,1023
32670,0,1022
32671,1023,-1
32672,0,0
32673,0,1023
32674,1023,0
32675,0,0
32676,1023,1023
32677,0,0
32678,0,1023
32679,1023,0
32680,0,0
32681,0,0
32682,1023,1023
32683,0,0
32684,0,1023
32685,1023,0
32686,0,0
32687,0,1023
32688,1023,0
32689,0,0
32690,1023,1023
32691,0,0
32692,0,1023
32693,0,1022
32694,1023,-1
32695,0,0
32696,1023,1023
32697,0,0
32698,0,0
32699,1023,0
32700,0,0
32701,0,1023
32702,1023,0
32703,0,0
32704,0,0
32705,0,1023
32706,1023,0
32707,0,0
32708,1023,0
32709,0,0
32710,0,1023
32711,1023,0
32712,0,0
32713,0,0
32714,1023,0
32715,0,1023
32716,0,0
32717,1023,1023
32718,0,0
32719,0,1023
32720,1023,0
32721,0,0
32722,0,1023
32723,0,0
32724,0,1023
32725,1023,0
32726,0,0
32727,0,0
32728,0,1023
32729,0,0
32730,0,0
32731,1023,0
32732,0,0
32733,0,1023
32734,1023,1022
32735,0,-1
32736,0,1022
32737,1023,-1
32738,0,0
32739,0,1023
32740,1023,1022
32741,0,-1
32742,0,1022
32743,1023,-1
32744,0,0
32745,1023,1023
32746,1022,0
32747,-1,0
32748,1022,0
32749,-1,0
32750,0,0
32751,0,1023
32752,1023,0
32753,0,0
32754,1023,1023
32755,0,0
32756,0,1023
32757,1023,0
32758,0,0
32759,0,0
32760,1023,0
32761,0,0
32762,0,0
32763,0,1023
32764,0,0
32765,0,0
32766,1023,0
32767,0,0
32768,0,1023
32769,1023,0
32770,0,0
32771,0,1023
32772,0,0
32773,0,0
32774,0,1023
32775,1023,0
32776,0,0
32777,0,1023
32778,1023,0
32779,0,0
32780,1023,1023
32781,0,0
32782,0,1023
32783,1023,0
32784,0,0
32785,0,0
32786,0,1023
32787,0,0
32788,0,1023
32789,0,0
32790,0,0
32791,0,1023
32792,1023,0
32793,0,0
32794,0,1023
32795,0,0
32796,0,0
32797,0,0
32798,1023,0
32799,0,0
32800,0,1023
32801,1023,0
32802,0,0
32803,0,1023
32804,1023,0
32805,0,0
32806,1023,1023
32807,0,0
32808,0,0
32809,0,1023
32810,1023,0
32811,0,0
32812,1023,1023
32813,1022,0
32814,-1,1023
32815,1022,0
32816,-1,0
32817,0,1023
32818,1023,0
32819,1022,0
32820,-1,0
32821,0,1023
32822,0,0
32823,0,0
32824,1023,0
32825,0,0
32826,0,1023
32827,1023,0
32828,0,0
32829,0,0
32830,0,0
32831,0,0
32832,0,1023
32833,1023,0
32834,0,0
32835,0,1023
32836,0,0
32837,0,0
32838,1023,1023
32839,0,0
32840,0,1023
32841,1023,0
32842,1022,0
32843,-1,0
32844,1022,1023
32845,-1,0
32846,0,1023
32847,1023,1022
32848,0,-1
32849,0,1022
32850,1023,-1
32851,0,0
32852,0,1023
32853,0,0
32854,0,0
32855,0,0
32856,1023,0
32857,0,0
32858,0,1023
32859,1023,0
32860,0,0
32861,1023,1023
32862,0,0
32863,0,1023
32864,1023,0
32865,1022,0
32866,-1,0
32867,0,1023
32868,1023,0
32869,0,0
32870,1023,1023
32871,0,0
32872,0,1023
32873,1023,0
32874,0,0
32875,1023,1023
32876,1022,0
32877,-1,0
32878,0,1023
32879,1023,0
32880,0,0
32881,0,1023
32882,1023,0
32883,0,0
32884,0,1023
32885,1023,0
32886,0,1023
32887,1023,1022
32888,1022,1021
32889,-1,-2
32890,0,1021
32891,1023,-2
32892,0,-1
32893,0,1022
32894,0,-1
32895,0,0
32896,1023,0
32897,0,0
32898,0,1023
32899,1023,0
32900,1022,0
32901,-1,0
32902,1022,1023
32903,-1,0
32904,0,1023
32905,1023,0
32906,0,0
32907,0,1023
32908,1023,0
32909,0,0
32910,0,1023
32911,1023,1022
32912,0,-1
32913,0,0
32914,1023,0
32915,0,0
32916,0,1023
32917,1023,0
32918,0,0
32919,1023,1023
32920,0,0
32921,0,1023
32922,1023,0
32923,1022,0
32924,-1,0
32925,0,1023
32926,0,0
32927,0,0
32928,1023,1023
32929,0,0
32930,0,1023
32931,1023,0
32932,0,0
32933,0,1023
32934,0,1022
32935,1023,-1
32936,0,0
32937,1023,1023
32938,0,0
32939,0,1023
32940,1023,0
32941,0,0
32942,0,1023
32943,1023,0
32944,0,0
32945,1023,1023
32946,1022,1022
32947,-1,-1
32948,0,1022
32949,1023,-1
32950,0,0
32951,0,1023
32952,0,0
32953,0,0
32954,1023,0
32955,0,0
32956,0,1023
32957,0,1022
32958,1023,-1
32959,0,0
32960,1023,1023
32961,0,0
32962,0,0
32963,1023,0
32964,0,0
32965,0,1023
32966,1023,0
32967,0,0
32968,0,1023
32969,0,1022
32970,1023,-1
32971,0,0
32972,1023,0
32973,0,0
32974,0,1023
32975,1023,0
32976,0,0
32977,1023,1023
32978,0,0
32979,0,1023
32980,0,0
32981,1023,0
32982,0,0
32983,0,1023
32984,1023,0
32985,0,0
32986,0,1023
32987,1023,0
32988,0,0
32989,1023,1023
32990,0,0
32991,0,1023
32992,0,1022
32993,0,-1
32994,0,0
32995,1023,1023
32996,0,0
32997,0,1023
32998,1023,1022
32999,0,-1
33000,0,1022
33001,1023,-1
33002,0,0
33003,0,0
33004,1023,1023
33005,0,0
33006,0,0
33007,1023,0
33008,0,0
33009,0,1023
33010,1023,0
33011,0,0
33012,0,1023
33013,1023,0
33014,0,0
33015,0,0
33016,1023,1023
33017,0,0
33018,0,1023
33019,1023,0
33020,0,0
33021,1023,1023
33022,1022,0
33023,-1,1023
33024,0,1022
33025,0,-1
33026,0,0
33027,0,1023
33028,1023,0
33029,0,0
33030,1023,1023
33031,1022,0
33032,-1,0
33033,1022,0
33034,-1,0
33035,0,0
33036,1023,0
33037,0,0
33038,0,0
33039,0,1023
33040,1023,0
33041,0,0
33042,1023,0
33043,0,0
33044,0,1023
33045,1023,0
33046,0,0
33047,0,0
33048,1023,0
33049,1022,0
33050,-1,0
33051,0,1023
33052,0,0
33053,0,1023
33054,1023,0
33055,0,0
33056,0,1023
33057,1023,0
33058,0,0
33059,0,1023
33060,0,0
33061,0,0
33062,0,0
33063,1023,1023
33064,0,0
33065,0,1023
33066,1023,0
33067,0,0
33068,1023,1023
33069,0,0
33070,0,1023
33071,1023,1022
33072,1022,-1
33073,-1,0
33074,0,1023
33075,1023,0
33076,0,0
33077,1023,1023
33078,1022,0
33079,-1,0
33080,1022,0
33081,-1,0
33082,0,1023
33083,1023,0
33084,1022,0
33085,-1,0
33086,0,1023
33087,1023,0
33088,0,0
33089,1023,1023
33090,0,0
33091,0,1023
33092,1023,0
33093,0,0
33094,0,1023
33095,1023,1022
33096,0,-1
33097,0,1022
33098,1023,-1
33099,0,0
33100,0,1023
33101,1023,0
33102,0,0
33103,0,1023
33104,1023,0
33105,0,0
33106,1023,1023
33107,1022,0
33108,-1,0
33109,0,1023
33110,1023,0
33111,0,0
33112,0,1023
33113,0,0
33114,0,0
33115,1023,0
33116,0,0
33117,0,1023
33118,0,1022
33119,1023,-1
33120,0,0
33121,0,1023
33122,1023,0
33123,0,0
33124,1023,1023
33125,0,0
33126,0,1023
33127,1023,0
33128,0,0
33129,0,1023
33130,0,1022
33131,1023,-1
33132,0,0
33133,1023,1023
33134,1022,0
33135,-1,1023
33136,1022,0
33137,-1,0
33138,0,1023
33139,0,0
33140,0,0
33141,0,0
33142,1023,1023
33143,0,0
33144,0,1023
33145,1023,0
33146,0,0
33147,0,1023
33148,1023,0
33149,0,0
33150,1023,1023
33151,0,0
33152,0,1023
33153,0,0
33154,1023,0
33155,0,0
33156,0,1023
33157,1023,0
33158,0,0
33159,1023,1023
33160,0,0
33161,0,0
33162,1023,0
33163,0,0
33164,0,0
33165,0,1023
33166,1023,0
33167,0,0
33168,0,1023
33169,1023,0
33170,0,1023
33171,1023,1022
33172,0,-1
33173,0,1022
33174,1023,-1
33175,0,0
33176,0,0
33177,1023,1023
33178,0,0
33179,0,0
33180,1023,0
33181,0,0
33182,0,1023
33183,1023,0
33184,0,0
33185,0,1023
33186,0,0
33187,1023,0
33188,0,0
33189,0,0
33190,0,0
33191,0,1023
33192,1023,0
33193,0,0
33194,0,1023
33195,1023,0
33196,0,0
33197,1023,1023
33198,0,0
33199,0,0
33200,0,1023
33201,1023,0
33202,0,0
33203,0,1023
33204,1023,0
33205,0,0
33206,1023,1023
33207,0,0
33208,0,0
33209,1023,1023
33210,1022,0
33211,-1,0
33212,0,1023
33213,1023,0
33214,0,0
33215,1023,1023
33216,0,0
33217,0,1023
33218,1023,1022
33219,0,-1
33220,0,0
33221,1023,0
33222,1022,0
33223,-1,0
33224,1022,1023
33225,1021,0
33226,-2,1023
33227,1021,1022
33228,-2,-1
33229,-1,0
33230,1022,1023
33231,-1,0
33232,0,1023
33233,0,1022
33234,1023,-1
33235,0,0
33236,1023,1023
33237,1022,0
33238,-1,1023
33239,1022,0
33240,-1,0
33241,0,1023
33242,1023,0
33243,0,0
33244,0,1023
33245,1023,1022
33246,0,-1
33247,0,1022
33248,1023,-1
33249,0,0
33250,0,1023
33251,1023,0
33252,0,0
33253,0,1023
33254,1023,0
33255,0,0
33256,0,0
33257,1023,0
33258,0,0
33259,0,1023
33260,1023,0
33261,0,0
33262,0,1023
33263,1023,0
33264,0,0
33265,1023,1023
33266,0,0
33267,0,0
33268,0,0
33269,1023,0
33270,0,0
33271,0,1023
33272,1023,0
33273,0,0
33274,0,1023
33275,0,0
33276,0,0
33277,1023,0
33278,0,0
33279,0,0
33280,0,1023
33281,1023,0
33282,0,0
33283,0,1023
33284,0,0
33285,0,1023
33286,1023,1022
33287,0,-1
33288,0,1022
33289,1023,-1
33290,0,0
33291,0,0
33292,1023,1023
33293,0,0
33294,0,0
33295,0,1023
33296,0,0
33297,0,1023
33298,1023,0
33299,0,0
33300,0,1023
33301,0,0
33302,0,0
33303,0,0
33304,1023,0
33305,0,0
33306,0,0
33307,1023,0
33308,0,0
33309,0,1023
33310,1023,0
33311,0,0
33312,1023,1023
33313,0,0
33314,0,0
33315,0,1023
33316,1023,0
33317,0,0
33318,0,1023
33319,1023,0
33320,0,0
33321,0,1023
33322,1023,0
33323,0,1023
33324,1023,0
33325,1022,0
33326,-1,0
33327,0,1023
33328,1023,0
33329,0,0
33330,0,1023
33331,1023,0
33332,0,0
33333,1023,1023
33334,0,0
33335,0,1023
33336,1023,0
33337,1022,0
33338,-1,0
33339,0,1023
33340,1023,0
33341,0,0
33342,1023,1023
33343,0,0
33344,0,0
33345,1023,0
33346,0,0
33347,0,1023
33348,0,1022
33349,1023,-1
33350,0,0
33351,1023,1023
33352,0,0
33353,0,1023
33354,0,0
33355,0,0
33356,0,1023
33357,1023,0
33358,0,0
33359,0,1023
33360,1023,1022
33361,0,-1
33362,0,1022
33363,1023,-1
33364,0,0
33365,0,0
33366,1023,0
33367,0,0
33368,0,1023
33369,0,0
33370,0,0
33371,0,0
33372,1023,1023
33373,0,0
33374,0,1023
33375,1023,0
33376,0,0
33377,0,1023
33378,1023,0
33379,0,0
33380,1023,1023
33381,1022,0
33382,-1,0
33383,0,0
33384,1023,1023
33385,0,0
33386,0,1023
33387,1023,0
33388,0,0
33389,0,1023
33390,0,0
33391,0,0
33392,1023,0
33393,0,0
33394,0,0
33395,0,1023
33396,1023,0
33397,0,0
33398,0,1023
33399,1023,0
33400,0,0
33401,1023,0
33402,0,0
33403,0,1023
33404,1023,0
33405,0,0
33406,0,0
33407,0,1023
33408,1023,0
33409,0,0
33410,1023,1023
33411,0,0
33412,0,1023
33413,1023,0
33414,0,0
33415,0,1023
33416,0,0
33417,1023,0
33418,0,0
33419,0,1023
33420,0,0
33421,0,1023
33422,1023,0
33423,0,0
33424,0,1023
33425,1023,0
33426,0,0
33427,1023,1023
33428,1022,0
33429,-1,0
33430,0,0
33431,0,0
33432,0,0
33433,0,1023
33434,1023,0
33435,0,0
33436,0,1023
33437,0,0
33438,0,0
33439,0,1023
33440,1023,1022
33441,0,-1
33442,0,1022
33443,1023,1021
33444,0,-2
33445,0,1021
33446,1023,-2
33447,0,-1
33448,1023,1022
33449,0,-1
33450,0,1022
33451,1023,-1
33452,1022,0
33453,-1,0
33454,0,1023
33455,1023,0
33456,0,0
33457,0,1023
33458,0,0
33459,0,0
33460,1023,1023
33461,0,0
33462,0,1023
33463,0,1022
33464,1023,-1
33465,0,0
33466,0,1023
33467,1023,0
33468,0,0
33469,0,1023
33470,0,0
33471,0,1023
33472,1023,0
33473,0,0
33474,0,1023
33475,0,1022
33476,1023,-1
33477,0,0
33478,0,1023
33479,0,0
33480,0,0
33481,1023,0
33482,0,0
33483,0,1023
33484,1023,0
33485,0,0
33486,0,0
33487,0,1023
33488,0,0
33489,0,0
33490,1023,1023
33491,0,0
33492,0,1023
33493,1023,0
33494,0,0
33495,0,1023
33496,1023,0
33497,0,0
33498,0,0
33499,1023,0
33500,0,0
33501,0,0
33502,1023,1023
33503,0,0
33504,0,1023
33505,1023,0
33506,0,0
33507,1023,1023
33508,1022,0
33509,-1,0
33510,0,1023
33511,1023,0
33512,0,0
33513,0,1023
33514,1023,0
33515,0,0
33516,0,1023
33517,1023,0
33518,0,0
33519,0,1023
33520,0,0
33521,0,0
33522,0,1023
33523,1023,0
33524,0,0
33525,0,1023
33526,0,0
33527,0,0
33528,1023,1023
33529,1022,0
33530,-1,0
33531,1022,1023
33532,1021,1022
33533,-2,-1
33534,-1,1022
33535,1022,-1
33536,-1,0
33537,0,1023
33538,0,0
33539,0,0
33540,1023,0
33541,0,0
33542,0,1023
33543,1023,0
33544,1022,0
33545,-1,0
33546,0,1023
33547,0,0
33548,0,0
33549,0,1023
33550,0,0
33551,0,1023
33552,1023,0
33553,0,0
33554,0,1023
33555,0,1022
33556,1023,-1
33557,0,0
33558,1023,1023
33559,0,0
33560,0,1023
33561,1023,0
33562,0,0
33563,0,1023
33564,1023,0
33565,0,0
33566,0,1023
33567,1023,1022
33568,0,-1
33569,0,1022
33570,1023,-1
33571,0,0
33572,0,1023
33573,1023,0
33574,0,0
33575,0,1023
33576,0,0
33577,0,0
33578,0,1023
33579,1023,0
33580,0,0
33581,0,1023
33582,1023,0
33583,0,0
33584,1023,1023
33585,0,0
33586,0,0
33587,1023,1023
33588,0,0
33589,0,0
33590,0,0
33591,1023,0
33592,0,0
33593,0,1023
33594,0,0
33595,0,0
33596,1023,1023
33597,0,0
33598,0,1023
33599,0,0
33600,0,0
33601,0,0
33602,0,0
33603,1023,0
33604,0,0
33605,1023,1023
33606,0,0
33607,0,0
33608,1023,0
33609,0,0
33610,0,0
33611,1023,0
33612,0,0
33613,0,0
33614,0,1023
33615,0,0
33616,0,0
33617,1023,0
33618,0,0
33619,0,1023
33620,1023,0
33621,0,0
33622,0,1023
33623,0,0
33624,1023,0
33625,0,0
33626,1023,1023
33627,0,0
33628,0,0
33629,1023,0
33630,0,0
33631,0,1023
33632,1023,0
33633,0,0
33634,1023,1023
33635,0,0
33636,0,0
33637,0,0
33638,1023,0
33639,0,0
33640,0,1023
33641,1023,0
33642,0,0
33643,0,1023
33644,1023,0
33645,0,1023
33646,1023,1022
33647,1022,-1
33648,-1,0
33649,0,1023
33650,1023,0
33651,0,0
33652,0,1023
33653,1023,0
33654,0,0
33655,1023,1023
33656,0,0
33657,0,1023
33658,1023,0
33659,1022,0
33660,-1,0
33661,0,1023
33662,0,0
33663,0,0
33664,1023,0
33665,1022,0
33666,-1,1023
33667,1022,1022
33668,-1,-1
33669,0,1022
33670,0,1021
33671,1023,-2
33672,0,-1
33673,1023,1022
33674,0,-1
33675,0,0
33676,0,0
33677,0,0
33678,0,1023
33679,1023,0
33680,0,0
33681,0,1023
33682,0,1022
33683,0,-1
33684,0,0
33685,1023,0
33686,0,0
33687,0,1023
33688,1023,0
33689,0,0
33690,0,1023
33691,1023,0
33692,0,0
33693,0,0
33694,1023,1023
33695,0,0
33696,0,0
33697,0,0
33698,0,0
33699,0,1023
33700,1023,0
33701,0,0
33702,0,1023
33703,0,0
33704,0,0
33705,0,0
33706,1023,1023
33707,0,0
33708,0,1023
33709,1023,0
33710,0,0
33711,0,1023
33712,1023,0
33713,0,0
33714,1023,1023
33715,0,0
33716,0,0
33717,0,0
33718,1023,0
33719,0,0
33720,0,0
33721,1023,0
33722,0,0
33723,0,1023
33724,1023,0
33725,0,0
33726,1023,1023
33727,0,0
33728,0,0
33729,0,1023
33730,1023,0
33731,0,0
33732,0,0
33733,1023,0
33734,0,0
33735,0,1023
33736,1023,0
33737,0,0
33738,1023,1023
33739,1022,0
33740,-1,0
33741,0,1023
33742,1023,0
33743,0,0
33744,0,1023
33745,1023,0
33746,0,0
33747,0,1023
33748,1023,0
33749,0,1023
33750,1023,1022
33751,1022,-1
33752,-1,0
33753,0,1023
33754,1023,0
33755,0,0
33756,1023,1023
33757,0,0
33758,0,0
33759,1023,1023
33760,0,0
33761,0,1023
33762,0,1022
33763,1023,-1
33764,0,0
33765,0,1023
33766,0,0
33767,0,0
33768,1023,1023
33769,0,0
33770,0,1023
33771,1023,0
33772,0,0
33773,0,1023
33774,0,1022
33775,1023,-1
33776,0,0
33777,0,1023
33778,0,0
33779,0,0
33780,0,0
33781,0,0
33782,0,1023
33783,1023,0
33784,0,0
33785,0,0
33786,0,1023
33787,1023,0
33788,0,0
33789,1023,1023
33790,0,0
33791,0,1023
33792,0,1022
33793,0,-1
33794,0,1022
33795,1023,-1
33796,0,0
33797,0,0
33798,1023,1023
33799,0,0
33800,0,1023
33801,1023,0
33802,0,0
33803,0,1023
33804,1023,0
33805,0,0
33806,0,1023
33807,0,0
33808,1023,0
33809,0,0
33810,1023,0
33811,0,0
33812,0,1023
33813,0,0
33814,0,0
33815,0,1023
33816,1023,0
33817,0,0
33818,0,1023
33819,0,0
33820,0,0
33821,0,0
33822,1023,0
33823,0,0
33824,0,1023
33825,1023,0
33826,0,0
33827,0,1023
33828,1023,0
33829,0,0
33830,1023,1023
33831,1022,1022
33832,-1,-1
33833,0,1022
33834,1023,-1
33835,0,0
33836,1023,1023
33837,1022,0
33838,-1,0
33839,0,1023
33840,0,0
33841,0,1023
33842,1023,0
33843,1022,0
33844,-1,0
33845,0,1023
33846,1023,0
33847,0,0
33848,0,0
33849,0,0
33850,0,1023
33851,1023,0
33852,0,0
33853,0,1023
33854,0,1022
33855,1023,-1
33856,0,0
33857,1023,1023
33858,0,0
33859,0,1023
33860,1023,0
33861,0,0
33862,0,0
33863,1023,0
33864,0,0
33865,0,1023
33866,0,1022
33867,0,-1
33868,0,0
33869,1023,0
33870,0,0
33871,0,1023
33872,1023,0
33873,0,0
33874,0,1023
33875,0,0
33876,0,0
33877,0,0
33878,1023,1023
33879,0,0
33880,0,1023
33881,1023,0
33882,0,0
33883,0,1023
33884,1023,0
33885,0,0
33886,1023,1023
33887,0,0
33888,0,0
33889,0,0
33890,1023,0
33891,0,0
33892,0,1023
33893,1023,0
33894,0,0
33895,1023,1023
33896,0,0
33897,0,0
33898,1023,0
33899,0,0
33900,0,0
33901,0,1023
33902,1023,0
33903,0,0
33904,0,1023
33905,1023,0
33906,0,0
33907,1023,1023
33908,0,0
33909,0,1023
33910,1023,0
33911,0,0
33912,0,0
33913,0,1023
33914,1023,0
33915,0,0
33916,0,1023
33917,0,0
33918,0,1023
33919,1023,0
33920,0,0
33921,0,1023
33922,1023,0
33923,1022,0
33924,-1,0
33925,0,1023
33926,1023,0
33927,0,0
33928,1023,1023
33929,0,0
33930,0,1023
33931,1023,0
33932,0,0
33933,0,1023
33934,1023,0
33935,1022,0
33936,-1,0
33937,0,1023
33938,0,0
33939,0,0
33940,1023,0
33941,0,0
33942,0,1023
33943,1023,0
33944,0,0
33945,1023,1023
33946,0,1022
33947,1023,-1
33948,0,0
33949,1023,1023
33950,0,0
33951,0,0
33952,1023,1023
33953,0,0
33954,0,1023
33955,0,0
33956,0,0
33957,0,1023
33958,0,0
33959,1023,0
33960,0,0
33961,1023,1023
33962,0,0
33963,0,1023
33964,1023,0
33965,0,0
33966,1023,1023
33967,0,0
33968,0,0
33969,0,1023
33970,0,1022
33971,0,-1
33972,0,0
33973,1023,0
33974,0,0
33975,0,1023
33976,1023,0
33977,0,0
33978,1023,1023
33979,0,0
33980,0,0
33981,0,0
33982,1023,1023
33983,0,0
33984,0,0
33985,1023,0
33986,0,0
33987,0,1023
33988,1023,0
33989,0,0
33990,1023,1023
33991,0,0
33992,0,0
33993,0,0
33994,1023,0
33995,0,0
33996,0,1023
33997,1023,0
33998,0,0
33999,0,1023
34000,1023,0
34001,0,0
34002,1023,1023
34003,0,0
34004,0,0
34005,0,1023
34006,0,0
34007,0,0
34008,0,1023
34009,0,0
34010,0,0
34011,0,1023
34012,0,0
34013,0,0
34014,0,0
34015,1023,0
34016,0,0
34017,0,1023
34018,1023,0
34019,0,0
34020,0,1023
34021,1023,0
34022,0,1023
34023,1023,0
34024,0,0
34025,0,1023
34026,1023,0
34027,1022,0
34028,-1,0
34029,0,1023
34030,1023,0
34031,0,0
34032,0,1023
34033,0,0
34034,0,1023
34035,1023,0
34036,0,0
34037,0,1023
34038,0,1022
34039,1023,-1
34040,0,0
34041,0,1023
34042,1023,0
34043,0,0
34044,1023,1023
34045,0,0
34046,0,1023
34047,1023,0
34048,0,0
34049,0,1023
34050,0,1022
34051,1023,-1
34052,0,0
34053,0,1023
34054,0,0
34055,0,0
34056,1023,0
34057,0,0
34058,0,1023
34059,1023,0
34060,0,0
34061,0,0
34062,1023,1023
34063,1022,0
34064,-1,0
34065,1022,1023
34066,-1,0
34067,0,1023
34068,1023,0
34069,0,0
34070,0,1023
34071,1023,0
34072,0,0
34073,0,1023
34074,0,0
34075,0,0
34076,0,1023
34077,1023,0
34078,0,0
34079,0,1023
34080,1023,0
34081,0,0
34082,1023,1023
34083,0,0
34084,0,0
34085,0,1023
34086,1023,0
34087,0,0
34088,0,1023
34089,1023,0
34090,0,0
34091,1023,1023
34092,0,0
34093,0,1023
34094,1023,0
34095,0,0
34096,0,0
34097,0,1023
34098,1023,0
34099,0,0
34100,0,1023
34101,0,0
34102,0,1023
34103,1023,1022
34104,0,-1
34105,0,1022
34106,1023,-1
34107,1022,0
34108,-1,0
34109,0,1023
34110,1023,0
34111,0,0
34112,1023,0
34113,0,0
34114,0,0
34115,1023,0
34116,0,0
34117,0,1023
34118,1023,0
34119,1022,0
34120,-1,1023
34121,1022,1022
34122,-1,-1
34123,0,0
34124,1023,0
34125,0,0
34126,0,1023
34127,0,0
34128,0,0
34129,0,1023
34130,0,1022
34131,0,-1
34132,0,0
34133,1023,1023
34134,0,0
34135,0,1023
34136,0,0
34137,0,0
34138,0,0
34139,1023,0
34140,0,0
34141,0,1023
34142,0,1022
34143,0,-1
34144,0,0
34145,1023,0
34146,0,0
34147,0,1023
34148,1023,0
34149,0,0
34150,0,1023
34151,1023,0
34152,0,0
34153,0,0
34154,1023,1023
34155,0,0
34156,0,1023
34157,1023,0
34158,0,0
34159,0,1023
34160,1023,0
34161,0,0
34162,0,1023
34163,0,0
34164,0,0
34165,0,0
34166,1023,1023
34167,0,0
34168,0,1023
34169,1023,0
34170,0,0
34171,0,0
34172,1023,0
34173,0,0
34174,0,1023
34175,1023,0
34176,0,0
34177,0,0
34178,1023,0
34179,0,0
34180,0,1023
34181,1023,0
34182,0,0
34183,0,1023
34184,0,0
34185,0,0
34186,1023,1023
34187,1022,0
34188,-1,0
34189,0,1023
34190,1023,0
34191,0,0
34192,0,1023
34193,1023,0
34194,0,0
34195,0,1023
34196,1023,0
34197,0,0
34198,1023,1023
34199,1022,1022
34200,-1,-1
34201,0,1022
34202,1023,-1
34203,0,0
34204,0,1023
34205,1023,0
34206,0,0
34207,1023,1023
34208,1022,0
34209,-1,1023
34210,1022,1022
34211,1021,-1
34212,-2,0
34213,-1,1023
34214,1022,0
34215,-1,0
34216,1022,1023
34217,-1,0
34218,0,0
34219,1023,0
34220,0,0
34221,0,1023
34222,0,1022
34223,1023,-1
34224,0,0
34225,0,1023
34226,0,0
34227,0,0
34228,1023,0
34229,0,0
34230,0,1023
34231,1023,0
34232,0,0
34233,0,1023
34234,0,1022
34235,1023,-1
34236,0,1022
34237,1023,1021
34238,0,-2
34239,0,1021
34240,1023,-2
34241,0,-1
34242,0,1022
34243,1023,-1
34244,0,0
34245,0,0
34246,1023,1023
34247,0,0
34248,0,1023
34249,1023,0
34250,0,0
34251,0,1023
34252,0,0
34253,0,0
34254,0,1023
34255,1023,0
34256,0,1023
34257,0,1022
34258,1023,1021
34259,0,-2
34260,0,1021
34261,1023,-2
34262,0,-1
34263,0,1022
34264,0,-1
34265,0,0
34266,0,1023
34267,0,0
34268,0,0
34269,0,1023
34270,1023,0
34271,0,0
34272,0,1023
34273,1023,0
34274,0,0
34275,1023,1023
34276,0,0
34277,0,1023
34278,0,1022
34279,0,-1
34280,0,0
34281,0,1023
34282,1023,0
34283,0,0
34284,1023,1023
34285,0,0
34286,0,0
34287,1023,0
34288,0,0
34289,0,1023
34290,1023,0
34291,1022,1023
34292,-1,0
34293,0,1023
34294,1023,0
34295,0,0
34296,1023,1023
34297,0,0
34298,0,0
34299,1023,1023
34300,0,0
34301,0,0
34302,1023,0
34303,1022,0
34304,-1,0
34305,0,1023
34306,1023,0
34307,0,0
34308,1023,0
34309,0,0
34310,0,1023
34311,1023,0
34312,0,0
34313,0,1023
34314,0,1022
34315,1023,-1
34316,0,0
34317,1023,1023
34318,1022,0
34319,-1,1023
34320,1022,1022
34321,-1,-1
34322,0,0
34323,1023,0
34324,0,0
34325,0,1023
34326,0,1022
34327,0,-1
34328,0,0
34329,1023,1023
34330,0,0
34331,0,1023
34332,1023,0
34333,0,0
34334,0,1023
34335,1023,0
34336,0,0
34337,0,0
34338,0,1023
34339,0,0
34340,0,1023
34341,0,0
34342,0,0
34343,0,1023
34344,1023,0
34345,0,0
34346,1023,1023
34347,0,0
34348,0,0
34349,0,0
34350,0,1023
34351,0,0
34352,0,1023
34353,1023,0
34354,0,0
34355,0,1023
34356,0,0
34357,0,0
34358,1023,1023
34359,0,0
34360,1023,0
34361,0,0
34362,0,1023
34363,0,0
34364,0,1023
34365,1023,0
34366,0,0
34367,0,1023
34368,1023,0
34369,0,0
34370,0,0
34371,0,0
34372,0,0
34373,0,1023
34374,1023,0
34375,0,0
34376,0,1023
34377,1023,0
34378,0,0
34379,1023,1023
34380,0,0
34381,0,1023
34382,1023,0
34383,1022,0
34384,-1,0
34385,0,0
34386,1023,0
34387,0,0
34388,0,1023
34389,1023,0
34390,0,0
34391,1023,0
34392,0,0
34393,0,1023
34394,1023,0
34395,1022,0
34396,-1,0
34397,0,1023
34398,1023,0
34399,0,0
34400,1023,1023
34401,1022,0
34402,-1,1023
34403,1022,0
34404,-1,0
34405,0,1023
34406,0,0
34407,1023,0
34408,0,0
34409,0,1023
34410,0,0
34411,0,0
34412,1023,0
34413,0,0
34414,0,1023
34415,1023,0
34416,0,0
34417,0,1023
34418,0,1022
34419,1023,-1
34420,0,0
34421,1023,1023
34422,0,0
34423,0,1023
34424,1023,0
34425,0,0
34426,0,1023
34427,1023,0
34428,0,0
34429,0,0
34430,0,1023
34431,0,0
34432,0,0
34433,1023,0
34434,0,0
34435,0,1023
34436,1023,0
34437,0,0
34438,1023,1023
34439,0,0
34440,0,0
34441,0,0
34442,1023,0
34443,0,0
34444,0,1023
34445,1023,0
34446,0,0
34447,0,1023
34448,1023,0
34449,0,0
34450,0,1023
34451,0,0
34452,0,0
34453,0,0
34454,1023,1023
34455,0,0
34456,0,1023
34457,1023,0
34458,0,0
34459,0,1023
34460,1023,0
34461,0,0
34462,1023,1023
34463,0,0
34464,0,0
34465,0,0
34466,1023,0
34467,0,0
34468,0,1023
34469,1023,0
34470,0,0
34471,1023,1023
34472,0,0
34473,0,1023
34474,1023,0
34475,1022,0
34476,-1,0
34477,0,1023
34478,1023,0
34479,0,0
34480,0,1023
34481,1023,0
34482,0,1023
34483,1023,0
34484,0,0
34485,0,1023
34486,1023,0
34487,1022,0
34488,-1,0
34489,1022,1023
34490,1021,0
34491,-2,0
34492,1021,1023
34493,-2,0
34494,-1,1023
34495,1022,0
34496,-1,0
34497,0,1023
34498,1023,1022
34499,0,-1
34500,0,0
34501,1023,0
34502,0,0
34503,0,0
34504,1023,0
34505,0,0
34506,0,1023
34507,1023,0
34508,0,0
34509,1023,1023
34510,1022,1022
34511,-1,-1
34512,0,1022
34513,1023,1021
34514,0,-2
34515,0,1021
34516,1023,-2
34517,0,-1
34518,0,1022
34519,1023,-1
34520,0,0
34521,0,0
34522,1023,1023
34523,0,0
34524,0,1023
34525,1023,0
34526,0,0
34527,0,1023
34528,1023,0
34529,0,0
34530,1023,1023
34531,1022,0
34532,-1,0
34533,0,1023
34534,1023,1022
34535,0,-1
34536,0,1022
34537,1023,-1
34538,0,0
34539,0,1023
34540,0,0
34541,0,0
34542,1023,1023
34543,1022,0
34544,-1,0
34545,0,1023
34546,1023,0
34547,0,0
34548,0,0
34549,1023,0
34550,0,0
34551,0,1023
34552,1023,0
34553,0,0
34554,1023,0
34555,0,0
34556,0,0
34557,0,1023
34558,1023,0
34559,0,0
34560,0,1023
34561,0,0
34562,0,0
34563,0,1023
34564,1023,0
34565,0,1023
34566,1023,1022
34567,1022,-1
34568,-1,0
34569,0,1023
34570,1023,0
34571,0,0
34572,0,1023
34573,0,0
34574,0,0
34575,1023,1023
34576,0,0
34577,0,0
34578,1023,0
34579,1022,0
34580,-1,0
34581,0,1023
34582,0,0
34583,0,0
34584,0,0
34585,0,0
34586,0,1023
34587,1023,0
34588,0,0
34589,0,1023
34590,0,1022
34591,1023,-1
34592,0,0
34593,1023,1023
34594,0,0
34595,0,1023
34596,0,0
34597,0,0
34598,0,1023
34599,1023,0
34600,0,0
34601,0,1023
34602,0,1022
34603,1023,-1
34604,0,1022
34605,1023,-1
34606,0,0
34607,0,1023
34608,1023,0
34609,0,0
34610,0,1023
34611,1023,0
34612,0,0
34613,0,0
34614,1023,1023
34615,0,0
34616,0,1023
34617,1023,0
34618,0,0
34619,0,1023
34620,1023,0
34621,0,0
34622,0,1023
34623,0,0
34624,0,0
34625,0,0
34626,1023,0
34627,0,0
34628,0,1023
34629,1023,0
34630,0,0
34631,1023,1023
34632,0,0
34633,0,0
34634,1023,0
34635,0,0
34636,0,0
34637,0,1023
34638,1023,0
34639,0,0
34640,0,1023
34641,0,0
34642,0,1023
34643,1023,0
34644,0,0
34645,0,0
34646,1023,0
34647,0,0
34648,0,0
34649,0,1023
34650,0,0
34651,0,0
34652,1023,1023
34653,0,0
34654,0,1023
34655,1023,0
34656,0,0
34657,0,1023
34658,1023,0
34659,1022,0
34660,-1,0
34661,0,1023
34662,0,0
34663,0,1023
34664,1023,0
34665,0,0
34666,0,1023
34667,1023,0
34668,0,0
34669,1023,1023
34670,0,0
34671,0,0
34672,0,0
34673,1023,1023
34674,0,0
34675,0,1023
34676,1023,0
34677,0,0
34678,1023,1023
34679,0,0
34680,0,0
34681,1023,1023
34682,1022,0
34683,-1,0
34684,0,1023
34685,1023,0
34686,0,0
34687,0,1023
34688,1023,0
34689,0,0
34690,1023,1023
34691,0,0
34692,0,1023
34693,1023,0
34694,1022,0
34695,-1,0
34696,0,1023
34697,1023,0
34698,0,0
34699,1023,1023
34700,-25588,-1024
34701,7177,-23540
34702,22526,15365
34703,-9213,20475
34704,-7161,-11263
34705,8195,16377
34706,-20467,9205
34707,-5104,-22527
34708,17416,3072
34709,-5109,28658
34710,-25576,-10248
34711,18447,-22524
34712,15368,15357
34713,-17391,7162
34714,-16359,-23546
34715,18448,-5111
34716,5134,24573
34717,8202,-19449
34718,25598,10242
34719,-9213,16378
34720,-23537,-13311
34721,21509,-11257
34722,6146,22524
34723,-23538,14326
34724,13,-13315
34725,22530,3068
34726,-7162,23537
34727,-19440,-10249
34728,11275,9203
34729,-20459,21481
34730,-11237,-24586
34731,27662,-2056
34732,2061,22510
34733,-14316,-5135
34734,4114,-22531
34735,14347,7162
34736,-12271,19441
34737,-14312,-15367
34738,16400,-7171
34739,15369,24562
34740,-2038,-30718
34741,20480,1
34742,-9211,15354
34743,-28653,-4099
34744,9231,-12284
34745,18438,12286
34746,-25581,10234
34747,-3051,-21499
34748,26632,-7159
34749,8196,21503
34750,-30701,1022
34751,17419,15351
34752,-5106,27626
34753,-9197,-9233
34754,17419,-13322
34755,7176,23531
34756,-23532,6121
34757,-5097,-23563
34758,16399,1012
34759,-2032,28647
34760,-24548,-11283
34761,19475,-21512
34762,18442,10228
34763,-14319,-22528
34764,21511,-3070
34765,7172,21496
34766,-21489,-2054
34767,7180,-19452
34768,24576,3075
34769,-14329,23544
34770,-21486,-23548
34771,15371,-10231
34772,10,19456
34773,-24554,7165
34774,17422,-2049
34775,-11244,22517
34776,-19426,-12292
34777,12312,-24567
34778,20494,11268
34779,-23526,24568
34780,-5091,-25595
34781,25617,1028
34782,14346,24568
34783,-16366,-1031
34784,5136,-21500
34785,23557,15357
34786,-22512,-14331
34787,12298,-8183
34788,21504,23550
34789,-30705,-19448
34790,23556,-29673
34791,9216,12305
34792,-34799,1040
34793,-8171,-28642
34794,33797,5148
34795,-1018,27663
34796,-30699,-14314
34797,29703,7187
34798,-14322,30724
34799,-35808,-19442
34800,30737,-11244
34801,7182,40960
34802,-26597,4094
34803,11286,-31730
34804,28680,14343
34805,-21485,35830
34806,-24545,-20479
34807,18454,-27633
34808,21516,21509
34809,-9199,-17394
34810,30722,-7150
34811,14331,18441
34812,-23545,-12273
34813,28665,-20455
34814,39910,16401
34815,-19472,24581
34816,-16391,-26606
34817,29675,-18405
34818,19426,22544
34819,-41993,3087
34820,32744,10250
34821,-23564,26621
34822,-22528,-11261
34823,28658,-23537
34824,15339,23556
34825,-32772,11263
34826,-2050,-31729
34827,32751,-10220
34828,-7181,27655
34829,-38905,6148
34830,7172,-15348
34831,28662,19459
34832,-21503,-31725
34833,22518,-8169
34834,10226,36869
34835,-31742,2052
34836,2049,-38889
34837,27636,13329
34838,5106,31746
34839,-14342,-19444
34840,11253,-31716
34841,16366,-5089
34842,-30722,20501
34843,23539,-8167
34844,4082,30730
34845,-35836,-8178
34846,16380,-19432
34847,26608,2071
34848,-26626,29705
34849,-26612,-27625
34850,15365,-6118
34851,-1018,36872
34852,-34793,2055
34853,3094,-34792
34854,35845,6165
34855,-23535,-18402
34856,6158,-25557
34857,20484,25631
34858,-18419,30736
34859,1036,-23524
34860,39929,-2019
34861,7158,21523
34862,-30714,-14310
34863,25594,-16350
34864,20465,9246
34865,-30719,22547
34866,29683,-14310
34867,20458,30731
34868,-32773,5129
34869,7160,-37860
34870,22510,27
34871,-15370,26638
34872,-24573,-9197
34873,15356,-14310
34874,19443,29708
34875,-29694,11271
34876,-13303,-31721
34877,18432,-16353
34878,-30705,4125
34879,2062,2076
34880,29696,18451
34881,-24564,19466
34882,-18411,-23530
34883,25609,-12260
34884,9221,27663
34885,-32747,14344
34886,-12261,-19438
34887,38920,2065
34888,-1015,36863
34889,29691,-20470
34890,26607,17410
34891,-35839,5120
34892,-11257,-24564
34893,24571,-13293
34894,1018,33795
34895,-33781,-5114
34896,10246,-29675
34897,28664,9233
34898,-23548,19464
34899,-17395,-35814
34900,29695,-21467
34901,-44011,-2010
34902,-6120,-18385
34903,36870,1070
34904,-8182,30751
34905,-22507,-19415
34906,7186,-26570
34907,25606,21548
34908,-30699,20514
34909,-7143,-19412
34910,32777,-2003
34911,-1014,36891
34912,7175,-25560
34913,25595,5158
34914,-21498,20508
34915,-13299,27
34916,17413,-18396
34917,21499,22553
34918,-19451,-9186
34919,10240,-33745
34920,13306,3118
34921,-17405,25634
34922,-26608,-7130
34923,19463,-24526
34924,-16369,18473
34925,-8173,-21452
34926,26630,-22465
34927,5,17463
34928,-31723,-6086
34929,8209,-25529
34930,24581,20541
34931,-30700,21555
34932,-27614,-27583
34933,19481,-23475
34934,16401,23618
34935,-9194,-28592
34936,25610,1103
34937,2057,36925
34938,-15343,-5056
34939,19464,-22453
34940,15361,7240
34941,-27633,12354
34942,-11243,-25521
34943,24585,2126
34944,-3061,30783
34945,-22506,11322
34946,21,-28600
34947,-13284,16448
34948,-20442,-19382
34949,9250,-14255
34950,11293,29763
34951,-23511,66
34952,4135,-21427
34953,31768,6218
34954,-999,11333
34955,-27609,-954
34956,2086,-28588
34957,25626,23625
34958,-7138,-2997
34959,30735,-9136
34960,7180,27715
34961,-34787,4161
34962,3100,-28593
34963,36874,10314
34964,-7154,26685
34965,-17385,7226
34966,27658,-20412
34967,14339,24632
34968,-15349,3127
34969,6152,-30650
34970,-5109,31799
34971,-28647,-11203
34972,18448,-17338
34973,25604,12352
34974,-10231,17464
34975,-16367,-21437
34976,26628,-13238
34977,-8184,20544
34978,-34791,-8124
34979,6166,-17331
34980,25610,21571
34981,-19436,-24497
34982,17420,-17320
34983,17412,20558
34984,-22513,7243
34985,-19431,-19371
34986,17425,84
34987,2064,27719
34988,-14313,-5046
34989,24587,-12208
34990,18434,38973
34991,-21491,22578
34992,-13292,-11208
34993,3091,19503
34994,-17380,10282
34995,1051,-17357
34996,30732,5169
34997,-5105,-3021
34998,-17384,-20419
34999,25612,-11197
35000,-7152,22584
35001,-21477,9268
35002,4121,-16324
35003,24589,7225
35004,-18410,-12225
35005,8210,-30642
35006,7183,17478
35007,-23525,21564
35008,-12255,-24504
35009,27668,-2998
35010,4114,19521
35011,-22499,-3005
35012,5147,-25520
35013,18450,12362
35014,-9193,23615
35015,-23517,-9148
35016,19482,29750
35017,-23514,7219
35018,-2009,-26560
35019,29721,4158
35020,-5092,27697
35021,-18395,-6092
35022,12319,-31676
35023,12313,17468
35024,-6116,16436
35025,-12254,-27582
35026,19481,-7098
35027,-28633,-8118
35028,5157,-30631
35029,28695,8277
35030,-11235,20555
35031,-15323,-15277
35032,14366,-15269
35033,10265,9303
35034,-21468,7252
35035,-6105,-20386
35036,15392,8282
35037,-19414,27725
35038,-18381,-9134
35039,15404,23623
35040,-28614,7236
35041,-15294,-28590
35042,18489,81
35043,4151,21575
35044,-19391,9283
35045,27700,-11191
35046,24616,11332
35047,-17359,22585
35048,-18374,-28601
35049,29740,-13234
35050,-13261,11337
35051,2098,-26538
35052,22567,-6055
35053,1062,19536
35054,-12244,-9131
35055,12326,-26526
35056,-5079,9310
35057,-25546,15447
35058,-6087,-22430
35059,26668,9310
35060,43,24658
35061,-25544,-4012
35062,4150,7249
35063,-8134,24645
35064,-19388,-11189
35065,18491,-13230
35066,14388,22599
35067,-18371,6212
35068,60,-24496
35069,25648,3151
35070,-5069,17479
35071,-23489,-15281
35072,7228,-16297
35073,-19386,15440
35074,-5047,-21413
35075,38966,1114
35076,-969,23631
35077,-28603,-5038
35078,10304,-20388
35079,13370,16468
35080,-18365,21578
35081,-14262,-16302
35082,10309,-11176
35083,6210,23629
35084,-18357,-5040
35085,18498,4174
35086,-14263,25666
35087,-21420,-9145
35088,17484,-17328
35089,12358,13386
35090,-16306,13380
35091,-5039,-18355
35092,17481,76
35093,-4021,21570
35094,-21418,2113
35095,8274,-20405
35096,-13223,12357
35097,-15263,-24495
35098,16473,-9130
35099,7254,25674
35100,-17313,8262
35101,-3999,-19376
35102,23638,2127
35103,1109,21573
35104,-15267,-9142
35105,24657,-21419
35106,3152,14414
35107,-26531,9290
35108,22610,-5043
35109,81,21571
35110,-23459,-3003
35111,3164,-19377
35112,9304,6220
35113,-22429,12358
35114,-13206,-15282
35115,17506,-5039
35116,4192,27716
35117,-21397,3139
35118,5225,-25520
35119,-11153,20550
35120,-16265,-11188
35121,14448,-12206
35122,13418,16458
35123,-13199,8262
35124,14442,-20400
35125,31835,3151
35126,4185,23620
35127,-24475,-12214
35128,9313,-22443
35129,17497,17485
35130,-20381,13383
35131,16475,-12211
35132,3162,13383
35133,-21403,70
35134,100,-30635
35135,15453,17485
35136,-17306,26688
35137,-21391,-13241
35138,18536,-13234
35139,15457,20548
35140,-21396,11327
35141,-6033,-14266
35142,-3983,20540
35143,-21380,-963
35144,13430,-12221
35145,21612,24631
35146,-14221,8243
35147,-19331,-15301
35148,21619,-9152
35149,9327,22581
35150,-19335,2100
35151,6262,-16324
35152,22635,11319
35153,-6034,21549
35154,22627,-21448
35155,12381,17456
35156,-23447,12330
35157,-2965,-18381
35158,32859,5169
35159,90,20519
35160,-22427,-9172
35161,9313,-19402
35162,19544,11313
35163,-16288,12331
35164,-19350,-20427
35165,4200,34852
35166,-22413,35
35167,5233,-30670
35168,27748,12332
35169,-12182,20514
35170,-19340,-8154
35171,18539,-15314
35172,7272,22563
35173,-18319,14364
35174,-8075,-20442
35175,29799,1061
35176,102,26648
35177,12384,-24540
35178,17496,19483
35179,-18335,15380
35180,-16279,-23520
35181,26716,-7132
35182,6233,21530
35183,-21404,-2021
35184,8288,-26584
35185,23637,8228
35186,-17314,25624
35187,-18329,-19422
35188,10338,22551
35189,-25489,7188
35190,-2959,-21473
35191,22630,-6110
35192,-10133,24598
35193,-28551,-9189
35194,18544,-16349
35195,21606,18458
35196,-20368,11285
35197,-11146,-24543
35198,22635,-7131
35199,8295,22554
35200,6244,-24538
35201,21594,12320
35202,-7074,24596
35203,-16282,-22497
35204,27737,-19415
35205,16465,23582
35206,-26530,7195
35207,-1953,-22490
35208,27730,37
35209,-2988,20507
35210,-18339,-9184
35211,22610,11291
35212,-22435,10262
35213,-17306,-25565
35214,19549,-4059
35215,7258,31766
35216,-27544,2069
35217,10339,-27613
35218,19546,8223
35219,-17309,21525
35220,-17300,-17378
35221,20578,-15322
35222,6239,23579
35223,94,-22490
35224,28752,-985
35225,-943,25627
35226,-31647,-11231
35227,14426,-18390
35228,20560,21536
35229,-18343,12314
35230,-13216,-26585
35231,18519,-6102
35232,6228,34841
35233,-25503,-4069
35234,28755,6168
35235,-14246,25612
35236,-20380,-18411
35237,24664,-20449
35238,13394,21525
35239,-24482,6162
35240,-2976,-24546
35241,25684,-4064
35242,-4010,24596
35243,-29595,-13285
35244,13407,-20443
35245,24659,27672
35246,-15269,-29657
35247,21585,-11219
35248,9293,27680
35249,-28581,4126
35250,4185,-27604
35251,21583,12326
35252,-14250,29720
35253,-15266,-21469
35254,26705,-22482
35255,10316,25634
35256,-28582,9246
35257,33866,3101
35258,-4020,26640
35259,-24488,-9195
35260,12370,-22496
35261,28740,22549
35262,-22449,17421
35263,-17320,-32739
35264,21582,-8159
35265,77,33809
35266,-30628,-5100
35267,6233,-27614
35268,24653,6175
35269,-16299,-17368
35270,22602,-21453
35271,13380,23592
35272,-29613,13346
35273,-2987,-22483
35274,33861,-3025
35275,-8119,29729
35276,-24491,-8155
35277,16461,-23503
35278,21571,18472
35279,-21426,18463
35280,24642,-4063
35281,14395,32785
35282,-28599,16
35283,10308,-36830
35284,28726,9246
35285,-14275,27665
35286,-17338,-20453
35287,27705,-20443
35288,9269,22554
35289,-22464,13332
35290,-4030,-25567
35291,32818,-3037
35292,-32702,-9176
35293,11325,-24524
35294,26672,17452
35295,-20422,21538
35296,-13247,-24530
35297,29747,-7118
35298,50,33826
35299,-27584,-4060
35300,7229,-31692
35301,24625,12334
35302,-16327,36892
35303,28715,-21465
35304,21537,27674
35305,-23507,12308
35306,-5072,-24544
35307,28706,-4062
35308,1057,27669
35309,-33742,-3049
35310,16426,-23517
35311,24606,22552
35312,-19416,17424
35313,-19406,-34783
35314,26661,-11225
35315,-28621,-5078
35316,2098,-35780
35317,30755,9272
35318,-8153,28714
35319,-15313,-17357
35320,14376,-26560
35321,14369,22581
35322,-31695,15406
35323,-1998,-25541
35324,33826,-7105
35325,-4060,32815
35326,15389,-25540
35327,29711,13366
35328,-21478,16430
35329,-21467,-24518
35330,24601,-9153
35331,10260,37933
35332,-25567,44
35333,8221,-32708
35334,33805,8248
35335,-10222,27691
35336,-23522,-19403
35337,20500,-24511
35338,-24544,15418
35339,-8156,-26553
35340,31765,-6070
35341,-7143,27709
35342,-30680,-9150
35343,12322,-26545
35344,22551,20549
35345,-26588,15422
35346,-17363,-22455
35347,30750,-15279
35348,5148,30786
35349,-6113,-30639
35350,26642,7246
35351,-16358,34877
35352,-26585,-15291
35353,24603,-23471
35354,19474,25669
35355,-30687,15422
35356,-6108,-25525
35357,29718,-5042
35358,-9189,29760
35359,-34772,-7100
35360,11303,-24496
35361,-17360,25668
35362,-25539,-33707
35363,28719,-10150
35364,13353,26701
35365,-25546,4171
35366,-969,-32677
35367,29737,10326
35368,-5076,32838
35369,-19402,-12212
35370,20524,-25511
35371,15397,26700
35372,-13268,-28582
35373,31773,-5027
35374,-994,33869
35375,-29651,2124
35376,7210,-26535
35377,30747,14418
35378,-16349,16458
35379,-25552,-17325
35380,25636,-11175
35381,10271,33865
35382,-26580,-950
35383,6185,-36772
35384,-6100,33868
35385,-26567,-18347
35386,16433,-24479
35387,14378,26708
35388,-22475,15437
35389,-11205,-28581
35390,35882,-4003
35391,-2005,25681
35392,-34756,-5036
35393,13366,-32668
35394,29736,21594
35395,-22477,-14239
35396,24615,-12185
35397,18462,27738
35398,-28628,3161
35399,-979,-29592
35400,23586,6245
35401,-11224,32853
35402,-25547,-16291
35403,23594,-23447
35404,15395,25693
35405,-27599,18516
35406,-4045,-25503
35407,1074,25685
35408,-31678,-1962
35409,10301,-26525
35410,29743,13405
35411,-18376,22610
35412,-19390,-23458
35413,32818,-13211
35414,13356,31830
35415,-28614,4180
35416,-3012,-31644
35417,28718,10335
35418,-24518,-7069
35419,20528,-29582
35420,19495,20584
35421,-30666,18527
35422,-14275,-31633
35423,31790,-6030
35424,4140,27749
35425,-31684,-1946
35426,12342,-28556
35427,29736,10351
35428,-20430,19558
35429,-19396,-23438
35430,14389,29796
35431,-30652,9312
35432,-5049,-28562
35433,32823,9322
35434,-968,29788
35435,-23484,-12190
35436,13374,-29583
35437,13368,21607
35438,-28602,16479
35439,-8118,-25492
35440,32826,-915
35441,-30647,108
35442,14402,-33667
35443,29748,13431
35444,-12230,24683
35445,-25529,-19339
35446,21565,-11141
35447,12343,28781
35448,-24509,7274
35449,1090,-34693
35450,23607,7288
35451,-10180,35943
35452,-25527,-16273
35453,21567,13417
35454,-20407,19552
35455,-10162,-27538
35456,28736,-15242
35457,1087,24682
35458,-31665,105
35459,11338,-27529
35460,28732,16495
35461,-18363,26722
35462,-19377,-16278
35463,26690,-12176
35464,-26545,7277
35465,-4015,-26502
35466,26692,4216
35467,-1979,31849
35468,-20401,-6036
35469,19526,-24456
35470,19517,16496
35471,-21432,16488
35472,-8116,-35718
35473,25664,-9089
35474,-959,26738
35475,-26546,2161
35476,28736,13419
35477,-10171,22624
35478,-21424,-20374
35479,21574,-14223
35480,13376,27748
35481,-31664,8288
35482,-2990,-25491
35483,26693,5227
35484,-5048,26718
35485,-24492,-13211
35486,14413,-23439
35487,-23463,21607
35488,-12193,-21390
35489,28753,-13191
35490,6222,27756
35491,-27556,-1939
35492,6233,-28549
35493,22606,7288
35494,-13227,23661
35495,-16291,-15243
35496,23634,-11141
35497,14411,26734
35498,-26536,7275
35499,29770,106
35500,-5043,24670
35501,-25510,-12188
35502,16466,-22417
35503,19529,19558
35504,-17326,17502
35505,-9129,-20376
35506,19534,-8084
35507,-945,25696
35508,-27555,95
35509,4187,-24469
35510,-12191,27742
35511,-20373,-13211
35512,18530,-18322
35513,12380,19557
35514,-25495,4195
35515,-5012,-29582
35516,23649,3185
35517,-5020,27748
35518,-21393,-8088
35519,16487,-19342
35520,16479,19561
35521,-19351,17505
35522,21599,-7067
35523,5213,25689
35524,-26518,3160
35525,7271,-19358
35526,27738,11357
35527,-14239,19540
35528,-17302,-20386
35529,19553,-14235
35530,8285,23642
35531,-26518,7255
35532,105,-21406
35533,-1942,24662
35534,-20364,-9125
35535,9328,-18332
35536,15465,18523
35537,-23435,16467
35538,-5000,-20387
35539,25708,-8095
35540,3179,26708
35541,-23433,-1963
35542,6260,-21408
35543,22633,8284
35544,-14224,18515
35545,18535,-10152
35546,14432,18511
35547,-21397,8267
35548,-1940,-23465
35549,25696,2134
35550,-3998,22603
35551,-23442,-8113
35552,13416,-15273
35553,12386,17487
35554,-15254,15432
35555,-6035,-19374
35556,5227,21576
35557,-26504,-4022
35558,6261,-21419
35559,22634,11344
35560,-11152,22597
35561,-14217,-14260
35562,18542,-12206
35563,8298,19529
35564,-23434,4167
35565,-1929,-22446
35566,22636,4176
35567,-6033,22597
35568,16487,-19377
35569,18526,15432
35570,-19352,14401
35571,-10131,-21428
35572,19556,-6065
35573,2147,20549
35574,-20371,68
35575,6250,-20402
35576,22623,8266
35577,-11163,14403
35578,-13204,-17332
35579,12390,22593
35580,-23438,10300
35581,-3980,-18363
35582,22633,2116
35583,-6036,20538
35584,-19338,-9153
35585,8306,-17336
35586,11373,17472
35587,-18314,12346
35588,-8070,-21435
35589,24686,-954
35590,3181,23611
35591,4203,-22458
35592,19554,9282
35593,-11160,15419
35594,-12178,-14270
35595,16486,-9145
35596,10337,19518
35597,-19349,3133
35598,3178,-23479
35599,20576,4167
35600,-5021,19518
35601,-23441,-6079
35602,18534,17465
35603,-15250,8245
35604,-3984,-17346
35605,16488,-4032
35606,2151,21558
35607,-18320,-4040
35608,8300,-21437
35609,17508,11326
35610,-13205,19509
35611,-12175,-16323
35612,20583,-6080
35613,9315,18487
35614,-2971,-20415
35615,17501,1088
35616,-8095,19511
35617,-17302,-10180
35618,14435,-15292
35619,15452,13374
35620,-17307,8250
35621,-3993,-21435
35622,19550,1092
35623,3165,18491
35624,-20377,-4035
35625,19550,3132
35626,-11164,15413
35627,-12182,-16323
35628,14435,-9150
35629,5217,20536
35630,-24467,5174
35631,3180,-21439
35632,17508,6206
35633,-12182,12344
35634,-16270,-12226
35635,15467,-13243
35636,11366,15422
35637,-3992,-18361
35638,20574,-952
35639,3165,22589
35640,-22424,-3009
35641,5222,-23477
35642,15455,14404
35643,-15257,9280
35644,-9108,-12218
35645,17508,-6071
35646,6241,21567
35647,-16279,4157
35648,16481,60
35649,-8091,17460
35650,-19345,-18371
35651,13417,-11197
35652,9317,18490
35653,-12181,7223
35654,106,-21438
35655,19553,-957
35656,-1950,20537
35657,-17301,-6084
35658,7272,-21433
35659,17504,17471
35660,-7068,-19383
35661,17500,-4021
35662,91,16451
35663,-21402,1090
35664,1125,-16310
35665,17501,6215
35666,-11165,15424
35667,-17300,-10171
35668,19555,-10166
35669,16475,14403
35670,-21402,5185
35671,18525,2112
35672,1116,22581
35673,-12190,-1994
35674,9310,-13251
35675,21588,12343
35676,-13221,14384
35677,-13214,-20422
35678,14427,-9153
35679,2138,23604
35680,-21403,2099
35681,5219,-20419
35682,16475,11320
35683,-14238,-12226
35684,14427,-14267
35685,13397,17469
35686,-19361,60
35687,-2975,-15292
35688,27732,3139
35689,-1963,26678
35690,-18338,-9157
35691,10329,-13246
35692,10324,15419
35693,-18339,11318
35694,20563,-5063
35695,7248,27692
35696,-17319,1067
35697,7254,-22474
35698,22603,1077
35699,-10160,22570
35700,-9131,-18381
35701,20555,-8137
35702,14404,16431
35703,-22449,2094
35704,-944,-21447
35705,20550,7222
35706,-18353,-10181
35707,6220,-13246
35708,24640,17466
35709,-20406,13364
35710,-6067,-19394
35711,15430,-8126
35712,69,15419
35713,-22448,-5058
35714,8268,-17337
35715,17476,13377
35716,-16308,12347
35717,23617,-14270
35718,10300,20536
35719,-23480,6197
35720,-2998,-10182
35721,18497,6199
35722,-7099,26666
35723,-19377,-10193
35724,5197,-12235
35725,6218,22570
35726,-19372,7207
35727,-4010,-20431
35728,19533,-11209
35729,-20393,-5062
35730,12369,-19388
35731,22598,4162
35732,-8118,13372
35733,-12208,-11198
35734,26691,-5051
35735,9279,20539
35736,-26548,5177
35737,-4018,-13248
35738,27713,1087
35739,1088,21557
35740,16440,-21440
35741,7221,13370
35742,-21440,13364
35743,-13241,-10183
35744,19518,-7107
35745,4156,28719
35746,-12222,-7117
35747,8254,-26560
35748,31791,13370
35749,-20423,18481
35750,-8131,-15303
35751,20531,-966
35752,-17348,3129
35753,59,-20413
35754,24623,17467
35755,-976,29741
35756,-29633,-13260
35757,6204,-24512
35758,21554,22581
35759,-13255,24617
35760,-966,-20429
35761,27693,-16325
35762,44,18482
35763,14373,-21443
35764,22554,10296
35765,-13279,25644
35766,-6108,-12238
35767,24600,-13255
35768,7189,25645
35769,-26590,6186
35770,-6107,-18381
35771,25625,7216
35772,-10210,20518
35773,-17369,-13267
35774,12321,-17354
35775,-15319,6195
35776,-11217,-23489
35777,27682,-10172
35778,-6107,35891
35779,-25550,5169
35780,15403,-17350
35781,24607,15411
35782,-16345,19498
35783,-15313,-17357
35784,33823,-7113
35785,1054,23596
35786,-7134,-23496
35787,33810,55
35788,-13287,20525
35789,-19421,-15307
35790,14364,-23487
35791,16404,23606
35792,-21473,9266
35793,-992,-29631
35794,28690,64
35795,5136,30769
35796,-15336,-6092
35797,9236,-31676
35798,-20450,17468
35799,-22487,-18363
35800,17441,-1978
35801,9245,23611
35802,-19417,13365
35803,-3031,-25534
35804,32793,65
35805,-7139,26676
35806,-31699,-13253
35807,18468,-23481
35808,23577,27706
35809,4119,-26553
35810,28681,-5046
35811,-7155,21568
35812,-18410,-8124
35813,24586,-26543
35814,31739,12363
35815,-21498,25663
35816,-28652,-14266
35817,34819,-20400
35818,1026,24644
35819,-29679,7233
35820,5135,-25522
35821,-7149,20548
35822,-21474,-23472
35823,19477,-22437
35824,19468,27726
35825,-10223,9290
35826,-21476,-28584
35827,21522,-12194
35828,-1005,33870
35829,-30686,-4016
35830,19481,-12202
35831,23566,14415
35832,-21479,-17320
35833,23566,-9123
35834,10249,25681
35835,-35813,13387
35836,-3043,-17324
35837,37899,5202
35838,-5106,21576
35839,-13291,-24492
35840,18444,-24480
35841,9224,24660
35842,-23532,17484
35843,1043,-32676
35844,14348,37962
35845,-23528,73
35846,2071,-40867
35847,22540,17493
35848,-26599,20555
35849,-32727,-12207
35850,28699,-13224
35851,-2020,21582
35852,-35794,2125
35853,-977,-32675
35854,31776,92
35855,-29649,-13213
35856,17447,-23441
35857,21533,24675
35858,-23511,18522
35859,2088,-20380
35860,29722,-6041
35861,2073,12385
35862,-25562,-5020
35863,12320,-24464
35864,11291,21606
35865,-17372,33878
35866,-21457,-21407
35867,7212,16473
35868,-28614,-13216
35869,57,-29585
35870,33833,5229
35871,-14288,29791
35872,-33727,-2975
35873,25653,-14232
35874,30758,20574
35875,-24526,29776
35876,-21443,-33695
35877,17461,-11161
35878,-30652,-1944
35879,9280,-19342
35880,29746,5232
35881,-29631,33888
35882,-22452,-19350
35883,22593,-24458
35884,16441,30823
35885,-37812,9315
35886,-13229,-12183
35887,33859,3176
35888,9279,32856
35889,-14266,-19358
35890,18493,14427
35891,-22456,21585
35892,-13233,-26530
35893,18502,9306
35894,16446,29772
35895,-27572,7241
35896,7241,-40867
35897,16449,8281
35898,-22452,29771
35899,-17323,-23465
35900,25673,-10148
35901,-31655,2139
35902,3160,-27543
35903,32840,-2965
35904,71,29789
35905,-30634,-12189
35906,28744,-18324
35907,32824,21602
35908,-23484,18521
35909,-12214,-21404
35910,33850,-2970
35911,-965,48207
35912,-35763,2126
35913,36923,4172
35914,-17340,38969
35915,-21425,-27577
35916,32831,-21422
35917,24627,16458
35918,-23489,-7090
35919,4157,-33697
35920,34860,7260
35921,-9167,29774
35922,-28609,-5039
35923,16439,-13224
35924,-23485,24652
35925,-23473,-31652
35926,78,-11166
35927,5196,34897
35928,-34723,12363
35929,9305,-21418
35930,20559,11345
35931,-6062,32833
35932,-14247,-25522
35933,26700,-24486
35934,20546,20560
35935,-42921,14409
35936,36933,9285
35937,5187,30774
35938,-21426,-8134
35939,8266,-30647
35940,24638,27708
35941,-25525,21554
35942,-11183,-31678
35943,31810,-20404
35944,14395,32828
35945,-27575,-8128
35946,10308,-35758
35947,-16308,18505
35948,-15276,-25514
35949,29766,-20384
35950,15423,26707
35951,-24501,19530
35952,3146,-21419
35953,37944,-7079
35954,-7108,30794
35955,-32692,-15278
35956,2123,-20388
35957,25663,25680
35958,-20407,24644
35959,36919,-12214
35960,-4039,29756
35961,-31671,10295
35962,2120,-27579
35963,22589,8257
35964,-7103,36911
35965,-9146,-14282
35966,34869,-16322
35967,7218,28720
35968,-28608,2095
35969,12346,-30658
35970,-6083,28720
35971,-33714,-9163
35972,10313,-39863
35973,26684,11332
35974,-27574,22585
35975,-13231,-29624
35976,15434,-19374
35977,-6067,25670
35978,-24487,9282
35979,-5028,-11192
35980,29774,11331
35981,-16298,23608
35982,17486,-35766
35983,19525,25662
35984,-30636,20532
35985,-17315,-18371
35986,26704,24625
35987,-943,31778
35988,-22436,-16342
35989,10327,-27592
35990,21581,11315
35991,-21416,26662
35992,-19358,-21455
35993,20568,36895
35994,-17311,-6110
35995,1120,-36812
35996,31825,-9159
35997,-21412,21551
35998,-16284,-18376
35999,29782,-22461
36000,14415,32819
36001,-27555,22568
36002,-12189,-17359
36003,28757,-15303
36004,9297,20527
36005,11340,-26564
36006,8264,17460
36007,-28586,18475
36008,-16290,-6098
36009,29776,-17353
36010,15433,22572
36011,-29608,7209
36012,-2982,-26570
36013,32842,9266
36014,-10161,38943
36015,-28579,-14298
36016,22610,24602
36017,-12200,-2021
36018,-13217,-33748
36019,31824,1067
36020,-15272,30748
36021,-28570,-4066
36022,10337,-21463
36023,33873,13347
36024,-16295,10270
36025,-2981,-32722
36026,18514,-25541
36027,-2988,23600
36028,9296,-42939
36029,30785,10304
36030,-14264,34863
36031,-22445,-14282
36032,4177,-33721
36033,17481,6212
36034,-29608,10303
36035,-15264,-13242
36036,24660,11329
36037,-16292,26676
36038,-30613,-8136
36039,27742,8244
36040,-10141,27687
36041,-26512,-15313
36042,25700,-16329
36043,15453,29737
36044,5211,11300
36045,20561,-25551
36046,28739,9261
36047,-17332,26656
36048,-21417,-12250
36049,21581,-12244
36050,25665,20514
36051,-13240,-19412
36052,35895,-3026
36053,-6086,11305
36054,-26553,-18382
36055,-7093,-19396
36056,22592,18483
36057,-17335,16427
36058,-12209,-12239
36059,21573,-18374
36060,4163,32810
36061,-33708,13348
36062,10319,-3034
36063,-25508,20508
36064,-16284,8216
36065,19547,-20446
36066,12373,33810
36067,-30620,12300
36068,-13205,-23528
36069,30812,-999
36070,-5025,20495
36071,-20375,7180
36072,11364,-25575
36073,26711,19472
36074,86,-31712
36075,18509,-16344
36076,7242,30745
36077,-25513,1048
36078,-6054,-22493
36079,27725,5153
36080,-2993,19480
36081,-26532,-11234
36082,19539,-29651
36083,17483,21539
36084,-27559,21529
36085,27724,4119
36086,-8112,32775
36087,-27554,-9204
36088,2141,-24552
36089,23634,15377
36090,-9129,20487
36091,-25500,-18416
36092,25688,-6125
36093,15441,29701
36094,-22436,6146
36095,8280,-20468
36096,22605,8200
36097,-24487,-7156
36098,18512,-16364
36099,23621,17420
36100,-27565,22529
36101,-7081,-16375
36102,33863,-2038
36103,-1976,26621
36104,-25515,-9214
36105,3156,-20468
36106,21578,17412
36107,-21419,23545
36108,26696,-5124
36109,11331,15349
36110,-23473,-5128
36111,-15273,-25595
36112,8275,13311
36113,-7081,30705
36114,-18336,1008
36115,26707,-10250
36116,21577,20461
36117,-15279,13287
36118,-1966,-27659
36119,20552,-8198
36120,-18351,9206
36121,-942,-17409
36122,24646,25587
36123,1093,16364
36124,-8119,-23560
36125,13379,-13313
36126,9279,11258
36127,-31665,-5
36128,2126,-26615
36129,18501,7174
36130,-3001,26617
36131,12353,-23547
36132,-1982,-5112
36133,-29615,1031
36134,-7083,-28651
36135,15438,13327
36136,-5039,29697
36137,-17318,-1022
36138,11349,-23538
36139,15438,11273
36140,-14251,20479
36141,-20385,-23541
36142,16471,-1012
36143,-22430,7177
36144,9310,-22508
36145,21588,8208
36146,-9127,25604
36147,-22428,-12278
36148,14429,-17389
36149,17493,13325
36150,-8103,15366
36151,-5028,-10229
36152,31821,4105
36153,-946,17409
36154,15431,-22516
36155,24635,13318
36156,-21434,20476
36157,-10165,-20473
36158,22592,-6134
36159,9276,24574
36160,-16316,1021
36161,-4026,-19449
36162,9282,5125
36163,-20404,18428
36164,-13229,-7168
36165,19530,-15352
36166,-18349,9220
36167,2130,-26607
36168,11341,-2030
36169,-8111,15371
36170,-28577,-3059
36171,10330,1036
36172,22607,18435
36173,-7085,18426
36174,-1964,-26616
36175,27719,-9203
36176,5189,28671
36177,-1978,-19447
36178,22587,2056
36179,-7105,22525
36180,-11195,-19449
36181,28727,-18416
36182,13361,8204
36183,-23491,2059
36184,-3009,-27623
36185,25651,-2022
36186,1074,23567
36187,-18373,-6126
36188,14388,-13287
36189,-15300,10260
36190,-15292,-19426
36191,14397,-4064
36192,-3009,27667
36193,-23477,4113
36194,8263,-24547
36195,20541,3100
36196,-9150,17428
36197,-24498,-11238
36198,17478,-17373
36199,11329,22552
36200,64,-16352
36201,27699,4126
36202,-972,20500
36203,-19394,-19426
36204,12344,-21463
36205,12338,14370
36206,-15302,17434
36207,-11200,-21467
36208,17464,-9174
36209,9268,13348
36210,-21441,-3034
36211,9275,-24526
36212,-15293,17450
36213,-13238,-6099
36214,20544,-15307
36215,13370,17453
36216,-15294,5163
36217,-8122,-18380
36218,28728,-3018
36219,-6085,20524
36220,-20411,3115
36221,10304,-24521
36222,8252,29737
36223,-8128,-21452
36224,24628,-11206
36225,-3018,27693
36226,-21439,5163
36227,7230,-9168
36228,18485,8236
36229,-5064,20514
36230,-10179,-12248
36231,23602,-17359
36232,10285,15402
36233,-28613,-3028
36234,-964,-18379
36235,-16316,27688
36236,-10167,-9171
36237,7238,-20425
36238,18493,7220
36239,-22456,3123
36240,-13233,-26560
36241,24643,-8124
36242,2114,28726
36243,-21427,1077
36244,4171,-18370
36245,21569,16438
36246,-15287,-15298
36247,20543,-15290
36248,2110,20540
36249,-20408,11319
36250,-4022,-23485
36251,29756,16443
36252,-3010,22576
36253,-22455,-9163
36254,12355,-18370
36255,14396,15415
36256,-22457,16431
36257,-4023,-14282
36258,7238,24618
36259,-21423,-3028
36260,12363,-26567
36261,19522,9269
36262,-19380,16429
36263,-21417,-22472
36264,25675,-12226
36265,13381,18485
36266,-23471,5171
36267,-4013,-19395
36268,22600,1084
36269,-23468,-9151
36270,10319,-16311
36271,11338,27708
36272,-21419,19507
36273,-11173,-22466
36274,21585,-6079
36275,-1966,26676
36276,-20388,3123
36277,4186,-15301
36278,23631,16435
36279,-11179,19498
36280,-16291,-12240
36281,10328,22565
36282,-24476,36
36283,1123,-24528
36284,22616,10283
36285,-9123,22560
36286,-16283,-8156
36287,17501,-14293
36288,18516,13349
36289,-19362,4131
36290,-5023,-31693
36291,26708,50
36292,-24480,-973
36293,11355,-25536
36294,22608,5182
36295,-15272,11321
36296,-13217,-18366
36297,16471,-12216
36298,5205,22589
36299,-28573,14390
36300,1122,-17345
36301,28756,9275
36302,-9127,26670
36303,-19357,-15306
36304,13405,21548
36305,-20377,13350
36306,-7061,-19408
36307,27742,-3022
36308,2141,27685
36309,-14236,-9174
36310,16476,-24522
36311,25680,12336
36312,-16296,18471
36313,-17311,-22478
36314,29779,-7114
36315,-23457,2101
36316,2142,-22464
36317,24658,63
36318,-2988,20533
36319,-29597,-15299
36320,16475,-16315
36321,12373,25657
36322,-23455,17457
36323,-9114,-21444
36324,27737,1083
36325,-6052,25647
36326,-22425,1070
36327,19550,14375
36328,-19352,26650
36329,-11154,-16350
36330,28768,-8154
36331,10331,23579
36332,-24473,2074
36333,2150,-23514
36334,24666,10273
36335,-10145,21527
36336,-19351,-12259
36337,15458,-15323
36338,-22419,13343
36339,-7055,-28627
36340,25701,-4049
36341,-2969,26658
36342,-29578,-6107
36343,13424,-26574
36344,19559,11309
36345,-16273,25633
36346,-15241,-19413
36347,25707,-15309
36348,7272,25639
36349,-29577,6180
36350,29801,5154
36351,-8083,23575
36352,-24455,-12259
36353,14450,-21464
36354,23655,20510
36355,-19343,10265
36356,-9098,-24539
36357,25706,2084
36358,-1941,32788
36359,-21386,-4074
36360,12400,-26589
36361,-16264,25623
36362,-18303,-17376
36363,23670,-15320
36364,9330,25628
36365,-32638,10263
36366,3201,-22494
36367,32881,5152
36368,1136,25620
36369,-22405,24584
36370,-27511,11267
36371,-24427,-21490
36372,-4968,-29667
36373,25740,8217
36374,9352,23566
36375,-7028,25602
36376,-20330,13308
36377,-25437,-5121
36378,-17236,-27635
36379,3243,-30692
36380,29853,-17371
36381,25745,3108
36382,22662,26647
36383,5252,26634
36384,-21361,-8178
36385,-9068,-27620
36386,11407,-24536
36387,29825,-10195
36388,25717,14374
36389,12399,28696
36390,4205,9236
36391,3180,-6121
36392,-2962,11282
36393,8298,1041
36394,-8082,-3053
36395,7275,9231
36396,-5010,-13290
36397,-6031,7187
36398,14442,3090
36399,-7058,-4076
36400,-1937,12302
36401,6252,-5103
36402,-10127,1040
36403,8301,5134
36404,-1938,-7150
36405,-11148,8206
36406,11375,-1009
36407,-15241,3086
36408,5237,5132
36409,3188,-7152
36410,-10119,12298
36411,7286,-2037
36412,-3976,-6130
36413,4214,9226
36414,9330,-4084
36415,-14215,2059
36416,2168,9223
36417,8308,-8181
36418,-7048,2058
36419,7285,-2037
36420,-2953,-6130
36421,6260,7179
36422,5234,-8177
36423,-12168,1038
36424,7285,10249
36425,2164,-7155
36426,-9095,11272
36427,4215,-2039
36428,-16257,-1014
36429,4221,-2037
36430,4219,-14318
36431,-7041,17
36432,-1920,16
36433,-6013,-17383
36434,-1916,4119
36435,4226,-5094
36436,-8058,-2021
36437,5252,14356
36438,-2938,-7144
36439,-2936,16400
36440,10371,-12266
36441,-8057,21
36442,6276,9233
36443,131,2064
36444,-6010,18439
36445,3205,7172
36446,-2937,7169
36447,8323,2048
36448,-892,-15352
36449,1155,8196
36450,11390,3075
36451,-4991,-7161
36452,4223,8195
36453,-8061,1026
36454,-1916,8190
36455,2179,-8189
36456,-8057,2050
36457,10370,8190
36458,5248,-10236
36459,-12154,6145
36460,9346,2048
36461,-3964,0
36462,1155,7165
36463,5249,-4096
36464,-7035,2047
36465,3204,-5118
36466,-8056,-10233
36467,-6005,7172
36468,5257,3075
36469,136,-11255
36470,-4981,7174
36471,8327,8194
36472,9347,-9209
36473,-11127,-3063
36474,-2933,14338
36475,13445,1025
36476,-13172,-3069
36477,-3954,4097
36478,7307,-2046
36479,-6002,-3068
36480,-1905,5122
36481,6284,-5115
36482,-883,5123
36483,4235,11262
36484,3210,-6142
36485,-6003,7167
36486,5259,9211
36487,8327,-14333
36488,1158,10238
36489,8322,-15354
36490,-9081,-14323
36491,1158,1036
36492,10369,-11246
36493,-9082,-9193
36494,-1913,3094
36495,-22382,6163
36496,-10089,13325
36497,2198,6154
36498,-15202,9
36499,-2912,14338
36500,159,-9209
36501,-9052,9219
36502,9376,4097
36503,5278,-3069
36504,-1889,-1020
36505,10394,-2043
36506,-1893,-3065
36507,-2915,10242
36508,11416,-7162
36509,-7012,-8182
36510,155,12292
36511,-10080,3075
36512,-16216,9215
36513,9380,10235
36514,-8024,-6145
36515,-6996,10235
36516,11431,7160
36517,-4950,-6148
36518,2217,6138
36519,6310,-5123
36520,-17233,-3073
36521,-2895,-1024
36522,-4940,-4094
36523,4274,13308
36524,-14151,-11262
36525,-12097,-2045
36526,190,5121
36527,8378,-4093
36528,-15166,1026
36529,4288,2049
36530,-1855,-9210
36531,-830,13312
36532,4288,-4094
36533,-2878,10237
36534,193,-7167
36535,-5948,-6140
36536,16572,-4090
36537,-6976,1029
36538,-5949,10240
36539,14524,2047
36540,-2882,3070
36541,10425,-5119
36542,-10050,-7163
36543,4284,13311
36544,10423,-4094
36545,-5958,10237
36546,7351,-4096
36547,-11075,2047
36548,8377,1022
36549,-6979,-7166
36550,7354,15355
36551,5304,-9216
36552,-10051,3071
36553,5307,-1024
36554,-3907,-9211
36555,-2881,14334
36556,5309,-6142
36557,-2881,8190
36558,8379,-1
36559,-5954,-6141
36560,12472,10238
36561,1207,-10236
36562,-6981,10239
36563,10422,-4094
36564,-9029,2049
36565,1210,10236
36566,-6978,-12285
36567,3261,5121
36568,2236,-4093
36569,-2882,7168
36570,5308,-7164
36571,-11070,8192
36572,11453,1023
36573,-9022,-1024
36574,2241,12282
36575,6334,-7170
36576,-4927,4093
36577,2240,-7167
36578,-10043,5119
36579,7362,-5118
36580,-3900,7167
36581,-1851,-7165
36582,-6967,2050
36583,15554,3073
36584,-6970,-2046
36585,6339,5120
36586,-3899,-8188
36587,5315,4098
36588,194,-9209
36589,2241,7172
36590,1216,-12278
36591,7357,7175
36592,-1858,-9204
36593,2237,8200
36594,188,-7156
36595,3259,4106
36596,5305,-5107
36597,-4932,8201
36598,7353,3080
36599,-10050,5126
36600,8378,-3064
36601,-9025,2055
36602,8379,2054
36603,-3907,9218
36604,188,-7162
36605,-4929,7171
36606,3262,-6138
36607,-5951,6147
36608,11452,-5114
36609,-10047,5124
36610,10428,-2043
36611,-10047,4099
36612,7358,-3067
36613,-9021,7170
36614,2242,-7162
36615,6335,10241
36616,-3903,-10234
36617,5311,5124
36618,-5950,-4090
36619,8382,3077
36620,-5951,-7159
36621,9405,-2038
36622,-3905,-2037
36623,8379,-2036
36624,-5954,5130
36625,1213,-7154
36626,7354,5132
36627,-9025,-1011
36628,7356,4107
36629,-4929,-6130
36630,4285,13
36631,3260,13319
36632,3259,-5110
36633,-3907,5128
36634,-834,-3062
36635,4284,7175
36636,-1859,-7157
36637,7354,-3059
36638,-5955,4107
36639,4283,-8177
36640,2234,9227
36641,-5955,-5106
36642,6330,6155
36643,-3908,-1012
36644,5306,-2035
36645,1209,8201
36646,13491,-8179
36647,-4938,9225
36648,-4935,-10226
36649,8373,1037
36650,-2889,1036
36651,3254,-6129
36652,3253,10250
36653,-6983,-1013
36654,-3909,2058
36655,-6977,9222
36656,-1856,-11252
36657,7357,2059
36658,-4928,1034
36659,5310,-6131
36660,11449,-2034
36661,-3909,11273
36662,1210,-13296
36663,7351,-2031
36664,-1864,9229
36665,-6980,-5104
36666,7353,-5101
36667,184,7184
36668,-10051,-8172
36669,6330,-1003
36670,1209,10256
36671,-838,5134
36672,-8002,3085
36673,12472,1036
36674,-1863,10247
36675,-3909,-6134
36676,8375,-1013
36677,-2887,9223
36678,-8003,-4087
36679,4283,3080
36680,6328,-3062
36681,-6980,9222
36682,4282,-13299
36683,8374,-4081
36684,3253,7180
36685,-15171,2059
36686,3260,-6130
36687,11447,4108
36688,-3911,12294
36689,-838,-5111
36690,3257,-1014
36691,3256,7175
36692,-4933,-2040
36693,5305,-3062
36694,5303,5128
36695,1206,9220
36696,-6982,-2043
36697,6327,-3065
36698,9395,6148
36699,-9032,2051
36700,1207,-7161
36701,8371,-2040
36702,4273,10243
36703,-5964,-1020
36704,4274,-9207
36705,6319,4103
36706,13481,3078
36707,-5972,1029
36708,-3922,-7159
36709,173,-8179
36710,3244,14342
36711,-6992,6147
36712,-2894,-2044
36713,12460,-10231
36714,1195,1032
36715,2218,1031
36716,-14159,7172
36717,-1870,-2043
36718,3249,-8183
36719,5295,-3061
36720,-9036,2058
36721,5298,-2037
36722,1201,-4083
36723,8365,7178
36724,-5968,-4084
36725,-2894,-4082
36726,1201,5132
36727,-5964,1035
36728,-2890,-5106
36729,7347,-5103
36730,5297,3088
36731,-6987,8204
36732,-2889,-5105
36733,6324,3086
36734,-2890,5132
36735,2229,-3058
36736,5299,3085
36737,-2891,5131
36738,-3913,10
36739,5301,-1013
36740,8369,9223
36741,-10058,-8181
36742,10417,-5106
36743,-11081,7179
36744,-840,-5106
36745,3255,6155
36746,-6981,-2036
36747,13493,-6129
36748,-842,1038
36749,4276,5132
36750,9392,8200
36751,-3918,3079
36752,-5963,6
36753,8369,5
36754,176,7170
36755,-2894,-6139
36756,6319,8193
36757,-4942,-2046
36758,7343,-3068
36759,-848,11263
36760,-14153,-8188
36761,4277,-3066
36762,-9030,-1017
36763,9398,2054
36764,-15170,6147
36765,-13115,-4091
36766,5315,-2042
36767,-4922,1029
36768,2245,-1018
36769,12479,1029
36770,5309,-3065
36771,7354,4101
36772,-4931,-8183
36773,8377,3080
36774,-10050,1031
36775,-833,-12275
36776,-832,7178
36777,-831,-9201
36778,9405,10250
36779,-834,-4084
36780,6331,7177
36781,-4930,5127
36782,7355,6148
36783,1210,-15348
36784,-2884,2059
36785,-1859,-4083
36786,188,10248
36787,-8000,-2039
36788,1215,10244
36789,-3903,-4090
36790,2240,9218
36791,191,-7162
36792,-832,7171
36793,-831,-6138
36794,1216,6147
36795,7357,-6138
36796,188,3077
36797,5306,-2042
36798,-12096,-1017
36799,6333,4101
36800,-2881,-3065
36801,-832,7172
36802,4286,-5113
36803,-4927,4101
36804,8381,5123
36805,-834,-8185
36806,-6974,10242
36807,9406,1
36808,-2880,-6140
36809,-3902,8192
36810,193,-5117
36811,-6971,5121
36812,3268,6142
36813,1219,-10236
36814,-2875,6145
36815,10432,3072
36816,-3902,-4094
36817,4288,6143
36818,7357,-1024
36819,-7999,-4094
36820,7358,6143
36821,-4927,-1024
36822,9405,5118
36823,-4928,-1025
36824,-9019,3070
36825,1220,3069
36826,-4921,-2049
36827,5317,1022
36828,-826,-7166
36829,-5943,5120
36830,9413,4094
36831,-4920,-4095
36832,3271,7166
36833,-3895,-7166
36834,-822,5120
36835,201,-4094
36836,-822,8190
36837,14531,2045
36838,-2875,-2049
36839,-3897,9211
36840,1222,-9216
36841,-825,-1023
36842,10434,1024
36843,-1853,-2047
36844,-2875,1024
36845,9409,-3070
36846,-5948,4096
36847,1219,3071
36848,-828,-11259
36849,-827,2052
36850,6338,2051
36851,-829,-11255
36852,-1852,8197
36853,8384,4
36854,-4925,-12278
36855,-4922,6151
36856,3269,-6134
36857,-6967,-2037
36858,3272,6152
36859,8388,-2039
36860,-5945,-4085
36861,-824,7176
36862,7365,7
36863,-2873,-6134
36864,-1848,7175
36865,6341,4101
36866,-1850,-6136
36867,1221,6149
36868,8385,-3065
36869,-5948,-2040
36870,-1851,5126
36871,6338,-1017
36872,-3900,-4087
36873,-3898,9221
36874,6339,4099
36875,-3899,-4091
36876,-5944,3076
36877,4294,4098
36878,1221,-8186
36879,-1850,5124
36880,6339,-1019
36881,-1852,-5112
36882,-4921,6149
36883,5317,5123
36884,2244,-5114
36885,195,7171
36886,4289,-3067
36887,2240,-11253
36888,-6972,-1012
36889,8384,2059
36890,-10043,-8177
36891,-4920,6156
36892,13506,7177
36893,-829,-2038
36894,-3899,2057
36895,5315,3080
36896,4289,-8180
36897,-3901,1035
36898,3266,14340
36899,2241,-7160
36900,-4924,-1015
36901,195,7174
36902,194,-8182
36903,-5947,1033
36904,8385,5127
36905,2240,-7157
36906,-6972,2058
36907,3267,8198
36908,3266,-5111
36909,-7994,-2038
36910,1221,7175
36911,6338,-3063
36912,-4923,1032
36913,5315,5126
36914,2242,-6135
36915,-10041,8
36916,5317,10243
36917,-2873,-1020
36918,-5942,3
36919,2249,-1020
36920,1224,-9207
36921,-6964,5127
36922,8392,5125
36923,-1847,-5112
36924,-4916,5126
36925,5322,-5111
36926,-5939,-1014
36927,1228,7175
36928,2251,-6134
36929,-9008,-2037
36930,5326,3082
36931,2253,-6131
36932,-4912,3084
36933,3279,2059
36934,-1840,-3059
36935,-5933,1036
36936,7376,-2035
36937,-815,-5104
36938,1232,6157
36939,5326,-4081
36940,-3888,-2032
36941,2255,5134
36942,3278,-7150
36943,-7982,5136
36944,4304,6157
36945,2255,-3057
36946,-11051,-2032
36947,4307,5134
36948,-3883,1037
36949,212,6154
36950,6353,-3060
36951,-6955,11
36952,1236,4105
36953,5330,-4085
36954,-5931,6152
36955,7378,3079
36956,-1837,-5110
36957,-6953,5128
36958,6356,4102
36959,-5929,-1017
36960,3286,5125
36961,2261,-6136
36962,-6951,-1015
36963,216,-4085
36964,-4901,-6130
36965,-2851,2061
36966,7386,1036
36967,217,-4082
36968,-1830,5132
36969,3289,-2035
36970,-4900,1036
36971,3291,-3058
36972,-3875,-4080
36973,4315,7181
36974,4313,-5104
36975,-4900,3087
36976,8408,14
36977,-1831,-4080
36978,2264,6157
36979,10451,-6128
36980,-6953,15
36981,8403,2062
36982,-5930,1037
36983,6355,1036
36984,-812,-14317
36985,-2858,6160
36986,6355,-1007
36987,-4906,-1006
36988,213,4112
36989,3284,-5101
36990,-5929,3090
36991,7380,-5099
36992,211,-6120
36993,210,23
36994,2257,-9188
36995,-5932,3099
36996,5330,-996
36997,-4907,-12254
36998,-2857,6175
36999,4309,3102
37000,2260,29
37001,-5929,9241
37002,-2855,5143
37003,-5924,-7141
37004,1243,4121
37005,-7969,24
37006,-3871,9236
37007,2272,4114
37008,3295,-9193
37009,-6941,9235
37010,10462,4113
37011,221,-8171
37012,-4896,3092
37013,5342,19
37014,-2848,-5098
37015,-1823,6163
37016,8413,-1004
37017,-5920,3091
37018,6365,3090
37019,-802,-4076
37020,221,7185
37021,9433,4111
37022,-1830,5133
37023,-1829,6154
37024,4313,2057
37025,-2853,-5108
37026,1242,5130
37027,6359,-2037
37028,-3879,1034
37029,6358,3081
37030,2261,-5108
37031,-4904,6153
37032,3287,2056
37033,2262,-4086
37034,-1833,6151
37035,2262,-2040
37036,-2856,-6133
37037,-2854,4105
37038,7383,-1014
37039,-3879,-4084
37040,7382,2059
37041,1237,-5106
37042,-4904,6155
37043,5334,3082
37044,213,-2037
37045,-1834,6152
37046,2261,-3062
37047,-5928,2057
37048,-1831,9221
37049,4311,-4089
37050,-4902,-1016
37051,7383,1031
37052,-1832,-7157
37053,215,5129
37054,8403,-1014
37055,-812,-5107
37056,-2858,3084
37057,5332,11
37058,-2858,-4083
37059,213,3084
37060,7378,2059
37061,209,2058
37062,1232,4104
37063,1231,-4086
37064,-3887,-2037
37065,3280,4105
37066,207,-5108
37067,-3887,2059
37068,6350,-1012
37069,1229,-5105
37070,-1842,6156
37071,6347,1035
37072,-2867,-2036
37073,-818,8200
37074,1229,-4086
37075,-1842,6151
37076,8394,-2040
37077,-4915,7
37078,-1842,8195
37079,205,-3067
37080,-2865,-2042
37081,1230,5124
37082,5324,-4090
37083,-4913,-1017
37084,5325,4101
37085,204,-7159
37086,3275,5127
37087,5321,-7157
37088,-4916,1034
37089,4298,5128
37090,201,-4086
37091,-1846,4104
37092,1225,3079
37093,-2869,-7157
37094,6344,2058
37095,7365,-3060
37096,-1850,2059
37097,197,5129
37098,-2873,-6132
37099,-824,5130
37100,4294,-3060
37101,-3896,-8176
37102,-2870,6157
37103,5320,-1010
37104,-2870,1037
37105,6343,4107
37106,-824,-9200
37107,-6964,1039
37108,3275,5133
37109,-7985,-4081
37110,3278,7180
37111,7371,-3058
37112,-7985,-2033
37113,2254,2062
37114,205,-5103
37115,204,-1006
37116,3275,-3052
37117,-3891,-1003
37118,3276,4115
37119,4298,-5098
37120,-1845,6163
37121,3274,-1004
37122,-3892,-6121
37123,-819,5141
37124,1228,20
37125,-4913,2067
37126,3278,4113
37127,-2864,-4077
37128,-2862,9231
37129,8398,2062
37130,-1841,13
37131,3278,4107
37132,-1841,-4083
37133,-816,5131
37134,4302,-3059
37135,-5935,2060
37136,4303,2059
37137,-3887,-5106
37138,-1838,8202
37139,3281,9
37140,-4908,-3061
37141,2259,7176
37142,3282,-3062
37143,-1837,5128
37144,4305,-4086
37145,208,-3060
37146,207,8200
37147,-1840,-5109
37148,-815,-8177
37149,208,6156
37150,4302,-2035
37151,-4911,-1010
37152,1232,5132
37153,4302,-1011
37154,-4911,-4081
37155,2256,-1008
37156,1231,3087
37157,-3887,8203
37158,4303,1034
37159,-2863,-3060
37160,-4908,2059
37161,5330,1034
37162,-3884,-2037
37163,2259,4105
37164,2258,8
37165,209,-2039
37166,9421,3080
37167,2252,-3062
37168,-4913,3081
37169,5325,1032
37170,2252,-6133
37171,-3890,4105
37172,2253,2056
37173,204,-3062
37174,-3890,5128
37175,7371,3079
37176,2250,-6134
37177,-1845,4104
37178,3274,7
37179,2249,6
37180,3272,2053
37181,4294,-5112
37182,-3896,-2039
37183,199,5127
37184,2246,-3063
37185,-5943,1032
37186,4295,5126
37187,1222,-5111
37188,-3896,-3061
37189,5318,1034
37190,-825,-5107
37191,2246,5131
37192,4292,-1012
37193,-3898,-2035
37194,197,5131
37195,6338,1034
37196,-829,-4084
37197,-1852,3083
37198,6337,10
37199,-1854,-8178
37200,-2876,5132
37201,5314,-2035
37202,-3900,12
37203,6337,5130
37204,1216,-3060
37205,-3902,2059
37206,2241,5129
37207,1216,-3061
37208,-4925,10
37209,1218,3081
37210,6335,1032
37211,-2879,-3062
37212,2240,3081
37213,3263,-2038
37214,-4926,1033
37215,-1853,7174
37216,4289,5124
37217,-1854,3
37218,-2876,1026
37219,1219,6143
37220,5313,0
37221,-2877,-3070
37222,1218,4096
37223,6335,5118
37224,-3903,2045
37225,1216,6139
37226,191,1018
37227,-1856,7159
37228,3263,7156
37229,4285,-2058
37230,-834,-3080
37231,-1857,5110
37232,4285,3061
37233,3260,-4104
37234,-2882,-7
37235,3261,4088
37236,3260,-4101
37237,-3906,-2051
37238,-2880,4092
37239,5310,1019
37240,-833,-2051
37241,-4926,-3073
37242,-829,0
37243,7360,4094
37244,2239,-1
37245,-3903,0
37246,1216,4094
37247,191,-4095
37248,-832,2048
37249,7357,4094
37250,3260,-2048
37251,-835,-1023
37252,-834,3072
37253,4284,2047
37254,5306,-1024
37255,-1861,-6141
37256,-2883,1026
37257,3260,1
37258,3259,0
37259,-3907,1023
37260,-1858,2046
37261,1213,1021
37262,188,-2
37263,-5953,-6142
37264,-2879,-2045
37265,-830,5121
37266,3265,4095
37267,4287,-1024
37268,-3903,-4094
37269,-1854,5120
37270,6335,-2047
37271,190,-3069
37272,189,4097
37273,4283,3072
37274,5305,-2047
37275,-1862,-4093
37276,-837,4097
37277,2234,3072
37278,3257,-1023
37279,-838,-1022
37280,-2884,1025
37281,4282,2048
37282,1209,-4094
37283,-2885,-1021
37284,-2883,5121
37285,4283,3072
37286,4281,-2047
37287,-838,0
37288,185,6141
37289,5303,2044
37290,7348,-1027
37291,179,-3073
37292,-1868,1022
37293,3251,3069
37294,5297,-2049
37295,-1870,-5118
37296,-2892,2049
37297,-843,3072
37298,4275,1023
37299,1202,-4094
37300,-3916,-1021
37301,-2890,4097
37302,-841,2048
37303,5301,-1023
37304,-1866,2048
37305,-1865,3071
37306,1206,4094
37307,1205,-6142
37308,-3913,-7162
37309,-1864,-1017
37310,-1863,3078
37311,5303,1029
37312,4277,-4089
37313,2228,-6134
37314,-2890,1033
37315,1205,4103
37316,1204,1030
37317,179,-5111
37318,-4938,2056
37319,-8006,4102
37320,1209,5124
37321,3256,2051
37322,1207,-4091
37323,-2887,-3065
37324,-3909,2054
37325,186,8194
37326,4280,2049
37327,-839,-4093
37328,-3909,-1020
37329,-1860,3075
37330,4282,1026
37331,3257,-2045
37332,-2885,-5114
37333,-1860,3077
37334,3259,2052
37335,186,5122
37336,4280,-1021
37337,4278,-5114
37338,-2888,-2041
37339,-4933,2054
37340,-4930,5
37341,8378,1028
37342,2233,-1019
37343,-1862,-3065
37344,-1861,-2040
37345,-1860,1031
37346,-2882,4101
37347,2237,3076
37348,2236,-1019
37349,2235,-4089
37350,-3907,-1016
37351,-1858,2055
37352,1213,3078
37353,2236,2053
37354,1211,-3065
37355,-836,-4087
37356,-835,-3061
37357,-3905,2058
37358,1214,4104
37359,4284,3079
37360,3259,6
37361,186,-3064
37362,-2884,2055
37363,2235,2054
37364,3258,-1017
37365,3257,-3063
37366,-838,-3061
37367,-1861,2058
37368,1210,3081
37369,2233,-1014
37370,2232,-3060
37371,-2886,-2035
37372,-2884,12
37373,2235,4106
37374,3258,-1013
37375,-1861,-3059
37376,-836,-1010
37377,-3906,2061
37378,189,3084
37379,3260,5130
37380,4282,-1013
37381,3257,-1012
37382,-1862,11
37383,-1861,-4083
37384,186,-2034
37385,-837,4108
37386,-836,5130
37387,1211,4104
37388,2234,5126
37389,1209,5124
37390,4279,2051
37391,182,1026
37392,181,2049
37393,3252,-1022
37394,5298,-4092
37395,-845,-2043
37396,-1868,4
37397,-2890,-4090
37398,2229,-1017
37399,-842,-4087
37400,181,1032
37401,-2889,1031
37402,-1864,3078
37403,-2886,2053
37404,-837,3076
37405,-836,3075
37406,187,2050
37407,186,4096
37408,3257,1023
37409,1208,6141
37410,4278,5115
37411,181,-3075
37412,2228,-4096
37413,5298,1023
37414,6319,0
37415,5293,-2047
37416,3244,-2046
37417,3243,-3068
37418,2218,-2043
37419,1193,-2042
37420,-854,-2041
37421,2217,1030
37422,168,5
37423,-855,-2042
37424,168,-1017
37425,2215,-3063
37426,2214,-1014
37427,-857,-4084
37428,2214,-1011
37429,2213,2060
37430,4259,-2035
37431,2210,-2034
37432,-3932,-5103
37433,163,-4077
37434,1186,-2028
37435,2209,-2027
37436,2208,-1002
37437,3231,-1001
37438,3230,-2024
37439,3229,4118
37440,2204,4116
37441,155,5138
37442,2202,3089
37443,1177,2064
37444,1176,4110
37445,1175,5132
37446,150,1035
37447,-3944,4105
37448,-2918,2056
37449,-1893,1031
37450,-868,2054
37451,-2914,5
37452,1181,-2042
37453,1180,-5111
37454,-1891,-1014
37455,1180,-1013
37456,-867,-3059
37457,2204,-1010
37458,3227,-3056
37459,3226,1039
37460,3225,1038
37461,1176,2061
37462,1175,4107
37463,1174,2058
37464,-873,3081
37465,2198,2056
37466,2197,1031
37467,-874,-1016
37468,-1897,-1015
37469,-872,1032
37470,151,3079
37471,-2919,4101
37472,1176,-2042
37473,151,-2041
37474,1174,-3063
37475,2197,-5108
37476,148,-2035
37477,-875,-3057
37478,148,-3055
37479,1171,-2030
37480,3218,-4076
37481,4240,-2027
37482,3215,-2026
37483,2190,1045
37484,2189,20
37485,2188,1043
37486,5258,1042
37487,3209,1041
37488,3208,1040
37489,3207,1039
37490,3206,1038
37491,3205,-1009
37492,2180,2062
37493,2179,1037
37494,3202,1036
37495,1153,-2035
37496,2176,3084
37497,5246,-1011
37498,2173,1036
37499,4219,-1011
37500,6264,12
37501,3191,-3058
37502,2166,13
37503,3189,1036
37504,3188,3083
37505,115,1034
37506,3186,4104
37507,-909,2055
37508,114,2054
37509,-909,1029
37510,-1932,1028
37511,-907,2051
37512,-2953,1026
37513,-1928,1025
37514,-1927,-1022
37515,-1926,-1021
37516,-901,-2044
37517,122,-3066
37518,2169,-1017
37519,1144,-2040
37520,1143,-1015
37521,2166,-1014
37522,3189,1033
37523,3188,-1014
37524,3187,9
37525,3186,1032
37526,4208,7
37527,2159,1030
37528,2158,3077
37529,2157,3076
37530,108,3075
37531,-1939,2050
37532,-914,2049
37533,-1937,1024
37534,-912,2047
37535,-1935,3070
37536,-1934,1021
37537,-909,1020
37538,-1932,-2050
37539,115,1021
37540,114,-1026
37541,113,-2048
37542,112,-1023
37543,1135,-1022
37544,2158,-1021
37545,2157,-2044
37546,108,-2043
37547,2155,-2042
37548,1130,5
37549,2153,4
37550,2152,-2043
37551,-919,-1018
37552,3176,-23534
37553,28762,-2029
37554,-10145,20489
37555,-24469,-12273
37556,15460,-19431
37557,-15252,14354
37558,-2962,-29663
37559,25698,-7131
37560,-925,21531
37561,-23441,-996
37562,6252,-27606
37563,17508,17442
37564,-18323,25622
37565,-15243,-19424
37566,23658,-9179
37567,11365,27672
37568,-26510,10259
37569,24678,1042
37570,-5015,24582
37571,-23435,-9205
37572,15470,-18412
37573,18533,23561
37574,-21392,11268
37575,-6029,-32748
37576,23656,-3050
37577,2151,27657
37578,-22414,-5108
37579,5232,-25575
37580,-11146,21519
37581,-14211,-16361
37582,22642,-18400
37583,8302,23573
37584,-28548,4115
37585,1147,-23521
37586,25711,4125
37587,-7053,23570
37588,-23425,-16358
37589,14456,-15326
37590,17520,16410
37591,-23428,8214
37592,24688,21
37593,3183,26632
37594,-24453,-3062
37595,12405,-24554
37596,27752,13328
37597,-12178,18439
37598,-16266,-15345
37599,22635,-6126
37600,5225,25606
37601,-20365,7171
37602,8303,-21490
37603,-3983,26625
37604,-21380,-9210
37605,14453,-18417
37606,18540,16391
37607,-21385,12289
37608,-6022,-21492
37609,21616,-3058
37610,3183,26625
37611,-21382,-5116
37612,5240,-27630
37613,19567,13324
37614,-19335,19459
37615,19568,-12279
37616,8300,21503
37617,-19338,3070
37618,-905,-19448
37619,21613,4102
37620,-8079,18429
37621,-24451,-10237
37622,14454,-16373
37623,18541,24575
37624,-22408,14329
37625,-4997,-24570
37626,5241,24570
37627,-19325,-4099
37628,8319,-21496
37629,17527,11267
37630,-13186,21497
37631,-15226,-13312
37632,26745,-11258
37633,10356,24570
37634,-29565,1017
37635,3202,-22523
37636,24694,4099
37637,-8070,19450
37638,14451,-16381
37639,16491,13309
37640,-19339,14327
37641,10352,-20478
37642,18535,10237
37643,-18320,18421
37644,-12170,-20480
37645,22635,-7164
37646,4201,22521
37647,-23435,5111
37648,6258,-18431
37649,-10121,19448
37650,-17280,-13313
37651,14457,-14329
37652,12403,19454
37653,-21378,12281
37654,-3968,-22523
37655,22645,1028
37656,-2953,23545
37657,-21374,-7171
37658,9342,-17402
37659,16502,19453
37660,-15234,18421
37661,19573,-10245
37662,3188,20466
37663,-24448,2033
37664,3199,-21508
37665,25715,5114
37666,-9096,22512
37667,-15232,-12297
37668,18551,-10243
37669,10354,15350
37670,-18309,5108
37671,-2947,-20481
37672,1148,25587
37673,-22393,-5130
37674,12417,-19456
37675,17529,14329
37676,-14208,13299
37677,-9083,-16388
37678,18556,-7168
37679,6265,22517
37680,-16255,2036
37681,6270,-19458
37682,20596,11257
37683,-12166,18417
37684,18545,-16390
37685,14442,16371
37686,-20364,6129
37687,-3978,-19461
37688,20588,-4
37689,-2962,23537
37690,-18313,-4108
37691,9331,-18434
37692,18538,15351
37693,-15246,10227
37694,-5003,-19459
37695,5235,22515
37696,-18308,2034
37697,4218,-23554
37698,22639,4093
37699,-11147,16374
37700,-17282,-10244
37701,13432,-10238
37702,9332,19449
37703,-20354,5111
37704,-2944,-21502
37705,20598,1025
37706,-3976,20471
37707,10355,-17408
37708,13421,11259
37709,-17290,15348
37710,-10117,-17411
37711,21617,-5120
37712,3184,21494
37713,-21381,-2056
37714,5241,-17407
37715,17521,9213
37716,-11145,18421
37717,-16257,-13316
37718,12409,16373
37719,-18302,6131
37720,129,-17412
37721,21623,-3
37722,-4998,26609
37723,-16254,-8202
37724,13436,-16385
37725,16500,14329
37726,-17283,11252
37727,-2945,-17411
37728,18550,-2
37729,-1929,19445
37730,4213,-18433
37731,15470,10235
37732,-12172,15348
37733,-14213,-12293
37734,19570,-11263
37735,5232,19448
37736,-18311,1015
37737,3192,-20478
37738,20590,2049
37739,-5007,15354
37740,-15239,-13311
37741,16497,15354
37742,-18310,11253
37743,-10113,-22527
37744,21621,-2046
37745,-906,26613
37746,-20352,-5128
37747,9340,-23548
37748,22641,11263
37749,-18310,14329
37750,-16254,-16382
37751,18553,-10233
37752,4215,17407
37753,-904,-19447
37754,23661,-1014
37755,-6032,20480
37756,-13193,-12282
37757,9331,-11252
37758,14444,17412
37759,-15244,13310
37760,-7048,-18424
37761,21614,7
37762,-2960,21501
37763,-19334,-6143
37764,18545,12283
37765,-15239,15348
37766,-11137,-18434
37767,16503,-9213
37768,6260,15356
37769,-19330,2043
37770,1149,-18427
37771,21619,5123
37772,-8073,15356
37773,-13186,-8191
37774,16502,-12281
37775,17518,22524
37776,-12172,-25591
37777,16492,1032
37778,-1939,19455
37779,-14220,-5118
37780,9328,-19444
37781,19559,17412
37782,-16273,20474
37783,-9100,-16381
37784,18539,-14326
37785,5225,23551
37786,-17294,-4094
37787,22631,3073
37788,-2967,20471
37789,-16271,-10243
37790,17513,-10237
37791,13411,16379
37792,-20371,7160
37793,-9102,-13313
37794,20584,0
37795,-5013,21494
37796,-18316,-9221
37797,11375,-14333
37798,11370,10238
37799,-12176,-18424
37800,21606,-9203
37801,2149,21507
37802,-15251,2050
37803,4203,-21491
37804,24671,8201
37805,-11163,24573
37806,-14228,-13308
37807,16484,-8184
37808,9312,18431
37809,-21397,10235
37810,20577,-4
37811,-1950,18420
37812,-20372,-8199
37813,6249,-24570
37814,18528,14335
37815,-12186,28658
37816,-16274,-20483
37817,20580,-5120
37818,7265,16376
37819,-19349,1015
37820,-7057,-27643
37821,20581,11264
37822,-19345,-15352
37823,20581,-14321
37824,10336,22532
37825,-18327,8192
37826,-10130,-27634
37827,13416,13
37828,-8084,22530
37829,-21385,1025
37830,8307,-23539
37831,15468,15366
37832,-20362,19453
37833,27753,-12284
37834,4199,26615
37835,-28555,10227
37836,4211,-18435
37837,21609,9209
37838,-13200,16370
37839,-21381,-13319
37840,18546,-8194
37841,10349,19445
37842,-26502,6131
37843,121,-25600
37844,29803,1023
37845,-26504,-7165
37846,10355,-29678
37847,18538,8206
37848,-17293,15367
37849,-8073,-22510
37850,23660,-6123
37851,4202,23562
37852,-13199,8198
37853,10348,-30699
37854,29790,6162
37855,-15258,16394
37856,11361,-10225
37857,7262,22532
37858,-21399,7169
37859,-7059,-22516
37860,22626,1035
37861,2145,16387
37862,-29584,-11255
37863,14441,-26602
37864,19552,20492
37865,-15256,13318
37866,-2966,-14323
37867,28764,-7151
37868,-24472,3088
37869,15457,-20454
37870,21591,8214
37871,-16289,26633
37872,-27539,-11249
37873,20579,-18408
37874,25687,22541
37875,-23453,5131
37876,-7065,-30694
37877,17503,-3044
37878,-7069,24592
37879,15452,-22501
37880,22609,19474
37881,-6060,15371
37882,-17315,-22506
37883,27728,-4072
37884,4174,25612
37885,-24486,1035
37886,1113,-15341
37887,21583,10254
37888,-9132,25602
37889,-20386,-17397
37890,24658,-21482
37891,-26529,12304
37892,-6046,-27618
37893,28756,3101
37894,-5033,21523
37895,-17312,-7145
37896,16472,-22494
37897,18511,16410
37898,-21414,16402
37899,-6051,-25569
37900,21587,30
37901,10318,36876
37902,10313,-28646
37903,25661,9238
37904,-9150,34821
37905,-38827,-12277
37906,12367,-16365
37907,9291,15372
37908,-30630,5130
37909,1113,-20460
37910,28747,4114
37911,-4019,29700
37912,-28581,-7160
37913,19538,-25579
37914,-20388,16397
37915,-14237,-25574
37916,31828,-12256
37917,7249,24596
37918,-24483,4114
37919,5211,-24546
37920,16467,5148
37921,-15269,28686
37922,-28567,-16362
37923,25693,-14307
37924,10328,19476
37925,-7076,-27614
37926,28750,33
37927,4172,22550
37928,-24488,-16354
37929,10323,-19416
37930,16459,19487
37931,-15277,30736
37932,-15269,-31712
37933,29773,-24532
37934,76,20514
37935,-34723,13340
37936,2140,-24536
37937,-1955,34839
37938,-23447,-16353
37939,22622,-19415
37940,24658,26652
37941,-24482,17428
37942,-2976,-27614
37943,30801,1057
37944,-5036,27668
37945,-10151,-5097
37946,14418,-24541
37947,28740,1058
37948,-23472,-26577
37949,14409,-10188
37950,12355,30757
37951,-31661,6178
37952,3154,-31694
37953,26693,8238
37954,-14260,26657
37955,-22441,-17366
37956,18510,-19404
37957,14407,32804
37958,-29610,6177
37959,-2984,-22484
37960,87,34843
37961,-35735,-14302
37962,9317,-23506
37963,17501,23587
37964,-21400,17435
37965,-13201,-11231
37966,28769,-7131
37967,-2973,38930
37968,-28559,1041
37969,3184,-25570
37970,34911,7195
37971,-22422,-21466
37972,16482,-26573
37973,30803,19498
37974,-14246,11301
37975,1113,-26574
37976,29771,-10185
37977,-5042,28713
37978,-23462,-5076
37979,13396,-29637
37980,23625,19506
37981,-14256,33826
37982,-21413,-26577
37983,12373,29729
37984,-28573,1056
37985,-1948,-28626
37986,23641,1069
37987,-13216,23586
37988,-33679,-12248
37989,26724,-19406
37990,23641,30755
37991,-36757,9247
37992,-27527,-27603
37993,34920,-6096
37994,-30601,-11210
37995,5237,-18369
37996,37987,10298
37997,-25488,18481
37998,-25475,-24515
37999,14454,-17338
38000,12400,30775
38001,-27522,54
38002,9338,-31674
38003,29804,-953
38004,-7056,16447
38005,-21381,-23477
38006,13429,26686
38007,-29564,25650
38008,-12150,-28608
38009,40055,-7100
38010,9331,24632
38011,-34684,-3014
38012,3203,-22459
38013,13437,18492
38014,-23415,24624
38015,-11121,-18375
38016,33919,-5060
38017,-18296,2107
38018,-1911,-35763
38019,32889,-2993
38020,-20349,31808
38021,-21362,-20406
38022,25730,-11184
38023,39023,19527
38024,-17288,11330
38025,-8068,-18357
38026,31853,-24489
38027,-6032,29769
38028,-37757,-6068
38029,35954,16452
38030,-24450,22585
38031,-13179,-26554
38032,21627,-25517
38033,5241,15436
38034,-26490,6217
38035,5252,-32679
38036,29814,9301
38037,-10117,24649
38038,-11135,-8115
38039,18552,-27557
38040,-29561,12373
38041,-26476,-11173
38042,31877,-5026
38043,1156,35917
38044,-13173,3148
38045,8327,-24488
38046,21629,14417
38047,-18298,6222
38048,-19312,-25509
38049,19591,-19355
38050,7300,37971
38051,-29549,21577
38052,32899,-1974
38053,-12151,28732
38054,-17262,-16316
38055,7311,-38825
38056,23684,21581
38057,-26479,21571
38058,-18278,-33708
38059,29836,-16292
38060,-1907,34891
38061,-23399,-6066
38062,-12129,-31650
38063,-26452,21588
38064,-18251,-23456
38065,26792,-16280
38066,11427,27739
38067,-27471,11350
38068,-1870,-33689
38069,27813,2150
38070,-2905,31831
38071,-21326,-2983
38072,20648,-20381
38073,16544,26710
38074,-22357,12368
38075,20641,-2990
38076,4255,27717
38077,-31569,6210
38078,-2895,-23474
38079,28835,22595
38080,-18260,21561
38081,-12110,-22460
38082,27813,-12214
38083,9377,19521
38084,-30544,1088
38085,11435,-39852
38086,170,34883
38087,-25417,66
38088,19630,-33709
38089,26785,-940
38090,-25426,10319
38091,-20296,-18344
38092,19631,-2982
38093,-2895,24654
38094,-16199,14407
38095,12467,-28587
38096,30884,7250
38097,-14165,22599
38098,6312,-19375
38099,9380,31810
38100,-20306,22583
38101,8362,-17344
38102,34969,5182
38103,-11105,21556
38104,-23381,-21441
38105,21665,-22454
38106,4255,23615
38107,-18264,27698
38108,-17231,-25537
38109,4271,20533
38110,-21318,-15299
38111,-1861,-32691
38112,29869,11336
38113,-11085,16448
38114,-16197,-25523
38115,30892,-9134
38116,9384,29764
38117,-32584,9280
38118,-5957,-35758
38119,31916,13388
38120,171,27711
38121,12453,-12219
38122,25753,26680
38123,-31575,16432
38124,-11089,-25539
38125,25763,-17338
38126,1186,14399
38127,-32590,16439
38128,-5963,-17344
38129,26792,20534
38130,-16208,32806
38131,3247,-22479
38132,11434,26660
38133,-22347,9248
38134,2228,-25555
38135,28838,44
38136,-857,34843
38137,-31561,-2020
38138,11442,-25559
38139,14507,15394
38140,-24393,7199
38141,-14146,-25556
38142,20660,-3026
38143,-4937,31775
38144,7348,-24533
38145,36003,2090
38146,-8025,31771
38147,-22350,-25560
38148,32930,-12242
38149,-861,23587
38150,-18260,22552
38151,3243,-12258
38152,24735,-3040
38153,-10076,27667
38154,-23376,-16357
38155,11435,5145
38156,-16205,21519
38157,-12103,-25572
38158,28843,-9183
38159,7336,18456
38160,-19278,-5093
38161,7343,-25560
38162,7340,39
38163,-6992,19486
38164,-18247,-19416
38165,17585,-983
38166,11436,20511
38167,-15180,-30674
38168,18603,45
38169,-21322,24609
38170,-29499,-990
38171,14526,-11224
38172,20660,27675
38173,-32572,10262
38174,-18227,-21471
38175,26816,-14296
38176,13498,21534
38177,-33589,-3040
38178,24767,1055
38179,190,26642
38180,-10045,-8170
38181,27830,-17377
38182,14511,28689
38183,-21318,13323
38184,-837,-23529
38185,27822,-2024
38186,-10061,30729
38187,-25408,-13296
38188,15545,-21477
38189,19632,8215
38190,-11082,-21470
38191,20652,-989
38192,-2898,29717
38193,-25413,-2026
38194,11446,-23518
38195,25770,2081
38196,-6994,22550
38197,-16202,-26589
38198,6323,-4059
38199,6320,22554
38200,-23364,14355
38201,18611,4113
38202,-13126,31746
38203,-26425,-1021
38204,6340,-23537
38205,22713,13321
38206,-13120,22526
38207,-7996,-20471
38208,22713,-13296
38209,2232,27651
38210,-29497,-1020
38211,10434,-26607
38212,17594,-2030
38213,-14143,-13287
38214,14522,-6116
38215,15539,27663
38216,-9032,7180
38217,-5957,-22505
38218,21681,-3047
38219,-14152,13331
38220,-28474,-12263
38221,8386,-3045
38222,16570,21521
38223,-15166,11276
38224,23735,-16364
38225,6324,22537
38226,-25407,-4085
38227,7358,-28647
38228,10425,23566
38229,-9026,21508
38230,-4927,-10231
38231,31922,-5108
38232,9390,29694
38233,-20296,1021
38234,-3910,-25590
38235,24750,-4084
38236,-18249,-10223
38237,19630,-17382
38238,20644,7191
38239,-17235,2070
38240,-10062,-27612
38241,30883,-9175
38242,3234,22558
38243,-18261,-7134
38244,5289,-26577
38245,23710,10282
38246,-5983,14371
38247,3232,-11223
38248,-5981,17441
38249,-20307,9245
38250,-850,-23511
38251,19621,1064
38252,-5976,18463
38253,-10067,-13274
38254,14502,-27596
38255,21660,11311
38256,-23384,15400
38257,-11090,-9171
38258,25762,-4049
38259,-18261,-5070
38260,6312,-23490
38261,26779,15415
38262,-13150,21549
38263,-17237,-9166
38264,14500,-10185
38265,9376,27690
38266,-11098,3113
38267,165,-24523
38268,20635,-3017
38269,-11103,23596
38270,2208,-10191
38271,14489,15402
38272,-19293,12324
38273,-5978,-14293
38274,20636,-7121
38275,-867,22564
38276,-26454,-5081
38277,169,-9172
38278,9381,17444
38279,-20305,20506
38280,-11083,-14303
38281,23722,-10202
38282,-21323,10273
38283,-5960,-24531
38284,23725,1068
38285,-10062,23585
38286,-8010,-4061
38287,21676,-12247
38288,13478,16417
38289,-17233,32
38290,-1872,-30673
38291,25764,-2000
38292,-12118,26659
38293,9382,-14294
38294,26777,12324
38295,-2917,18459
38296,-8033,-25560
38297,11418,-11218
38298,2201,18469
38299,-14176,7202
38300,-863,-28624
38301,22678,9260
38302,-9061,29726
38303,-21338,-8158
38304,13472,-17365
38305,-29521,10278
38306,-4942,-12244
38307,24742,43
38308,-1881,19490
38309,-23373,-3036
38310,3250,-19410
38311,16554,15399
38312,-17229,17439
38313,-14150,-19415
38314,13492,-12241
38315,9392,25635
38316,4270,-24529
38317,19621,3118
38318,-10070,23587
38319,-20300,-11223
38320,21674,-8147
38321,8358,27680
38322,-13139,9244
38323,-8015,-18395
38324,21671,-6104
38325,166,17440
38326,-25421,-13273
38327,4273,-21454
38328,-21316,19497
38329,-12094,-14288
38330,20664,-11210
38331,7349,23595
38332,-16195,3114
38333,-1858,-21451
38334,25778,3124
38335,-14151,20522
38336,-18238,-12240
38337,22711,-9163
38338,14512,27688
38339,-4941,-23500
38340,22696,-7112
38341,-3926,20526
38342,-26441,-4048
38343,8371,-18375
38344,19626,10292
38345,-14159,17452
38346,-1870,-27590
38347,19625,-10177
38348,-1878,24627
38349,-29511,1074
38350,5303,-20420
38351,-3911,25648
38352,-18238,-11210
38353,16570,-17345
38354,10421,14392
38355,-25406,8244
38356,-7994,-16324
38357,20668,8248
38358,-6976,19503
38359,-25395,-7117
38360,10440,-22466
38361,23741,16438
38362,-14140,-17345
38363,22713,-11195
38364,6326,25657
38365,-16194,1080
38366,3261,-22461
38367,22706,8255
38368,-11080,21557
38369,-17215,-12229
38370,21687,-11199
38371,14512,19512
38372,-27458,14385
38373,-1857,-20421
38374,-7997,17459
38375,-24369,-8137
38376,10442,-20415
38377,17602,19512
38378,-20276,20526
38379,-9007,-22471
38380,24773,-10178
38381,3268,23603
38382,-21297,2098
38383,206,-25537
38384,23747,8251
38385,-15157,-9152
38386,20673,-21429
38387,15546,22592
38388,-24378,8252
38389,-4919,-21433
38390,21695,-4023
38391,190,24637
38392,-22327,-7103
38393,12483,-20405
38394,17595,16451
38395,-16189,20537
38396,-7993,-25530
38397,8387,26681
38398,-26416,3128
38399,6349,-27578
38400,21699,8258
38401,-9016,21560
38402,-22317,-13249
38403,24775,-18360
38404,1222,19519
38405,-24366,5181
38406,-7978,-29620
38407,26825,9288
38408,-22316,-13233
38409,14541,-20391
38410,27840,15442
38411,-20278,17482
38412,-13103,-24490
38413,22726,-7078
38414,4292,29772
38415,-26415,-947
38416,4303,-27557
38417,29889,10326
38418,-16183,26697
38419,-21292,-13232
38420,17612,25668
38421,-29477,10303
38422,-5922,-24501
38423,28880,74
38424,-3886,24638
38425,-21283,-14267
38426,13527,-25518
38427,14544,20552
38428,-23332,17472
38429,-17179,-20406
38430,24793,-8114
38431,-23323,5196
38432,6370,-24488
38433,27861,3159
38434,-14116,27722
38435,-25367,-18349
38436,22750,-15269
38437,15575,24655
38438,-28443,6220
38439,-4888,-28582
38440,22749,4184
38441,-3873,27723
38442,-19223,-7089
38443,21727,27714
38444,-18200,16442
38445,-10003,-26553
38446,22754,-7093
38447,2273,29757
38448,-26386,60
38449,1261,-30645
38450,23778,10310
38451,-18197,27705
38452,-20235,-15295
38453,25833,-16311
38454,-27401,7238
38455,-5894,-24494
38456,28908,-941
38457,-5905,29765
38458,-28419,-7095
38459,10488,-20397
38460,21742,18506
38461,-17161,21568
38462,-13058,-25523
38463,27889,-7087
38464,3312,29763
38465,-25347,-1980
38466,31982,6209
38467,-17161,25653
38468,-26364,-14276
38469,25848,-20410
38470,20718,17470
38471,-26373,9274
38472,-5890,-25529
38473,33006,-952
38474,-5903,27707
38475,-24323,-11199
38476,18676,-26546
38477,-19202,18501
38478,-22263,-21424
38479,23806,-12202
38480,5372,22603
38481,-32500,1098
38482,6409,-29607
38483,25853,7254
38484,-15099,23627
38485,-18162,-17324
38486,25858,-17315
38487,17658,25681
38488,-29431,10316
38489,25853,-1971
38490,-770,27712
38491,-32498,-4030
38492,13576,-23474
38493,26875,16454
38494,-19195,17470
38495,-12021,-29619
38496,25855,-11181
38497,9467,31812
38498,-24313,67
38499,6404,-27567
38500,-8951,27716
38501,-24299,-14261
38502,22794,-19371
38503,22783,24649
38504,-26356,12355
38505,-5873,-30638
38506,36094,3153
38507,-7934,26692
38508,-27376,-14261
38509,12554,-25512
38510,22783,15441
38511,-19191,17481
38512,28923,-12209
38513,9463,29761
38514,-28411,2112
38515,6402,-29617
38516,29940,6220
38517,-15108,30781
38518,-26359,-16315
38519,28923,-24495
38520,17651,22598
38521,-28415,14399
38522,-7931,-28595
38523,-2809,27712
38524,-27371,-11194
38525,10512,-30635
38526,24836,23626
38527,-21233,27709
38528,-13034,-26550
38529,25866,-15278
38530,10501,30787
38531,-28397,5185
38532,4369,-30640
38533,29955,11339
38534,-16117,23616
38535,18690,-28594
38536,15611,19525
38537,-28407,14398
38538,-14064,-27572
38539,27907,-1971
38540,-764,28735
38541,-34539,-3007
38542,10512,-30640
38543,23813,18503
38544,-16115,23612
38545,-20201,-26551
38546,10514,31802
38547,-29407,13364
38548,288,-31676
38549,26899,6209
38550,-13030,27700
38551,-22235,-13253
38552,20763,-16317
38553,22800,23608
38554,-25315,18479
38555,-4832,-24517
38556,37134,-5058
38557,-753,26673
38558,11530,-28609
38559,27901,13369
38560,-17146,24621
38561,-23278,-20425
38562,28932,-19391
38563,14589,28723
38564,-34546,1074
38565,269,-27584
38566,29951,5182
38567,-12027,31791
38568,-25326,-15305
38569,18697,19502
38570,-25322,9258
38571,-12004,-28616
38572,29966,-1991
38573,1293,35880
38574,-29412,-11218
38575,15637,-26565
38576,27912,17459
38577,-10994,20521
38578,-21223,-28617
38579,23822,-13250
38580,14599,30767
38581,3334,-29634
38582,27897,3133
38583,-9986,25649
38584,-25333,-13256
38585,19714,-26555
38586,22775,20539
38587,-24317,18482
38588,-7929,-25537
38589,30968,-5054
38590,2295,29748
38591,-26364,-5065
38592,28918,16431
38593,-12036,26658
38594,-19194,-22483
38595,22779,-10190
38596,15604,27685
38597,-24320,9249
38598,-2814,-28625
38599,28916,-976
38600,-2826,34847
38601,-28412,-16345
38602,25848,-23501
38603,19695,19498
38604,-7949,-27592
38605,34019,-9155
38606,8415,30766
38607,-28435,-4048
38608,7402,-24516
38609,28892,16436
38610,-15132,25640
38611,-22289,-24524
38612,26850,-17347
38613,9438,26672
38614,-26389,5166
38615,21729,2093
38616,-8986,28703
38617,-23310,-10204
38618,14571,-25551
38619,24799,17449
38620,-25364,19488
38621,-8975,-28626
38622,31970,-7118
38623,4320,30755
38624,-35598,34
38625,12524,-21459
38626,29918,12327
38627,-21271,-20431
38628,20703,-16327
38629,21717,27692
38630,-29468,11303
38631,-1819,-27595
38632,35028,5171
38633,-10023,28709
38634,-27417,-12245
38635,12513,-26568
38636,18648,17456
38637,-23324,16424
38638,26839,-5077
38639,8403,27678
38640,-22306,29
38641,8410,-25558
38642,24782,17442
38643,-17193,24598
38644,-23325,-18401
38645,21721,-18392
38646,15570,25628
38647,-22307,5146
38648,-1826,-26585
38649,28880,-4055
38650,-21285,-11217
38651,15572,-22470
38652,21706,17458
38653,-23338,21544
38654,-14115,-23500
38655,33997,-6089
38656,3276,23596
38657,-24360,-3026
38658,7381,-23494
38659,31942,7223
38660,-19248,23596
38661,26819,-19402
38662,14524,26665
38663,-23352,7206
38664,-2870,-29643
38665,26813,-970
38666,-6975,26665
38667,-23347,-9170
38668,13511,-20424
38669,25787,18479
38670,-20283,15400
38671,-13108,-25547
38672,32956,-6088
38673,-29493,3127
38674,3274,-21438
38675,26813,9278
38676,-13116,22579
38677,-21297,-16325
38678,19654,-16317
38679,9410,24631
38680,-25393,9267
38681,-816,-26560
38682,24772,2111
38683,-1851,29745
38684,16573,-24515
38685,21683,15414
38686,-19267,17454
38687,-16187,-22471
38688,24761,-5060
38689,7350,28718
38690,-25405,-4048
38691,5313,-25539
38692,29875,8249
38693,-18244,18480
38694,-21305,-22469
38695,16575,-14270
38696,-19255,14395
38697,-3893,-23481
38698,26814,70
38699,-3904,24634
38700,-19254,-8130
38701,16578,-22455
38702,18617,18496
38703,-20285,20534
38704,-10040,-20416
38705,25788,-7100
38706,4282,23609
38707,1209,-22460
38708,20655,12350
38709,-10060,24626
38710,-19266,-17349
38711,17590,-14270
38712,18605,22583
38713,-20297,4149
38714,-6981,-27581
38715,24751,-1980
38716,-3919,24632
38717,-21316,-5061
38718,16564,-20411
38719,-16196,16445
38720,-13117,-21432
38721,23736,-8116
38722,1207,22593
38723,-26428,1088
38724,6337,-21429
38725,22710,10310
38726,-10053,20540
38727,-18236,-18363
38728,20666,-14260
38729,12468,21570
38730,-2890,-24498
38731,25770,2125
38732,-3924,25665
38733,-18251,-6076
38734,10416,-21425
38735,18599,16455
38736,-18256,13377
38737,-12106,-14264
38738,20652,-8116
38739,5290,28734
38740,-22347,-3008
38741,7346,-20406
38742,-10057,17474
38743,-22334,-11192
38744,13500,-14257
38745,12470,21573
38746,-20288,11328
38747,-4925,-19382
38748,22712,-949
38749,-2886,21569
38750,-19260,-9146
38751,11455,-18353
38752,14520,18502
38753,-11074,-17329
38754,22707,-10156
38755,7344,18507
38756,-18247,-948
38757,2232,-23464
38758,20654,11347
38759,-10061,23624
38760,-18244,-14257
38761,20658,-12203
38762,12460,21579
38763,-21321,7240
38764,-1864,-22445
38765,-1863,21577
38766,-23355,-7091
38767,11456,-21416
38768,19639,17488
38769,-15169,13386
38770,-11067,-18349
38771,21691,-8105
38772,1210,23628
38773,-21307,3147
38774,5315,-21418
38775,19642,11345
38776,-17213,-11177
38777,18618,-16289
38778,9398,18518
38779,-19264,6227
38780,-1855,-19363
38781,20663,1116
38782,-840,22609
38783,-18239,-9130
38784,9405,-15266
38785,13495,13400
38786,-17216,12370
38787,-9019,-17317
38788,4291,22608
38789,-21298,-943
38790,9418,-17318
38791,24766,8278
38792,-14139,15439
38793,-15155,-15273
38794,15558,-12195
38795,9410,22610
38796,-19252,5200
38797,-819,-21413
38798,19652,5209
38799,-19250,-5028
38800,12488,-19354
38801,13506,15455
38802,-16182,14424
38803,-4915,-17311
38804,19652,-2973
38805,4290,17499
38806,-19252,-1956
38807,9416,-19354
38808,18623,12384
38809,-14138,18519
38810,-14131,-14242
38811,9417,20564
38812,-19245,4178
38813,-812,-20388
38814,19659,91
38815,-1844,21585
38816,-17195,-7083
38817,12495,-16291
38818,15560,16469
38819,-17199,11344
38820,-814,-18343
38821,22727,-5028
38822,-21294,-931
38823,7375,-16283
38824,16583,11360
38825,-9012,16472
38826,-15148,-14241
38827,18635,-10140
38828,7368,17500
38829,-21293,4186
38830,-812,-18333
38831,22729,7264
38832,-6963,18519
38833,-14124,-9124
38834,15565,12374
38835,-15147,11345
38836,-6951,-16295
38837,19664,-934
38838,-815,21584
38839,-18214,-2990
38840,6359,-18341
38841,17615,10326
38842,-14122,13392
38843,-11044,-18343
38844,15573,-7075
38845,-17186,6234
38846,2269,-22427
38847,21715,4195
38848,-4906,17499
38849,-21279,-12191
38850,13531,-15255
38851,14548,20575
38852,-15140,10330
38853,-1827,-15262
38854,17621,-925
38855,212,18522
38856,-20258,-5027
38857,17622,10328
38858,-14115,14417
38859,-10014,-14248
38860,20696,-11170
38861,8404,18517
38862,-18211,1108
38863,220,-20386
38864,17620,2141
38865,-5929,21587
38866,-15137,-10152
38867,15576,-13217
38868,-15136,9307
38869,-5917,-22426
38870,20697,-1945
38871,-1830,21597
38872,-19228,-2977
38873,7393,-16281
38874,13531,10338
38875,-14110,14427
38876,-8985,-20379
38877,21725,-6040
38878,2268,17504
38879,-21273,-1951
38880,24795,7262
38881,-10016,19541
38882,-17175,-14244
38883,14562,-14237
38884,10461,16475
38885,-17178,7256
38886,-5911,-19358
38887,24797,3169
38888,-3873,19544
38889,-20247,-7076
38890,9445,-21401
38891,-14100,12385
38892,-11022,-15255
38893,18665,-8083
38894,8421,18532
38895,-18194,4194
38896,5356,-24466
38897,22753,9322
38898,-8986,17506
38899,-17169,-12184
38900,16615,-11154
38901,9443,21604
38902,-18196,5218
38903,21730,-3996
38904,-1821,20570
38905,-21266,-7074
38906,10473,-19352
38907,14562,12386
38908,-16150,15451
38909,-8977,-16285
38910,25827,-8089
38911,5345,21597
38912,-13080,-2977
38913,4326,-20375
38914,-5911,20575
38915,-20237,-11163
38916,15596,-12181
38917,11495,18530
38918,-20239,5216
38919,-7947,-24468
38920,21739,1131
38921,-5906,19554
38922,-23302,-5019
38923,11509,-17298
38924,16621,13416
38925,-16139,11363
38926,23786,-8089
38927,3305,21597
38928,-20237,5211
38929,6384,-20379
38930,21734,13407
38931,-12052,19542
38932,-8975,-12196
38933,14570,-14237
38934,8422,21593
38935,-22287,8277
38936,-4876,-24479
38937,2291,23638
38938,-18180,-7078
38939,11511,-23450
38940,19694,14431
38941,-24326,17495
38942,-15102,-16289
38943,24822,-7069
38944,8434,25687
38945,-22275,3158
38946,9465,-28572
38947,25837,12382
38948,-15115,18517
38949,19692,-15267
38950,8424,18516
38951,-23308,5202
38952,-4873,-25505
38953,23788,-3999
38954,-4881,21591
38955,-18184,-11171
38956,15601,-20377
38957,17641,19550
38958,-13072,17494
38959,-5901,-19360
38960,4337,24660
38961,-21252,83
38962,-771,-20387
38963,20723,11352
38964,-13062,22605
38965,-18173,-17322
38966,28917,-16290
38967,16621,16470
38968,-21256,6227
38969,-3846,-29598
38970,25838,97
38971,-4879,18520
38972,13547,-20382
38973,23776,18521
38974,-17175,18512
38975,-3861,-17319
38976,24799,-5028
38977,-800,25680
38978,-29457,6221
38979,3310,-25510
38980,35037,10325
38981,-11037,22602
38982,-18196,-18349
38983,11495,15436
38984,-22286,3147
38985,-3852,-24489
38986,23785,2134
38987,5351,25674
38988,-21262,-8114
38989,17642,-19368
38990,20704,16464
38991,-24340,18503
38992,-15116,-17328
38993,23785,-5037
38994,5351,30788
38995,7396,-20402
38996,24792,2125
38997,-13089,19524
38998,-23317,-16308
38999,20705,-18347
39000,16601,33861
39001,-19229,10304
39002,-796,-28594
39003,28886,-2992
39004,-5927,24644
39005,-34582,-14261
39006,17634,17475
39007,-25361,22584
39008,-16137,-23484
39009,21741,-4026
39010,6378,23611
39011,-27400,-1988
39012,-775,-23480
39013,21743,13378
39014,-18184,34865
39015,-23292,-14280
39016,21754,-13249
39017,20720,16439
39018,-783,-28603
39019,26852,68
39020,-1819,27703
39021,-25358,-6086
39022,17642,-21435
39023,19681,19516
39024,-20245,12342
39025,-6929,-22463
39026,32991,-12217
39027,2270,27706
39028,-29459,3129
39029,37083,9269
39030,-6945,19500
39031,-23317,-21449
39032,19682,-22462
39033,10461,28724
39034,-24343,6193
39035,-4884,-23491
39036,25824,4155
39037,-8987,29741
39038,-28429,-6096
39039,14572,-20422
39040,29918,19505
39041,-14107,-24515
39042,29911,-5056
39043,214,25652
39044,-28444,1075
39045,8416,-27583
39046,28882,2112
39047,-15142,24628
39048,-34581,-13253
39049,23776,-18364
39050,14553,24632
39051,-17182,11315
39052,32978,-11207
39053,-813,24621
39054,-33564,-11213
39055,13534,-28607
39056,24786,18488
39057,-23330,25644
39058,-15130,-20426
39059,39123,-20416
39060,7376,20534
39061,-27426,-969
39062,8410,-31673
39063,24782,8259
39064,-21287,-11191
39065,18640,-21420
39066,26819,21578
39067,-27439,8262
39068,-5932,-23470
39069,29894,-9129
39070,-4919,35910
39071,-27433,-12212
39072,8403,-21417
39073,18634,22604
39074,-17197,22593
39075,14540,-20405
39076,9416,29757
39077,-28458,1084
39078,1237,-25527
39079,23754,10308
39080,-15150,28726
39081,-18213,-25533
39082,14548,-29614
39083,11471,26693
39084,-35615,14398
39085,-8986,-20408
39086,38100,5190
39087,-30493,-7094
39088,13533,-37795
39089,19668,11352
39090,-27422,21582
39091,-23314,-19368
39092,23779,-11170
39093,17627,38987
39094,-25368,6216
39095,6373,-26539
39096,36052,8273
39097,-16164,24645
39098,19667,-26542
39099,23752,29764
39100,-30505,14397
39101,-13090,-19385
39102,27857,4165
39103,-3885,26680
39104,-24353,-6085
39105,-4894,-28599
39106,25814,17473
39107,-23326,19512
39108,-14103,-24508
39109,26844,-16308
39110,-27414,75
39111,-7954,-35747
39112,27873,1116
39113,-17174,35915
39114,-22283,-4019
39115,20715,-22440
39116,26846,29770
39117,-22295,15427
39118,-7955,-22450
39119,15590,-945
39120,-8981,34878
39121,4329,-27572
39122,40150,15429
39123,-17185,28727
39124,-16153,-24509
39125,19678,-24497
39126,14551,28737
39127,-25372,64
39128,3299,-26547
39129,36050,12359
39130,-813,29753
39131,-21282,-21436
39132,22739,-31660
39133,-27423,13390
39134,-20245,-17321
39135,37081,-936
39136,18640,34887
39137,-22309,70
39138,9431,-28588
39139,20685,3155
39140,-15147,15436
39141,-19233,-23464
39142,25811,-8100
39143,11470,35915
39144,205,-30630
39145,39098,89
39146,-9025,27724
39147,-34608,-15276
39148,21702,-29597
39149,22715,29781
39150,-23353,16461
39151,-14130,-20393
39152,23747,9299
39153,4289,24647
39154,-35629,-12211
39155,-812,-32675
39156,-14117,37963
39157,-18204,-18348
39158,27863,-14245
39159,15568,26702
39160,-17191,12360
39161,-12065,-37797
39162,36046,-2979
39163,-9005,32845
39164,-26400,-2993
39165,15577,-21414
39166,33993,21584
39167,-14128,-29601
39168,37054,-11163
39169,-3904,26712
39170,-28466,-4006
39171,9418,-29591
39172,35001,15458
39173,-14144,27733
39174,-19254,-25502
39175,23743,-18325
39176,16567,29789
39177,-25404,1116
39178,-3898,-15260
39179,-5943,31829
39180,-19245,-16291
39181,15564,-35729
39182,17604,14440
39183,-22321,16480
39184,-17192,-19350
39185,29898,-1941
39186,10437,37977
39187,-23343,-2981
39188,14538,-24473
39189,22719,3174
39190,-14138,-26509
39191,23739,-21378
39192,19634,32878
39193,-17221,20580
39194,2234,-30605
39195,29868,11374
39196,3243,25698
39197,-30534,-8090
39198,16562,-25485
39199,15531,21609
39200,-25416,13411
39201,-10051,-27535
39202,10424,16489
39203,-31544,-8083
39204,-1847,-36737
39205,26812,14456
39206,-12094,21614
39207,-12088,-10125
39208,23741,-16261
39209,17589,21617
39210,-22336,6254
39211,6333,-26501
39212,19636,2170
39213,-26431,121
39214,13499,-28537
39215,37033,12417
39216,-15183,7294
39217,-17222,-28532
39218,32938,-2930
39219,5288,25730
39220,-27466,5248
39221,-18241,-14201
39222,-3903,-27499
39223,-830,-19297
39224,28852,-8029
39225,-8008,28821
39226,-26427,17549
39227,-17202,-4976
39228,1229,-29537
39229,19652,-22358
39230,27831,-3924
39231,28841,19619
39232,10404,28821
39233,-19282,31878
39234,-30531,16510
39235,-22328,-16250
39236,25788,-3960
39237,21682,17536
39238,6319,14457
39239,11434,-13184
39240,-5971,-7036
39241,6314,9344
39242,-11088,-6013
39243,175,-7033
39244,17575,11394
39245,-8021,-8058
39246,-10064,9346
39247,11435,2177
39248,1194,1152
39249,10405,2175
39250,6306,-11131
39251,-1885,5251
39252,7328,-2939
39253,-8028,-12149
39254,-10071,5257
39255,8357,136
39256,-6999,-11122
39257,11428,6283
39258,7329,-1908
39259,-4956,8328
39260,14493,3207
39261,-866,-8053
39262,-5983,10374
39263,10396,-3960
39264,-9055,1159
39265,-862,2182
39266,-2908,-3960
39267,-7000,-7028
39268,2215,11399
39269,8355,-16241
39270,-7001,-880
39271,13473,-1903
39272,-8027,144
39273,-3929,143
39274,3238,-880
39275,-12116,-8044
39276,-4945,11407
39277,17575,3214
39278,166,-3952
39279,3237,10379
39280,11424,-2931
39281,-11098,-13164
39282,1189,9360
39283,2212,-5997
39284,-11094,8335
39285,8358,6284
39286,165,-11118
39287,-15187,3217
39288,4267,10380
39289,2218,-8048
39290,-5971,2191
39291,4267,2190
39292,3242,-13163
39293,-6994,4243
39294,10409,-8041
39295,168,3222
39296,167,10385
39297,8355,-5996
39298,-13142,-3946
39299,-853,7315
39300,5289,3218
39301,-9042,-3948
39302,-4943,9360
39303,17577,7309
39304,4263,-3953
39305,-856,6284
39306,15521,3211
39307,1184,-9072
39308,-3934,8332
39309,3233,10375
39310,9373,-7029
39311,-7007,-6002
39312,-4956,4236
39313,11423,2187
39314,-5982,-12143
39315,-861,144
39316,12445,6285
39317,7322,-3953
39318,-5987,-9068
39319,-1890,7313
39320,9370,6286
39321,-1893,-16234
39322,-8033,-873
39323,-2911,12433
39324,6302,1168
39325,157,-9067
39326,-12125,3220
39327,-3931,10383
39328,164,-8045
39329,-8024,3218
39330,2215,11405
39331,9379,-3953
39332,-2907,-12139
39333,6306,-4968
39334,-4955,-2918
39335,10400,-4963
39336,-4957,-14172
39337,-10072,2211
39338,7333,7328
39339,7330,-863
39340,-10073,2208
39341,4261,7325
39342,8353,-7007
39343,-3933,-14168
39344,-11095,10403
39345,10404,12445
39346,8352,-8031
39347,-4957,-10074
39348,-5978,5284
39349,8354,3235
39350,2209,-9048
39351,-8027,13474
39352,7330,-861
39353,-3932,-11095
39354,-5977,-4948
39355,-2903,9384
39356,16545,-5973
39357,-12121,-3923
39358,-856,11432
39359,13474,-855
39360,161,-4948
39361,-8027,3243
39362,10400,11430
39363,3231,-9045
39364,-4958,2218
39365,8350,-5971
39366,-865,-8015
39367,-2911,9389
39368,8349,-2897
39369,-5984,2222
39370,4254,9386
39371,157,-8018
39372,-866,-4943
39373,8346,4271
39374,-4963,-5966
39375,7322,177
39376,5272,-6987
39377,-7012,180
39378,5274,2227
39379,1177,-8009
39380,-7011,5301
39381,9369,3252
39382,-3941,-3914
39383,7320,1205
39384,3223,-5960
39385,-4966,2231
39386,7319,-11075
39387,-12131,4283
39388,9369,186
39389,-4964,-3908
39390,13462,7353
39391,1173,-5956
39392,6290,1211
39393,6287,10422
39394,-880,-5959
39395,143,6326
39396,7308,-1865
39397,139,8371
39398,9351,-4938
39399,-7029,8370
39400,10374,1201
39401,-10101,-8011
39402,-2931,9393
39403,140,-3917
39404,-11118,10414
39405,8334,3245
39406,-9069,-850
39407,8335,10409
39408,-5998,-11089
39409,8334,8363
39410,-2928,-2899
39411,-879,11432
39412,5263,-3926
39413,-8045,5288
39414,7312,-5973
39415,-3950,-11087
39416,10381,5295
39417,-1906,2222
39418,-5999,16550
39419,4239,-3928
39420,-1904,7333
39421,10379,-9046
39422,-6002,-11088
39423,9354,4270
39424,-1909,-9037
39425,-2931,5297
39426,6282,-1870
39427,-6003,3249
39428,10376,-846
39429,-11122,177
39430,6283,9389
39431,6280,-13132
39432,10371,8368
39433,-892,-2894
39434,-10103,13484
39435,12419,171
39436,-11127,6312
39437,11396,16544
39438,9344,-7004
39439,-8060,6305
39440,13438,-7003
39441,125,10400
39442,7290,2207
39443,-1925,9371
39444,4217,-868
39445,-9090,-2914
39446,2173,4252
39447,7290,-10079
39448,-1925,5279
39449,6264,-4958
39450,-9091,-1885
39451,9337,8351
39452,-6020,-12123
39453,-3970,6306
39454,8314,-4955
39455,-1925,11424
39456,3194,-9051
39457,-9089,-858
39458,15480,-857
39459,-3974,-1880
39460,12404,6309
39461,-3978,-9046
39462,7283,1193
39463,-1932,-4948
39464,4210,17572
39465,-12168,2211
39466,-903,8351
39467,6262,-12123
39468,-6023,6306
39469,10356,-1885
39470,-10119,4257
39471,9333,1184
39472,-10118,-2910
39473,8310,12444
39474,-3976,-8032
39475,-4997,7325
39476,5241,-4960
39477,-8067,1183
39478,7290,-3935
39479,-4995,4255
39480,3196,6300
39481,-7040,4250
39482,8316,9366
39483,2171,-8038
39484,-3971,9366
39485,124,6291
39486,-13181,3218
39487,10366,3217
39488,-1921,-8043
39489,9339,4243
39490,-2947,-8041
39491,-2945,10386
39492,3198,-5995
39493,-12156,1172
39494,10367,6289
39495,-2943,-10090
39496,2176,11409
39497,3199,-8043
39498,-2943,7314
39499,9341,-1901
39500,-9086,-3947
39501,9342,1172
39502,-1921,-12134
39503,3198,6295
39504,6267,-8037
39505,-7041,5273
39506,7292,4247
39507,-6017,-3943
39508,2174,10388
39509,3197,-8040
39510,-6016,1175
39511,10363,1174
39512,-4994,149
39513,9338,5267
39514,-8066,-9064
39515,-3968,3223
39516,7293,-3943
39517,-6016,-1894
39518,9340,2201
39519,-8064,-4964
39520,127,8344
39521,8315,-3942
39522,-8065,153
39523,8315,3224
39524,-6018,-4965
39525,8314,2202
39526,3193,-8034
39527,-7043,3229
39528,7290,6298
39529,-7042,-9057
39530,-2944,9371
39531,10363,-4962
39532,-8065,-2912
39533,4221,8348
39534,3196,-7008
39535,-899,7325
39536,6266,-4960
39537,-10113,159
39538,1150,9371
39539,4220,-8033
39540,1147,-4958
39541,5241,5280
39542,-902,-9051
39543,-8066,6306
39544,6267,3233
39545,4217,-4956
39546,-902,8352
39547,1145,-5981
39548,-7043,2210
39549,4219,-2908
39550,-2947,-7000
39551,-2945,7333
39552,10362,2212
39553,-1925,-2906
39554,-6018,4260
39555,8314,2211
39556,-901,-7001
39557,-3971,8355
39558,3196,4257
39559,-10111,-862
39560,3200,9374
39561,8316,-10077
39562,-8064,3234
39563,10363,4256
39564,122,-7004
39565,-3972,11423
39566,5242,-2911
39567,1145,2208
39568,120,13466
39569,7285,-1893
39570,-906,8343
39571,7283,-5990
39572,-7049,1177
39573,4213,8341
39574,3188,-4968
39575,-7048,2199
39576,4214,6292
39577,-2952,-8040
39578,-903,5270
39579,-1926,149
39580,4216,-10086
39581,10355,2201
39582,1138,-8035
39583,-5003,1180
39584,7282,7321
39585,1137,-10082
39586,-18310,2205
39587,5240,9369
39588,2167,-10082
39589,-4998,8346
39590,4216,1177
39591,-1927,-5988
39592,-902,3227
39593,4216,-868
39594,-2950,-3938
39595,-2948,6299
39596,5242,154
39597,1145,-8034
39598,-7043,7323
39599,124,4249
39600,3195,5271
39601,122,-10084
39602,-6019,5274
39603,124,7319
39604,6265,-9060
39605,-3973,-8032
39606,-4994,4254
39607,1149,7323
39608,8313,154
39609,-902,-7010
39610,-4995,2205
39611,1148,4251
39612,11383,4249
39613,5237,-2917
39614,-7047,-5986
39615,-3973,3229
39616,5241,-3937
39617,-3973,-3935
39618,-8065,-4956
39619,-8061,3235
39620,130,7328
39621,9342,5278
39622,-9085,-7006
39623,-6010,1185
39624,-4983,3232
39625,136,5278
39626,10371,3229
39627,-12151,-11101
39628,-2933,-860
39629,-884,6305
39630,7305,5279
39631,8325,-5982
39632,-1914,-2908
39633,-8054,163
39634,2185,5281
39635,8325,5279
39636,3204,-1888
39637,2179,-10075
39638,7296,4259
39639,-14201,4257
39640,7300,-1886
39641,-2938,-3932
39642,-8054,-1883
39643,7303,164
39644,8323,2211
39645,-2939,-4954
39646,-7031,-1881
39647,-3957,5285
39648,5257,6306
39649,3208,-5979
39650,-887,7330
39651,136,11421
39652,8324,-1890
39653,131,-8030
39654,-8057,4256
39655,6276,10395
39656,5250,-1892
39657,-893,-2914
39658,-6010,157
39659,-1913,9369
39660,12417,1176
39661,-1918,-4965
39662,5248,8343
39663,3199,-3943
39664,-2943,-3941
39665,-3965,5273
39666,5249,6294
39667,128,-7014
39668,-3966,1177
39669,2177,-1894
39670,4223,12436
39671,-1920,-5993
39672,-4989,6292
39673,4225,-5993
39674,-6012,-872
39675,6273,8340
39676,8317,4242
39677,-3969,6287
39678,7292,8331
39679,5242,-8049
39680,-4995,1166
39681,7290,6283
39682,-3972,-11119
39683,123,3216
39684,4217,1167
39685,-3973,-9068
39686,5241,11407
39687,7286,-5998
39688,-3976,3217
39689,-903,7310
39690,120,-4975
39691,-3974,5263
39692,4216,4237
39693,5238,-7023
39694,-3976,2192
39695,7285,6285
39696,-10118,-6000
39697,-2948,6285
39698,12406,-1906
39699,-6023,-8046
39700,4215,5264
39701,3190,-5997
39702,-6023,-2923
39703,4215,7314
39704,1142,-7018
39705,-2952,5268
39706,9332,6289
39707,2163,-1902
39708,114,8334
39709,11373,2189
39710,-2961,-6000
39711,-3983,6285
39712,6254,140
39713,-2960,-7024
39714,1135,9356
39715,6252,-4977
39716,-3986,4237
39717,109,10376
39718,10344,1159
39719,-7060,1158
39720,3179,8322
39721,5225,-6011
39722,-7059,132
39723,5227,7297
39724,8295,-9082
39725,-8085,5252
39726,8295,8320
39727,1126,-3966
39728,-7062,1153
39729,2153,3200
39730,3176,-9083
39731,-3990,7298
39732,7271,1153
39733,-3991,-7035
39734,4199,8321
39735,4197,-894
39736,-5016,1153
39737,3175,9341
39738,10338,2172
39739,-5019,-2946
39740,3172,2173
39741,99,-3969
39742,98,10362
39743,9310,2169
39744,-929,-3973
39745,-7069,8311
39746,9311,2166
39747,-928,-9093
39748,-6045,8311
39749,14428,3190
39750,-4002,-10117
39751,-6047,14452
39752,9309,-907
39753,-1954,-6024
39754,6235,5238
39755,-1956,-6023
39756,-1955,9333
39757,92,5235
39758,1115,3186
39759,6232,-2956
39760,1111,6257
39761,7252,-910
39762,-6057,14443
39763,4181,5225
39764,-10150,-8083
39765,10325,9321
39766,3156,-1942
39767,-6057,4200
39768,4181,103
39769,-5032,-9108
39770,1111,8296
39771,3158,-7060
39772,-6055,4202
39773,6230,3177
39774,-2984,-3989
39775,1111,6248
39776,3158,-3990
39777,-937,10341
39778,2134,100
39779,-2984,3171
39780,5206,98
39781,3157,-925
39782,-5032,3170
39783,7253,-3996
39784,-5032,-6041
39785,-1959,6244
39786,-934,-3994
39787,-5027,2149
39788,2140,-6040
39789,-5025,-5013
39790,6236,4201
39791,4186,-13200
39792,-933,6253
39793,6232,-1938
39794,-2982,-8078
39795,-2980,6255
39796,6233,110
39797,-13216,-1937
39798,-927,2158
39799,4191,-7054
39800,5213,1137
39801,-11165,2160
39802,-6042,8300
39803,12384,2155
39804,-8092,-6034
39805,-2970,7275
39806,101,-5010
39807,-922,8298
39808,101,-917
39809,1124,106
39810,7265,5224
39811,-8091,-6037
39812,7266,9319
39813,1121,-10132
39814,-3997,6249
39815,11358,-5012
39816,-4000,107
39817,5214,5225
39818,8282,-1942
39819,-6051,-2964
39820,3164,-3986
39821,-10143,109
39822,6238,2156
39823,-6047,2155
39824,6238,7272
39825,-929,-5013
39826,-2975,7272
39827,96,-6037
39828,-3998,3178
39829,-1949,-1941
39830,-6042,-2963
39831,2149,1132
39832,-922,-6033
39833,-921,8299
39834,-2967,-7057
39835,4199,4205
39836,-2967,-3985
39837,104,6252
39838,2151,-5009
39839,-6038,5229
39840,8294,-6032
39841,-5015,3183
39842,5223,-1936
39843,-2967,3183
39844,7270,2158
39845,-3992,-5007
39846,9316,3184
39847,-1947,2159
39848,8289,-3983
39849,-3997,112
39850,6240,2159
39851,95,-912
39852,8283,-2958
39853,-932,5232
39854,6233,1135
39855,-6052,110
39856,8280,2157
39857,-6053,2156
39858,4185,-915
39859,-6052,108
39860,3163,5226
39861,-4003,-3988
39862,2140,6249
39863,-1955,-2965
39864,4187,6248
39865,2138,-5013
39866,-1957,7272
39867,5209,-3990
39868,-1958,4200
39869,1113,-3990
39870,-2981,7271
39871,2138,-3991
39872,-4004,5223
39873,5210,-1944
39874,-4004,-2966
39875,3163,4200
39876,-1956,-6037
39877,91,8295
39878,2138,-6038
39879,-4004,6247
39880,1115,-6038
39881,-5026,8294
39882,3165,-2968
39883,-6048,103
39884,7261,1126
39885,-8095,-1945
39886,3168,7268
39887,-1951,-5017
39888,1120,8291
39889,1119,-3995
39890,-6046,1124
39891,2145,-1947
39892,-2973,5219
39893,98,-2971
39894,-1949,5219
39895,9311,-1948
39896,-928,-7064
39897,4190,5222
39898,-1953,101
39899,4189,2148
39900,4187,-1947
39901,-7073,1124
39902,5213,99
39903,-4001,3170
39904,6236,2145
39905,-8096,2144
39906,5214,2143
39907,-929,-5022
39908,1118,10333
39909,3165,-4001
39910,1116,3166
39911,5210,-4000
39912,-5027,-5021
39913,1116,7264
39914,3163,-5021
39915,90,7264
39916,5208,-10139
39917,-6053,2148
39918,5209,99
39919,-4005,3170
39920,9303,-2972
39921,-4007,3171
39922,5207,1122
39923,-2983,-3996
39924,4183,4194
39925,86,-6043
39926,7251,5219
39927,-2987,-2971
39928,7250,7266
39929,-5035,2145
39930,-1962,11356
39931,4180,-6049
39932,-2986,4189
39933,3157,-2977
39934,-8103,4189
39935,9301,1116
39936,-4009,-931
39937,4181,4187
39938,-4009,3162
39939,5205,-933
39940,2132,1114
39941,7249,-933
39942,-4013,4185
39943,5201,-2981
39944,-2989,3162
39945,6224,89
39946,-1967,-934
39947,3152,-933
39948,-4014,4185
39949,2129,-4005
39950,-4013,5209
39951,3154,-4005
39952,-941,5209
39953,7248,-6052
39954,-2990,5210
39955,4176,-4004
39956,-2990,3163
39957,5200,-1956
39958,-1967,2139
39959,5199,-5026
39960,-5038,6235
39961,-1965,-1956
39962,4177,2139
39963,80,-6050
39964,79,9306
39965,-4015,-5027
39966,2128,3164
39967,79,-7072
39968,2126,5214
39969,-945,-5023
39970,1102,6238
39971,1101,-8094
39972,2124,7263
39973,-1971,1118
39974,4171,5212
39975,-948,-7072
39976,75,7261
39977,2122,-4001
39978,73,4189
39979,4167,-5024
39980,-1976,95
39981,5190,3166
39982,-953,-929
39983,-1976,12377
39984,-11186,1112
39985,7243,5206
39986,1098,-7078
39987,-949,2137
39988,-948,-6052
39989,-2994,-931
39990,6219,2140
39991,-2995,-7072
39992,4171,4190
39993,4169,-1953
39994,8261,3166
39995,3140,-5023
39996,1091,-1950
39997,1090,-1949
39998,-3004,2146
39999,5186,-1949
40000,-5051,1122
40001,5187,97
40002,-4027,-1950
40003,68,5216
40004,67,-3998
40005,-4027,3169
40006,-954,-2973
40007,-5047,4193
40008,6214,-6044
40009,-1977,6241
40010,2118,2144
40011,-4024,-1951
40012,2119,5215
40013,1094,-3999
40014,-1977,5215
40015,4165,-2975
40016,-5048,-926
40017,5190,5216
40018,-5047,-927
40019,4167,3168
40020,70,-6045
40021,-3000,4193
40022,5190,-3997
40023,-5047,1122
40024,4167,4192
40025,3142,-2974
40026,-1977,6239
40027,7236,-928
40028,-955,-2974
40029,68,7263
40030,6209,-7069
40031,-4029,-2971
40032,6208,5219
40033,3135,-2971
40034,-6078,2148
40035,4160,5218
40036,2111,-2972
40037,-1984,99
40038,-1983,6240
40039,1088,-1951
40040,-959,-2973
40041,1088,5217
40042,6205,-2973
40043,-3009,-5018
40044,-1984,3173
40045,6205,2148
40046,60,-3994
40047,-5057,1125
40048,4157,5219
40049,2108,-1948
40050,-5057,99
40051,1086,5217
40052,2109,-1950
40053,-962,4192
40054,3133,3167
40055,1084,-6046
40056,-4034,3169
40057,6203,1120
40058,58,-5021
40059,-4036,4193
40060,6201,4191
40061,2104,-5022
40062,-3014,97
40063,1081,6238
40064,56,93
40065,-3014,-930
40066,57,3165
40067,4151,-1954
40068,-1992,-2976
40069,-1991,2143
40070,5175,4189
40071,4149,-4001
40072,-3017,-1952
40073,-3015,3167
40074,6198,1118
40075,1077,-5023
40076,-3017,3168
40077,4149,5214
40078,5171,-4000
40079,-4043,-927
40080,2100,4191
40081,12334,1118
40082,-2001,93
40083,-5070,2140
40084,5168,5210
40085,5166,-2980
40086,-977,-5025
40087,-976,3166
40088,6189,1117
40089,-2002,-4001
40090,-5071,94
40091,1072,4188
40092,9260,5210
40093,2091,89
40094,-980,-4005
40095,-4050,2138
40096,45,5208
40097,5163,1111
40098,2090,-5030
40099,-2005,89
40100,2090,2136
40101,6183,2135
40102,3110,-4007
40103,-4056,-934
40104,1063,5208
40105,38,7253
40106,2085,4179
40107,5155,-1964
40108,34,-5033
40109,-4060,-5030
40110,1059,6231
40111,4129,1110
40112,6174,-1961
40113,-993,-4007
40114,-3039,-2981
40115,-4061,2138
40116,34,5208
40117,4128,-1959
40118,6173,88
40119,28,-5029
40120,-2019,-5026
40121,-5088,1117
40122,3103,3164
40123,4125,2139
40124,1052,-932
40125,2075,-4002
40126,26,-6047
40127,-997,-926
40128,-8161,2145
40129,30,9309
40130,4124,3164
40131,4122,91
40132,2073,-932
40133,-2022,1115
40134,-7138,-1956
40135,-2017,2139
40136,1054,6232
40137,3101,1111
40138,-994,-5030
40139,-3040,-1957
40140,-2015,-932
40141,-3037,6233
40142,4129,4183
40143,4127,86
40144,1054,-2984
40145,-2017,87
40146,-3039,5205
40147,2080,-5032
40148,3103,5206
40149,4125,1109
40150,1052,-2985
40151,-995,-1960
40152,-4065,-2982
40153,-3039,2137
40154,-3037,3160
40155,2082,5206
40156,3105,-937
40157,-990,-2983
40158,-3036,1112
40159,-987,3159
40160,2084,4181
40161,3107,2132
40162,-2012,-1963
40163,-2011,-5032
40164,-2010,-1959
40165,-3032,2136
40166,39,3159
40167,1062,5205
40168,2085,-6056
40169,-2010,-1959
40170,-3032,88
40171,39,2135
40172,2086,2134
40173,2085,3157
40174,2084,84
40175,-987,-5033
40176,-3033,-2983
40177,-4055,4183
40178,3112,4181
40179,3111,-1962
40180,1062,-1961
40181,-3032,-936
40182,-2007,3159
40183,3112,5205
40184,4134,1108
40185,-985,-939
40186,-3031,84
40187,-3029,-939
40188,-2004,3156
40189,43,3155
40190,-980,2130
40191,4138,-941
40192,1065,-1964
40193,-982,-4010
40194,1065,-6055
40195,-3029,1112
40196,-2004,3159
40197,1067,6228
40198,1066,-939
40199,4136,-1962
40200,2087,-2984
40201,-984,-2982
40202,-4054,2137
40203,41,4183
40204,1064,4181
40205,3111,1108
40206,4133,-1963
40207,1060,-5032
40208,-987,-2982
40209,-4057,1113
40210,-4055,2136
40211,40,5206
40212,3111,4180
40213,3110,2131
40214,1061,-1964
40215,36,-1963
40216,-5081,-938
40217,-2008,85
40218,-2007,3156
40219,2088,1107
40220,4134,1106
40221,4132,81
40222,3107,-1966
40223,34,-5035
40224,33,-4009
40225,-3037,4181
40226,5153,4179
40227,3104,6224
40228,1055,79
40229,2078,-944
40230,3101,-1967
40231,28,-4013
40232,-2019,1106
40233,-6112,5200
40234,-4062,4174
40235,33,5196
40236,3104,2123
40237,-3038,-4019
40238,-2013,-4017
40239,-6106,-944
40240,-3032,1103
40241,39,3150
40242,3110,2125
40243,4132,-2993
40244,1059,-4015
40245,2082,80
40246,33,1103
40247,-2014,4173
40248,3105,2124
40249,3104,-947
40250,-991,-1970
40251,-3037,3149
40252,-988,76
40253,3107,2123
40254,2082,-1972
40255,1057,-1971
40256,-3037,-946
40257,-2012,3149
40258,2083,3148
40259,2082,-947
40260,-3036,-1970
40261,-2011,1101
40262,-986,5195
40263,3109,3146
40264,3108,73
40265,1059,-1974
40266,-3035,-949
40267,-2010,2122
40268,1061,3145
40269,4131,2120
40270,2082,-951
40271,-3036,-950
40272,-987,3145
40273,36,5191
40274,5154,2118
40275,1057,-1977
40276,32,2118
40277,-2015,69
40278,32,4163
40279,5150,1090
40280,2077,65
40281,-994,-958
40282,29,3137
40283,28,64
40284,5146,-4030
40285,2073,-1981
40286,-2022,66
40287,25,3137
40288,2072,-1982
40289,23,-5051
40290,-2024,-3001
40291,-2023,70
40292,3096,4164
40293,4118,67
40294,-1001,-1980
40295,-1000,2115
40296,4118,66
40297,2069,65
40298,3092,-958
40299,-3050,-1981
40300,-2025,-956
40301,3094,3139
40302,5140,-956
40303,19,-4026
40304,-2028,1093
40305,1043,1092
40306,3090,-1979
40307,-1005,-954
40308,18,4164
40309,2065,3139
40310,1040,-1980
40311,-4078,67
40312,-1005,2114
40313,3090,1089
40314,17,-4029
40315,-2030,66
40316,-1005,2113
40317,3090,64
40318,1041,-3006
40319,-2030,65
40320,-1005,3136
40321,3090,4158
40322,4112,-961
40323,15,-1984
40324,-2032,1087
40325,1039,3134
40326,3086,2109
40327,3085,-3009
40328,-3057,-1984
40329,1038,3135
40330,2061,62
40331,12,1085
40332,-3058,-3009
40333,-3056,3134
40334,2063,4156
40335,3086,-963
40336,-2033,-4033
40337,-3055,-1984
40338,1040,2111
40339,1039,2110
40340,14,-3008
40341,-2033,-959
40342,-1008,1088
40343,2063,3135
40344,14,6204
40345,2061,-963
40346,-1010,-962
40347,13,3133
40348,1036,-962
40349,4106,-961
40350,-2037,-1984
40351,-1012,63
40352,2059,2110
40353,3082,-961
40354,1033,-960
40355,-1014,2111
40356,-1013,3134
40357,3082,2109
40358,3081,-962
40359,-1014,-1985
40360,-3060,2110
40361,1035,3133
40362,3082,3132
40363,9,-3010
40364,-3061,61
40365,10,3132
40366,2057,59
40367,2056,-964
40368,-1015,-963
40369,-3061,1084
40370,1034,2107
40371,3081,2106
40372,2056,-1989
40373,-1015,1082
40374,8,2105
40375,3079,1080
40376,2054,-967
40377,-2041,-966
40378,6,1081
40379,1029,2104
40380,2052,55
40381,2051,-1992
40382,2,1079
40383,1025,4149
40384,1024,2100
40385,1023,-971
40386,-3071,2100
40387,2048,2099
40388,3071,50
40389,1022,-3020
40390,-2048,51
40391,-2047,2098
40392,1024,3121
40393,2047,1072
40394,0,-975
40395,3071,4143
40396,0,2094
40397,-1023,2093
40398,0,3116
40399,2047,-31684
40400,25587,1083
40401,-13318,26670
40402,-22522,-8142
40403,18429,-22467
40404,19444,14390
40405,-15364,6195
40406,-9215,-26560
40407,23542,-8124
40408,5108,27703
40409,-11,-23485
40410,32742,15420
40411,-12307,23601
40412,-17418,-22468
40413,15343,-15292
40414,-16,22585
40415,-26626,10292
40416,-3072,-15300
40417,29682,9272
40418,-5131,26667
40419,-20480,-14286
40420,23541,-21443
40421,-20480,13367
40422,-15352,-33720
40423,22525,-14257
40424,5115,17479
40425,-20474,-2999
40426,4100,-22444
40427,30709,12366
40428,-12292,19525
40429,-22520,-20401
40430,25596,-16297
40431,11255,26698
40432,-3079,-26537
40433,26605,3158
40434,-4112,23627
40435,-20485,-13230
40436,10231,-22435
40437,19438,14422
40438,-30722,18509
40439,-12283,-24487
40440,30710,-5028
40441,4085,27727
40442,-25598,-10156
40443,7167,-22433
40444,-5118,22612
40445,-19444,-13221
40446,18435,-15261
40447,20473,25687
40448,-21500,11346
40449,3075,-31646
40450,28661,2145
40451,-10,27732
40452,-22526,-9127
40453,13308,-29592
40454,15349,19551
40455,-12292,-18328
40456,21490,-13201
40457,7151,27746
40458,-33792,-5019
40459,5118,-27533
40460,23539,17515
40461,-13318,23648
40462,-17405,-19350
40463,22520,-12176
40464,8181,19559
40465,-23551,9315
40466,-6140,-21394
40467,-3066,31839
40468,-21487,-10140
40469,16393,-23440
40470,20479,19559
40471,-26611,14432
40472,-11245,-22421
40473,24583,-3987
40474,4101,22626
40475,-29676,-1949
40476,4114,-23441
40477,25606,9323
40478,-21487,-19339
40479,22534,-18306
40480,15359,26737
40481,-21494,9325
40482,9,-27525
40483,20479,3194
40484,-1024,27757
40485,-21493,-7055
40486,11270,-22404
40487,18429,16500
40488,-25590,16492
40489,9222,-25479
40490,-18417,29803
40491,-19431,-17292
40492,24589,-7048
40493,17413,26731
40494,-23535,8295
40495,-1006,-28555
40496,24582,1140
40497,-6135,26727
40498,-24555,-12179
40499,24585,-20361
40500,19456,20589
40501,-8188,-25478
40502,28662,-9089
40503,1013,23668
40504,-26621,-2954
40505,4097,-19328
40506,27636,10363
40507,-12293,20593
40508,-18427,-23427
40509,24569,-12157
40510,9205,28789
40511,-26621,8305
40512,-4091,-28545
40513,-7159,34926
40514,-23531,-6031
40515,13327,-25474
40516,22532,18549
40517,-23536,16493
40518,-7148,-19337
40519,32772,-7045
40520,-1019,27758
40521,-29676,-1937
40522,12302,-20359
40523,24578,11380
40524,-22515,-19330
40525,20483,-15226
40526,16379,22651
40527,-22521,6264
40528,-1016,-26491
40529,27643,4227
40530,-10239,24695
40531,-18422,-15233
40532,14339,-23413
40533,14332,18562
40534,-20473,16506
40535,-7157,-20348
40536,7176,25720
40537,-26603,-903
40538,7186,-21372
40539,25606,11391
40540,-14323,24691
40541,-18410,-18308
40542,20492,-14205
40543,10247,24695
40544,-22510,5237
40545,-3052,-27517
40546,20490,5249
40547,-23530,-10106
40548,13328,-20336
40549,21510,19591
40550,-20464,18558
40551,-7148,-23414
40552,20490,-4979
40553,9,23682
40554,-20461,1153
40555,6160,-19317
40556,22533,15492
40557,-13300,19579
40558,-13293,-20347
40559,10254,21627
40560,-24550,5241
40561,-7138,-26490
40562,23571,3205
40563,-5098,21627
40564,-20448,-11135
40565,14361,-21364
40566,14354,16516
40567,-21475,12414
40568,-10206,-23414
40569,24598,-2932
40570,-29659,2187
40571,8225,-21354
40572,22550,10385
40573,-10213,17545
40574,-16349,-19309
40575,18458,-13158
40576,10261,21648
40577,-22496,5262
40578,31,-24422
40579,26642,4248
40580,-3052,23693
40581,-19426,-11117
40582,16406,17547
40583,-18401,13445
40584,-8157,-14196
40585,19482,-7024
40586,3097,21638
40587,-23515,-1913
40588,8225,-21358
40589,18456,10381
40590,-13281,17541
40591,-15321,-17266
40592,18462,-11116
40593,-17369,7313
40594,-984,-23395
40595,21534,1180
40596,-5087,23697
40597,-19413,-10090
40598,13349,-17249
40599,16413,19606
40600,-18394,11409
40601,-8150,-21348
40602,21536,-3938
40603,-991,19605
40604,-20437,-2921
40605,20513,12433
40606,-14296,18568
40607,-16336,-18287
40608,19495,-10090
40609,10274,20620
40610,-23506,3211
40611,-977,-22378
40612,18470,4244
40613,-7126,18571
40614,-16334,-8049
40615,14379,-15209
40616,-20427,15504
40617,-14276,-22373
40618,20530,-4962
40619,1073,24722
40620,-22468,145
40621,9272,-16231
40622,16432,11412
40623,-10187,15501
40624,-13252,-18282
40625,18483,-11108
40626,6192,21650
40627,-21445,4240
40628,23600,4238
40629,-6093,19589
40630,-18372,-13172
40631,12342,-17259
40632,10289,18572
40633,-14280,10375
40634,-5061,-17264
40635,22576,143
40636,1071,21637
40637,-20423,-3961
40638,9269,-18288
40639,-14276,15497
40640,-14269,-14192
40641,16443,-8044
40642,10294,20618
40643,-18369,1161
40644,-3007,-19309
40645,19512,4241
40646,-12226,16521
40647,-19384,-11121
40648,13378,-13162
40649,10301,16526
40650,-17338,11401
40651,23611,-886
40652,58,19585
40653,-22459,128
40654,6210,-17271
40655,20536,9349
40656,-13249,16509
40657,-12219,-17274
40658,17469,-9077
40659,10296,19586
40660,-22461,2177
40661,3138,-20341
40662,-10169,14468
40663,-15281,-13173
40664,11338,-15213
40665,11333,17547
40666,-22448,9351
40667,-6061,-15217
40668,18506,-2927
40669,-1973,25733
40670,-17324,-6008
40671,12366,-15216
40672,14407,12426
40673,-18352,9350
40674,17480,-6007
40675,8260,26748
40676,-20402,1147
40677,3149,-20347
40678,23618,4227
40679,-8122,19578
40680,-12212,-14207
40681,13382,-12153
40682,10305,17535
40683,-19381,7292
40684,-1972,-16252
40685,1099,24696
40686,-17324,-3974
40687,6225,-15230
40688,15434,13436
40689,-17325,16500
40690,-8105,-17283
40691,16463,-6016
40692,5197,17528
40693,-15275,1143
40694,4179,-22398
40695,17483,9342
40696,-11183,15479
40697,18504,-11139
40698,15425,18548
40699,-19381,7281
40700,1098,-17286
40701,18497,4216
40702,-5052,21614
40703,-16308,-9101
40704,7241,-18308
40705,24637,16500
40706,-16315,12398
40707,-7095,-21383
40708,2120,22638
40709,-17327,-2960
40710,2128,-18311
40711,20550,5239
40712,-5047,16495
40713,-11185,-15241
40714,17479,-20351
40715,9283,21623
40716,-19379,6260
40717,-2993,-25471
40718,20549,4223
40719,-7095,23668
40720,7238,-16260
40721,12352,11383
40722,-19382,10354
40723,-10161,-17285
40724,20549,-2947
40725,-3001,17525
40726,-17328,-1930
40727,10315,-21375
40728,27710,10364
40729,-13243,19571
40730,-12213,-13190
40731,9287,24686
40732,-18352,9322
40733,-943,-20364
40734,17481,6257
40735,-6068,19560
40736,-18347,-12178
40737,15438,-22407
40738,18501,14450
40739,-17330,8302
40740,-2992,-22407
40741,24644,-10114
40742,-1979,22643
40743,2116,-23425
40744,20538,10362
40745,-15294,17522
40746,-16310,-3980
40747,17474,-11142
40748,9278,26733
40749,-22455,2156
40750,-5044,-18315
40751,23617,5235
40752,-9146,20585
40753,-18353,-8083
40754,11338,16485
40755,-12208,15454
40756,-7084,-20376
40757,25672,-8084
40758,-2998,22625
40759,-18349,-3997
40760,12365,-15253
40761,20547,9319
40762,-10168,18526
40763,-15280,-15258
40764,19527,-6039
40765,6212,23646
40766,-8120,-17305
40767,24636,6244
40768,4154,30805
40769,-19388,-7079
40770,14397,-19357
40771,12343,9311
40772,-20415,9307
40773,-5052,-24473
40774,23609,-5014
40775,-3013,21600
40776,-28599,-927
40777,23614,15450
40778,-12220,21584
40779,-12214,-13225
40780,14403,-6054
40781,10302,26701
40782,-23478,5195
40783,1097,-18348
40784,34872,4178
40785,-6085,15435
40786,-23481,-18348
40787,17471,-25503
40788,16439,21591
40789,-3015,-20383
40790,29739,-7067
40791,6184,28759
40792,-19406,-936
40793,7215,-32664
40794,19494,13410
40795,-17361,17498
40796,-18376,-22427
40797,25644,-14228
40798,1067,23649
40799,-24521,-2973
40800,27690,4193
40801,-5075,21591
40802,-17354,-16289
40803,15407,-14234
40804,15400,19549
40805,-8148,13399
40806,-8144,-26524
40807,29730,-2970
40808,-2013,29784
40809,-30670,1111
40810,10285,-22430
40811,23586,22615
40812,-17365,-13218
40813,20513,-11164
40814,7198,15453
40815,-31698,3164
40816,-5071,-29589
40817,31778,7272
40818,-5083,20574
40819,-30668,-14235
40820,17452,-24463
40821,19491,20583
40822,-20435,8291
40823,23586,-3995
40824,1057,33877
40825,-30672,-2985
40826,6189,-25500
40827,34844,1123
40828,-9183,16475
40829,-30672,-15261
40830,15401,-12183
40831,7206,18528
40832,-28620,1119
40833,3123,-27539
40834,23592,7274
40835,-26571,-13199
40836,1076,-28545
40837,17452,21621
40838,-25543,10352
40839,-3013,-11146
40840,33835,-2952
40841,5161,20590
40842,-27593,-5007
40843,9267,-35709
40844,31780,14460
40845,-23504,24688
40846,25636,-17287
40847,8224,15474
40848,-26579,11373
40849,-978,-29572
40850,26657,9336
40851,-6108,23661
40852,-20434,-20361
40853,18469,-15233
40854,14366,24691
40855,-12252,15468
40856,-12246,-30597
40857,25630,1146
40858,-26581,-4995
40859,8231,-30580
40860,22556,8328
40861,-23512,17536
40862,-17359,-17271
40863,27684,-18286
40864,13342,11405
40865,-26581,10376
40866,2090,-32616
40867,23583,9364
40868,-12251,35971
40869,21531,-24433
40870,16403,18566
40871,-18404,20604
40872,-21465,-32628
40873,16415,2187
40874,6172,33915
40875,-31700,3194
40876,8232,-34677
40877,18463,12421
40878,-17368,12415
40879,-17359,-24437
40880,26660,-14190
40881,-30669,2193
40882,-4043,-37724
40883,35876,2211
40884,7201,27798
40885,-30672,-12132
40886,10283,-32596
40887,15396,21666
40888,-21457,18585
40889,-9164,-29528
40890,30757,-5973
40891,12319,29853
40892,6172,-28501
40893,32780,11430
40894,-22505,31895
40895,-22494,-27483
40896,26645,-15187
40897,18444,22690
40898,-33763,7327
40899,-3041,-30546
40900,29713,5292
40901,-5100,28830
40902,-34779,-9053
40903,18460,-28495
40904,-26583,28835
40905,-16335,-29518
40906,25637,-26433
40907,-11221,25779
40908,-40897,4273
40909,4157,-19269
40910,18484,6328
40911,-28606,24748
40912,-30639,-22345
40913,30786,-19263
40914,17466,37039
40915,-24506,-27459
40916,35893,-3905
40917,2100,39084
40918,-18371,-3922
40919,15414,-24390
40920,17454,24750
40921,-23494,24738
40922,-18365,-31566
40923,13373,-4939
40924,4155,34980
40925,-34740,-4953
40926,8264,-21326
40927,-17327,28836
40928,-19365,-21329
40929,10326,-19271
40930,16462,24749
40931,-32674,18596
40932,-2976,-28494
40933,40013,-3916
40934,-2993,33956
40935,-31649,-10071
40936,10330,-16207
40937,5208,26788
40938,-14241,-18259
40939,24659,-12109
40940,-940,28837
40941,-32668,6306
40942,13406,-29519
40943,29776,11436
40944,-24484,30877
40945,-15260,-26454
40946,27735,-13135
40947,21581,27812
40948,-22440,12446
40949,-2982,-27476
40950,-1957,29854
40951,-35731,-1889
40952,15462,-30546
40953,32854,25762
40954,-27548,21656
40955,-15252,-30553
40956,21602,-20303
40957,97,14506
40958,-29584,169
40959,10347,-24395
40960,28765,9393
40961,-28565,-13128
40962,25695,-29497
40963,26706,28857
40964,-29599,16561
40965,-7067,-22340
40966,32853,-1859
40967,7250,42153
40968,-22435,-5972
40969,21587,-15180
40970,18506,25768
40971,-22443,9380
40972,-11173,-29517
40973,3162,37025
40974,-31638,-9050
40975,14435,-25421
40976,32851,2226
40977,-5034,13484
40978,-15266,-14157
40979,9306,-35643
40980,21584,21691
40981,-31648,18610
40982,-11162,-18245
40983,34901,-8001
40984,-26526,-4926
40985,16474,-30511
40986,7255,8397
40987,-30618,20675
40988,-16274,-27439
40989,25698,-10026
40990,13404,31943
40991,-28566,10434
40992,5224,-37675
40993,27739,4307
40994,-24473,20681
40995,-39813,-17198
40996,17523,28868
40997,-18308,11455
40998,-8064,-21302
40999,36974,8390
41000,-913,36021
41001,-33664,-4936
41002,9340,-31544
41003,30829,12482
41004,-23431,11453
41005,-4996,-23351
41006,26735,-18222
41007,-21382,1233
41008,-13183,-30496
41009,32881,2271
41010,-8075,33999
41011,-34682,-15145
41012,22651,-26396
41013,15476,29910
41014,-27518,13520
41015,-29551,-18215
41016,20615,2264
41017,-3959,28874
41018,-25450,-11056
41019,27785,14537
41020,-17262,25789
41021,-25441,-29492
41022,24723,-17195
41023,13453,29895
41024,-13164,4293
41025,13454,-18226
41026,30847,4300
41027,-11131,21698
41028,-23407,-12088
41029,16521,-32552
41030,-27497,25804
41031,-23389,-30501
41032,31892,-5922
41033,21642,29904
41034,-18285,-16168
41035,1170,-34583
41036,17546,10468
41037,-17261,23769
41038,-14182,-35605
41039,25742,-11023
41040,7307,27876
41041,-14190,7393
41042,29828,9437
41043,-17267,26832
41044,-29540,-815
41045,16532,-7979
41046,20618,31942
41047,-26473,13504
41048,-8037,-24372
41049,29837,-7984
41050,-4976,10443
41051,-30561,-1844
41052,-5982,-19242
41053,-4955,29896
41054,-2905,-21293
41055,30872,-16165
41056,6293,23760
41057,-30556,207
41058,3235,-27427
41059,34962,3292
41060,-7018,32972
41061,-35672,-9007
41062,19615,-30496
41063,19606,27859
41064,-24414,16587
41065,29844,-1844
41066,-875,23745
41067,-27485,17593
41068,18586,-21308
41069,25742,19643
41070,-16234,34986
41071,-24414,-18253
41072,30867,-11079
41073,11406,24749
41074,-24422,14502
41075,4248,-16210
41076,-11106,29856
41077,-25429,-21333
41078,16547,-19275
41079,2210,15534
41080,-20308,21668
41081,-14157,-29517
41082,31908,-2891
41083,14493,26792
41084,-14172,-14161
41085,18587,-26436
41086,19602,15541
41087,-12136,21675
41088,24716,170
41089,14469,25758
41090,-21360,12440
41091,2191,-34647
41092,28801,10404
41093,-8059,30869
41094,-28525,-4968
41095,22664,-17247
41096,5254,18584
41097,-37735,11411
41098,-14176,-26464
41099,3231,18583
41100,-28499,8339
41101,9385,-24417
41102,18592,19606
41103,3231,27785
41104,-3935,-11121
41105,31890,-8045
41106,12428,20617
41107,-30565,3208
41108,-1892,-24428
41109,10391,10383
41110,4245,26754
41111,15502,-29551
41112,18565,21639
41113,-18290,134
41114,-10093,-27500
41115,23688,-2922
41116,-1911,31879
41117,-24427,5253
41118,7314,-27501
41119,28804,10382
41120,-14197,20612
41121,-18284,-29549
41122,10383,22664
41123,-22374,19583
41124,4248,-11131
41125,17552,10368
41126,-16232,30833
41127,-25435,-8075
41128,16541,-21376
41129,13463,9340
41130,-29530,16500
41131,-17233,-5001
41132,22692,2166
41133,-859,25706
41134,15518,-27528
41135,25746,13426
41136,-14183,22631
41137,-23387,-12179
41138,16541,-914
41139,17557,23651
41140,-25438,5217
41141,161,-26514
41142,32913,3181
41143,-20325,10344
41144,-24409,-8084
41145,14496,20578
41146,-13145,17498
41147,-856,-16286
41148,25756,-9113
41149,14485,27738
41150,-26462,-933
41151,11421,-14238
41152,17557,16474
41153,-17250,19537
41154,-4959,-16295
41155,29843,-5028
41156,146,29774
41157,-7018,-27556
41158,23691,4186
41159,138,26701
41160,-26473,-19369
41161,22668,-13218
41162,18563,16470
41163,-25456,15439
41164,-7020,-19367
41165,25736,-4005
41166,1159,26702
41167,-20335,1101
41168,17545,4171
41169,-2933,10310
41170,-13166,-19376
41171,11405,-10155
41172,-8047,21579
41173,-29536,3146
41174,8348,-8114
41175,23697,6219
41176,-13160,15428
41177,-24412,-7096
41178,13470,-25515
41179,15511,12367
41180,-2919,-15273
41181,24717,-2983
41182,11400,24653
41183,-21357,-2993
41184,22664,-23461
41185,22653,20561
41186,-16251,16457
41187,-17266,-9138
41188,13448,-14251
41189,10371,18508
41190,-26480,2123
41191,29826,7240
41192,-10105,24636
41193,-16241,-11198
41194,17543,-14263
41195,14464,22590
41196,-20342,10297
41197,-12144,-22460
41198,15497,-7096
41199,1160,25660
41200,-25451,-6081
41201,10384,-18360
41202,16520,18495
41203,-13169,-16313
41204,25731,-9140
41205,12413,15429
41206,-15227,-4025
41207,-2937,-16305
41208,22652,3150
41209,-4993,21572
41210,-7037,-12214
41211,23672,-11184
41212,12402,13386
41213,-19332,3145
41214,17524,-9138
41215,11375,26689
41216,-28547,-6076
41217,4219,-16308
41218,18546,10311
41219,-19332,13377
41220,-4993,-26546
41221,15480,-10157
41222,-4997,18506
41223,-28535,-6067
41224,5255,-25510
41225,21629,14419
41226,-11133,-13222
41227,8319,-15262
41228,14456,11357
41229,-16256,14422
41230,-4989,-16290
41231,20601,14423
41232,-902,22604
41233,-19324,-10159
41234,13438,-22436
41235,15479,15445
41236,-19327,9297
41237,19576,-9130
41238,12402,23627
41239,-9097,1098
41240,11378,-23466
41241,26725,8274
41242,-14228,14411
41243,-16268,-10160
41244,23657,-19366
41245,17505,20560
41246,-21396,3151
41247,-10127,-18344
41248,25701,-935
41249,-21392,-11169
41250,7277,-19351
41251,8297,18528
41252,-14224,13402
41253,-17287,-21403
41254,24685,-7063
41255,10344,27740
41256,-16272,-2978
41257,-2958,-13211
41258,23655,10336
41259,-16273,22613
41260,22628,-4009
41261,11359,22604
41262,-23445,6217
41263,-2963,-21420
41264,18532,-939
41265,-9111,23626
41266,-23435,-8114
41267,5235,-22439
41268,20585,14418
41269,-13200,1105
41270,-8076,-24483
41271,18539,-4001
41272,-32645,-928
41273,2170,-18327
41274,23663,5223
41275,-8077,23644
41276,-15237,-11166
41277,20593,-18325
41278,12395,17507
41279,-28551,-924
41280,-4996,-29581
41281,19571,10350
41282,-9096,24674
41283,12402,-22419
41284,15467,13415
41285,-12175,18526
41286,-10122,-15258
41287,22635,-9109
41288,4201,23648
41289,-8083,-2974
41290,8297,-25489
41291,27740,12393
41292,-12190,19552
41293,-16278,-12186
41294,23647,-7062
41295,-15257,5224
41296,-2967,-22413
41297,29787,4209
41298,1114,18536
41299,-23450,-10131
41300,12384,-23431
41301,14425,22638
41302,-17310,12392
41303,-6043,-25483
41304,24665,116
41305,-1958,22633
41306,1113,-21388
41307,21583,9328
41308,-13226,23653
41309,-16290,-15251
41310,22611,-8079
41311,13389,28771
41312,-20393,8287
41313,1110,-25492
41314,24650,4202
41315,-8114,20576
41316,-18345,-8092
41317,11346,-18323
41318,-17317,16485
41319,-5026,-23439
41320,23635,-5004
41321,3154,24680
41322,-28576,-7060
41323,8284,-23432
41324,23633,10355
41325,-14248,22632
41326,-16288,-17295
41327,21590,-14216
41328,5204,21614
41329,-2986,-23430
41330,24650,8310
41331,-8114,29800
41332,-15274,-11154
41333,12368,-21383
41334,24644,17521
41335,-18355,15466
41336,-12205,-28552
41337,23624,-6021
41338,-5045,30828
41339,-27559,-2962
41340,20559,-19336
41341,-13226,21614
41342,-20384,-11148
41343,21590,-13189
41344,8274,19570
41345,-17317,5232
41346,-2979,-22405
41347,27728,-900
41348,-5037,17524
41349,-24481,-13189
41350,13401,-15229
41351,17489,21625
41352,-9130,-22396
41353,26697,-9079
41354,72,21631
41355,-27562,1150
41356,8274,-20344
41357,24646,8324
41358,-16306,20602
41359,-13227,-19324
41360,26696,-11126
41361,8260,21632
41362,-26543,3199
41363,2128,-27507
41364,-5037,24705
41365,-24481,-6012
41366,12377,-20338
41367,19536,24706
41368,-21413,16506
41369,-5026,-26489
41370,23635,-7029
41371,3154,28797
41372,-25505,-898
41373,9307,-25461
41374,22608,9351
41375,-19366,-16241
41376,21584,-18280
41377,17480,23693
41378,-29609,5259
41379,-5030,-32613
41380,28748,1178
41381,-6065,26765
41382,-24485,-16235
41383,11350,-24415
41384,13392,19608
41385,-22437,13458
41386,-11167,-20324
41387,8285,29838
41388,-23447,-2928
41389,9317,-28514
41390,27736,12440
41391,-22429,21646
41392,-14230,-18281
41393,24670,-22366
41394,17494,24726
41395,-25501,8338
41396,1122,-25441
41397,28756,10394
41398,-25503,-15198
41399,14426,-20308
41400,21584,21666
41401,-23460,14491
41402,-8096,-29526
41403,23637,-13135
41404,3156,22694
41405,-25503,1189
41406,11356,-27469
41407,25680,11438
41408,-18343,26785
41409,-18334,-20309
41410,15451,27806
41411,-26520,8346
41412,-2966,-25433
41413,26717,8355
41414,-4001,28821
41415,-27539,-11109
41416,10344,-22362
41417,17504,24730
41418,-22421,21648
41419,-8081,-26467
41420,28769,-7007
41421,-26514,-2909
41422,14439,-25424
41423,27738,11435
41424,-12192,23712
41425,-20374,-18263
41426,26717,-14160
41427,18516,26787
41428,-32668,7328
41429,-5017,-28498
41430,30808,9386
41431,-9123,27805
41432,-24471,-16219
41433,24669,20635
41434,-19353,17555
41435,-12179,-22370
41436,27744,-13147
41437,4190,30870
41438,-26517,3221
41439,7272,-31579
41440,29786,12447
41441,-19356,26770
41442,-22417,-18277
41443,23652,-12127
41444,-28558,11420
41445,-7050,-26455
41446,36964,2216
41447,-5017,34967
41448,-24461,-16225
41449,17515,-25428
41450,23648,19619
41451,-18327,22680
41452,-11153,-26459
41453,28769,-13140
41454,4191,33948
41455,-24469,-2914
41456,26718,10393
41457,-15258,29835
41458,-23438,-16237
41459,24678,-17252
41460,10337,26767
41461,-29584,14472
41462,-6029,-26475
41463,26726,5267
41464,-921,31876
41465,-30602,-10103
41466,19565,-26474
41467,-24455,25738
41468,-9090,-26473
41469,28784,-8037
41470,3183,34954
41471,-28547,4232
41472,9337,-27498
41473,30826,5268
41474,-11152,25736
41475,-24452,-20334
41476,25712,-18277
41477,11371,25743
41478,-27527,9355
41479,32873,3210
41480,-1942,25726
41481,-26505,-10109
41482,11378,-26480
41483,21608,17544
41484,-22413,17536
41485,-17284,-26483
41486,29806,-14188
41487,3181,30853
41488,-31619,-1914
41489,7290,-36712
41490,-12160,27787
41491,-26483,-17260
41492,26752,-20322
41493,14457,21652
41494,-22396,15501
41495,-10103,-26470
41496,30842,1177
41497,-2948,29835
41498,-28534,-12143
41499,15491,-22372
41500,27766,25744
41501,-16258,23685
41502,28784,-16243
41503,6253,26752
41504,-30596,8316
41505,5242,-29557
41506,28780,10374
41507,-17291,26745
41508,-23423,-14208
41509,25717,-23412
41510,20587,21634
41511,-30598,7295
41512,-3972,-27507
41513,123,29823
41514,-27511,-4990
41515,12419,-27504
41516,25719,18567
41517,-17280,21629
41518,-14201,-27509
41519,27770,-13166
41520,6263,33922
41521,-30586,6271
41522,5252,-34672
41523,27767,8332
41524,-18304,22657
41525,19575,-24435
41526,21613,24705
41527,-29572,9341
41528,-4993,-27509
41529,35950,-884
41530,109,25728
41531,-28549,-10107
41532,7288,-28525
41533,25708,18570
41534,-15244,26749
41535,-17283,-24439
41536,15478,30842
41537,-26493,5240
41538,2178,-32632
41539,29812,135
41540,-11142,28793
41541,-23418,-13184
41542,19581,-19318
41543,24689,21632
41544,-24451,9340
41545,-11133,-28534
41546,28789,-4979
41547,1140,28799
41548,11375,-19319
41549,28769,8325
41550,-15255,22650
41551,-20365,-25465
41552,20585,-20335
41553,6246,28803
41554,-32650,7296
41555,7283,-27506
41556,27750,7307
41557,-8086,33915
41558,-25481,-13182
41559,19566,18553
41560,-24454,16497
41561,-12160,-23427
41562,27763,-898
41563,2162,30831
41564,-23426,-5006
41565,11385,-24450
41566,24685,21620
41567,-18314,19563
41568,-20352,-23433
41569,22645,-11139
41570,11376,30830
41571,-1935,-30595
41572,24677,4219
41573,-3993,26734
41574,-26508,-11148
41575,22633,-20354
41576,16481,19573
41577,-25490,20587
41578,-1937,-23433
41579,28769,-6022
41580,2144,27757
41581,-24468,-2961
41582,22625,13417
41583,-14232,25693
41584,-22413,-23447
41585,29797,-17294
41586,9313,29796
41587,-25490,2147
41588,-2960,-26512
41589,23653,4206
41590,-8087,24674
41591,-24459,-14231
41592,16493,-23435
41593,20579,24681
41594,-13206,-30600
41595,26717,-15232
41596,92,28786
41597,-29589,113
41598,10342,-19333
41599,26713,14452
41600,-15263,20586
41601,-16279,-20364
41602,20575,-17283
41603,10330,24689
41604,-28568,5231
41605,28762,1134
41606,-8098,26721
41607,-23446,-9114
41608,14435,-24462
41609,20569,18537
41610,-22428,16481
41611,-9111,-25490
41612,32857,-6031
41613,4183,29795
41614,-24477,-5018
41615,10334,-25485
41616,24658,16491
41617,-22435,-21386
41618,18516,-17281
41619,12366,24691
41620,-22439,13421
41621,1112,-24455
41622,29770,2168
41623,-7090,24684
41624,-22439,-12174
41625,15442,-22403
41626,16458,21619
41627,-28584,17515
41628,27723,-9104
41629,5193,25700
41630,-22444,99
41631,4178,-28559
41632,18505,13419
41633,-17326,21601
41634,-18341,-14232
41635,22608,-12178
41636,15433,27745
41637,-24491,7262
41638,-7079,-30611
41639,24653,6250
41640,-23463,-6035
41641,13395,-22408
41642,22600,20590
41643,-21421,15463
41644,-9128,-21390
41645,26699,-6027
41646,-1972,25705
41647,-26535,-5012
41648,7254,-21385
41649,25674,10354
41650,-10161,22631
41651,20549,-15249
41652,12351,23652
41653,-23477,6241
41654,-7089,-27537
41655,27714,4205
41656,-7098,27744
41657,-23470,-9115
41658,16458,-22416
41659,15427,18535
41660,-17332,11362
41661,-11182,-21395
41662,23623,-1938
41663,-24493,-1937
41664,7248,-22406
41665,26691,9334
41666,-14262,23659
41667,-20396,-18316
41668,17484,-13189
41669,7241,21617
41670,-19373,7278
41671,-1964,-20360
41672,26695,1143
41673,-9140,24683
41674,10311,-22410
41675,14400,18541
41676,-19382,19556
41677,-13231,-17299
41678,23622,-6032
41679,4164,24676
41680,-20402,-1947
41681,4172,-24463
41682,20546,11372
41683,-12216,16484
41684,-16304,-17299
41685,22597,-12173
41686,-21424,5233
41687,-4014,-23427
41688,21576,1148
41689,-7092,23665
41690,-23464,-6028
41691,15441,-16260
41692,16457,18547
41693,-17326,10350
41694,-7082,-20360
41695,22603,-9091
41696,-2995,19572
41697,4171,-22401
41698,20545,7292
41699,-9146,21618
41700,-12212,-15238
41701,16452,-14207
41702,7233,22646
41703,-20405,6259
41704,1098,-24449
41705,22591,7292
41706,-4031,22641
41707,-17334,-10122
41708,16450,-19328
41709,-15286,12410
41710,-10161,-18301
41711,23620,-10104
41712,1091,22653
41713,-21426,-1922
41714,10313,-21367
41715,21567,9349
41716,-12219,15486
41717,-20401,-15226
41718,18502,-6007
41719,7235,20607
41720,-4027,-19319
41721,24633,136
41722,-4037,22653
41723,-21434,-11133
41724,13376,-17268
41725,11323,19587
41726,-20411,13437
41727,-6072,-17274
41728,22589,-2936
41729,60,21630
41730,-21433,-4991
41731,9283,-23411
41732,-13238,18564
41733,-16302,-15220
41734,19529,-8048
41735,8261,21638
41736,-20401,6275
41737,-2991,-23409
41738,17481,4237
41739,-6068,19588
41740,-20394,-8056
41741,16462,-16240
41742,14407,17544
41743,-9140,-20334
41744,22593,-5995
41745,-1982,19596
41746,-23474,-883
41747,4172,-16235
41748,20546,13455
41749,-9145,19590
41750,-11187,-17265
41751,18500,-10092
41752,7233,21642
41753,-20405,2185
41754,74,-19309
41755,-6067,22664
41756,-16299,-8052
41757,13391,-17259
41758,14408,13455
41759,-16304,9355
41760,-7084,-18284
41761,22601,-2922
41762,-950,23691
41763,-19372,-1908
41764,9296,-18283
41765,18503,14478
41766,-13234,-15210
41767,14407,-9061
41768,6212,18578
41769,-16308,4240
41770,2123,-20326
41771,21569,4248
41772,-8123,19599
41773,-19377,-9068
41774,13385,-16228
41775,12355,18579
41776,-19379,12429
41777,-4017,-15211
41778,2126,18572
41779,-21415,-2930
41780,6230,-19304
41781,17486,11411
41782,-14251,16523
41783,-11173,-14190
41784,19538,-5995
41785,5200,19596
41786,-18343,139
41787,4183,-19307
41788,19534,4243
41789,-15274,-10088
41790,13392,-13153
41791,13386,18582
41792,-16302,5268
41793,-2988,-17251
41794,19531,-1890
41795,-4019,18581
41796,-22440,-4968
41797,4182,-15200
41798,16462,13466
41799,-13227,16530
41800,-10150,-18277
41801,6231,18578
41802,-21406,-877
41803,3169,-20323
41804,21591,6298
41805,-9124,17554
41806,-14237,-10089
41807,15452,-11107
41808,10327,16533
41809,-20383,5267
41810,-2973,-19299
41811,16475,3228
41812,-17308,-1891
41813,8288,-20313
41814,16472,11426
41815,-14241,11421
41816,-8093,-17242
41817,15452,-5975
41818,6233,19616
41819,-20381,3231
41820,5217,-20311
41821,19544,11428
41822,-9123,16540
41823,-15259,-12126
41824,9313,18585
41825,-20373,8341
41826,-3987,-16227
41827,21603,3228
41828,-3995,21650
41829,-19345,-5995
41830,8299,-17250
41831,13413,12440
41832,-16275,13458
41833,-9102,-18277
41834,23655,-8033
41835,-14226,1182
41836,4204,-19288
41837,17508,6309
41838,-10135,21659
41839,-15247,-11103
41840,18536,-12121
41841,8292,20637
41842,-16276,7322
41843,-6033,-22363
41844,20581,1188
41845,-8087,16540
41846,-17294,-11102
41847,20584,10397
41848,-14225,13463
41849,-6030,-19295
41850,21608,-4956
41851,2151,17564
41852,-20367,3227
41853,2160,-18268
41854,23653,7329
41855,-13204,18584
41856,-13197,-12130
41857,16491,-11100
41858,-20363,7329
41859,-2953,-20309
41860,18542,2218
41861,-2960,20640
41862,-16264,-7004
41863,12402,-21329
41864,16490,17575
41865,-12176,8355
41866,-5005,-18260
41867,23656,-851
41868,-1943,21667
41869,-22412,1186
41870,22633,9374
41871,-11153,18581
41872,-19335,-12133
41873,16497,-11103
41874,5231,17561
41875,-21382,7318
41876,121,-19296
41877,21615,-863
41878,-5006,21655
41879,-24450,-7013
41880,15479,-18268
41881,-13186,18587
41882,-8062,-20315
41883,25718,-2905
41884,5236,24731
41885,-23424,-3939
41886,4222,-22360
41887,11385,7333
41888,-19325,19612
41889,-18292,-16220
41890,30845,-7000
41891,5243,21662
41892,-21370,-7006
41893,20604,7327
41894,-14205,13465
41895,-10104,-17246
41896,18559,-3932
41897,8315,21658
41898,-20347,-5987
41899,12415,-14172
41900,23668,10399
41901,-16260,11418
41902,-14205,-21339
41903,21625,-858
41904,-21372,-857
41905,10367,-18256
41906,24691,8364
41907,-908,2219
41908,-907,170
41909,1140,3241
41910,-5001,5287
41911,118,-1880
41912,-1929,1191
41913,-3975,-1880
41914,-1926,-5973
41915,121,1194
41916,120,3241
41917,1143,1192
41918,2166,1191
41919,-4999,-3927
41920,7286,1192
41921,3189,-4949
41922,2164,170
41923,6257,-1877
41924,-7051,170
41925,6258,169
41926,113,8357
41927,1136,-2905
41928,-1935,5285
41929,1136,-3929
41930,111,2214
41931,6252,4260
41932,-2962,3235
41933,3181,-7001
41934,108,4261
41935,-8080,1188
41936,-7052,-2906
41937,2163,4260
41938,-908,4258
41939,2163,-861
41940,2162,162
41941,-2956,-2908
41942,2163,4258
41943,-1932,-861
41944,1139,-7001
41945,7280,-10068
41946,111,-1875
41947,2158,172
41948,109,1195
41949,-5008,5289
41950,-1935,-2901
41951,1136,1194
41952,2159,3241
41953,10346,1192
41954,9318,-855
41955,1125,9381
41956,-1946,6306
41957,1125,-2908
41958,-12181,-1883
41959,-1940,-2905
41960,5226,-6997
41961,4200,-5970
41962,103,-2896
41963,-2967,4270
41964,-7059,3245
41965,-8079,-3921
41966,3184,-3919
41967,4206,-11081
41968,1133,-840
41969,-1938,183
41970,-2960,3254
41971,1135,2229
41972,2158,-3913
41973,-1937,-5958
41974,-1936,185
41975,1135,-3909
41976,2158,-1860
41977,-3984,1211
41978,1135,-3907
41979,-7053,8377
41980,-2955,-838
41981,-5000,4280
41982,2167,-839
41983,-904,9397
41984,2167,-6983
41985,-2951,6326
41986,3192,-5959
41987,11379,-3909
41988,5233,-1860
41989,1136,-1859
41990,2159,4283
41991,-912,5305
41992,2159,1208
41993,-1936,-3910
41994,111,-1861
41995,11370,-836
41996,-12176,8376
41997,1135,2231
41998,-3983,1206
41999,-14216,-9029
42000,-903,-5954
42001,-902,-10045
42002,3193,194
42003,4215,1217
42004,-1928,3264
42005,-1927,1215
42006,120,3262
42007,-1927,-2880
42008,4215,1215
42009,2166,190
42010,3189,2237
42011,3188,4283
42012,2163,-1860
42013,3186,-9023
42014,2161,-2877
42015,11372,-3899
42016,-3986,6338
42017,13416,-829
42018,7269,3266
42019,5219,-5947
42020,-8089,16573
42021,-20367,14518
42022,-6028,4276
42023,115,2227
42024,-13190,-844
42025,-2948,-4937
42026,1147,1206
42027,3194,1205
42028,2169,2228
42029,-4996,-2890
42030,-1923,-2888
42031,9337,2231
42032,-902,2230
42033,12404,14511
42034,-907,3246
42035,5235,2221
42036,-5002,-5968
42037,4212,9388
42038,1139,13478
42039,1138,7331
42040,1137,-1884
42041,2160,3235
42042,2159,1186
42043,3182,5280
42044,3181,-1887
42045,1132,160
42046,4202,-863
42047,1129,4255
42048,1128,4253
42049,3175,-866
42050,6244,-865
42051,13406,158
42052,5212,-3936
42053,3163,-2910
42054,90,-1885
42055,-4004,1186
42056,91,161
42057,-1956,-862
42058,91,-1885
42059,6232,-860
42060,2135,-859
42061,2134,-858
42062,-2984,4260
42063,-7076,6305
42064,1115,160
42065,-1956,3231
42066,-7072,1182
42067,-8092,-1889
42068,-3994,-13146
42069,1125,7331
42070,-3993,-10072
42071,-1944,-855
42072,103,-5972
42073,2150,-3922
42074,-6039,-5967
42075,104,-1870
42076,-3990,2225
42077,-1941,1200
42078,-916,4270
42079,4202,-5967
42080,-1941,-14152
42081,-916,4278
42082,-8080,-4935
42083,2159,4279
42084,110,3254
42085,1133,8370
42086,2156,-1869
42087,107,-1868
42088,-916,-3914
42089,1131,-841
42090,5225,2230
42091,1128,2229
42092,9316,2228
42093,99,-843
42094,-1948,-5960
42095,99,7349
42096,98,-8007
42097,-925,1208
42098,2146,1207
42099,1121,1206
42100,-3997,-9029
42101,-2971,-3907
42102,-1946,-3905
42103,-5015,-1856
42104,-918,-2878
42105,-7058,2241
42106,-7054,9405
42107,-909,-3905
42108,-1932,4285
42109,-6025,11448
42110,-9092,5302
42111,3195,-841
42112,10358,-8005
42113,117,-2883
42114,1140,-6975
42115,2163,4287
42116,3186,-1856
42117,-909,-5949
42118,114,4289
42119,-1933,3264
42120,1138,5310
42121,1137,189
42122,3184,6330
42123,2159,-837
42124,1134,186
42125,2157,2233
42126,4203,5303
42127,4201,4277
42128,-918,-842
42129,-917,181
42130,-1940,-4936
42131,-1939,-5957
42132,-1938,2234
42133,3181,-3908
42134,7274,-835
42135,-3988,-834
42136,107,189
42137,-916,4283
42138,3179,1210
42139,-2963,-1861
42140,-914,1210
42141,-913,4280
42142,-912,-1863
42143,111,184
42144,1134,183
42145,1133,-840
42146,2156,183
42147,-915,182
42148,4203,4276
42149,-5010,2227
42150,-8078,-3915
42151,-12168,-8007
42152,2167,2232
42153,-8069,-11074
42154,3194,3261
42155,-1925,8377
42156,-900,-3909
42157,3195,1210
42158,4217,2233
42159,1144,-1862
42160,8308,3257
42161,3187,-3909
42162,8303,186
42163,4205,7351
42164,-6032,-5958
42165,2159,185
42166,110,11444
42167,2157,3251
42168,108,178
42169,-6033,-845
42170,1134,178
42171,4204,2225
42172,107,1200
42173,3178,-5965
42174,105,4273
42175,-1942,176
42176,8294,2223
42177,11361,6316
42178,1120,-2898
42179,1119,5292
42180,-1952,-3922
42181,2143,1197
42182,4189,5291
42183,1116,1194
42184,2139,-1877
42185,-932,-2899
42186,5210,2220
42187,2137,4266
42188,2136,-853
42189,3159,6312
42190,3158,8356
42191,6227,1187
42192,-940,-860
42193,1107,11423
42194,-4011,-1888
42195,-1962,-2910
42196,3157,3233
42197,-2985,-7003
42198,-1960,-11093
42199,2135,-4946
42200,8275,3245
42201,10318,3244
42202,77,171
42203,-6064,170
42204,6221,4264
42205,-5040,-10067
42206,79,-9038
42207,1102,1201
42208,2125,2224
42209,-1970,5294
42210,-945,8362
42211,1102,2217
42212,3149,5287
42213,76,-856
42214,75,4262
42215,-948,-3928
42216,75,3239
42217,1098,-6997
42218,1097,4265
42219,1096,5287
42220,71,4261
42221,1094,5283
42222,-3000,4257
42223,4166,160
42224,-953,1183
42225,2118,-864
42226,1093,-1887
42227,1092,1184
42228,3139,-863
42229,3138,-1886
42230,2113,-861
42231,2112,2210
42232,2111,4256
42233,1086,5278
42234,1085,2205
42235,3132,-1890
42236,7225,1181
42237,56,5275
42238,4150,2202
42239,2101,-9057
42240,52,3230
42241,3123,-865
42242,50,158
42243,49,157
42244,-3021,1180
42245,-6090,-1891
42246,-969,1180
42247,54,-2914
42248,-4040,-4959
42249,3127,-862
42250,4149,-3932
42251,2100,-859
42252,1075,164
42253,3122,163
42254,1073,162
42255,1072,3233
42256,2095,2208
42257,46,-2910
42258,-2001,-3932
42259,-2000,163
42260,-9163,1186
42261,-4041,-861
42262,-8133,-1884
42263,1082,-859
42264,2105,2212
42265,3128,-859
42266,-1991,-858
42267,-3013,-4951
42268,-15293,-2901
42269,-6074,5289
42270,2117,168
42271,2116,5286
42272,-5049,1189
42273,1094,2212
42274,1093,3235
42275,3140,-860
42276,67,-1883
42277,-3003,-3929
42278,-1978,2214
42279,-953,1189
42280,70,164
42281,-1977,163
42282,70,3234
42283,1093,-1885
42284,2116,1186
42285,-955,3233
42286,68,4255
42287,3139,4253
42288,4161,1180
42289,64,-2914
42290,-959,-865
42291,-6076,1182
42292,-3002,3229
42293,69,-3937
42294,-1978,1182
42295,2117,157
42296,68,-2913
42297,-1979,-5982
42298,1092,5280
42299,1091,4254
42300,66,-2912
42301,-7098,-1887
42302,1093,-4956
42303,1092,-3930
42304,-3002,-857
42305,-953,-3927
42306,-1976,-1878
42307,-1975,-2900
42308,-950,171
42309,2121,7336
42310,2120,2215
42311,71,-4950
42312,-952,1193
42313,-1975,-854
42314,-950,169
42315,-6067,168
42316,-1970,3239
42317,77,166
42318,-946,-2904
42319,-2992,2215
42320,3151,166
42321,1102,-5975
42322,-2992,1192
42323,2127,3239
42324,2126,-3927
42325,-1969,168
42326,-1968,1191
42327,-943,3238
42328,1104,2213
42329,2127,164
42330,1102,163
42331,-945,1186
42332,78,2209
42333,3149,-862
42334,2124,-861
42335,75,-3931
42336,-948,-1882
42337,1099,-857
42338,-5042,-4950
42339,-1969,3241
42340,-944,168
42341,3151,2215
42342,3150,4261
42343,3149,-2905
42344,2124,166
42345,2123,-2904
42346,-1972,-2902
42347,-2994,3241
42348,3149,5287
42349,2124,-2903
42350,4170,168
42351,3145,1191
42352,72,1190
42353,-951,1189
42354,2120,164
42355,1095,-1883
42356,1094,1188
42357,-953,-859
42358,2118,3236
42359,-953,1187
42360,1094,3234
42361,69,-1885
42362,-5048,1186
42363,71,2209
42364,2118,160
42365,4164,159
42366,3139,158
42367,-956,3229
42368,2115,-1890
42369,-956,-1889
42370,67,-4958
42371,66,3233
42372,1089,2208
42373,-1982,2207
42374,1089,3230
42375,2112,1181
42376,63,-866
42377,62,2205
42378,-961,7322
42379,4157,5272
42380,7226,151
42381,9270,-5990
42382,2101,153
42383,3124,1176
42384,3123,1175
42385,5169,-1896
42386,-5068,-871
42387,-4042,-4964
42388,4148,2203
42389,3123,-4962
42390,4145,5276
42391,48,1179
42392,-1999,2202
42393,2096,4248
42394,3119,-7012
42395,-4047,1179
42396,-6092,1178
42397,-7112,6295
42398,-967,-1896
42399,56,151
42400,-967,-872
42401,1080,-871
42402,-3014,-1894
42403,-965,1177
42404,2106,2200
42405,4152,1175
42406,3127,-4966
42407,-3015,-3940
42408,-8131,-5985
42409,60,-864
42410,-3010,4254
42411,-1985,-3936
42412,3134,1183
42413,-4032,8347
42414,-959,1178
42415,-1982,8342
42416,65,149
42417,6206,2196
42418,2109,3219
42419,-1986,-1900
42420,-961,147
42421,2110,-876
42422,5180,-5993
42423,59,-872
42424,58,-2918
42425,-965,-2916
42426,-1988,-867
42427,59,156
42428,4153,2203
42429,1080,5273
42430,2103,-7011
42431,5173,-7007
42432,1076,-2909
42433,2099,162
42434,50,3233
42435,3121,1184
42436,2096,-863
42437,-10187,-1886
42438,1076,161
42439,1075,5279
42440,50,-864
42441,49,-863
42442,-1998,-862
42443,1073,161
42444,48,4255
42445,-975,2206
42446,6190,6299
42447,1069,4249
42448,-978,1176
42449,6187,3223
42450,42,150
42451,2089,-873
42452,40,1174
42453,39,-2920
42454,1062,-871
42455,3109,1176
42456,36,-1895
42457,1059,3224
42458,-2012,1175
42459,35,1174
42460,3106,149
42461,-3036,1172
42462,-2011,-2922
42463,-5080,2197
42464,-11218,19596
42465,2093,2187
42466,-978,4233
42467,45,4231
42468,1068,1158
42469,1067,1157
42470,1066,-890
42471,1065,2181
42472,1064,-1914
42473,39,1157
42474,-984,3204
42475,2087,3203
42476,7204,130
42477,-6105,7295
42478,-4055,2174
42479,-6100,3197
42480,-2003,124
42481,-4049,-2946
42482,2094,2173
42483,-977,-898
42484,-2000,1149
42485,47,4219
42486,-976,2170
42487,3119,121
42488,2094,120
42489,45,-903
42490,2092,-1926
42491,1067,2169
42492,-3027,2168
42493,-978,119
42494,-7118,8307
42495,2097,3186
42496,3120,6255
42497,2095,110
42498,46,2157
42499,3117,-914
42500,44,-1937
42501,-2003,-2959
42502,-2002,-910
42503,3117,-8074
42504,3116,2165
42505,-3026,-2953
42506,4140,118
42507,4138,-905
42508,-981,-2951
42509,-2004,1144
42510,-3026,119
42511,1069,1142
42512,-2002,3189
42513,45,3188
42514,-978,4210
42515,1069,1137
42516,3116,-2957
42517,1067,114
42518,-2004,3185
42519,-979,1136
42520,-9166,-911
42521,4144,1136
42522,2095,6253
42523,2094,2156
42524,4140,10343
42525,-979,4197
42526,-978,100
42527,1069,2147
42528,2092,-924
42529,1067,99
42530,1066,1122
42531,-3028,3169
42532,2091,-1950
42533,-2004,-1949
42534,-979,1122
42535,4139,97
42536,-980,96
42537,1067,95
42538,1066,1118
42539,-2005,93
42540,-4051,10328
42541,-2002,-4006
42542,1069,-2980
42543,3116,91
42544,-3026,-1956
42545,1069,2139
42546,2092,-932
42547,1067,1115
42548,1066,3162
42549,3113,3161
42550,40,-934
42551,-3030,3161
42552,-981,4183
42553,1066,-2983
42554,-981,-1958
42555,-2004,6231
42556,5162,1110
42557,-981,1109
42558,1066,-938
42559,-981,85
42560,1066,84
42561,3113,3155
42562,5159,4177
42563,3110,-942
42564,-985,-5035
42565,38,84
42566,-5079,3155
42567,2088,6224
42568,-6101,2127
42569,2090,2126
42570,-5075,-2992
42571,-978,-7084
42572,-11212,-4010
42573,-10183,3157
42574,56,2132
42575,2103,1107
42576,54,2130
42577,53,3153
42578,3124,-942
42579,1075,-4012
42580,-1996,1107
42581,51,3154
42582,2098,1105
42583,49,3152
42584,1072,-1967
42585,-975,80
42586,48,-943
42587,6189,2128
42588,6186,-1967
42589,41,3152
42590,-5076,1103
42591,5162,-944
42592,8230,9292
42593,-2009,-1971
42594,-4055,-946
42595,-4053,1101
42596,3114,-4017
42597,2089,4173
42598,-3029,2124
42599,3114,9288
42600,4136,-2998
42601,5158,-8114
42602,-14291,-10157
42603,-6096,3154
42604,2095,-5035
42605,-3023,-4009
42606,2096,-1960
42607,2095,-935
42608,-2000,-1958
42609,47,3161
42610,-2000,-934
42611,47,89
42612,-7117,9301
42613,50,84
42614,6191,83
42615,1070,1106
42616,-3024,3153
42617,4142,-1966
42618,-977,1105
42619,-2000,1104
42620,47,5198
42621,2094,3149
42622,-2001,1100
42623,3118,75
42624,1069,74
42625,44,-1973
42626,-979,2122
42627,3116,5192
42628,-2003,2119
42629,9257,3142
42630,5159,-5047
42631,-6102,-8115
42632,-7122,-5040
42633,2093,1103
42634,2092,3150
42635,-979,2125
42636,1068,-1970
42637,1067,4172
42638,1066,2123
42639,41,74
42640,2088,1097
42641,-5077,1096
42642,1066,-951
42643,2089,-2997
42644,1064,1098
42645,2087,73
42646,4133,-7091
42647,-986,-946
42648,3109,3149
42649,-986,5195
42650,2085,1098
42651,3108,7239
42652,35,3142
42653,1058,1093
42654,33,1092
42655,32,2115
42656,2079,1090
42657,1054,2113
42658,-993,64
42659,2078,63
42660,-6111,1086
42661,2080,2109
42662,31,8249
42663,-6110,6198
42664,-3036,6195
42665,2083,3122
42666,7200,3121
42667,31,2096
42668,-3039,1071
42669,-2014,-4047
42670,-3036,-3021
42671,-6105,-4043
42672,3110,1076
42673,37,51
42674,-986,-972
42675,1061,-971
42676,36,1076
42677,-987,1075
42678,-986,1074
42679,37,49
42680,36,1072
42681,-2011,2095
42682,-986,46
42683,1061,45
42684,2084,-978
42685,-2011,4140
42686,-986,1067
42687,37,-980
42688,36,3115
42689,35,4137
42690,4129,2088
42691,3104,1063
42692,5150,-3031
42693,2077,3112
42694,-2018,-2007
42695,-993,-982
42696,-2016,3113
42697,-2015,-2006
42698,-2014,41
42699,-2013,1064
42700,34,1063
42701,33,1062
42702,32,-985
42703,1055,1062
42704,30,1061
42705,1053,2084
42706,2076,2083
42707,1051,1058
42708,1050,33
42709,-997,1056
42710,26,-2015
42711,25,32
42712,24,-991
42713,23,32
42714,-2024,-991
42715,23,32
42716,3094,2079
42717,1045,30
42718,3092,1053
42719,19,1052
42720,2066,-995
42721,1041,1052
42722,1040,1051
42723,2063,4121
42724,1038,3096
42725,13,1047
42726,12,-1000
42727,-1011,-3046
42728,-1010,-997
42729,-1009,2074
42730,14,2073
42731,13,1048
42732,1036,1047
42733,1035,1046
42734,1034,-2025
42735,1033,1046
42736,1032,21
42737,-5109,1044
42738,1034,2067
42739,-1013,18
42740,10,1041
42741,-1013,1040
42742,10,1039
42743,1033,3086
42744,2056,13
42745,7,3084
42746,2054,5130
42747,3077,-2037
42748,2052,-2036
42749,3,11
42750,2,2058
42751,2049,-2037
42752,2048,-2036
42753,-5117,1035
42754,-1020,10
42755,1027,3081
42756,3074,3080
42757,4096,-1015
42758,3071,-2038
42759,1022,9
42760,-3072,-2038
42761,0,9
42762,1023,-1014
42763,-2047,-1013
42764,1024,1034
42765,-3070,2057
42766,-1021,-7155
42767,8191,12
42768,2046,-1011
42769,-1025,-2034
42770,0,-1009
42771,0,14
42772,-1023,13
42773,2048,1036
42774,0,-2035
42775,-3070,12
42776,-5115,3083
42777,4,12293
42778,-6137,4099
42779,6,-3067
42780,-1017,-1018
42781,4101,-2041
42782,1028,4101
42783,3075,4
42784,4097,-1019
42785,0,1028
42786,3071,-4090
42787,-6141,-1017
42788,-4091,3078
42789,-2042,-2041
42790,-1017,1030
42791,1030,2053
42792,3077,-2042
42793,-2042,-1017
42794,4100,6
42795,4098,5124
42796,5120,-2043
42797,1023,-7159
42798,1022,2056
42799,-1025,5126
42800,-1024,-2041
42801,-1023,2054
42802,-3069,-1017
42803,1026,1030
42804,1,-1017
42805,1024,-1016
42806,0,-1015
42807,2047,-1014
42808,-2047,-3060
42809,3072,1035
42810,1023,-1012
42811,-2047,1035
42812,-1022,2058
42813,-1021,1033
42814,1026,1032
42815,-4092,1031
42816,1027,1030
42817,2,1029
42818,-1021,1028
42819,1026,3
42820,1025,-2044
42821,0,-2043
42822,-1023,1028
42823,-1022,1027
42824,1025,2
42825,0,1025
42826,1023,-1022
42827,3070,-1021
42828,-1,1026
42829,-1024,1025
42830,1023,1024
42831,0,1023
42832,0,0
42833,0,1023
42834,3071,-1024
42835,1022,-2047
42836,2045,1024
42837,-2,-1023
42838,-1,0
42839,-1024,1023
42840,4094,2046
42841,-1,-1025
42842,0,0
42843,0,0
42844,0,1023
42845,0,1022
42846,3071,-1
42847,1022,2046
42848,-1,1021
42849,1022,1020
42850,2045,-3
42851,-2049,2044
42852,0,1019
42853,2047,2042
42854,4094,1017
42855,-1,-6
42856,0,-1029
42857,0,-1028
42858,-1023,-3
42859,2048,-1026
42860,-2047,-1
42861,0,0
42862,3071,1023
42863,0,0
42864,2047,-1023
42865,-1024,-1022
42866,5118,1
42867,-1,1024
42868,3070,2047
42869,2045,2046
42870,1020,-1
42871,1019,-1024
42872,-2051,1023
42873,-1026,1022
42874,1021,1021
42875,1020,2044
42876,2043,2043
42877,-4,-4
42878,-1027,-3
42879,1020,-1026
42880,-3,1021
42881,1020,-1026
42882,2043,-3072
42883,-1028,-4094
42884,-4097,-1021
42885,2046,2
42886,-1,1
42887,0,0
42888,0,1023
42889,-2047,1022
42890,-1022,1021
42891,-1021,1020
42892,2050,1019
42893,2049,-4098
42894,0,-1
42895,-1023,0
42896,-1022,2047
42897,1025,0
42898,0,1023
42899,0,3070
42900,1023,-1025
42901,-3071,-1024
42902,-2046,0
42903,1,1023
42904,-1022,1022
42905,1025,-2048
42906,2048,1023
42907,-1023,-1024
42908,-1022,0
42909,1025,2047
42910,1024,0
42911,-1023,2047
42912,-2046,6141
42913,3073,4092
42914,1024,-3
42915,-1023,-1026
42916,1024,-1025
42917,2047,-1024
42918,3070,-1023
42919,-1,0
42920,0,1023
42921,0,1022
42922,1023,1021
42923,1022,1020
42924,-1025,-2050
42925,-1024,-1025
42926,0,1022
42927,0,3069
42928,0,1020
42929,-1023,-1027
42930,2048,-2
42931,0,6140
42932,2047,-3
42933,1022,2044
42934,-1,1019
42935,0,-4
42936,0,2043
42937,-1023,1018
42938,1024,1017
42939,1023,-2053
42940,4094,-4
42941,3069,-4097
42942,3068,-4094
42943,-3,1025
42944,2044,0
42945,1019,-1023
42946,1018,0
42947,-1029,-1023
42948,-4,1024
42949,-1027,1023
42950,-2,-1024
42951,-1,0
42952,0,1023
42953,1023,1022
42954,0,1021
42955,2047,-2
42956,-2047,2045
42957,1024,2044
42958,2047,-3
42959,2046,-1026
42960,-1,-5119
42961,-4094,-4093
42962,-1021,-4091
42963,2,2052
42964,1,1027
42965,-2046,-1020
42966,-1021,-1019
42967,1026,4
42968,1,1027
42969,2048,1026
42970,0,-1021
42971,1023,-1020
42972,2046,2051
42973,-1025,1026
42974,1022,1
42975,2045,-1022
42976,-1026,1
42977,-1,1024
42978,1022,0
42979,2045,0
42980,-2,-1023
42981,-5119,-2046
42982,-2046,1025
42983,4096,3072
42984,0,2047
42985,6141,-2047
42986,-2,0
42987,-1025,0
42988,1022,0
42989,-1,1023
42990,1022,1022
42991,-1,1021
42992,1022,2044
42993,-1025,-3
42994,0,1020
42995,0,-1027
42996,1023,-2049
42997,1022,0
42998,-1,1023
42999,0,0
43000,0,-1023
43001,0,2048
43002,0,2047
43003,1023,2046
43004,-1024,-1
43005,1023,2046
43006,3070,1021
43007,1021,-2
43008,2044,-1
43009,-1027,1022
43010,-1026,2045
43011,-1,-2
43012,0,-1
43013,1023,0
43014,1022,-1023
43015,-1,0
43016,0,2047
43017,0,-1024
43018,-1023,-1023
43019,0,2048
43020,0,1023
43021,-1023,1022
43022,2048,-1025
43023,1023,0
43024,-1024,0
43025,-1023,1023
43026,1024,-2047
43027,0,0
43028,2047,2047
43029,1022,1022
43030,-1,1021
43031,1022,2044
43032,1021,-3
43033,-2,-2
43034,-1,1021
43035,1022,-2
43036,1021,-1
43037,-2,0
43038,-1,1023
43039,1022,2046
43040,-1,-1025
43041,-1024,1022
43042,0,1021
43043,0,1020
43044,1023,-3
43045,0,-2
43046,0,4093
43047,3071,2044
43048,2046,-1027
43049,1021,-1026
43050,-1026,-1
43051,-1,1022
43052,0,1021
43053,-1023,-2
43054,0,-1
43055,-1023,2046
43056,0,-1025
43057,2047,-1024
43058,1022,1023
43059,-1025,0
43060,1022,-1023
43061,-1025,-2046
43062,1022,1
43063,1021,1024
43064,1020,0
43065,1019,0
43066,-4,0
43067,-3,1023
43068,-2,2046
43069,1021,1021
43070,2044,-2
43071,1019,2045
43072,-4,-2
43073,-1027,-1
43074,-2,1022
43075,-1,1021
43076,0,-2
43077,-1023,-1025
43078,-1022,0
43079,1025,1023
43080,0,1022
43081,-1023,-1
43082,0,0
43083,0,0
43084,1023,1023
43085,1022,0
43086,-1025,2047
43087,2046,1022
43088,-1,1021
43089,-1024,1020
43090,0,3067
43091,0,-4
43092,0,-1027
43093,0,1020
43094,1023,-3
43095,0,2044
43096,-1023,1019
43097,0,-4
43098,3071,1019
43099,0,1018
43100,0,1017
43101,1023,-6
43102,0,-5
43103,0,1018
43104,0,-5
43105,1023,-4
43106,0,-1027
43107,-3070,2044
43108,1,1019
43109,1024,-4
43110,0,2043
43111,1023,1018
43112,0,-2052
43113,1023,-3
43114,1022,2044
43115,15351,-13309
43116,10227,17403
43117,-22529,10231
43118,-7165,-16384
43119,23544,1023
43120,-2054,23540
43121,-23546,-11270
43122,12288,-21499
43123,-14329,15358
43124,-13298,-14330
43125,18437,-9205
43126,9217,22528
43127,-18422,1023
43128,7175,-23541
43129,22524,6152
43130,-11262,21502
43131,-19444,-14330
43132,16388,-11252
43133,12286,20482
43134,-21495,9214
43135,24573,-4095
43136,-4096,19448
43137,-24564,-7172
43138,7177,-19450
43139,19456,13312
43140,-16376,15353
43141,-10227,-20476
43142,23554,-8184
43143,2049,22525
43144,-20469,1020
43145,3082,-21497
43146,-10225,21501
43147,-16361,-6143
43148,15376,-14328
43149,18439,20478
43150,-21486,10234
43151,-8170,-28663
43152,21516,2056
43153,-3058,18431
43154,-19432,-9212
43155,9236,-19442
43156,22537,13320
43157,-11249,14337
43158,20485,-11257
43159,6146,23548
43160,-24562,-3
43161,3085,-27637
43162,20483,6152
43163,-11255,21502
43164,-16367,-11260
43165,19464,-15348
43166,7173,18435
43167,-22512,9215
43168,-3054,-18423
43169,1041,25597
43170,-19429,-10237
43171,9239,-23537
43172,14352,15368
43173,-13289,14337
43174,-12259,-17398
43175,22546,-5107
43176,7183,23554
43177,-18408,1025
43178,5142,-25586
43179,21516,6155
43180,-16364,21505
43181,17420,-11257
43182,13318,13313
43183,-20464,9213
43184,-5101,-21496
43185,25607,-2039
43186,-3063,19456
43187,-24555,-6141
43188,10256,-21490
43189,21510,15367
43190,-15346,17407
43191,-6127,-20470
43192,6158,24574
43193,-22503,5116
43194,24,-23544
43195,17424,7173
43196,-11242,23546
43197,-17377,-10240
43198,19478,-15352
43199,13328,20478
43200,-22501,5116
43201,-5090,-25591
43202,23571,3080
43203,-2028,21502
43204,23561,-3072
43205,3080,26611
43206,-20462,-3083
43207,12300,-23551
43208,25600,12283
43209,-22517,18419
43210,-12271,-22529
43211,23558,-10235
43212,7171,24569
43213,-25584,-6
43214,4110,-22522
43215,-8174,20476
43216,-25569,-15356
43217,14360,-20466
43218,19471,21508
43219,-23525,14333
43220,-6114,-26613
43221,27665,-3059
43222,-5100,23554
43223,-22497,-6139
43224,16407,-24559
43225,19470,16393
43226,-18409,22526
43227,26634,-14330
43228,12292,24570
43229,-30701,3065
43230,-1004,-26617
43231,26631,7172
43232,-6134,23545
43233,-20460,-13312
43234,17420,-16376
43235,13318,25596
43236,-24558,10232
43237,-5099,-28665
43238,-2026,29689
43239,-27612,2040
43240,10271,-26618
43241,23572,13312
43242,-13285,21494
43243,-15325,-21503
43244,26646,-11257
43245,7187,23548
43246,-27615,3067
43247,3104,-22521
43248,27667,8195
43249,-9192,24567
43250,17424,-23549
43251,17416,25591
43252,-26603,13297
43253,-6120,-28672
43254,26635,-1023
43255,-1012,31730
43256,-23528,-5131
43257,15377,-31739
43258,25605,10240
43259,-22512,18423
43260,-17383,-23549
43261,9237,24567
43262,-28637,4086
43263,3106,-24573
43264,27669,6144
43265,-9190,25588
43266,-26585,-17411
43267,17439,-21496
43268,19478,21502
43269,-25565,14328
43270,-7129,-25595
43271,31768,-2042
43272,-3046,29688
43273,14355,-22524
43274,25607,12286
43275,-15345,24563
43276,-17384,-22529
43277,27659,-15353
43278,13317,28665
43279,-30700,2040
43280,19,-27642
43281,26630,7171
43282,-11252,24567
43283,-25575,-14337
43284,19472,25587
43285,-21477,19434
43286,-10208,-31750
43287,24596,-8193
43288,1043,31728
43289,-28639,-2062
43290,10268,-26624
43291,25616,10235
43292,-20454,23536
43293,-16350,-21509
43294,25622,-14333
43295,9234,28661
43296,-3052,-28668
43297,30725,3075
43298,-10230,31732
43299,-28648,-15364
43300,17424,-17403
43301,19463,21499
43302,-22510,12278
43303,-10217,-29691
43304,23564,-3065
43305,2059,32759
43306,-27623,-5126
43307,28683,13300
43308,-20459,25576
43309,-23519,-20493
43310,23574,-13318
43311,10257,26606
43312,-34782,4077
43313,33,-28676
43314,32785,6138
43315,-8171,28653
43316,-23519,-17418
43317,16409,-23550
43318,20495,26613
43319,-11243,-26621
43320,25609,-7161
43321,7174,30712
43322,-28652,-5125
43323,12302,-26615
43324,24578,11268
43325,-21491,24568
43326,-19433,-20477
43327,27658,-10232
43328,14339,27643
43329,-29678,5113
43330,30723,4088
43331,-7161,28651
43332,-28651,-15373
43333,16397,-17412
43334,23554,26608
43335,-22515,17384
43336,-11245,-31752
43337,29701,-9219
43338,-1018,30703
43339,-32746,-3087
43340,8210,-28672
43341,23559,13306
43342,-18416,-19452
43343,26627,-18419
43344,16379,25601
43345,-31733,11260
43346,-7153,-29685
43347,36861,4105
43348,-9214,33785
43349,-25585,-11265
43350,18438,-22517
43351,22523,20481
43352,-23545,14330
43353,25595,-7170
43354,3066,36845
43355,-25593,1004
43356,7172,-33795
43357,29686,11256
43358,-17409,25580
43359,-20470,-20489
43360,26621,-19455
43361,13303,24565
43362,-29690,7154
43363,5,-24577
43364,31734,4094
43365,-27644,-11260
43366,13310,-26607
43367,21492,21511
43368,-22528,24571
43369,-13305,-22521
43370,27642,-7157
43371,7159,33787
43372,-25596,-1028
43373,6145,-30708
43374,28659,13318
43375,-16388,24570
43376,26608,-20475
43377,18408,24569
43378,-30728,12276
43379,-4101,-27646
43380,31724,-1021
43381,-6160,28661
43382,-27650,-12292
43383,13304,-22520
43384,25580,21502
43385,-21513,20469
43386,-12290,-26621
43387,29680,-8185
43388,-27650,3078
43389,2045,-26605
43390,23538,10254
43391,-18436,27649
43392,-17403,-15351
43393,21499,-20461
43394,16372,21513
43395,-25599,13315
43396,-7163,-28655
43397,31734,3088
43398,-3080,30721
43399,12275,-24563
43400,24552,18436
43401,-21517,18427
43402,-16388,-24568
43403,26608,-5109
43404,5102,35834
43405,-28675,4089
43406,6139,-28664
43407,27630,10243
43408,-16393,27638
43409,-22525,-17409
43410,23544,-19447
43411,-28665,15362
43412,-4087,-23538
43413,29691,-4080
43414,-1028,28674
43415,-30708,-12280
43416,11271,-26603
43417,19454,18444
43418,-24565,21506
43419,-14318,-24562
43420,26629,-7150
43421,3076,31747
43422,1027,-30702
43423,25591,6159
43424,-14337,22532
43425,-23541,-14325
43426,21505,-17388
43427,19448,23561
43428,-26618,14338
43429,-5111,-26609
43430,30714,-2032
43431,-4099,27651
43432,-29684,-9208
43433,11271,-19438
43434,-18416,24582
43435,-15336,-26605
43436,24588,-12263
43437,8200,26636
43438,-26603,5130
43439,-1002,-30695
43440,27657,9237
43441,-14320,26632
43442,-19430,-16368
43443,20496,-17383
43444,16392,22542
43445,-11250,-28644
43446,27649,-2019
43447,-1022,27664
43448,-26609,-5101
43449,12297,-21474
43450,25597,15383
43451,-15355,20493
43452,-18418,-23527
43453,23555,-10210
43454,7168,33806
43455,-27634,2061
43456,5132,-27621
43457,-9199,25615
43458,-23523,-16361
43459,19476,-23517
43460,14349,20505
43461,-27621,16401
43462,-9184,-25570
43463,29714,-4064
43464,1041,24596
43465,-25570,-9191
43466,10265,-23515
43467,21519,14366
43468,-19431,-19416
43469,20495,-11218
43470,8203,27681
43471,-22506,32
43472,-3048,-27602
43473,28682,6187
43474,-13295,28701
43475,-22500,-13276
43476,18451,-19410
43477,15372,19493
43478,-24552,13343
43479,-5093,-20439
43480,1050,26652
43481,-26585,-5089
43482,7204,-26580
43483,22553,14373
43484,-16351,20507
43485,-12249,-20443
43486,24603,-12245
43487,8215,25631
43488,-25564,1054
43489,5154,-26581
43490,19481,8231
43491,-19421,-9172
43492,20505,-18379
43493,16401,19500
43494,-22500,11303
43495,-8160,-23501
43496,21526,-5066
43497,-2025,26665
43498,-24541,-3029
43499,13341,-19403
43500,21523,16429
43501,-16357,16421
43502,-15325,-22480
43503,9247,22565
43504,-25556,6178
43505,4138,-24530
43506,28700,7211
43507,-8160,24607
43508,-18391,-12251
43509,15394,-20433
43510,12316,19494
43511,-23512,14367
43512,-6101,-20439
43513,23584,-4053
43514,-21461,-4051
43515,6184,-23495
43516,22557,12339
43517,-16347,15404
43518,-17362,-20426
43519,19493,-8134
43520,6178,25646
43521,-21459,5164
43522,2092,-25543
43523,20514,8245
43524,-11224,20523
43525,-21453,-12239
43526,16427,22566
43527,-20427,14367
43528,-4041,-21462
43529,25643,-4052
43530,42,21538
43531,-20428,-3036
43532,9264,-20434
43533,18471,14375
43534,-15313,17439
43535,-13258,-17368
43536,21548,-11218
43537,-22473,3117
43538,-968,-22472
43539,20526,5174
43540,-6095,22571
43541,-17350,-10192
43542,17458,-19398
43543,16426,15411
43544,-19404,8239
43545,-6089,-21446
43546,21549,-965
43547,-4049,22576
43548,-21446,-6093
43549,19505,13357
43550,-14280,12327
43551,-12226,-18384
43552,20532,-10187
43553,3123,21547
43554,-22466,4137
43555,2109,-22476
43556,21555,7217
43557,-11207,18472
43558,-16319,-12242
43559,16441,-14283
43560,-20413,12335
43561,-7097,-21446
43562,23612,-4036
43563,-1987,22577
43564,-19385,-6092
43565,8259,-21441
43566,17467,12345
43567,-15293,15410
43568,-9144,-18373
43569,20542,-5058
43570,6203,21556
43571,-18364,4146
43572,20538,4144
43573,-9153,19495
43574,-18360,-10196
43575,15425,-16332
43576,11324,18475
43577,-20410,9255
43578,-1977,-19407
43579,19518,-974
43580,-3008,19497
43581,-18359,-5076
43582,8261,-18379
43583,-13236,17453
43584,-9135,-19401
43585,21575,-9156
43586,4165,18483
43587,-22448,50
43588,79,-22467
43589,18502,8249
43590,-9141,18480
43591,-15277,-14281
43592,18506,-15297
43593,12356,20533
43594,-18355,4147
43595,22594,-5066
43596,-957,23595
43597,-18356,-3027
43598,13382,-17354
43599,18493,11313
43600,-16315,12331
43601,-13236,-20427
43602,19523,-8135
43603,66,20527
43604,-19380,2094
43605,5194,-18377
43606,-5043,17455
43607,-14252,-15305
43608,16460,-10180
43609,7241,18483
43610,-15279,7216
43611,-4013,-20422
43612,22600,2105
43613,-1975,21551
43614,-17326,-10188
43615,11341,-17347
43616,12359,14390
43617,-20399,12336
43618,20551,-4046
43619,4165,19497
43620,-20401,1064
43621,6220,-19406
43622,21570,8238
43623,-8122,16422
43624,-19376,-11220
43625,19527,-10191
43626,8259,19496
43627,-15285,5158
43628,74,-21455
43629,-2996,20519
43630,-18347,-10196
43631,10320,-18379
43632,15433,14382
43633,-11185,14375
43634,-6062,-20431
43635,20552,-4045
43636,-951,16427
43637,-22444,-4051
43638,8272,-16331
43639,17480,13359
43640,-13233,11306
43641,17479,-8146
43642,12353,16422
43643,-18358,5156
43644,-949,-24528
43645,18498,4142
43646,-7098,20516
43647,-19376,-3034
43648,15433,-14291
43649,11332,15398
43650,-18355,11297
43651,-7087,-20437
43652,-1966,22560
43653,-21411,4126
43654,8281,-18393
43655,20559,11298
43656,-16297,16410
43657,-15265,-17373
43658,18518,-9176
43659,10321,20510
43660,-21412,1053
43661,-5025,-16347
43662,22612,6178
43663,-1963,19481
43664,13391,-17374
43665,14408,14363
43666,-19374,11286
43667,-4012,-20448
43668,20554,-991
43669,73,21527
43670,-20397,-4071
43671,10318,-18398
43672,16454,7199
43673,-13235,17431
43674,-19369,-18400
43675,7252,22549
43676,-18339,4115
43677,3164,-21474
43678,20562,4124
43679,-10153,20498
43680,-15265,-11240
43681,15448,-19422
43682,11347,20504
43683,-14246,13330
43684,-933,-21475
43685,21585,28
43686,-2989,21522
43687,12365,-18405
43688,19524,8215
43689,-15284,18446
43690,-17323,-17385
43691,21579,-8165
43692,11334,16403
43693,-22447,2066
43694,1104,-23522
43695,14409,8218
43696,-8115,19473
43697,-16299,-16359
43698,11344,19472
43699,-16296,10251
43700,-7076,-22506
43701,15445,-7142
43702,-4009,24590
43703,-21406,-4080
43704,10333,-22501
43705,20563,12309
43706,-17316,13327
43707,-9119,-21478
43708,22614,-9185
43709,6227,22548
43710,-2987,-22497
43711,21579,4125
43712,-2995,23570
43713,-16299,-16358
43714,13391,-18397
43715,13385,18458
43716,-23467,11285
43717,3156,-28637
43718,21578,-2012
43719,-1973,25624
43720,-23465,-5093
43721,20557,7192
43722,-16299,19471
43723,-17314,-17384
43724,18517,-6117
43725,9297,25615
43726,-20389,14
43727,4185,-24550
43728,21583,2073
43729,-9132,22542
43730,-19362,-16362
43731,11353,-13283
43732,14418,19476
43733,7247,-18403
43734,27714,-3041
43735,-4028,21525
43736,-26543,-7143
43737,14410,-19421
43738,17474,11294
43739,-15286,20500
43740,-14255,-22497
43741,24645,-9180
43742,10304,19483
43743,-26547,-996
43744,20547,6169
43745,-11191,27660
43746,-19373,-16364
43747,19530,-16356
43748,16450,23569
43749,-21427,12299
43750,-8111,-26600
43751,21575,-7140
43752,-2999,28686
43753,-26538,-3056
43754,14415,-7148
43755,21573,15373
43756,-14260,-22504
43757,22593,-12258
43758,6206,24594
43759,-26549,3089
43760,-948,-18406
43761,26687,5144
43762,-5054,25612
43763,-5051,-18411
43764,15422,-17378
43765,10297,23571
43766,-28601,8207
43767,24635,-3055
43768,-1988,28675
43769,-23480,-5114
43770,12354,-25581
43771,28724,5137
43772,-27582,12299
43773,-18357,-17388
43774,26686,-9191
43775,6203,26636
43776,-34740,-5105
43777,-947,-28643
43778,26688,9241
43779,-23476,-13280
43780,7241,-19414
43781,19520,22559
43782,-19382,18454
43783,5192,-13283
43784,30777,-5088
43785,-5060,27667
43786,-28598,-8169
43787,16450,-23517
43788,24630,14364
43789,-19392,19475
43790,26675,-14310
43791,15404,21520
43792,-25543,-1007
43793,-3013,-26594
43794,19506,10265
43795,-15302,27660
43796,-20412,-14317
43797,21562,-20451
43798,22575,24593
43799,-24517,13323
43800,-8129,-30694
43801,25651,-7138
43802,-27583,-2017
43803,13371,-21462
43804,26670,18465
43805,-23494,17433
43806,-16318,-19421
43807,22583,-13270
43808,9267,26653
43809,-24513,8217
43810,-960,-22492
43811,30769,8224
43812,-8139,28690
43813,19500,-24546
43814,19491,30735
43815,-22482,14344
43816,-10189,-21485
43817,26662,-3051
43818,2085,29703
43819,-20433,1030
43820,4141,-31722
43821,26656,5140
43822,-30673,2067
43823,-22470,-18404
43824,26669,-11230
43825,-28613,1057
43826,-1988,-29648
43827,28718,6189
43828,-11212,30750
43829,-24512,-7134
43830,8252,-20436
43831,6201,37914
43832,-21436,16402
43833,-3002,-22499
43834,29752,-6112
43835,-10179,31761
43836,10296,-28641
43837,35879,14360
43838,-9172,24588
43839,-13261,-7152
43840,35874,-16360
43841,16410,26635
43842,-22491,10
43843,-7127,-29671
43844,30746,10260
43845,-14303,32772
43846,-25554,-10231
43847,22563,-21484
43848,-20435,18443
43849,-14284,-28647
43850,27687,-6116
43851,-19407,24592
43852,-30656,15
43853,16440,-31713
43854,29738,16407
43855,-23498,18446
43856,-15298,-26597
43857,24626,-18396
43858,11309,27671
43859,-10190,-25564
43860,29732,9248
43861,-4058,32784
43862,-31690,-16360
43863,22571,-26587
43864,13349,26648
43865,-22480,23565
43866,-22469,-26598
43867,36905,-8162
43868,-3029,34829
43869,-20427,6154
43870,16429,-34789
43871,-20425,17427
43872,-21438,-22498
43873,28724,-14299
43874,9264,29719
43875,-28610,7188
43876,-10173,-32732
43877,32819,35
43878,-4043,23576
43879,-28605,-10211
43880,9279,-24535
43881,1086,30746
43882,-12220,-35796
43883,29750,-8144
43884,-4040,30753
43885,-30649,-8155
43886,7236,-30668
43887,23609,10287
43888,-19389,28705
43889,-23473,-17366
43890,28737,-19404
43891,26676,23593
43892,-32700,-2006
43893,-1979,-35780
43894,68,32812
43895,-27566,-8144
43896,18505,-30657
43897,21567,14392
43898,-8125,14385
43899,-21426,-26562
43900,23619,-24502
43901,-3003,24638
43902,-34730,2109
43903,18509,-34738
43904,31806,21572
43905,-25525,-18355
43906,17475,-25510
43907,6208,12372
43908,-34735,12366
43909,-7083,-23462
43910,19532,17490
43911,-947,34881
43912,-19369,-18358
43913,20557,-26537
43914,17477,25675
43915,-27565,20545
43916,-14246,-25522
43917,8278,32830
43918,-27548,7227
43919,29782,-35763
43920,28744,12359
43921,-17327,24635
43922,-26530,-23481
43923,24658,-14258
43924,19529,24642
43925,-32679,10301
43926,-6052,-30644
43927,26703,75
43928,-31649,-11183
43929,18518,-33694
43930,26697,23639
43931,-17326,26698
43932,-15270,-22443
43933,27725,-11173
43934,7242,32843
43935,-28584,3146
43936,3159,-31654
43937,24651,13396
43938,-19371,30789
43939,-26526,-9142
43940,18521,24638
43941,-25498,10297
43942,-3992,-35765
43943,33880,1098
43944,-9123,38967
43945,-26518,-12227
43946,10341,-24503
43947,20571,19520
43948,-15261,15417
43949,-3995,-43953
43950,18524,-19367
43951,-41871,11348
43952,2160,-29597
43953,34911,17499
43954,-12187,27726
43955,-27533,-21415
43956,16491,-19357
43957,18530,23640
43958,-30607,15441
43959,-7051,-27553
43960,23658,9307
43961,105,31820
43962,-29576,-15276
43963,25708,9296
43964,-20362,34879
43965,-12164,-27571
43966,28782,-14252
43967,11369,34883
43968,-9106,11326
43969,20580,-21431
43970,28758,6214
43971,-19360,33846
43972,-24468,-19392
43973,24672,-17335
43974,-16280,18496
43975,7269,-28594
43976,34900,-2992
43977,83,24644
43978,-28575,-17331
43979,2144,-31651
43980,11355,27728
43981,-29590,22597
43982,-11152,-37800
43983,33888,-10147
43984,7261,31822
43985,-33682,2125
43986,23651,-1970
43987,-16277,34877
43988,-24457,-4033
43989,27754,-22454
43990,28764,17474
43991,-41871,16442
43992,-9098,-29623
43993,28776,72
43994,3175,34871
43995,-24461,-4039
43996,10350,-22460
43997,-17289,22585
43998,-12163,-26554
43999,19572,-17329
44000,4210,35902
44001,-28544,11321
44002,5246,-25530
44003,32878,4164
44004,-5007,21562
44005,-17286,-16318
44006,18545,-24498
44007,20583,23619
44008,-43907,-5050
44009,33901,-7094
44010,9321,34873
44011,-29576,-9154
44012,13426,-31666
44013,27749,15431
44014,-18322,20541
44015,-17289,-19385
44016,15472,-4023
44017,3183,38966
44018,-26500,5172
44019,14453,-22465
44020,-13188,38956
44021,-28534,-10191
44022,16514,-20421
44023,20600,20529
44024,-14209,15402
44025,-3967,-26569
44026,29811,-6086
44027,6256,22575
44028,-24452,-15305
44029,18547,-25532
44030,17515,19515
44031,-18316,24623
44032,24680,-15305
44033,5222,26666
44034,-26509,2089
44035,-5002,-30664
44036,23659,5174
44037,-12175,29736
44038,-24451,-9171
44039,23666,-19401
44040,19561,21549
44041,-28553,6186
44042,-10116,-26569
44043,-899,31784
44044,-25462,-983
44045,16514,-8147
44046,32882,27680
44047,-3980,22549
44048,-8072,-25566
44049,24684,-15318
44050,5226,28700
44051,-29575,2075
44052,1144,-28631
44053,28778,5159
44054,-13199,27674
44055,17513,-22491
44056,18528,17437
44057,-25491,12311
44058,-11149,-31705
44059,33891,-5078
44060,2146,25630
44061,-29583,-9181
44062,12395,-27599
44063,20577,13355
44064,-17302,18466
44065,-18317,-14295
44066,6256,23582
44067,-21381,6171
44068,11382,-25560
44069,34917,3111
44070,-13204,23580
44071,-30597,-16348
44072,17523,-17363
44073,12397,24609
44074,-21384,11292
44075,-8068,-17371
44076,42088,8225
44077,103,26644
44078,11362,-31708
44079,21592,15389
44080,-15264,20499
44081,-14233,-16357
44082,28761,-13278
44083,13395,20504
44084,-15269,-5093
44085,-1956,-22490
44086,19539,5156
44087,-10152,30741
44088,-17311,-5096
44089,21591,19471
44090,-17312,12297
44091,-12186,-19437
44092,22619,18
44093,3162,24582
44094,-27544,-1017
44095,5222,-15345
44096,24666,13321
44097,-12192,20479
44098,-14233,-22517
44099,27738,-14318
44100,2137,21512
44101,1112,-24556
44102,27723,6161
44103,-1972,20487
44104,-11182,-8181
44105,19529,-20459
44106,14402,14350
44107,-24498,17414
44108,-16298,-17393
44109,29768,-2032
44110,-951,29698
44111,-17326,-5115
44112,16458,6146
44113,-14255,16378
44114,-19365,-23546
44115,16467,-12276
44116,10318,18435
44117,-27556,7168
44118,-931,-27634
44119,29775,4108
44120,-10156,22529
44121,-27550,-16375
44122,8286,-10226
44123,10329,17414
44124,-8099,-17393
44125,25681,2062
44126,3152,22531
44127,-22437,-12279
44128,5209,-26602
44129,20559,17422
44130,-18344,19461
44131,-9123,-12277
44132,31822,-3059
44133,9290,13319
44134,-16302,6148
44135,26693,3075
44136,-12213,21497
44137,-22442,-10241
44138,20556,-23541
44139,20546,20481
44140,-19380,11260
44141,-11182,-24567
44142,21576,-1014
44143,2119,19457
44144,-20399,0
44145,3152,-15352
44146,15433,20478
44147,-11185,-17401
44148,24643,-14322
44149,14396,25602
44150,-20410,7167
44151,1093,-19447
44152,16445,14338
44153,-5056,17402
44154,-20406,-11264
44155,18497,-14329
44156,11324,21501
44157,-24504,4092
44158,23613,-5121
44159,-3009,30705
44160,-17336,-5132
44161,15425,-19458
44162,17465,12281
44163,-12225,8182
44164,-13242,-19456
44165,17470,-10235
44166,5180,27640
44167,-24504,4087
44168,9284,-21502
44169,26679,9214
44170,-21438,-13307
44171,12348,-11253
44172,8248,16387
44173,-19390,12285
44174,-5051,-16378
44175,24633,2053
44176,1080,24569
44177,-22461,-6147
44178,7232,-18425
44179,16440,13313
44180,-16320,18424
44181,17464,-6148
44182,8244,15349
44183,-14277,3060
44184,3130,-23552
44185,25646,4094
44186,-16330,17398
44187,-22463,-14338
44188,18488,-10236
44189,17456,24568
44190,-17351,6134
44191,5175,-29691
44192,19502,2052
44193,-29635,-9207
44194,4155,-16367
44195,18482,15370
44196,-15302,17410
44197,-8130,-17397
44198,22579,-10224
44199,3122,21510
44200,-22467,1029
44201,5179,-16371
44202,18482,8201
44203,-11208,20479
44204,19503,-13306
44205,11306,17406
44206,-18381,14328
44207,-4043,-20477
44208,21547,2050
44209,-980,21496
44210,-15308,-6148
44211,9264,-15356
44212,21542,16380
44213,-13267,9208
44214,-7119,-17407
44215,18472,-8187
44216,-25547,4
44217,3124,-22513
44218,27687,5133
44219,-10196,12295
44220,-16332,-11251
44221,14381,-10222
44222,8233,18441
44223,-23499,7174
44224,-4041,-15346
44225,21549,4108
44226,-3025,24576
44227,10282,-25587
44228,13348,15366
44229,-17363,14335
44230,44,-17400
44231,19491,-7156
44232,5153,21506
44233,-16343,-1021
44234,8229,-20467
44235,19484,9225
44236,-14301,17409
44237,-20435,-18422
44238,19492,-9201
44239,-20434,6156
44240,1069,-22505
44241,22562,1046
44242,-5083,18445
44243,-24527,-15339
44244,8237,-20449
44245,14374,18454
44246,-20432,18445
44247,-8140,-20457
44248,26663,-12259
44249,-2008,18452
44250,5158,-21473
44251,16414,12313
44252,-12252,23566
44253,-16340,-10221
44254,22561,-13286
44255,10268,21520
44256,-26583,3087
44257,-5076,-20455
44258,23585,2072
44259,-7131,29706
44260,-14292,-9201
44261,15397,-17384
44262,-18386,12306
44263,-12236,-26593
44264,23593,-9180
44265,3112,21530
44266,-21453,-997
44267,8239,-19419
44268,20517,3108
44269,-8151,16412
44270,-16335,-15324
44271,21543,-10199
44272,6180,21535
44273,-5081,-22486
44274,23580,3113
44275,-3042,24605
44276,-22487,-9182
44277,14370,-21459
44278,13340,20515
44279,-19418,14364
44280,-5079,-18395
44281,21535,-3033
44282,-2016,25627
44283,-23508,-2020
44284,12326,-21465
44285,-12244,19486
44286,-15308,-16346
44287,24616,-13267
44288,11299,20515
44289,-19411,3106
44290,-978,-19412
44291,22563,6185
44292,-4059,21535
44293,-21456,-12251
44294,15401,-19409
44295,15394,22564
44296,-8154,-23504
44297,23579,-8140
44298,3098,20522
44299,-25561,-4052
44300,9251,-27590
44301,19482,12340
44302,-18397,21546
44303,-16341,-19404
44304,25631,-10183
44305,8219,25645
44306,-25560,4139
44307,-4054,-28615
44308,-4052,21551
44309,-19402,-7117
44310,13360,-18372
44311,23589,20530
44312,-17362,18473
44313,-6095,-27593
44314,23590,-5062
44315,4132,22575
44316,-25551,-3023
44317,13355,-22468
44318,23584,11319
44319,-16344,-16321
44320,21534,-13242
44321,12312,19517
44322,-25563,6202
44323,-5080,-25529
44324,27675,3142
44325,26,29752
44326,-23514,-12226
44327,15391,-20408
44328,15384,21566
44329,-23516,14391
44330,-5081,-26556
44331,1062,27703
44332,-29643,-1992
44333,12335,-24508
44334,28705,9280
44335,-16343,21558
44336,-19405,-17345
44337,23592,-10172
44338,10275,22585
44339,-25552,3128
44340,47,-26555
44341,26658,8257
44342,-24530,-15287
44343,16422,-21420
44344,21532,18507
44345,-23512,20545
44346,-7124,-25522
44347,24608,-7086
44348,4126,26693
44349,-24534,-954
44350,11301,-24494
44351,25625,15435
44352,-17374,22592
44353,-22483,-24500
44354,13351,28734
44355,-25548,5180
44356,-4042,-27574
44357,23595,8262
44358,-4051,23611
44359,-24519,-14270
44360,14386,-21427
44361,17450,23618
44362,-22475,17466
44363,-6088,-26553
44364,32808,-12211
44365,-29641,2124
44366,5173,-23464
44367,25641,10323
44368,-17358,23624
44369,-21443,-20398
44370,24625,-11176
44371,13355,21582
44372,-29638,3149
44373,-1989,-29604
44374,25647,5210
44375,-9164,30795
44376,-23488,-16301
44377,20534,19530
44378,-19392,15427
44379,-9147,-30638
44380,26680,-9129
44381,5174,32839
44382,-30651,1094
44383,12351,-26541
44384,27698,15436
44385,-16326,21570
44386,-15294,-19380
44387,27701,-13229
44388,-33722,3154
44389,-3000,-24482
44390,27707,2141
44391,-964,30798
44392,-28598,-18345
44393,15427,-21406
44394,23608,19545
44395,-21437,19536
44396,-12215,-26531
44397,25661,-6048
44398,3132,33872
44399,-24504,-5037
44400,29754,6224
44401,-20412,19527
44402,-21425,-15281
44403,24643,-18344
44404,14396,25676
44405,-25527,9288
44406,-2997,-25515
44407,30780,7250
44408,-7104,24646
44409,-29617,-12212
44410,16455,-25511
44411,-22446,24653
44412,-10153,-21416
44413,32839,-10147
44414,4165,34892
44415,-32683,-947
44416,5203,-26534
44417,28741,11349
44418,-20401,24649
44419,-18344,-15279
44420,27723,-15271
44421,18498,27724
44422,-28592,4170
44423,31809,-1973
44424,2112,29757
44425,-23476,-10174
44426,12358,-21427
44427,25658,24641
44428,-19388,19512
44429,-12214,-28602
44430,24638,-10165
44431,1085,31804
44432,-30644,1083
44433,8264,-28599
44434,-17327,28731
44435,-20389,-14270
44436,23632,-19380
44437,14409,27711
44438,-29608,3134
44439,-7076,-26549
44440,30797,1098
44441,-946,33850
44442,-26533,-14271
44443,15444,-26546
44444,22601,23619
44445,-22444,20537
44446,23625,-11201
44447,2120,32815
44448,-29609,3118
44449,6228,-28612
44450,32836,4154
44451,-15284,26669
44452,-30629,-19401
44453,24655,-20415
44454,17479,24629
44455,-29610,10288
44456,-7078,-26563
44457,89,28719
44458,-26522,-13258
44459,7267,-26557
44460,21593,22584
44461,-23451,23597
44462,-17298,-25542
44463,28768,-13247
44464,8284,30770
44465,-24472,2097
44466,6245,-30656
44467,26712,8252
44468,-18335,22577
44469,25685,-17350
44470,22602,26669
44471,-26537,9257
44472,-11171,-31687
44473,31822,-966
44474,-1969,27693
44475,-28579,-11213
44476,10328,-21442
44477,24652,24626
44478,-20394,22567
44479,-15266,-28619
44480,6235,32805
44481,-33684,6178
44482,-915,-32718
44483,35932,9262
44484,-8096,23587
44485,-20374,-12247
44486,25694,-17358
44487,16470,22567
44488,-28572,10274
44489,-12182,-24530
44490,35929,4140
44491,-4005,28702
44492,13397,-28628
44493,23626,15397
44494,-18349,21531
44495,-23457,-24537
44496,24659,-15313
44497,5201,28705
44498,-29600,7198
44499,6237,-31698
44500,29775,1069
44501,-16297,23586
44502,-29594,-20436
44503,18525,23585
44504,-28565,16409
44505,-10128,-25562
44506,32864,-2009
44507,1119,25627
44508,-29586,-9184
44509,8298,-31696
44510,23647,21542
44511,-21398,24602
44512,-20364,-23514
44513,24680,-11220
44514,11363,27679
44515,4193,-33744
44516,25685,1071
44517,-10150,24611
44518,-24474,-10200
44519,21596,-21453
44520,25680,22568
44521,-24484,12322
44522,-9119,-29647
44523,27732,-974
44524,-2986,25638
44525,-30619,-3032
44526,24665,18463
44527,-12193,20501
44528,-18328,-28637
44529,24668,-19411
44530,10327,29727
44531,-31641,7196
44532,2150,-31700
44533,26713,8232
44534,-13216,28698
44535,-19350,-12256
44536,27741,-18391
44537,16469,20511
44538,-14244,-29650
44539,29774,-3024
44540,4172,33824
44541,-29605,-991
44542,9303,-32719
44543,28745,14378
44544,-19373,24606
44545,-19363,-26581
44546,22610,-11215
44547,8270,28707
44548,-26533,7200
44549,28749,2079
44550,-9134,28689
44551,-27552,-9194
44552,18519,-23518
44553,18510,18457
44554,-25509,17425
44555,-9120,-23523
44556,30801,-4065
44557,1104,27666
44558,-30625,-8170
44559,9307,-25565
44560,24655,20505
44561,-18344,-21468
44562,22605,-14293
44563,16453,24607
44564,-22448,5149
44565,3151,-32723
44566,24643,4139
44567,-13238,31772
44568,-23466,-7136
44569,20556,-21461
44570,22593,22560
44571,-23475,16408
44572,28735,-8164
44573,-960,27663
44574,-31664,-2032
44575,6221,-24548
44576,21571,15381
44577,-9144,19468
44578,-19374,-24552
44579,22599,-20446
44580,8259,27669
44581,-29614,4115
44582,-2988,-27615
44583,24648,6174
44584,-21421,-9181
44585,18506,-24529
44586,17474,15400
44587,-24498,13346
44588,-15274,-23506
44589,25674,-6095
44590,73,30754
44591,-27561,-2013
44592,9299,-24529
44593,25671,14376
44594,-15281,17440
44595,18502,-14297
44596,7235,29721
44597,-24497,7190
44598,78,-24542
44599,26689,3105
44600,-8123,21527
44601,-22448,-12259
44602,15433,-23511
44603,15426,19488
44604,-22451,15385
44605,-8111,-22492
44606,29763,-4058
44607,-25520,-3032
44608,4174,-27594
44609,22595,11313
44610,-14262,23590
44611,-17325,-14291
44612,22600,-15307
44613,11331,24617
44614,-20403,7206
44615,76,-23502
44616,20546,5168
44617,-10169,24612
44618,16447,-21457
44619,19510,21541
44620,-17345,15390
44621,-12219,-22487
44622,21563,-6100
44623,3130,23585
44624,-22459,-2014
44625,5187,-19412
44626,23608,15397
44627,-11202,20507
44628,-16314,-19419
44629,23611,-14292
44630,-24505,9256
44631,-8117,-24524
44632,22592,3123
44633,-5053,21545
44634,-18356,-10194
44635,16452,-21447
44636,16444,15410
44637,-22457,13356
44638,-9140,-21449
44639,21570,-4039
44640,1089,26668
44641,8253,-22473
44642,21555,12337
44643,-15301,17449
44644,-20411,-18382
44645,19516,-14279
44646,9272,21551
44647,-19390,7212
44648,65,-22473
44649,26676,3126
44650,-6089,20524
44651,-21438,-11214
44652,15419,-19396
44653,-18364,15413
44654,-7096,-18370
44655,22589,-4032
44656,5179,23605
44657,-21434,-1994
44658,7235,-23486
44659,18490,13372
44660,-14271,20530
44661,-14264,-15302
44662,21566,-10177
44663,11321,22580
44664,-966,-24512
44665,20528,2111
44666,-7116,20533
44667,-21441,-9158
44668,13369,-15294
44669,17457,16442
44670,-17350,14387
44671,-8130,-21442
44672,23603,-6079
44673,-1996,19512
44674,-23488,-4038
44675,8252,-16318
44676,-10175,17466
44677,-12217,-16318
44678,20541,-16310
44679,8249,18497
44680,-23483,5183
44681,68,-22454
44682,19515,6215
44683,-4035,23612
44684,-13244,-10175
44685,16444,-15287
44686,13366,15426
44687,-11204,-17333
44688,17460,-1972
44689,2099,23617
44690,-20419,-958
44691,11320,-19380
44692,18479,10311
44693,-13258,14400
44694,-14275,-17335
44695,17461,-12209
44696,6194,20549
44697,-21443,2116
44698,2108,-21425
44699,-4034,18502
44700,-20408,-13235
44701,10307,-17322
44702,11326,18509
44703,-17337,14406
44704,-6070,-16306
44705,21568,-1969
44706,2111,22596
44707,-18360,-5049
44708,8260,-21422
44709,13374,13388
44710,-15290,-15276
44711,18493,-11174
44712,8249,20560
44713,-17342,-943
44714,3137,-18342
44715,19512,3161
44716,-6085,20559
44717,-19387,-9132
44718,12351,-16292
44719,17463,18515
44720,-17344,8271
44721,-3006,-25508
44722,-4028,18515
44723,-20402,-4011
44724,6219,-20385
44725,15428,12377
44726,-11190,17489
44727,-10161,-14248
44728,20549,-10147
44729,7234,15446
44730,-22451,3157
44731,6218,-18338
44732,19521,9306
44733,-14264,-8098
44734,11331,-12188
44735,14396,14429
44736,-21433,12375
44737,-7093,-20383
44738,16451,-926
44739,66,22615
44740,-17333,-936
44741,13381,-18335
44742,17469,12379
44743,-15291,9303
44744,-8119,-17312
44745,3144,18519
44746,-22445,6228
44747,5201,-16292
44748,22598,2139
44749,-9141,17491
44750,-17324,-16293
44751,8272,-15261
44752,8268,19546
44753,-16300,10325
44754,2131,-17314
44755,19530,3165
44756,-19372,-9118
44757,4178,-19348
44758,14411,10343
44759,-16301,19550
44760,-10152,-18329
44761,23629,-3991
44762,8265,21599
44763,-18350,-1952
44764,3153,-19350
44765,19528,5224
44766,-15280,14433
44767,-15272,-14232
44768,15441,17504
44769,-19365,5214
44770,-1956,-23446
44771,21586,105
44772,-5035,18528
44773,-19361,-7068
44774,7260,-18323
44775,15445,14438
44776,-14244,14431
44777,-4002,-20375
44778,21588,-6036
44779,-25503,1131
44780,2144,-14222
44781,20566,10349
44782,-13219,15462
44783,-15259,-13203
44784,-5016,-21384
44785,11363,-21373
44786,19546,-3963
44787,19537,8321
44788,11340,15482
44789,-2994,19569
44790,-14251,10348
44791,84,-16268
44792,19531,-7048
44793,20545,6261
44794,15418,19564
44795,-8130,22625
44796,-14267,17497
44797,-20401,-934
44798,-19367,-14239
44799,1112,-21396
44800,16464,-17291
44801,8268,-5000
44802,-11182,5238
44803,11341,2165
44804,-1970,-7047
44805,77,7286
44806,9289,-3976
44807,-12209,-4997
44808,6220,7288
44809,10311,-2950
44810,-10164,5240
44811,5194,7285
44812,1097,-11141
44813,-1974,12405
44814,-2996,-7047
44815,-11182,7286
44816,10317,16494
44817,-946,-10125
44818,-17321,3186
44819,14416,7279
44820,-943,-6030
44821,-5036,11373
44822,4178,-5008
44823,-1965,-5005
44824,5201,3186
44825,-8107,-12168
44826,-2985,6261
44827,15440,-6024
44828,-6061,-8068
44829,82,10359
44830,5200,118
44831,-1967,1141
44832,2128,10352
44833,2127,-11146
44834,-6062,3189
44835,15435,2164
44836,-2995,-11142
44837,8265,7287
44838,-1974,-10116
44839,-9137,4218
44840,11338,-901
44841,-6067,-9088
44842,3148,8316
44843,6217,-9087
44844,-10162,-6012
44845,10313,1155
44846,3144,-12151
44847,-7092,2184
44848,6217,-7028
44849,-8115,-7024
44850,1100,12426
44851,10311,-7026
44852,-12211,4236
44853,4171,11399
44854,-2995,-10100
44855,-9134,3211
44856,11341,5257
44857,-2993,-13168
44858,-11179,7309
44859,11344,4235
44860,-13225,-7025
44861,5205,7308
44862,11344,1163
44863,-6061,-6002
44864,-4011,4236
44865,9297,-883
44866,1104,-8047
44867,-4014,1168
44868,4176,10379
44869,2127,-10096
44870,-10156,1167
44871,6225,4237
44872,-1966,-7023
44873,-8106,5263
44874,6227,3214
44875,6224,-7022
44876,-10155,3217
44877,5203,7310
44878,4177,-7022
44879,-9130,-3948
44880,3157,9360
44881,5203,-8044
44882,-11175,11407
44883,7254,22660
44884,7251,-7032
44885,-8105,2183
44886,18510,5253
44887,10313,-9078
44888,-950,-9073
44889,-8114,9355
44890,9290,7304
44891,-949,-9075
44892,-12207,-882
44893,-1966,11401
44894,3153,-6004
44895,-11177,139
44896,7252,10374
44897,7249,-1913
44898,-8107,-2935
44899,-9126,1160
44900,7255,1159
44901,-1960,-8053
44902,-14241,138
44903,6236,9350
44904,10327,-2936
44905,86,-9075
44906,-6055,13447
44907,15442,2182
44908,6223,-8054
44909,-11179,137
44910,1108,9349
44911,14413,-890
44912,-2993,-12148
44913,-5038,4234
44914,2129,12420
44915,6222,-12150
44916,77,7303
44917,14406,2182
44918,-5047,-8054
44919,-4021,6279
44920,9287,-4982
44921,3142,-7026
44922,-1977,-881
44923,-10164,7308
44924,11335,3211
44925,9283,-3955
44926,-6074,-4976
44927,-7094,8332
44928,7239,13446
44929,4165,-9077
44930,5187,-12143
44931,-8121,3216
44932,1094,4238
44933,3141,7307
44934,9281,1162
44935,3136,-9073
44936,-1983,-2927
44937,-13240,144
44938,-1975,11403
44939,6214,4233
44940,10305,-9074
44941,-958,-4975
44942,-13239,-4972
44943,72,9360
44944,7237,-1903
44945,3140,-5996
44946,7233,-5993
44947,4159,-9060
44948,-3007,-5985
44949,-7099,2206
44950,-11189,13464
44951,2122,5270
44952,12356,-1897
44953,2115,-14178
44954,-7097,-16218
44955,-16305,1189
44956,-13226,7330
44957,-2984,15515
44958,8276,10390
44959,7249,9362
44960,-1966,-2924
44961,14411,-14181
44962,-948,-11103
44963,-9135,-862
44964,-9130,10397
44965,-5031,7322
44966,6230,15507
44967,-8102,4241
44968,89,-2925
44969,8277,-5994
44970,3156,-11108
44971,-8104,-5985
44972,-8100,158
44973,-7072,5276
44974,-14233,8344
44975,14432,9364
44976,12378,2195
44977,3161,-5994
44978,2136,-7014
44979,-10147,-3940
44980,-930,3227
44981,-8094,2202
44982,-2972,6295
44983,-3994,4245
44984,11361,8337
44985,7262,2192
44986,8282,-7020
44987,-5027,-9063
44988,-4001,-9058
44989,-6046,-1889
44990,-9113,-3935
44991,-7061,1184
44992,-8081,6301
44993,-3983,4251
44994,-1934,7320
44995,-3980,6293
44996,4210,4243
44997,3185,10382
44998,9325,6283
44999,10344,2186
45000,15457,3209
45001,-2973,-1910
45002,13405,2185
45003,10328,4231
45004,11347,-888
45005,4177,135
45006,16457,-8053
45007,5191,-8049
45008,6212,-4974
45009,10303,-7018
45010,13369,-8038
45011,5175,-9057
45012,12337,-4958
45013,8237,-861
45014,5163,3234
45015,2090,-10073
45016,6183,-1880
45017,8227,-2902
45018,12317,-4947
45019,12311,-8015
45020,4117,-5964
45021,3092,-1867
45022,3091,180
45023,9231,-2890
45024,4109,-11076
45025,5131,-8000
45026,4105,-3902
45027,5127,-10041
45028,8195,-5942
45029,-5114,-5939
45030,12288,-3889
45031,-3070,-9004
45032,4096,-5929
45033,5118,-7973
45034,2045,-5922
45035,3068,-10013
45036,7161,-4890
45037,5111,-3864
45038,5109,-11026
45039,1012,-12044
45040,3059,-11014
45041,6129,-15102
45042,1008,-6906
45043,3055,-4855
45044,-8204,-5876
45045,-5129,-6896
45046,-4102,4366
45047,-6146,-753
45048,-7166,-2799
45049,-16374,-1774
45050,-8178,6415
45051,-10221,-2799
45052,-12263,272
45053,-7139,-1775
45054,-8159,272
45055,2080,1295
45056,-11226,13577
45057,37,9477
45058,-4057,7426
45059,-10196,2305
45060,-4050,8445
45061,6187,1276
45062,1066,4346
45063,-2005,8438
45064,-3027,9458
45065,8233,9454
45066,2088,8426
45067,6181,2281
45068,6178,-3861
45069,5152,-4882
45070,31,-7950
45071,7196,5360
45072,10263,3311
45073,11282,3310
45074,11277,3309
45075,12295,11496
45076,10242,5350
45077,6143,11489
45078,10235,-798
45079,9207,6367
45080,11250,10458
45081,9198,4312
45082,-1041,11475
45083,6125,7376
45084,2028,9420
45085,-19,9416
45086,-18,6341
45087,-6158,10432
45088,-7178,10427
45089,-6150,2234
45090,-6146,7351
45091,-7166,-840
45092,-8186,-2886
45093,-3064,-3908
45094,-3062,-11070
45095,-2037,-9017
45096,3082,-7989
45097,1033,-7985
45098,-2038,-5934
45099,-1013,-5931
45100,-9200,-8998
45101,-6125,-3876
45102,-1004,-8991
45103,-2027,-7963
45104,20,-7959
45105,4114,-7955
45106,-1005,-3857
45107,-6122,-3855
45108,-4072,7406
45109,3095,-9997
45110,1046,-6921
45111,6163,3318
45112,10254,-7942
45113,2061,-2820
45114,12,-3842
45115,-8176,7419
45116,4110,2298
45117,13,-7938
45118,1036,-3840
45119,1035,-6908
45120,3082,-7928
45121,-5107,-7924
45122,-5104,-5873
45123,-6125,-1776
45124,-7145,3343
45125,-7141,1294
45126,-996,2317
45127,-2019,13575
45128,-4065,4357
45129,-992,11520
45130,1055,255
45131,4125,7420
45132,1052,15605
45133,10263,8433
45134,11282,7406
45135,12300,237
45136,11,-6927
45137,-1012,-11017
45138,-1011,-7941
45139,-6128,-2819
45140,-9195,-3841
45141,-11237,4349
45142,-8161,7418
45143,-6110,2297
45144,33,9461
45145,4127,8433
45146,1054,10476
45147,11289,-2834
45148,5143,-1809
45149,3094,-7949
45150,-6119,-4874
45151,-5092,-6918
45152,-3042,-4867
45153,-7134,-4864
45154,-6107,4350
45155,-9174,-769
45156,6183,2302
45157,38,8442
45158,5156,249
45159,5154,-774
45160,5152,-7938
45161,-2015,-8957
45162,-990,-6905
45163,-7130,-8948
45164,-7126,5386
45165,-7122,-3828
45166,-8142,267
45167,-4044,3338
45168,-1995,8454
45169,5171,10497
45170,9263,1280
45171,2094,-3838
45172,4140,-11000
45173,2091,-8947
45174,-5074,-3825
45175,-4048,2318
45176,-11210,-1777
45177,-3016,2318
45178,-4038,12552
45179,57,7429
45180,11316,9473
45181,14381,-1790
45182,3116,-7930
45183,2091,-8949
45184,-5074,-4850
45185,-977,-3824
45186,-976,-2798
45187,1071,1297
45188,-10188,1296
45189,-17347,5390
45190,1084,7435
45191,59,6408
45192,6200,14593
45193,8244,-2813
45194,7217,-5882
45195,-1998,-6902
45196,2097,-10992
45197,-4045,-751
45198,-7113,-3821
45199,-9156,5393
45200,-4034,11532
45201,6203,7433
45202,7224,4359
45203,7221,262
45204,4147,-5879
45205,-8137,1288
45206,-8133,13570
45207,6200,10493
45208,10291,3324
45209,7216,-5889
45210,-1999,-4862
45211,-14280,-1789
45212,-7108,4353
45213,1083,10492
45214,7224,4346
45215,4150,-5891
45216,-969,-2817
45217,-7109,-1792
45218,5177,6397
45219,6198,12535
45220,7219,2294
45221,1074,-5895
45222,-5067,-2821
45223,-7111,4345
45224,-966,11508
45225,6199,1267
45226,5173,-6921
45227,-7111,-1800
45228,7222,8436
45229,11313,3315
45230,9261,1266
45231,7210,-6922
45232,-981,-5895
45233,-2004,-3845
45234,4138,9463
45235,1065,7412
45236,4135,7409
45237,9251,-2829
45238,6176,-5898
45239,-6109,-2824
45240,-5082,5366
45241,37,13552
45242,10272,6381
45243,3103,-5904
45244,-5086,-5901
45245,-7130,-780
45246,-2009,6385
45247,1062,9453
45248,37,3308
45249,2084,-3858
45250,-7128,-2832
45251,-6101,5358
45252,2090,10473
45253,8230,232
45254,8226,-1815
45255,2081,-7955
45256,-990,-6927
45257,-12248,2288
45258,-8148,6381
45259,43,3308
45260,4137,9448
45261,10276,1255
45262,1059,-5910
45263,1058,-2836
45264,-5083,4330
45265,-10198,1257
45266,-8146,3304
45267,-5071,2279
45268,3120,9443
45269,8236,4321
45270,10279,9437
45271,5157,2268
45272,4131,1243
45273,6176,-804
45274,1055,-2850
45275,-3039,-14107
45276,-3037,-6935
45277,-5082,-6931
45278,-7126,-2833
45279,-6099,2286
45280,-5072,3309
45281,-10187,2284
45282,-3017,8424
45283,-3015,8420
45284,-8131,2275
45285,4155,226
45286,5177,-797
45287,56,-796
45288,7221,2275
45289,8241,2274
45290,4143,225
45291,6188,-4892
45292,17444,-795
45293,9248,-794
45294,6173,229
45295,5147,-794
45296,7192,2277
45297,3095,-8982
45298,4117,-3860
45299,1044,-7952
45300,3091,-783
45301,7184,1264
45302,8204,-3854
45303,11271,1265
45304,6,2288
45305,10241,8428
45306,9213,3307
45307,7162,4329
45308,6136,-1814
45309,6134,-789
45310,11249,3306
45311,6127,233
45312,8172,2280
45313,2027,1255
45314,3050,5349
45315,1001,9441
45316,-6163,6366
45317,-7183,4316
45318,-5132,1243
45319,-8199,-8992
45320,-4100,-3870
45321,-1027,-4891
45322,3068,-4888
45323,1019,-3862
45324,10231,6375
45325,2038,5349
45326,-2056,9441
45327,-4101,8413
45328,-5122,2268
45329,-1025,2267
45330,-2047,-6945
45331,-4093,-4894
45332,3074,-2844
45333,5120,227
45334,0,4321
45335,7165,8413
45336,-3073,8409
45337,-5118,5335
45338,-8186,2262
45339,-8182,-4903
45340,-1013,-1830
45341,4105,-2852
45342,5127,-3874
45343,5125,-4895
45344,17405,1248
45345,6139,-799
45346,6137,8413
45347,2040,7386
45348,-8195,8406
45349,2044,2261
45350,-4097,-2857
45351,-4094,-5926
45352,3073,-6946
45353,4095,-3872
45354,-2047,-7964
45355,9213,-795
45356,7162,6370
45357,4089,8414
45358,-1030,6363
45359,-6146,-804
45360,-5119,3291
45361,-5116,-1828
45362,-3066,-4897
45363,2053,-3871
45364,5123,-1822
45365,2,-3868
45366,-3068,-3866
45367,3075,-2840
45368,6144,-3862
45369,12282,233
45370,8183,-1814
45371,9203,1257
45372,8176,3304
45373,2031,3303
45374,4078,5349
45375,-17,11488
45376,-10251,6365
45377,1012,4315
45378,-3082,5337
45379,-9,7382
45380,-1032,6355
45381,-3078,4305
45382,-10240,8397
45383,-4094,-1842
45384,-3068,13512
45385,-3066,8388
45386,-1017,6337
45387,3078,11452
45388,2053,7353
45389,9217,3256
45390,6142,-5957
45391,3069,-836
45392,8186,-2882
45393,6136,-3904
45394,5110,-1855
45395,2037,-4924
45396,6131,-6968
45397,-1036,-2870
45398,2035,-3892
45399,2034,-7984
45400,-7178,207
45401,-4103,3278
45402,-2053,8394
45403,1018,5320
45404,5112,8388
45405,7157,3267
45406,7154,2242
45407,4081,-2876
45408,3056,-827
45409,4079,-6967
45410,-16,-9010
45411,-4109,205
45412,-4106,14534
45413,1013,197
45414,8178,5315
45415,9198,-1852
45416,3053,-7992
45417,-4112,2247
45418,2031,1222
45419,-4110,5316
45420,2033,5314
45421,5103,2241
45422,7148,-4924
45423,-7184,5314
45424,5102,-829
45425,-4111,8383
45426,3056,4285
45427,7149,-4928
45428,2028,-4925
45429,-6160,-6969
45430,2031,3270
45431,-4110,12480
45432,-13,4286
45433,4082,3261
45434,5104,-1858
45435,1007,-3904
45436,-1040,191
45437,-1039,4285
45438,-6155,4283
45439,-1034,4281
45440,-9,8373
45441,6133,4275
45442,8178,-3915
45443,9198,-5960
45444,2029,-1863
45445,-18,-6979
45446,-5135,2236
45447,-4108,6329
45448,2035,2232
45449,1010,5302
45450,4081,2229
45451,8174,180
45452,2029,-3914
45453,2028,-2888
45454,-7184,183
45455,-4109,-3911
45456,-8200,4279
45457,-1031,2230
45458,3064,6323
45459,11251,4273
45460,6129,-846
45461,6127,177
45462,7148,176
45463,11239,1199
45464,10211,-3919
45465,-28,-5964
45466,-1051,-6984
45467,-2073,-2886
45468,-8212,5304
45469,3051,2231
45470,-7185,182
45471,-4110,181
45472,-5131,-842
45473,-7175,1205
45474,-7171,1204
45475,-1026,2227
45476,-2048,-844
45477,-4094,3251
45478,2049,-1868
45479,-2046,1203
45480,-5115,178
45481,-3065,7343
45482,-2040,5293
45483,-3062,3244
45484,9,4266
45485,-5108,1193
45486,-1011,-1878
45487,-3057,1193
45488,-3055,-3925
45489,-6124,170
45490,-1003,-853
45491,-2026,-1876
45492,-6119,-851
45493,-5092,-850
45494,-2019,-5967
45495,-3041,-4940
45496,30,-5961
45497,29,-3911
45498,5147,1208
45499,5145,183
45500,5143,3254
45501,1046,6323
45502,-4072,3250
45503,-6117,6319
45504,-5090,4269
45505,-6111,172
45506,-6108,-851
45507,-987,6314
45508,-5080,-5971
45509,6181,-850
45510,2084,-3920
45511,7201,-3918
45512,3104,1201
45513,3103,2224
45514,4125,-2894
45515,28,2225
45516,2075,5295
45517,2074,7340
45518,25,6313
45519,-5092,5287
45520,-3042,9379
45521,-4064,162
45522,-3038,-3932
45523,1057,-5977
45524,4127,-4950
45525,9243,-1877
45526,4121,5289
45527,7190,-854
45528,6163,5288
45529,2066,3239
45530,6159,8355
45531,-2032,2210
45532,-4078,-3932
45533,17,-4953
45534,6158,-2903
45535,6155,168
45536,-3059,5286
45537,-4081,3237
45538,-6126,4259
45539,-2029,-3931
45540,3090,-2905
45541,7183,1190
45542,2062,5284
45543,-5103,4258
45544,-4077,-861
45545,18,162
45546,7183,-4955
45547,7180,3236
45548,1035,6305
45549,-2036,3232
45550,-6129,9372
45551,-8173,1179
45552,-1004,-4962
45553,-1003,-5983
45554,2068,-862
45555,8208,7327
45556,15,5277
45557,-5102,1180
45558,-3052,-3938
45559,-2027,-8030
45560,-2026,-3932
45561,3093,-2906
45562,12303,3237
45563,3086,5283
45564,-3056,7328
45565,-6125,1183
45566,-2028,-1888
45567,-1003,-2910
45568,6162,-7002
45569,-4076,-1881
45570,2067,7332
45571,-4075,4258
45572,-6120,-861
45573,-5093,-860
45574,26,163
45575,7191,2210
45576,4117,161
45577,4115,4255
45578,18,6300
45579,-5099,1179
45580,-5096,3226
45581,23,-4963
45582,4117,-2913
45583,6162,1182
45584,4112,3229
45585,3087,5275
45586,-4079,5273
45587,-4077,2200
45588,18,-3942
45589,6159,-2916
45590,2062,1179
45591,13,4249
45592,-1010,5271
45593,-5103,150
45594,-3053,-1897
45595,3090,-8037
45596,1041,-1892
45597,16,-4961
45598,5134,-3935
45599,-3056,160
45600,-5101,1183
45601,-4075,-3935
45602,2068,-1886
45603,4114,-861
45604,7183,-3931
45605,-1008,-3929
45606,-5101,2214
45607,-5098,4260
45608,-4072,163
45609,-4070,-8025
45610,-5091,-6997
45611,3100,-3923
45612,4122,-1874
45613,4120,2221
45614,-2023,5291
45615,-5092,9383
45616,-6113,2214
45617,-5086,2213
45618,-3036,-3929
45619,-987,1190
45620,2084,-3928
45621,3107,-1879
45622,4129,3240
45623,32,5286
45624,-2015,4260
45625,-5084,1187
45626,3107,-2907
45627,3106,-2905
45628,4128,3238
45629,1055,4260
45630,3102,3235
45631,-6111,4257
45632,-3037,-862
45633,1058,-3932
45634,5152,163
45635,4126,5281
45636,-3040,3232
45637,-3038,-863
45638,1057,-3933
45639,5151,4257
45640,1054,4255
45641,-2017,1182
45642,-6110,1181
45643,-989,-3937
45644,3106,-3935
45645,-989,1184
45646,-2012,2207
45647,-987,-4958
45648,4131,-861
45649,9247,2210
45650,-2016,5280
45651,-4062,-2910
45652,3105,-1885
45653,3104,-1884
45654,6173,3235
45655,-5088,162
45656,-991,-1885
45657,7198,-860
45658,3101,6305
45659,3100,1184
45660,-4066,-2910
45661,2077,-861
45662,5147,4257
45663,-996,3232
45664,-2019,-863
45665,1052,-5980
45666,3099,1187
45667,2074,4257
45668,-2021,2208
45669,-996,-4957
45670,2075,-2907
45671,2074,5283
45672,-3044,1186
45673,-2019,-2908
45674,1052,-2906
45675,6169,2213
45676,2072,4259
45677,-4070,-860
45678,25,-2906
45679,3096,-3928
45680,3095,2215
45681,4117,2214
45682,-3049,1189
45683,-3047,-5976
45684,6166,-1879
45685,3093,168
45686,3092,2215
45687,-2027,2214
45688,-1002,1189
45689,-1001,-4952
45690,4117,-3926
45691,5139,5288
45692,-1004,3239
45693,-5097,1190
45694,-2024,-4951
45695,2071,-2901
45696,3094,2218
45697,-2025,-8018
45698,-1000,1197
45699,-4070,1196
45700,-2021,-3922
45701,3098,1197
45702,5144,172
45703,-2023,6313
45704,-4069,2216
45705,-996,-3926
45706,1051,1193
45707,4121,4263
45708,3096,3238
45709,-3046,1189
45710,-997,-3929
45711,-996,-1880
45712,3099,-3926
45713,2074,1193
45714,1049,5287
45715,-4069,166
45716,-2020,-1881
45717,5146,-4950
45718,6167,1193
45719,4117,168
45720,-3049,2215
45721,-2024,-856
45722,-999,-1879
45723,2072,-2901
45724,3095,3242
45725,1046,3241
45726,-3048,2216
45727,-3046,-1879
45728,1049,-3925
45729,2072,3242
45730,23,4264
45731,-3047,1191
45732,-3045,166
45733,26,-857
45734,5144,-856
45735,9236,-855
45736,-3050,5287
45737,-1001,4261
45738,-3047,-858
45739,3096,-3928
45740,2071,-1879
45741,2070,5287
45742,-6119,6308
45743,-5092,-7000
45744,2075,-1879
45745,6168,168
45746,3095,5286
45747,-4071,4260
45748,-3045,-3930
45749,1050,-2904
45750,4120,1191
45751,-999,6308
45752,-3045,163
45753,26,-4954
45754,4120,165
45755,3095,7330
45756,-3047,2209
45757,-5092,1184
45758,3099,-863
45759,4121,-862
45760,1048,4256
45761,-3046,2207
45762,-2021,-2911
45763,4121,-862
45764,1048,4256
45765,-3046,1183
45766,-2021,-1888
45767,4121,-1887
45768,4119,5279
45769,-1000,3230
45770,-5093,-865
45771,3098,-1888
45772,3097,1183
45773,-3045,5277
45774,-3043,-866
45775,2076,-2912
45776,1051,3231
45777,-996,1182
45778,-4066,157
45779,3101,-2913
45780,5147,2206
45781,1050,5276
45782,-5091,-1891
45783,3100,156
45784,4122,5274
45785,-3044,2201
45786,27,-2917
45787,-996,-1892
45788,1051,4250
45789,26,-2916
45790,3097,3227
45791,-998,3226
45792,-5091,-1893
45793,28,2202
45794,-2019,3225
45795,28,-2917
45796,3099,154
45797,26,3225
45798,-997,-2917
45799,1050,4249
45800,-3044,-1894
45801,5146,1177
45802,-997,2200
45803,-3043,-871
45804,4123,-870
45805,-3043,3225
45806,-994,-2917
45807,4124,2202
45808,-4066,-869
45809,3101,-868
45810,-994,4250
45811,-993,-2916
45812,2078,2203
45813,-4064,3226
45814,-4062,-1893
45815,5152,154
45816,-991,3225
45817,32,-3941
45818,3103,1178
45819,-2016,4248
45820,31,-1895
45821,4125,3224
45822,-3041,-871
45823,2078,-2917
45824,3101,3226
45825,-3041,4248
45826,-2016,-1895
45827,3103,-870
45828,2078,3225
45829,-4064,4247
45830,1055,150
45831,5149,-1897
45832,-994,7316
45833,-4064,147
45834,-991,-876
45835,2080,5266
45836,-3038,3217
45837,-5083,-878
45838,1060,-2924
45839,5154,2195
45840,-989,3218
45841,-2012,1169
45842,2083,-3949
45843,4129,146
45844,1056,4240
45845,-5085,2191
45846,-2012,-2927
45847,1059,144
45848,4129,143
45849,3104,3214
45850,-991,4236
45851,-3037,-883
45852,3106,-882
45853,2081,2189
45854,-990,5259
45855,-989,-1908
45856,1058,-883
45857,3105,2188
45858,-2014,1163
45859,-989,-2931
45860,1058,-1906
45861,3105,1165
45862,-3037,3212
45863,34,-1907
45864,4128,1164
45865,31,4234
45866,-2016,-1909
45867,2079,-2931
45868,2078,2188
45869,-2017,2187
45870,30,-2931
45871,3101,2188
45872,3100,5258
45873,1051,1161
45874,26,-3957
45875,4120,3210
45876,-3046,4232
45877,-997,-2934
45878,-2020,-1909
45879,27,1162
45880,-996,-1909
45881,3099,138
45882,-2020,4232
45883,-4066,135
45884,2077,134
45885,2076,4228
45886,-5089,-891
45887,2078,132
45888,29,5250
45889,-2018,-2940
45890,3101,2179
45891,-994,-1916
45892,3101,131
45893,-2018,4225
45894,3101,-1918
45895,4123,1153
45896,-996,3200
45897,2075,-1919
45898,1050,4223
45899,25,-896
45900,2072,2175
45901,-2023,1150
45902,2072,-897
45903,1047,3198
45904,-2024,-897
45905,3095,-896
45906,1046,4222
45907,-2025,-897
45908,3094,-896
45909,1045,3199
45910,-1002,-1920
45911,4116,1151
45912,-1003,2174
45913,20,-1921
45914,4114,-1920
45915,1041,2175
45916,-2030,-3967
45917,3089,1152
45918,2064,1151
45919,-3054,1150
45920,2065,125
45921,2064,3196
45922,-3054,123
45923,3089,-900
45924,2064,1147
45925,15,-1924
45926,2062,-899
45927,2061,2172
45928,-3057,123
45929,-2032,122
45930,3087,-1925
45931,2062,2170
45932,-4080,4216
45933,1039,119
45934,2062,-904
45935,3085,3191
45936,-1010,1142
45937,2061,4212
45938,12,-1931
45939,1035,1140
45940,-2036,2163
45941,-1011,-908
45942,1036,-907
45943,4106,116
45944,1033,4210
45945,-3061,-909
45946,10,114
45947,2057,-909
45948,8,2162
45949,-2039,-909
45950,1032,-1932
45951,5126,1139
45952,2053,3186
45953,-1018,2161
45954,5,-1934
45955,3076,-909
45956,3,1138
45957,-2044,113
45958,1027,-910
45959,3074,1137
45960,-1021,2160
45961,-2044,-2958
45962,2051,-909
45963,-1020,114
45964,17404,10349
45965,-20473,19556
45966,-15345,-20370
45967,29697,1133
45968,-3069,40026
45969,-7161,-6051
45970,7172,-29588
45971,17404,10343
45972,-12285,17503
45973,-21490,-7069
45974,25602,-14230
45975,-22515,15459
45976,-12269,-26512
45977,21513,-6029
45978,-10226,17515
45979,-26597,-7057
45980,10262,-8077
45981,19469,25703
45982,-18410,17503
45983,-6119,-27539
45984,33801,-1938
45985,8197,23651
45986,-24559,-1948
45987,30722,6241
45988,-9209,27732
45989,-9204,-15268
45990,25600,-19354
45991,8188,15455
45992,-19450,6236
45993,-8182,-22425
45994,24574,-5014
45995,-1,21600
45996,-15353,-2974
45997,10242,-28560
45998,-15350,12394
45999,-11248,-24458
46000,19463,-3976
46001,7172,26731
46002,-18419,11366
46003,8201,-26509
46004,22526,11374
46005,-7166,17510
46006,-10233,-17297
46007,16383,-17288
46008,7164,23661
46009,-33779,8297
46010,28671,4199
46011,-7165,30808
46012,-26608,-8100
46013,12298,-20378
46014,25598,11361
46015,-15354,16473
46016,-10229,-20381
46017,27646,1122
46018,-3072,38991
46019,-15352,-6062
46020,7173,-28576
46021,-17394,26707
46022,-25573,-14246
46023,16403,-15262
46024,14348,27733
46025,-14317,10320
46026,4113,-32672
46027,29699,-3998
46028,-8185,3169
46029,-24557,-20373
46030,16395,-21386
46031,24575,14447
46032,-19447,20581
46033,22526,-6040
46034,4093,16480
46035,-25590,2143
46036,1033,-28563
46037,17409,13415
46038,-16375,26714
46039,-8179,-16286
46040,32765,-9113
46041,11256,19550
46042,-25595,9306
46043,-2042,-26521
46044,8194,24667
46045,-23538,90
46046,28672,-9121
46047,23541,13401
46048,-20480,13395
46049,-14329,-28575
46050,33783,-9114
46051,-4102,24666
46052,-26616,-2980
46053,25596,-10143
46054,2043,27732
46055,-27639,-1963
46056,28667,6226
46057,-11263,21576
46058,-28657,-19374
46059,17415,-15270
46060,14336,23631
46061,-25587,9291
46062,-4081,-28583
46063,25603,4183
46064,-9208,25675
46065,-24556,-15277
46066,12302,-26528
46067,-22503,30801
46068,-13280,-19365
46069,21526,-13214
46070,5140,28756
46071,-26591,5202
46072,32,-24482
46073,29714,9306
46074,-14311,23631
46075,-16351,-17320
46076,24597,-12194
46077,20491,25682
46078,-27623,8270
46079,28683,-1969
46080,1034,29761
46081,-23530,-9146
46082,15375,-29611
46083,23556,16461
46084,-23536,19524
46085,-10219,-24496
46086,29703,-9131
46087,4101,27720
46088,-35817,5190
46089,1046,-24494
46090,-13283,28740
46091,-23511,-16308
46092,14370,-18347
46093,18457,28743
46094,-22492,12353
46095,-10199,-28593
46096,27676,-944
46097,-995,34879
46098,-26582,-7101
46099,17442,-26544
46100,21528,19527
46101,-23516,21565
46102,24600,-21432
46103,9236,25660
46104,-29661,5178
46105,9247,-24506
46106,35854,4164
46107,-16362,22585
46108,-24542,-19389
46109,22551,-19379
46110,20493,29759
46111,-26598,11322
46112,-5091,-25529
46113,-2018,28729
46114,-22487,-9154
46115,6182,-29619
46116,22555,14406
46117,-19419,25658
46118,-16339,-24506
46119,27680,-17329
46120,7197,28737
46121,-30676,3136
46122,6185,-25523
46123,29723,8265
46124,-19419,28731
46125,18460,-18364
46126,17428,26679
46127,-24544,9267
46128,-9179,-33724
46129,30742,-5049
46130,-3048,32823
46131,-25563,-13250
46132,12319,-32690
46133,18454,14407
46134,-20448,20541
46135,-10203,-23479
46136,11296,28731
46137,-32720,1082
46138,1071,-28600
46139,31776,7237
46140,-16344,25657
46141,-25547,-10178
46142,16429,-21431
46143,19492,25661
46144,-26575,8249
46145,-8139,-33718
46146,26664,-1973
46147,-5077,35898
46148,9255,-28600
46149,26650,16448
46150,-16350,24628
46151,-17365,-17347
46152,25631,-13244
46153,6172,32820
46154,-30677,6193
46155,42,-24515
46156,36888,10296
46157,-12258,27691
46158,-29651,-24521
46159,24609,23596
46160,-27601,9256
46161,-15305,-29641
46162,31784,1078
46163,2087,33830
46164,-20431,-5079
46165,16425,-28617
46166,23582,17455
46167,-27604,25635
46168,-20426,-26576
46169,33830,-13257
46170,2085,35878
46171,36,-26573
46172,31765,2098
46173,-12261,20520
46174,-29654,-13265
46175,18465,-22470
46176,24597,22575
46177,-24543,12329
46178,-13272,-30664
46179,29722,-6085
46180,-2021,33835
46181,-27607,-8145
46182,26652,10282
46183,-15324,27677
46184,-19410,-15323
46185,28704,-18386
46186,7197,24610
46187,-36817,6175
46188,-2000,-34768
46189,33824,1071
46190,-9179,23588
46191,-30668,-9175
46192,17452,-24523
46193,21538,23594
46194,-10201,-33733
46195,29721,-6082
46196,-2022,34861
46197,-26585,1068
46198,8227,-28614
46199,23576,19505
46200,-16352,30754
46201,-16344,-23506
46202,25628,-18377
46203,6169,29737
46204,-33750,3112
46205,33818,4134
46206,-5091,29720
46207,-31699,-13281
46208,19492,-23509
46209,25624,16419
46210,-18399,17435
46211,-10202,-26584
46212,23579,-7124
46213,1050,32796
46214,-26585,-4066
46215,9251,-34769
46216,20505,19494
46217,-22492,-21455
46218,21530,-19397
46219,9238,26670
46220,-26589,10281
46221,3106,-27593
46222,31763,2102
46223,-4075,21548
46224,-31707,-6097
46225,19484,-20423
46226,24592,28715
46227,-25571,15396
46228,30734,-3034
46229,6155,29720
46230,-27623,23
46231,4119,-27611
46232,21517,13343
46233,-22504,27666
46234,-16352,-20452
46235,31761,-22489
46236,10252,26650
46237,-33763,6167
46238,-5088,-29658
46239,30737,5156
46240,-30688,-8152
46241,17432,-22477
46242,24588,20521
46243,-21481,19488
46244,-16353,-30673
46245,27666,-10188
46246,2065,35875
46247,-30688,-3035
46248,7197,-27597
46249,28687,17451
46250,-14314,27678
46251,22539,-24534
46252,9223,20512
46253,-26604,17432
46254,-2027,-26587
46255,28679,4131
46256,-3063,33811
46257,-24555,-9192
46258,23562,-22493
46259,25598,19482
46260,-22518,16402
46261,-17389,-28640
46262,23560,1055
46263,-27626,2078
46264,6163,-29651
46265,21513,12327
46266,-19437,27674
46267,-24545,-23514
46268,22548,-17361
46269,11279,26658
46270,-21478,13340
46271,1049,-28630
46272,27660,4136
46273,-6129,20510
46274,15368,-22487
46275,25596,21535
46276,-21497,24595
46277,-14322,-22498
46278,27649,-6111
46279,6142,29715
46280,-26612,-2028
46281,3083,-28638
46282,23552,10269
46283,-17399,26640
46284,-17390,-17383
46285,21512,-19421
46286,-22509,10270
46287,-1004,-27604
46288,25608,-2003
46289,-10227,27680
46290,-28645,-3038
46291,16403,-19412
46292,24583,19491
46293,-19439,17435
46294,-12265,-30678
46295,22540,-8146
46296,4106,28704
46297,1033,-25555
46298,25597,11304
46299,-8190,31769
46300,-18421,-20445
46301,20481,-19411
46302,12283,23586
46303,-28662,10269
46304,-3060,-29652
46305,30717,-979
46306,-3073,33821
46307,-26611,-10206
46308,20483,-23506
46309,-19443,16422
46310,-14316,-20432
46311,20490,-6093
46312,9222,27686
46313,-25581,-3032
46314,5137,-28618
46315,28675,5172
46316,-13302,23593
46317,-19436,-22476
46318,18443,-16324
46319,11270,22577
46320,-6135,-25538
46321,30714,-5055
46322,-1029,21559
46323,-28662,-8133
46324,13316,-22458
46325,20474,19517
46326,-24569,19508
46327,-13298,-19394
46328,27649,-5055
46329,6142,24629
46330,-22518,-1994
46331,5128,-28604
46332,-11250,25656
46333,-17385,-17343
46334,22540,-18358
46335,13318,22591
46336,-20464,12345
46337,-3054,-26554
46338,20488,-5047
46339,-8180,25661
46340,-22505,-7103
46341,13329,-18358
46342,22534,19521
46343,-14323,-22452
46344,26624,-15276
46345,5118,23625
46346,-25589,72
46347,3082,-19374
46348,23551,11341
46349,-9212,24641
46350,-16372,-16311
46351,21506,-17326
46352,14331,22599
46353,-26615,9283
46354,-3061,-23473
46355,-2036,24643
46356,-22505,-4027
46357,15376,-20401
46358,21510,13385
46359,-17393,13379
46360,-11243,-17332
46361,16397,-6065
46362,5131,26690
46363,-21482,2113
46364,7187,-24499
46365,24583,9289
46366,-24557,-16303
46367,15372,-18342
46368,11271,17490
46369,-21486,7247
46370,-4076,-21414
46371,25608,-2980
46372,-1015,21586
46373,-25578,-6059
46374,11281,-20385
46375,18440,17495
46376,-20462,16463
46377,-13287,-18344
46378,7190,20558
46379,-20448,77
46380,3103,-26534
46381,21525,6231
46382,-12261,20557
46383,-20443,-12205
46384,20507,-14246
46385,14356,21584
46386,-18403,9292
46387,-2018,-24488
46388,24594,-4006
46389,-19428,-6051
46390,13334,-14236
46391,23563,15453
46392,-15341,15446
46393,-9192,-18337
46394,20494,-7069
46395,4108,20569
46396,-23528,2136
46397,1047,-18335
46398,18446,10332
46399,-9197,20562
46400,-13286,-15270
46401,11285,18513
46402,-18402,9293
46403,-3040,-21416
46404,21526,4182
46405,-2025,23627
46406,-18400,-8113
46407,12314,-15273
46408,17426,13393
46409,-18405,12363
46410,-9184,-17324
46411,19479,-2986
46412,-21470,1109
46413,7199,-21408
46414,21525,6237
46415,-7143,14422
46416,-18398,-15266
46417,13340,-10141
46418,10263,21593
46419,-15329,4183
46420,2078,-20383
46421,23571,3168
46422,-6122,18519
46423,-18401,-10148
46424,16407,13398
46425,-14306,16462
46426,-9181,-16298
46427,24599,-7078
46428,2070,19537
46429,-20448,-942
46430,3103,-21411
46431,19478,8281
46432,-12260,20559
46433,-16348,-16297
46434,18459,-9124
46435,-18396,7257
46436,1059,-20381
46437,20505,2146
46438,-6116,24662
46439,-15324,-4008
46440,12318,-12194
46441,17430,11353
46442,-13283,15442
46443,-5088,-20388
46444,16408,-7072
46445,23,21590
46446,-23517,-2984
46447,19482,8276
46448,-6115,12366
46449,-11229,-14251
46450,16411,-14244
46451,9239,18515
46452,-19423,6224
46453,-3037,-18343
46454,19482,5207
46455,-6115,24651
46456,-17370,-12207
46457,14367,-17318
46458,-19415,9302
46459,-7123,-18337
46460,16421,-8093
46461,6178,28757
46462,-19412,-938
46463,8232,-20384
46464,20510,4190
46465,-12252,15447
46466,-9175,-17312
46467,18464,-6045
46468,6173,18522
46469,-15323,3161
46470,21531,2136
46471,-5090,20558
46472,-18393,-10157
46473,8227,-17316
46474,12317,16468
46475,-20441,12366
46476,-8149,-20392
46477,19490,-4006
46478,-3036,15443
46479,-19410,-9128
46480,8234,-20382
46481,-15310,15451
46482,-12232,-13214
46483,24620,-8090
46484,9256,19549
46485,-21453,3164
46486,3122,-17307
46487,18473,7266
46488,-8147,18521
46489,-21448,-9122
46490,12338,-13211
46491,17450,19548
46492,-15310,12374
46493,13356,-11172
46494,43,20562
46495,-21450,-6059
46496,10289,-16291
46497,15402,13399
46498,-10193,9299
46499,-6094,-17316
46500,21544,-6049
46501,6181,19542
46502,-20433,3157
46503,46,-15267
46504,-9165,23634
46505,-13254,-13223
46506,12340,-12193
46507,4146,14424
46508,-25537,7253
46509,-5054,-19361
46510,19513,94
46511,-6084,18517
46512,-25527,-5032
46513,11332,-14241
46514,21562,11354
46515,-21435,13396
46516,19516,-2986
46517,3131,22603
46518,-20411,3146
46519,-954,-17325
46520,29752,-940
46521,-6085,16460
46522,-19387,-15276
46523,17469,-17315
46524,15414,19540
46525,-20416,1107
46526,3135,-18340
46527,62,16468
46528,-20408,-2986
46529,12354,-19360
46530,17466,11355
46531,-17341,18514
46532,-10168,-6059
46533,24636,-8103
46534,4154,25677
46535,-23482,-1970
46536,69,-25509
46537,23610,10326
46538,-14271,21580
46539,18488,-11182
46540,5174,20552
46541,-14275,2119
46542,-1986,-22446
46543,24626,-6059
46544,-11208,26696
46545,-16320,-7092
46546,13370,-15276
46547,17458,18507
46548,-16326,16451
46549,-12224,-17332
46550,63,23617
46551,-23477,-3005
46552,-2995,-19379
46553,28735,12359
46554,-15289,18494
46555,-16305,-17337
46556,20549,-12211
46557,7234,15430
46558,-21427,4164
46559,1100,-25519
46560,24640,3152
46561,-7100,25668
46562,11327,-28590
46563,17463,15435
46564,-23485,17475
46565,-20403,-16309
46566,24641,-8113
46567,1088,23620
46568,-21429,-1979
46569,5193,-24495
46570,27708,8269
46571,-13245,9289
46572,-19379,-17326
46573,14406,24646
46574,-14259,5188
46575,3148,-24496
46576,31805,-4014
46577,-8127,25670
46578,-19381,-3000
46579,19522,-20398
46580,10301,15435
46581,-24503,16451
46582,-13232,-12215
46583,32832,-8115
46584,-5053,28735
46585,-5050,-28595
46586,27705,12359
46587,-12225,16447
46588,-25524,-11195
46589,20546,-16307
46590,20536,22594
46591,-9155,7231
46592,-4033,-29618
46593,24627,3149
46594,-9160,23618
46595,-25531,-957
46596,23610,23608
46597,-5059,15409
46598,-13244,-16327
46599,25656,-6084
46600,-6085,17460
46601,-36787,51
46602,1100,-24513
46603,30781,12345
46604,-1986,27692
46605,-12220,-21449
46606,19515,-25532
46607,8247,20538
46608,-3015,-26553
46609,27692,7236
46610,-5073,29750
46611,-27587,-12228
46612,14390,-25527
46613,10289,23614
46614,-24515,11321
46615,-34738,-14272
46616,17478,-1983
46617,2117,28723
46618,-27565,-11207
46619,25671,11316
46620,-8117,24616
46621,-24489,-17359
46622,14416,-24515
46623,17480,23602
46624,-18351,16426
46625,-1966,-26569
46626,30787,1078
46627,-11191,19501
46628,-17326,-10190
46629,15435,-21443
46630,20545,17461
46631,-11193,-20417
46632,29753,-1984
46633,-1990,24628
46634,-32694,-3018
46635,2121,-29627
46636,19520,15422
46637,-8124,14391
46638,-31660,-20415
46639,22601,-23475
46640,10308,30782
46641,-21425,17462
46642,29761,9266
46643,-10170,28708
46644,-27564,-8152
46645,17484,-28618
46646,14405,19501
46647,-27565,19492
46648,-15269,-22481
46649,27726,-9164
46650,8266,12334
46651,-29607,6187
46652,8277,-26568
46653,30790,17456
46654,-9141,-22469
46655,23616,-22458
46656,13370,28728
46657,-27576,4150
46658,-5045,-25533
46659,19522,3138
46660,2113,28724
46661,-23475,-7112
46662,18500,-32696
46663,5186,9284
46664,-28592,5186
46665,24644,-9145
46666,9280,21565
46667,-28594,-3009
46668,-5039,-34736
46669,29763,13386
46670,-5050,22591
46671,-29611,-17336
46672,29767,-11186
46673,24635,26689
46674,-21434,19512
46675,-953,-23484
46676,19518,7233
46677,-29619,-12217
46678,14406,-25516
46679,25658,13390
46680,-20412,26689
46681,-14261,-25522
46682,35898,-13227
46683,8246,31814
46684,-31674,3141
46685,7235,-25518
46686,8255,81
46687,-17336,22598
46688,17472,-24494
46689,23605,22599
46690,-24511,11330
46691,-11193,-36780
46692,35894,-14245
46693,-4040,32843
46694,-30649,-1972
46695,17471,-19370
46696,22580,23627
46697,-28606,16451
46698,-6075,-23473
46699,34868,-14250
46700,-33723,10321
46701,12351,-31647
46702,31792,14426
46703,-14281,28748
46704,-11203,-18347
46705,25649,-18338
46706,25637,3165
46707,-27597,9305
46708,-3019,-31639
46709,17453,1128
46710,3116,40021
46711,17444,-30620
46712,29718,19547
46713,-24542,6232
46714,-14295,-31640
46715,29723,-10131
46716,7192,25697
46717,-32728,14426
46718,10275,-19356
46719,37905,-3994
46720,-5100,33878
46721,-33755,-16290
46722,22554,-15258
46723,-20444,28760
46724,-6105,-27546
46725,25627,-8086
46726,12309,33882
46727,-35801,2137
46728,7204,-38804
46729,36882,3179
46730,-18405,25695
46731,-996,-27539
46732,41992,-10126
46733,9220,31843
46734,-7160,-29582
46735,41972,12396
46736,-4105,32860
46737,-35831,-11166
46738,13315,-16278
46739,35826,29788
46740,-15366,24656
46741,-16381,-30625
46742,19450,-17304
46743,-13311,21598
46744,-30704,1117
46745,21510,-33682
46746,-15346,23651
46747,-21479,-20371
46748,26636,-24455
46749,9224,17521
46750,-35814,8301
46751,4120,-34690
46752,28682,20596
46753,-3060,36962
46754,-8176,-13207
46755,25604,-29576
46756,12286,33896
46757,-22518,-28554
46758,32762,-3976
46759,12277,40037
46760,-21504,-8087
46761,2047,-38788
46762,30705,3195
46763,-25602,21617
46764,-20471,-24451
46765,36855,-17274
46766,8180,25722
46767,-38904,2169
46768,-4086,-17278
46769,-8178,32882
46770,-27620,-19332
46771,-15324,-24440
46772,6177,27771
46773,-23507,16499
46774,-13260,-33660
46775,30757,-6009
46776,11296,31864
46777,-27602,-3974
46778,45,-39794
46779,27680,5260
46780,-12250,-10095
46781,33814,144
46782,14351,24708
46783,-26596,-891
46784,12310,-27501
46785,32774,8335
46786,-2041,34942
46787,-31721,-14203
46788,12305,-31595
46789,32769,32901
46790,-10234,19580
46791,-17393,-33651
46792,8203,39034
46793,-16365,-17277
46794,-2028,-31597
46795,31749,16523
46796,-25582,31868
46797,-24546,-24440
46798,26641,-19310
46799,9229,27781
46800,-31715,5251
46801,-21464,-9080
46802,22557,18559
46803,-33746,-17272
46804,12328,-28522
46805,22557,20620
46806,-21464,7305
46807,-21453,-22380
46808,29733,-8040
46809,7202,39045
46810,-3036,19580
46811,12318,-32628
46812,28688,3211
46813,-22501,22656
46814,-17372,-19318
46815,3107,32890
46816,-19411,24686
46817,-14284,-29571
46818,38945,-4992
46819,-10202,15481
46820,-33737,-28537
46821,15408,-24429
46822,18471,31876
46823,-31689,16508
46824,-22462,-20346
46825,37936,-889
46826,-19398,6276
46827,-7106,-33643
46828,31791,20619
46829,-26564,21633
46830,-17339,-8059
46831,27704,-21360
46832,3127,29826
46833,-34744,9342
46834,71,-29555
46835,30776,1164
46836,-1991,32892
46837,-26554,-899
46838,31799,19572
46839,-9156,11375
46840,-16316,-30594
46841,29750,-11132
46842,-1993,28790
46843,-32697,-7046
46844,16447,-25465
46845,30768,9347
46846,-7116,29813
46847,-22465,-14212
46848,30768,-19322
46849,-27586,11393
46850,-28596,-13176
46851,36922,-887
46852,-17341,17537
46853,-28591,1152
46854,26692,-25459
46855,24632,21635
46856,-15296,14460
46857,-18359,-21369
46858,19520,-11123
46859,7229,26752
46860,-20409,10363
46861,31800,6264
46862,-19390,28778
46863,-20404,-18317
46864,16452,-19331
46865,3139,20595
46866,-22450,26726
46867,-8110,-32650
46868,36928,-3976
46869,3135,15473
46870,-20407,-27521
46871,12355,-24437
46872,-18356,18562
46873,-7088,-23410
46874,27715,1165
46875,18490,31870
46876,-27576,5244
46877,-5045,-33651
46878,28733,8329
46879,-15291,25725
46880,-22448,-11133
46881,25668,-9080
46882,1091,26747
46883,-21426,16499
46884,38971,4209
46885,-4035,30818
46886,-37808,-1949
46887,12362,-29582
46888,11333,33890
46889,-20401,19545
46890,-6062,-23451
46891,28740,-2969
46892,2115,33879
46893,-28591,4181
46894,1104,-25502
46895,3151,20568
46896,-26532,-15264
46897,18515,-25491
46898,8271,14438
46899,-30626,9314
46900,-5023,-29583
46901,19544,4207
46902,-1959,27746
46903,-20381,-17301
46904,25687,-10128
46905,26698,19559
46906,-14255,4197
46907,16457,-922
46908,6214,28760
46909,-23470,9300
46910,15435,-17315
46911,29757,15446
46912,-15291,25674
46913,-18354,-27560
46914,9290,-20382
46915,17474,16474
46916,-30639,21584
46917,1104,-10155
46918,1103,23626
46919,-26532,-11184
46920,28750,-24484
46921,25666,20562
46922,-24498,17482
46923,-12204,-25513
46924,20554,-2983
46925,10309,22606
46926,-24495,-945
46927,1104,-28579
46928,15433,92
46929,-22444,16468
46930,16460,83
46931,23617,20553
46932,-17334,13379
46933,-11184,-24497
46934,17480,-13226
46935,-951,26697
46936,-31655,3144
46937,6230,-6069
46938,23627,20545
46939,-12207,13371
46940,-4013,-27575
46941,11342,16449
46942,-23462,14394
46943,1113,-29623
46944,21583,1096
46945,1102,22589
46946,-17321,-21432
46947,14416,-18351
46948,14409,17481
46949,-24491,1096
46950,-5032,-26539
46951,21582,-4009
46952,-5039,30792
46953,10316,-15280
46954,15429,2127
46955,-18354,21573
46956,-17321,-24495
46957,10322,-5036
46958,3153,29766
46959,-22436,7235
46960,8280,-24497
46961,25676,9291
46962,-12206,18498
46963,-22435,-8122
46964,11352,21564
46965,-15264,20530
46966,1119,-10185
46967,30800,4149
46968,7245,24617
46969,-17322,-16335
46970,13392,-17350
46971,12362,14387
46972,-20396,16427
46973,-13221,-20427
46974,15444,-7111
46975,10319,26668
46976,10314,-29637
46977,20544,7224
46978,-17335,18479
46979,-15279,-16329
46980,9293,-7109
46981,22594,26670
46982,-22451,7211
46983,-10158,-16333
46984,13388,-3019
46985,-4018,24617
46986,-24486,-17358
46987,8278,26661
46988,-18337,14366
46989,-8093,-16346
46990,27734,-10197
46991,4180,24607
46992,-23456,3102
46993,1119,-16346
46994,24659,2085
46995,-10152,23578
46996,-9123,-10209
46997,33869,-5086
46998,13383,13340
46999,-9140,-25559
47000,19523,-5076
47001,4161,26655
47002,-16311,-7133
47003,7238,-15317
47004,17470,3114
47005,-9149,6183
47006,-16309,-20431
47007,17475,-5068
47008,-4027,23593
47009,-22448,-5076
47010,22597,6185
47011,-12213,24605
47012,-11183,-19417
47013,12363,-13266
47014,13381,21540
47015,-19377,11295
47016,1102,-11227
47017,27713,5155
47018,-5052,18458
47019,-24496,-9185
47020,16456,-22486
47021,14401,15395
47022,-12217,-17364
47023,20541,-14285
47024,9273,22568
47025,-17342,-5077
47026,4160,-24521
47027,21558,6196
47028,-16322,20522
47029,-20408,-19404
47030,26683,-6089
47031,10294,28713
47032,-19392,1064
47033,20534,-4054
47034,-7110,13348
47035,-25529,-11222
47036,5189,-5075
47037,20539,20515
47038,-18364,10270
47039,-955,-20440
47040,23610,-4054
47041,4152,28700
47042,-19390,-2019
47043,6207,-26582
47044,19510,9254
47045,-6087,-12244
47046,29739,-9167
47047,15396,27684
47048,-21457,5154
47049,-976,-19412
47050,23589,5162
47051,-7127,17442
47052,-23499,-8154
47053,18476,-10197
47054,15397,15396
47055,-17362,-6105
47056,24610,-6102
47057,-3036,27677
47058,-20434,-994
47059,4140,-20440
47060,26655,3111
47061,-7133,8227
47062,-16341,-11223
47063,23584,-15311
47064,5150,16425
47065,-22487,9253
47066,2088,-12245
47067,23581,10278
47068,-18394,-13267
47069,23579,-19401
47070,19474,11314
47071,-16358,11309
47072,-8162,-17354
47073,21524,-6087
47074,3091,22574
47075,-16357,-8142
47076,16403,-22467
47077,17419,13367
47078,-14318,17455
47079,25606,-9164
47080,14335,16428
47081,-21494,10279
47082,1033,-21454
47083,26620,3121
47084,-14332,11308
47085,-22513,-16332
47086,10250,-23488
47087,12292,26675
47088,-20466,9263
47089,-5103,-23493
47090,27652,-1988
47091,-19442,-1987
47092,2061,-20409
47093,16389,16447
47094,-21488,22580
47095,-17383,-13253
47096,26636,-9152
47097,5130,18487
47098,-24554,-1992
47099,-2025,-25531
47100,19470,9281
47101,-8174,20535
47102,17418,-14274
47103,22527,24626
47104,-13306,6191
47105,2053,-31681
47106,27640,-9148
47107,-4101,24632
47108,-27639,-4038
47109,11268,-20412
47110,20474,11327
47111,-18428,21557
47112,-12278,-17346
47113,26621,-13243
47114,-29684,2116
47115,-2035,-22449
47116,27648,8267
47117,-10235,28733
47118,-20465,-17338
47119,15368,-19376
47120,9220,19527
47121,-18419,11330
47122,-3057,-13239
47123,20485,-950
47124,-3065,32826
47125,13313,-26553
47126,30706,11330
47127,-19460,18489
47128,-16379,-22460
47129,28663,-6073
47130,4086,23612
47131,-16385,-3010
47132,6141,-23478
47133,24562,2121
47134,-6154,20543
47135,-22526,-23477
47136,17402,-13230
47137,-19452,11341
47138,-8184,-26534
47139,20478,-2980
47140,-5119,22609
47141,-24563,-6060
47142,12295,-26527
47143,15360,13403
47144,-31728,20561
47145,-20454,-20389
47146,27661,-7073
47147,9225,26706
47148,3080,-26529
47149,25596,8283
47150,-7168,25679
47151,-21493,-11179
47152,20481,-14244
47153,17401,28750
47154,-21500,3149
47155,-4090,-30628
47156,26617,-7072
47157,-2053,28754
47158,-27639,-10153
47159,15362,-25500
47160,-14327,17500
47161,-15343,-18331
47162,23558,-14228
47163,4100,27743
47164,-34795,-3999
47165,3092,-23443
47166,26631,12391
47167,-9204,22620
47168,-22505,-18331
47169,18446,-16275
47170,22531,25697
47171,-10232,-28561
47172,27643,-5006
47173,1018,31843
47174,-26616,-6042
47175,17408,-25485
47176,20470,17515
47177,-18432,19554
47178,-11258,-17301
47179,27641,-17292
47180,6135,24680
47181,-21502,103
47182,4096,-23437
47183,-6141,28773
47184,-27631,-20369
47185,16393,-20359
47186,15362,28779
47187,-27632,8295
47188,-6125,-26508
47189,28677,-2954
47190,-5112,24682
47191,-25579,-3988
47192,16397,-29573
47193,22530,15476
47194,-14327,-19330
47195,25597,-14203
47196,6139,23674
47197,-28662,4216
47198,3081,-24444
47199,25597,9344
47200,-5120,23669
47201,-23540,-13188
47202,17412,-18299
47203,19451,26744
47204,-23545,10355
47205,-7157,-32637
47206,1034,33907
47207,-22507,-5002
47208,9233,-31610
47209,23558,12416
47210,-18417,25716
47211,-17384,-21377
47212,30729,-11131
47213,6150,27768
47214,-33769,119
47215,5141,-30586
47216,31750,10369
47217,-27628,-11129
47218,15373,-21358
47219,21507,23687
47220,-23537,16511
47221,-11243,-27507
47222,30726,-2929
47223,-7158,35966
47224,-26601,-4991
47225,14352,-28529
47226,23557,14472
47227,-18418,21630
47228,-18409,-18297
47229,14352,22652
47230,-33759,9336
47231,2080,-28538
47232,30737,6275
47233,-9194,24695
47234,-24542,-16257
47235,17434,-19319
47236,20496,24701
47237,-23524,9337
47238,-6113,-33654
47239,24595,-4979
47240,-26592,140
47241,11291,-28518
47242,25615,15507
47243,-16361,21641
47244,-25564,-18286
47245,28694,-14183
47246,4116,28811
47247,-31708,5257
47248,-6105,-26474
47249,27674,9362
47250,-10209,21640
47251,-30674,-14193
47252,22563,19590
47253,-25552,15487
47254,-6093,-29554
47255,32803,-1905
47256,4129,34942
47257,-26578,-897
47258,14375,-27507
47259,22556,15494
47260,-17371,25722
47261,-17362,-22395
47262,30751,-11125
47263,-27603,13445
47264,1068,-27501
47265,35867,5265
47266,-8161,24709
47267,-29650,-17266
47268,17446,-22375
47269,23579,24717
47270,-20443,14470
47271,-15315,-31594
47272,30750,-2920
47273,4124,27787
47274,-33747,-9072
47275,24609,12426
47276,-15319,30843
47277,-19405,-19323
47278,30756,-19313
47279,8224,25731
47280,-31696,4225
47281,-3022,-29552
47282,33826,5262
47283,-12248,26753
47284,-26571,-20341
47285,25641,-22378
47286,-20429,19597
47287,-14278,-24423
47288,24622,-12129
47289,2093,30864
47290,-30660,2191
47291,10295,-33632
47292,31784,11419
47293,-19406,25743
47294,-22467,-22374
47295,29743,-18269
47296,10282,22680
47297,-32710,7317
47298,31787,-1898
47299,-5074,26761
47300,-24518,-16239
47301,13364,-27489
47302,23593,27794
47303,-22476,17546
47304,-11206,-25449
47305,28716,1174
47306,2091,35973
47307,-25544,-6008
47308,11315,-29545
47309,-11207,25739
47310,-25530,-21354
47311,28728,-18273
47312,13362,24723
47313,-33725,7312
47314,-7097,-29537
47315,28729,-3935
47316,-4037,26772
47317,-27575,-13157
47318,17473,-20315
47319,19512,18588
47320,-21437,18579
47321,31796,-9064
47322,4146,35975
47323,-30655,-888
47324,9277,-31592
47325,23602,8340
47326,-18373,28806
47327,-21434,-19312
47328,27705,-19302
47329,11316,25742
47330,-30653,10377
47331,-7097,-30568
47332,-952,28810
47333,-26539,-8050
47334,21579,-18281
47335,25663,20621
47336,-17336,13447
47337,-18351,-28523
47338,28739,-7015
47339,4161,32905
47340,-28593,1160
47341,6220,-27498
47342,24640,11409
47343,-15288,24709
47344,25660,-24431
47345,19507,20615
47346,-26560,12417
47347,-959,-25458
47348,29747,-7022
47349,-1996,30851
47350,-27582,-13174
47351,15419,-29543
47352,23600,23694
47353,-27586,20612
47354,-15290,-25455
47355,9282,29827
47356,-29615,1154
47357,4175,-36716
47358,21573,4242
47359,-16307,23687
47360,-21416,-16241
47361,19535,-20327
47362,16455,26764
47363,-30634,7305
47364,-4008,-28521
47365,30793,-4966
47366,-2997,28812
47367,9287,-19306
47368,22588,21644
47369,-20410,22657
47370,-15282,-27505
47371,27713,-12139
47372,7230,29831
47373,-29619,-1912
47374,4171,-31592
47375,28733,6293
47376,-15291,35972
47377,-17330,-18291
47378,19525,22658
47379,-27565,12412
47380,-7081,-28534
47381,28745,-4979
47382,-4021,30846
47383,-28583,-7038
47384,17489,-21363
47385,24645,14470
47386,-21424,16510
47387,-11178,-24438
47388,23627,-11120
47389,9287,29826
47390,-2999,-28528
47391,30778,6285
47392,-12224,29823
47393,-18359,-18296
47394,16449,-19310
47395,16441,17546
47396,-28601,13444
47397,-2999,-20338
47398,31802,6283
47399,-4036,30844
47400,-28598,-13181
47401,24638,12413
47402,-25525,18548
47403,-20395,-21377
47404,23626,-16249
47405,9286,28793
47406,-24494,120
47407,4176,-31608
47408,26691,8324
47409,-15285,26743
47410,-24489,-16257
47411,21581,-17272
47412,16453,28794
47413,-4025,-24442
47414,25659,-6007
47415,-1988,23678
47416,-27574,-6015
47417,10309,-23411
47418,27704,14470
47419,-18367,17534
47420,-11193,-25461
47421,27706,-11119
47422,8246,27780
47423,-28604,-3962
47424,24632,7299
47425,-9155,27766
47426,-20409,-12164
47427,22588,-18299
47428,15413,21627
47429,-26558,10358
47430,-6075,-22399
47431,25657,-1918
47432,-9154,24694
47433,-26549,-8070
47434,8263,-22395
47435,23612,15486
47436,-13245,-20344
47437,20537,-14193
47438,8245,26754
47439,-24511,7295
47440,3136,-29554
47441,27699,9354
47442,-9160,24702
47443,-16320,-13179
47444,16440,-18290
47445,13362,20612
47446,-24514,9344
47447,29744,-2942
47448,47,25718
47449,-27587,-7046
47450,10296,-27512
47451,24620,11395
47452,-18379,14460
47453,-20417,-20346
47454,19510,-8054
47455,8242,27773
47456,-22467,3196
47457,5179,-25463
47458,25647,7302
47459,-27587,-12148
47460,12343,-21353
47461,14384,24715
47462,-21445,14468
47463,-5058,-21361
47464,25650,-2927
47465,-5067,22662
47466,-22464,-4983
47467,9276,-21356
47468,20530,20618
47469,-16326,17538
47470,23599,-10105
47471,11306,22652
47472,-24522,123
47473,-1993,-27511
47474,22572,8325
47475,-11214,19580
47476,-20420,-8064
47477,17460,-17271
47478,16428,22654
47479,-22473,11385
47480,-5062,-23419
47481,23599,-4984
47482,-24517,135
47483,5177,-19311
47484,25645,12427
47485,-14284,16515
47486,-15300,-18292
47487,21554,-8048
47488,3121,24708
47489,-22468,3203
47490,2107,-21362
47491,25647,7307
47492,-7117,25727
47493,14380,-19319
47494,12326,18560
47495,-21455,12410
47496,-10186,-18301
47497,26665,130
47498,40,24694
47499,-23500,-8070
47500,11311,-27512
47501,20517,12418
47502,-16339,14459
47503,-16331,-17276
47504,21547,-7032
47505,-22474,5254
47506,2101,-25453
47507,23594,3218
47508,-12240,19593
47509,-22469,-10098
47510,13365,-18281
47511,11312,20621
47512,-16328,9353
47513,-1991,-21356
47514,23598,-3946
47515,-3024,21644
47516,9260,-18283
47517,21538,12431
47518,-14295,20613
47519,-14288,-16243
47520,19495,-7023
47521,7204,20615
47522,-19410,-2935
47523,-977,-19309
47524,23588,9359
47525,-8152,21637
47526,-14289,-12149
47527,20517,-14190
47528,-17362,9358
47529,-5071,-22375
47530,20519,-3941
47531,-4055,21649
47532,-19405,-5996
47533,12333,-16228
47534,23586,13462
47535,-14295,13456
47536,-13264,-15208
47537,18471,-10083
47538,5157,24721
47539,2084,-20325
47540,22553,7320
47541,-8163,21646
47542,-16347,-15210
47543,16413,-13155
47544,10264,16533
47545,-16352,9361
47546,-2015,-18278
47547,21527,4248
47548,-5094,20622
47549,-18397,-5999
47550,14364,-20325
47551,-18395,12437
47552,-13268,-17250
47553,17444,-4959
47554,8224,20631
47555,-20438,1174
47556,5160,-22367
47557,21534,6302
47558,-15322,17558
47559,-15314,-14179
47560,15399,-15195
47561,10274,22682
47562,-3036,-18269
47563,19483,162
47564,-4067,18585
47565,-15323,-4964
47566,10272,-16220
47567,15385,16540
47568,-15327,15509
47569,-7131,-17250
47570,23578,-11100
47571,3097,20634
47572,-17374,-2916
47573,4128,-20314
47574,-11226,15519
47575,-15314,-12123
47576,19493,-12117
47577,12319,21665
47578,-19415,6302
47579,-4053,-19288
47580,20513,167
47581,-8155,21661
47582,-18386,-7007
47583,9258,-15191
47584,12324,13475
47585,-9175,-20307
47586,18464,-5968
47587,3103,21670
47588,-18392,165
47589,6181,-19281
47590,23578,11434
47591,-9185,17570
47592,-12251,-13143
47593,16413,-6995
47594,6170,12455
47595,-20444,7332
47596,-2011,-18259
47597,-4057,20643
47598,-17360,-7001
47599,10283,-20303
47600,13349,15530
47601,-15315,9382
47602,-6096,-17233
47603,17448,-2895
47604,6181,20647
47605,-17362,-2903
47606,9258,-19277
47607,19489,7344
47608,-17366,-10059
47609,16418,-11077
47610,14363,18610
47611,-20443,2225
47612,3108,-25410
47613,17436,3261
47614,-4066,17589
47615,-14299,-12101
47616,10272,-15165
47617,10267,15548
47618,-21466,14517
47619,-3032,-21312
47620,2087,20662
47621,-14290,-2888
47622,7211,-15168
47623,16419,10427
47624,-11223,18610
47625,-13264,-13127
47626,18471,-6979
47627,5157,19636
47628,-21456,1203
47629,-4046,-20291
47630,20520,3260
47631,-15312,-11070
47632,-4046,-23346
47633,13356,-22311
47634,15397,-7971
47635,16413,10456
47636,8217,19663
47637,-9186,21701
47638,-11228,12479
47639,-17363,-13114
47640,-9166,-20272
47641,4144,-20262
47642,22565,-14111
47643,-6104,19672
47644,-16336,11475
47645,-20422,-1836
47646,-11200,-16164
47647,1087,-17179
47648,15416,-13076
47649,5174,-6928
47650,-8134,-9995
47651,-1989,7410
47652,8247,-4875
47653,-11203,1268
47654,10296,1267
47655,-9155,-1804
47656,60,11503
47657,9272,-14090
47658,-5061,4340
47659,6200,16620
47660,-1991,-15116
47661,-11201,5362
47662,14392,4336
47663,-3014,1263
47664,-7106,13545
47665,8250,-5908
47666,-8130,10471
47667,12344,7396
47668,-7108,-5913
47669,-6081,7396
47670,7228,3299
47671,-6081,-2843
47672,-960,1252
47673,11323,-3866
47674,-11199,1253
47675,11324,13535
47676,-4034,-10012
47677,-6079,15581
47678,11324,2268
47679,-13245,-803
47680,-4027,17621
47681,8257,-2857
47682,-5052,5333
47683,11327,-2857
47684,-960,-11043
47685,-4030,7386
47686,11325,5336
47687,-7103,-5925
47688,-6076,9431
47689,6209,-10020
47690,-10170,3291
47691,-953,11478
47692,10306,-12068
47693,65,-1827
47694,64,14550
47695,12346,-7974
47696,-3012,-10017
47697,-11198,6364
47698,7231,8408
47699,14392,-10019
47700,-9155,220
47701,11320,8408
47702,6197,-11042
47703,-7111,-8989
47704,3128,3298
47705,13362,2273
47706,9262,-798
47707,-14283,-1821
47708,1076,14556
47709,14381,-3874
47710,-4049,-8989
47711,-12235,5345
47712,11312,-1822
47713,-10187,-4891
47714,-3017,9441
47715,8243,-6939
47716,-8137,-1818
47717,-7109,8418
47718,14388,-4891
47719,-4042,4323
47720,1077,11486
47721,52,-13083
47722,-6089,11488
47723,7220,-6940
47724,-9159,3299
47725,5175,226
47726,-1992,-6938
47727,-5061,11489
47728,12341,-798
47729,-3017,-5915
47730,-7109,-5912
47731,7224,-2838
47732,-7108,-4883
47733,5178,9449
47734,7223,-12049
47735,54,8427
47736,9266,1258
47737,-6091,-3860
47738,-8135,4330
47739,11316,4328
47740,3123,-2838
47741,5169,2281
47742,14378,4327
47743,-3028,-6933
47744,-6097,11494
47745,11306,3301
47746,-4052,-8982
47747,3115,16610
47748,19490,-15126
47749,3105,-789
47750,11292,234
47751,4122,-6930
47752,-997,237
47753,-996,9449
47754,7193,-2837
47755,-7139,-4882
47756,-994,12520
47757,17430,-2838
47758,-12260,3305
47759,15381,11492
47760,1044,-10007
47761,-12262,4327
47762,7191,4325
47763,-1000,-8982
47764,-8164,11493
47765,14357,-2841
47766,-7143,-11027
47767,-3045,8425
47768,8215,3304
47769,-8165,-791
47770,4121,10468
47771,4119,-6936
47772,-9188,1255
47773,11287,5349
47774,-6118,-5912
47775,-9185,5350
47776,2078,-5911
47777,-17369,-1814
47778,15392,10469
47779,-2015,-7959
47780,-990,7398
47781,-6107,-3864
47782,-7127,9444
47783,10276,-4889
47784,-17363,-5910
47785,8233,1257
47786,-7123,-4884
47787,4139,12518
47788,12325,-2840
47789,-7127,5350
47790,6182,15583
47791,5156,-7965
47792,35,7392
47793,5153,2271
47794,-5084,-4894
47795,-5081,10461
47796,11298,2268
47797,-11224,-5921
47798,-2007,15576
47799,10276,-1831
47800,-3034,-7971
47801,-10197,7386
47802,9255,5336
47803,7204,-11042
47804,-2011,11481
47805,16413,5335
47806,-6112,-6949
47807,-11226,8407
47808,5156,-808
47809,8224,-7972
47810,-8156,-6944
47811,-8152,12506
47812,13346,-3876
47813,33,-13085
47814,-9178,1250
47815,3109,225
47816,5155,-8986
47817,-11223,-2840
47818,-4053,8420
47819,11302,4322
47820,6179,-10009
47821,-8153,-7957
47822,-6102,9447
47823,4136,5349
47824,11299,-1818
47825,2082,-6934
47826,-11224,8422
47827,8228,229
47828,3107,1252
47829,-13270,-795
47830,-9169,9441
47831,14376,5343
47832,4134,-1824
47833,-2009,-10011
47834,-10196,-1818
47835,9256,8418
47836,12322,1249
47837,-3036,-10010
47838,-2011,13536
47839,7202,9436
47840,13340,-3874
47841,-3042,-13083
47842,-9181,5347
47843,6176,7392
47844,6173,223
47845,-4065,-5918
47846,-7133,1249
47847,2082,5343
47848,21528,-2847
47849,-999,-12057
47850,-998,3302
47851,3097,7395
47852,9237,-2843
47853,-6120,-6935
47854,-3046,2280
47855,25,11491
47856,6166,-3867
47857,8210,-4888
47858,-4076,-3862
47859,-3050,9446
47860,-9189,4324
47861,10262,227
47862,9234,1250
47863,-1005,-7962
47864,-5098,-6934
47865,3093,-4883
47866,4115,5355
47867,12301,4329
47868,5131,2280
47869,-4083,1255
47870,-10222,5349
47871,-5099,8417
47872,20,5343
47873,11279,222
47874,3086,-16154
47875,-11244,-11028
47876,-9191,-3858
47877,-10210,3309
47878,1053,10472
47879,7194,10467
47880,8214,-796
47881,7187,-6936
47882,-1004,-5909
47883,-11238,-788
47884,1049,6377
47885,10260,7398
47886,14349,-3864
47887,1036,-5909
47888,-8176,-1812
47889,-7148,7401
47890,2067,14562
47891,10254,-797
47892,6155,-7961
47893,-8177,-3863
47894,-9196,232
47895,4114,8420
47896,7183,-795
47897,2062,-8982
47898,1037,-3860
47899,-3057,9448
47900,1038,11491
47901,10249,3298
47902,19456,5344
47903,7165,-4893
47904,-5120,-4890
47905,-7164,4324
47906,-2043,11487
47907,4099,-3871
47908,5121,-3869
47909,-7163,-2843
47910,-10230,7394
47911,2057,6367
47912,5127,4317
47913,10242,-11037
47914,4096,-7961
47915,-1023,-7957
47916,-12281,-788
47917,-5110,6377
47918,9,10468
47919,10244,-1819
47920,6145,-2841
47921,1024,-7957
47922,-6141,-4882
47923,-7161,6379
47924,3078,7400
47925,8194,7397
47926,3073,3300
47927,12283,-3866
47928,3066,-8981
47929,-4099,-7953
47930,-4096,13545
47931,-2047,11492
47932,-1022,9440
47933,10237,5342
47934,9209,3293
47935,7158,-6943
47936,7155,-8986
47937,-4106,-10005
47938,-10244,-5906
47939,-14332,237
47940,-2043,5355
47941,-5112,10470
47942,9220,1253
47943,5122,-2841
47944,-4092,-8980
47945,-5113,-2834
47946,-3063,-785
47947,11268,-3855
47948,3075,-1806
47949,-2044,6383
47950,3075,6380
47951,9215,1259
47952,5117,-5906
47953,-11261,-785
47954,-6138,-784
47955,-8182,1263
47956,-7154,9451
47957,13,12517
47958,8201,7394
47959,12291,2273
47960,-4091,-798
47961,-7159,-3868
47962,-11249,227
47963,-19431,5345
47964,-12257,4319
47965,7196,7388
47966,9240,1243
47967,12306,-7969
47968,17,-7965
47969,-8171,-6937
47970,-12261,1254
47971,-3043,8418
47972,4123,9438
47973,13333,3293
47974,6162,-802
47975,1041,-7966
47976,-6124,4320
47977,-7144,8412
47978,3095,11479
47979,9235,10450
47980,7184,-6954
47981,-4078,-11044
47982,-2029,-10015
47983,-2028,-5916
47984,-3050,-1819
47985,-4072,7394
47986,11283,7391
47987,9231,-800
47988,-2032,-7964
47989,1039,-795
47990,-9196,2276
47991,-8168,4322
47992,23,7391
47993,6164,7388
47994,4114,-8991
47995,17,-10010
47996,-4077,-1817
47997,-2028,3302
47998,-4074,9442
47999,8210,4320
48000,8206,-8987
48001,-3056,-5912
48002,-7148,-1815
48003,-7144,6374
48004,-999,8418
48005,7190,9438
48006,5140,221
48007,1043,-2849
48008,-2028,-4894
48009,-4074,-2844
48010,-7142,-795
48011,-3044,4323
48012,-2019,8415
48013,5147,9435
48014,10262,-1828
48015,11281,219
48016,8205,1242
48017,7178,-5923
48018,5128,-802
48019,16384,-1825
48020,4094,-1824
48021,5116,-2846
48022,-3074,-6938
48023,5116,4324
48024,-5121,-12054
48025,-10235,-7954
48026,-6136,237
48027,-8180,5355
48028,-9199,9447
48029,-8171,4325
48030,-1002,7394
48031,1045,8414
48032,20,7387
48033,1043,6360
48034,2066,-3878
48035,9230,-6946
48036,-1009,-6942
48037,-3055,-10009
48038,-2030,8419
48039,-9193,-1820
48040,-6118,2275
48041,-2021,12509
48042,2074,8409
48043,6167,5335
48044,6164,-3879
48045,2067,-8994
48046,-2028,-5919
48047,-10215,-798
48048,-6116,7391
48049,-13277,2270
48050,-988,9434
48051,7201,-2852
48052,8221,-3874
48053,2076,-6942
48054,27,-8985
48055,-10208,-3863
48056,-10203,1256
48057,7202,2279
48058,15387,230
48059,11286,1253
48060,21,-5912
48061,-2026,-6932
48062,-6119,2283
48063,-7139,1258
48064,-3041,12516
48065,30,11487
48066,-4064,2270
48067,1055,12504
48068,9243,-807
48069,7192,-4900
48070,5142,-5921
48071,3093,-7965
48072,-3049,-4890
48073,-4071,-793
48074,-6116,2278
48075,-5089,-3864
48076,-4063,13538
48077,7198,6367
48078,6171,4317
48079,9239,-4896
48080,-10212,-799
48081,-13277,-798
48082,-5082,7391
48083,1061,8411
48084,8225,3290
48085,6174,217
48086,5148,-5924
48087,1051,-4897
48088,-8161,-4894
48089,-7133,5344
48090,-4059,5342
48091,7202,5340
48092,8222,-3874
48093,-2017,-6942
48094,-5086,-7962
48095,-3036,2277
48096,-7128,6370
48097,2087,9438
48098,4133,5340
48099,10272,3291
48100,3103,-3875
48101,1054,-2849
48102,-4064,-1824
48103,1055,6365
48104,6172,3292
48105,12310,-1827
48106,6163,-5920
48107,-3051,-799
48108,-6120,-4892
48109,-7140,227
48110,-2019,9439
48111,6170,4317
48112,8214,6362
48113,5140,-6946
48114,-3050,-7966
48115,-8166,-2844
48116,-7138,9440
48117,7195,8412
48118,11286,13526
48119,4116,-5927
48120,1043,-3877
48121,18,-5922
48122,-7146,-2848
48123,-7142,2271
48124,25,3294
48125,11284,4316
48126,1043,-2850
48127,-2028,4316
48128,-3050,-2850
48129,-7142,-4895
48130,-7138,3296
48131,-6111,4318
48132,-990,11481
48133,33,7382
48134,7198,7379
48135,8218,2258
48136,8214,-3884
48137,1045,-6952
48138,-6120,-7972
48139,-4070,4314
48140,-3044,10453
48141,4122,2260
48142,2073,10447
48143,6166,-816
48144,5140,-3886
48145,4114,-7978
48146,-5099,-4903
48147,-4073,4311
48148,-10212,9427
48149,5146,7376
48150,9238,2255
48151,9234,-1840
48152,1041,-4909
48153,-5100,-6953
48154,-7144,-3879
48155,-8164,1240
48156,-4066,10451
48157,4124,7376
48158,10263,5326
48159,6164,-817
48160,-8168,-7981
48161,-8164,9423
48162,-4066,8395
48163,4124,6344
48164,8216,3271
48165,4118,-11059
48166,1045,-818
48167,-1002,205
48168,-5095,2252
48169,-3045,6345
48170,-996,7366
48171,5146,3269
48172,-4068,-2873
48173,-7136,198
48174,-6109,-7990
48175,-9176,201
48176,-8148,4295
48177,-5073,5317
48178,-5070,13503
48179,3121,8379
48180,48,7352
48181,7213,3255
48182,7210,3254
48183,7207,-9029
48184,-3031,1210
48185,3112,185
48186,-8148,-1862
48187,-6097,185
48188,-7117,4279
48189,-1996,10418
48190,3123,11437
48191,1074,5291
48192,5168,5289
48193,7213,3240
48194,5163,-855
48195,4137,-2901
48196,-2006,-3923
48197,-2005,-5968
48198,-5074,-6988
48199,-5071,-843
48200,-4045,2228
48201,-1996,2227
48202,-7112,4273
48203,-5061,3248
48204,-4035,7341
48205,60,10408
48206,4154,3239
48207,2105,6308
48208,5175,3235
48209,5173,162
48210,6194,4256
48211,7215,7325
48212,1070,-866
48213,3117,-2912
48214,9257,-863
48215,9253,-2909
48216,9249,-3931
48217,3104,-2905
48218,-4062,-6997
48219,-989,-4946
48220,-7129,-2896
48221,-8149,-3918
48222,-5074,-3916
48223,-7118,-843
48224,-7114,1204
48225,-14275,3251
48226,-1986,2226
48227,-3008,1201
48228,-4030,2224
48229,2113,7341
48230,3136,5291
48231,63,6312
48232,3134,3239
48233,6203,2214
48234,11318,9378
48235,3125,8350
48236,5171,8346
48237,8239,1177
48238,10282,3224
48239,8230,-871
48240,6179,-870
48241,4129,-3940
48242,5151,-4961
48243,30,-11099
48244,-993,164
48245,-992,-1883
48246,-7132,1188
48247,-6105,-9047
48248,4133,168
48249,-986,-5973
48250,37,-3923
48251,36,-3921
48252,-3034,-2895
48253,2085,2224
48254,-5080,-3918
48255,-4054,-2892
48256,-6099,179
48257,-2002,178
48258,-6095,5296
48259,-974,8364
48260,-4044,1195
48261,-3018,5289
48262,-4040,4263
48263,-5061,5285
48264,5177,3236
48265,5175,3235
48266,8243,-860
48267,4145,-2906
48268,7214,-5975
48269,-4048,-4948
48270,-4046,-4945
48271,-5067,-5966
48272,-7111,177
48273,-7107,3248
48274,-3009,7341
48275,4157,-1874
48276,6202,-6990
48277,-965,-5963
48278,-7105,-6983
48279,-7101,184
48280,-4027,9396
48281,-954,2227
48282,9282,4273
48283,7231,-1870
48284,2110,-4939
48285,-7102,-1866
48286,-3004,-841
48287,-1979,6324
48288,10304,-2890
48289,3135,-2888
48290,-960,-4933
48291,-3006,186
48292,1089,-1861
48293,-1982,-3907
48294,-957,3260
48295,7232,3259
48296,6205,-1860
48297,1084,-6976
48298,-7104,-4925
48299,-4030,5313
48300,2113,3264
48301,64,11451
48302,-959,5305
48303,6206,-1862
48304,7227,-4931
48305,3130,-6975
48306,-1989,-5948
48307,-10176,-7992
48308,1087,-823
48309,-4031,2248
48310,4159,6341
48311,6204,5315
48312,10295,194
48313,1078,-1853
48314,4148,-3899
48315,-4042,-1850
48316,-5063,-825
48317,-4037,3270
48318,1082,4292
48319,3129,6337
48320,4151,4287
48321,3126,-4926
48322,53,-4923
48323,52,-7991
48324,-3018,1224
48325,1077,6341
48326,6194,3268
48327,7215,2243
48328,-2000,-6969
48329,-1999,-3895
48330,-3021,200
48331,-5066,3271
48332,-3016,10434
48333,8244,-3900
48334,7217,-6968
48335,1072,-6964
48336,-1999,-2866
48337,-5068,4300
48338,3123,8392
48339,-3019,2247
48340,-1994,6340
48341,1077,5314
48342,7218,1217
48343,8238,192
48344,4140,191
48345,43,-3903
48346,-10192,-2877
48347,-5069,4289
48348,-972,8381
48349,4146,3260
48350,9262,3259
48351,3117,-6977
48352,-4049,-4926
48353,-4047,-829
48354,-7115,4289
48355,-3017,2240
48356,4149,-2878
48357,1076,-3900
48358,-4042,-827
48359,-4040,-826
48360,-3014,8386
48361,5176,6335
48362,6197,-1856
48363,1076,-5949
48364,-5065,-3899
48365,-4039,2244
48366,-5060,4290
48367,5178,-2876
48368,-965,-6968
48369,-6082,1223
48370,-961,2246
48371,7228,1221
48372,5178,-4920
48373,-7106,-3894
48374,-7102,2249
48375,65,7366
48376,5183,1221
48377,2110,-5944
48378,-3008,-2870
48379,9276,8390
48380,2107,-4919
48381,58,-3893
48382,-4036,3274
48383,7225,5320
48384,2104,-5941
48385,55,-1844
48386,-3015,7369
48387,7222,-4916
48388,2101,-3890
48389,-4041,-2864
48390,54,6349
48391,7219,6346
48392,3122,-2868
48393,-7114,1227
48394,-6087,7368
48395,5175,4294
48396,8243,-3896
48397,-7113,-10035
48398,2102,4299
48399,9266,5321
48400,7215,-7987
48401,3118,-7983
48402,3117,2256
48403,3116,5326
48404,6185,-2864
48405,-6100,-2862
48406,-5073,5328
48407,3118,4302
48408,5164,-2864
48409,-3026,-2862
48410,-5071,1233
48411,5167,5327
48412,6188,206
48413,-6097,-4911
48414,-2000,6350
48415,6189,4300
48416,5163,-819
48417,-3027,-2865
48418,-978,3278
48419,3117,6347
48420,6186,202
48421,1065,-4915
48422,-4053,204
48423,1066,5322
48424,6183,-821
48425,-5078,202
48426,1065,6343
48427,10276,2246
48428,-3034,-4919
48429,-6103,4295
48430,6182,3270
48431,2085,-3896
48432,-7127,-1847
48433,3112,5319
48434,4134,-3895
48435,-6103,3272
48436,7206,2247
48437,3109,-4918
48438,-5080,3273
48439,2087,2248
48440,3110,-823
48441,-2009,200
48442,-2008,-1847
48443,3111,-2869
48444,-3031,-3891
48445,-4053,7370
48446,6184,4296
48447,39,-3894
48448,5157,5320
48449,3108,4294
48450,1059,-5943
48451,-4059,-822
48452,1060,5320
48453,5154,-1847
48454,-3036,-5940
48455,-2011,203
48456,5155,202
48457,5153,201
48458,-990,-5940
48459,-2013,5322
48460,6176,1225
48461,3103,-2869
48462,-4063,202
48463,-2014,7367
48464,7199,198
48465,30,-1849
48466,-6111,2246
48467,3104,4292
48468,6173,-1851
48469,-3041,-2873
48470,-3039,5317
48471,2080,-2873
48472,-6109,-1848
48473,34,5318
48474,7199,-825
48475,-992,-3895
48476,-5085,3272
48477,3106,3271
48478,3105,-1848
48479,-990,-4917
48480,-5083,202
48481,1060,5320
48482,2083,-4917
48483,-5082,-2867
48484,-4056,4299
48485,2087,6344
48486,3110,-1847
48487,1061,-5940
48488,-2010,-819
48489,-6103,5323
48490,4135,5321
48491,7204,3272
48492,4130,-3894
48493,1057,-3892
48494,-990,4298
48495,5152,6343
48496,7197,-1848
48497,1052,-4917
48498,-4066,-2867
48499,-2017,6346
48500,2078,4296
48501,5148,4294
48502,5146,-2872
48503,25,-3894
48504,-5092,201
48505,5146,4295
48506,4120,1222
48507,7189,197
48508,1044,-3897
48509,-2027,-1848
48510,20,3271
48511,2067,6340
48512,5137,2243
48513,2064,-828
48514,-2031,-6968
48515,-2030,3271
48516,-1005,2246
48517,4113,1221
48518,5135,-1850
48519,-1008,-3896
48520,-4078,1223
48521,-4076,3270
48522,5138,3269
48523,6159,2244
48524,2062,-3898
48525,-3056,-1849
48526,-4078,3270
48527,-1005,-825
48528,4113,-1848
48529,10252,-3894
48530,-2035,-3892
48531,-5104,-6960
48532,-3054,207
48533,-5099,3278
48534,4115,8394
48535,6160,3273
48536,5134,-822
48537,3085,-4915
48538,-2034,-1842
48539,-4080,-1841
48540,-2031,4301
48541,4111,1228
48542,7180,-1843
48543,1035,-2865
48544,-3059,-4910
48545,-4081,209
48546,-4079,3280
48547,3088,5326
48548,6157,3277
48549,5131,-1842
48550,2058,-3888
48551,-2037,4302
48552,10,6347
48553,9,5321
48554,3080,2248
48555,5126,2247
48556,3077,-2871
48557,4,-5940
48558,-3066,-1843
48559,-3064,1228
48560,7,2251
48561,2054,2250
48562,2053,4296
48563,2052,-3894
48564,-3066,-1845
48565,-5111,-820
48566,-3061,3275
48567,-1012,4297
48568,2059,3272
48569,6152,199
48570,2055,-824
48571,1030,-1847
48572,5,-2869
48573,-2042,-3891
48574,-1017,6346
48575,7172,-821
48576,10239,2250
48577,1022,201
48578,-1,-5940
48579,-2047,-3890
48580,-5116,2253
48581,1027,6346
48582,4097,4296
48583,5119,1223
48584,3070,-1848
48585,-1025,-823
48586,2046,1224
48587,-1025,3271
48588,1022,5317
48589,4093,2244
48590,4092,-3898
48591,3067,-1849
48592,-1028,-3895
48593,-4097,-822
48594,-2047,3273
48595,3072,4295
48596,1023,5317
48597,3070,-2873
48598,2045,-2871
48599,-2049,-1846
48600,-3071,-821
48601,0,-820
48602,-2047,5322
48603,0,5320
48604,2047,4294
48605,3070,2245
48606,4093,196
48607,2044,-2874
48608,2043,-4919
48609,-4098,200
48610,-1025,2247
48611,-4094,2246
48612,-1021,4292
48613,-1020,5314
48614,3,4288
48615,2050,4286
48616,4096,189
48617,5118,-834
48618,5116,189
48619,5114,-834
48620,1017,189
48621,-1030,-3905
48622,-3076,-4926
48623,1019,-2876
48624,-2051,-827
48625,1020,1220
48626,-1027,3267
48627,-1026,4289
48628,-1025,2240
48629,0,3263
48630,-1023,4285
48631,-2046,7354
48632,7167,-2884
48633,2046,2235
48634,4093,-1860
48635,3068,-3906
48636,-1027,-3904
48637,-3073,2239
48638,-2047,2238
48639,0,4284
48640,0,3259
48641,3071,186
48642,5117,185
48643,1020,-1862
48644,2043,2233
48645,-4098,3256
48646,-1,6325
48647,3070,3252
48648,2045,-3914
48649,-3073,-4935
48650,-3071,184
48651,0,3255
48652,3071,3254
48653,4094,-1865
48654,-1025,-1864
48655,-1024,183
48656,-1023,3254
48657,4095,2229
48658,3070,180
48659,-1,-2890
48660,-2047,-3912
48661,-3069,1207
48662,-2044,3254
48663,1027,4276
48664,4097,1203
48665,2048,-3915
48666,-5117,-842
48667,-3067,2229
48668,4,4275
48669,2051,1202
48670,5121,-845
48671,2048,1202
48672,-5117,177
48673,-3067,4271
48674,-1018,3246
48675,3077,3245
48676,9217,1196
48677,0,-1875
48678,-3070,4267
48679,-1021,8359
48680,3074,5285
48681,3073,164
48682,2048,-4953
48683,-1023,-2903
48684,7166,168
48685,-2048,167
48686,-1023,4261
48687,3072,2212
48688,0,-3930
48689,0,-3928
48690,-1023,2215
48691,3072,5285
48692,3071,2212
48693,5117,-1883
48694,3068,-858
48695,-1027,-2904
48696,-3073,-855
48697,-2047,3240
48698,-1022,2215
48699,3073,3238
48700,4095,1189
48701,-1024,-4952
48702,-3070,-855
48703,-3068,-854
48704,-4090,1193
48705,-2041,3240
48706,1030,3239
48707,3077,4261
48708,4099,4259
48709,2050,3234
48710,2049,2209
48711,3072,2208
48712,3071,-1887
48713,-1024,-862
48714,4094,-2908
48715,2045,-2906
48716,2044,-4951
48717,2043,-2901
48718,-4,-5970
48719,2043,-3920
48720,-4,-847
48721,-3,-2893
48722,-2049,-2891
48723,-2047,-1866
48724,0,181
48725,0,5299
48726,-1023,4273
48727,-2046,1200
48728,-1021,1199
48729,-2044,2222
48730,-3066,5292
48731,-6135,2219
48732,-2038,4265
48733,-2037,3240
48734,1034,2215
48735,3081,-856
48736,8,3239
48737,2055,1190
48738,3078,165
48739,3077,164
48740,3076,-859
48741,3075,-858
48742,1026,165
48743,3073,-858
48744,4095,-1881
48745,2046,-2903
48746,-1,-854
48747,-1024,-853
48748,-1023,-852
48749,0,-1875
48750,0,-1874
48751,-2047,1197
48752,-4093,172
48753,-2044,171
48754,-2043,-852
48755,-3065,171
48756,-2040,1194
48757,-3062,1193
48758,1033,3240
48759,8,4262
48760,1031,5284
48761,4101,1187
48762,3076,2210
48763,1027,3233
48764,2050,2208
48765,2049,2207
48766,4095,2206
48767,4094,1181
48768,2045,-866
48769,2044,-1889
48770,2043,-2911
48771,-2051,-1886
48772,-1026,-1885
48773,-2048,-860
48774,-3070,-859
48775,-5115,164
48776,-4089,1187
48777,-2040,1186
48778,-1015,4256
48779,-4085,3231
48780,-1012,2206
48781,-1011,3229
48782,-1010,2204
48783,13,1179
48784,1036,154
48785,1035,4248
48786,-3059,1175
48787,-2034,1174
48788,-2033,-1897
48789,-2032,-872
48790,-1007,-1895
48791,1040,-2917
48792,3087,-1892
48793,3086,-2914
48794,-1009,-865
48795,4109,158
48796,3084,3229
48797,1035,3228
48798,1034,3227
48799,-1013,4249
48800,-2036,152
48801,-3058,-1895
48802,-1009,-1894
48803,1038,-1893
48804,-1009,-1892
48805,2062,-1891
48806,4108,-866
48807,3083,1181
48808,2058,1180
48809,2057,3227
48810,3080,-3939
48811,25596,20627
48812,-11262,19594
48813,-8186,-18285
48814,26617,-19299
48815,5111,17557
48816,-5126,-24415
48817,22512,8349
48818,-12297,17557
48819,-12290,-9062
48820,20469,-28504
48821,11248,20638
48822,-22532,10393
48823,-7168,-22364
48824,24564,163
48825,-11,30868
48826,-24574,-9063
48827,19449,14482
48828,-12288,17546
48829,-25587,-18285
48830,11272,-14182
48831,7173,26765
48832,-23535,3212
48833,1040,-26471
48834,24580,4247
48835,-2043,17551
48836,-21488,-14186
48837,17416,-19296
48838,12290,23701
48839,-8186,-24415
48840,25594,-862
48841,7159,18585
48842,-25596,1176
48843,7169,-20318
48844,18424,9374
48845,-13313,16534
48846,-17400,-21343
48847,20478,-10074
48848,19445,26777
48849,-18433,-1894
48850,19446,4248
48851,-10244,20622
48852,-31732,-5999
48853,16388,-14184
48854,16380,17552
48855,-17403,18567
48856,-10230,-23405
48857,23551,-1900
48858,-4094,21642
48859,-22515,-8050
48860,6154,-17257
48861,20480,17551
48862,-17399,-19303
48863,22526,-15199
48864,14328,16537
48865,-26618,6294
48866,-11252,-21343
48867,21506,9373
48868,-5115,23698
48869,-10230,-8042
48870,17410,-19296
48871,16378,10395
48872,-21499,7320
48873,18428,-2918
48874,1019,30859
48875,-26615,1162
48876,6150,-27496
48877,18429,14481
48878,-15355,19592
48879,-17394,-20334
48880,16390,-10089
48881,10241,27786
48882,-29680,17538
48883,5134,-19316
48884,28672,6281
48885,-27634,-11121
48886,7179,-30562
48887,12293,19605
48888,-22512,26760
48889,-6125,-21357
48890,24583,-2923
48891,13313,25737
48892,-23539,-8051
48893,9225,-25446
48894,17409,3225
48895,-21492,22670
48896,21506,-8046
48897,16378,20616
48898,-11264,-887
48899,-1023,-24427
48900,7166,28807
48901,-27636,4229
48902,-13293,-30572
48903,25607,5266
48904,3078,36992
48905,-37863,127
48906,14354,-31601
48907,1041,12425
48908,-27617,-21356
48909,25619,-2922
48910,10254,25738
48911,-40926,-11120
48912,6175,-36702
48913,31760,14491
48914,-13289,38025
48915,-34776,-22380
48916,11299,-21345
48917,8223,34958
48918,-27603,2189
48919,36891,-8047
48920,7192,25733
48921,-32728,-12149
48922,15393,-25448
48923,27668,17552
48924,-13285,36990
48925,-9184,-25461
48926,30737,-11119
48927,12299,4239
48928,-24553,-11115
48929,6164,-32603
48930,14349,8353
48931,-20457,-22356
48932,24587,-8016
48933,30716,19623
48934,-20473,7332
48935,-14322,-33611
48936,20484,-14148
48937,2051,37034
48938,-31725,-5971
48939,20489,-16203
48940,18432,25769
48941,-33775,19616
48942,27652,-21333
48943,11263,21665
48944,-37870,7326
48945,7183,-31570
48946,31744,15527
48947,-12282,25755
48948,-15346,-22362
48949,24578,-24398
48950,19449,36001
48951,-27641,16537
48952,-11251,-32599
48953,17413,10404
48954,-26606,1187
48955,12300,-33612
48956,24576,19627
48957,-23540,5289
48958,-16364,-25418
48959,24584,-9029
48960,5126,40104
48961,-27628,-4949
48962,4114,-34628
48963,32770,-835
48964,-6139,36012
48965,14334,-11086
48966,7163,31907
48967,-23545,14492
48968,-1016,-29525
48969,23549,1194
48970,-7167,39063
48971,-28657,-21342
48972,19462,-30543
48973,34805,16553
48974,-14339,31898
48975,-10237,-33621
48976,35826,170
48977,-27648,2217
48978,-4094,-25418
48979,27637,-2888
48980,-18433,27819
48981,-25588,-14158
48982,24576,-28480
48983,28658,20662
48984,-31742,16558
48985,-2045,-32578
48986,17403,-2880
48987,-19451,20662
48988,22522,-24382
48989,24559,15547
48990,-20486,22704
48991,-11264,-22341
48992,21494,-17212
48993,8179,27831
48994,-37882,9395
48995,-8182,-24385
48996,34809,22708
48997,-1030,29862
48998,-10240,-16210
48999,27635,-17225
49000,-29694,12465
49001,-13303,-23363
49002,22526,-10046
49003,16375,29876
49004,-31737,-5961
49005,6,-34616
49006,23547,13506
49007,-23545,8382
49008,-17392,-31538
49009,9228,-12076
49010,1035,26823
49011,2058,-15153
49012,37880,-4910
49013,-12289,31939
49014,-31729,-15157
49015,8203,-20267
49016,3082,31942
49017,-24554,15551
49018,-6119,-31537
49019,27660,-6957
49020,-1011,27846
49021,-29668,-3896
49022,3099,-28458
49023,-19419,31943
49024,1060,-4918
49025,26647,-14127
49026,18446,22726
49027,-20456,-10037
49028,-4070,-24361
49029,31755,12497
49030,-8177,31938
49031,-31713,-5947
49032,8219,-21296
49033,29709,15561
49034,-17386,-27433
49035,22539,-13090
49036,-9200,18645
49037,-19430,-13092
49038,11285,-30485
49039,23562,15588
49040,-10225,26839
49041,-6126,-18208
49042,26629,-24340
49043,8193,31965
49044,-33774,220
49045,-4076,-12062
49046,-12262,34002
49047,-4068,-16166
49048,18451,-22299
49049,20489,21723
49050,-29672,4313
49051,-17375,-23323
49052,27668,-3865
49053,4114,36054
49054,-16358,-4903
49055,12308,-26394
49056,20490,19677
49057,-20460,-24343
49058,17420,-21260
49059,20482,22761
49060,-27632,11492
49061,6157,-19218
49062,38906,-785
49063,-13311,20709
49064,-26610,-6935
49065,16390,-18190
49066,12288,25830
49067,-37869,2277
49068,-9192,-39687
49069,10259,23790
49070,-14310,-3856
49071,1049,-27394
49072,10260,253
49073,-21473,23794
49074,-10204,-7946
49075,24600,-15106
49076,10259,38124
49077,-13286,-6928
49078,2073,-29441
49079,20495,12537
49080,-20455,1272
49081,9237,-20222
49082,25609,15611
49083,-10226,7416
49084,6155,-33527
49085,29693,-2805
49086,-9214,24831
49087,-17397,-3839
49088,17411,-21236
49089,20473,16644
49090,-8194,24824
49091,-18424,-12034
49092,11267,33006
49093,-38890,1261
49094,-7142,-16139
49095,19473,12527
49096,-16359,27874
49097,-38868,-18197
49098,28702,-14094
49099,19477,12524
49100,-15331,12518
49101,-13276,-15122
49102,30741,-2832
49103,-24543,-783
49104,9245,-24323
49105,30734,18676
49106,-18409,23785
49107,-23517,-22284
49108,23576,-14085
49109,12306,21745
49110,-9193,13547
49111,-1000,-27399
49112,26635,-774
49113,10,14579
49114,-25577,-18180
49115,13329,19699
49116,-26594,21737
49117,-2017,-30472
49118,24595,-2822
49119,18,18673
49120,-20452,-6923
49121,-2019,-20225
49122,10264,18678
49123,-30681,19693
49124,-13266,-16139
49125,24610,-9990
49126,-13271,2297
49127,7206,-29432
49128,26649,263
49129,7190,23804
49130,-13283,251
49131,6170,-6913
49132,18449,21749
49133,-11241,7410
49134,5141,-24322
49135,36867,253
49136,-1020,29935
49137,-22513,-5902
49138,18438,17642
49139,2053,15587
49140,-19441,-10008
49141,20485,-14097
49142,-5112,7404
49143,-33767,-5905
49144,-3045,-14090
49145,22544,9458
49146,-14313,20712
49147,-18400,-5909
49148,18455,-17164
49149,-15329,17644
49150,-16345,-21257
49151,8227,10482
49152,-9176,36065
49153,-27594,-798
49154,13360,-28432
49155,23589,11499
49156,-16339,29917
49157,-16331,-26390
49158,32805,-16142
49159,10272,25830
49160,-24532,7395
49161,28702,10462
49162,29,4316
49163,-15323,-14109
49164,25625,-24337
49165,18448,18662
49166,-13289,16606
49167,-2024,-21271
49168,23565,4327
49169,2060,24795
49170,-24552,-4898
49171,4118,-22295
49172,-29659,10468
49173,-23503,-24336
49174,27684,239
49175,5154,20709
49176,-27600,-1818
49177,8236,-24334
49178,25632,5360
49179,31,22757
49180,-24533,-13076
49181,16419,-8975
49182,18458,26852
49183,-10209,10463
49184,25619,-2847
49185,18,26836
49186,-18405,211
49187,3098,-23329
49188,22543,222
49189,-14314,22739
49190,-12260,-17188
49191,18451,-16156
49192,11278,27863
49193,-23526,2262
49194,7191,-20256
49195,-8165,26835
49196,-16349,-7977
49197,10270,-17184
49198,14359,14553
49199,-17376,9429
49200,-8156,-26398
49201,15389,5344
49202,-6112,23765
49203,-28626,-1834
49204,13352,-18209
49205,19487,15576
49206,-19415,12498
49207,11300,209
49208,11295,16585
49209,-27603,3272
49210,6186,-16176
49211,31771,21702
49212,-7137,18621
49213,-18392,-11069
49214,19487,-15157
49215,11290,22720
49216,-27608,10427
49217,-8148,-20283
49218,1067,8385
49219,-20427,-3901
49220,13359,-25392
49221,13353,10443
49222,-22476,11462
49223,-12230,-20272
49224,22575,-16168
49225,7212,18639
49226,-21449,4301
49227,6196,-18218
49228,11311,8402
49229,-6094,18633
49230,16426,8389
49231,9254,31926
49232,-20432,11441
49233,47,-27457
49234,26658,190
49235,-4060,25778
49236,-23504,-1869
49237,10283,-16197
49238,14372,17587
49239,-11222,13485
49240,-9169,-14156
49241,6188,16556
49242,-27590,-6992
49243,5176,-20294
49244,25644,4280
49245,-16332,22701
49246,-16324,-13132
49247,8248,-17219
49248,17456,23730
49249,-21445,5296
49250,-964,-22341
49251,11319,6328
49252,-5062,25772
49253,9270,-22345
49254,16430,21677
49255,-18377,16549
49256,-8133,-15187
49257,24623,-6991
49258,4141,22694
49259,-22472,165
49260,4150,-18258
49261,26665,16550
49262,-6100,26777
49263,-15308,-18270
49264,11311,23703
49265,-22470,6292
49266,1081,-17251
49267,23598,1180
49268,2093,27791
49269,-18378,-4974
49270,16430,-23394
49271,7211,19605
49272,-25544,15502
49273,-13249,-21351
49274,24627,-1894
49275,-972,31883
49276,7217,-20331
49277,20519,11408
49278,-14290,16520
49279,-24518,-15216
49280,17458,-11114
49281,10285,23691
49282,-19401,6280
49283,3126,-23404
49284,20524,4242
49285,-9167,22663
49286,-22468,-9076
49287,13366,17540
49288,-18369,18555
49289,62,-19323
49290,33838,132
49291,4140,24696
49292,-25543,-2950
49293,4151,-26489
49294,26666,16511
49295,-14287,22644
49296,-8139,-19330
49297,20523,-9085
49298,16419,23672
49299,-3035,-29561
49300,21531,2182
49301,-8161,27769
49302,-23509,-10114
49303,13349,-22391
49304,15390,13443
49305,-19416,14460
49306,-9171,-21369
49307,20515,-1912
49308,6176,21630
49309,-28626,2173
49310,27681,18548
49311,-13272,17516
49312,-22477,-17291
49313,18474,-16259
49314,13348,24689
49315,-19410,5231
49316,4140,-21382
49317,23585,3193
49318,-4061,29803
49319,-23505,-9104
49320,26658,-22405
49321,17434,18546
49322,-9185,-21379
49323,26642,-9086
49324,1041,21624
49325,-27617,4214
49326,5149,-21375
49327,21523,9341
49328,-16357,14454
49329,-21466,-23422
49330,19485,-20340
49331,13335,36986
49332,-29658,15475
49333,27673,3186
49334,-998,24678
49335,-22491,-10133
49336,10272,-21386
49337,14361,21612
49338,-29656,23649
49339,-15312,-21396
49340,29730,-1939
49341,4128,32861
49342,-29649,-6048
49343,4141,-27538
49344,21539,13416
49345,-25552,-21389
49346,20518,-15237
49347,19485,22640
49348,-20441,7277
49349,-984,-32643
49350,31769,-3969
49351,-12257,26738
49352,-24533,-11144
49353,22560,-27514
49354,18455,20604
49355,-22494,10359
49356,28692,-10116
49357,2067,24688
49358,-34780,-3982
49359,4130,-20356
49360,29716,18547
49361,-12262,19562
49362,-17373,-23434
49363,21529,-12164
49364,12307,26735
49365,-22498,11370
49366,-4064,-29575
49367,23573,3192
49368,-22496,-8068
49369,19479,-26487
49370,22540,16513
49371,-29669,20599
49372,-13278,-26492
49373,30739,-8056
49374,3090,25724
49375,-25569,-1923
49376,8219,-25462
49377,32779,13444
49378,-14318,22649
49379,21512,-23419
49380,13314,26744
49381,-27632,13426
49382,-1007,-33661
49383,26628,130
49384,-8184,27765
49385,-23532,-3977
49386,14349,-24445
49387,18436,17531
49388,-31724,20593
49389,-10215,-22404
49390,30730,-899
49391,-31718,1148
49392,9238,-25463
49393,29704,11396
49394,-12274,21626
49395,-24550,-24442
49396,20496,-12148
49397,14345,31869
49398,-27625,8313
49399,-3047,-31607
49400,32777,-886
49401,-8179,28796
49402,8201,-28534
49403,22526,13444
49404,-23542,16508
49405,-12272,-21369
49406,30721,-15217
49407,7166,27778
49408,-31730,-1917
49409,5132,-25456
49410,24576,12426
49411,-16376,27773
49412,-24556,-22392
49413,20490,-13169
49414,-25577,8331
49415,-10212,-32613
49416,29710,-2915
49417,-2033,33933
49418,-23525,-11117
49419,22544,-27487
49420,23557,18584
49421,-23535,21646
49422,-13288,-22375
49423,27659,-15199
49424,11270,26772
49425,5,-24416
49426,32757,7325
49427,-8198,28815
49428,-23546,-19303
49429,21500,-21340
49430,16373,26775
49431,-31739,10386
49432,-3065,-30559
49433,29689,160
49434,-2053,31889
49435,-26615,-2925
49436,13315,-30558
49437,-26608,19609
49438,-22501,-26458
49439,28685,-6998
49440,8201,27805
49441,-28649,1180
49442,4117,-24408
49443,26632,6309
49444,-16368,22682
49445,-27618,-17245
49446,17430,-21330
49447,19469,30879
49448,-16363,-28499
49449,31750,-3921
49450,-2041,31904
49451,-24557,-10075
49452,16395,-28493
49453,26622,13485
49454,-20471,22690
49455,-12273,-20308
49456,31744,-11086
49457,9212,27813
49458,-35826,-2905
49459,6155,-26444
49460,-9200,30885
49461,-30689,-17234
49462,18454,-19272
49463,17422,22701
49464,-25573,7338
49465,-7137,-31558
49466,27666,-6978
49467,-3052,33966
49468,-27614,-3920
49469,18457,-27458
49470,24589,19637
49471,-14316,-21312
49472,30725,-14137
49473,11264,23740
49474,-27634,11447
49475,-2033,-25404
49476,29697,11455
49477,-11257,31920
49478,-28651,-13129
49479,22538,-19263
49480,20480,26804
49481,-22517,8368
49482,-8177,-32576
49483,2062,30897
49484,-23526,-846
49485,15379,-27456
49486,27654,15545
49487,-19440,20655
49488,-21477,-28483
49489,27662,-11069
49490,4108,29877
49491,-26599,7346
49492,24,-25409
49493,29706,7356
49494,-26601,-17211
49495,16399,-21296
49496,21509,22725
49497,-24559,12479
49498,-6124,-31537
49499,27655,-5934
49500,1030,33986
49501,-24558,-2876
49502,7183,-32556
49503,23556,19659
49504,-16372,27838
49505,-14317,-22327
49506,14348,28859
49507,-28646,5305
49508,2073,-27449
49509,31754,7364
49510,-13295,24760
49511,-32735,-11074
49512,14362,-21303
49513,24590,17601
49514,-20456,12475
49515,-7140,-31541
49516,33804,-2867
49517,-31716,-3889
49518,9240,-28451
49519,27659,18644
49520,-15341,25800
49521,-18404,-20270
49522,23569,-17189
49523,12299,22736
49524,-32741,3279
49525,26,-26404
49526,34825,5338
49527,-8179,24782
49528,-25574,-20264
49529,25614,19663
49530,-19432,20677
49531,-19422,-31531
49532,22551,-12069
49533,2070,29901
49534,-24542,2252
49535,9246,-30501
49536,22547,13525
49537,-15333,25801
49538,-18396,-21292
49539,26647,-15140
49540,-28635,13526
49541,-986,-26397
49542,31767,226
49543,-5094,28884
49544,-26585,-16164
49545,16415,-25367
49546,19478,24797
49547,-28636,17621
49548,-11222,-26398
49549,35865,-1821
49550,2072,28885
49551,-26587,-810
49552,19484,14543
49553,-12254,26818
49554,-15318,-16182
49555,28700,-17197
49556,13334,31940
49557,-26589,11455
49558,-988,-30514
49559,29718,7371
49560,-8166,22720
49561,-26585,-11066
49562,20509,-19248
49563,-20441,17608
49564,-15313,-24364
49565,27682,-12070
49566,1057,31947
49567,-29648,-1844
49568,6189,-25383
49569,26656,11476
49570,-14297,26823
49571,-18384,-19247
49572,22565,-11049
49573,7202,20685
49574,-27600,3276
49575,30753,6345
49576,-990,22718
49577,-23506,-12092
49578,17446,-18227
49579,22555,18628
49580,-20443,18619
49581,-10198,-22330
49582,20512,-4919
49583,2079,28859
49584,-26580,-2883
49585,12326,-24375
49586,-15314,23742
49587,-17353,-19256
49588,19502,-25387
49589,9258,23754
49590,-24522,10437
49591,-1993,-26414
49592,31784,4304
49593,-5077,24772
49594,-26568,-6968
49595,13362,-28458
49596,21544,23755
49597,-22477,13509
49598,24615,-5944
49599,7204,24764
49600,-23504,-835
49601,4142,-26422
49602,24610,8390
49603,-14295,22715
49604,-17358,-18236
49605,24614,-13109
49606,12320,27838
49607,-22485,9402
49608,-980,-28472
49609,-3026,23741
49610,-26565,-6975
49611,14388,-14136
49612,21546,19647
49613,-18381,17591
49614,-13254,-26428
49615,24622,-4921
49616,1069,27834
49617,-23495,-2884
49618,4151,-25399
49619,24619,7366
49620,-13262,21692
49621,20520,-17211
49622,13346,20667
49623,-24530,9399
49624,-2001,-23357
49625,28705,3266
49626,-3037,28852
49627,-23505,-9031
49628,14376,-17214
49629,19487,17594
49630,-20439,12468
49631,-9170,-20290
49632,7211,25778
49633,-26568,3249
49634,8244,-24387
49635,21546,9401
49636,-11216,22702
49637,-18375,-17225
49638,20527,-16193
49639,7212,21685
49640,-22473,9393
49641,-1992,-22340
49642,29738,187
49643,-3028,23728
49644,14373,-24388
49645,19484,16564
49646,-20442,14509
49647,-11220,-20297
49648,22561,-2887
49649,6174,25773
49650,-21463,-1874
49651,3112,-25413
49652,20510,7352
49653,-14299,19631
49654,-13268,-17224
49655,12326,23725
49656,-21455,12455
49657,-4045,-23373
49658,21545,178
49659,-4053,22695
49660,-21450,-4950
49661,9266,-16206
49662,19497,13484
49663,-17358,16548
49664,-9161,-21329
49665,24619,-3919
49666,7208,21671
49667,3111,-21326
49668,19486,10413
49669,-10205,18596
49670,-13270,-13141
49671,16418,-15181
49672,11293,17579
49673,-22488,6312
49674,1063,-21325
49675,25627,6320
49676,-9184,21670
49677,-21461,-5975
49678,22560,13475
49679,-15320,12445
49680,-5077,-18266
49681,20513,-6998
49682,-2014,23711
49683,-21459,-864
49684,7210,-21333
49685,20512,9383
49686,-12250,20637
49687,-14291,-17242
49688,17445,-16210
49689,8225,20644
49690,-3037,-17235
49691,21529,172
49692,-2022,20642
49693,-21467,-9049
49694,13343,-19279
49695,16407,15530
49696,-18400,13476
49697,-7132,-17235
49698,21530,-4944
49699,2073,20646
49700,-17374,-1881
49701,18457,9379
49702,-13280,20633
49703,-15320,-12129
49704,18463,-10076
49705,11290,23705
49706,-17373,4247
49707,34,-22366
49708,22551,2209
49709,-8165,18584
49710,-19419,-8036
49711,14366,-13149
49712,17430,17563
49713,-10213,-22362
49714,19474,-4951
49715,5136,21663
49716,-19430,-2911
49717,4120,-20309
49718,16400,9383
49719,-11242,14496
49720,-10213,-17239
49721,16403,-9042
49722,6160,18597
49723,-16360,164
49724,19471,3235
49725,-4079,22680
49726,-16359,-5989
49727,15378,-15197
49728,17418,10398
49729,-15342,10393
49730,-8170,-19293
49731,19469,-4954
49732,-1010,23707
49733,-21479,-3939
49734,11284,-19289
49735,17420,9379
49736,-15340,-17236
49737,13326,-11086
49738,5132,16554
49739,-17387,3241
49740,2068,-21324
49741,21514,5298
49742,-5107,21672
49743,-13292,-9043
49744,15373,-16203
49745,12295,16557
49746,-18416,12455
49747,18439,-1880
49748,-1016,19615
49749,-20462,1182
49750,6159,-16218
49751,19462,8354
49752,-14323,13468
49753,-10222,-17243
49754,18441,-8023
49755,8197,19616
49756,-18418,3231
49757,6155,-21334
49758,17411,5288
49759,-15349,-10067
49760,10246,-10062
49761,14335,17578
49762,-18423,11429
49763,-5108,-22352
49764,19459,-1871
49765,1026,20647
49766,-22515,-6997
49767,8201,-18252
49768,20479,15533
49769,-12282,12455
49770,20476,-10068
49771,8185,18595
49772,-18429,1186
49773,2050,-17237
49774,17402,5289
49775,-9217,24733
49776,-17400,-9054
49777,14337,-7002
49778,11260,16542
49779,-16379,7323
49780,-4089,-15197
49781,20477,-1884
49782,-19449,-7000
49783,8195,-19278
49784,21497,7343
49785,-17406,13481
49786,-10233,-17230
49787,17407,-5963
49788,6141,19628
49789,-16378,4266
49790,8194,-17229
49791,18425,7344
49792,-11265,20646
49793,17399,-19280
49794,8180,19623
49795,-22528,11426
49796,2047,-14167
49797,19446,-854
49798,-4103,16546
49799,-16382,-7002
49800,9214,-19280
49801,17398,11435
49802,-15362,6312
49803,-8189,-15184
49804,17403,-5965
49805,-22521,2226
49806,5125,-16198
49807,18428,9398
49808,-11262,22699
49809,-20468,-8017
49810,14341,-8013
49811,6146,19626
49812,-20468,11429
49813,-5105,-23375
49814,20485,-4940
49815,-6136,20650
49816,12290,-18253
49817,19449,12461
49818,-11265,11432
49819,-8188,-15184
49820,18427,-4941
49821,7160,22696
49822,-22524,167
49823,1027,-16209
49824,22520,12457
49825,-13313,19616
49826,-14329,-13145
49827,15360,-11091
49828,-22517,2220
49829,-4083,-25415
49830,21507,2232
49831,-6138,21678
49832,-29675,-6990
49833,13327,-21315
49834,25603,17589
49835,-17396,14510
49836,-3058,-17225
49837,21508,182
49838,3,25770
49839,2050,-18253
49840,17402,14508
49841,-10240,20642
49842,-16376,-15190
49843,12290,-17229
49844,12284,22696
49845,-23544,13474
49846,-2039,-20308
49847,25597,-3922
49848,-4096,16550
49849,-23540,-11092
49850,13318,-17227
49851,-18417,12463
49852,-11243,-12107
49853,26632,-6983
49854,4102,28843
49855,-21487,-852
49856,5135,-18251
49857,14344,7346
49858,-21485,22695
49859,-16357,-15185
49860,19474,-15177
49861,17,19630
49862,-1006,-27460
49863,29700,-4929
49864,-3066,24755
49865,-15346,-12103
49866,10249,-16191
49867,27644,20663
49868,-24567,13489
49869,-12273,-18246
49870,22532,185
49871,6145,26796
49872,-23539,-2898
49873,-1010,-17225
49874,-4080,31912
49875,-16360,-15184
49876,15377,-24388
49877,8205,11447
49878,-27621,4277
49879,26,-23359
49880,26637,1216
49881,-9198,25780
49882,-15334,-2890
49883,15379,-20288
49884,21513,20662
49885,-22508,-23358
49886,13326,-1853
49887,7179,29877
49888,-26600,1204
49889,4118,-24384
49890,33798,9404
49891,-15346,30893
49892,-25573,-17226
49893,17427,-21311
49894,13325,25781
49895,-22504,2228
49896,-999,-29501
49897,-10210,23736
49898,-22487,-1863
49899,21535,-15167
49900,16407,24757
49901,-21470,14510
49902,-12248,-13131
49903,31769,-4936
49904,17425,27819
49905,-28641,-3923
49906,1054,-26438
49907,15383,8374
49908,-16353,-19264
49909,23572,-17207
49910,12302,23742
49911,-28644,19637
49912,-2019,-34618
49913,34828,-1849
49914,-7152,29881
49915,-31712,-3909
49916,14361,-27447
49917,17425,20671
49918,-13288,11450
49919,-5093,-25401
49920,13333,33975
49921,-34778,2230
49922,2085,-31546
49923,27672,8386
49924,-16352,18617
49925,-11226,-18238
49926,20508,-16182
49927,13334,17602
49928,-20448,9406
49929,11291,-31538
49930,26638,2253
49931,-20456,204
49932,11283,-25383
49933,31748,14546
49934,-16372,10445
49935,-22505,-21288
49936,29705,-6948
49937,3080,29902
49938,-25579,14535
49939,7186,-26412
49940,31747,13518
49941,-1020,14535
49942,-20466,-20271
49943,15367,25797
49944,-20463,16573
49945,-5100,-31539
49946,33796,6346
49947,-5113,23743
49948,-24557,-2879
49949,15372,-39723
49950,30717,18636
49951,-25590,27839
49952,-17389,-18232
49953,27654,-4917
49954,-34793,8391
49955,6164,-28459
49956,23561,4307
49957,-11249,25799
49958,-14314,-27435
49959,27657,-13092
49960,23550,29902
49961,-17401,16582
49962,-9204,-32554
49963,28670,-14115
49964,-6142,24785
49965,-29679,-11049
49966,21511,13521
49967,-22510,17609
49968,-17381,-24363
49969,27662,-8998
49970,5132,13524
49971,-32740,5330
49972,-12254,-24354
49973,30739,6363
49974,4113,26830
49975,-9194,-17193
49976,27657,-17184
49977,-23531,14553
49978,-1002,-24347
49979,19469,1252
49980,1036,32980
49981,-24552,-4905
49982,15377,-28443
49983,13323,20699
49984,-23529,12501
49985,-20447,-30492
49986,27668,-3866
49987,9232,19677
49988,-36830,8409
49989,32786,8405
49990,2065,22730
49991,-33758,-15150
49992,23575,-20260
49993,13329,30925
49994,-24547,16581
49995,-4065,-16179
49996,31760,6346
