Sample_Index,col0,col1
0,0,-2
1,-2,-2
2,-3,1
3,0,0
4,0,0
5,0,3
6,2,-2
7,0,-2
8,0,3
9,0,-6
10,-6,0
11,2,6
12,-1,-9
13,-5,7
14,8,4
15,-3,-14
16,-3,17
17,13,-5
18,-12,-16
19,3,28
20,13,-24
21,-25,-7
22,17,38
23,4,-51
24,-36,25
25,45,32
26,-19,-86
27,-38,98
28,93,-37
29,-93,-94
30,-1,325
31,253,-1385
32,-1368,-4143
33,-4331,-2870
34,-5092,817
35,-2591,2279
36,312,2142
37,1500,1145
38,2176,-1041
39,2345,-2340
40,95,-2406
41,-2802,-2713
42,-3739,-1854
43,-3617,784
44,-2730,2223
45,-884,1976
46,529,2157
47,1197,1706
48,1446,-117
49,1592,-1079
50,1730,-1468
51,530,-2553
52,-1115,-3213
53,-1512,-3110
54,-2495,-2193
55,-3441,-384
56,-1980,645
57,-817,894
58,-1159,1656
59,-141,2062
60,1321,1691
61,1080,622
62,806,-1609
63,924,-3264
64,-561,-3219
65,-2299,-2603
66,-2422,-693
67,-2324,1465
68,-1057,1055
69,962,675
70,-30,1430
71,-466,854
72,1598,555
73,1030,-958
74,-167,-4084
75,-1017,-2538
76,-2506,-262
77,-413,-982
78,-888,846
79,-3474,997
80,1400,822
81,220,4196
82,-2413,-1671
83,14349,-5181
84,16091,9172
85,-14807,10508
86,-29305,-7127
87,-22329,-11374
88,-24385,-9401
89,-24219,-15436
90,-17726,-17589
91,-17761,-18614
92,-16007,-22651
93,-11612,-23412
94,-10849,-25122
95,-7701,-27340
96,-3800,-25248
97,-1735,-25266
98,2196,-27442
99,4772,-25731
100,7460,-24389
101,12459,-24751
102,14356,-22300
103,17211,-21072
104,20559,-20509
105,18906,-15222
106,24027,-14126
107,27582,-12912
108,7883,7056
109,-12115,26172
110,-13094,21448
111,-14063,15458
112,-17762,18430
113,-17715,16014
114,-19038,13324
115,-20980,12039
116,-23551,7156
117,-24498,7335
118,-22997,7247
119,-24988,-107
120,-22998,-3243
121,-18887,-4583
122,-21228,-8197
123,-18413,-8229
124,-18775,-14234
125,-20170,-18253
126,10384,110
127,38649,17726
128,25147,18096
129,17314,21647
130,28141,25759
131,24548,24716
132,19221,30329
133,18783,32007
134,12645,27868
135,9622,33363
136,5895,36506
137,-1285,32534
138,-3387,34407
139,-6503,34552
140,-10979,31979
141,-14360,32105
142,-20231,27232
143,-21086,26240
144,-22556,26480
145,-32242,5042
146,-29869,-19131
147,-17410,-22990
148,-22512,-24785
149,-37262,-31776
150,-33622,-35219
151,-11418,-33832
152,6037,-29482
153,8121,-30082
154,8831,-32265
155,13241,-29115
156,14013,-28185
157,16286,-25276
158,19070,-21676
159,14373,-30904
160,10847,-40026
161,14872,-39148
162,21777,-33794
163,28100,-23793
164,30096,-20507
165,30500,-19880
166,32578,-11516
167,34431,-13887
168,35906,-10511
169,19475,14608
170,-21940,12485
171,-40070,-16764
172,-9173,-25308
173,21947,-23969
174,24111,-25046
175,23291,-18395
176,29249,-15697
177,29326,-15453
178,29031,-10141
179,32625,-8333
180,31503,-5453
181,31513,1698
182,33332,6242
183,28507,9789
184,31262,12056
185,31529,14572
186,-1525,20484
187,-33734,21009
188,-30941,15456
189,-26885,11815
190,-31728,7463
191,-28428,2112
192,-28562,-621
193,-30691,-3232
194,-26813,-6074
195,-28952,-9405
196,-29275,-14106
197,-22221,-17342
198,-27875,-21405
199,-35669,-26389
200,-22656,-26418
201,-8582,-25292
202,-7616,-25907
203,-3218,-25522
204,1328,-27979
205,-3816,-31884
206,-4783,-34172
207,1837,-36040
208,6445,-33253
209,10911,-31972
210,14323,-34410
211,15009,-29073
212,20206,-29337
213,25602,-30313
214,22401,798
215,16485,31779
216,11861,28593
217,6932,27102
218,4896,32795
219,2358,28237
220,-4713,27849
221,-8886,28269
222,-9853,25833
223,-12923,27860
224,-15559,24807
225,-18828,22229
226,-20929,19824
227,-19464,11213
228,-25679,14730
229,-30526,9485
230,-15322,-13660
231,-2209,1109
232,-7626,33564
233,-12285,29051
234,-13149,20916
235,-17847,22004
236,-22411,15595
237,-26613,20363
238,-28659,22512
239,-28946,10799
240,-32485,12202
241,-33157,14372
242,-30396,2486
243,-30725,-4331
244,-29145,-5911
245,-26910,-8542
246,-28359,-10825
247,-25479,-16143
248,-22551,-21718
249,-27078,-25080
250,-25300,-25120
251,-16438,-23120
252,-15903,-26727
253,-16135,-29824
254,-8594,-27471
255,-4680,-29014
256,-4285,-31428
257,-452,-30072
258,3151,-29425
259,7712,-29152
260,13369,-30239
261,14462,-30243
262,15367,-23477
263,17996,-12781
264,14921,1488
265,10674,17055
266,13229,25291
267,10829,25233
268,-2113,20498
269,-4912,18610
270,-1096,18619
271,-16352,4902
272,-30680,-13368
273,-26085,-17347
274,-27255,-19325
275,-21578,-24629
276,157,-22041
277,-8564,-10929
278,-33105,9125
279,-26343,24716
280,-20308,19332
281,-30208,12063
282,-26889,10983
283,-23730,-2315
284,-26221,-15853
285,-19601,-16471
286,-21051,-19104
287,-23276,-20496
288,360,-13892
289,25594,-12972
290,26523,-12535
291,21536,-3216
292,27833,-157
293,30485,-1818
294,10947,7931
295,-10276,20413
296,-9719,25556
297,-8765,24073
298,-19032,14434
299,-23439,8769
300,-22395,11671
301,-21312,7078
302,-22250,463
303,-26943,-170
304,-24919,-5318
305,-23282,-7128
306,-29027,-2221
307,-24216,-4279
308,-21380,-10702
309,-26270,-19049
310,-3157,-18243
311,23918,5618
312,7503,19846
313,-17064,8352
314,-14626,2975
315,-8769,4347
316,-11648,1253
317,-11043,-401
318,-9867,-4545
319,-17653,-5345
320,-17569,-3835
321,2591,-12233
322,18035,-15574
323,22110,-12121
324,25087,-12579
325,14226,-339
326,2044,19138
327,6310,22367
328,4782,16501
329,-3127,15841
330,-5461,22845
331,-9677,27729
332,-7557,21996
333,-5154,16340
334,-14377,17088
335,-18615,21805
336,-23000,18925
337,-19880,-4796
338,12990,-13099
339,21617,13356
340,-16402,16537
341,-31655,-7207
342,-20807,-8573
343,-22585,-6227
344,-21064,-16745
345,-13615,-18066
346,-15545,-17697
347,-19447,-21238
348,-19627,-22170
349,-15444,-26004
350,-10057,-26376
351,-3947,-22402
352,5430,-22536
353,5138,-22762
354,150,-24557
355,6334,-22292
356,11496,-5776
357,17520,10638
358,21488,19175
359,-2619,18895
360,-18047,873
361,10148,-14279
362,29059,-8741
363,22800,-2786
364,25449,1384
365,16504,16387
366,-11403,27406
367,-19531,20682
368,-13564,814
369,-14585,-19168
370,-7364,-21668
371,8853,-13622
372,20844,-14361
373,26207,-7680
374,8259,10226
375,-20684,600
376,-8476,-21479
377,20055,-5509
378,2292,18849
379,-22918,15924
380,-15542,15907
381,-15815,18740
382,-22421,6237
383,-14903,850
384,-21456,1664
385,-26646,-5835
386,-4096,-11253
387,10014,-19795
388,12013,-22884
389,19067,1299
390,4540,17506
391,-14308,-3444
392,3939,-23999
393,23295,-15013
394,7458,7311
395,-9754,20003
396,-4934,22768
397,-3484,22519
398,-11266,17146
399,-8472,17936
400,-11239,18386
401,-19427,-6780
402,5099,-19886
403,22855,4902
404,-11990,13147
405,-32673,-2926
406,-7671,-12024
407,10402,-20569
408,10852,-21875
409,9221,-19821
410,13153,-22237
411,19732,1846
412,1619,18631
413,-15675,-14100
414,6866,-22293
415,11451,13705
416,-21104,13583
417,-23305,-9954
418,-13726,-7655
419,-23799,-11168
420,522,-17928
421,27205,8661
422,-5268,18172
423,-17046,-13961
424,18284,-12814
425,14828,16174
426,-12993,8181
427,-21467,-8403
428,-23222,-13182
429,-154,-21421
430,18925,-2385
431,-4465,19300
432,-3465,2927
433,13882,1788
434,-16292,9085
435,-18566,-17929
436,22677,-9444
437,5735,27610
438,-23681,-301
439,6210,-26161
440,15149,10504
441,-14023,11287
442,-10010,-18096
443,-651,1951
444,-16281,7743
445,-2102,-20441
446,23661,563
447,-3411,21533
448,-23280,-17728
449,13856,-22863
450,16485,19995
451,-23013,9498
452,-4548,-22076
453,25194,1821
454,-396,18050
455,1321,-4116
456,24297,6508
457,-9372,20602
458,-21186,-14343
459,21872,-13324
460,10653,28934
461,-27081,6162
462,492,-25832
463,21677,9957
464,-11053,18949
465,-16588,-10904
466,2348,4431
467,-11007,13275
468,-8406,-18002
469,20531,-6315
470,-7,24346
471,-26745,-1765
472,9499,-18268
473,21845,17423
474,-17918,15039
475,-9144,-24505
476,22054,-8093
477,2021,20044
478,-3407,-2716
479,19378,662
480,-4282,26453
481,-21792,-8812
482,16645,-27258
483,16244,19603
484,-22922,13997
485,-1833,-26073
486,27015,405
487,-5704,18484
488,-18490,-9781
489,5674,2494
490,-8711,19449
491,-18536,-13784
492,17380,-13365
493,10780,23739
494,-27223,2831
495,546,-29194
496,27427,6032
497,-11239,23826
498,-15986,-18962
499,18881,-17879
500,6501,19941
501,-2005,2017
502,24001,-11148
503,2290,19140
504,-28869,1654
505,7250,-24087
506,23611,14845
507,-17941,17325
508,-12572,-25588
509,25814,-3843
510,4152,22001
511,-22279,-8946
512,-1939,-3065
513,-6246,23441
514,-21810,-9083
515,12829,-21350
516,22286,21471
517,-20177,12575
518,-9962,-28637
519,26521,-919
520,-3088,27769
521,-24113,-11482
522,12870,-20199
523,18538,14286
524,647,-2427
525,19320,-15666
526,11829,20629
527,-26181,4690
528,-2159,-31791
529,29136,9319
530,-10681,28108
531,-20392,-20505
532,25276,-15432
533,10331,21064
534,-24214,3256
535,3194,-280
536,3439,26717
537,-27762,567
538,6819,-27337
539,28852,11634
540,-21853,20429
541,-20215,-25781
542,28660,-9512
543,4218,33586
544,-27782,-1016
545,8972,-24366
546,20845,12919
547,-4530,2265
548,12544,-22289
549,16273,19786
550,-28205,22409
551,-13870,-28738
552,32976,-6256
553,-2921,29038
554,-32082,-13379
555,17975,-23197
556,21290,23374
557,-18994,16916
558,4361,-3147
559,15773,21578
560,-23566,7909
561,-5541,-30326
562,28310,2721
563,-10926,29503
564,-26755,-18437
565,19440,-23567
566,13927,24673
567,-28263,6452
568,-5203,-26054
569,26063,1986
570,2134,470
571,3700,-24483
572,22653,13000
573,-17431,26761
574,-24507,-24826
575,31213,-15050
576,11533,32874
577,-33362,2719
578,9135,-27466
579,24548,10485
580,-17686,19570
581,-640,-1731
582,18577,19505
583,-22126,17640
584,-14912,-26943
585,31320,-7691
586,3552,31483
587,-31005,-7939
588,13166,-27097
589,26588,21833
590,-26798,18488
591,-16469,-20916
592,29555,-4333
593,3205,3064
594,-8329,-23815
595,25331,196
596,-6358,27069
597,-32734,-14717
598,21701,-23376
599,19738,28287
600,-32261,13202
601,-401,-36240
602,29369,-3112
603,-10187,30414
604,-2529,1787
605,26401,9374
606,-14267,26036
607,-24007,-20464
608,28196,-20876
609,12524,33749
610,-33800,5890
611,4125,-35509
612,32985,12764
613,-16095,28875
614,-21795,-21247
615,19114,-19477
616,-1493,-1276
617,-16204,-26847
618,25832,-10867
619,8959,30609
620,-32340,-2301
621,13272,-30392
622,32746,17290
623,-25913,21892
624,-18845,-28187
625,26583,-8423
626,5045,28493
627,-171,-1117
628,27274,-1581
629,-7861,29107
630,-32283,-8779
631,19315,-31177
632,21904,21275
633,-32091,17011
634,-9179,-32858
635,34841,-2232
636,-5895,33494
637,-28454,-7228
638,12955,-23902
639,2858,61
640,-22373,-17228
641,19669,-21170
642,19448,23854
643,-31787,8932
644,-781,-36568
645,34701,6069
646,-18693,35552
647,-28498,-20111
648,22823,-17692
649,14708,27238
650,334,-5041
651,28494,-16616
652,4587,29107
653,-34550,4281
654,7160,-31405
655,30805,17289
656,-21360,28509
657,-19081,-27336
658,32626,-15302
659,6545,31347
660,-28561,2090
661,6823,-27234
662,5567,1195
663,-25153,-5738
664,14421,-27290
665,28830,15658
666,-27599,21901
667,-15837,-31058
668,33313,-2987
669,-2423,40031
670,-31808,-12917
671,11745,-26561
672,21778,22936
673,168,-208
674,21608,-20934
675,18162,30118
676,-27492,19156
677,-5659,-34064
678,35222,1190
679,-8872,34039
680,-29053,-18941
681,24786,-28023
682,14799,27761
683,-32708,14447
684,-6885,-27279
685,4808,-961
686,-29036,3771
687,87,-28961
688,31636,5952
689,-17928,29865
690,-27611,-23536
691,27464,-16555
692,13705,34467
693,-29034,-490
694,3361,-29081
695,27174,9795
696,-864,-37
697,10266,-25970
698,24498,17395
699,-19084,24056
700,-15654,-31052
701,34719,-14262
702,3635,33426
703,-36874,-4617
704,8741,-31981
705,23386,18001
706,-19238,19722
707,-11606,-23546
708,3931,-1694
709,-22612,10641
710,-7053,-29529
711,30067,-3650
712,-1661,36594
713,-25923,-13806
714,19608,-28054
715,22822,28228
716,-26814,12348
717,-9287,-27518
718,27200,400
719,574,3612
720,1456,-23129
721,29172,6795
722,-10215,23408
723,-28297,-23010
724,24493,-21939
725,16072,28672
726,-30574,8925
727,1412,-32088
728,29511,5559
729,-9562,24805
730,-16909,-16703
731,5074,-585
732,-15945,27033
733,-15345,-19955
734,28687,-17232
735,9854,37054
736,-32239,125
737,9393,-37593
738,33027,14828
739,-23021,23004
740,-22100,-20572
741,24553,-7867
742,3266,2424
743,-8123,-26305
744,26509,-6116
745,1148,27096
746,-30580,-9002
747,13866,-26078
748,23337,23972
749,-24601,21148
750,-8299,-28533
751,30726,-5167
752,-2562,26721
753,-26106,-4870
754,2980,-12
755,-4068,25938
756,-20228,-15472
757,17578,-25010
758,16382,27987
759,-31451,9979
760,-5089,-34275
761,31920,4615
762,-11496,30123
763,-21848,-9636
764,17374,-14921
765,-1934,2392
766,-17448,-18100
767,20610,-10564
768,7135,27172
769,-30684,1352
770,7529,-31002
771,34311,10803
772,-14478,21587
773,-24121,-28472
774,19433,-15805
775,7283,26512
776,-21109,5924
777,4105,-22
778,1482,24604
779,-26649,-8340
780,10082,-30591
781,26260,18975
782,-28272,21544
783,-16658,-28267
784,35156,-8645
785,2659,27671
786,-21759,-5594
787,13512,-24223
788,-1146,-568
789,-24154,-10385
790,19093,-14470
791,21845,23931
792,-27541,12444
793,-6190,-32331
794,34004,-2899
795,-6673,29214
796,-30423,-13066
797,16144,-20675
798,18279,23692
799,-17644,15105
800,859,-2780
801,7539,21419
802,-27258,4842
803,-2560,-27544
804,29597,9346
805,-15378,28632
806,-22766,-18321
807,28338,-16249
808,11207,25606
809,-24993,2225
810,-243,-22398
811,145,8083
812,-22466,1077
813,10918,-24203
814,25984,11629
815,-19870,18751
816,-16460,-27269
817,26951,-7196
818,2343,32473
819,-28249,-3918
820,11564,-23560
821,23035,12527
822,-14542,13084
823,-1425,-1921
824,14149,18550
825,-23202,11050
826,-10485,-23032
827,33807,-555
828,191,27937
829,-26140,-9950
830,15356,-23405
831,14522,18934
832,-19457,10965
833,-4730,-20392
834,1453,2912
835,-19283,5957
836,4008,-22936
837,26016,2586
838,-12102,23348
839,-23263,-15766
840,20326,-15338
841,14559,25105
842,-22077,6205
843,3420,-24748
844,23080,2108
845,-10380,17542
846,-2724,-345
847,22368,12165
848,-9595,17524
849,-12438,-21189
850,27316,-15431
851,3983,25388
852,-28059,-669
853,8045,-26633
854,21313,13792
855,-12069,16253
856,-9680,-18410
857,1763,-300
858,-18643,7595
859,-8182,-22229
860,21704,-756
861,-3993,28307
862,-24055,-7235
863,16143,-20587
864,18786,17341
865,-22334,10868
866,-5387,-23005
867,21202,-1829
868,-3886,22204
869,-825,-317
870,21587,1654
871,-8490,19768
872,-19642,-12047
873,19044,-19380
874,10901,23808
875,-22468,7834
876,2357,-26053
877,23626,9456
878,-6571,19272
879,-14273,-15127
880,1821,2011
881,-14096,16789
882,-12376,-16038
883,23240,-6534
884,7494,25734
885,-25643,-2112
886,6324,-24833
887,22882,10004
888,-17097,17665
889,-13164,-16868
890,20854,-7430
891,7833,21187
892,1272,2266
893,19651,-3669
894,-2717,19291
895,-22052,-4420
896,11922,-21670
897,17410,18512
898,-18456,14759
899,-6194,-24444
900,22643,-1599
901,-2933,19210
902,-20048,-5226
903,879,4139
904,-6218,19364
905,-14285,-11996
906,17469,-13763
907,13230,20670
908,-23847,3778
909,-3977,-25641
910,21690,5670
911,-9614,24083
912,-14526,-12934
913,20800,-14287
914,14960,16499
915,-664,118
916,15550,-8622
917,3322,20800
918,-21761,2894
919,6303,-23624
920,23194,11565
921,-14165,16373
922,-14445,-23373
923,20435,-7206
924,1037,20757
925,-22972,-77
926,2742,419
927,2137,18123
928,-18381,-8515
929,7926,-19703
930,15502,16542
931,-20194,13667
932,-6669,-19799
933,25314,-289
934,-2359,20945
935,-19225,-11973
936,11200,-18112
937,12734,12117
938,-2973,298
939,13813,-10443
940,10907,17814
941,-18166,4912
942,-599,-25716
943,22764,5223
944,-10761,21705
945,-19667,-15841
946,18841,-12361
947,9073,19145
948,-18188,6464
949,3366,-1174
950,2745,16128
951,-21834,-1711
952,4716,-19459
953,19906,12050
954,-16246,19240
955,-10763,-17576
956,23530,-8571
957,2968,23041
958,-20598,-1976
959,2861,-18480
960,12651,9422
961,1572,-446
962,14633,-18115
963,13863,13739
964,-18390,10419
965,-9056,-26872
966,22196,-2165
967,-4394,24440
968,-23365,-9439
969,15308,-17468
970,14382,12416
971,-20062,9103
972,-1281,1129
973,8863,17879
974,-20918,5900
975,-2456,-18207
976,25003,6081
977,-9603,22249
978,-18306,-12869
979,20328,-13470
980,7882,23061
981,-23614,6290
982,1698,-19260
983,19766,2949
984,-1014,224
985,6466,-18995
986,18216,10388
987,-12927,17465
988,-14090,-20545
989,22789,-6382
990,5752,26245
991,-21647,-3068
992,9718,-21142
993,16161,9000
994,-15326,11749
995,-555,-558
996,12608,16924
997,-16423,10074
998,-5301,-21969
999,24367,-3701
1000,-4899,22455
1001,-22829,-8984
1002,14300,-19189
1003,16027,18792
1004,-18428,11815
1005,-4595,-16924
1006,20215,67
1007,1074,662
1008,328,-21016
1009,19167,6248
1010,-8509,21940
1011,-21183,-19024
1012,18671,-18288
1013,10700,20866
1014,-24273,2482
1015,5118,-23616
1016,22760,6029
1017,-8408,18261
1018,1940,-2009
1019,19330,9675
1020,-14682,14354
1021,-15256,-18550
1022,21645,-8420
1023,2826,27323
1024,-23722,556
1025,9265,-22276
1026,19378,14843
1027,-17077,16121
1028,-8931,-20178
1029,18079,-8737
1030,-2721,2762
1031,-2690,-19547
1032,26118,-2124
1033,-3388,22869
1034,-27473,-10238
1035,17789,-19427
1036,20044,21531
1037,-25534,11401
1038,-6987,-24129
1039,21252,2414
1040,-1901,25250
1041,3180,52
1042,21571,3823
1043,-11923,18302
1044,-19562,-13896
1045,23202,-16572
1046,12194,23395
1047,-26576,4837
1048,2051,-28447
1049,26810,7175
1050,-12265,23941
1051,-17409,-13047
1052,17883,-11597
1053,1547,3774
1054,-13523,-19370
1055,19486,-8949
1056,5838,23815
1057,-28360,-6659
1058,9174,-26124
1059,25450,22864
1060,-19690,24495
1061,-9780,-24594
1062,23560,-8529
1063,-1571,22505
1064,-5223,-608
1065,21878,1491
1066,-4750,24941
1067,-23384,-4074
1068,19823,-18875
1069,22338,17663
1070,-22836,9938
1071,-7860,-27060
1072,25569,-1966
1073,-5287,25950
1074,-20308,-5642
1075,12338,-19140
1076,1932,-2227
1077,-16504,-19126
1078,18249,-19105
1079,15005,23626
1080,-25047,11522
1081,3488,-25742
1082,32380,8406
1083,-8845,25478
1084,-16505,-23185
1085,17954,-18512
1086,5983,21299
1087,-2118,651
1088,28171,-7968
1089,10818,23265
1090,-24407,-247
1091,10024,-31143
1092,29510,9319
1093,-19014,22841
1094,-16424,-21680
1095,31439,-8813
1096,7622,31837
1097,-21650,242
1098,8703,-26234
1099,-370,3212
1100,-25663,-3404
1101,18235,-20694
1102,27811,19042
1103,-26709,18625
1104,-11743,-30906
1105,32783,-5676
1106,-1440,28814
1107,-26473,-15794
1108,10927,-21736
1109,16367,20836
1110,-2261,-1695
1111,18340,-20014
1112,13725,21567
1113,-27784,12513
1114,-7069,-27531
1115,28397,4909
1116,-10045,32677
1117,-22282,-10931
1118,25321,-20748
1119,12755,21988
1120,-26580,7677
1121,-5138,-29694
1122,1149,-3426
1123,-23553,4569
1124,4184,-26365
1125,29131,7122
1126,-11319,31100
1127,-19723,-25889
1128,23591,-20277
1129,8903,37482
1130,-28609,5827
1131,5143,-25652
1132,30050,9469
1133,2647,-1172
1134,12319,-23636
1135,21616,15831
1136,-25060,15929
1137,-17773,-28894
1138,35087,-2789
1139,4550,35188
1140,-32013,-9247
1141,13327,-32476
1142,22979,17859
1143,-21149,18664
1144,-14637,-22178
1145,-728,3188
1146,-20874,18053
1147,2878,-25447
1148,32816,-6421
1149,-11428,31678
1150,-31682,-14091
1151,21075,-21972
1152,21355,32379
1153,-23935,9955
1154,1027,-27531
1155,29212,1051
1156,-6367,-4464
1157,-1507,-28449
1158,30376,13848
1159,-9061,31176
1160,-24482,-18657
1161,30829,-17173
1162,16232,29057
1163,-38336,6475
1164,-2786,-28974
1165,29333,13408
1166,-13144,32864
1167,-17929,-12247
1168,4481,-5032
1169,-25397,17147
1170,-23083,-23440
1171,27836,-12300
1172,8296,41200
1173,-30049,610
1174,13703,-35615
1175,34020,16279
1176,-16493,18824
1177,-15142,-23609
1178,19878,-5653
1179,-3156,1545
1180,-8083,-26349
1181,27646,3752
1182,-1437,33735
1183,-34847,-13529
1184,16857,-29597
1185,26535,20019
1186,-36848,11438
1187,-21497,-31520
1188,32545,917
1189,2768,29608
1190,-23059,-5910
1191,3027,2551
1192,-12489,32408
1193,-24483,-12173
1194,27040,-25646
1195,22928,30832
1196,-33738,11416
1197,-2491,-41722
1198,35338,-447
1199,-20423,31641
1200,-30248,-10872
1201,22110,-15039
1202,793,3502
1203,-18849,-25697
1204,28272,-16397
1205,10263,31132
1206,-40949,-1002
1207,1389,-36152
1208,31247,22119
1209,-21123,36419
1210,-19248,-27365
1211,34655,-16464
1212,11842,27566
1213,-30249,-1678
1214,-5454,-5351
1215,-1505,32318
1216,-25714,-2141
1217,14382,-32817
1218,32234,17767
1219,-29361,19543
1220,-21112,-33152
1221,35531,-5983
1222,-1641,36730
1223,-28743,-147
1224,18813,-21574
1225,4883,-1207
1226,-31368,-16177
1227,10359,-17671
1228,16653,24261
1229,-34248,11560
1230,-8104,-29491
1231,36425,2923
1232,-7685,28028
1233,-24841,-20275
1234,29475,-24108
1235,17055,26326
1236,-27359,18444
1237,6432,2281
1238,16033,30867
1239,-25438,7295
1240,7716,-33755
1241,38802,11865
1242,-19790,35174
1243,-25616,-22316
1244,28485,-16158
1245,4852,39473
1246,-27220,12091
1247,8911,-27755
1248,7664,-4626
1249,-27030,-5085
1250,5328,-19928
1251,30486,17939
1252,-18594,24318
1253,-20486,-23066
1254,35458,-7674
1255,10146,31166
1256,-37645,-9911
1257,7591,-33619
1258,31168,21476
1259,-14046,31831
1260,-4178,-5080
1261,18945,11864
1262,-19334,15481
1263,-13061,-31601
1264,28975,-8173
1265,-3747,39244
1266,-26511,-8794
1267,22666,-31330
1268,24501,24296
1269,-20452,11898
1270,-14091,-28580
1271,-6026,2593
1272,-30761,6248
1273,-5945,-22512
1274,31312,12199
1275,-8793,27669
1276,-31449,-25067
1277,20710,-23901
1278,16145,26196
1279,-35045,8839
1280,-626,-29637
1281,36138,613
1282,-5384,26062
1283,-4111,-372
1284,25796,5229
1285,-16147,20569
1286,-25920,-19738
1287,26859,-15565
1288,6073,38921
1289,-33755,7012
1290,10532,-33516
1291,29487,14637
1292,-16907,17723
1293,-19543,-23545
1294,1050,10533
1295,-17956,22597
1296,-7252,-31581
1297,31752,-14359
1298,364,29062
1299,-35175,-12013
1300,14756,-28221
1301,27892,29839
1302,-28951,26459
1303,-9565,-28663
1304,38730,-12096
1305,5519,20682
1306,-3497,-1387
1307,30066,9117
1308,-5155,37181
1309,-28836,-10879
1310,25890,-33057
1311,27176,22673
1312,-23162,10257
1313,-1602,-36970
1314,28159,7524
1315,-11319,34495
1316,-24039,-8571
1317,3678,304
1318,-14929,18352
1319,-20626,-25444
1320,25736,-18256
1321,8040,35448
1322,-39998,8892
1323,4051,-29023
1324,36369,10868
1325,-14518,20914
1326,-17421,-26235
1327,20907,-14887
1328,3154,21320
1329,-2115,-1698
1330,27079,-3270
1331,-365,28313
1332,-31173,-8060
1333,9749,-36457
1334,21884,19778
1335,-25288,24978
1336,-15625,-28230
1337,24764,-3188
1338,-3096,32471
1339,-25601,-962
1340,3538,-4415
1341,-5675,16806
1342,-24098,-13803
1343,14214,-19880
1344,16362,26851
1345,-28137,19122
1346,-3619,-24769
1347,35999,-4000
1348,-7021,24551
1349,-33595,-8405
1350,10658,-15210
1351,21461,21599
1352,3621,6454
1353,22744,-14609
1354,10621,16647
1355,-33568,5205
1356,-8037,-29815
1357,21537,9059
1358,-20350,29349
1359,-21064,-17252
1360,27760,-15011
1361,10008,17612
1362,-21149,1015
1363,2581,190
1364,-230,28583
1365,-22403,4050
1366,13528,-26666
1367,32110,9152
1368,-18529,20115
1369,-24053,-28443
1370,24620,-14468
1371,8785,35111
1372,-28528,3235
1373,3021,-19635
1374,21155,19987
1375,-6293,1327
1376,5765,-29349
1377,15423,19944
1378,-24106,27997
1379,-12237,-20469
1380,34861,1101
1381,5895,29316
1382,-21921,-9633
1383,18122,-17711
1384,15862,14709
1385,-23456,9717
1386,-4633,2968
1387,7473,23687
1388,-21041,9123
1389,-773,-23887
1390,25887,-800
1391,-16208,24158
1392,-28698,-9427
1393,22077,-12843
1394,18476,28705
1395,-22538,9906
1396,211,-25308
1397,25265,-2530
1398,-2430,-3303
1399,1894,-22028
1400,24580,18329
1401,-8397,30526
1402,-14968,-19615
1403,29736,-13629
1404,10252,23674
1405,-29746,-3927
1406,3103,-27019
1407,18570,7764
1408,-9615,22056
1409,5558,7182
1410,16634,15757
1411,-18842,6969
1412,-11080,-29213
1413,25267,-8752
1414,-153,31583
1415,-24444,68
1416,15911,-22164
1417,26268,17213
1418,-17303,13513
1419,-10590,-22286
1420,23224,-5652
1421,4042,2986
1422,-1299,-16962
1423,24224,8519
1424,-2578,25481
1425,-19908,-16942
1426,23473,-18285
1427,15184,25210
1428,-27745,8054
1429,-1397,-23378
1430,18191,8849
1431,-10694,27232
1432,2858,2641
1433,23258,9287
1434,-13101,15328
1435,-17469,-18780
1436,26600,-11972
1437,14635,24306
1438,-20844,354
1439,8527,-23219
1440,27455,10746
1441,-14392,17459
1442,-18805,-11494
1443,12954,-4824
1444,-912,3531
1445,-6207,-17719
1446,23207,-7630
1447,2814,19302
1448,-24633,-3215
1449,11619,-17158
1450,19300,22218
1451,-20542,21240
1452,-6737,-20856
1453,22632,-4035
1454,1651,22258
1455,-290,-1608
1456,18293,3556
1457,-9979,24137
1458,-23686,-7563
1459,15467,-13965
1460,12472,22105
1461,-22662,2229
1462,2484,-29033
1463,25478,4485
1464,-13801,20580
1465,-19185,-12047
1466,16213,-12032
1467,1802,4279
1468,-9753,-13532
1469,22745,-9546
1470,5507,21765
1471,-30153,4114
1472,6668,-20101
1473,25565,13819
1474,-15258,22080
1475,-9281,-18430
1476,20901,-9466
1477,796,19772
1478,-4887,384
1479,18655,-1155
1480,358,20870
1481,-17894,-4494
1482,13261,-20036
1483,15162,14695
1484,-23790,10065
1485,-9787,-22975
1486,25112,1320
1487,-1477,25959
1488,-19416,-3794
1489,9362,-12189
1490,717,7139
1491,-17517,-8820
1492,14298,-14115
1493,15030,19079
1494,-19289,9863
1495,1402,-22187
1496,23923,4571
1497,-7156,23753
1498,-11784,-12913
1499,15342,-12701
1500,7276,20194
1501,-1168,4172
1502,17431,-7531
1503,5545,18093
1504,-18617,3145
1505,5696,-21094
1506,19964,11755
1507,-15367,21743
1508,-13977,-15249
1509,21260,-6774
1510,4028,20642
1511,-16389,-3129
1512,6249,-17640
1513,-2374,4807
1514,-19172,-1143
1515,17802,-13061
1516,23361,14343
1517,-18892,13217
1518,-4370,-23227
1519,27217,-5286
1520,-2891,23198
1521,-20181,-10051
1522,7072,-19042
1523,9123,14788
1524,414,1801
1525,15883,-13460
1526,6333,14992
1527,-20360,6120
1528,734,-21204
1529,22400,6350
1530,-9372,19588
1531,-15996,-17356
1532,19693,-16475
1533,7882,17330
1534,-21673,5454
1535,-2703,-14627
1536,2046,4820
1537,-16490,2426
1538,8857,-19304
1539,22270,6010
1540,-17811,16888
1541,-15662,-21518
1542,22775,-8296
1543,3089,28719
1544,-20460,-1547
1545,8924,-17652
1546,16837,11585
1547,15,-722
1548,11233,-15360
1549,12111,16122
1550,-12148,24717
1551,-20566,1821
1552,-16455,-12133
1553,-4799,-22622
1554,14946,-21938
1555,20085,-5778
1556,16615,8225
1557,9212,21157
1558,-11341,20755
1559,-11546,-5098
1560,14371,-22957
1561,23725,-9608
1562,19768,12493
1563,12894,21592
1564,-8681,18598
1565,-21649,7916
1566,-17078,-6184
1567,-9533,-18027
1568,12754,-23285
1569,27303,-7618
1570,2790,16579
1571,-21431,7407
1572,-17024,-10318
1573,-4161,489
1574,4543,1210
1575,3953,-6982
1576,-809,4925
1577,-1019,4311
1578,316,-4334
1579,3115,4054
1580,2044,2535
1581,-1116,-6441
1582,2128,-4898
1583,83,-1977
1584,-1791,1031
1585,4872,-1378
1586,2242,-3468
1587,-188,4150
1588,4661,2767
1589,160,-1354
1590,-2244,4641
1591,689,2875
1592,-1357,-4145
1593,-1936,-3709
1594,-3921,2222
1595,-3540,5417
1596,1537,-1396
1597,416,-2874
1598,1914,2219
1599,2039,-1168
1600,-4301,154
1601,-1161,2874
1602,-1344,-2068
1603,-4520,568
1604,3650,4042
1605,3294,6484
1606,1696,6804
1607,5482,-5930
1608,-1777,-1161
1609,1307,10262
1610,5809,-6667
1611,-5318,-4872
1612,1645,9958
1613,6643,-6464
1614,-6906,-5378
1615,-1076,12622
1616,1891,3922
1617,-6180,-1732
1618,1126,-3363
1619,-5417,-6990
1620,-8750,8696
1621,13594,6049
1622,6069,-10399
1623,-8352,4523
1624,9347,5901
1625,3652,-14108
1626,-10604,-1712
1627,5596,10079
1628,3504,-2914
1629,-7582,2332
1630,7868,11061
1631,6007,-4244
1632,-10756,-7807
1633,931,7818
1634,12158,4271
1635,-2223,-10137
1636,-9351,-782
1637,3989,10944
1638,9466,-1241
1639,-204,-5561
1640,2691,5485
1641,8987,-3217
1642,-8894,-11982
1643,-16000,7478
1644,2328,12228
1645,-664,-9319
1646,-11104,-6357
1647,1987,9755
1648,260,-628
1649,-14684,-5990
1650,-3206,6281
1651,6042,-485
1652,-7048,-6576
1653,-3504,9318
1654,11630,6786
1655,846,-8450
1656,-9777,-443
1657,5155,3356
1658,2910,-5365
1659,-15186,3817
1660,-2661,6980
1661,8362,-6961
1662,-3761,-160
1663,1542,8474
1664,4576,-2597
1665,-6860,1179
1666,2135,6857
1667,3902,-4900
1668,-6916,-2303
1669,2599,3495
1670,846,-1488
1671,-8981,3339
1672,2499,1323
1673,2810,-5162
1674,-2235,1703
1675,4959,-2718
1676,-896,-5241
1677,-3119,7749
1678,5586,2378
1679,935,-5177
1680,-574,3377
1681,3405,2298
1682,-3069,-865
1683,-5387,2841
1684,1160,1119
1685,4527,-3927
1686,-584,-8328
1687,-3838,-4520
1688,4622,2660
1689,6268,285
1690,992,1014
1691,5378,2885
1692,2765,-2722
1693,-3521,-489
1694,2979,1512
1695,4596,-4471
1696,2656,-2613
1697,5433,772
1698,-72,-1022
1699,-5698,-1286
1700,-2714,-1518
1701,-12,-246
1702,-189,247
1703,-2019,-1459
1704,903,1864
1705,5126,3853
1706,408,-588
1707,-587,-4297
1708,3432,-3073
1709,-894,2580
1710,-845,2357
1711,6805,-3058
1712,3982,-981
1713,-3147,-920
1714,-564,-2975
1715,3709,4044
1716,2477,1288
1717,1624,-8364
1718,839,-710
1719,-2825,5358
1720,-2488,-259
1721,100,3326
1722,-558,8157
1723,1536,2076
1724,2229,-1446
1725,-2092,2485
1726,-1199,3506
1727,382,-460
1728,-1414,1390
1729,774,5293
1730,-358,-1750
1731,-4263,-4804
1732,-434,3627
1733,1968,3212
1734,-21,-2209
1735,967,-1435
1736,-135,-3680
1737,-2195,-6087
1738,-155,-2881
1739,128,-496
1740,-1484,-201
1741,-734,771
1742,-328,4082
1743,-1090,3919
1744,12,-3127
1745,1470,-3224
1746,436,3308
1747,489,2366
1748,2771,913
1749,1704,3248
1750,-993,885
1751,-772,-2260
1752,-217,-1313
1753,985,156
1754,2089,476
1755,-1418,189
1756,-4657,56
1757,-3644,-618
1758,-1506,-1008
1759,3683,125
1760,6749,-425
1761,-756,-889
1762,-4309,1816
1763,4855,2399
1764,7685,689
1765,1503,2470
1766,2510,3582
1767,6269,-1976
1768,3307,-5453
1769,-516,440
1770,-676,3510
1771,1486,-137
1772,2645,625
1773,1283,51
1774,866,-3181
1775,-155,2296
1776,-3239,1276
1777,-995,-9939
1778,4216,-3665
1779,2754,7667
1780,-544,-963
1781,889,-5291
1782,1995,1855
1783,469,-2472
1784,241,-3845
1785,396,5331
1786,-2670,-1262
1787,-5031,-8088
1788,-381,4613
1789,6914,5173
1790,6770,-4192
1791,-436,1796
1792,-4352,1047
1793,-2392,-5888
1794,-1971,1744
1795,-2890,4148
1796,138,1563
1797,2619,5063
1798,2442,-2641
1799,3986,-6937
1800,3428,3913
1801,1372,3405
1802,3537,-1701
1803,2378,2648
1804,-1388,3109
1805,862,2086
1806,-2516,-286
1807,-9940,-6012
1808,-2981,355
1809,3644,7785
1810,-1756,1524
1811,179,-601
1812,4843,2888
1813,-312,2236
1814,-1428,2338
1815,1023,-355
1816,-879,-1514
1817,1583,4198
1818,4832,-1981
1819,3863,-10986
1820,3248,-1058
1821,-1009,4903
1822,361,2093
1823,8730,8268
1824,-961,5910
1825,-10827,-841
1826,4015,6527
1827,7044,2387
1828,-7371,-9799
1829,-3771,-1239
1830,4502,7047
1831,1374,3612
1832,18,4675
1833,-2285,4197
1834,-5962,3319
1835,-3705,7047
1836,415,1623
1837,3161,-6478
1838,564,-4676
1839,-2310,-3615
1840,5346,-4168
1841,9012,78
1842,416,2514
1843,-3108,3528
1844,150,5447
1845,2089,1908
1846,2197,-779
1847,-2095,2794
1848,-4961,2276
1849,-238,563
1850,2321,2909
1851,-328,406
1852,-433,-733
1853,-739,4994
1854,-3592,3942
1855,294,-1677
1856,8229,-1776
1857,7440,-123
1858,4227,1996
1859,4535,1876
1860,-1426,-2448
1861,-6504,-2968
1862,97,36
1863,5113,1782
1864,2275,1500
1865,679,-2387
1866,1731,-1508
1867,1957,6281
1868,-880,4676
1869,-2997,-4102
1870,-356,-4270
1871,-377,-644
1872,-2491,505
1873,1747,2486
1874,5218,1132
1875,1835,-2922
1876,-1263,-913
1877,1101,1575
1878,4224,-1387
1879,-1132,25
1880,-6615,3659
1881,-741,-286
1882,2198,-2108
1883,-644,1353
1884,2315,38
1885,2344,-499
1886,34,957
1887,1598,-4305
1888,-2356,-6325
1889,-3893,-611
1890,1331,268
1891,-95,-2178
1892,-1458,-1870
1893,2164,342
1894,3690,2594
1895,3574,-2365
1896,-1218,-6733
1897,-3459,1626
1898,1968,3913
1899,1002,-5559
1900,-187,-4556
1901,2991,2106
1902,-1823,2014
1903,-2502,2269
1904,2392,1600
1905,-2099,-780
1906,-3596,1000
1907,944,3224
1908,509,4363
1909,-639,4893
1910,-1385,3038
1911,499,2291
1912,2629,1893
1913,-4500,967
1914,-5536,2019
1915,3534,523
1916,601,-1100
1917,-4702,2049
1918,3059,1794
1919,6864,-2098
1920,2244,-3811
1921,2852,-5071
1922,3999,-1985
1923,-2302,3169
1924,-4420,173
1925,502,-3168
1926,-895,-138
1927,-2681,-893
1928,244,-3447
1929,-5494,597
1930,-8145,2005
1931,2657,-3888
1932,2436,-5013
1933,-5321,-1486
1934,984,-2935
1935,3991,-1907
1936,-2780,3953
1937,-484,-475
1938,2609,-8297
1939,-415,-2088
1940,1582,5781
1941,500,4313
1942,-3839,2118
1943,22,56
1944,-184,669
1945,-1705,4240
1946,5705,-1533
1947,3068,-5609
1948,-2160,3018
1949,5627,4628
1950,5261,1313
1951,-184,3587
1952,969,-645
1953,-2639,-1620
1954,-1538,6163
1955,4045,3108
1956,76,-2677
1957,-2524,412
1958,-2621,3605
1959,-2529,4425
1960,744,1194
1961,-2397,575
1962,-2174,2772
1963,2065,-4535
1964,-3072,-3886
1965,314,5659
1966,5386,1280
1967,-1294,999
1968,3679,4468
1969,6074,-4357
1970,-3925,-1770
1971,-842,3816
1972,1462,-1972
1973,1070,155
1974,7811,-1931
1975,968,-4780
1976,-2534,4454
1977,4193,-576
1978,-3092,-3174
1979,-2600,8221
1980,4836,932
1981,-1642,-3842
1982,-1150,3314
1983,1823,-1561
1984,1921,-400
1985,9164,1763
1986,2964,-2173
1987,-3371,5905
1988,3568,630
1989,-1982,-9317
1990,-1269,4458
1991,8777,3684
1992,999,-5982
1993,-235,4294
1994,3565,3319
1995,-5622,-4270
1996,-2874,451
1997,2182,421
1998,-1792,720
1999,2420,1625
2000,1139,-2448
2001,-2688,1142
2002,2669,2144
2003,-243,-1580
2004,-1113,2572
2005,5453,1246
2006,1370,-3666
2007,-907,142
2008,3105,1998
2009,1903,332
2010,833,-304
2011,-654,-1457
2012,-1268,-803
2013,2247,-330
2014,1587,-223
2015,-130,429
2016,753,-168
2017,894,1039
2018,716,-973
2019,-3671,-5110
2020,-4289,468
2021,3141,3527
2022,2169,-2006
2023,988,-207
2024,7976,2034
2025,4553,-402
2026,-476,1907
2027,2650,634
2028,-225,-1361
2029,739,3913
2030,6728,2434
2031,1923,-966
2032,-203,2561
2033,1973,705
2034,-2842,-746
2035,-1794,1711
2036,1824,-2026
2037,-1456,-568
2038,-727,5182
2039,1400,41
2040,207,-2981
2041,219,4215
2042,1097,6379
2043,4087,-212
2044,2315,-2481
2045,-2870,2779
2046,442,1456
2047,118,-2277
2048,-3336,3721
2049,2467,3990
2050,2213,-1334
2051,-449,1201
2052,2833,1598
2053,-1557,2840
2054,-1410,3653
2055,3166,-5744
2056,-2160,-2365
2057,1623,5676
2058,4903,-4205
2059,-6199,-1622
2060,-1775,8733
2061,7872,1046
2062,377,255
2063,-1800,3818
2064,1747,-2507
2065,-366,749
2066,586,3230
2067,1517,-2328
2068,247,1879
2069,236,3330
2070,-1373,-2504
2071,-1497,-1012
2072,-549,865
2073,-236,679
2074,2300,1690
2075,1062,-498
2076,-1997,-829
2077,728,1307
2078,1059,1491
2079,-1339,2200
2080,139,301
2081,-1267,-2595
2082,-2763,-375
2083,917,1021
2084,-376,366
2085,-1822,1463
2086,3379,1559
2087,290,2068
2088,-4868,2313
2089,2863,-495
2090,5410,-675
2091,-352,122
2092,2945,-3110
2093,4137,-3477
2094,-1579,5
2095,574,166
2096,2286,-2809
2097,-790,-3320
2098,3857,1845
2099,6172,4670
2100,-890,-640
2101,-656,-1036
2102,3734,4968
2103,-461,2337
2104,-3199,-2348
2105,-2723,1292
2106,-5942,2854
2107,-2319,68
2108,4609,-874
2109,377,-2078
2110,-2627,764
2111,1678,7899
2112,1773,5792
2113,2905,-1091
2114,6095,-211
2115,1590,-606
2116,-3300,-4351
2117,-1616,-473
2118,795,4476
2119,1466,1639
2120,1976,-1561
2121,2628,334
2122,2830,833
2123,2846,-2645
2124,17,-776
2125,-4467,3288
2126,126,-493
2127,6353,-1112
2128,1426,2768
2129,-803,85
2130,1359,-92
2131,-825,1472
2132,1355,-1100
2133,477,2473
2134,-4805,3463
2135,974,-1265
2136,2499,2027
2137,-2832,1810
2138,1443,-1783
2139,743,2903
2140,-2742,1762
2141,2476,-1766
2142,1202,-356
2143,937,-4418
2144,4230,-2160
2145,-3365,4561
2146,-1777,-749
2147,7682,-2353
2148,1212,2229
2149,-3542,1776
2150,660,4215
2151,981,5352
2152,3140,3141
2153,3920,4190
2154,355,485
2155,-1220,-2990
2156,-3619,238
2157,-3127,206
2158,-130,-352
2159,-296,290
2160,1629,-2011
2161,615,-1018
2162,-2524,950
2163,1622,133
2164,596,406
2165,-2765,724
2166,2158,2743
2167,-760,2038
2168,-4078,-4998
2169,3709,-2867
2170,2509,5013
2171,-1926,1965
2172,1892,-1916
2173,1314,-2380
2174,2413,-4997
2175,4929,-1023
2176,-860,3067
2177,184,-528
2178,3229,1609
2179,-4318,3432
2180,-3127,-4140
2181,4940,-3305
2182,3298,4568
2183,908,3217
2184,154,1008
2185,-1496,2127
2186,501,-573
2187,236,-1540
2188,-720,-698
2189,1714,-2127
2190,-1468,288
2191,-4495,2783
2192,-469,462
2193,-65,462
2194,-656,1344
2195,2213,451
2196,-253,1194
2197,-1325,1017
2198,5373,1647
2199,7089,3593
2200,3566,509
2201,3192,-2650
2202,1009,-2015
2203,-3471,196
2204,-3897,5166
2205,-1931,3135
2206,547,-5199
2207,3166,-3604
2208,3186,-1820
2209,2485,-5941
2210,2502,-945
2211,577,2641
2212,-714,-2493
2213,2052,255
2214,4551,4277
2215,1818,496
2216,-2880,521
2217,-3079,2364
2218,-131,276
2219,239,333
2220,-1280,1407
2221,-695,554
2222,1583,1
2223,1605,-526
2224,-781,-644
2225,-304,415
2226,1723,1896
2227,101,2769
2228,-745,1037
2229,818,6
2230,-842,2848
2231,-1843,2062
2232,1094,-1809
2233,1331,602
2234,170,2716
2235,949,67
2236,-1761,1976
2237,-5013,4261
2238,-2868,1565
2239,-1016,2351
2240,-349,4462
2241,2077,2264
2242,1064,660
2243,-929,116
2244,569,-807
2245,-197,-317
2246,-58,740
2247,3632,1301
2248,1558,99
2249,-1088,-1519
2250,2072,-1181
2251,394,-1729
2252,-3636,-1456
2253,-1438,1907
2254,-358,2021
2255,-891,-736
2256,1812,-480
2257,2047,1069
2258,-201,1168
2259,-747,-155
2260,-1490,-1397
2261,-713,-1177
2262,1626,-1048
2263,1038,-783
2264,507,625
2265,1566,912
2266,485,-552
2267,-15,-1733
2268,746,-1184
2269,-690,-259
2270,-262,-900
2271,2888,-1075
2272,2573,105
2273,211,423
2274,-236,-259
2275,-50,-462
2276,415,1534
2277,1226,2529
2278,1586,-952
2279,1599,-1334
2280,816,2440
2281,-728,1754
2282,-1932,1501
2283,-1918,4657
2284,-663,3059
2285,326,591
2286,833,2097
2287,1389,2460
2288,873,1766
2289,1180,1647
2290,3959,2329
2291,5323,3433
2292,3854,-121
2293,1917,-3888
2294,358,-20
2295,-5,2162
2296,925,-937
2297,1734,689
2298,1406,2247
2299,-22,-1853
2300,60,-787
2301,2553,4147
2302,3819,2090
2303,2942,-1031
2304,2052,-450
2305,1079,-2065
2306,-322,-2451
2307,-753,468
2308,-16,-455
2309,-336,-615
2310,-204,3737
2311,2555,1170
2312,1845,-4654
2313,-1269,-524
2314,1956,2897
2315,4295,-1387
2316,702,-766
2317,559,988
2318,1186,-2650
2319,-715,-290
2320,836,3725
2321,1219,-979
2322,-2030,-3336
2323,-3974,-344
2324,-4058,-259
2325,-259,-257
2326,1351,1186
2327,-2788,1655
2328,758,1120
2329,5968,-1678
2330,-8,-3296
2331,-2396,-1254
2332,1228,816
2333,-786,1917
2334,-1478,1009
2335,951,-736
2336,907,-200
2337,1701,-400
2338,2046,446
2339,769,3463
2340,724,728
2341,177,-2678
2342,-345,406
2343,-325,1726
2344,-1270,434
2345,56,253
2346,2544,-1378
2347,977,-1258
2348,-252,544
2349,4060,-931
2350,6305,-2236
2351,2330,536
2352,-173,5669
2353,-2986,6775
2354,-7265,2074
2355,-2037,1452
2356,2725,3805
2357,-5183,1378
2358,-8243,1410
2359,-3809,2662
2360,-2466,-546
2361,3964,-464
2362,7530,-2117
2363,-1664,-5769
2364,-3310,3298
2365,3691,8140
2366,1538,-4304
2367,-1723,-7843
2368,1702,-568
2369,2623,-752
2370,656,-1545
2371,171,409
2372,-769,327
2373,-868,1405
2374,2445,852
2375,3920,-127
2376,818,2693
2377,-542,1980
2378,1023,-2
2379,898,2571
2380,123,1162
2381,706,-1411
2382,1464,2645
2383,1514,3610
2384,503,476
2385,-50,1512
2386,1272,1077
2387,2215,-1516
2388,1294,697
2389,82,1837
2390,-524,-519
2391,-681,421
2392,318,1188
2393,2546,-1076
2394,3065,-222
2395,505,2502
2396,-671,2296
2397,1412,762
2398,1957,-248
2399,478,-418
2400,546,-860
2401,212,-2281
2402,-897,-736
2403,172,3302
2404,1078,3213
2405,1750,-315
2406,3421,-1841
2407,1297,-659
2408,-1039,679
2409,1871,-378
2410,2028,-1540
2411,-698,740
2412,906,1933
2413,1479,-114
2414,-258,-243
2415,906,313
2416,1056,-524
2417,-752,96
2418,-517,-257
2419,783,-2500
2420,2225,-2939
2421,2091,-2522
2422,-65,-895
2423,13,1202
2424,1308,-765
2425,1559,-2040
2426,2098,-285
2427,911,-1421
2428,332,-1403
2429,2387,955
2430,677,-80
2431,-693,176
2432,2801,736
2433,2173,-1987
2434,-220,195
2435,-63,2033
2436,-1751,-2339
2437,2232,-1075
2438,6960,1490
2439,-892,-690
2440,-3265,4047
2441,4762,7146
2442,1344,-1054
2443,-5183,-2860
2444,-686,3357
2445,4231,2410
2446,3590,-1912
2447,-953,-1488
2448,-3113,433
2449,140,187
2450,-1317,-514
2451,-2700,-75
2452,3298,-396
2453,3391,271
2454,319,1373
2455,1772,-2444
2456,-1042,-3009
2457,-525,1993
2458,4001,-1661
2459,-2413,-3941
2460,-3237,5321
2461,7199,4501
2462,2961,-2932
2463,-4419,1837
2464,2129,2463
2465,950,-3454
2466,-5226,93
2467,1071,168
2468,2869,-4167
2469,-3854,3303
2470,-1106,8097
2471,4171,458
2472,355,-3266
2473,-3219,858
2474,1495,3999
2475,6623,-174
2476,1588,-5386
2477,-4180,1259
2478,1895,6648
2479,4791,-1150
2480,-3237,-1944
2481,-2791,4215
2482,4849,-1051
2483,2293,-5208
2484,-3152,1543
2485,-647,4770
2486,3209,457
2487,2464,-3540
2488,-1307,-1205
2489,-2731,4045
2490,374,1382
2491,1428,-2818
2492,-173,2284
2493,2695,4207
2494,4686,-2666
2495,-1308,-3043
2496,-4115,3694
2497,2772,3738
2498,5019,-1756
2499,-1634,-1226
2500,-2195,3583
2501,3085,2352
2502,813,-1324
2503,-3235,655
2504,1065,2137
2505,4411,-794
2506,-380,-693
2507,-3571,3155
2508,1579,4072
2509,4779,881
2510,-2138,-779
2511,-5304,3185
2512,2340,5859
2513,3280,671
2514,-2665,-2610
2515,322,2023
2516,4179,3010
2517,346,-1882
2518,-1677,-1119
2519,84,3598
2520,1889,1890
2521,1065,-2875
2522,-3397,-1097
2523,-2149,4088
2524,3775,2974
2525,825,-1059
2526,-3486,1940
2527,1843,5914
2528,4484,547
2529,-1644,-4240
2530,-3396,1914
2531,2973,5742
2532,4630,-1657
2533,-1803,-4190
2534,-3261,3326
2535,1608,3422
2536,687,-2546
2537,-3100,1110
2538,-236,5045
2539,3291,-1891
2540,293,-5186
2541,-2893,1653
2542,528,4781
2543,4428,-273
2544,934,-3993
2545,-3372,-663
2546,-374,3542
2547,2942,1127
2548,-140,-1894
2549,-2359,803
2550,1627,1703
2551,4160,-1902
2552,272,-3016
2553,-3172,-1005
2554,-1334,1983
2555,2792,3995
2556,4531,577
2557,501,-3576
2558,-4140,-938
2559,-745,2177
2560,4261,-324
2561,746,-2811
2562,-3777,-754
2563,-150,3226
2564,4234,3103
2565,1560,-1910
2566,-2190,-2989
2567,-1492,1635
2568,306,2303
2569,2238,-1624
2570,3658,-2781
2571,490,-688
2572,-2397,1775
2573,1043,2926
2574,4250,1583
2575,2698,-982
2576,335,-2559
2577,-1130,-1300
2578,-2030,2382
2579,-1589,3975
2580,1219,1774
2581,3795,-1253
2582,716,-3354
2583,-4237,-2920
2584,-3505,486
2585,-625,3481
2586,420,4210
2587,1994,3269
2588,3313,1385
2589,3507,7
2590,4098,-1022
2591,3882,-2182
2592,2432,-2544
2593,1100,-2288
2594,-903,-1010
2595,-2993,720
2596,-2648,906
2597,-1656,1856
2598,-2379,3951
2599,-2076,3954
2600,-724,4108
2601,-1269,4491
2602,-1074,2202
2603,1024,1485
2604,1716,2330
2605,1971,-390
2606,2627,-2618
2607,2136,-1470
2608,1918,-1217
2609,1724,-1837
2610,735,-1887
2611,1479,-2106
2612,2811,-2037
2613,1686,-2415
2614,494,-3294
2615,2083,-2634
2616,3273,-1742
2617,276,-2580
2618,-2489,-2918
2619,-982,-1678
2620,-639,-1501
2621,-2090,-2632
2622,-344,-2601
2623,462,-1979
2624,-1903,-2411
2625,-1740,-2752
2626,-191,-2429
2627,-912,-2490
2628,-2179,-2681
2629,-2774,-2073
2630,-1630,-1222
2631,381,-1624
2632,-789,-2517
2633,-3015,-1752
2634,-2147,-1030
2635,-1121,-2226
2636,-1395,-2326
2637,-747,-998
2638,-835,-1681
2639,-2323,-2645
2640,-2449,-1519
2641,-2052,-1184
2642,-2552,-2246
2643,-2126,-2453
2644,-1349,-2170
2645,-1946,-1824
2646,-2287,-1532
2647,-1791,-2010
2648,-2062,-1707
2649,-2257,48
2650,-923,1298
2651,221,1918
2652,-409,2387
2653,-1177,1988
2654,-1305,1121
2655,-2141,864
2656,-2643,1221
2657,-1942,732
2658,-1960,-755
2659,-2156,-980
2660,-1423,-437
2661,-1376,-564
2662,-1680,56
2663,-1724,623
2664,-2313,785
2665,-2330,2422
2666,-2439,1975
2667,-3427,-1507
2668,-1995,-1334
2669,376,1487
2670,-850,842
2671,-1695,-1313
2672,1767,-1633
2673,3485,-1265
2674,34,-1606
2675,-363,-2106
2676,5387,-1452
2677,6469,-928
2678,1763,-1514
2679,2382,-782
2680,4839,842
2681,2251,1530
2682,2174,1772
2683,4697,592
2684,3118,-57
2685,2092,2155
2686,3145,1439
2687,1429,-2571
2688,76,-2688
2689,2097,-1254
2690,3911,-1664
2691,3300,-878
2692,1706,-804
2693,1562,-2254
2694,2582,-1553
2695,2663,-765
2696,2181,-1511
2697,1467,-1596
2698,41,-1858
2699,-286,-2179
2700,1045,-1834
2701,1488,-2522
2702,604,-2808
2703,599,-1360
2704,1207,-730
2705,1149,-1545
2706,1859,-2168
2707,2607,-1510
2708,1437,-703
2709,1387,-1576
2710,3138,-1774
2711,2903,-211
2712,1790,372
2713,1598,1543
2714,681,3508
2715,-270,2618
2716,-771,1441
2717,-2136,1358
2718,-2539,-698
2719,-573,-940
2720,-311,2147
2721,-2867,1016
2722,-1539,-3513
2723,1846,-3141
2724,-30,-1036
2725,72,-2560
2726,2617,-1041
2727,-1434,2433
2728,-548,279
2729,4178,1079
2730,-1534,4219
2731,1901,1323
2732,7185,3724
2733,-12006,-1042
2734,-6555,-18689
2735,24798,-203
2736,297,27024
2737,-27713,-5432
2738,13300,-23903
2739,20220,14969
2740,-24819,13620
2741,-7902,-16038
2742,22982,-1986
2743,-2020,-1324
2744,480,-21782
2745,22384,5573
2746,-10593,24967
2747,-22527,-13224
2748,19440,-16512
2749,12761,25190
2750,-23506,8822
2751,303,-27917
2752,24209,1879
2753,-7480,19563
2754,-19137,-11449
2755,1352,437
2756,-8930,18897
2757,-11505,-16791
2758,21941,-12354
2759,9066,27547
2760,-28309,473
2761,2768,-23832
2762,25657,15345
2763,-15557,18851
2764,-12688,-15578
2765,21179,-8454
2766,-1851,-1885
2767,-7141,-22137
2768,24062,-3762
2769,-2215,23503
2770,-26184,-7281
2771,17361,-23933
2772,22716,16313
2773,-21349,14207
2774,-7793,-25489
2775,25223,-1773
2776,-880,25215
2777,-20181,-6679
2778,1766,-2921
2779,-3989,23789
2780,-15685,-11022
2781,16290,-20657
2782,15268,26532
2783,-25387,13017
2784,-3249,-26426
2785,28678,3571
2786,-9403,24390
2787,-18869,-9393
2788,16013,-15387
2789,-1658,1625
2790,-14753,-11438
2791,22846,-7998
2792,11675,21290
2793,-25354,2999
2794,4686,-24586
2795,25300,9573
2796,-15383,23369
2797,-18774,-16440
2798,17912,-9296
2799,4662,20229
2800,-19546,-356
2801,2019,-2047
2802,3470,20283
2803,-17415,-7114
2804,8697,-20783
2805,21466,19221
2806,-18859,16486
2807,-9631,-20959
2808,30492,-4780
2809,1611,19844
2810,-21124,-4755
2811,10292,-16173
2812,1609,2542
2813,-17814,-9128
2814,17986,-17033
2815,18511,16959
2816,-24023,10778
2817,-5052,-25404
2818,24631,3718
2819,-7403,26707
2820,-17791,-12650
2821,13403,-10769
2822,9514,17198
2823,-6823,-1855
2824,-3582,524
2825,-16995,19218
2826,-13950,-9243
2827,22593,-9210
2828,9178,23932
2829,-25086,-1392
2830,6483,-21068
2831,21831,18137
2832,-20321,19423
2833,-13072,-15373
2834,20635,-7425
2835,396,1644
2836,-4368,-17709
2837,21224,-4592
2838,-2613,19640
2839,-24034,-5779
2840,12483,-19208
2841,16483,17294
2842,-21747,14908
2843,-6154,-22308
2844,25484,-5450
2845,-1574,16686
2846,-20240,-5216
2847,494,690
2848,-5793,16850
2849,-12067,-14047
2850,18611,-15318
2851,9301,23641
2852,-27498,5137
2853,115,-26655
2854,26058,6173
2855,-11580,24957
2856,-14522,-7506
2857,18113,-13998
2858,-523,327
2859,-9461,-9816
2860,24425,-3579
2861,6918,20341
2862,-27399,-321
2863,7296,-22748
2864,27596,11232
2865,-12648,19646
2866,-15299,-21848
2867,16877,-12054
2868,506,21726
2869,-20389,1103
2870,2441,-2753
2871,1765,22471
2872,-17805,-5316
2873,8810,-23572
2874,17583,18410
2875,-22123,18458
2876,-8595,-15572
2877,27788,6788
2878,-5429,23565
2879,-22207,-11053
2880,12904,-14410
2881,43,5668
2882,-19952,-12885
2883,16482,-11809
2884,13829,24768
2885,-26793,5889
2886,-1282,-30506
2887,26244,4316
2888,-14811,25388
2889,-19897,-16592
2890,26283,-15795
2891,11058,20176
2892,-24243,7095
2893,2394,-2890
2894,6849,15073
2895,-26305,-5478
2896,832,-21751
2897,25790,16171
2898,-18148,19776
2899,-16824,-23244
2900,27893,-9866
2901,4276,28051
2902,-22076,913
2903,3138,-23408
2904,-3700,3656
2905,-15680,-463
2906,21583,-20041
2907,19339,12133
2908,-27787,17495
2909,-10285,-23909
2910,29594,-5243
2911,-4945,30262
2912,-29998,-4825
2913,17454,-21514
2914,25349,15318
2915,-15879,14745
2916,-2289,304
2917,9716,21674
2918,-24780,9059
2919,-3269,-27782
2920,30601,998
2921,-13592,31098
2922,-22021,-11489
2923,28252,-23705
2924,10947,22528
2925,-24364,14847
2926,-2708,-18909
2927,-8185,-1358
2928,-32338,-1797
2929,5377,-23924
2930,28088,10434
2931,-17356,27392
2932,-21446,-20079
2933,25713,-14849
2934,12452,30299
2935,-21368,2045
2936,7486,-30076
2937,16580,7202
2938,-18932,20988
2939,-2904,-1724
2940,21634,14375
2941,-8106,17315
2942,-1588,-23219
2943,33939,-10566
2944,-2057,26001
2945,-34707,-9493
2946,10056,-26129
2947,24651,24339
2948,-15877,16114
2949,-13588,-26801
2950,352,1311
2951,-25598,13024
2952,-10756,-25584
2953,28705,303
2954,-4523,37788
2955,-25051,-8011
2956,26725,-23241
2957,17811,27268
2958,-36973,12751
2959,-5822,-30765
2960,28748,843
2961,-5465,23803
2962,2992,-3985
2963,34910,4190
2964,-4009,11324
2965,-19122,-29066
2966,26013,-14369
2967,8667,37924
2968,-31288,4348
2969,6768,-34722
2970,28687,11011
2971,-9037,23433
2972,-12419,-19878
2973,-7118,-5672
2974,-35649,18656
2975,-13954,-12144
2976,34785,-5731
2977,2093,30121
2978,-36227,-5335
2979,9780,-33846
2980,28457,17076
2981,-21787,25517
2982,-18381,-22403
2983,21823,-873
2984,7101,33145
2985,2269,-3658
2986,25347,-2186
2987,-7333,34734
2988,-28225,-9179
2989,24125,-35214
2990,24886,24727
2991,-30666,19624
2992,-7157,-31677
2993,35324,2785
2994,-7083,28514
2995,-31589,-10010
2996,3135,238
2997,-7098,21742
2998,-21998,-20001
2999,23394,-22600
3000,17980,23787
3001,-35645,-59
3002,-8376,-38601
3003,20941,8220
3004,-27763,33504
3005,-23671,-20897
3006,29844,-23203
3007,9996,21034
3008,-7255,-1554
3009,31751,-10377
3010,11775,36868
3011,-34407,9352
3012,7894,-34767
3013,41909,15955
3014,-8563,22751
3015,-14217,-35090
3016,36048,-1149
3017,13432,42573
3018,-24345,-4128
3019,5708,-8921
3020,3817,27024
3021,-24095,-14420
3022,13723,-37410
3023,21761,23806
3024,-32082,25035
3025,-11477,-30163
3026,37038,-1612
3027,-2081,34873
3028,-29238,-15433
3029,14918,-27115
3030,22580,17898
3031,-4122,-1589
3032,14113,-15694
3033,15882,32534
3034,-26664,11760
3035,-3817,-42508
3036,39934,2442
3037,-13940,36397
3038,-40304,-18121
3039,26258,-24391
3040,19748,22349
3041,-26645,14708
3042,8965,4414
3043,8807,27579
3044,-33334,306
3045,16007,-32294
3046,45993,14912
3047,-22259,33056
3048,-25112,-25742
3049,35846,-23389
3050,14040,22001
3051,-28667,-8124
3052,3769,-28337
3053,24861,13102
3054,-201,-437
3055,12226,-29664
3056,23973,16519
3057,-23429,23033
3058,-21524,-32892
3059,30916,-11705
3060,-2892,35940
3061,-39149,4240
3062,21963,-14687
3063,30805,17097
3064,-25178,12654
3065,-909,3324
3066,22943,31046
3067,-23905,11488
3068,-9986,-34545
3069,34714,892
3070,-8711,35384
3071,-30219,-19259
3072,28338,-31575
3073,19737,28418
3074,-36166,15907
3075,-1661,-27727
3076,35319,-2610
3077,-8642,-3187
3078,-7873,-37100
3079,29639,1326
3080,-16482,28505
3081,-41685,-20164
3082,20787,-12271
3083,15233,39408
3084,-34591,2765
3085,5695,-37459
3086,30367,11080
3087,-13781,30798
3088,823,-3076
3089,25464,12028
3090,-19402,22282
3091,-8957,-24853
3092,48226,-17864
3093,3682,28321
3094,-47918,-3152
3095,11570,-29067
3096,34625,22250
3097,-24335,26738
3098,-9453,-20771
3099,36884,-9785
3100,-1754,3861
3101,-18068,-26512
3102,21229,-4146
3103,-5419,38295
3104,-33188,-3263
3105,19542,-32161
3106,21418,21161
3107,-35041,24369
3108,-13233,-28491
3109,22731,-7591
3110,-7823,30984
3111,-4,7297
3112,33537,7114
3113,-14009,22746
3114,-38611,-17412
3115,26706,-20717
3116,24825,33083
3117,-34799,12047
3118,-935,-35082
3119,35055,5619
3120,-12902,29443
3121,-11231,-20199
3122,28160,-24311
3123,-7203,1438
3124,-21037,-24425
3125,30801,-16477
3126,19624,35705
3127,-20983,3916
3128,13096,-45928
3129,30227,4400
3130,-19934,31245
3131,-23886,-19122
3132,15465,-6081
3133,8726,34601
3134,3272,-839
3135,26089,-7436
3136,-1271,33933
3137,-32044,-3265
3138,11471,-40030
3139,25172,22234
3140,-25028,38394
3141,-10894,-24979
3142,34481,-11755
3143,-61,35444
3144,-27970,267
3145,3180,-22960
3146,-5974,6898
3147,-23049,-7617
3148,22290,-20064
3149,25660,21020
3150,-24475,3478
3151,-2421,-44661
3152,33713,4798
3153,-10366,42816
3154,-28241,-18142
3155,16572,-26989
3156,18089,22535
3157,-1220,-1681
3158,15781,-21844
3159,-1006,26100
3160,-37893,19836
3161,-416,-20706
3162,33856,13056
3163,-13427,29481
3164,-23371,-28070
3165,25870,-26423
3166,9502,32947
3167,-27603,16449
3168,-3196,-24620
3169,-1060,-1560
3170,-21659,-1968
3171,13677,-31623
3172,24254,4700
3173,-27674,23346
3174,-18248,-26979
3175,34439,-10557
3176,8537,36902
3177,-27756,-6956
3178,11974,-32068
3179,29095,9987
3180,-3338,-1629
3181,11611,-20609
3182,25538,23779
3183,-18528,19059
3184,-10151,-33223
3185,35592,-5519
3186,-2195,37361
3187,-31866,-5974
3188,15730,-26439
3189,11501,27533
3190,-26090,27747
3191,5626,-15932
3192,12161,595
3193,-30887,7524
3194,708,-24840
3195,41663,5172
3196,-8956,32536
3197,-26382,-17766
3198,30045,-15914
3199,23757,33294
3200,-20731,-652
3201,-509,-32912
3202,17090,5797
3203,-5609,1985
3204,9124,-26300
3205,26197,9073
3206,-12117,23612
3207,-19148,-21560
3208,16462,-17639
3209,-4659,23484
3210,-32723,1876
3211,10637,-21484
3212,30172,19477
3213,-12003,20077
3214,-19474,-26163
3215,-4201,-3990
3216,-21561,19718
3217,-12341,-16309
3218,22245,5656
3219,-7,43186
3220,-23067,-12148
3221,20030,-29290
3222,25967,31261
3223,-27957,19645
3224,-18642,-22911
3225,22645,1099
3226,5514,4921
3227,4617,-26424
3228,29947,-2478
3229,-6473,23162
3230,-28885,-13651
3231,22011,-18382
3232,22551,25654
3233,-29118,8083
3234,-11552,-31650
3235,24948,-2283
3236,-3151,11232
3237,-23789,-19545
3238,-7381,4301
3239,-12940,27377
3240,-8452,-17177
3241,28556,-14760
3242,10765,28748
3243,-33896,-4977
3244,1439,-31583
3245,31269,19528
3246,-16690,25902
3247,-17167,-14536
3248,26984,-3227
3249,1648,3665
3250,-15945,-26434
3251,22384,-4976
3252,7158,33083
3253,-25012,-981
3254,12971,-25333
3255,26498,16584
3256,-14813,15878
3257,-5311,-32068
3258,24999,-16459
3259,-4973,18371
3260,-24278,1897
3261,3349,5870
3262,-4248,24265
3263,-24245,-11075
3264,7651,-23279
3265,12380,17554
3266,-27275,6443
3267,-5939,-27456
3268,28978,5395
3269,-7181,28123
3270,-18612,-10299
3271,17418,-21765
3272,1888,-1304
3273,-17141,-10918
3274,16739,-6929
3275,12326,27576
3276,-22259,11173
3277,4728,-23136
3278,26481,8811
3279,-14847,23236
3280,-16124,-23681
3281,28976,-15032
3282,10709,27200
3283,-25931,1942
3284,-2310,-10534
3285,3108,20723
3286,-21568,-1681
3287,3433,-22530
3288,16587,18983
3289,-24341,16573
3290,-14595,-24407
3291,27908,-3886
3292,3013,19429
3293,-23316,-9583
3294,2372,-15859
3295,9,4513
3296,-16832,-7086
3297,14277,-11515
3298,20706,16982
3299,-19483,6758
3300,-6573,-25976
3301,25662,2674
3302,-8771,29042
3303,-24788,-9609
3304,17064,-16812
3305,13590,17909
3306,-15014,6651
3307,4917,-4833
3308,4649,18016
3309,-25620,1503
3310,2566,-20579
3311,31921,13531
3312,-9624,22367
3313,-22200,-18179
3314,19089,-13245
3315,8776,19954
3316,-22106,2558
3317,-363,-15669
3318,6782,4917
3319,-12833,-2438
3320,8933,-20146
3321,18433,12263
3322,-20759,21064
3323,-14307,-18907
3324,24293,-7140
3325,1265,27755
3326,-21818,133
3327,12579,-19868
3328,16752,8389
3329,-13290,11124
3330,1526,1377
3331,14386,20571
3332,-12978,11354
3333,-4035,-21000
3334,22651,-387
3335,-5313,21993
3336,-18997,-14501
3337,16502,-21170
3338,8882,21118
3339,-23812,12124
3340,-5102,-18892
3341,4243,-2603
3342,-19450,-1747
3343,271,-21427
3344,20474,4417
3345,-18080,18595
3346,-22623,-15356
3347,22340,-9604
3348,10366,24366
3349,-22455,1440
3350,5307,-25963
3351,19614,4104
3352,-9134,22126
3353,608,4179
3354,18124,11129
3355,-10660,13154
3356,-8003,-21261
3357,26343,-11589
3358,174,24259
3359,-27944,-6041
3360,9594,-24229
3361,18734,20013
3362,-15515,13878
3363,-5448,-21569
3364,7176,-171
3365,-19809,1978
3366,-7733,-23988
3367,22894,7350
3368,-7881,29527
3369,-24888,-12161
3370,16911,-19542
3371,13904,17402
3372,-24518,8460
3373,-4362,-19362
3374,16847,1013
3375,-5291,19379
3376,6421,1987
3377,23957,8331
3378,-13490,19205
3379,-18412,-14767
3380,24796,-15551
3381,11474,25830
3382,-21351,3964
3383,5536,-26596
3384,21983,12445
3385,-6014,18326
3386,-9460,-18750
3387,777,107
3388,-15036,14740
3389,-7738,-19940
3390,21761,-9512
3391,765,22447
3392,-25712,-6505
3393,8654,-22273
3394,17294,15293
3395,-24523,11729
3396,-12922,-21990
3397,19031,860
3398,-510,24228
3399,1889,-3844
3400,22970,-1225
3401,-11356,22947
3402,-25275,-9372
3403,16603,-22125
3404,9570,22013
3405,-25180,11097
3406,2010,-26325
3407,25983,3693
3408,-6434,18361
3409,-16428,-12719
3410,4420,1721
3411,-7866,18417
3412,-12551,-14998
3413,19699,-9931
3414,9165,25543
3415,-24476,-889
3416,3280,-28207
3417,21046,11245
3418,-17660,25778
3419,-12637,-15508
3420,22548,-14844
3421,5044,15226
3422,-3193,-752
3423,21439,-4919
3424,-395,23789
3425,-25070,527
3426,11619,-23359
3427,22616,17891
3428,-17465,17062
3429,-10051,-26592
3430,23120,-699
3431,276,26303
3432,-19768,-5491
3433,625,-94
3434,-8224,21999
3435,-18758,-12907
3436,18335,-21823
3437,16444,19707
3438,-26728,9028
3439,-3414,-25963
3440,30668,1752
3441,-7314,22212
3442,-20650,-15069
3443,19297,-16758
3444,15694,15566
3445,-2556,-3073
3446,18005,-11709
3447,7085,24722
3448,-24833,4072
3449,3224,-31281
3450,24304,12028
3451,-15762,26071
3452,-16282,-22265
3453,24620,-9958
3454,5267,25299
3455,-22387,3784
3456,4654,-123
3457,2279,19505
3458,-22581,-7183
3459,11131,-21737
3460,25781,18874
3461,-20921,21156
3462,-15421,-20217
3463,25554,-3457
3464,633,29051
3465,-22707,-7804
3466,11260,-25592
3467,18211,12833
3468,-558,2920
3469,17005,-19766
3470,15085,16655
3471,-22792,13814
3472,-4772,-29846
3473,30735,-1827
3474,-8426,27490
3475,-29872,-12740
3476,20146,-14584
3477,20418,25430
3478,-19785,12340
3479,-453,-1127
3480,10154,23415
3481,-20735,2978
3482,-764,-29586
3483,24425,8614
3484,-13864,28061
3485,-17087,-20543
3486,27814,-19500
3487,9265,24477
3488,-28646,2821
3489,4025,-23019
3490,27070,5872
3491,-394,793
3492,8433,-20206
3493,23798,16251
3494,-18254,19377
3495,-20630,-31200
3496,27168,-10281
3497,2668,35701
3498,-31311,-1294
3499,13413,-25970
3500,21925,15996
3501,-16276,21453
3502,5094,-661
3503,15538,16230
3504,-27129,9642
3505,-7925,-25629
3506,36795,752
3507,-1893,31998
3508,-29884,-10626
3509,19839,-24403
3510,25486,21042
3511,-24881,10740
3512,-10803,-22361
3513,26208,1056
3514,4028,288
3515,3463,-28143
3516,27027,7067
3517,-12523,29498
3518,-25949,-21025
3519,29193,-21943
3520,12511,28527
3521,-34632,8186
3522,7404,-27175
3523,28469,6238
3524,-12253,21628
3525,2482,-1489
3526,24012,15332
3527,-16825,19212
3528,-16694,-26110
3529,29140,-13395
3530,8029,31670
3531,-30663,-4782
3532,5194,-34859
3533,25947,15585
3534,-19258,25396
3535,-15796,-19678
3536,26323,-14658
3537,3317,-71
3538,-8646,-22479
3539,28505,-4547
3540,-775,28309
3541,-36364,-8173
3542,18856,-27582
3543,30106,21029
3544,-27708,14452
3545,-10734,-34845
3546,26949,-5506
3547,-2251,29590
3548,-4028,1195
3549,22608,7060
3550,-8159,28738
3551,-21491,-13655
3552,26163,-24781
3553,16013,25066
3554,-36756,12479
3555,-5210,-28347
3556,35086,5486
3557,-11997,28891
3558,-26554,-12289
3559,19192,-19684
3560,1833,-881
3561,-20019,-21856
3562,24403,-11627
3563,11630,33654
3564,-36453,4227
3565,7702,-34846
3566,34518,14204
3567,-22650,30610
3568,-18771,-25618
3569,26782,-15431
3570,4923,28308
3571,-2123,2649
3572,29395,-5912
3573,-2949,24320
3574,-36000,-6905
3575,13805,-31219
3576,28105,21677
3577,-27705,24764
3578,-16248,-30606
3579,32891,-8200
3580,804,33886
3581,-25316,-6594
3582,11410,-29444
3583,-873,3766
3584,-25427,-7277
3585,22959,-20664
3586,24052,23931
3587,-35366,15387
3588,-7229,-37168
3589,37314,-2185
3590,-12388,32812
3591,-30702,-17427
3592,22004,-17144
3593,22469,27075
3594,-86,-3737
3595,23581,-16896
3596,12697,29497
3597,-29459,7519
3598,-793,-32002
3599,30518,14825
3600,-15150,33125
3601,-22436,-24833
3602,27907,-23010
3603,6982,29047
3604,-33473,9857
3605,-2385,-24404
3606,2384,2013
3607,-26513,1439
3608,9573,-25400
3609,29545,10307
3610,-22302,20245
3611,-17820,-35762
3612,31939,-12739
3613,5169,41803
3614,-27924,-5943
3615,11550,-33024
3616,25903,15377
3617,-2376,2706
3618,12715,-23106
3619,19441,21784
3620,-23932,19721
3621,-9807,-30116
3622,36185,-656
3623,-6440,34153
3624,-39298,-16071
3625,18191,-30809
3626,25048,23780
3627,-26462,15999
3628,-12255,-24189
3629,6206,3166
3630,-23435,7349
3631,-3099,-34084
3632,30155,1913
3633,-13414,38810
3634,-27567,-19061
3635,28456,-24354
3636,18913,33989
3637,-28113,6119
3638,4615,-31084
3639,29442,4502
3640,-6067,1230
3641,7650,-22913
3642,31705,18911
3643,-17303,27315
3644,-24004,-29706
3645,31138,-16875
3646,8104,36530
3647,-36904,989
3648,5414,-35528
3649,26796,16815
3650,-17560,27759
3651,-15842,-20918
3652,4459,-851
3653,-23664,18692
3654,-13145,-28543
3655,33049,-11746
3656,2216,37196
3657,-32818,-6315
3658,17917,-28965
3659,29732,22384
3660,-26496,11877
3661,-13260,-27628
3662,27661,-2728
3663,181,1640
3664,-2972,-28049
3665,30580,2395
3666,-2907,28991
3667,-30013,-19533
3668,17399,-27393
3669,15898,29556
3670,-33358,16491
3671,-2921,-29572
3672,37459,3830
3673,-5724,24531
3674,-28557,-13945
3675,240,267
3676,-12155,25189
3677,-20048,-16603
3678,25271,-13343
3679,16661,35627
3680,-31683,1196
3681,141,-37299
3682,30413,12983
3683,-17319,30337
3684,-18192,-15211
3685,26686,-14797
3686,4923,-1383
3687,-8789,-28383
3688,27177,-12824
3689,1109,30869
3690,-35916,-28
3691,14592,-28608
3692,33608,22221
3693,-23926,27542
3694,-17494,-27493
3695,32699,-9035
3696,6332,26416
3697,-27487,-4921
3698,-1454,-671
3699,-2887,29839
3700,-20155,-12123
3701,19608,-29558
3702,23774,24478
3703,-32469,13913
3704,-13447,-34996
3705,33450,-1463
3706,-6636,32436
3707,-25556,-4567
3708,16344,-17151
3709,1186,875
3710,-21072,-18087
3711,20894,-13748
3712,18008,30430
3713,-27924,8929
3714,-393,-34374
3715,32641,6276
3716,-11355,29809
3717,-24083,-22505
3718,21843,-19909
3719,10139,26742
3720,-24991,10117
3721,3000,-712
3722,8367,27275
3723,-25798,132
3724,5888,-30206
3725,32362,12942
3726,-21002,23707
3727,-21551,-22386
3728,31925,-7981
3729,7017,29769
3730,-24907,-2583
3731,5784,-24851
3732,-722,3658
3733,-24356,-5244
3734,13192,-20156
3735,23276,19486
3736,-21220,18587
3737,-7239,-29194
3738,31846,-6944
3739,-5410,29910
3740,-31728,-6724
3741,17192,-20944
3742,23012,17872
3743,-18357,16290
3744,893,203
3745,14847,19095
3746,-25473,5846
3747,-8540,-27085
3748,29550,5595
3749,-11111,33724
3750,-25199,-13245
3751,24217,-24137
3752,13717,23254
3753,-23188,9236
3754,-2785,-24221
3755,1445,4167
3756,-20800,5719
3757,8798,-23211
3758,29630,8098
3759,-16400,23323
3760,-23295,-23478
3761,25419,-14085
3762,9542,30730
3763,-30002,1775
3764,6968,-27115
3765,27866,8846
3766,-10900,18875
3767,-2410,-3088
3768,17133,14830
3769,-21707,20030
3770,-16909,-18326
3771,28568,-7855
3772,-465,27549
3773,-28771,-5884
3774,16465,-27031
3775,21665,16886
3776,-21348,14580
3777,-11836,-19182
3778,3836,3875
3779,-19653,7513
3780,-3555,-27115
3781,27994,154
3782,-6822,30525
3783,-26204,-12265
3784,19010,-21071
3785,16612,24919
3786,-23716,10917
3787,622,-27307
3788,21925,-852
3789,-10321,20045
3790,-1428,-2067
3791,24207,8149
3792,-10013,20892
3793,-17063,-17318
3794,26044,-18425
3795,8728,24348
3796,-29776,3908
3797,2528,-25515
3798,24356,13053
3799,-10200,21146
3800,-14005,-14754
3801,2550,455
3802,-18065,13637
3803,-13700,-20153
3804,22782,-7648
3805,2413,29561
3806,-25852,-682
3807,13634,-25147
3808,25865,12814
3809,-18691,15991
3810,-11869,-21589
3811,19727,-5059
3812,461,24372
3813,-2121,1934
3814,22346,-679
3815,-3385,20768
3816,-24146,-9265
3817,12485,-22984
3818,13718,22276
3819,-23461,14593
3820,-3352,-25156
3821,27144,3428
3822,-2278,21968
3823,-19601,-9485
3824,-1031,308
3825,-9728,18203
3826,-12708,-12817
3827,20255,-12240
3828,11771,23283
3829,-24230,3896
3830,-903,-25741
3831,22046,6220
3832,-14417,20442
3833,-20556,-18694
3834,14644,-13211
3835,8966,21599
3836,-1103,-1
3837,18525,-10147
3838,1344,21561
3839,-23192,214
3840,9580,-26137
3841,21198,15630
3842,-17854,21013
3843,-9799,-21949
3844,24496,-6553
3845,867,19539
3846,-20218,-2383
3847,1447,375
3848,-4559,19785
3849,-15851,-6515
3850,16238,-18024
3851,15241,15186
3852,-23861,7548
3853,-6669,-25455
3854,23571,2076
3855,-3935,28444
3856,-14488,-7087
3857,15867,-15052
3858,12865,13377
3859,-1529,-3042
3860,14099,-11956
3861,5100,20781
3862,-21316,5963
3863,2030,-23648
3864,22704,9723
3865,-12059,19639
3866,-18538,-20476
3867,17825,-11075
3868,5456,19090
3869,-22682,4076
3870,618,2550
3871,6725,19240
3872,-16537,-5466
3873,6022,-20038
3874,21982,14795
3875,-15698,16539
3876,-12958,-18322
3877,24171,-2622
3878,2328,24261
3879,-21507,-5844
3880,7963,-19802
3881,13552,7442
3882,-4571,-1518
3883,13162,-13081
3884,16366,16456
3885,-14393,7343
3886,-2620,-25011
3887,24195,3494
3888,-4842,22115
3889,-19968,-14726
3890,15742,-13312
3891,11841,20138
3892,-17188,10667
3893,727,-364
3894,3680,14849
3895,-23349,1473
3896,123,-18170
3897,22169,7604
3898,-14173,18179
3899,-15084,-16685
3900,24865,-12488
3901,8700,20911
3902,-22677,-557
3903,564,-20068
3904,17808,9581
3905,2822,4461
3906,10569,-17366
3907,15453,12223
3908,-16104,15398
3909,-12280,-22410
3910,23325,-4523
3911,850,25321
3912,-24300,-2566
3913,13856,-16468
3914,18794,5422
3915,-17564,3351
3916,-1516,-1494
3917,12022,15396
3918,-19236,4780
3919,-5763,-18403
3920,25720,5131
3921,-4125,21890
3922,-19540,-14454
3923,13914,-16663
3924,6869,24487
3925,-22650,10589
3926,-1307,-19294
3927,17247,2905
3928,-2181,3623
3929,4779,-19528
3930,18479,7247
3931,-14409,20659
3932,-19820,-16388
3933,22871,-9622
3934,13071,22825
3935,-18602,-2716
3936,9346,-22784
3937,18758,10141
3938,-14331,17871
3939,-421,-399
3940,17063,15658
3941,-14664,16665
3942,-8199,-21850
3943,24935,-15187
3944,-4714,17424
3945,-26579,-5174
3946,14863,-17389
3947,18272,19627
3948,-21015,12895
3949,-3976,-21205
3950,25366,-7882
3951,-647,-2360
3952,-7568,-18068
3953,16134,9025
3954,-5985,24978
3955,-20445,-14240
3956,18400,-16649
3957,13497,22456
3958,-24341,6872
3959,789,-26089
3960,23758,1684
3961,-4607,25994
3962,2590,4529
3963,24185,1558
3964,-8820,7343
3965,-15779,-16492
3966,26332,-9576
3967,11642,24333
3968,-26604,4186
3969,6110,-20534
3970,29657,11886
3971,-11668,19578
3972,-19424,-16498
3973,8038,-14002
3974,-4614,1260
3975,-5325,-15780
3976,23911,-3894
3977,1589,23920
3978,-24260,-6116
3979,13253,-26882
3980,18701,12871
3981,-23984,15643
3982,-8259,-18460
3983,27456,1521
3984,6319,22403
3985,-1766,-853
3986,19496,8758
3987,-4592,24755
3988,-23644,-13979
3989,16660,-17423
3990,19279,28388
3991,-22360,8329
3992,-81,-33722
3993,28981,-774
3994,-13074,22594
3995,-20486,-13686
3996,20051,-18402
3997,1328,3538
3998,-16059,-11831
3999,23905,-12231
4000,12870,17411
4001,-30718,-639
4002,-3997,-23476
4003,16536,17049
4004,-17049,25671
4005,-8708,-21335
4006,23177,-9285
4007,5975,22714
4008,-253,-5808
4009,20720,-4443
4010,-1835,32776
4011,-21553,4612
4012,17249,-21898
4013,22701,16304
4014,-25957,13972
4015,-17322,-26725
4016,25970,-2808
4017,3013,27084
4018,-25066,-6847
4019,2325,-20013
4020,4662,4094
4021,-17356,-12136
4022,5686,-23014
4023,11300,16032
4024,-26275,10487
4025,-9018,-29251
4026,28154,3005
4027,-3127,31809
4028,-20087,-17111
4029,14858,-25383
4030,10900,19593
4031,-3637,10122
4032,22675,-3214
4033,9075,23056
4034,-28702,1199
4035,6292,-31627
4036,31140,7068
4037,-22843,22434
4038,-28519,-24777
4039,24632,-16570
4040,11441,29500
4041,-16980,3140
4042,8830,-31449
4043,1174,-4421
4044,-24280,-3956
4045,12811,-25415
4046,22519,14105
4047,-30200,28125
4048,-18994,-24185
4049,33978,-15737
4050,6729,21964
4051,-31402,-12563
4052,5626,-23145
4053,22121,20261
4054,-6029,7104
4055,11037,-16032
4056,19130,20412
4057,-25693,16296
4058,-9967,-30928
4059,33620,-1920
4060,-6619,39646
4061,-24423,-5306
4062,29354,-22450
4063,21494,25716
4064,-21639,6233
4065,-5453,-33710
4066,-1091,6104
4067,-25448,15099
4068,3574,-22311
4069,35109,7365
4070,-1236,19947
4071,-17908,-38887
4072,20928,-23795
4073,10759,35011
4074,-28387,1399
4075,4466,-29680
4076,30806,8047
4077,-5740,-776
4078,-626,-30359
4079,16389,12909
4080,-28925,30613
4081,-24334,-19848
4082,30157,-9669
4083,-419,36452
4084,-39634,-364
4085,5503,-31790
4086,24671,17717
4087,-12957,22883
4088,-18884,-20226
4089,-4623,5609
4090,-4414,23577
4091,14435,-23241
4092,28738,-6313
4093,-9045,36754
4094,-27267,-10824
4095,20239,-30113
4096,21415,25466
4097,-31854,18106
4098,-8804,-20195
4099,34086,-5906
4100,-1699,-7526
4101,-9267,-18163
4102,25055,21100
4103,-6853,29272
4104,-23457,-24775
4105,35078,-24411
4106,29592,30493
4107,-33155,14481
4108,-13479,-32105
4109,26208,3105
4110,-8149,31182
4111,-22380,-8862
4112,7904,-1415
4113,-7359,23292
4114,-15214,-21300
4115,29933,-18468
4116,13956,37587
4117,-37486,7346
4118,3666,-28711
4119,42012,17226
4120,-8734,19403
4121,-19688,-31888
4122,18797,-18793
4123,223,11207
4124,-8637,-12084
4125,31237,-6097
4126,9655,30596
4127,-31676,-5060
4128,7187,-38789
4129,20792,16145
4130,-31144,24742
4131,-13836,-28358
4132,36684,938
4133,61,34179
4134,-31575,-8866
4135,3152,1728
4136,-5748,36162
4137,-31574,-14755
4138,16665,-28553
4139,33340,33494
4140,-18644,16210
4141,-3392,-39997
4142,36180,-1079
4143,-8078,35199
4144,-27273,-11785
4145,17077,-23066
4146,8786,8401
4147,-7703,-14461
4148,31137,-23016
4149,18375,16951
4150,-35809,-4092
4151,-8563,-33784
4152,29252,19617
4153,-13084,31129
4154,-25194,-27140
4155,27779,-11572
4156,22887,29746
4157,-21663,-179
4158,-16014,1101
4159,-16980,39762
4160,-30925,-844
4161,15866,-36655
4162,32789,14700
4163,-30478,19009
4164,-25002,-33319
4165,34139,-7511
4166,6585,35413
4167,-24900,2571
4168,9524,-13676
4169,842,7190
4170,-25238,-18272
4171,15584,-28901
4172,21954,27535
4173,-35166,29214
4174,-19795,-28378
4175,38549,-8496
4176,10789,31934
4177,-24057,-9835
4178,18269,-29926
4179,19554,8777
4180,-30116,7735
4181,-1485,918
4182,30366,28529
4183,-18578,5672
4184,-10832,-36654
4185,38017,-715
4186,-12656,29227
4187,-43472,-18099
4188,21067,-22505
4189,19460,32998
4190,-26106,11770
4191,1383,-35122
4192,6503,-368
4193,-28616,5167
4194,10100,-36007
4195,42437,6905
4196,-16758,41992
4197,-25594,-18996
4198,40799,-24509
4199,19209,26027
4200,-40268,-1716
4201,2739,-30369
4202,32992,12965
4203,-12912,27361
4204,3551,3540
4205,35966,11759
4206,-16085,5152
4207,-26875,-32308
4208,14726,-9211
4209,-17665,30710
4210,-35732,-11751
4211,27509,-31847
4212,29975,22962
4213,-23486,13545
4214,-11606,-31092
4215,-675,645
4216,-35456,15691
4217,-4878,-13252
4218,47359,13797
4219,5088,30858
4220,-19962,-22338
4221,32872,-26153
4222,17295,28698
4223,-39078,16956
4224,-2671,-28234
4225,33977,-4216
4226,3722,25471
4227,10126,3172
4228,24116,6376
4229,-22407,18350
4230,-18631,-26287
4231,42495,-27815
4232,16330,32530
4233,-38224,12562
4234,2845,-34357
4235,31635,6163
4236,-19399,21226
4237,-30104,-19091
4238,2711,3214
4239,-7688,21134
4240,-6849,-27490
4241,28715,-15445
4242,4279,33729
4243,-35355,-5513
4244,7853,-36530
4245,31083,17008
4246,-18727,28373
4247,-9560,-15259
4248,35198,-3594
4249,8809,21993
4250,64,-1273
4251,29909,1928
4252,-9913,25187
4253,-37666,-14697
4254,20888,-31675
4255,26052,25729
4256,-28627,11882
4257,-11739,-49079
4258,17097,-8695
4259,-21088,28956
4260,-27842,-13643
4261,8103,-2523
4262,-13975,28524
4263,-32422,-18197
4264,20909,-25039
4265,20475,30300
4266,-37723,13142
4267,-6520,-21493
4268,35303,24149
4269,-18924,34595
4270,-30786,-30415
4271,22467,-24583
4272,10875,29830
4273,-7600,8139
4274,22018,-4332
4275,8458,34852
4276,-8980,322
4277,32800,-44465
4278,23430,6497
4279,-37973,21470
4280,-14164,-25160
4281,34819,-1530
4282,-3525,31756
4283,-24437,-3529
4284,16182,-11644
4285,-2783,10807
4286,-36635,-16440
4287,11195,-29080
4288,26455,20550
4289,-23891,23212
4290,-7082,-29758
4291,34760,-12382
4292,-2185,31711
4293,-29967,-2602
4294,4125,-18759
4295,15691,21138
4296,8706,2891
4297,27622,-19826
4298,11978,23470
4299,-32333,13015
4300,-8200,-34130
4301,29201,5786
4302,-6871,40012
4303,-16155,-1987
4304,32622,-7964
4305,20107,19061
4306,-16858,871
4307,5736,-3465
4308,1394,24968
4309,-30185,2199
4310,11590,-28352
4311,37959,13881
4312,-20960,32150
4313,-22585,-22761
4314,33453,-23756
4315,22,22249
4316,-46530,497
4317,1151,-20637
4318,25506,13540
4319,-5943,3141
4320,13573,-20805
4321,29022,19559
4322,-18749,21745
4323,-14587,-27199
4324,32887,-2352
4325,4393,36886
4326,-20381,-4033
4327,25602,-24876
4328,18147,9928
4329,-25694,10057
4330,5102,230
4331,18957,23516
4332,-22525,12728
4333,499,-20817
4334,35996,-1340
4335,-8967,11578
4336,-27706,-29241
4337,14890,-21615
4338,12284,32605
4339,-15651,11599
4340,6681,-31791
4341,24622,-4068
4342,-2775,4779
4343,-8368,-21915
4344,7010,14125
4345,-16159,39613
4346,-19985,-14673
4347,26654,-21690
4348,17584,24277
4349,-28921,-1738
4350,-2791,-34901
4351,26032,6457
4352,-3027,22945
4353,2518,-267
4354,25764,14574
4355,-3969,9993
4356,-5670,-32184
4357,31330,-8175
4358,637,34419
4359,-36629,-2231
4360,8259,-24294
4361,26589,15321
4362,-15801,12382
4363,-6234,-22484
4364,21662,-15227
4365,-6079,-7678
4366,-7924,-12224
4367,23319,18162
4368,-2689,30206
4369,-23606,-16449
4370,20192,-26386
4371,20816,21246
4372,-24489,17296
4373,-6508,-21193
4374,18161,4508
4375,-11137,31339
4376,-3160,-907
4377,23515,-2390
4378,-13484,19776
4379,-24120,-10230
4380,25722,-16052
4381,15676,25863
4382,-25645,10057
4383,6164,-23167
4384,31874,5994
4385,-10667,15718
4386,-20248,-17958
4387,13729,-11490
4388,2115,5206
4389,-10522,-17564
4390,20937,-10983
4391,8775,21504
4392,-24791,-4246
4393,10070,-26765
4394,23669,17719
4395,-23920,24719
4396,-12633,-15846
4397,27415,1402
4398,9129,26072
4399,2213,-2440
4400,16424,-3760
4401,-6436,24446
4402,-19459,12049
4403,-7436,-17595
4404,-5341,-24670
4405,14003,-12754
4406,37115,9179
4407,21641,24391
4408,-4280,29394
4409,-19649,22151
4410,-23362,-5252
4411,-791,-15858
4412,24602,5872
4413,20498,15804
4414,-3923,14255
4415,-24406,13944
4416,-25765,-4521
4417,-11687,-18806
4418,5990,-18157
4419,20669,-17300
4420,25183,6148
4421,13854,24358
4422,-4970,5743
4423,-4266,2213
4424,10792,8076
4425,1444,-3923
4426,-9427,2908
4427,5067,7177
4428,3418,-5908
4429,-7194,3458
4430,3509,8677
4431,3625,-729
4432,-5586,5196
4433,-308,6143
4434,4579,2538
4435,5469,4548
4436,2190,-1045
4437,-4891,3000
4438,-2761,8177
4439,1078,-3366
4440,999,-5995
4441,-321,-2833
4442,-4337,-4549
4443,-4091,458
4444,-3957,3961
4445,-400,3183
4446,9331,909
4447,1548,-1723
4448,-5757,3755
4449,3684,5249
4450,-2037,611
4451,-7053,2366
4452,3418,1784
4453,2622,924
4454,3497,2766
4455,7860,250
4456,871,2786
4457,752,3901
4458,1514,-2299
4459,-2247,3602
4460,2705,15516
4461,647,15104
4462,-4581,6091
4463,705,-753
4464,617,1527
4465,678,4863
4466,4744,658
4467,-3991,-4526
4468,-10328,-3926
4469,-436,2023
4470,7320,777
4471,5569,-6305
4472,2194,-70
4473,747,4174
4474,593,-4921
4475,1234,-2402
4476,4043,3363
4477,4088,-1783
4478,-993,2069
4479,810,6413
4480,6963,-3091
4481,2007,-5126
4482,-2159,3261
4483,4032,4357
4484,2071,-145
4485,-4022,81
4486,33,4353
4487,-204,3161
4488,-3949,-1049
4489,610,2144
4490,-1029,3882
4491,-4619,1289
4492,6499,5371
4493,11007,2889
4494,809,-8260
4495,197,-3271
4496,4260,7770
4497,-1210,5533
4498,-3187,2103
4499,2290,1036
4500,3339,640
4501,-1332,4732
4502,-2419,5304
4503,2515,2466
4504,-639,273
4505,-8663,-1722
4506,23,1854
4507,7643,755
4508,-1577,-6562
4509,-1031,-2055
4510,2746,1919
4511,-4524,-2277
4512,-732,-2
4513,2499,539
4514,-4655,419
4515,1437,5028
4516,5764,788
4517,106,-444
4518,3513,5144
4519,4265,-187
4520,3124,-2210
4521,6343,3560
4522,-814,353
4523,-4491,-5045
4524,768,-4377
4525,2852,1127
4526,7672,3590
4527,977,-895
4528,-9401,1884
4529,3797,3048
4530,6848,-4634
4531,-5360,1847
4532,2337,5484
4533,5400,-8565
4534,-2973,-7233
4535,3184,1886
4536,5823,-2340
4537,-949,-2588
4538,-2773,-1911
4539,-5811,-5621
4540,-6192,1776
4541,1118,9855
4542,5846,3626
4543,3551,-3429
4544,-637,341
4545,-336,4527
4546,733,-1279
4547,-1443,-5641
4548,-1532,1008
4549,143,5309
4550,883,1733
4551,346,918
4552,379,1259
4553,3747,-587
4554,2344,704
4555,-3779,-68
4556,-3129,-1936
4557,380,670
4558,2147,-4103
4559,3297,-6593
4560,1177,3130
4561,-2326,-712
4562,-5656,-5768
4563,-3489,5350
4564,4191,1016
4565,3741,-4077
4566,1185,9515
4567,2185,5704
4568,-3672,-2818
4569,-2915,5404
4570,5550,2268
4571,-153,-5167
4572,-6491,-793
4573,-744,1720
4574,1409,5
4575,-734,-1745
4576,61,4192
4577,2381,7870
4578,1688,-5744
4579,-2768,-3404
4580,-1193,12743
4581,1589,-271
4582,-3416,-9212
4583,677,5405
4584,9483,452
4585,2047,-6796
4586,-2824,4330
4587,2655,1752
4588,-2210,-5405
4589,-5254,-713
4590,2642,-1025
4591,2810,252
4592,615,4618
4593,1329,618
4594,-5192,2169
4595,-6074,6592
4596,1654,1155
4597,2419,-1820
4598,3035,-3340
4599,4931,-7585
4600,141,-4752
4601,944,-2491
4602,3927,-3373
4603,-5963,961
4604,-10130,1482
4605,2352,-3741
4606,7405,-4459
4607,2023,428
4608,3871,5007
4609,5867,1570
4610,172,-2986
4611,-1121,666
4612,1755,493
4613,838,-2399
4614,1765,3350
4615,3523,4267
4616,-1740,-1605
4617,-5652,-1122
4618,-1366,-2115
4619,2149,-4467
4620,2270,-6
4621,1847,488
4622,-727,-362
4623,-2100,4525
4624,-592,1881
4625,1540,-3129
4626,3045,1065
4627,209,3696
4628,577,1454
4629,5504,-1488
4630,240,-759
4631,-563,4805
4632,8980,368
4633,1609,-4489
4634,-4415,4739
4635,5604,998
4636,814,-8005
4637,-3786,3868
4638,5468,5466
4639,1029,-4984
4640,-3678,1834
4641,861,5691
4642,-1890,-1696
4643,711,-3465
4644,4399,-2939
4645,-1727,-737
4646,307,-2008
4647,4783,-5793
4648,3403,5771
4649,6790,13779
4650,6760,378
4651,1828,-6802
4652,1511,-629
4653,929,4170
4654,1075,6096
4655,3245,1421
4656,1341,-2188
4657,-203,2793
4658,644,2000
4659,1857,224
4660,7277,5918
4661,8448,2924
4662,-296,-2581
4663,-2925,-457
4664,1507,-2108
4665,326,-176
4666,-1182,4774
4667,109,414
4668,2246,-1632
4669,5469,-4905
4670,717,-9035
4671,-4195,1477
4672,1504,2710
4673,2190,-3774
4674,-1347,5748
4675,0,2467
4676,-411,-6016
4677,682,6672
4678,1085,8774
4679,1429,2261
4680,5930,1896
4681,-2273,-4760
4682,-5382,-575
4683,10661,2655
4684,6268,-8179
4685,-4767,818
4686,2397,9856
4687,-1126,2461
4688,-2556,6888
4689,2293,4601
4690,-8462,-2385
4691,-4990,4986
4692,5512,546
4693,748,-1702
4694,8014,7188
4695,8136,-428
4696,-5154,-2816
4697,675,2172
4698,-1023,-1923
4699,-7017,4616
4700,4717,2841
4701,-909,-8613
4702,-6388,1901
4703,6088,4740
4704,196,-2501
4705,-1997,4209
4706,5833,-504
4707,-3536,-3690
4708,-158,5211
4709,6161,-2831
4710,-5173,-3428
4711,3078,5865
4712,8740,-1322
4713,-5063,1699
4714,806,3911
4715,783,-9628
4716,-10432,-436
4717,4206,7413
4718,6939,-5259
4719,-6615,2628
4720,2872,8096
4721,2127,-4915
4722,-8885,1701
4723,7384,5868
4724,13599,-5526
4725,-2734,2796
4726,-806,8653
4727,5337,-5000
4728,-1952,-5
4729,1093,11055
4730,5240,-3375
4731,-5095,-8770
4732,-4233,5536
4733,2109,-752
4734,-7605,-9275
4735,-313,4820
4736,19085,355
4737,5440,-12125
4738,-5716,4216
4739,8170,6655
4740,4192,-8987
4741,-3285,-2218
4742,2943,2593
4743,-612,-1058
4744,13,2467
4745,2999,-3558
4746,-4414,-1565
4747,580,7587
4748,2066,-4004
4749,-6578,-2830
4750,3789,8024
4751,6097,-4006
4752,-4562,-2720
4753,3735,5429
4754,1945,-6159
4755,-8709,-1005
4756,3488,5957
4757,3673,-5063
4758,-7667,4874
4759,4650,10475
4760,6467,-9476
4761,-8362,-3417
4762,2413,13076
4763,12296,-83
4764,-5217,-5722
4765,-7019,5667
4766,7365,1202
4767,327,-2930
4768,-4047,4406
4769,6238,-3178
4770,-2586,-7808
4771,-8007,9239
4772,8467,7213
4773,2645,-8398
4774,-11962,3408
4775,1246,9256
4776,5116,-7238
4777,-7339,-4466
4778,-1331,5302
4779,5867,3044
4780,2112,7504
4781,2182,783
4782,-4141,-14853
4783,-7072,-842
4784,7037,10078
4785,4208,-9700
4786,-10853,-9656
4787,95,8804
4788,9279,2668
4789,-655,-4534
4790,4693,798
4791,10097,-5949
4792,-5183,-4875
4793,-6229,10753
4794,6450,3092
4795,1041,-9898
4796,-6770,5291
4797,3579,13063
4798,9644,-3585
4799,-3550,-6865
4800,-7970,5330
4801,5248,5648
4802,2926,-508
4803,-6315,-48
4804,3184,-1240
4805,2877,-4649
4806,-5763,-935
4807,5273,1077
4808,3905,-2901
4809,-11084,2348
4810,-325,7967
4811,7147,-1142
4812,-4629,-4449
4813,-526,2239
4814,2923,2045
4815,-7434,5468
4816,-3122,6008
4817,-916,-9332
4818,-10741,-5644
4819,-1139,12435
4820,6722,914
4821,-6420,-10789
4822,-1963,1419
4823,8582,1656
4824,-4076,-2355
4825,-4886,2916
4826,5772,-3868
4827,-812,-3630
4828,2848,6090
4829,11214,-6538
4830,-4895,-10704
4831,-7364,6812
4832,5930,2100
4833,-3181,-4986
4834,-4121,7844
4835,8539,3482
4836,-1637,-4376
4837,-5522,5806
4838,4459,890
4839,-4825,-7718
4840,-5247,2751
4841,8398,1694
4842,555,-5651
4843,-3806,5036
4844,6586,8184
4845,4638,-3073
4846,5728,-5167
4847,9101,-2434
4848,-5655,-1582
4849,-9144,3086
4850,3848,2969
4851,-256,-3200
4852,-6890,968
4853,3724,8150
4854,7700,-840
4855,-788,-7573
4856,-1052,1768
4857,3356,-293
4858,-918,-10437
4859,-2410,-218
4860,5433,7641
4861,4664,-3687
4862,-4441,-2641
4863,-2388,8134
4864,3179,-80
4865,-3921,-8202
4866,-8237,5059
4867,3757,11716
4868,9516,-1474
4869,-2257,-2894
4870,-4385,8160
4871,4134,536
4872,-3367,-7524
4873,-7070,6939
4874,9022,8059
4875,5438,-9124
4876,-11555,-3180
4877,358,10307
4878,11351,-123
4879,-2975,-7288
4880,-3522,2578
4881,7993,5202
4882,1912,1736
4883,-4225,4362
4884,1294,3472
4885,621,-2617
4886,-5166,-38
4887,-2117,7681
4888,5794,3028
4889,2703,-6451
4890,-6093,275
4891,584,9774
4892,8550,743
4893,-2180,-6929
4894,-4056,2157
4895,8394,3472
4896,986,-5829
4897,-8975,-348
4898,4837,6277
4899,8709,-4026
4900,-4211,-3616
4901,-1994,7937
4902,3375,1225
4903,-1980,-4542
4904,-691,4533
4905,-594,2324
4906,-9396,-1068
4907,-4880,9016
4908,7461,6105
4909,2312,-5763
4910,-5900,119
4911,3797,6394
4912,9596,-4444
4913,-3037,-8111
4914,-5898,4813
4915,5668,6937
4916,4508,-3447
4917,-20,-1815
4918,6169,2093
4919,3746,-4621
4920,-3405,-2118
4921,1424,7524
4922,4974,3667
4923,794,-4788
4924,-3622,-3202
4925,-5584,4628
4926,726,6749
4927,4925,-512
4928,-4092,-1399
4929,-3475,6330
4930,10439,2338
4931,7967,-7543
4932,-4072,-3263
4933,132,5650
4934,8512,3001
4935,2799,-5975
4936,-7285,-6463
4937,-5967,3603
4938,4542,7390
4939,6367,-875
4940,-3245,-3087
4941,-4412,4851
4942,2915,6884
4943,848,1327
4944,-3835,-1034
4945,689,2778
4946,6446,5933
4947,7115,-248
4948,1485,-6491
4949,-4053,1632
4950,1122,7292
4951,3179,-2394
4952,-5345,-5236
4953,-1256,2170
4954,10441,261
4955,5082,-5849
4956,-5309,-3469
4957,-4097,3119
4958,1539,3710
4959,2495,-3536
4960,-3076,-4464
4961,-6321,3812
4962,-1120,4532
4963,3604,-1416
4964,2433,-3868
4965,-2030,-2913
4966,-3517,3269
4967,3541,8005
4968,9252,3334
4969,4818,-3817
4970,-2282,-9311
4971,-6939,-6352
4972,-6020,7442
4973,1757,10860
4974,4715,667
4975,-2372,-3855
4976,-7358,-1419
4977,-3208,4060
4978,3369,7426
4979,7153,1441
4980,8335,-3122
4981,3810,-3615
4982,-2340,-4797
4983,721,4713
4984,6001,12275
4985,3850,-69
4986,-398,-9063
4987,-7190,-6199
4988,-13415,-4223
4989,-6429,4519
4990,6243,9776
4991,8569,-1095
4992,1361,-4421
4993,-5803,-21
4994,-5447,-3609
4995,-1616,2808
4996,-205,15577
4997,3616,9094
4998,6414,-3777
4999,2345,-7448
5000,-105,-8742
5001,-248,-7780
5002,-3402,-5882
5003,-4963,-5348
5004,-5151,-1845
5005,-5470,460
5006,-3261,-100
5007,-3918,1919
5008,-6611,3944
5009,-2917,5065
5010,1814,7306
5011,2708,8357
5012,4212,9050
5013,4189,8440
5014,3579,4631
5015,7777,3460
5016,9693,5977
5017,6051,5913
5018,6696,2784
5019,8442,-406
5020,-58,-3049
5021,-9415,-3790
5022,-6317,-1518
5023,-1364,-498
5024,-4733,-2277
5025,-6828,-1105
5026,-5395,1437
5027,-6742,2307
5028,-5784,6527
5029,-1768,8966
5030,-194,4602
5031,2763,2064
5032,5259,-1440
5033,1385,-8302
5034,-2701,-5432
5035,-4291,1929
5036,-6033,1466
5037,-5533,1611
5038,-5340,3863
5039,-6307,2595
5040,-2840,4824
5041,-309,8029
5042,-2914,4109
5043,-1634,2791
5044,2453,7144
5045,2259,5911
5046,4319,2155
5047,10393,1496
5048,11362,-2344
5049,8408,-5818
5050,5979,-3278
5051,146,-1551
5052,-6765,-567
5053,-6985,1750
5054,-4016,1
5055,-5336,-144
5056,-6482,5748
5057,-1230,7921
5058,2885,6225
5059,349,6016
5060,609,3851
5061,5850,1292
5062,7852,1659
5063,8056,1312
5064,8457,-1255
5065,5080,-5005
5066,-591,-5843
5067,-6625,-1042
5068,-10203,221
5069,-6499,-2278
5070,-1775,3621
5071,-995,8563
5072,1867,2577
5073,5070,1803
5074,4403,6949
5075,4419,4334
5076,5839,1910
5077,5302,1825
5078,2150,-4439
5079,-2093,-7514
5080,-3702,-4225
5081,-3437,-3514
5082,-4503,-2325
5083,-4584,372
5084,-3801,1305
5085,-4052,3350
5086,-2722,5001
5087,-811,5790
5088,895,7163
5089,5778,4283
5090,8573,-572
5091,4707,-2797
5092,2536,-5485
5093,4092,-6983
5094,2493,-6129
5095,-749,-6045
5096,-1967,-4734
5097,-1527,-3225
5098,-246,-4407
5099,-1866,-5063
5100,-4955,-3723
5101,-3671,-77
5102,-1657,4966
5103,-1540,6211
5104,189,5231
5105,2107,6390
5106,4163,5331
5107,6214,1031
5108,5124,-698
5109,5050,-990
5110,6103,-3362
5111,3077,-5073
5112,80,-6022
5113,-2131,-6506
5114,-5382,-1828
5115,-5061,2576
5116,-4904,129
5117,-7673,67
5118,-7228,3318
5119,-4964,3357
5120,-2042,6106
5121,1505,8380
5122,248,4568
5123,-317,4303
5124,3721,4547
5125,3523,-328
5126,2172,-1146
5127,4526,-1126
5128,3079,-4767
5129,124,-5352
5130,818,-4707
5131,-450,-3792
5132,-2307,-2816
5133,-583,-4740
5134,-1138,-1251
5135,-3421,4684
5136,537,2720
5137,6275,3377
5138,4961,6610
5139,1922,987
5140,4123,-5342
5141,5333,-7482
5142,1657,-7038
5143,-430,-1445
5144,-1123,1438
5145,-4047,280
5146,-3703,3201
5147,-83,6477
5148,1499,6379
5149,4271,2240
5150,5565,-2981
5151,1409,1122
5152,3321,7146
5153,10465,4138
5154,8199,2246
5155,3813,2775
5156,7110,607
5157,7540,90
5158,2507,-2361
5159,1053,-5671
5160,2168,-3576
5161,874,-3069
5162,-1125,-3752
5163,-1814,-1035
5164,-3292,107
5165,-4505,3035
5166,-797,7467
5167,3451,6280
5168,1706,6401
5169,426,8018
5170,3853,2354
5171,4917,-3689
5172,1964,-4675
5173,-885,-5127
5174,-2215,-4574
5175,-2073,-2428
5176,-2235,572
5177,-1662,4532
5178,1373,5039
5179,2583,1087
5180,3071,-1576
5181,5729,-3142
5182,4173,-6607
5183,-78,-6794
5184,-1208,-3102
5185,-2722,-3069
5186,-2587,-2289
5187,-1471,2891
5188,-5265,1064
5189,-3122,-4063
5190,5961,-952
5191,5039,-301
5192,-1094,-4215
5193,-1622,761
5194,551,5699
5195,5141,-602
5196,5445,-5781
5197,-2173,-2317
5198,-4235,3356
5199,1419,4905
5200,5847,-1517
5201,4920,-7754
5202,-2856,-1240
5203,-5919,8208
5204,1836,4510
5205,3887,-4393
5206,-2452,-4247
5207,-3592,2310
5208,1724,4857
5209,6496,-618
5210,2337,-6986
5211,-7057,-4453
5212,-4831,3523
5213,4215,4166
5214,2885,-3255
5215,-3745,-5403
5216,-4085,1066
5217,1579,3528
5218,5299,-1843
5219,1132,-5704
5220,-3577,-3799
5221,-2414,1879
5222,147,5590
5223,3149,678
5224,3334,-5444
5225,-2447,-636
5226,-1947,6784
5227,5830,2969
5228,3237,-3857
5229,-5386,-464
5230,-2705,5556
5231,3701,3357
5232,1426,-2290
5233,-3338,-4450
5234,-4544,-335
5235,-1715,6475
5236,3808,3985
5237,2661,-3660
5238,-3543,-1092
5239,178,3415
5240,7154,-842
5241,2844,-3938
5242,-3890,-1471
5243,-3406,1733
5244,1105,2351
5245,3081,-2505
5246,-2539,-6012
5247,-5740,-1996
5248,974,1135
5249,2013,250
5250,-4922,1059
5251,-3806,2919
5252,2733,3686
5253,5080,3153
5254,3508,1699
5255,-1378,2757
5256,-3504,4695
5257,2087,1209
5258,4871,-4380
5259,-1698,-3645
5260,-6190,2410
5261,-2132,5640
5262,-258,1510
5263,-5301,-4031
5264,-6472,-852
5265,-483,6923
5266,3804,5055
5267,1971,-3564
5268,-3384,-2964
5269,-4850,5862
5270,1093,7941
5271,4157,1018
5272,-110,-3359
5273,-1332,293
5274,1601,4596
5275,2459,1782
5276,1769,-3868
5277,-1473,-3175
5278,-4524,1842
5279,-254,3524
5280,4449,2012
5281,1502,-1251
5282,-3355,-4222
5283,-4363,-305
5284,-346,4552
5285,1941,250
5286,-4012,-1324
5287,-4047,5062
5288,5536,2349
5289,3363,-4592
5290,-5820,1171
5291,-2321,7295
5292,4007,2793
5293,1825,-1731
5294,-2638,-2053
5295,-2226,159
5296,4484,1262
5297,5672,-3698
5298,-2738,-3109
5299,-3388,7163
5300,2935,6459
5301,920,-4735
5302,-3194,-4597
5303,-917,3176
5304,2435,1544
5305,2360,-5006
5306,609,-2670
5307,1301,2403
5308,87,-954
5309,-3979,-660
5310,649,6257
5311,4920,1915
5312,-3200,-3417
5313,-3382,3928
5314,5137,3441
5315,475,-3922
5316,-4135,959
5317,1612,3559
5318,702,-2204
5319,-1474,300
5320,2947,2003
5321,453,-4052
5322,-3105,-416
5323,2768,6486
5324,3067,-288
5325,-4253,-4685
5326,-2915,3542
5327,2687,4311
5328,1034,-4046
5329,-2414,-2536
5330,-1737,3848
5331,683,854
5332,-463,-4030
5333,-4625,-1258
5334,-1280,1892
5335,4225,-2751
5336,-1774,-5363
5337,-3945,3103
5338,4320,5556
5339,2061,-4420
5340,-3835,-3792
5341,883,5104
5342,938,1823
5343,-4044,-2580
5344,-251,2081
5345,4407,2634
5346,958,-2213
5347,-3405,-2434
5348,-901,979
5349,3143,432
5350,948,-2533
5351,89,776
5352,4212,5241
5353,2975,1153
5354,-2107,-1744
5355,-1721,3111
5356,1551,3305
5357,75,-1517
5358,-2990,1095
5359,1427,4205
5360,4539,-1604
5361,-961,-2691
5362,214,2789
5363,3691,278
5364,-2509,-2072
5365,-1833,1240
5366,2595,-901
5367,-2234,11
5368,391,4987
5369,5039,-269
5370,-2149,-2267
5371,-1769,3193
5372,3162,-1359
5373,-1945,-3420
5374,-663,4010
5375,4983,1199
5376,428,-4683
5377,-853,-229
5378,3594,2089
5379,118,-43
5380,-3685,2378
5381,1352,4442
5382,3631,347
5383,-3483,-2445
5384,-6198,1457
5385,1371,2180
5386,4126,-3680
5387,-1111,-3023
5388,-1526,2576
5389,1177,-32
5390,-812,-4714
5391,-2170,-1281
5392,1994,2984
5393,5097,-960
5394,504,-5623
5395,-4231,119
5396,734,6181
5397,5863,1259
5398,741,-1941
5399,-3284,1785
5400,1200,376
5401,1778,-3413
5402,-3064,163
5403,417,4472
5404,5660,258
5405,-200,-3884
5406,-2827,1047
5407,3026,2862
5408,1009,-1438
5409,-2538,1380
5410,921,3455
5411,187,-1135
5412,-760,-53
5413,1887,899
5414,-1095,-2533
5415,-2197,167
5416,1726,2124
5417,1129,-1127
5418,820,-1123
5419,930,-311
5420,-3756,850
5421,-3865,3888
5422,1055,2529
5423,2071,-399
5424,938,-540
5425,228,-1100
5426,611,-1101
5427,2050,-282
5428,903,-207
5429,-674,206
5430,509,12
5431,1014,129
5432,-243,703
5433,-1293,-1442
5434,-533,-2740
5435,1790,-577
5436,1874,369
5437,614,-286
5438,1936,-721
5439,1964,-1057
5440,-1206,305
5441,-1242,1990
5442,1514,1252
5443,1224,286
5444,651,598
5445,2576,97
5446,1710,-739
5447,-837,571
5448,440,1645
5449,1319,108
5450,-200,-170
5451,462,578
5452,609,-439
5453,-1068,611
5454,-165,1769
5455,352,-567
5456,-1130,468
5457,-55,3121
5458,1592,600
5459,725,-614
5460,-243,1442
5461,361,1563
5462,1489,923
5463,515,-176
5464,-609,-788
5465,1264,687
5466,1113,-150
5467,-39,-1964
5468,3830,-225
5469,4597,895
5470,-329,181
5471,-199,1133
5472,1969,1454
5473,507,117
5474,1077,570
5475,1494,1031
5476,-896,-606
5477,59,475
5478,1662,3245
5479,-1,1442
5480,-289,-699
5481,1,508
5482,-347,239
5483,992,-226
5484,882,1094
5485,231,877
5486,1695,602
5487,208,684
5488,-2124,-1016
5489,-283,-1399
5490,918,-141
5491,523,262
5492,507,927
5493,-644,1219
5494,-38,557
5495,1676,784
5496,-70,969
5497,-1348,621
5498,338,895
5499,858,847
5500,60,249
5501,225,189
5502,1002,409
5503,706,-79
5504,-333,-1077
5505,592,-1054
5506,2115,-52
5507,655,340
5508,-1516,237
5509,-761,327
5510,1605,331
5511,1854,-211
5512,-485,-801
5513,-821,-105
5514,1412,1032
5515,486,1099
5516,-2372,286
5517,-1444,-1276
5518,1086,-723
5519,2122,2771
5520,2413,2567
5521,986,-531
5522,-897,477
5523,-661,1545
5524,222,-1047
5525,1143,-2117
5526,1602,-677
5527,446,472
5528,514,329
5529,749,279
5530,-2025,2406
5531,-2397,2838
5532,374,-95
5533,-284,-57
5534,-780,1812
5535,2159,325
5536,1926,-1106
5537,-673,-664
5538,-245,-298
5539,493,764
5540,-54,1494
5541,137,912
5542,299,477
5543,241,-256
5544,382,-547
5545,421,562
5546,840,39
5547,344,-1444
5548,-621,-290
5549,507,1020
5550,1212,678
5551,399,957
5552,989,687
5553,1244,-205
5554,373,967
5555,501,1556
5556,468,113
5557,941,117
5558,2295,196
5559,1180,-488
5560,-360,1294
5561,532,2411
5562,764,363
5563,246,-197
5564,636,729
5565,151,101
5566,-388,-696
5567,284,-485
5568,381,48
5569,891,111
5570,1580,-107
5571,-327,66
5572,-880,82
5573,1396,707
5574,802,1200
5575,-286,20
5576,887,479
5577,363,801
5578,268,-1140
5579,344,1023
5580,-682,1895
5581,2125,-1328
5582,-517,2552
5583,-3119,-741
5584,17881,-10114
5585,21839,10414
5586,-18467,21524
5587,-18131,-16366
5588,27079,-15335
5589,10274,29678
5590,-23972,5131
5591,13720,-30503
5592,32644,10443
5593,-9715,18162
5594,-15712,-20350
5595,990,3443
5596,-17594,19408
5597,-7981,-22649
5598,27416,-8625
5599,-241,29115
5600,-30310,-11236
5601,12099,-31624
5602,21078,20796
5603,-27317,21905
5604,-12508,-24377
5605,25384,-7893
5606,474,21177
5607,-4521,-498
5608,20214,3070
5609,-8320,25514
5610,-23536,-6182
5611,20125,-16950
5612,17074,27286
5613,-25011,13194
5614,-3305,-30608
5615,28165,138
5616,-3889,24435
5617,-20400,-9871
5618,2863,-6387
5619,-9335,16680
5620,-16765,-12860
5621,21116,-17531
5622,8204,23755
5623,-35612,5587
5624,249,-29282
5625,32490,13510
5626,-12705,32290
5627,-21018,-20547
5628,16544,-16469
5629,7335,22353
5630,-890,-4564
5631,22121,-8685
5632,306,32538
5633,-27581,2546
5634,11409,-30451
5635,29111,18416
5636,-15930,23313
5637,-13430,-24943
5638,26736,-2483
5639,4309,27675
5640,-18755,-1364
5641,8969,2688
5642,-154,25428
5643,-20833,-9060
5644,16114,-19899
5645,18532,25621
5646,-26633,15402
5647,-6072,-30567
5648,30375,-2276
5649,-2268,29874
5650,-18460,-12198
5651,12794,-23177
5652,10685,14563
5653,-1675,-2425
5654,19697,-17434
5655,9334,22150
5656,-26597,8179
5657,-2175,-31026
5658,27323,6388
5659,-11580,24229
5660,-24266,-20664
5661,20453,-12271
5662,13154,24548
5663,-21503,5812
5664,-8,-1622
5665,5135,22477
5666,-22328,-1997
5667,6939,-25373
5668,26725,18959
5669,-20711,24109
5670,-15303,-29154
5671,29236,-10292
5672,1873,27645
5673,-15766,-12388
5674,18699,-18188
5675,8310,24015
5676,-5351,3935
5677,23363,-6566
5678,4453,27087
5679,-24856,-4883
5680,14395,-34492
5681,19927,18139
5682,-30558,21602
5683,-13033,-26831
5684,30289,-1077
5685,-1125,27695
5686,-23721,-4851
5687,4361,388
5688,-6817,22310
5689,-23907,-15111
5690,16490,-20842
5691,19538,27714
5692,-25241,11767
5693,-3061,-31288
5694,33083,2611
5695,-4863,28339
5696,-21292,-14737
5697,13763,-17034
5698,8216,23460
5699,-2719,5145
5700,25877,-13524
5701,10752,20159
5702,-28081,4731
5703,3657,-33481
5704,28023,6701
5705,-18158,27838
5706,-21182,-17684
5707,25389,-9362
5708,9319,23400
5709,-19893,-1910
5710,3447,-2834
5711,-1549,26821
5712,-23823,-3098
5713,12696,-26247
5714,26428,17690
5715,-20091,20860
5716,-12974,-26267
5717,28571,-8931
5718,943,27015
5719,-27913,-5901
5720,7117,-19222
5721,19204,14152
5722,-2657,-3156
5723,12174,-21460
5724,15068,20626
5725,-22548,16208
5726,-8568,-27570
5727,29193,2497
5728,-2983,31109
5729,-22570,-12257
5730,18308,-20115
5731,10166,16262
5732,-24948,8455
5733,1212,136
5734,11326,23989
5735,-19561,6270
5736,71,-24460
5737,23023,5735
5738,-15254,22289
5739,-21458,-16834
5740,20082,-12025
5741,8535,27790
5742,-23100,6044
5743,3876,-21260
5744,23783,3294
5745,-67,258
5746,5348,-21019
5747,18173,10003
5748,-14651,20260
5749,-13490,-20695
5750,28318,-9955
5751,5319,25831
5752,-28453,-3479
5753,7822,-24474
5754,17078,10382
5755,-16376,17162
5756,1668,1474
5757,15981,15266
5758,-19947,5799
5759,-10551,-24147
5760,24855,1126
5761,-4354,26597
5762,-24163,-9894
5763,16550,-18238
5764,16838,21075
5765,-21717,10057
5766,-3723,-21208
5767,22135,-2183
5768,-1741,2434
5769,650,-19511
5770,23718,3656
5771,-6775,19830
5772,-20543,-17575
5773,20045,-15838
5774,10141,23294
5775,-26512,4164
5776,1787,-22428
5777,19855,8676
5778,-7498,20123
5779,4824,-2468
5780,19675,10010
5781,-16060,15144
5782,-15554,-18757
5783,22378,-8323
5784,3951,26171
5785,-22427,-2079
5786,10485,-23898
5787,20283,12607
5788,-18784,13712
5789,-13719,-20451
5790,15144,-10073
5791,-3549,1385
5792,-6550,-17870
5793,22759,-2637
5794,-161,20579
5795,-24112,-8101
5796,14219,-17685
5797,17277,18832
5798,-20561,11268
5799,-2863,-20747
5800,19696,709
5801,-2955,17493
5802,-229,-5054
5803,14750,4146
5804,-10825,20082
5805,-15995,-11342
5806,17747,-15966
5807,10418,19516
5808,-20876,4648
5809,-988,-23288
5810,18504,7075
5811,-14226,21197
5812,-19097,-10395
5813,14164,-10482
5814,2478,1883
5815,-11302,-16310
5816,16273,-6201
5817,2347,24053
5818,-26335,1130
5819,8893,-20707
5820,20247,12612
5821,-19597,17033
5822,-8460,-19490
5823,18749,-8668
5824,-1307,18121
5825,-43,2102
5826,22311,794
5827,167,16209
5828,-15363,-8184
5829,15755,-17245
5830,16480,16562
5831,-19805,9528
5832,-9121,-20298
5833,19619,2661
5834,-3177,20837
5835,-15000,-9091
5836,11331,-16569
5837,-1,-279
5838,-14386,-12940
5839,16915,-12159
5840,9004,18370
5841,-25857,5617
5842,3065,-22915
5843,23827,4454
5844,-13011,18763
5845,-12824,-13735
5846,17483,-4175
5847,6632,24458
5848,-1031,2957
5849,15190,-2862
5850,-518,18772
5851,-19547,-5623
5852,7149,-22719
5853,16818,14839
5854,-16616,16714
5855,-9881,-20170
5856,24731,-7099
5857,3357,17427
5858,-18341,-6992
5859,8545,-18325
5860,1781,1861
5861,-20834,-7558
5862,10424,-15602
5863,15425,14710
5864,-21905,9688
5865,-3877,-23702
5866,20883,658
5867,-10414,23561
5868,-14606,-11327
5869,14111,-12241
5870,5824,17424
5871,-1700,-2653
5872,16541,-12024
5873,3072,18767
5874,-19992,6027
5875,6110,-18997
5876,24402,9864
5877,-8520,19598
5878,-13941,-14855
5879,18128,-7687
5880,6082,22066
5881,-18679,183
5882,-2351,-19520
5883,-3063,3002
5884,-17461,-3633
5885,9506,-22887
5886,16857,9341
5887,-18013,17548
5888,-7915,-22723
5889,23097,-7702
5890,-511,26501
5891,-17768,-4006
5892,11312,-18466
5893,15449,10523
5894,-2818,3066
5895,8258,-7038
5896,6873,18291
5897,-19203,7969
5898,-3519,-21848
5899,20671,1947
5900,-8930,18588
5901,-20362,-17184
5902,14708,-16262
5903,9692,23498
5904,-15545,8625
5905,3242,-18183
5906,6798,6435
5907,-17501,5711
5908,1750,-23814
5909,20779,1782
5910,-14125,21930
5911,-20752,-15451
5912,19933,-11723
5913,15037,24445
5914,-17958,-654
5915,-3074,-22424
5916,13142,6104
5917,-4234,579
5918,4013,-17598
5919,16937,13929
5920,-10378,16428
5921,-8425,-24786
5922,23557,-8880
5923,-195,29716
5924,-24641,7244
5925,11762,-9302
5926,20134,18223
5927,-11210,10620
5928,-3997,-16003
5929,3232,3991
5930,-19047,8677
5931,-1957,-21766
5932,23972,-869
5933,-7652,25879
5934,-18043,-15427
5935,22557,-25874
5936,11442,18343
5937,-25522,7702
5938,4860,-21711
5939,28449,769
5940,-2016,4889
5941,4102,-15731
5942,25087,3624
5943,-10127,13340
5944,-23128,-16626
5945,12650,-6720
5946,4552,26705
5947,-21409,111
5948,5276,-25411
5949,22815,13024
5950,-5614,22475
5951,-17048,-14162
5952,-6766,405
5953,-8820,23903
5954,4113,-6427
5955,26235,-5618
5956,3503,21583
5957,-19746,-7923
5958,12535,-21543
5959,19842,18014
5960,-23012,11645
5961,-14542,-18963
5962,22064,-5196
5963,4412,-5775
5964,-3794,-24448
5965,18609,2808
5966,-4508,21333
5967,-23615,-15608
5968,14421,-20269
5969,16021,24963
5970,-24593,17225
5971,-8151,-27788
5972,22317,-11689
5973,-8162,16472
5974,-26692,-1984
5975,-2980,3938
5976,-9210,20211
5977,-15626,-14333
5978,20166,-15641
5979,13249,26877
5980,-28126,2943
5981,-1113,-29589
5982,31762,12276
5983,1535,24519
5984,-2314,-19902
5985,20213,-17017
5986,-1949,3751
5987,-7589,-18736
5988,20236,-7535
5989,-714,34522
5990,-24912,3678
5991,13522,-33142
5992,23505,8206
5993,-25671,14016
5994,-22043,-29504
5995,22426,-4094
5996,760,23609
5997,-28032,-10435
5998,5343,-2038
5999,5119,23456
6000,-26150,-15818
6001,6028,-22660
6002,18799,28278
6003,-27191,17511
6004,-6732,-24536
6005,32078,2098
6006,-12253,26603
6007,-25861,-10997
6008,16806,-19941
6009,-639,5893
6010,-19462,-11702
6011,23540,-16381
6012,20831,19012
6013,-19964,-2228
6014,5116,-33448
6015,29627,10165
6016,-10253,23129
6017,-14854,-22941
6018,27386,-8988
6019,14371,32108
6020,-17392,11573
6021,906,-4529
6022,-1148,15895
6023,-25432,-1077
6024,8476,-25413
6025,26415,9366
6026,-23414,22586
6027,-15305,-22821
6028,39222,-17354
6029,10810,26609
6030,-27458,6313
6031,2999,-18436
6032,3654,4735
6033,-21547,-4695
6034,9729,-22537
6035,21329,13671
6036,-22793,13716
6037,-10309,-30976
6038,34451,-4374
6039,250,34887
6040,-30609,-7111
6041,17952,-29420
6042,25248,3667
6043,-20303,958
6044,-3519,-4345
6045,11721,25183
6046,-25901,8391
6047,-1112,-24995
6048,41661,12838
6049,-4373,33879
6050,-24574,-18742
6051,17593,-18559
6052,2316,37216
6053,-21893,16542
6054,9011,-22574
6055,-223,8206
6056,-28933,6782
6057,17503,-27761
6058,43230,8781
6059,-18331,31696
6060,-31387,-12919
6061,24016,-4314
6062,11197,33794
6063,-27496,-1303
6064,10859,-28670
6065,26810,9256
6066,-18987,19215
6067,-8373,-2441
6068,23122,17606
6069,-6381,22447
6070,-9178,-27825
6071,19678,-26707
6072,-13899,17050
6073,-34814,-6981
6074,18331,-25885
6075,26533,19410
6076,-20698,12102
6077,-15232,-27640
6078,-2533,1206
6079,-34164,14589
6080,-15483,-15844
6081,32099,15154
6082,2377,44954
6083,-17416,-12455
6084,32294,-29574
6085,21436,28586
6086,-33113,13682
6087,-6624,-40922
6088,22847,-4839
6089,-8307,36089
6090,2536,6249
6091,32071,1977
6092,-10127,16747
6093,-25849,-16576
6094,31381,-15163
6095,21537,32726
6096,-35471,8455
6097,-1314,-34120
6098,39029,4658
6099,-6638,20518
6100,-26673,-19078
6101,-3291,-1144
6102,-15144,21092
6103,-6929,-21293
6104,31532,-12122
6105,6352,35889
6106,-27997,-5793
6107,11319,-41433
6108,24665,18718
6109,-23005,30411
6110,-11158,-24469
6111,34203,-5071
6112,10354,30032
6113,-4235,-4803
6114,25936,-539
6115,-5637,37339
6116,-44704,-4736
6117,7621,-32627
6118,37650,23848
6119,-6005,23607
6120,-3607,-35133
6121,25673,-21457
6122,-7436,10469
6123,-25853,-8101
6124,5884,4352
6125,-5626,29510
6126,-20124,-13017
6127,24729,-30262
6128,16264,21780
6129,-39101,11567
6130,-4130,-34996
6131,36022,6668
6132,-15870,34799
6133,-28398,-22014
6134,21749,-20705
6135,16081,25123
6136,-4504,-5579
6137,18813,-14453
6138,11627,39409
6139,-11398,13339
6140,23880,-36001
6141,34203,7270
6142,-25215,18023
6143,-22923,-33174
6144,33237,-7224
6145,8674,38039
6146,-28460,7318
6147,3879,-2737
6148,3276,21081
6149,-25084,-11351
6150,7828,-31824
6151,20160,18633
6152,-25855,19859
6153,-14938,-34332
6154,31662,-6652
6155,7872,40932
6156,-24429,-5178
6157,4204,-28913
6158,17923,12953
6159,1964,1430
6160,19434,-13134
6161,19256,29524
6162,-25485,11901
6163,-11153,-37891
6164,32667,912
6165,-7805,29947
6166,-39492,-17093
6167,14870,-16051
6168,26122,27504
6169,-16663,10899
6170,-4274,-4253
6171,5460,23057
6172,-23234,-789
6173,7639,-34092
6174,37007,16872
6175,-23231,35723
6176,-34555,-26988
6177,31926,-21073
6178,14362,23391
6179,-35797,-14580
6180,3947,-29596
6181,24106,16354
6182,-14003,-5341
6183,5445,-31192
6184,28879,27453
6185,-17551,33158
6186,-19949,-31667
6187,25696,-16246
6188,301,31553
6189,-24515,835
6190,25398,-21404
6191,27753,13793
6192,-17090,11804
6193,7541,-11751
6194,23803,17078
6195,-20757,23927
6196,-2721,-19223
6197,40994,-4238
6198,-2898,28131
6199,-28493,-17663
6200,21203,-30505
6201,14744,26841
6202,-36782,12052
6203,-11496,-33684
6204,27789,368
6205,-3645,11075
6206,-9379,-33728
6207,26404,-10808
6208,-7981,28825
6209,-36356,-7225
6210,25779,-13417
6211,24913,32305
6212,-41008,7797
6213,-6363,-34139
6214,35242,5975
6215,-8612,32648
6216,-3315,4237
6217,27012,9892
6218,-12782,16240
6219,-14114,-21563
6220,31506,-11501
6221,-573,31773
6222,-39701,2664
6223,9312,-27910
6224,35987,15570
6225,-9149,28488
6226,-10415,-15180
6227,24344,-20106
6228,336,-8651
6229,-11720,-21398
6230,25119,3213
6231,253,32880
6232,-32597,-11755
6233,18428,-38617
6234,23162,13894
6235,-33058,22470
6236,-9653,-23388
6237,27456,-5131
6238,1650,26656
6239,6304,2052
6240,21471,10476
6241,-21345,33385
6242,-30185,-15447
6243,21747,-28306
6244,18781,32446
6245,-25044,20227
6246,-2204,-28362
6247,32508,4868
6248,-193,24078
6249,-10627,-20429
6250,22915,-19526
6251,602,8477
6252,-22055,-12466
6253,19868,-13137
6254,15094,26573
6255,-27338,4679
6256,-667,-39658
6257,11658,-4678
6258,-33715,16867
6259,-17589,-24458
6260,27601,-7138
6261,3658,31058
6262,-8687,-2904
6263,23995,-4904
6264,3487,30413
6265,-30623,-749
6266,9381,-12178
6267,26827,36369
6268,-22771,20861
6269,-10719,-25652
6270,38584,-797
6271,5099,26718
6272,-21561,-4376
6273,16173,-27398
6274,5055,-9084
6275,-19460,1311
6276,19941,-3762
6277,20783,2103
6278,-20031,-13642
6279,1273,-37971
6280,21661,-251
6281,-15508,30910
6282,-21678,-12607
6283,15920,-22543
6284,21409,10958
6285,-319,-8470
6286,-4245,-11202
6287,-9786,34875
6288,-22381,14392
6289,6528,-27055
6290,31102,8562
6291,-12979,22653
6292,-25636,-24095
6293,23459,-19478
6294,10676,19834
6295,-23094,7081
6296,8606,-7392
6297,10955,7886
6298,-18311,-10777
6299,13064,-24949
6300,26342,21224
6301,-22065,27259
6302,-16698,-29174
6303,29604,-20018
6304,14857,25602
6305,-9773,-526
6306,11612,-26217
6307,11209,-229
6308,-8161,-3785
6309,14999,-17070
6310,20945,13883
6311,-20638,10500
6312,-12705,-31622
6313,24330,-8129
6314,-5709,29809
6315,-29209,-5126
6316,8528,-16247
6317,5597,30451
6318,-26670,19799
6319,-2054,-20406
6320,7902,-2533
6321,-24303,2439
6322,-1725,-22669
6323,26008,5489
6324,-14570,28975
6325,-13014,-9461
6326,42608,-11792
6327,21300,18578
6328,-24496,-10662
6329,6196,-31919
6330,22134,4454
6331,-8256,3081
6332,8846,-19132
6333,25946,13498
6334,-18226,18660
6335,-20822,-29717
6336,22742,-15307
6337,1721,30378
6338,-25302,884
6339,16988,-23183
6340,27180,17905
6341,-16873,14865
6342,-16906,-25000
6343,-2460,1506
6344,-22503,20731
6345,-5975,-19348
6346,29633,-6764
6347,527,27418
6348,-21066,-14755
6349,15253,-29064
6350,8373,20759
6351,-28646,13341
6352,-2686,-17486
6353,21844,-339
6354,1125,-6325
6355,10885,-27066
6356,23354,1940
6357,-15825,13433
6358,-22534,-20275
6359,22279,-8666
6360,15539,30807
6361,-23053,7194
6362,-2740,-23470
6363,22096,8316
6364,-8471,17890
6365,-22125,-13760
6366,-4920,3908
6367,-18347,20228
6368,-18676,-20265
6369,19998,-13724
6370,10443,26132
6371,-24661,-1308
6372,878,-16087
6373,18243,23362
6374,-12393,15393
6375,-3181,-12771
6376,22032,4195
6377,-220,497
6378,-2070,-24767
6379,21168,-411
6380,-4463,24465
6381,-23751,-6868
6382,12793,-20849
6383,20121,9889
6384,-14098,-686
6385,-8660,-34177
6386,12018,-3357
6387,-11650,23601
6388,-25162,-9987
6389,522,-8844
6390,-1835,17712
6391,-15812,-10844
6392,9608,-20182
6393,6003,18324
6394,-30192,8667
6395,-3626,-16405
6396,29455,11564
6397,-4157,18123
6398,-13524,-18275
6399,12295,-17175
6400,-4575,1247
6401,-11561,-14425
6402,19138,-8557
6403,7036,22946
6404,-16150,1415
6405,15250,-28206
6406,23067,5121
6407,-18864,18385
6408,-12365,-16843
6409,22641,-5845
6410,589,22948
6411,-18044,1002
6412,6400,-4929
6413,-5735,11401
6414,-24466,-18874
6415,14673,-28132
6416,20014,22072
6417,-21702,19421
6418,-368,-23936
6419,29936,-3844
6420,-9630,20363
6421,-22782,-5443
6422,6876,-7174
6423,-7958,8103
6424,-17224,-7250
6425,20671,-1651
6426,14439,23937
6427,-23213,222
6428,-460,-27034
6429,24144,4568
6430,-8329,21102
6431,-12777,-10208
6432,20779,-6346
6433,8867,17873
6434,-11413,-3908
6435,8589,-9345
6436,332,19942
6437,-24907,247
6438,7397,-24036
6439,26393,10348
6440,-14530,15527
6441,-13228,-19875
6442,19039,-5292
6443,-10285,17342
6444,-31103,-10211
6445,3568,-17037
6446,1512,5760
6447,-19134,-9989
6448,9605,-20553
6449,14433,15226
6450,-21505,13864
6451,-5892,-21716
6452,24174,1555
6453,-6124,30181
6454,-19014,-4179
6455,22394,-15753
6456,20543,15272
6457,-16167,10110
6458,415,225
6459,15454,19754
6460,-14828,4319
6461,-2670,-21802
6462,26347,4615
6463,-10415,11887
6464,-23825,-26545
6465,17850,-13375
6466,4735,29277
6467,-24747,7618
6468,2436,-23473
6469,352,-7138
6470,-29373,-6048
6471,1192,-17329
6472,18352,10643
6473,-25510,18508
6474,-17198,-16444
6475,29158,-5693
6476,1911,25898
6477,-29702,-2699
6478,6946,-18972
6479,16447,17355
6480,-11593,18036
6481,4481,1558
6482,13820,24825
6483,-15961,14855
6484,1233,-28249
6485,31489,-6035
6486,-7259,28610
6487,-25049,-7281
6488,20003,-23844
6489,16541,16352
6490,-20196,11342
6491,-3252,-19072
6492,4001,-117
6493,-23865,1432
6494,-2677,-21314
6495,23187,11943
6496,-14809,29271
6497,-21572,-21054
6498,24601,-21841
6499,11122,25386
6500,-25801,8919
6501,3517,-23370
6502,17339,4041
6503,-13378,23828
6504,5415,5892
6505,24437,10994
6506,-21834,15674
6507,-24472,-16736
6508,25453,-10628
6509,8805,26458
6510,-25180,-1018
6511,6474,-25135
6512,21607,16377
6513,-9749,13096
6514,-11288,-25435
6515,-1916,194
6516,-19976,13508
6517,-6863,-23223
6518,23636,-6732
6519,-6079,27003
6520,-28502,-6604
6521,17370,-21622
6522,22276,19112
6523,-25910,13003
6524,-10030,-23052
6525,25568,1055
6526,1478,25444
6527,-4079,490
6528,17949,6047
6529,-7456,26763
6530,-18236,-8459
6531,23177,-17483
6532,12395,28859
6533,-29803,12233
6534,1764,-29854
6535,30529,6334
6536,-10701,25833
6537,-20436,-11860
6538,4089,-616
6539,-16194,18515
6540,-13862,-16739
6541,32799,-9311
6542,11507,28995
6543,-34260,-5388
6544,3077,-33738
6545,28045,14223
6546,-18380,24382
6547,-19790,-22086
6548,17454,-10069
6549,1625,23586
6550,-4973,-4206
6551,23572,-8131
6552,-2880,28200
6553,-32370,-1527
6554,12719,-28920
6555,24427,21416
6556,-25098,19804
6557,-11488,-29287
6558,30880,2309
6559,739,28006
6560,-25000,-11631
6561,-238,953
6562,-7406,26293
6563,-20110,-20906
6564,17156,-24925
6565,17531,32904
6566,-25655,14212
6567,-5370,-33779
6568,27006,1564
6569,-10979,28104
6570,-24361,-14738
6571,17414,-19080
6572,16058,15354
6573,-932,1353
6574,21942,-4877
6575,8573,26203
6576,-30574,2868
6577,292,-28758
6578,29381,13562
6579,-15068,22183
6580,-21647,-27922
6581,23404,-10855
6582,6088,28368
6583,-23300,1264
6584,6044,-3463
6585,3742,27838
6586,-23948,-228
6587,11980,-29351
6588,27443,11569
6589,-24282,20435
6590,-15215,-24765
6591,35880,-7659
6592,5107,30241
6593,-30695,-8856
6594,7733,-26292
6595,19689,17568
6596,-6131,5403
6597,12612,-18457
6598,17561,22498
6599,-22807,15184
6600,-5345,-34038
6601,32304,310
6602,-12448,33800
6603,-34476,-12346
6604,21881,-20378
6605,18675,20601
6606,-24863,14684
6607,1946,4065
6608,10904,24161
6609,-30410,1717
6610,-5397,-29281
6611,30196,11484
6612,-14192,31659
6613,-24864,-23162
6614,26637,-22514
6615,13442,31899
6616,-29215,7493
6617,199,-29863
6618,25267,4893
6619,-563,6612
6620,8947,-22818
6621,22614,12741
6622,-23054,24281
6623,-21577,-27869
6624,34473,-12690
6625,7061,32107
6626,-35328,-3969
6627,11263,-24557
6628,24873,17763
6629,-16072,15708
6630,1575,-5118
6631,14815,25568
6632,-22543,20963
6633,-3228,-27799
6634,35501,-2624
6635,-6559,37860
6636,-31284,-11271
6637,19572,-32064
6638,21364,24678
6639,-28058,18885
6640,-7626,-23656
6641,29177,-2614
6642,-1556,-843
6643,-4990,-30857
6644,28781,3350
6645,-4345,28472
6646,-28815,-19634
6647,19340,-21765
6648,13601,29814
6649,-29695,9726
6650,3197,-34638
6651,22211,-184
6652,-16372,27781
6653,421,-1137
6654,26793,9515
6655,-17277,29544
6656,-20237,-13492
6657,33474,-15496
6658,10102,32778
6659,-37627,3149
6660,5422,-32172
6661,32127,18521
6662,-20634,28833
6663,-17905,-22417
6664,29047,-15513
6665,2246,3224
6666,-13838,-23456
6667,26337,-5417
6668,213,34736
6669,-33565,-2990
6670,23222,-32986
6671,29581,14861
6672,-34405,19146
6673,-13767,-30875
6674,28874,-11432
6675,334,25351
6676,2998,-21
6677,32040,3363
6678,-4395,27815
6679,-23771,-15139
6680,22634,-27503
6681,17494,31461
6682,-32838,17438
6683,-8511,-36461
6684,30235,310
6685,-10055,34489
6686,-22679,-8525
6687,23210,-20541
6688,2942,2777
6689,-24597,-15624
6690,25580,-15198
6691,17940,26266
6692,-38812,7168
6693,4615,-32643
6694,42378,8422
6695,-14255,30461
6696,-19742,-23446
6697,22690,-19147
6698,6040,26099
6699,1711,-664
6700,31239,-11494
6701,-424,28368
6702,-34193,-744
6703,11354,-37726
6704,28228,14079
6705,-23711,29694
6706,-15899,-24860
6707,34062,-13937
6708,6883,26899
6709,-24145,-5636
6710,6992,-27211
6711,-2861,4759
6712,-28900,-7234
6713,17555,-24449
6714,27453,24095
6715,-27861,22586
6716,-9366,-35689
6717,32450,-5737
6718,-7945,37042
6719,-24489,-11603
6720,21703,-23148
6721,21179,18414
6722,649,-2411
6723,24584,-15941
6724,14977,25423
6725,-28205,10131
6726,4,-29191
6727,37322,8748
6728,-8381,29503
6729,-24300,-24261
6730,26772,-23587
6731,12595,31783
6732,-30538,11313
6733,-4373,-27985
6734,2274,2588
6735,-25366,4760
6736,8108,-27724
6737,27467,6393
6738,-24025,24548
6739,-19727,-24672
6740,33994,-9810
6741,8996,35913
6742,-30069,-3047
6743,8635,-24911
6744,28288,12881
6745,-2865,-3034
6746,5953,-21368
6747,14229,26835
6748,-25019,21640
6749,-11107,-35062
6750,35014,-7345
6751,-2365,35057
6752,-33580,-12319
6753,17694,-33774
6754,23616,18821
6755,-22958,18248
6756,-10421,-20024
6757,4241,140
6758,-25420,6183
6759,-5743,-26326
6760,30520,6100
6761,-8963,38224
6762,-31490,-16696
6763,18514,-26723
6764,22197,29794
6765,-20631,11434
6766,-2949,-27150
6767,23442,1502
6768,-116,1536
6769,4760,-24607
6770,22698,11231
6771,-14034,27970
6772,-18660,-21784
6773,30619,-20895
6774,10999,23924
6775,-36339,2374
6776,-667,-24048
6777,28444,17347
6778,-10602,23909
6779,-19233,-17200
6780,-853,-167
6781,-22104,16400
6782,-18021,-24225
6783,24803,-8088
6784,7166,39000
6785,-25462,-1328
6786,14509,-30394
6787,26411,18650
6788,-25812,21588
6789,-13985,-17353
6790,29498,-5686
6791,1693,1313
6792,-9550,-20736
6793,24566,3172
6794,-1277,27262
6795,-30470,-15461
6796,13415,-26990
6797,20297,26096
6798,-24714,17966
6799,-5715,-30388
6800,30027,-977
6801,-1732,26955
6802,-20879,-11342
6803,860,-5211
6804,-11131,25398
6805,-16524,-10810
6806,24580,-19657
6807,15061,24509
6808,-30741,3971
6809,-1485,-29158
6810,27258,11547
6811,-17164,26771
6812,-19710,-12526
6813,20958,-12877
6814,1381,-1392
6815,-12258,-23796
6816,22546,-9662
6817,5948,27729
6818,-27704,-213
6819,11384,-28201
6820,29842,14583
6821,-19586,24910
6822,-17093,-20769
6823,28929,-12039
6824,6473,18580
6825,-25541,-829
6826,1392,2161
6827,733,25905
6828,-21268,-8171
6829,13161,-26158
6830,21398,19219
6831,-25386,16589
6832,-9284,-25873
6833,27837,-1565
6834,-5933,29427
6835,-17185,-3219
6836,15650,-17148
6837,-2229,2276
6838,-18339,-11469
6839,17993,-12138
6840,11433,23925
6841,-27915,9635
6842,-968,-25304
6843,32211,4179
6844,-3201,21354
6845,-19832,-16380
6846,15102,-12091
6847,9562,20494
6848,-17600,6336
6849,3648,1127
6850,7886,22125
6851,-21032,-2091
6852,2719,-25320
6853,24982,11519
6854,-15641,21212
6855,-13604,-18697
6856,29443,-9317
6857,5495,24736
6858,-21225,-691
6859,6021,-22214
6860,-1629,3418
6861,-23504,-2260
6862,11061,-19556
6863,21145,14680
6864,-19352,18803
6865,-8660,-24966
6866,27547,-6761
6867,-809,29135
6868,-23713,-6080
6869,15255,-20120
6870,19182,18721
6871,-16498,13087
6872,587,-6961
6873,14160,14287
6874,-21217,6869
6875,-5638,-20701
6876,30611,8611
6877,-6767,28642
6878,-21627,-14453
6879,22779,-20656
6880,11249,20777
6881,-23260,8287
6882,-2309,-20486
6883,2633,1430
6884,-18719,2672
6885,4326,-20431
6886,20805,5415
6887,-14278,18787
6888,-15884,-19420
6889,21978,-11867
6890,7059,26664
6891,-21955,4057
6892,7185,-21286
6893,19345,5865
6894,-9907,14498
6895,33,178
6896,12680,14544
6897,-15229,12069
6898,-2952,-20821
6899,30587,-6429
6900,1054,23878
6901,-21808,-6371
6902,10711,-23524
6903,12903,14606
6904,-14430,13909
6905,-4707,-15381
6906,2170,1832
6907,-17631,7053
6908,-2572,-20336
6909,21156,-11
6910,-8327,24778
6911,-21896,-9115
6912,15717,-14990
6913,12056,21462
6914,-20794,5621
6915,927,-23638
6916,18899,2896
6917,-7567,17550
6918,-258,-631
6919,20290,11484
6920,-7129,18208
6921,-12485,-16054
6922,19211,-12231
6923,2517,23755
6924,-24064,3206
6925,5301,-19432
6926,18214,14549
6927,-10681,16779
6928,-9901,-14011
6929,1547,2493
6930,-15790,10075
6931,-7422,-18924
6932,20749,-1112
6933,98,24861
6934,-20081,-8400
6935,12959,-19460
6936,17388,15391
6937,-19212,8610
6938,-7544,-20154
6939,17855,-1559
6940,-1447,19151
6941,-113,2479
6942,18159,1303
6943,-10864,14508
6944,-22510,-5464
6945,14449,-12629
6946,8381,16873
6947,-23513,6867
6948,-693,-22452
6949,21887,1859
6950,-3852,16728
6951,-12133,-9066
6952,4485,552
6953,-5506,15904
6954,-6869,-13619
6955,20761,-12526
6956,9391,20561
6957,-19535,1504
6958,4996,-21977
6959,18868,9529
6960,-15541,18204
6961,-11320,-14186
6962,18180,-6990
6963,3291,14974
6964,-2151,-3001
6965,18377,-3415
6966,-1968,17927
6967,-20369,-4362
6968,13076,-15850
6969,18716,21341
6970,-15412,14141
6971,-5362,-21655
6972,18640,1675
6973,-4246,19088
6974,-17332,-8449
6975,-1080,-325
6976,-9069,17484
6977,-12012,-13245
6978,15752,-18583
6979,8993,16612
6980,-19447,5209
6981,827,-21301
6982,20818,7464
6983,-7406,22429
6984,-14500,-10856
6985,12979,-7991
6986,10883,16911
6987,30,-2845
6988,12820,-6514
6989,90,22082
6990,-22759,282
6991,4414,-26469
6992,18787,6201
6993,-19218,13917
6994,-16602,-17492
6995,19637,-5182
6996,2327,16004
6997,-15269,100
6998,6538,3033
6999,-3082,17438
7000,-17264,-6728
7001,13699,-14386
7002,14737,21985
7003,-19125,18512
7004,-5158,-17101
7005,19999,2621
7006,-2152,25712
7007,-14700,-10920
7008,7634,-19206
7009,10205,15843
7010,93,4368
7011,15080,-12330
7012,14183,15009
7013,-12952,7517
7014,655,-21183
7015,24273,4766
7016,-7568,19968
7017,-19712,-10962
7018,17512,-6613
7019,10917,16916
7020,-16202,530
7021,2244,-3911
7022,4102,17780
7023,-17847,1836
7024,4113,-19186
7025,19377,9344
7026,-12965,17579
7027,-7148,-20466
7028,30870,-12002
7029,4761,24517
7030,-31980,1028
7031,317,-16825
7032,20965,14426
7033,992,3666
7034,14786,-22310
7035,19796,8550
7036,-19524,12009
7037,-8481,-23350
7038,29189,-188
7039,-2397,25986
7040,-23213,-10564
7041,17487,-21554
7042,15178,7787
7043,-18062,4303
7044,-564,-357
7045,5495,22461
7046,-20454,10661
7047,3550,-17840
7048,30326,4096
7049,-9520,18923
7050,-29754,-15755
7051,4648,-11666
7052,7444,26502
7053,-17854,4132
7054,-5148,-21590
7055,14233,8252
7056,1664,2856
7057,4314,-24505
7058,18091,11111
7059,-7446,23984
7060,-11936,-23264
7061,27149,-14098
7062,9132,22357
7063,-24247,-6605
7064,14094,-22049
7065,21622,13926
7066,-18204,15037
7067,1772,-1545
7068,17958,15911
7069,-19478,7187
7070,-11315,-28051
7071,19991,-7631
7072,-5736,21199
7073,-20721,-12885
7074,15391,-24570
7075,18019,19218
7076,-20222,15973
7077,-10789,-23019
7078,22502,-13011
7079,4387,3559
7080,-4109,-6377
7081,22618,11950
7082,-989,24727
7083,-22160,-16604
7084,24355,-22171
7085,21480,25329
7086,-29123,10688
7087,-2266,-29539
7088,30231,2826
7089,-2001,22858
7090,-320,-7259
7091,21976,5806
7092,-9133,18706
7093,-16752,-23295
7094,19005,-17014
7095,2264,29307
7096,-28411,3374
7097,7403,-28384
7098,26253,10490
7099,-19026,20870
7100,-24488,-17665
7101,9350,-9694
7102,-7005,8475
7103,-12795,-15758
7104,28293,-1909
7105,8291,32069
7106,-29931,-7153
7107,14945,-29658
7108,27828,23897
7109,-24044,20762
7110,-5641,-30236
7111,28462,-4837
7112,-3581,24999
7113,-866,-3984
7114,22832,2994
7115,-16432,23853
7116,-27426,-11775
7117,22264,-16818
7118,18533,23895
7119,-23178,2599
7120,-4681,-38396
7121,25140,-5618
7122,-7954,23878
7123,-26559,-9564
7124,10214,-20156
7125,8249,3109
7126,-10534,-16555
7127,22634,-30708
7128,8198,10453
7129,-42645,12884
7130,671,-19972
7131,30381,5056
7132,-27981,17822
7133,-20389,-22623
7134,26932,-11727
7135,3273,17672
7136,-1019,-7155
7137,24130,-184
7138,-5920,33842
7139,-19407,1846
7140,21370,-22411
7141,18629,18194
7142,-21283,19849
7143,-7356,-21330
7144,24441,-2976
7145,-4824,34320
7146,-26946,6257
7147,11036,-22168
7148,7448,-5859
7149,-29646,-13306
7150,3446,-21519
7151,18366,20364
7152,-32239,20856
7153,-11163,-21625
7154,35713,7047
7155,-10763,33920
7156,-34060,-16107
7157,14289,-17705
7158,13895,26765
7159,-4526,5261
7160,23345,-7822
7161,14143,29927
7162,-23858,11013
7163,1762,-30233
7164,22437,2940
7165,-24778,27617
7166,-29209,-13377
7167,28311,-16997
7168,29472,19354
7169,-2518,-4994
7170,7798,-32067
7171,1375,3681
7172,-20717,651
7173,11661,-28844
7174,25206,14430
7175,-18380,27131
7176,-8599,-32786
7177,29037,-18493
7178,-8269,26535
7179,-36328,-9899
7180,5999,-22517
7181,15971,14125
7182,-5442,-7083
7183,22029,-24444
7184,30059,20695
7185,-22940,16807
7186,-24108,-29195
7187,21832,1869
7188,3774,44834
7189,-17759,2393
7190,20904,-19719
7191,15608,28473
7192,-27477,20364
7193,-9204,-26850
7194,4844,2051
7195,-21662,23981
7196,5327,-19469
7197,39731,-13410
7198,-6568,15465
7199,-32312,-18777
7200,13418,-18507
7201,9664,28061
7202,-36442,9571
7203,-6961,-17437
7204,33937,4308
7205,2148,-5870
7206,-9130,-18716
7207,7377,24950
7208,-23304,26522
7209,-17263,-26239
7210,38833,-7664
7211,15799,41116
7212,-26322,4933
7213,13101,-31315
7214,27936,9397
7215,-17715,23991
7216,-21635,-4180
7217,-3532,8508
7218,-21784,11692
7219,-11139,-19933
7220,33631,7860
7221,7206,40852
7222,-42224,-10359
7223,804,-26786
7224,31616,28402
7225,-17461,18792
7226,-8952,-25396
7227,31946,-6918
7228,-502,-1121
7229,-4738,-27692
7230,27721,4026
7231,-9844,35864
7232,-22157,-10644
7233,35761,-24741
7234,22423,26085
7235,-35291,7243
7236,-18195,-39523
7237,11338,7068
7238,-11694,37304
7239,-18288,-6122
7240,5191,4490
7241,-11178,26063
7242,-25823,-27964
7243,21953,-32038
7244,23405,32029
7245,-33779,20951
7246,1319,-25511
7247,49348,-4698
7248,-10209,13709
7249,-24851,-12960
7250,23588,-16325
7251,-3386,-6455
7252,-16008,-17232
7253,34390,-613
7254,17880,27637
7255,-36081,11300
7256,-33263,-8714
7257,-1626,-10795
7258,25757,-21068
7259,31847,-14019
7260,19967,13756
7261,12960,32684
7262,-6808,34300
7263,-18444,388
7264,10364,-39746
7265,25430,-24438
7266,16820,17687
7267,18648,31693
7268,-1492,22433
7269,-32332,11869
7270,-29574,6067
7271,-20144,-11506
7272,-8649,-35660
7273,12349,-24509
7274,2580,14310
7275,-22797,31390
7276,-24063,20955
7277,-18246,8693
7278,-8017,4904
7279,9440,2219
7280,7891,-1900
7281,-5543,2120
7282,-6504,13455
7283,-3463,16427
7284,-4826,6299
7285,409,-203
7286,7468,2500
7287,-422,-2904
7288,-6882,-11517
7289,3682,-8129
7290,6393,-6308
7291,-3111,-8802
7292,-1835,-5120
7293,5884,-5558
7294,544,-8824
7295,-16167,-1595
7296,-12383,4938
7297,13954,-1639
7298,14007,-8613
7299,-3905,-2097
7300,2075,5495
7301,8875,-4009
7302,3878,-15089
7303,3090,-4281
7304,-2948,7152
7305,-4671,-6272
7306,4879,-12087
7307,1855,7030
7308,-7656,4586
7309,-7179,-11843
7310,-4301,6442
7311,-3173,19835
7312,-3841,-1778
7313,-4990,-8220
7314,-4722,1206
7315,-4491,-610
7316,-198,977
7317,2922,-185
7318,-1423,-6103
7319,1662,646
7320,8105,-450
7321,-1111,-6838
7322,-5876,5708
7323,4616,7020
7324,2006,-4488
7325,-5522,4151
7326,1358,6433
7327,-645,-3706
7328,-6216,2286
7329,3200,680
7330,1012,-6917
7331,-8858,4352
7332,-3411,1901
7333,-3718,-7773
7334,-4860,7765
7335,9023,8076
7336,7051,-12238
7337,-7187,-5454
7338,-671,9642
7339,7813,743
7340,675,-7799
7341,729,2640
7342,10463,10045
7343,7292,-2303
7344,-5808,-9743
7345,-7935,5646
7346,1816,16371
7347,11214,6138
7348,10420,-6410
7349,-2181,-9017
7350,-9085,-2969
7351,-93,7470
7352,9600,11526
7353,11493,671
7354,5735,-10263
7355,-3340,-293
7356,2381,12231
7357,15463,2495
7358,8628,-9117
7359,-6120,-6169
7360,-8460,102
7361,-2942,7978
7362,9025,8426
7363,11778,-5146
7364,-6516,-5623
7365,-9501,6808
7366,7101,-134
7367,-494,-9485
7368,-12795,4137
7369,2074,9146
7370,4710,-5601
7371,-9968,-1088
7372,-628,14912
7373,10676,1887
7374,-2576,-13018
7375,-5116,2238
7376,8123,8492
7377,6491,-3329
7378,1628,2348
7379,4721,6814
7380,-3929,-4794
7381,-10274,-479
7382,3783,7844
7383,5096,-1560
7384,-9597,-376
7385,427,8177
7386,14586,-4234
7387,-1754,-10492
7388,-9425,5324
7389,3210,2463
7390,-3269,-12113
7391,-5480,2044
7392,14118,9191
7393,5577,-9257
7394,-12995,459
7395,3283,15572
7396,7456,-3814
7397,-9056,-3923
7398,-674,10505
7399,3933,-2355
7400,-6503,-3086
7401,1676,1647
7402,2851,-9236
7403,-6775,8234
7404,1117,17302
7405,-1544,-11157
7406,-7766,-5262
7407,11046,13925
7408,10214,176
7409,-9001,-915
7410,430,-613
7411,8044,-12914
7412,-165,1903
7413,6166,7565
7414,4514,-9053
7415,-7303,3979
7416,3848,12744
7417,8362,-7009
7418,-7896,-2099
7419,-1721,12759
7420,10562,-203
7421,-3662,-5932
7422,-6132,7612
7423,9200,5706
7424,1804,-3148
7425,-5896,5520
7426,7767,7481
7427,3803,-3514
7428,-8326,3435
7429,6056,8878
7430,10219,-5869
7431,-8485,-4453
7432,-4623,4148
7433,9406,-6720
7434,239,-6709
7435,-6108,3150
7436,1656,-5111
7437,-2131,-9699
7438,-8271,2682
7439,3136,7715
7440,9028,-3499
7441,-5470,-9824
7442,-9927,4562
7443,4439,11762
7444,4543,-6024
7445,-8789,-8958
7446,-2897,9627
7447,10672,7350
7448,1464,-6566
7449,-11027,1077
7450,-722,10571
7451,8681,1359
7452,-1593,-3888
7453,-7500,4735
7454,3323,9922
7455,13131,6692
7456,9596,-3508
7457,-2591,-8838
7458,-6315,6037
7459,4969,10678
7460,11655,-7894
7461,4137,-3806
7462,-2389,12840
7463,2525,3741
7464,12434,-3894
7465,8710,-1212
7466,-9814,-3163
7467,-12642,6739
7468,4342,14974
7469,9467,6443
7470,2571,5507
7471,3051,7525
7472,5368,3904
7473,5747,5993
7474,8010,537
7475,3345,-9608
7476,-7087,-5839
7477,-11202,1612
7478,-8300,8584
7479,1098,11857
7480,9970,2762
7481,3727,-2913
7482,-6564,-2048
7483,-4014,-807
7484,1826,6022
7485,5453,2792
7486,10408,-6333
7487,9858,-2150
7488,3072,-5902
7489,-2208,-12074
7490,-1499,-541
7491,4096,-1820
7492,5716,-13450
7493,1860,-8555
7494,-2365,-7010
7495,-9135,-8729
7496,-12915,2613
7497,-8079,9873
7498,-2361,9187
7499,3681,8957
7500,9349,6734
7501,8615,5655
7502,8059,2876
7503,7456,-3096
7504,-300,-4066
7505,-5911,-3671
7506,-6013,-2683
7507,-6136,5190
7508,-1755,12495
7509,4460,13650
7510,6011,10788
7511,7136,1426
7512,4713,-8807
7513,-5732,-9429
7514,-13274,-5554
7515,-10361,-3373
7516,-1471,3004
7517,6990,9033
7518,9181,2939
7519,5452,-7462
7520,-457,-10495
7521,-8254,-8619
7522,-11644,-3281
7523,-5043,4816
7524,2992,9770
7525,6451,8406
7526,5776,711
7527,-2478,-5762
7528,-9927,-913
7529,-3418,6904
7530,7217,6187
7531,10186,2489
7532,10526,-2589
7533,6420,-10303
7534,-4275,-10322
7535,-6125,-2881
7536,3468,4022
7537,6752,11014
7538,3249,8932
7539,3578,-4385
7540,2855,-8404
7541,-3343,-4377
7542,-9308,-6473
7543,-10639,-3004
7544,-5590,9512
7545,942,14790
7546,3287,10795
7547,6489,4345
7548,9920,-1527
7549,4344,-4985
7550,-5652,-4806
7551,-8529,2546
7552,-3689,12117
7553,3734,11289
7554,8645,2267
7555,6960,-4573
7556,-420,-6456
7557,-7878,-2944
7558,-8427,4079
7559,-211,8575
7560,5719,4971
7561,614,-4082
7562,-2470,-4202
7563,5250,5685
7564,8140,3993
7565,-913,-7403
7566,-8426,-1822
7567,-3884,10663
7568,6729,2796
7569,4643,-7314
7570,-5330,2019
7571,3306,9750
7572,14790,1563
7573,2635,-4421
7574,-6281,2967
7575,4260,7175
7576,7999,-4394
7577,-1612,-9619
7578,-7615,2371
7579,409,2572
7580,11147,-10068
7581,1229,-9414
7582,-12647,-1872
7583,-964,3592
7584,11419,7683
7585,3669,105
7586,-1447,-5382
7587,3094,4849
7588,7729,5336
7589,7392,-6570
7590,-2823,-5127
7591,-6678,4331
7592,6096,7237
7593,9212,4975
7594,-3124,-469
7595,-4828,-1162
7596,5240,2286
7597,6436,-2834
7598,-3512,-4431
7599,-5449,5546
7600,4005,3190
7601,2518,-7341
7602,-9261,-1911
7603,-8106,7539
7604,3779,8269
7605,8921,4883
7606,885,-2295
7607,-8702,-2991
7608,-1041,3706
7609,10386,1024
7610,1810,-3328
7611,-11027,3164
7612,-8519,9352
7613,3253,7836
7614,11972,1315
7615,7180,-4873
7616,-5068,-5039
7617,-7730,-472
7618,-779,4229
7619,4619,719
7620,907,-9747
7621,-5974,-7099
7622,-3687,7028
7623,-420,9189
7624,-3065,1721
7625,-112,-1081
7626,1012,-1633
7627,-8570,-2445
7628,-9540,1926
7629,1184,7459
7630,5370,1260
7631,4456,-9449
7632,3850,-6686
7633,-2880,553
7634,-9581,1545
7635,-5294,5567
7636,3720,8707
7637,9429,3969
7638,11807,931
7639,9882,-762
7640,4067,-6014
7641,-3145,-5427
7642,-5740,3894
7643,1786,10229
7644,7812,7107
7645,3981,-131
7646,725,-6560
7647,-3307,-9516
7648,-9816,-4690
7649,-5753,2914
7650,2481,5251
7651,4815,3932
7652,8719,-2155
7653,8623,-9125
7654,-1174,-4884
7655,-8746,3668
7656,-8757,6557
7657,-1145,8886
7658,9417,7225
7659,10179,-1373
7660,5547,-6708
7661,4565,-6452
7662,-2099,-6400
7663,-11269,-6222
7664,-7186,-87
7665,1445,7348
7666,1959,1798
7667,1180,-8590
7668,-2164,-6766
7669,-8868,92
7670,-1479,5768
7671,12504,8905
7672,7274,-358
7673,-6933,-10222
7674,-10504,-1778
7675,-4515,10689
7676,6717,6970
7677,7739,-5564
7678,-7144,-6264
7679,-9580,6574
7680,4757,12528
7681,4921,4377
7682,-8417,-2916
7683,-10545,817
7684,-1283,8615
7685,6636,6846
7686,7508,-2320
7687,171,-4293
7688,-5596,386
7689,267,3270
7690,7292,3652
7691,6063,31
7692,2558,-6442
7693,-2388,-6571
7694,-4099,1921
7695,6294,7338
7696,14479,2604
7697,8844,-4736
7698,2703,-9122
7699,839,-7208
7700,-1060,3751
7701,800,9329
7702,4700,2811
7703,6095,-438
7704,6195,-1958
7705,2579,-7472
7706,-4624,-3489
7707,-6028,7786
7708,2138,11092
7709,10928,4838
7710,9841,-4136
7711,610,-3021
7712,-2848,7584
7713,4014,6689
7714,6653,-4583
7715,-2541,-4918
7716,-9096,4173
7717,-1277,6318
7718,8186,-1030
7719,2495,-6640
7720,-5914,-1700
7721,1934,6559
7722,9174,4929
7723,-496,-1798
7724,-5892,887
7725,2837,6592
7726,5700,-126
7727,-4147,-8948
7728,-12403,-1810
7729,-5596,10209
7730,8103,6202
7731,6687,-5120
7732,-3208,-1974
7733,-881,6303
7734,3095,-1530
7735,-2396,-11744
7736,-4311,-3448
7737,2152,7909
7738,8735,1676
7739,6590,-9363
7740,-5527,-4596
7741,-9170,7654
7742,4729,9483
7743,14163,2619
7744,7664,-5440
7745,-1082,-7134
7746,-2606,3982
7747,2702,10283
7748,6908,-1705
7749,3176,-9248
7750,200,-2336
7751,2535,1893
7752,4245,3054
7753,8812,6666
7754,11909,5424
7755,2275,802
7756,-5877,-19
7757,-204,-44
7758,4779,-3780
7759,1155,-7717
7760,-5187,-4222
7761,-7264,5892
7762,145,11496
7763,7564,7064
7764,5478,-3013
7765,1432,-9591
7766,-1454,-3723
7767,-3005,6843
7768,1761,6108
7769,4032,-1667
7770,-2433,-5298
7771,-5681,-3612
7772,-2922,4060
7773,700,10208
7774,6101,5335
7775,7398,-1763
7776,2694,-3791
7777,777,-5571
7778,-2314,-6014
7779,-8776,-1734
7780,-5513,4500
7781,3432,6643
7782,4826,2169
7783,4377,-1909
7784,5979,-1687
7785,5268,-2220
7786,3415,-4709
7787,-173,-6576
7788,-4373,-5030
7789,-5478,760
7790,-5494,6039
7791,-1313,7768
7792,8088,4509
7793,11363,-3469
7794,6728,-7936
7795,933,-8019
7796,-5132,-9867
7797,-6309,-6710
7798,-1181,3248
7799,-913,7531
7800,-4378,6507
7801,872,6363
7802,8441,1430
7803,5974,-6682
7804,1295,-7961
7805,-34,-4380
7806,-5334,-1071
7807,-10178,2644
7808,-8145,3928
7809,-4574,2262
7810,-390,2591
7811,3711,3484
7812,4508,1323
7813,5639,-1610
7814,4854,-2352
7815,-1597,-815
7816,-6184,1365
7817,-5098,4131
7818,-702,7054
7819,4009,6621
7820,5747,4996
7821,7056,5030
7822,6445,411
7823,1104,-7047
7824,-1455,-6743
7825,-2662,-1321
7826,-5276,1209
7827,-186,1916
7828,5942,3813
7829,5037,5590
7830,6000,3436
7831,5933,-1305
7832,2099,-3671
7833,1274,-4962
7834,-2283,-5226
7835,-6710,-1752
7836,-4651,15
7837,-3415,-1459
7838,-87,843
7839,6635,4665
7840,3530,2307
7841,-1191,-4500
7842,1909,-7988
7843,183,-5208
7844,-5526,-391
7845,-7325,2283
7846,-7660,1696
7847,-1612,603
7848,8250,2701
7849,6581,2008
7850,-1826,-4551
7851,-3908,-6058
7852,-4337,-107
7853,-3860,6504
7854,3143,10011
7855,6393,4859
7856,232,-3609
7857,-4956,-3182
7858,-6647,3620
7859,-2984,9834
7860,5297,8051
7861,111,-2313
7862,-11069,-3469
7863,-447,4579
7864,12701,2144
7865,2934,-6548
7866,-6349,-6845
7867,-1256,714
7868,3750,5226
7869,4647,-1057
7870,818,-5389
7871,-4397,1474
7872,14,5994
7873,6093,2678
7874,2271,-3843
7875,-2522,-6612
7876,-2677,2602
7877,-1167,9688
7878,2823,4657
7879,5751,2162
7880,4110,-1349
7881,948,-9279
7882,-2247,-3086
7883,-1709,8363
7884,4394,3572
7885,4240,-7261
7886,-4851,-7358
7887,-5007,2519
7888,5184,6458
7889,6130,-5488
7890,-2970,-13013
7891,-6332,-18
7892,-480,11875
7893,6193,4496
7894,4930,-4853
7895,-1342,858
7896,-309,7279
7897,4735,1663
7898,1941,-1543
7899,-4103,3145
7900,-5052,4464
7901,-1034,4128
7902,4494,4411
7903,4743,-37
7904,-1862,-3927
7905,-7043,-760
7906,-3819,4642
7907,4160,3317
7908,4710,-3925
7909,-2591,-4164
7910,-4238,2711
7911,-934,5744
7912,-915,7380
7913,1002,7274
7914,5202,29
7915,3621,-5640
7916,-553,-5883
7917,-1762,-4708
7918,-2218,1182
7919,-232,7825
7920,6095,5888
7921,8866,-2248
7922,5292,-6158
7923,2192,-374
7924,-1320,4699
7925,-5775,2528
7926,-3196,4624
7927,3393,7416
7928,6689,-886
7929,9024,-7302
7930,6491,-2654
7931,-1507,3803
7932,-594,6844
7933,6934,2301
7934,4434,-6870
7935,-4343,-7648
7936,-7288,-1747
7937,-3141,2328
7938,4254,4441
7939,5307,1654
7940,-2153,-2677
7941,-4386,1129
7942,22,6132
7943,1654,2429
7944,3742,-4203
7945,3619,-6436
7946,-4966,-2665
7947,-7168,4082
7948,2085,5978
7949,5666,274
7950,1700,-5877
7951,-2911,-4057
7952,-7199,3368
7953,-3087,4924
7954,5419,-1574
7955,1749,-6649
7956,-5622,-3771
7957,-2181,4047
7958,3385,6514
7959,5139,377
7960,5533,-5456
7961,1284,-5611
7962,-4343,-646
7963,-3640,3959
7964,2693,525
7965,8439,-3716
7966,4898,-1719
7967,-4754,-1255
7968,-5351,751
7969,419,7783
7970,1759,6128
7971,3320,-2586
7972,3898,-4097
7973,-2425,-2676
7974,-5576,-3848
7975,-793,-639
7976,2461,4905
7977,2246,3751
7978,2105,-176
7979,1025,-2390
7980,-907,-6484
7981,-1007,-4873
7982,456,4822
7983,172,5558
7984,-2668,30
7985,-4778,2717
7986,-3170,4935
7987,862,3893
7988,4135,6473
7989,6573,4630
7990,6955,-913
7991,3229,-1458
7992,1221,-1917
7993,3530,-3098
7994,3287,-2039
7995,1136,-2857
7996,926,-4360
7997,-126,-4609
7998,-1536,-4595
7999,-2457,-1478
8000,-4098,2206
8001,-3704,2482
8002,-2252,2521
8003,-2382,2874
8004,-1695,4011
8005,-345,6875
8006,1787,5027
8007,6426,420
8008,9040,2898
8009,7198,5591
8010,5101,-519
8011,3860,-6093
8012,1351,-5517
8013,-2316,-5522
8014,-4141,-6107
8015,-3834,-2987
8016,-5405,1609
8017,-6741,4823
8018,-3468,5885
8019,-74,5446
8020,1808,6028
8021,5177,5528
8022,5665,1054
8023,3158,-3597
8024,3856,-5644
8025,3370,-4891
8026,-1556,-2930
8027,-2401,-4586
8028,301,-5936
8029,-2505,-1142
8030,-7361,2712
8031,-7728,2656
8032,-5795,2843
8033,-1261,3241
8034,4516,6902
8035,5421,9888
8036,5563,2394
8037,7187,-4447
8038,2832,-885
8039,-2333,-852
8040,-643,-6423
8041,2997,-6316
8042,4239,-4770
8043,-1413,-4430
8044,-8737,864
8045,-2953,5316
8046,6001,4200
8047,4666,3520
8048,4429,2932
8049,7251,-237
8050,5753,-4135
8051,2979,-5839
8052,-494,-2502
8053,-3846,-413
8054,-5179,-1274
8055,-4129,4543
8056,2241,7528
8057,6587,1015
8058,4507,1727
8059,3587,3346
8060,1247,-4611
8061,-1376,-4836
8062,-1090,1346
8063,-5763,1653
8064,-6047,2796
8065,727,4877
8066,-1058,5954
8067,627,6903
8068,6928,1433
8069,-2588,-3572
8070,-9644,-1798
8071,-4020,-1807
8072,-5889,-161
8073,-5860,5953
8074,2764,7312
8075,4367,5542
8076,4598,2795
8077,7284,-3645
8078,2762,-6353
8079,-2973,-1736
8080,-3007,3893
8081,-134,6782
8082,3483,4600
8083,4666,-685
8084,3243,-3051
8085,781,-3432
8086,-3529,-3217
8087,-5465,-198
8088,-1943,2470
8089,2134,3749
8090,4483,5044
8091,5189,1084
8092,1632,-4619
8093,-3130,-2046
8094,-3822,2886
8095,-2934,3708
8096,-1044,4268
8097,3581,2522
8098,4790,-2460
8099,782,-4979
8100,-2526,-3728
8101,-3679,40
8102,-993,2703
8103,4473,877
8104,4865,-1408
8105,801,-2533
8106,-2402,-3181
8107,-3436,447
8108,280,4739
8109,4858,2735
8110,3936,-1872
8111,40,-3654
8112,-4384,-2106
8113,-5099,1447
8114,942,3380
8115,3916,1068
8116,1101,-2995
8117,-129,-2959
8118,-1397,2470
8119,-1139,6194
8120,3706,3674
8121,4512,-1258
8122,-123,-2740
8123,-3047,2007
8124,-2217,5919
8125,1621,923
8126,991,-3790
8127,-4811,486
8128,-1171,3418
8129,6758,-746
8130,1771,-2950
8131,-4590,609
8132,242,4119
8133,4550,2289
8134,3227,-3043
8135,750,-4019
8136,-2418,996
8137,-1110,3243
8138,3485,-935
8139,352,-3050
8140,-4856,1272
8141,-874,4750
8142,4028,3162
8143,1999,-783
8144,-1833,-3457
8145,-3050,179
8146,100,5544
8147,3614,1863
8148,224,-2224
8149,-3578,3342
8150,696,5111
8151,3521,-2085
8152,-1579,-3447
8153,-2630,2534
8154,4214,2903
8155,4812,-2989
8156,-2904,-2599
8157,-3882,4065
8158,1991,2655
8159,1583,-3289
8160,-955,-79
8161,3161,2628
8162,3030,-2217
8163,-4527,-150
8164,-2671,4565
8165,4112,-2200
8166,-889,-5068
8167,-3504,3421
8168,4236,2795
8169,2554,-3271
8170,-2488,1213
8171,2757,2716
8172,1274,-2506
8173,-4805,1107
8174,1976,4764
8175,6329,-867
8176,-502,-2288
8177,-2086,2368
8178,2779,3426
8179,4930,470
8180,1653,-1806
8181,-2676,1037
8182,306,3927
8183,2402,-120
8184,-4271,-1474
8185,-3985,4247
8186,3748,4600
8187,1901,-1345
8188,-4048,-3165
8189,-3227,1214
8190,1002,5078
8191,3585,958
8192,800,-5291
8193,-2101,-1477
8194,2689,4085
8195,5499,-637
8196,-1326,-4025
8197,-5135,1542
8198,1443,3284
8199,6080,-1563
8200,618,-3424
8201,-3675,-1673
8202,1230,595
8203,5146,885
8204,1234,-2506
8205,-3145,-2406
8206,-1309,2592
8207,2709,2149
8208,687,-1970
8209,-3989,-266
8210,-1806,4466
8211,3038,3406
8212,2056,-3057
8213,-2196,-2818
8214,-3761,4016
8215,-1135,1699
8216,1896,-3923
8217,1314,790
8218,-70,4586
8219,1654,744
8220,2954,-2434
8221,-387,-2024
8222,-2837,2217
8223,706,3956
8224,3576,-1846
8225,2654,-4474
8226,2040,58
8227,420,3842
8228,-92,4259
8229,2930,960
8230,1379,-2382
8231,-3395,367
8232,-1567,5156
8233,3468,4270
8234,5081,-1773
8235,2118,-5397
8236,-3582,-2806
8237,-4028,1165
8238,1863,2839
8239,3864,1192
8240,381,-1439
8241,-1025,1654
8242,1295,4934
8243,3518,-152
8244,2267,-4960
8245,-3146,-3185
8246,-6374,1987
8247,-832,5533
8248,4659,-921
8249,50,-7036
8250,-4603,2090
8251,-1530,7731
8252,-57,406
8253,-2533,454
8254,-2064,4742
8255,637,589
8256,947,-713
8257,-114,3824
8258,1588,3319
8259,2657,-1682
8260,-1318,-3017
8261,-1641,1321
8262,3119,2759
8263,594,-1278
8264,-3909,115
8265,785,4408
8266,4491,942
8267,-137,-2510
8268,-3829,547
8269,-640,2352
8270,3753,501
8271,1010,-980
8272,-4197,-63
8273,-1446,2562
8274,2565,2790
8275,-454,-167
8276,-2571,-360
8277,36,2924
8278,2193,1889
8279,2641,-2887
8280,915,-1632
8281,-1077,3415
8282,1843,3144
8283,5086,89
8284,1335,-847
8285,-2316,333
8286,1271,2611
8287,4051,1165
8288,164,-3070
8289,-3289,-1041
8290,-1152,4443
8291,2740,3301
8292,3153,-1998
8293,-514,-3337
8294,-3115,513
8295,-245,4246
8296,4095,2437
8297,3074,-1101
8298,-1151,1027
8299,-340,4634
8300,4366,2485
8301,3479,-1355
8302,-2535,-1551
8303,-3969,630
8304,611,2795
8305,3668,1609
8306,1415,-2398
8307,-1536,-2332
8308,-572,1239
8309,1148,1525
8310,790,-777
8311,951,-2624
8312,-48,-3160
8313,-3655,-538
8314,-2516,3565
8315,3332,5339
8316,3810,3999
8317,580,217
8318,672,-2892
8319,-341,-2059
8320,-3083,133
8321,65,-189
8322,5041,-1537
8323,3446,-1324
8324,-251,-1159
8325,-1070,-1293
8326,-1390,1289
8327,-781,3558
8328,1456,1113
8329,1947,-2287
8330,116,-3860
8331,-2116,-3298
8332,-2464,1375
8333,732,5398
8334,2773,4123
8335,1594,1950
8336,3164,434
8337,4655,-1563
8338,655,-1961
8339,-2181,-1374
8340,-1131,-29
8341,466,3023
8342,2801,4218
8343,1830,2276
8344,-2354,788
8345,-2208,1688
8346,-615,3947
8347,-1510,4580
8348,-663,3578
8349,1155,3901
8350,2752,3237
8351,4919,-527
8352,3342,-2788
8353,-1383,-1557
8354,-3159,925
8355,-839,3001
8356,2867,1799
8357,3322,-1898
8358,-200,-2314
8359,-1153,558
8360,1963,2319
8361,3980,1760
8362,3357,-1018
8363,782,-3011
8364,-2082,-334
8365,-801,3280
8366,2968,2618
8367,1481,-530
8368,-2827,-1127
8369,-861,2681
8370,4379,4646
8371,4684,366
8372,1085,-2347
8373,-1905,108
8374,-2181,2017
8375,81,2912
8376,2318,2531
8377,2629,-512
8378,482,-889
8379,-1877,2048
8380,-204,3085
8381,3175,2279
8382,2958,373
8383,499,-2171
8384,-1151,-2215
8385,-1500,252
8386,-934,2545
8387,-117,2972
8388,1405,1304
8389,1940,-537
8390,-909,-620
8391,-3052,1294
8392,-1078,2795
8393,1505,765
8394,2252,-2567
8395,1327,-3267
8396,-1005,-1530
8397,-2370,1502
8398,-1067,3849
8399,1321,3711
8400,2796,2194
8401,2071,-296
8402,-1043,-2265
8403,-3559,-631
8404,-2122,2255
8405,1289,2827
8406,2903,1514
8407,2837,-996
8408,1265,-2705
8409,-1665,-1525
8410,-2423,1221
8411,-299,3701
8412,1345,3223
8413,1273,-681
8414,-350,-1897
8415,-1869,947
8416,-957,2029
8417,677,1540
8418,1655,1558
8419,2042,-324
8420,-392,-1926
8421,-2723,254
8422,-288,2585
8423,2056,1983
8424,657,5
8425,-1016,-1104
8426,-1801,502
8427,-620,2794
8428,2903,1875
8429,3687,-550
8430,996,-1400
8431,-690,-1090
8432,-1372,275
8433,-1340,2258
8434,1088,3028
8435,3221,2376
8436,2127,684
8437,24,-1426
8438,-1394,-1776
8439,-2780,213
8440,-2285,2477
8441,823,3372
8442,2432,2510
8443,1576,608
8444,1486,-973
8445,1418,-1846
8446,-50,-1704
8447,-676,213
8448,-268,2516
8449,317,2850
8450,1801,1811
8451,2359,1081
8452,1812,323
8453,2416,-834
8454,1369,-1579
8455,-1019,-1736
8456,-603,-1133
8457,-1388,735
8458,-2394,2146
8459,1738,1976
8460,3086,1540
8461,843,260
8462,2327,-1351
8463,1161,-1052
8464,-2091,-118
8465,-1426,1206
8466,-1648,2318
8467,-278,1583
8468,1365,2511
8469,385,2766
8470,4776,408
8471,1400,574
8472,-3363,-2443
8473,17127,2990
8474,14692,23898
8475,-21142,9465
8476,-4220,-23719
8477,26406,5365
8478,-9444,29340
8479,-21903,-17109
8480,17812,-19625
8481,13613,23799
8482,-201,987
8483,21959,-15345
8484,4379,22939
8485,-26458,4729
8486,8889,-26229
8487,29089,16479
8488,-14650,20824
8489,-16233,-26258
8490,23542,-3264
8491,3996,27267
8492,-23860,-4985
8493,3140,-2432
8494,2310,24569
8495,-24067,-7659
8496,5096,-22299
8497,19191,21529
8498,-23605,18155
8499,-14530,-24516
8500,26776,-5513
8501,139,23553
8502,-22837,-8420
8503,11873,-17488
8504,17164,14711
8505,-1026,-280
8506,18423,-14623
8507,15554,21862
8508,-21654,10334
8509,-3377,-29313
8510,28650,5924
8511,-7211,30138
8512,-22383,-15261
8513,20458,-16729
8514,11910,22618
8515,-23211,10376
8516,-248,-2934
8517,5554,19177
8518,-23135,2573
8519,4339,-25179
8520,30057,7316
8521,-11865,21267
8522,-18906,-20362
8523,23269,-11297
8524,7580,28617
8525,-27167,1697
8526,2706,-19313
8527,24992,11422
8528,1024,-585
8529,8296,-22900
8530,20056,18259
8531,-17513,24011
8532,-13518,-24940
8533,31707,-8645
8534,1554,27359
8535,-32808,-8126
8536,13474,-24445
8537,22010,13462
8538,-18673,13534
8539,-669,-659
8540,13748,20647
8541,-21235,9137
8542,-6560,-24728
8543,27318,2457
8544,-7745,26327
8545,-24909,-14724
8546,19270,-19776
8547,14574,25120
8548,-26225,10466
8549,-2906,-23667
8550,24362,1233
8551,-1733,4685
8552,1050,-23410
8553,20329,6754
8554,-14295,28140
8555,-20701,-16277
8556,26096,-13736
8557,10909,28346
8558,-28251,2606
8559,1821,-25594
8560,18307,6316
8561,-6320,21359
8562,3573,15104
8563,1927,22063
8564,-25342,-2698
8565,6399,-26911
8566,29168,12230
8567,-21519,24715
8568,-20561,-22502
8569,32953,-9123
8570,9239,32110
8571,-28469,-6645
8572,5840,-27360
8573,20833,17369
8574,-705,5362
8575,16366,-23490
8576,19576,18185
8577,-21071,18478
8578,-6890,-34178
8579,32036,-7160
8580,-7114,33702
8581,-32861,-8356
8582,18195,-23177
8583,21126,19151
8584,-19041,13418
8585,2262,-3850
8586,11129,23040
8587,-28545,10660
8588,-5759,-26396
8589,34521,7457
8590,-5758,31227
8591,-24434,-20617
8592,21805,-23308
8593,12115,28907
8594,-30989,9183
8595,-3961,-24974
8596,24727,4803
8597,826,2675
8598,6468,-26743
8599,22531,7753
8600,-17219,23204
8601,-22785,-23938
8602,27050,-12745
8603,9558,32102
8604,-29453,1125
8605,9280,-28126
8606,24638,7144
8607,-14303,16226
8608,-1762,-1420
8609,15293,19351
8610,-19344,18516
8611,-9682,-22075
8612,30579,-5920
8613,1542,28512
8614,-28331,-9556
8615,10156,-27813
8616,19481,19381
8617,-21933,16561
8618,-8712,-18666
8619,27562,-658
8620,1867,1297
8621,-7435,-26000
8622,22781,4913
8623,-5227,31845
8624,-27534,-11642
8625,22866,-20247
8626,19616,22359
8627,-29061,6828
8628,-462,-27537
8629,24244,2287
8630,-10040,21850
8631,1789,-184
8632,26785,11712
8633,-11171,21096
8634,-19327,-18688
8635,23731,-16597
8636,9449,24720
8637,-28322,1657
8638,3610,-27544
8639,27644,10801
8640,-12176,20852
8641,-14135,-20038
8642,19538,-16891
8643,-2405,2263
8644,-12795,-17014
8645,24424,-7079
8646,3366,26306
8647,-29647,-1200
8648,15758,-27110
8649,26310,13009
8650,-25975,18229
8651,-13417,-23111
8652,24144,-4480
8653,2880,25582
8654,-644,-1529
8655,22939,-2252
8656,-3271,20122
8657,-23759,-10571
8658,12019,-19881
8659,13957,24843
8660,-23741,15006
8661,-3869,-25382
8662,28981,-386
8663,-3151,22460
8664,-18753,-9952
8665,10543,-16510
8666,-856,3900
8667,-13452,-10428
8668,21927,-11020
8669,13576,21434
8670,-25256,5097
8671,1814,-26662
8672,24058,7405
8673,-12795,25257
8674,-13956,-15583
8675,18020,-10729
8676,7471,21628
8677,-1231,-1127
8678,17538,-8323
8679,120,21832
8680,-22118,163
8681,12262,-24939
8682,26241,12840
8683,-16399,19260
8684,-14909,-21805
8685,21483,-9286
8686,-571,22552
8687,-22614,-927
8688,6668,-17016
8689,3982,1736
8690,-15562,-7830
8691,14413,-16729
8692,17269,16789
8693,-22732,15765
8694,-6271,-21929
8695,23909,-1974
8696,-6501,25216
8697,-17432,-10530
8698,15437,-17933
8699,12636,14980
8700,-2724,-1047
8701,15247,-11505
8702,10416,23126
8703,-16588,7460
8704,3862,-29362
8705,25590,2305
8706,-9866,20556
8707,-20116,-20634
8708,16899,-18363
8709,7148,21388
8710,-20821,6532
8711,606,-18074
8712,3617,1294
8713,-19763,-640
8714,3772,-19189
8715,18214,10123
8716,-18139,23434
8717,-13045,-13829
8718,24059,-6674
8719,3270,23360
8720,-22380,-4955
8721,5230,-19326
8722,15411,9651
8723,-2473,1285
8724,11253,-10874
8725,16834,16502
8726,-13577,8522
8727,-6126,-23153
8728,21799,265
8729,-4344,22877
8730,-20955,-8672
8731,14500,-14826
8732,15602,19291
8733,-12750,9488
8734,-2613,-18607
8735,1048,549
8736,-18359,7249
8737,474,-15880
8738,19115,5387
8739,-10843,24183
8740,-15667,-13664
8741,18350,-15037
8742,7352,22017
8743,-23260,3883
8744,-3198,-17405
8745,15401,6476
8746,-714,1292
8747,6130,-16893
8748,15884,9849
8749,-12770,16237
8750,-13625,-16655
8751,18528,-6267
8752,3022,23401
8753,-19134,-16
8754,11354,-18749
8755,19317,9808
8756,-12715,10486
8757,-9710,-15482
8758,1605,497
8759,-16871,11602
8760,-4365,-13213
8761,24693,-63
8762,-113,22520
8763,-19462,-10688
8764,12664,-19782
8765,11628,17432
8766,-20809,8621
8767,-2844,-16595
8768,18752,301
8769,-1972,-1455
8770,743,-20882
8771,14772,4148
8772,-12518,19978
8773,-16375,-13196
8774,19843,-13465
8775,9352,21121
8776,-21372,4139
8777,1956,-23064
8778,19142,6091
8779,-9982,16540
8780,-14449,-11270
8781,3092,1561
8782,-10001,13224
8783,-8543,-18527
8784,19205,-8813
8785,2382,23296
8786,-21150,-3468
8787,10353,-18541
8788,18002,15224
8789,-17786,12677
8790,-6367,-14441
8791,18738,-5871
8792,-4744,-1061
8793,-6606,-14050
8794,18545,3982
8795,-2582,21432
8796,-17774,-8077
8797,15918,-17621
8798,13434,17617
8799,-21006,8919
8800,-4565,-24590
8801,17998,2398
8802,-4719,23025
8803,-11035,-8264
8804,3849,-3824
8805,-11325,17839
8806,-13574,-9148
8807,18290,-12591
8808,8034,21078
8809,-24131,4987
8810,2267,-20047
8811,24234,7527
8812,-10816,14631
8813,-16427,-15907
8814,10646,-11769
8815,-913,1563
8816,-5368,-14862
8817,19098,-3928
8818,2649,21665
8819,-19194,-5382
8820,10329,-22987
8821,15870,14129
8822,-19066,14328
8823,-6093,-20001
8824,26508,-1168
8825,2387,18810
8826,-19039,-7154
8827,2323,-1433
8828,-3342,19316
8829,-19660,-12291
8830,11014,-20883
8831,17582,20426
8832,-18472,10656
8833,-3025,-23932
8834,24052,2286
8835,-9356,22031
8836,-18933,-8342
8837,11231,-13011
8838,-1552,1846
8839,-11555,-15382
8840,18783,-14774
8841,7341,15905
8842,-26219,4755
8843,-1502,-17099
8844,20435,12541
8845,-10624,20853
8846,-13944,-18985
8847,19825,-14165
8848,8011,15201
8849,-19061,-394
8850,-1049,0
8851,1390,25634
8852,-17199,211
8853,10887,-22569
8854,21125,11628
8855,-22387,13569
8856,-11567,-21811
8857,26754,-3497
8858,-3665,25032
8859,-22770,-1957
8860,7695,-16479
8861,33,1013
8862,-17134,-11972
8863,10336,-17130
8864,11749,19221
8865,-19727,12113
8866,-2775,-26828
8867,24945,-776
8868,-7504,28076
8869,-25125,-10407
8870,13344,-22007
8871,11386,14383
8872,-20570,13171
8873,1885,2331
8874,11334,18229
8875,-21731,154
8876,-716,-24129
8877,27244,10127
8878,-13617,24596
8879,-20317,-16359
8880,22603,-10540
8881,7428,27770
8882,-19097,2729
8883,5180,-24886
8884,1642,1254
8885,-22516,-1112
8886,6897,-20784
8887,23070,13736
8888,-15922,23931
8889,-11341,-21479
8890,28729,-13952
8891,625,22223
8892,-34884,-680
8893,4470,-14989
8894,22294,15053
8895,-11530,15258
8896,1285,3238
8897,19680,21527
8898,-16547,11447
8899,-12864,-22564
8900,23051,299
8901,-4411,30682
8902,-20553,-6045
8903,19968,-22289
8904,13873,18099
8905,-19074,10238
8906,-2752,-21813
8907,-945,2449
8908,-24169,7700
8909,4755,-19556
8910,29999,6013
8911,-11626,20153
8912,-22454,-23801
8913,21324,-14772
8914,9362,31393
8915,-26457,5167
8916,6096,-27818
8917,26734,4269
8918,-6002,18809
8919,-146,-1758
8920,13440,13243
8921,-23447,23290
8922,-17901,-12836
8923,29306,-9493
8924,8017,26900
8925,-25250,-2167
8926,8549,-29876
8927,21719,12330
8928,-13944,17408
8929,-15818,-15688
8930,-672,7383
8931,-13444,13934
8932,-3691,-27227
8933,22293,-5732
8934,-3299,31910
8935,-23940,-7430
8936,17475,-23567
8937,22927,23131
8938,-21661,18371
8939,-4105,-22552
8940,27143,-7429
8941,-6172,11066
8942,-7169,-7773
8943,23895,7236
8944,-10208,26043
8945,-24824,-15892
8946,26288,-19980
8947,16607,34145
8948,-30408,12941
8949,-5779,-31162
8950,19078,13803
8951,-10865,34410
8952,-15054,-10042
8953,1055,528
8954,-21535,20129
8955,-22244,-20196
8956,20936,-12769
8957,9429,37762
8958,-29354,11971
8959,5312,-24202
8960,30799,12351
8961,-13737,17837
8962,-15428,-28196
8963,20586,-8976
8964,3256,32342
8965,-2717,3887
8966,27678,-4765
8967,3552,25773
8968,-25687,-9861
8969,14017,-36633
8970,19303,21674
8971,-32432,27100
8972,-14388,-25047
8973,33427,-2336
8974,-362,24541
8975,-27625,-8237
8976,4281,1654
8977,-7653,25424
8978,-31541,-13823
8979,14313,-15622
8980,29427,36239
8981,-17801,12992
8982,-6878,-34861
8983,27990,8273
8984,-8030,38048
8985,-25892,-15380
8986,16016,-20656
8987,14957,22074
8988,-3785,-3042
8989,23369,-20539
8990,9129,23185
8991,-35533,7612
8992,3075,-31352
8993,38523,12908
8994,-13150,28683
8995,-20304,-24759
8996,30296,-14098
8997,8445,24792
8998,-30365,4272
8999,-5963,7064
9000,-4192,33803
9001,-21512,-3688
9002,15502,-27922
9003,24555,20139
9004,-25724,23188
9005,-14712,-28417
9006,35560,-10784
9007,9284,34690
9008,-29295,4503
9009,3962,-21030
9010,25557,7507
9011,1544,-3569
9012,11708,-19552
9013,20609,25307
9014,-21974,17870
9015,-12980,-39087
9016,33816,-8946
9017,-4464,29914
9018,-31149,-13721
9019,22004,-24758
9020,10478,15240
9021,-34397,13181
9022,1412,2803
9023,11314,19369
9024,-27177,2396
9025,-755,-30047
9026,22887,-3279
9027,-23946,24690
9028,-29022,-13863
9029,22924,-19628
9030,17094,28832
9031,-23550,5725
9032,-1036,-33508
9033,26626,5168
9034,-3984,6316
9035,-729,-27565
9036,31606,16783
9037,-6692,34353
9038,-23139,-26823
9039,30724,-21690
9040,6903,24256
9041,-42467,-4794
9042,12876,-29328
9043,37689,12136
9044,-13329,24486
9045,265,839
9046,22358,16209
9047,-23329,16310
9048,-22477,-25150
9049,19225,-2176
9050,-7337,38820
9051,-30503,-11587
9052,17259,-33890
9053,23091,25841
9054,-27976,19426
9055,-12723,-27670
9056,23882,-5830
9057,-6653,5456
9058,-4680,-19282
9059,34137,7754
9060,-6529,26439
9061,-33066,-21563
9062,24514,-20283
9063,17663,34564
9064,-34636,9976
9065,376,-36352
9066,31445,4517
9067,-2705,31439
9068,3947,-344
9069,22018,11721
9070,-20465,27442
9071,-20229,-15503
9072,38720,-12441
9073,19378,34377
9074,-32072,6502
9075,5996,-29895
9076,30194,8456
9077,-24671,19153
9078,-24777,-17346
9079,22056,-5257
9080,3622,7628
9081,-8555,-27862
9082,26358,-14327
9083,2849,30880
9084,-34965,-2235
9085,6508,-32808
9086,26056,16909
9087,-11880,24995
9088,2383,-23999
9089,30046,-8757
9090,1239,22684
9091,2975,-2445
9092,31882,125
9093,-1401,26000
9094,-17658,-7086
9095,34017,-28602
9096,24908,7027
9097,-34138,749
9098,-5317,-32623
9099,37553,3104
9100,-7967,33717
9101,-25356,-11954
9102,15426,-29120
9103,-1636,1842
9104,-20050,-10646
9105,23245,-15530
9106,9832,26702
9107,-36059,12792
9108,10077,-25689
9109,43545,11703
9110,-14405,29908
9111,-27763,-20636
9112,15858,-17697
9113,10308,25042
9114,963,11458
9115,27258,4940
9116,9650,29519
9117,-21627,-6356
9118,12864,-40255
9119,25167,14749
9120,-26288,33993
9121,-16024,-22154
9122,33805,-13127
9123,1008,32183
9124,-29407,3026
9125,4894,-25971
9126,-9589,-6162
9127,-36925,-12443
9128,14869,-16327
9129,28975,26239
9130,-25351,19969
9131,-11976,-32568
9132,29850,-8200
9133,-2644,30661
9134,-29094,-11504
9135,1926,-18415
9136,12377,28502
9137,3261,2467
9138,20673,-24672
9139,9939,23461
9140,-31246,18203
9141,-6093,-30985
9142,36126,3263
9143,-3050,36348
9144,-21592,-11021
9145,28397,-19678
9146,17756,22543
9147,-26701,5596
9148,-5673,-21607
9149,-1297,4108
9150,-28537,-1207
9151,9740,-26086
9152,37913,7745
9153,-14213,14345
9154,-20924,-35334
9155,25123,-17015
9156,-5274,31955
9157,-44616,6663
9158,5261,-12469
9159,29552,11657
9160,-5015,-5478
9161,12371,-23165
9162,28675,18731
9163,-20356,27198
9164,-19571,-17356
9165,27684,-5323
9166,3612,30043
9167,-24725,-8473
9168,15596,-31571
9169,24086,20726
9170,-15097,23599
9171,-11249,-22000
9172,3223,-841
9173,-16282,16675
9174,-1571,-26171
9175,27503,-12942
9176,-12131,29580
9177,-35687,-7138
9178,19482,-23507
9179,25141,26557
9180,-25536,12173
9181,-6454,-31719
9182,25193,-3838
9183,-2362,3597
9184,-1199,-25196
9185,17479,15713
9186,-12928,42117
9187,-12121,-19331
9188,30857,-21201
9189,8725,39363
9190,-34103,9526
9191,-3849,-35010
9192,22874,13104
9193,-9005,30256
9194,-15570,-13175
9195,5694,-1540
9196,-12745,11875
9197,-13722,-25711
9198,29878,-5294
9199,15364,38841
9200,-25915,-3447
9201,8508,-31090
9202,29827,12218
9203,-12540,8209
9204,-6806,-26965
9205,22624,-7304
9206,-2918,2080
9207,-2145,-23427
9208,30015,-3306
9209,-600,25187
9210,-27478,-9200
9211,12825,-24564
9212,17586,19488
9213,-23274,18333
9214,-7811,-16567
9215,27530,11991
9216,6055,32063
9217,-14018,-8760
9218,-1363,-2477
9219,-12680,28365
9220,-18125,-7655
9221,17609,-15665
9222,9553,30078
9223,-29501,6843
9224,5737,-31281
9225,36844,8179
9226,-13670,22389
9227,-25736,-15942
9228,13283,-9107
9229,9,5565
9230,-10975,-22660
9231,20780,-13405
9232,6764,25454
9233,-27405,199
9234,-1850,-28308
9235,17319,14668
9236,-13969,25937
9237,-10424,-22880
9238,27742,-14232
9239,9210,20684
9240,-24063,-737
9241,-5326,-931
9242,-6103,25273
9243,-22107,-4904
9244,20022,-18987
9245,31210,21637
9246,-19717,7133
9247,-4047,-32982
9248,35461,1463
9249,-2538,30514
9250,-19717,-5785
9251,17194,-17086
9252,9949,582
9253,-7910,-20745
9254,16491,-25005
9255,8421,17915
9256,-26289,10973
9257,765,-27868
9258,31367,-953
9259,-10766,23153
9260,-28275,-13674
9261,15691,-15230
9262,9754,17479
9263,-23325,6318
9264,1016,3120
9265,6918,26161
9266,-21528,-508
9267,7146,-26919
9268,26156,11659
9269,-22362,22688
9270,-19613,-15963
9271,27239,-5030
9272,7800,26056
9273,-12944,-263
9274,11510,-23622
9275,-5292,-9341
9276,-28940,-14677
9277,9689,-16896
9278,22824,16820
9279,-15824,14795
9280,-7676,-22159
9281,22974,-7320
9282,-3567,18397
9283,-22243,-10139
9284,9321,-17647
9285,7118,19408
9286,-19312,19124
9287,2660,1224
9288,10304,16199
9289,-24017,9519
9290,-8276,-17375
9291,22057,3062
9292,-9709,21179
9293,-17462,-9686
9294,23705,-9486
9295,15724,19993
9296,-14049,-2649
9297,-1393,-23863
9298,253,3433
9299,-13844,337
9300,8994,-18603
9301,21724,11812
9302,-7806,18061
9303,-5949,-22871
9304,23524,-12554
9305,2246,23586
9306,-25098,2600
9307,5718,-16116
9308,21571,10955
9309,-5114,15506
9310,-115,-350
9311,11170,13696
9312,-15474,12249
9313,-8608,-16328
9314,24989,1400
9315,886,27155
9316,-22779,-8958
9317,10548,-23142
9318,13178,17717
9319,-20749,13188
9320,-11494,-16549
9321,1296,2748
9322,-14968,8267
9323,3620,-16941
9324,25057,1012
9325,-11309,19412
9326,-23104,-12235
9327,18461,-12898
9328,13305,24206
9329,-19220,8902
9330,2634,-22040
9331,17768,2634
9332,-8106,17797
9333,-189,-3234
9334,15018,9311
9335,-15198,20908
9336,-14247,-14878
9337,23287,-12078
9338,5158,25370
9339,-23828,1011
9340,4504,-21805
9341,16467,14260
9342,-9732,13590
9343,-6504,-14122
9344,2160,7749
9345,-16042,11381
9346,-5525,-23563
9347,21103,-7127
9348,-824,24131
9349,-18463,-3033
9350,14356,-17448
9351,15838,15857
9352,-18905,13613
9353,-2183,-17713
9354,23271,-1634
9355,-818,19982
9356,-1286,503
9357,21291,1869
9358,-3456,15517
9359,-16577,-13706
9360,16882,-17151
9361,9381,21175
9362,-24494,3427
9363,-4170,-27947
9364,18561,5976
9365,-4864,19351
9366,-12687,-12561
9367,-1681,-2472
9368,-17269,14482
9369,-14950,-12493
9370,17751,-8995
9371,5622,23765
9372,-22008,2876
9373,6689,-21509
9374,22440,13850
9375,-12728,22944
9376,-12168,-16689
9377,16401,-7337
9378,5424,22510
9379,74,676
9380,18562,-3228
9381,-1317,20322
9382,-20242,-6891
9383,13735,-22154
9384,17451,19054
9385,-23677,13353
9386,-8981,-23348
9387,26847,447
9388,-750,17611
9389,-20366,-10628
9390,2755,-2211
9391,-8152,18588
9392,-19986,-8737
9393,16371,-12627
9394,14866,24884
9395,-22672,10914
9396,-161,-24669
9397,24829,3804
9398,-10250,24688
9399,-14572,-11903
9400,19075,-11386
9401,8170,20345
9402,-3584,647
9403,20533,-9521
9404,6462,21099
9405,-23473,3560
9406,6289,-22961
9407,24764,12951
9408,-14272,19196
9409,-14291,-19796
9410,21152,-4954
9411,2094,19755
9412,-19995,-2774
9413,2397,1510
9414,-3993,23931
9415,-20992,-4752
9416,10806,-22157
9417,15875,13515
9418,-22784,14655
9419,-7311,-21068
9420,26696,-3444
9421,-3959,24820
9422,-24045,-7996
9423,11763,-19289
9424,18013,14827
9425,-2506,-25
9426,12846,-16632
9427,12560,23069
9428,-19670,14054
9429,-667,-26556
9430,29615,8407
9431,-7215,28710
9432,-21512,-17850
9433,21207,-15724
9434,10336,17744
9435,-25270,2623
9436,-228,-931
9437,6009,20115
9438,-23418,-1692
9439,5067,-20755
9440,28520,13900
9441,-17449,19861
9442,-19767,-22445
9443,26565,-11120
9444,6822,28873
9445,-26340,-201
9446,3593,-24380
9447,18125,10487
9448,-909,3136
9449,11905,-22249
9450,14411,14751
9451,-20548,17188
9452,-7076,-27938
9453,31410,-2252
9454,-1495,31088
9455,-29807,-7718
9456,13637,-17064
9457,19982,17134
9458,-17824,8982
9459,-1494,-1284
9460,11873,21269
9461,-20589,5472
9462,-5673,-28202
9463,26777,1865
9464,-7952,30015
9465,-24174,-11292
9466,19384,-22362
9467,15720,21694
9468,-21875,9628
9469,724,-25471
9470,24654,-3360
9471,-1822,215
9472,2996,-21699
9473,23826,9661
9474,-12620,22769
9475,-22013,-22192
9476,24718,-13414
9477,9827,28102
9478,-27076,-647
9479,7839,-27961
9480,19163,8729
9481,-16739,19810
9482,2398,-3194
9483,21098,12008
9484,-18219,16189
9485,-10946,-21928
9486,31271,-10192
9487,-49,27794
9488,-31172,-3881
9489,14047,-24667
9490,25288,19711
9491,-21987,16089
9492,-12679,-23579
9493,21584,-4352
9494,-2692,4458
9495,-8349,-25094
9496,21392,744
9497,-5809,30137
9498,-25774,-13914
9499,22321,-25093
9500,16999,24509
9501,-31948,14798
9502,-249,-24216
9503,31466,2668
9504,-6036,24498
9505,-1955,1036
9506,26886,9977
9507,-11082,20747
9508,-25545,-17315
9509,23446,-14377
9510,14846,29374
9511,-28107,2874
9512,2216,-34399
9513,26520,7390
9514,-17867,26419
9515,-20272,-16832
9516,18835,-18050
9517,486,2796
9518,-8433,-16834
9519,30899,-7299
9520,5959,27472
9521,-37271,-1696
9522,9028,-26389
9523,30782,18225
9524,-20983,19278
9525,-14361,-29946
9526,24317,-8499
9527,3954,27562
9528,-1235,-768
9529,22775,1371
9530,-5897,30987
9531,-26455,-5788
9532,19720,-25045
9533,23689,24143
9534,-27590,18741
9535,-8818,-26692
9536,32490,-2699
9537,-8716,23683
9538,-29126,-7273
9539,13981,-14179
9540,199,231
9541,-24098,-21782
9542,19982,-17482
9543,15238,26598
9544,-34482,7654
9545,-1971,-32734
9546,30174,9514
9547,-14197,34544
9548,-18092,-19675
9549,21198,-20586
9550,7761,22065
9551,-1624,-396
9552,28841,-8807
9553,7356,29149
9554,-32242,3267
9555,7163,-31455
9556,32954,12785
9557,-19816,24496
9558,-22137,-25443
9559,28751,-12490
9560,6571,30018
9561,-26015,-670
9562,5357,-27895
9563,1719,860
9564,-26455,-5800
9565,9727,-25031
9566,22131,17309
9567,-26228,23070
9568,-10904,-29656
9569,34657,-10031
9570,-2333,29139
9571,-32620,-11817
9572,9767,-23208
9573,19890,18025
9574,-2463,1176
9575,19101,-17113
9576,19503,19698
9577,-21683,8215
9578,-3678,-32245
9579,29120,3920
9580,-11861,33663
9581,-26805,-14628
9582,23553,-22612
9583,18222,26122
9584,-22235,10880
9585,-6288,-26020
9586,-808,417
9587,-25886,5762
9588,5060,-22123
9589,32592,9291
9590,-15042,27163
9591,-24777,-24982
9592,26954,-18649
9593,12379,32087
9594,-32149,1944
9595,-2278,-25042
9596,24992,14496
9597,2927,4758
9598,11540,-26944
9599,18382,16082
9600,-25132,31191
9601,-17982,-20902
9602,32444,-9204
9603,2174,33273
9604,-35128,-3945
9605,13574,-28839
9606,28367,15247
9607,-20084,13515
9608,-17227,-20880
9609,1281,4963
9610,-20708,12952
9611,-4354,-28243
9612,29835,-5013
9613,-5286,32351
9614,-28789,-15909
9615,18047,-31159
9616,20517,25453
9617,-25863,15190
9618,-3295,-25624
9619,31281,-1738
9620,-1517,1106
9621,-2101,-26514
9622,28121,7152
9623,-10749,30705
9624,-28057,-15543
9625,27649,-17424
9626,19659,29239
9627,-28166,4715
9628,2514,-34782
9629,28175,7610
9630,-10781,30143
9631,-18350,-10284
9632,1871,-1218
9633,-14223,20711
9634,-11809,-21007
9635,22802,-18708
9636,2918,30230
9637,-30703,1795
9638,10899,-26179
9639,33814,22144
9640,-15825,23021
9641,-14377,-24449
9642,24642,-12295
9643,-2599,25
9644,-13953,-26621
9645,24854,-123
9646,2756,36706
9647,-27476,-9268
9648,17990,-33175
9649,23266,22193
9650,-31400,21294
9651,-13018,-29676
9652,32452,-4605
9653,-218,27702
9654,-23650,-2740
9655,4362,2373
9656,-10627,25007
9657,-27738,-14570
9658,20423,-18705
9659,23128,35031
9660,-28597,15029
9661,-4007,-33014
9662,33156,2905
9663,-9649,28733
9664,-21532,-13995
9665,15914,-21218
9666,1138,1772
9667,-9833,-18412
9668,27254,-15849
9669,11196,26714
9670,-31548,4874
9671,3327,-33385
9672,31788,10612
9673,-16869,30712
9674,-22990,-19535
9675,30846,-10964
9676,18473,27156
9677,-22612,318
9678,-1610,-2008
9679,2531,31892
9680,-24399,-2045
9681,8589,-28452
9682,29235,21575
9683,-19276,23588
9684,-12595,-29324
9685,31070,-11417
9686,-4872,29355
9687,-29325,1391
9688,11517,-19644
9689,3137,692
9690,-21956,-11367
9691,17019,-21225
9692,21009,17304
9693,-27921,13143
9694,-10481,-27779
9695,29835,1720
9696,-3551,31672
9697,-22285,-14714
9698,20362,-25542
9699,13654,17349
9700,-26161,11328
9701,-1933,-1954
9702,9983,24469
9703,-25627,9237
9704,1457,-25636
9705,36101,5768
9706,-14598,25333
9707,-26896,-19806
9708,24700,-17526
9709,9272,29489
9710,-22904,7517
9711,4316,-26229
9712,1655,-717
9713,-25580,-3280
9714,4440,-25102
9715,20424,13635
9716,-20591,25787
9717,-13081,-24243
9718,33019,-14916
9719,6203,27079
9720,-31100,-1810
9721,6985,-26847
9722,20052,8266
9723,-16695,18862
9724,620,2302
9725,18700,15728
9726,-22011,9731
9727,-12470,-26698
9728,30327,-6922
9729,-3136,28578
9730,-27196,-6539
9731,16645,-22608
9732,17877,22154
9733,-16910,13180
9734,-5124,-24219
9735,275,126
9736,-22108,7963
9737,1687,-21136
9738,29979,4614
9739,-6949,28592
9740,-20846,-13675
9741,24624,-20288
9742,16358,21416
9743,-28001,6153
9744,-3893,-25591
9745,21044,4949
9746,-5893,23796
9747,2477,-923
9748,20459,6947
9749,-17302,17881
9750,-20577,-16270
9751,23952,-11436
9752,7395,28645
9753,-25278,2076
9754,9431,-26641
9755,26582,13120
9756,-11943,17186
9757,-16774,-18928
9758,662,1398
9759,-16335,15057
9760,-9001,-20988
9761,25321,-8166
9762,1486,24669
9763,-26162,-10036
9764,11566,-24574
9765,17992,24395
9766,-22585,22659
9767,-6124,-21267
9768,23846,-4594
9769,753,21229
9770,-123,-2487
9771,19830,-168
9772,-8990,21803
9773,-20835,-7325
9774,19963,-16981
9775,14970,23415
9776,-23903,9016
9777,-2067,-28066
9778,24426,2890
9779,-7718,20513
9780,-19903,-8890
9781,1767,1766
9782,-10547,15413
9783,-14728,-19186
9784,18011,-15775
9785,6453,23958
9786,-25393,4265
9787,4948,-24177
9788,24835,10860
9789,-13410,23878
9790,-13854,-16895
9791,19624,-13425
9792,6855,19331
9793,-2289,3322
9794,22079,-3217
9795,5462,22367
9796,-20943,-1234
9797,10032,-24844
9798,20146,15576
9799,-20250,17455
9800,-13992,-25446
9801,20164,-2990
9802,1042,27334
9803,-15371,-1356
9804,4995,-3003
9805,-5623,16490
9806,-20421,-12050
9807,11197,-18522
9808,14540,21749
9809,-19876,11588
9810,-2945,-22848
9811,24777,3240
9812,-5461,21265
9813,-19187,-14733
9814,9459,-14387
9815,7606,17005
9816,-1318,953
9817,19591,-8848
9818,8519,17506
9819,-20549,-6
9820,3505,-25458
9821,20329,10482
9822,-15144,23578
9823,-13439,-12255
9824,24240,-6410
9825,8437,16979
9826,-17154,496
9827,1019,-954
9828,-2945,17534
9829,-21316,-2932
9830,9021,-17206
9831,23142,14869
9832,-13176,12936
9833,-8132,-25714
9834,24473,-7558
9835,738,23409
9836,-21873,-6313
9837,7063,-15046
9838,15208,15986
9839,-259,-1027
9840,13632,-18864
9841,11134,14072
9842,-20630,9602
9843,-6532,-20856
9844,20347,6091
9845,-6954,23926
9846,-14032,-10542
9847,23312,-12162
9848,11876,14472
9849,-19642,5573
9850,-645,694
9851,5265,18783
9852,-13586,2459
9853,8642,-20053
9854,21614,6678
9855,-13228,17001
9856,-12947,-18038
9857,19472,-10553
9858,3635,24487
9859,-19423,3173
9860,6862,-18519
9861,19204,4216
9862,-3279,-972
9863,3376,-16691
9864,13454,10924
9865,-14965,12131
9866,-10682,-20039
9867,25107,-1463
9868,2959,22439
9869,-23112,-8204
9870,11049,-17755
9871,15478,12357
9872,-16005,12163
9873,976,1679
9874,13538,16873
9875,-15991,7014
9876,-5277,-21643
9877,20823,-1629
9878,-9053,22530
9879,-21189,-5701
9880,16650,-10908
9881,13072,21465
9882,-17674,5236
9883,978,-20879
9884,17540,1529
9885,-4890,1886
9886,1329,-14863
9887,18730,13505
9888,-8612,19330
9889,-14097,-18869
9890,16653,-9756
9891,-1265,19975
9892,-24307,-2741
9893,8532,-19398
9894,13792,8360
9895,-14507,16064
9896,2915,24
9897,15127,8768
9898,-16712,9177
9899,-11124,-16886
9900,22332,-3784
9901,5878,24973
9902,-13895,-1774
9903,13392,-17371
9904,17163,15649
9905,-16360,9779
9906,-8698,-18436
9907,15888,-1826
9908,-319,3858
9909,-352,-16161
9910,21411,-875
9911,-3995,12318
9912,-20878,-13419
9913,15369,-11178
9914,11591,20110
9915,-22427,8037
9916,1274,-17376
9917,21907,1369
9918,-5244,15482
9919,-4575,2891
9920,9394,13668
9921,-13166,18938
9922,-10570,-12807
9923,20033,-9556
9924,200,21639
9925,-25760,-1837
9926,7964,-25059
9927,22323,10204
9928,-16342,19255
9929,-13111,-11189
9930,21496,-5766
9931,4608,3108
9932,-7059,-16589
9933,20121,-4170
9934,334,19368
9935,-27370,-5834
9936,10574,-17171
9937,19379,17523
9938,-18242,14068
9939,-4764,-22229
9940,12782,-11930
9941,-11894,9590
9942,-2313,-1485
9943,18425,4715
9944,-9334,15897
9945,-13525,-11379
9946,22729,-13868
9947,9337,20379
9948,-27475,5762
9949,-2507,-22552
9950,24984,7234
9951,-5770,21478
9952,-13850,-11252
9953,15534,-10046
9954,1303,6307
9955,-12470,-15372
9956,19519,-12165
9957,7798,22498
9958,-25667,5687
9959,11208,-21580
9960,29743,6370
9961,-16361,13091
9962,-12242,-18820
9963,21981,-5779
9964,2757,16417
9965,-1771,-2293
9966,24100,3298
9967,2806,20661
9968,-20202,-10105
9969,6454,-20047
9970,8341,19116
9971,-20764,14386
9972,-2841,-22296
9973,24858,-3596
9974,-3457,23805
9975,-20037,-5550
9976,6153,-22384
9977,-4981,471
9978,-20617,-5459
9979,20692,-7656
9980,18291,24620
9981,-27141,5045
9982,4420,-26920
9983,27922,11048
9984,-18218,14441
9985,-7708,-26774
9986,19752,-1312
9987,-9201,24032
9988,6250,3663
9989,27777,8057
9990,-10694,590
9991,-1255,-17543
9992,24417,13870
9993,-12858,17155
9994,-12851,-21506
9995,19399,-2273
9996,-4428,28537
9997,-16187,-2333
9998,19362,-21482
9999,22932,9437
10000,-4027,18386
10001,-2547,-6818
10002,7336,-7081
10003,-3961,4949
10004,-212,-905
10005,10965,1665
10006,-1330,3091
10007,1373,-3011
10008,6663,6072
10009,-11668,-640
10010,3675,-8077
10011,22318,18034
10012,-4896,13693
10013,-5715,-10021
10014,14540,2984
10015,5342,163
10016,3683,-10596
10017,3638,5362
10018,-5764,-2978
10019,2119,-12605
10020,435,1622
10021,-5888,-1407
10022,4913,12269
10023,491,32500
10024,-4679,1649
10025,-59,-15988
10026,-11116,-1680
10027,-7150,-9742
10028,4404,-5945
10029,-6733,7563
10030,-508,-3030
10031,6737,184
10032,-8283,2237
10033,8061,-11164
10034,23686,5015
10035,-2751,13303
10036,-10022,-4072
10037,-2718,2738
10038,-10676,4082
10039,-3014,-3721
10040,-132,10102
10041,-4730,1646
10042,14413,-9072
10043,10031,4093
10044,-10342,-10998
10045,7769,-5450
10046,11594,32499
10047,-8520,9823
10048,-3058,-9290
10049,-2461,17089
10050,-4008,-213
10051,8262,-11727
10052,-4243,9377
10053,-6173,-8057
10054,10371,-5749
10055,-8762,16574
10056,-6794,-7489
10057,20926,-2137
10058,-232,21790
10059,-7685,-3802
10060,15308,-4108
10061,337,11006
10062,-4065,-7477
10063,5336,1676
10064,-10832,14125
10065,1165,4014
10066,8679,16375
10067,-14446,7409
10068,11508,-4606
10069,29261,30413
10070,-5765,19195
10071,-103,-18356
10072,12396,5197
10073,-7450,9287
10074,5020,-7512
10075,12513,12739
10076,-1790,5715
10077,7436,-2695
10078,199,20538
10079,-1227,-6239
10080,31217,-28972
10081,13918,6093
10082,-16969,4974
10083,3378,-13022
10084,7893,4194
10085,5894,4707
10086,20445,-3236
10087,4463,-1493
10088,-1369,-6428
10089,9110,1145
10090,-8449,-202
10091,3309,-10388
10092,30660,8159
10093,9104,4923
10094,-2513,-16003
10095,9222,2332
10096,5770,3260
10097,11903,-11992
10098,13646,5054
10099,4152,-2189
10100,8469,-11139
10101,-3574,15767
10102,-10042,-2308
10103,15210,-28139
10104,9151,-930
10105,-6183,-54
10106,10181,-13788
10107,5767,-1666
10108,-1448,-9626
10109,7572,-6603
10110,-5361,10283
10111,259,-6287
10112,13322,-1798
10113,-12388,11777
10114,1711,-13286
10115,36343,-12766
10116,3000,-5750
10117,-15960,-23184
10118,3168,-2965
10119,-10511,6785
10120,-7705,-12337
10121,12992,5534
10122,-1517,-944
10123,-3217,-20075
10124,1402,12358
10125,-15997,-6290
10126,-5947,-45109
10127,2154,-1923
10128,-14035,9826
10129,-1115,-14781
10130,5857,8776
10131,-6331,2535
10132,7533,-14736
10133,3138,8534
10134,-15105,-1814
10135,-1704,-6328
10136,-5258,14514
10137,-3588,-12957
10138,32596,-15376
10139,17673,19021
10140,-13767,2716
10141,6178,-2352
10142,3072,14542
10143,-13624,-1437
10144,2924,2543
10145,-1222,9609
10146,-7819,-4804
10147,4806,12040
10148,-8411,5535
10149,-8301,-30619
10150,10930,-11010
10151,-3900,12546
10152,-7441,7913
10153,9107,16233
10154,-2143,10287
10155,-12107,13781
10156,-10646,31191
10157,-5415,1983
10158,10489,-3821
10159,-1750,25774
10160,-10972,-6008
10161,18755,-22986
10162,7952,13873
10163,-16398,6780
10164,10983,339
10165,9873,23710
10166,-9791,10388
10167,9949,1761
10168,7136,5954
10169,1101,-9389
10170,17952,7671
10171,-11523,16311
10172,-28887,-19908
10173,11183,-11089
10174,14441,10156
10175,-3305,-11264
10176,7810,-4704
10177,7765,8272
10178,8092,-5466
10179,12559,4270
10180,-1827,3338
10181,2613,-10424
10182,11643,10344
10183,-4923,-2280
10184,-2132,-41295
10185,14609,-18141
10186,8849,11487
10187,-5278,193
10188,-10334,-5414
10189,1148,-1874
10190,8819,3297
10191,-162,7064
10192,2430,-2294
10193,5925,-6172
10194,3952,5086
10195,9936,23362
10196,-7768,22545
10197,-15603,-8246
10198,14933,-7230
10199,4645,14942
10200,-17363,-5308
10201,6849,-6655
10202,1654,15678
10203,-13938,-6339
10204,10998,-8347
10205,4854,15337
10206,-9526,-10005
10207,14843,-25820
10208,6338,-3600
10209,-13108,772
10210,7570,-206
10211,4242,827
10212,-8603,-5979
10213,13432,699
10214,8566,7884
10215,-7201,1835
10216,9667,-163
10217,-7133,166
10218,-32138,-1577
10219,-3220,578
10220,7601,1708
10221,-3737,-1082
10222,2981,-2165
10223,-13222,-5885
10224,-10966,-12544
10225,21023,-6877
10226,951,-88
10227,-10541,-4815
10228,15381,2970
10229,-10359,6043
10230,-30166,-14141
10231,-319,-7712
10232,641,11660
10233,-9282,18
10234,-1127,-770
10235,-3505,6979
10236,-2727,-5354
10237,-1131,1969
10238,-3447,10304
10239,5700,-5720
10240,1400,8589
10241,-13515,30134
10242,-11327,4930
10243,-2619,-15439
10244,5609,-411
10245,4611,4496
10246,-3752,-7052
10247,2392,-1231
10248,3973,7004
10249,-1437,-5898
10250,6140,-1584
10251,1046,10085
10252,-1712,-19134
10253,17121,-29647
10254,8335,-1178
10255,-9700,-4346
10256,-498,-7490
10257,-3228,9359
10258,-4787,-762
10259,5251,-332
10260,-8647,7730
10261,-3032,-11101
10262,15347,-1126
10263,-15724,12154
10264,-25004,-10085
10265,5847,-293
10266,-2365,11033
10267,-3739,-12750
10268,13690,-1529
10269,-6644,12510
10270,-2381,-6271
10271,19659,8685
10272,-10561,22133
10273,-13836,-11999
10274,22294,-14059
10275,10302,23035
10276,-8094,23526
10277,137,2375
10278,-5721,-525
10279,-3208,-2252
10280,9144,-2095
10281,947,8587
10282,5216,10875
10283,20342,12883
10284,3237,13769
10285,-7263,-4808
10286,18044,1386
10287,17060,32630
10288,-13324,16581
10289,-9767,-10279
10290,8948,4789
10291,4896,7830
10292,-255,-2809
10293,-1165,2731
10294,-3282,-2823
10295,-3892,-6268
10296,-7797,2644
10297,-1010,-3343
10298,1587,302
10299,-17624,12285
10300,-8517,-1348
10301,12478,-5827
10302,-9391,4675
10303,-15313,-3505
10304,5044,-3958
10305,-5274,2985
10306,-4674,-6857
10307,11184,-2705
10308,-3284,7081
10309,-999,-2184
10310,16403,1546
10311,-557,7965
10312,-8225,-2263
10313,2786,1559
10314,-4957,4597
10315,-4439,-4260
10316,4952,2982
10317,-2074,3218
10318,-3039,-4776
10319,1338,5113
10320,-433,2562
10321,4538,-911
10322,549,18558
10323,-10653,11919
10324,-823,-8624
10325,6940,3388
10326,-3104,12384
10327,-2298,569
10328,3364,-5898
10329,-2190,-7591
10330,-2070,-11372
10331,5063,-10377
10332,4647,5551
10333,-2924,19174
10334,-7041,4697
10335,132,-7824
10336,3802,3179
10337,-5449,6157
10338,-5347,842
10339,2551,2476
10340,739,2683
10341,1453,4430
10342,1661,1331
10343,-3676,-9352
10344,7666,1387
10345,16554,17921
10346,-308,2749
10347,-6872,-10061
10348,3586,2016
10349,1381,1941
10350,390,-4693
10351,12136,1997
10352,11059,-3243
10353,-1517,-7827
10354,-1836,7536
10355,3555,1662
10356,3638,-18035
10357,5271,-6872
10358,3447,6184
10359,-229,1196
10360,3167,3042
10361,-1673,2832
10362,-5966,-1885
10363,3184,2928
10364,-2286,1127
10365,-6503,-2559
10366,7065,7104
10367,-4025,5875
10368,-17253,-3150
10369,-1107,4950
10370,4537,9948
10371,2077,4256
10372,1262,6265
10373,-7725,4804
10374,-1257,-1947
10375,3340,1053
10376,-1732,4535
10377,8184,4678
10378,-4745,6506
10379,-22992,3613
10380,73,-1435
10381,7404,-1423
10382,-4050,2064
10383,5404,121
10384,3097,-6071
10385,-4284,-1000
10386,1720,3896
10387,-695,528
10388,-2466,7526
10389,2440,4064
10390,11045,-9844
10391,14696,3161
10392,-4651,5923
10393,-12053,-11630
10394,903,-315
10395,-3303,5614
10396,-2076,-6049
10397,5935,5762
10398,-3273,5379
10399,674,-7606
10400,6931,5469
10401,-4410,-170
10402,2244,-22798
10403,10532,-6894
10404,-3048,11376
10405,-2405,813
10406,6871,1501
10407,254,8626
10408,334,-2828
10409,7213,-3755
10410,3167,9558
10411,-141,8417
10412,-2681,4904
10413,2749,3504
10414,26242,2346
10415,16877,15588
10416,-19701,7925
10417,-7321,-16524
10418,12219,-566
10419,-7481,11785
10420,-5052,-6055
10421,9146,1264
10422,-2408,9697
10423,-3787,-2297
10424,8683,-1039
10425,15578,3996
10426,7267,6245
10427,-9523,1623
10428,2244,-10229
10429,11788,584
10430,-7436,5706
10431,-784,-6058
10432,6224,6165
10433,-10629,5746
10434,3250,-5839
10435,8130,12407
10436,-12321,1283
10437,3978,-22471
10438,9665,4350
10439,-12841,10927
10440,-234,-7946
10441,7998,10621
10442,-8117,11157
10443,6149,-14290
10444,19386,1566
10445,-4117,16073
10446,-11242,-6899
10447,15109,-4463
10448,19250,18374
10449,-2487,3010
10450,976,-12695
10451,6627,5424
10452,-9726,1361
10453,1351,-12994
10454,11144,8061
10455,-8992,7029
10456,7871,-10453
10457,17294,17244
10458,-21219,19048
10459,-11965,-14041
10460,3560,778
10461,-25307,2259
10462,224,-18390
10463,21516,15548
10464,-18848,15849
10465,-2198,-24559
10466,22995,4278
10467,-7789,20499
10468,6159,-11962
10469,22733,1889
10470,-4023,16049
10471,3190,3935
10472,3945,9485
10473,-11103,-1322
10474,8860,-7563
10475,3466,9028
10476,-8992,-178
10477,10453,-1802
10478,992,8679
10479,-2171,-2713
10480,11939,3295
10481,-7471,6748
10482,2290,-7953
10483,22319,3309
10484,-4793,2977
10485,-4236,-6822
10486,6201,9234
10487,-8766,2452
10488,4824,-2293
10489,3216,13367
10490,-9390,-4551
10491,15960,-3767
10492,2623,13235
10493,-20298,-11800
10494,2604,-326
10495,-13028,21487
10496,-22698,-18817
10497,16617,-17420
10498,5429,13590
10499,-12670,-4130
10500,7900,33
10501,-2545,8588
10502,-3106,-12179
10503,16225,4510
10504,-2653,13933
10505,-12707,-6184
10506,-7765,4755
10507,-11508,3673
10508,6632,-9413
10509,8412,6078
10510,-6796,52
10511,6271,-8039
10512,1927,7706
10513,-7054,-2210
10514,8613,-5045
10515,-4137,8764
10516,-4003,-4788
10517,24138,-1762
10518,2185,10476
10519,-12762,-9403
10520,12519,-5976
10521,1667,9272
10522,-5494,-7757
10523,13365,-2919
10524,-4645,14752
10525,-14743,-4903
10526,11412,-10348
10527,6703,12507
10528,-16419,2691
10529,-8531,-18323
10530,6124,-3948
10531,1516,5252
10532,-2679,-8682
10533,2095,-3201
10534,-2906,5236
10535,-4935,-6519
10536,7974,1004
10537,472,10335
10538,-10610,-11427
10539,10629,-5759
10540,11833,22930
10541,-8384,6875
10542,3223,-5870
10543,3584,11950
10544,-9629,-3885
10545,12479,-12241
10546,8280,18289
10547,-19197,3891
10548,4671,-18918
10549,11444,10779
10550,-15539,9237
10551,-2210,-13650
10552,-1489,73
10553,-11742,-4621
10554,21104,-4838
10555,12232,19288
10556,-18006,-3055
10557,10119,-13433
10558,7024,14838
10559,-19074,-3176
10560,7457,-13482
10561,13670,8901
10562,-5662,1606
10563,-7902,7386
10564,-14223,11294
10565,2528,-12034
10566,10420,6201
10567,-18518,9719
10568,-479,-17845
10569,16551,10652
10570,-16194,15431
10571,-2083,-18349
10572,18070,5656
10573,-9534,14348
10574,-11411,-11346
10575,-6440,-3241
10576,-9910,-4917
10577,7196,-6323
10578,3,9296
10579,-9823,-5943
10580,9055,-5774
10581,4253,11837
10582,-3214,-5230
10583,11328,-3447
10584,5745,14621
10585,-9281,-3406
10586,-6084,-18793
10587,7602,-8642
10588,8624,6076
10589,-7778,3009
10590,39,-12412
10591,14913,4803
10592,-8940,14390
10593,-12024,-17549
10594,15672,-4770
10595,1767,22453
10596,-12267,-8436
10597,12627,-6191
10598,10648,24762
10599,-7100,-1044
10600,6014,-10132
10601,4782,15272
10602,-13320,-1160
10603,3482,-11852
10604,17760,11799
10605,-4181,7582
10606,-6094,-10416
10607,11945,-1860
10608,-4827,11353
10609,-23124,8185
10610,-3018,-890
10611,8330,-2839
10612,-1711,-2115
10613,2486,-847
10614,2136,1912
10615,-7358,-3021
10616,4123,1054
10617,3903,14716
10618,-13009,-1183
10619,4785,-14856
10620,18853,6520
10621,1663,3237
10622,11261,-10625
10623,15455,15636
10624,-17714,14533
10625,-8977,-18556
10626,20744,-4395
10627,222,13842
10628,-12455,-3683
10629,5518,-3013
10630,3494,5133
10631,-5763,-1466
10632,-10542,3283
10633,-12650,1152
10634,6708,-7228
10635,13738,7430
10636,-7496,10083
10637,-4185,-10287
10638,19063,-6610
10639,12572,16889
10640,-14864,14087
10641,-17478,-14338
10642,7030,-15335
10643,11328,5426
10644,1679,-7548
10645,11832,-11787
10646,4000,16035
10647,-12593,2406
10648,7878,-15095
10649,9961,6688
10650,-7051,-3283
10651,12498,-13867
10652,11538,6260
10653,-9173,-6924
10654,11477,-5384
10655,15428,25483
10656,-5268,7107
10657,1772,-7130
10658,918,8232
10659,-4015,-1998
10660,4275,-206
10661,-5793,6274
10662,-1478,-8324
10663,10586,5088
10664,-9299,8175
10665,-6753,-15615
10666,10648,-6637
10667,2617,-1363
10668,5402,-6790
10669,1554,7923
10670,-7893,1994
10671,8443,-2796
10672,-2047,6956
10673,-15938,-9160
10674,9066,-6770
10675,4888,12553
10676,-11163,-1148
10677,3080,-13049
10678,4215,-11965
10679,-41,-4005
10680,2010,9989
10681,622,-862
10682,6037,-2804
10683,-1740,8628
10684,-4405,-9587
10685,10115,-5043
10686,-2768,14393
10687,-9302,-4820
10688,8284,-4581
10689,4190,12352
10690,1221,4732
10691,941,5335
10692,-8198,-281
10693,6015,-10079
10694,6560,5517
10695,-11598,1860
10696,3704,-8433
10697,9191,11154
10698,-9034,6836
10699,546,-12714
10700,8484,5275
10701,-7129,16618
10702,-6096,-4210
10703,5789,-5448
10704,-582,6858
10705,-5025,-7142
10706,5195,-9834
10707,661,7894
10708,-5389,-4782
10709,9020,-8430
10710,2132,17933
10711,-14067,2187
10712,904,-20321
10713,1365,-285
10714,-10552,-2786
10715,9899,-14145
10716,16471,10169
10717,-9057,16627
10718,-15789,-4584
10719,2461,-11448
10720,16396,1665
10721,3698,16580
10722,-16554,4210
10723,-5443,-14560
10724,8452,516
10725,-7787,9660
10726,-15661,-10949
10727,4607,-17172
10728,16974,1104
10729,691,15089
10730,-13990,4974
10731,-73,-10573
10732,7298,100
10733,-10775,7402
10734,-7640,-8249
10735,13624,-4754
10736,7205,8440
10737,-5365,591
10738,527,-3067
10739,1318,915
10740,-2576,-938
10741,-425,323
10742,-174,-1591
10743,1349,-2709
10744,2178,2331
10745,-712,-4271
10746,3685,-4236
10747,6185,10477
10748,39,4640
10749,281,-4376
10750,1739,4250
10751,-1614,1558
10752,-1313,-1892
10753,-2108,4625
10754,-1261,-1753
10755,3199,-2068
10756,-741,6068
10757,38,-1912
10758,6365,2778
10759,-5404,14724
10760,-9662,-4527
10761,7829,-11468
10762,4632,8350
10763,-6450,1292
10764,7134,-8160
10765,8981,7141
10766,-5095,3196
10767,-1503,-5913
10768,799,5360
10769,-1172,-853
10770,12011,-8145
10771,8490,10598
10772,-12128,7848
10773,-3651,-10454
10774,11662,2199
10775,-3360,11677
10776,-8347,-5732
10777,15647,-6129
10778,11951,13819
10779,-19681,10086
10780,-11658,-12138
10781,12922,-12802
10782,-1504,-5742
10783,-6375,-9855
10784,10973,4329
10785,-3085,15717
10786,-9966,-5698
10787,11974,-6103
10788,2242,12343
10789,-11573,-1289
10790,7936,-9154
10791,8629,3026
10792,-6120,2322
10793,-5260,5743
10794,-7005,4484
10795,19,-7799
10796,9825,4437
10797,-5304,6783
10798,-3291,-12498
10799,15588,2440
10800,-618,11643
10801,-9728,-14224
10802,10918,-7269
10803,4867,12743
10804,-9191,458
10805,-805,1733
10806,-2939,8921
10807,-2091,-8209
10808,11403,-1851
10809,-1112,14976
10810,-9557,-6279
10811,12944,-11717
10812,8472,12734
10813,-15557,1803
10814,-2952,-14069
10815,11053,3072
10816,3055,-55
10817,10945,-9924
10818,10209,11272
10819,-14821,7646
10820,-6041,-15198
10821,15355,3161
10822,-4420,15479
10823,-10991,-6152
10824,10100,-2403
10825,323,12888
10826,-8001,973
10827,10777,-6446
10828,5759,-6036
10829,-2733,-12815
10830,11438,-213
10831,1200,16327
10832,-16744,564
10833,1923,-9992
10834,17889,12004
10835,1520,20439
10836,-12538,-1092
10837,512,-11636
10838,14952,-2300
10839,3401,-2086
10840,-4123,-10927
10841,11894,-4574
10842,10501,11302
10843,-9914,9819
10844,-8861,-6013
10845,6042,-13022
10846,12722,-7699
10847,11869,5582
10848,-455,17149
10849,-14464,6331
10850,-9432,-8945
10851,921,3699
10852,-4486,16282
10853,-12419,1610
10854,-5345,-13294
10855,10226,-5608
10856,9534,13256
10857,-10902,9999
10858,-9581,-10848
10859,12783,-3267
10860,5844,10105
10861,-9460,-361
10862,-2864,6300
10863,-4679,8953
10864,-3801,-14549
10865,7887,-3585
10866,-1193,13849
10867,-5190,-4253
10868,4166,75
10869,-3668,9676
10870,-1651,-8277
10871,9650,-1223
10872,-1376,10755
10873,-7904,-4812
10874,-4415,-2710
10875,-9862,4575
10876,-4749,-10092
10877,10727,-6769
10878,8814,14657
10879,-8754,12063
10880,-10181,-5573
10881,6497,-3859
10882,3947,6851
10883,-6323,1563
10884,2584,-5200
10885,3053,-5393
10886,1152,-9353
10887,12458,-1000
10888,1064,13100
10889,-15070,1260
10890,1256,-15249
10891,14066,-3331
10892,1452,14807
10893,-10383,5724
10894,-2708,-12584
10895,10636,-3239
10896,4398,11082
10897,-715,1919
10898,10032,1680
10899,1094,12025
10900,-12175,-603
10901,4755,-13186
10902,15511,106
10903,1035,14527
10904,-10680,6378
10905,-8092,-12458
10906,6399,-8956
10907,15817,8882
10908,9987,1858
10909,7790,-8308
10910,4787,7454
10911,-9598,9508
10912,-7526,-11137
10913,10550,-7558
10914,6555,13088
10915,-11730,6242
10916,-5957,-13617
10917,14741,-6563
10918,11120,9927
10919,-7571,3602
10920,-3054,-3044
10921,8695,9832
10922,-2940,13208
10923,-12944,-2586
10924,-525,-9738
10925,12782,-231
10926,9527,11996
10927,-8023,13608
10928,-17475,-1308
10929,-1738,-13884
10930,11070,-5605
10931,-1121,2230
10932,-9668,-7828
10933,4280,-10774
10934,15177,6204
10935,2329,15488
10936,-13540,4894
10937,-10007,-6463
10938,1696,-10795
10939,11337,-6897
10940,13302,8156
10941,-1135,13088
10942,-8848,3181
10943,-573,5566
10944,-4203,6547
10945,-6122,-8433
10946,6162,-3195
10947,-2069,13451
10948,-18427,3283
10949,-9911,-9555
10950,2591,-7965
10951,7793,-7414
10952,12097,2075
10953,6187,12748
10954,-1208,375
10955,2393,-13985
10956,10050,-8170
10957,14644,3942
10958,7343,10106
10959,-7014,8835
10960,-10127,-228
10961,-3930,-11533
10962,5688,-10530
10963,11403,6628
10964,-956,12726
10965,-9115,360
10966,2624,4642
10967,283,16241
10968,-10631,-788
10969,1632,-12983
10970,8205,3751
10971,-6679,6335
10972,-6920,-7778
10973,8236,-5415
10974,11333,5462
10975,2631,12800
10976,-3763,12592
10977,1202,-1922
10978,12876,-8370
10979,14404,4738
10980,4854,12801
10981,-2389,11266
10982,-6270,6182
10983,-7477,-5214
10984,-357,-9921
10985,8894,-6625
10986,12869,-4527
10987,11076,5739
10988,1711,10874
10989,-633,-2960
10990,8520,-2531
10991,789,11364
10992,-12960,786
10993,833,-11515
10994,15218,2675
10995,4766,13558
10996,-9012,5866
10997,-10793,-5330
10998,2287,-10693
10999,12260,-4677
11000,-2595,2456
11001,-13864,-2545
11002,-1561,-9823
11003,8155,-9919
11004,9406,-3409
11005,9381,5720
11006,2646,10088
11007,-6337,10304
11008,-11326,3495
11009,-6507,-8996
11010,5864,-4981
11011,6528,7187
11012,2458,624
11013,8694,-2577
11014,3959,8890
11015,-10868,3049
11016,-6182,-11270
11017,8897,-5059
11018,11825,6286
11019,3188,8271
11020,-9269,6604
11021,-10392,-3152
11022,1045,-11657
11023,3222,-367
11024,-3906,10167
11025,-6181,-1343
11026,-4820,-11813
11027,1873,-8609
11028,10212,-4675
11029,7943,2202
11030,2441,10163
11031,-1487,9701
11032,-9362,5768
11033,-8388,-2822
11034,1896,-10420
11035,853,-107
11036,-7442,9728
11037,-7472,-1614
11038,1691,-11437
11039,12043,-1296
11040,6288,11402
11041,-8374,4004
11042,-9,-9320
11043,15107,-266
11044,2807,8226
11045,-9476,-3857
11046,-53,-952
11047,-277,12523
11048,-9547,-149
11049,266,-12624
11050,10387,-35
11051,764,10743
11052,-8663,7594
11053,-9099,-1666
11054,-3683,-11106
11055,8920,-6700
11056,9521,9666
11057,-4907,11784
11058,-2025,-1938
11059,10992,-1109
11060,1004,11524
11061,-10448,3931
11062,2563,-7308
11063,8897,4239
11064,-5696,7335
11065,-5734,-7501
11066,9425,-3782
11067,4022,9683
11068,-8951,5360
11069,-144,1777
11070,5950,9220
11071,-5367,4457
11072,-3100,-8884
11073,9928,-3747
11074,3460,8741
11075,-8703,2421
11076,-3410,-8252
11077,7766,-6405
11078,12032,-744
11079,7953,7605
11080,-938,11408
11081,-994,-558
11082,7556,-7998
11083,9573,1730
11084,4546,10514
11085,-3670,8266
11086,-10087,-975
11087,-4275,-7310
11088,4637,-7317
11089,6766,-5733
11090,8152,4525
11091,3563,11824
11092,-1073,-2457
11093,6707,-6532
11094,4297,8247
11095,-9078,1580
11096,-1333,-10810
11097,11536,1336
11098,2306,11380
11099,-9489,6041
11100,-7301,-2974
11101,2491,-9417
11102,9681,-1024
11103,5288,9089
11104,-210,-1814
11105,5841,-9576
11106,8208,2979
11107,-2377,9690
11108,-10291,3698
11109,-7958,-2065
11110,1081,-7678
11111,9815,-2701
11112,3891,12026
11113,-7351,5536
11114,-1810,-9498
11115,1553,3
11116,-7929,3769
11117,-1380,-8555
11118,8037,2013
11119,-4241,13944
11120,-6599,-630
11121,8207,-5706
11122,8034,4697
11123,-4409,4776
11124,-8965,-2790
11125,-327,-9082
11126,8464,-5436
11127,573,4271
11128,-7992,880
11129,-1723,-7274
11130,6665,-5380
11131,10692,3044
11132,3440,10504
11133,-8927,3102
11134,-2238,-6754
11135,6680,2215
11136,-660,6269
11137,-3899,-1593
11138,-3005,-617
11139,-2077,-417
11140,4997,-304
11141,2126,5836
11142,-3786,-328
11143,5162,-5065
11144,6047,7382
11145,-7209,9277
11146,-8639,-4010
11147,1969,-8248
11148,6304,-2012
11149,3275,3250
11150,3002,5846
11151,26,5732
11152,-5944,-706
11153,1937,-1988
11154,4943,6546
11155,-9567,174
11156,-3497,-10195
11157,10905,2242
11158,-1159,7877
11159,-6279,-871
11160,3219,-1026
11161,2499,-6243
11162,3371,-5067
11163,687,9096
11164,-5716,25
11165,3251,-6474
11166,3207,7977
11167,-5543,145
11168,2951,-6451
11169,3842,7047
11170,-4717,-172
11171,-1080,-6812
11172,3100,4988
11173,8007,3874
11174,6594,131
11175,-7226,738
11176,-3844,-3217
11177,4653,1677
11178,-2795,3763
11179,-492,-3104
11180,4378,212
11181,-2843,2707
11182,-3661,-3024
11183,-1064,-354
11184,-2293,8459
11185,-3091,6060
11186,-2447,-6057
11187,2366,-3604
11188,913,6907
11189,-3995,-1579
11190,2145,-6080
11191,2665,5510
11192,-3252,2936
11193,1896,-2995
11194,2947,3592
11195,-5625,3501
11196,-7015,-861
11197,-151,-59
11198,4683,605
11199,616,1157
11200,-2179,828
11201,2272,1306
11202,266,1798
11203,-2046,-1625
11204,2776,1010
11205,1022,5386
11206,-701,-3170
11207,3925,-8797
11208,1304,-252
11209,-2992,4945
11210,-822,257
11211,-439,-3207
11212,-1266,570
11213,142,4302
11214,1128,1018
11215,1512,-1097
11216,264,1011
11217,-1182,239
11218,921,2196
11219,1411,6946
11220,-1502,2855
11221,1235,-2113
11222,5273,-644
11223,810,-1484
11224,-2731,29
11225,-1086,3875
11226,-750,118
11227,1891,489
11228,3058,4662
11229,-987,-2744
11230,1676,-6366
11231,5376,122
11232,711,186
11233,-108,1091
11234,2118,4542
11235,-34,153
11236,-1046,438
11237,-1398,4294
11238,271,-226
11239,3168,-547
11240,-871,1703
11241,-465,-3025
11242,6235,-1266
11243,1207,3072
11244,-3361,147
11245,2503,1363
11246,1275,1486
11247,-2015,-2385
11248,1133,2916
11249,853,3851
11250,509,-2328
11251,684,2426
11252,-2051,2115
11253,1449,-5537
11254,4660,738
11255,38,2926
11256,-1547,-4434
11257,-925,-270
11258,-957,2309
11259,1492,-1714
11260,805,958
11261,-514,596
11262,-181,-476
11263,-2316,3783
11264,2101,-150
11265,8776,-3429
11266,3178,2654
11267,-2862,1366
11268,-599,-3481
11269,744,425
11270,-487,3331
11271,-1148,1825
11272,865,2036
11273,2388,129
11274,-146,-2905
11275,972,1344
11276,3570,5585
11277,-471,811
11278,-2024,-1410
11279,1082,2463
11280,1140,1136
11281,-19,-1319
11282,-775,523
11283,291,1088
11284,1922,862
11285,-145,-591
11286,515,-2420
11287,1339,2242
11288,-4833,5219
11289,-3463,310
11290,3855,-86
11291,-70,1690
11292,-2653,-1818
11293,1304,449
11294,-983,3620
11295,345,-1967
11296,3158,-715
11297,-3267,3197
11298,710,-2275
11299,7777,1066
11300,-1556,4784
11301,-793,-4071
11302,4994,-942
11303,-2620,270
11304,9343,-6638
11305,16113,12931
11306,-13863,14018
11307,-7796,-19800
11308,24304,-4903
11309,-1001,21707
11310,-21979,-4972
11311,2450,-4435
11312,-7570,18054
11313,-19726,-11416
11314,18482,-16410
11315,16656,24416
11316,-23145,7681
11317,-1553,-25942
11318,23350,5615
11319,-10718,22670
11320,-14459,-11332
11321,15660,-13328
11322,367,2780
11323,-9757,-16708
11324,18550,-11919
11325,4671,22380
11326,-26429,2734
11327,4083,-23432
11328,25166,11097
11329,-12911,18034
11330,-16038,-20224
11331,21280,-6689
11332,6889,20454
11333,-20156,-1333
11334,1369,331
11335,3230,23382
11336,-16325,-5806
11337,10060,-23534
11338,17366,15086
11339,-22929,14563
11340,-7366,-23004
11341,29296,-3798
11342,-3803,24345
11343,-20571,-4844
11344,13022,-18087
11345,1784,3134
11346,-18467,-8440
11347,14821,-12564
11348,16758,22306
11349,-22673,11235
11350,-5669,-23646
11351,25810,5966
11352,-6988,25046
11353,-23511,-16838
11354,13212,-17481
11355,8627,20855
11356,-19581,11118
11357,1459,-2830
11358,6194,15942
11359,-19871,2956
11360,5393,-19448
11361,24645,10170
11362,-17102,23005
11363,-15908,-14627
11364,25904,-10266
11365,6337,24325
11366,-21033,2424
11367,335,-20078
11368,-1389,3200
11369,-18941,-2891
11370,7167,-18048
11371,17108,15946
11372,-17666,17076
11373,-9841,-25763
11374,26005,-7698
11375,-237,27019
11376,-27170,-3078
11377,11606,-18324
11378,21044,13642
11379,-14229,14092
11380,-140,214
11381,14297,17060
11382,-20832,8295
11383,-9411,-22186
11384,28665,2551
11385,-2381,28006
11386,-21696,-12157
11387,15916,-22243
11388,8866,19553
11389,-19409,8434
11390,542,-18295
11391,1355,3246
11392,-17979,3486
11393,4583,-4715
11394,5712,20614
11395,-25221,2322
11396,-274,-27039
11397,24309,13011
11398,-14475,21175
11399,-15431,-24496
11400,27445,-8271
11401,8531,21811
11402,-22213,-2344
11403,2431,677
11404,2181,24545
11405,-19227,-3285
11406,13642,-19322
11407,22112,16960
11408,-25459,16116
11409,-10342,-22902
11410,28883,-6860
11411,-7276,25364
11412,-23314,-2835
11413,12030,-21514
11414,-2833,365
11415,-22148,-11893
11416,13803,-19355
11417,13913,21351
11418,-23523,13015
11419,-2465,-26784
11420,28371,6565
11421,-8056,30322
11422,-25671,-15744
11423,17366,-18108
11424,13691,19585
11425,-24520,7567
11426,-1349,-1972
11427,11174,18391
11428,-22595,-2896
11429,2308,-28414
11430,31889,6944
11431,-15667,23228
11432,-19393,-16301
11433,29930,-11893
11434,8089,28103
11435,-20465,5237
11436,6652,-24729
11437,-4214,2001
11438,-26278,1185
11439,15332,-19855
11440,27686,14533
11441,-20171,21053
11442,-13575,-25632
11443,30316,-8251
11444,6110,27432
11445,-27598,-9842
11446,6791,-23825
11447,20797,15868
11448,-12740,13846
11449,62,-2558
11450,15259,16056
11451,-23190,5657
11452,-10351,-25310
11453,31262,1141
11454,-9312,29056
11455,-30089,-8870
11456,20644,-22341
11457,12977,17919
11458,-24485,9345
11459,-4172,-19644
11460,-1574,5049
11461,-24116,4497
11462,5204,-24925
11463,28111,7991
11464,-9197,27084
11465,-17648,-22475
11466,22303,-17401
11467,10034,33647
11468,-29637,10501
11469,-121,-23517
11470,25697,9536
11471,-8445,21389
11472,-2687,-6421
11473,19649,8595
11474,-19704,23490
11475,-18404,-15221
11476,33625,-15706
11477,7181,26028
11478,-29698,378
11479,14236,-32550
11480,25191,11640
11481,-20084,23354
11482,-15084,-14846
11483,3529,5159
11484,-19331,16071
11485,-7530,-30099
11486,25791,-9894
11487,-9167,34698
11488,-34066,-10372
11489,22107,-28416
11490,32916,27192
11491,-23310,14277
11492,-10159,-33780
11493,28207,-2335
11494,-2810,26148
11495,-6574,-1828
11496,27301,3673
11497,-5764,24167
11498,-24224,-11235
11499,29886,-21868
11500,18910,25085
11501,-36409,14476
11502,-4081,-28463
11503,27699,4061
11504,-14817,28762
11505,-22293,-6331
11506,3888,1957
11507,-14102,18504
11508,-13673,-22336
11509,25604,-12791
11510,10505,37048
11511,-24559,2381
11512,8612,-34188
11513,30791,12882
11514,-13039,23638
11515,-17988,-23182
11516,18572,-9066
11517,4515,29102
11518,-3861,5478
11519,27174,-4212
11520,2049,22900
11521,-31326,-5302
11522,14586,-30981
11523,26258,18444
11524,-28242,23696
11525,-13676,-24797
11526,34268,-2228
11527,8093,27138
11528,-15272,-4127
11529,6321,2058
11530,-9181,24127
11531,-25617,-15105
11532,18073,-21775
11533,25305,31354
11534,-21776,19108
11535,-5459,-35081
11536,30906,-8655
11537,-8976,32021
11538,-28336,-5148
11539,15103,-17991
11540,14667,23598
11541,-2421,5876
11542,27395,-20856
11543,16091,15812
11544,-30912,6384
11545,-2767,-29916
11546,31254,16021
11547,-11473,34539
11548,-18523,-23221
11549,30979,-15667
11550,13917,27063
11551,-28183,2895
11552,-6180,-3736
11553,1491,29907
11554,-20346,2329
11555,10202,-32008
11556,29283,11005
11557,-15342,22407
11558,-13625,-30737
11559,31393,-13456
11560,6981,35075
11561,-25788,-2416
11562,12352,-25481
11563,26289,12527
11564,-4135,-4587
11565,8431,-27790
11566,12357,18708
11567,-30137,19153
11568,-9918,-28413
11569,37368,-2798
11570,-5506,29160
11571,-32800,-13092
11572,22623,-28098
11573,21535,12772
11574,-23648,16326
11575,-112,3517
11576,12707,24987
11577,-22134,10216
11578,1881,-32448
11579,35957,-2221
11580,-10521,29506
11581,-32250,-17855
11582,15403,-20323
11583,13223,34512
11584,-25281,10828
11585,454,-28960
11586,27468,1233
11587,-623,1726
11588,1572,-23427
11589,20175,12731
11590,-17771,28256
11591,-21383,-17695
11592,33030,-13060
11593,10864,26515
11594,-37395,1650
11595,6107,-22212
11596,30834,17808
11597,-10395,26978
11598,-1772,-3251
11599,16663,13547
11600,-18425,17099
11601,-9072,-27389
11602,30543,-6799
11603,-4285,36466
11604,-32944,-5817
11605,17194,-23953
11606,29110,26396
11607,-21357,15079
11608,-14320,-23267
11609,21480,2846
11610,-561,7529
11611,-3025,-26413
11612,30496,-1807
11613,-2333,25218
11614,-32645,-18386
11615,16055,-22725
11616,16920,35878
11617,-29905,22482
11618,1258,-27188
11619,31132,3244
11620,-5461,27688
11621,-1532,-5935
11622,20379,4243
11623,-17206,24117
11624,-23181,-15518
11625,24088,-13068
11626,10533,32200
11627,-27753,832
11628,8022,-35763
11629,31565,10720
11630,-18408,28897
11631,-25211,-12014
11632,16449,-10796
11633,601,3667
11634,-9857,-19404
11635,31057,-8082
11636,10535,23627
11637,-31968,-7181
11638,9554,-27420
11639,28563,19791
11640,-16272,22385
11641,-3873,-23472
11642,29148,-4773
11643,1372,23282
11644,-5120,-4054
11645,24820,4732
11646,4482,31492
11647,-20078,-7977
11648,17672,-21343
11649,29778,24728
11650,-13944,9096
11651,-6859,-34980
11652,25685,-2440
11653,-9584,30264
11654,-23733,-3063
11655,22633,-21060
11656,6868,-4030
11657,-28810,-12455
11658,9593,-14091
11659,12427,18837
11660,-32461,9709
11661,-2008,-23176
11662,31551,4701
11663,-11948,18566
11664,-23508,-24111
11665,12065,-13673
11666,8410,23053
11667,3564,-1056
11668,26563,-5021
11669,7196,24266
11670,-26261,-6735
11671,1440,-33472
11672,17506,11566
11673,-22949,22821
11674,-15750,-20609
11675,27220,-9240
11676,1001,28357
11677,-24671,711
11678,8149,-24026
11679,243,4397
11680,-26697,311
11681,10731,-16667
11682,21334,22708
11683,-23366,22557
11684,-7290,-33604
11685,30353,-13355
11686,-5067,29203
11687,-27194,-7092
11688,10089,-16506
11689,14046,21371
11690,-3793,275
11691,18062,-17570
11692,15680,21518
11693,-22773,9534
11694,-5943,-31384
11695,27614,4506
11696,-775,32620
11697,-14645,-13514
11698,18988,-19336
11699,12393,24606
11700,-15090,7245
11701,-303,-25380
11702,2661,2326
11703,-16198,8298
11704,7697,-17118
11705,26246,10680
11706,-12201,24957
11707,-19178,-20477
11708,18867,-12705
11709,1278,24892
11710,-30045,-6786
11711,5306,-20546
11712,21337,16139
11713,-7920,-1567
11714,5687,-26020
11715,16714,12855
11716,-20073,17102
11717,-11170,-22864
11718,25056,-4121
11719,-2664,27431
11720,-24672,-5318
11721,10127,-22363
11722,14681,13104
11723,-14797,10737
11724,-9070,-17273
11725,-1087,2111
11726,-17838,7740
11727,-1962,-23342
11728,21496,-2497
11729,-9858,24855
11730,-23655,-11608
11731,16439,-13746
11732,10907,29171
11733,-25870,11472
11734,-2293,-18805
11735,20190,-660
11736,-4316,-5156
11737,2163,-20941
11738,21347,12625
11739,-6008,24925
11740,-11341,-16035
11741,22075,-13696
11742,8588,24045
11743,-20002,2603
11744,6989,-25347
11745,20205,9040
11746,-14808,17948
11747,-16478,-15902
11748,3322,-613
11749,-13156,15832
11750,-8135,-19004
11751,23847,-10731
11752,930,23919
11753,-24254,-7170
11754,13528,-24804
11755,21343,15335
11756,-18523,12063
11757,-10055,-20704
11758,14148,-6720
11759,-3910,4461
11760,386,-11408
11761,24665,3037
11762,-1603,18533
11763,-21588,-12798
11764,13470,-21284
11765,15482,16926
11766,-22319,10715
11767,-7269,-22863
11768,24660,1632
11769,1620,22052
11770,-17199,-6527
11771,-3441,-2094
11772,-12405,13574
11773,-16098,-17967
11774,16523,-15126
11775,13011,25188
11776,-19004,4467
11777,1253,-24321
11778,20067,5869
11779,-13148,14620
11780,-14157,-11719
11781,15566,-4013
11782,1296,5134
11783,-6528,-15231
11784,18314,-5697
11785,2284,19776
11786,-21180,-3416
11787,7920,-20822
11788,14549,14697
11789,-19037,18182
11790,-6020,-18692
11791,23224,-3965
11792,-954,20506
11793,-16080,-6367
11794,5282,-5077
11795,-4681,22134
11796,-15717,-4382
11797,18999,-18836
11798,18930,16380
11799,-20557,7129
11800,-2156,-23705
11801,26127,2038
11802,-8919,17410
11803,-20423,-12960
11804,12549,-13224
11805,2513,4483
11806,-12750,-12235
11807,15326,-11017
11808,9035,18124
11809,-22654,492
11810,1251,-25055
11811,21470,8813
11812,-11030,22924
11813,-11477,-13130
11814,20012,-8938
11815,2098,17087
11816,-21960,2487
11817,-850,844
11818,2067,18546
11819,-11387,-6041
11820,14113,-22488
11821,16684,12102
11822,-23618,14775
11823,-9316,-16939
11824,25200,1909
11825,-4328,26770
11826,-15838,-3570
11827,17445,-15957
11828,2836,4918
11829,-17633,-8267
11830,14242,-14630
11831,12508,18145
11832,-23085,9960
11833,-1090,-22525
11834,27898,1711
11835,-3273,20735
11836,-15986,-12780
11837,15576,-14668
11838,7313,15321
11839,-18355,6822
11840,3747,-17
11841,8722,19710
11842,-20661,2709
11843,-300,-21657
11844,23994,7873
11845,-10993,20961
11846,-13452,-14383
11847,23218,-10548
11848,4003,19466
11849,-19654,-959
11850,5035,-18310
11851,1385,4192
11852,-18185,-2952
11853,9941,-16853
11854,19073,14511
11855,-17537,13321
11856,-10680,-27010
11857,21511,-6911
11858,-1635,25358
11859,-21913,-8077
11860,10184,-20473
11861,13425,16250
11862,-15410,14101
11863,-1235,-2344
11864,9778,15858
11865,-17653,5213
11866,-4571,-23734
11867,24232,5252
11868,-6067,26612
11869,-17317,-13754
11870,22299,-16717
11871,13212,21920
11872,-20173,4167
11873,-2208,-20610
11874,3417,4483
11875,-19199,1524
11876,2787,-19559
11877,20673,9130
11878,-16594,18122
11879,-18453,-19735
11880,21602,-9842
11881,5663,26225
11882,-21236,4799
11883,11809,-18836
11884,20604,6905
11885,-13814,17593
11886,-1357,3269
11887,16374,14346
11888,-15234,12973
11889,-8957,-20245
11890,28134,-7656
11891,1246,25591
11892,-24508,-5140
11893,12038,-24716
11894,18140,16926
11895,-14682,15771
11896,-7376,-18343
11897,2532,580
11898,-17925,8831
11899,-3049,-18727
11900,24518,1580
11901,-4926,23877
11902,-21354,-13305
11903,19472,-17717
11904,17975,22582
11905,-22001,7480
11906,-2843,-24708
11907,20778,2260
11908,-6159,21333
11909,-1190,1820
11910,20829,9601
11911,-9833,15962
11912,-15975,-18823
11913,21931,-13803
11914,3303,25413
11915,-28437,2044
11916,7094,-24049
11917,23634,12581
11918,-14253,16144
11919,-17547,-17175
11920,-794,744
11921,-18883,14378
11922,-12419,-17049
11923,22497,-7579
11924,1863,24061
11925,-25265,-3469
11926,12828,-23630
11927,22329,15524
11928,-21776,19667
11929,-10378,-20591
11930,22935,-6250
11931,993,25594
11932,-1804,3401
11933,22686,-214
11934,-4576,22049
11935,-21983,-7835
11936,18147,-20464
11937,16413,24202
11938,-22889,12116
11939,-1785,-27600
11940,26382,4761
11941,-5557,21896
11942,-19779,-12374
11943,260,190
11944,-12870,20679
11945,-15376,-13476
11946,21591,-13993
11947,8548,24932
11948,-29648,3941
11949,2382,-27169
11950,27606,11873
11951,-13634,28249
11952,-16681,-17266
11953,21257,-12771
11954,9403,23216
11955,-3431,329
11956,20319,-6459
11957,2618,25601
11958,-25247,-2790
11959,11287,-28269
11960,24480,18788
11961,-21315,18770
11962,-11837,-28262
11963,29257,-6226
11964,129,21908
11965,-25163,-3917
11966,3302,326
11967,-3996,19881
11968,-21160,-12382
11969,16665,-22876
11970,18992,20059
11971,-25887,14150
11972,-5529,-26733
11973,31716,957
11974,-3045,32587
11975,-22161,-9237
11976,13272,-20907
11977,15001,18495
11978,-795,3972
11979,18577,-13064
11980,10201,23018
11981,-24595,7748
11982,1513,-32300
11983,30263,7479
11984,-13258,27117
11985,-23823,-22649
11986,23966,-15004
11987,10197,25351
11988,-24607,5598
11989,2854,405
11990,4995,25432
11991,-22898,-5328
11992,8850,-29201
11993,24920,17590
11994,-22224,24792
11995,-16386,-25536
11996,27411,-11060
11997,352,30774
11998,-29593,-1850
11999,8074,-24174
12000,22444,11702
12001,-2863,2448
12002,11651,-22176
12003,18736,15646
12004,-23806,17512
12005,-15454,-29075
12006,29680,-3680
12007,-877,31635
12008,-28437,-9738
12009,18201,-22743
12010,19170,15776
12011,-20873,10980
12012,2495,-896
12013,13131,23033
12014,-23605,7521
12015,-671,-27409
12016,32661,4764
12017,-10576,29591
12018,-26029,-17047
12019,21275,-21753
12020,14185,27647
12021,-27374,10433
12022,-3706,-23671
12023,26278,3031
12024,2613,-527
12025,2053,-26891
12026,20699,13267
12027,-12342,29748
12028,-20808,-21237
12029,26961,-13814
12030,11684,29842
12031,-29353,1097
12032,6910,-26732
12033,22204,8548
12034,-14894,19647
12035,4116,270
12036,23290,16305
12037,-19686,15909
12038,-13713,-24959
12039,31363,-10343
12040,117,29654
12041,-35190,-5366
12042,8813,-26553
12043,24785,22971
12044,-19993,17479
12045,-10564,-29465
12046,25549,-8781
12047,-959,4362
12048,-5713,-27262
12049,30142,-1319
12050,-5120,32262
12051,-33051,-11841
12052,26152,-25932
12053,22675,21424
12054,-37616,8379
12055,-6148,-31294
12056,28350,1939
12057,-7621,27818
12058,324,-545
12059,26010,6304
12060,-11578,19465
12061,-19351,-22517
12062,25535,-20339
12063,11508,30722
12064,-29817,4815
12065,1794,-34301
12066,31174,9664
12067,-11087,25881
12068,-19483,-18265
12069,19375,-15711
12070,478,1681
12071,-15116,-20766
12072,28002,-6362
12073,11120,30312
12074,-35040,-3296
12075,7583,-33271
12076,29598,14336
12077,-22978,25133
12078,-13194,-23357
12079,28888,-6025
12080,5126,31511
12081,-134,127
12082,27847,-3497
12083,-5024,28521
12084,-31803,-4553
12085,15495,-23406
12086,22881,25061
12087,-26931,15898
12088,-10253,-32249
12089,30443,-4033
12090,-4764,26654
12091,-24960,-10369
12092,11961,-23521
12093,401,-43
12094,-20817,-15221
12095,21415,-21103
12096,18136,20779
12097,-33343,12903
12098,-3917,-29731
12099,33594,2918
12100,-9424,31942
12101,-18470,-14754
12102,22190,-16712
12103,10884,22074
12104,-2822,-2055
12105,24435,-8536
12106,6218,32806
12107,-29310,5841
12108,7431,-32155
12109,30999,12953
12110,-17730,27023
12111,-20909,-25000
12112,25766,-16080
12113,5992,29993
12114,-23917,6760
12115,7969,-24824
12116,5173,-5020
12117,-24425,-9297
12118,13734,-24554
12119,29634,16523
12120,-24990,22786
12121,-15544,-28565
12122,36460,-6373
12123,4361,32776
12124,-31155,-15823
12125,8873,-28456
12126,21109,18931
12127,-4293,1131
12128,16908,-17646
12129,20885,23858
12130,-26106,11673
12131,-10244,-33526
12132,32214,1484
12133,-10681,36107
12134,-33819,-9420
12135,22071,-22556
12136,22033,25883
12137,-20631,13714
12138,-5280,-26445
12139,-975,2155
12140,-28296,9469
12141,627,-25679
12142,28417,8863
12143,-12567,33758
12144,-20029,-24194
12145,26088,-19663
12146,10807,34294
12147,-32347,1692
12148,-3065,-26253
12149,26585,12214
12150,4407,3354
12151,11248,-23464
12152,20884,12355
12153,-23316,19204
12154,-22690,-25208
12155,26863,-8902
12156,4370,33317
12157,-29743,735
12158,11641,-26655
12159,25341,15305
12160,-14884,19067
12161,-12144,-19659
12162,1015,905
12163,-22495,16109
12164,-7144,-23323
12165,30252,-6531
12166,-1691,32414
12167,-29502,-9167
12168,16067,-26485
12169,21583,21580
12170,-26862,12178
12171,-7795,-20843
12172,29598,2473
12173,3345,1926
12174,158,-25599
12175,22770,6021
12176,-10842,29472
12177,-24149,-14618
12178,23186,-17191
12179,15336,30780
12180,-28658,8237
12181,-1712,-33610
12182,26384,4825
12183,-10446,23836
12184,-21229,-15551
12185,2974,-1901
12186,-13364,19896
12187,-16922,-23121
12188,24170,-19865
12189,10051,27696
12190,-32041,-1015
12191,3112,-27759
12192,30178,20169
12193,-13112,24749
12194,-11953,-18571
12195,22389,-9447
12196,-3584,1968
12197,-11131,-22060
12198,26272,-1003
12199,3502,31938
12200,-25718,-5630
12201,18391,-28484
12202,24924,15284
12203,-29029,15073
12204,-17245,-25432
12205,26197,-1454
12206,581,26309
12207,-21868,-3212
12208,3725,-1057
12209,-6653,19818
12210,-24279,-13697
12211,16064,-18744
12212,19566,26298
12213,-26173,10980
12214,-1543,-25870
12215,32865,3928
12216,-10459,21673
12217,-19688,-12423
12218,18916,-15548
12219,-214,2023
12220,-14747,-14377
12221,23230,-10196
12222,11935,24062
12223,-24520,4218
12224,6213,-28121
12225,24758,8779
12226,-20330,26635
12227,-21766,-15529
12228,23114,-9992
12229,8764,22479
12230,-21596,1872
12231,2130,-1674
12232,1256,24984
12233,-26543,58
12234,6956,-19524
12235,27820,19215
12236,-18629,18537
12237,-13220,-24528
12238,28423,-8730
12239,-2017,23653
12240,-24242,-1739
12241,8812,-16958
12242,477,3983
12243,-17771,-7751
12244,15752,-18611
12245,14615,14972
12246,-25114,10229
12247,-5165,-26617
12248,26503,1223
12249,-5448,28821
12250,-19308,-11471
12251,19197,-18636
12252,15430,17851
12253,-16782,7530
12254,742,-3056
12255,8088,23618
12256,-20583,6723
12257,1731,-25738
12258,28611,5408
12259,-13427,21014
12260,-21653,-20980
12261,22204,-15025
12262,5968,27206
12263,-23273,6336
12264,4269,-20267
12265,4424,1873
12266,-21372,-4430
12267,5375,-22580
12268,18737,11861
12269,-20486,20533
12270,-12962,-18266
12271,26984,-4457
12272,3303,26774
12273,-23088,-5574
12274,8177,-24298
12275,11376,10227
12276,-18439,15713
12277,-1129,358
12278,13557,14884
12279,-16285,5824
12280,-6572,-27296
12281,25534,-3720
12282,-4189,25984
12283,-23643,-8706
12284,15748,-17300
12285,16826,23249
12286,-15387,10150
12287,-3366,-20953
12288,1754,1566
12289,-21813,3407
12290,-2153,-20120
12291,21211,8335
12292,-11054,25738
12293,-18163,-15095
12294,20203,-16380
12295,10536,20747
12296,-21093,3626
12297,1606,-21740
12298,16554,6685
12299,-8262,20636
12300,1659,1561
12301,19631,10374
12302,-10723,15223
12303,-14661,-14808
12304,19101,-6752
12305,2134,25943
12306,-22977,1781
12307,8337,-17922
12308,18333,15984
12309,-13299,13247
12310,-11460,-18203
12311,-235,824
12312,-15982,11690
12313,-1985,-15454
12314,25016,-2029
12315,-1803,20638
12316,-21155,-10487
12317,12784,-19744
12318,13607,17767
12319,-20888,12293
12320,-5858,-17632
12321,17562,2850
12322,-1518,20302
12323,1032,-2196
12324,18071,2348
12325,-9571,16759
12326,-19599,-10888
12327,16089,-12458
12328,10223,22135
12329,-19747,4210
12330,1890,-22918
12331,19302,7641
12332,-9318,16675
12333,-16912,-10399
12334,-1321,2152
12335,-9272,12804
12336,-5360,-15877
12337,18949,-8637
12338,2665,21303
12339,-21749,-1618
12340,5246,-20866
12341,16333,13273
12342,-15448,17925
12343,-7371,-18765
12344,19804,-10061
12345,2060,17325
12346,-3460,2573
12347,16392,1989
12348,-3196,20702
12349,-17898,-5881
12350,15559,-19573
12351,17460,18373
12352,-17417,12543
12353,-6284,-22343
12354,19114,524
12355,-1626,19167
12356,-15308,-4285
12357,567,2537
12358,-5898,15505
12359,-12035,-11646
12360,12116,-11681
12361,6751,19805
12362,-20903,5765
12363,1240,-18327
12364,24319,7387
12365,-5658,17477
12366,-13650,-15192
12367,13201,-11212
12368,5331,16251
12369,-3673,1288
12370,18168,-4397
12371,5820,18638
12372,-19975,-1646
12373,6390,-23102
12374,18274,11140
12375,-17484,17429
12376,-10991,-12031
12377,22463,3796
12378,2102,19917
12379,-17156,-2670
12380,3490,2774
12381,-4166,18423
12382,-19384,-7796
12383,9797,-13906
12384,14660,19385
12385,-17233,11698
12386,-2964,-20601
12387,22513,-1226
12388,-4354,20555
12389,-16490,-7962
12390,11310,-13124
12391,11319,14681
12392,318,807
12393,15846,-12282
12394,5659,14701
12395,-22249,4286
12396,886,-21146
12397,22577,9538
12398,-11126,20271
12399,-15683,-14790
12400,20687,-6866
12401,8211,16727
12402,-18208,1528
12403,-1807,5457
12404,-2563,24684
12405,-15559,-1316
12406,11966,-19083
12407,17440,13642
12408,-19108,16264
12409,-10040,-20589
12410,22347,-8695
12411,-1059,22076
12412,-23638,-1164
12413,7253,-14881
12414,20830,9736
12415,1396,-1243
12416,9238,-15312
12417,12176,15586
12418,-18112,11038
12419,-6773,-22714
12420,26581,1499
12421,-752,22587
12422,-18976,-12707
12423,15909,-17899
12424,8525,12018
12425,-21235,7255
12426,1973,1447
12427,7975,17839
12428,-19384,1022
12429,1971,-21680
12430,22630,6349
12431,-14248,19535
12432,-19556,-14409
12433,19841,-8044
12434,11485,26028
12435,-16891,1873
12436,1992,-21777
12437,15397,5845
12438,-1480,2748
12439,8143,-18151
12440,17308,12500
12441,-13261,20437
12442,-10437,-19518
12443,25384,-8608
12444,2216,22632
12445,-25505,-4478
12446,12865,-18991
12447,21887,12851
12448,-13735,13777
12449,56,-2165
12450,15017,13622
12451,-16924,6551
12452,-8640,-22954
12453,23999,2116
12454,-2047,28853
12455,-18996,-9169
12456,17905,-19416
12457,15892,19571
12458,-20979,6774
12459,-5148,-23450
12460,17619,-2975
12461,-3343,1050
12462,4302,-16224
12463,27916,8130
12464,-6649,17370
12465,-20961,-19754
12466,22971,-13557
12467,11015,25893
12468,-28995,8016
12469,2675,-21205
12470,23455,5398
12471,-6015,20279
12472,4014,-668
12473,17111,8393
12474,-17879,14138
12475,-13324,-19262
12476,25342,-8803
12477,2266,28635
12478,-26987,-1331
12479,9517,-26774
12480,22776,11838
12481,-19665,16316
12482,-16008,-14093
12483,18667,-1895
12484,938,2792
12485,-5868,-22301
12486,24009,-3584
12487,-1252,22158
12488,-29101,-9803
12489,13602,-20048
12490,17898,21731
12491,-22621,15791
12492,1949,-23125
12493,26500,-3801
12494,-4732,20267
12495,1625,900
12496,24199,7737
12497,-10079,21262
12498,-20118,-13400
12499,24525,-16398
12500,17693,23410
12501,-27241,3921
12502,-7630,-29058
12503,22940,6640
12504,-9069,23566
12505,-16491,-14541
12506,18234,-16521
12507,881,-26
12508,-16817,-20909
12509,18414,-12065
12510,5713,27950
12511,-29778,6388
12512,10083,-23073
12513,27813,14799
12514,-22344,20477
12515,-18549,-26251
12516,19767,-9132
12517,4629,27205
12518,-871,117
12519,23249,-2253
12520,903,24765
12521,-21766,-10767
12522,13817,-30637
12523,16077,19931
12524,-28101,18129
12525,-7141,-27954
12526,32737,-2701
12527,-5033,27556
12528,-25417,-8752
12529,11625,-21342
12530,-1650,1620
12531,-22946,-11131
12532,21891,-12567
12533,22677,21914
12534,-27345,4700
12535,-3136,-33305
12536,30078,2296
12537,-11677,29381
12538,-22460,-14340
12539,16426,-16229
12540,13208,24255
12541,6706,3867
12542,28214,-12540
12543,2196,22367
12544,-31697,6494
12545,9196,-26537
12546,30628,14411
12547,-21258,28604
12548,-21017,-22414
12549,31397,-14942
12550,13231,23297
12551,-22795,-5026
12552,-3279,-23101
12553,-6201,5539
12554,-20456,-8822
12555,19248,-26761
12556,24772,17885
12557,-26221,21423
12558,-14290,-30637
12559,29030,-9809
12560,583,34889
12561,-26246,1963
12562,10004,-14247
12563,23040,16685
12564,2784,-3088
12565,14264,-20453
12566,11479,22215
12567,-25318,16536
12568,-8148,-28138
12569,28572,2046
12570,-2398,31550
12571,-18365,-16596
12572,20909,-26400
12573,11565,22253
12574,-22698,12334
12575,-1992,-17175
12576,3599,10646
12577,-22982,8251
12578,3055,-29382
12579,28407,2986
12580,-16472,29739
12581,-28633,-17840
12582,23003,-9745
12583,16841,38549
12584,-25939,-524
12585,596,-31241
12586,25814,9830
12587,-2565,2109
12588,7082,-24498
12589,24807,16982
12590,-15743,23601
12591,-11430,-30962
12592,36917,-15932
12593,2697,33416
12594,-36955,-1136
12595,10339,-29849
12596,25430,20968
12597,-18135,25034
12598,-14294,-20721
12599,-1256,-617
12600,-27751,10291
12601,-8939,-30496
12602,32430,132
12603,-3324,42987
12604,-30271,-9253
12605,20800,-27939
12606,21904,21871
12607,-29403,8036
12608,-6439,-26168
12609,22738,-533
12610,-8588,2926
12611,5185,-20993
12612,34910,6472
12613,-12355,23002
12614,-28458,-21507
12615,25671,-19667
12616,14440,31469
12617,-35151,8192
12618,-5625,-31462
12619,28744,13173
12620,-6171,28831
12621,-19978,-17345
12622,2685,3539
12623,-14765,30403
12624,-17417,-22292
12625,29846,-19689
12626,13959,36857
12627,-33263,2179
12628,8591,-35587
12629,33244,13588
12630,-24284,20651
12631,-18323,-22681
12632,30337,-10517
12633,5162,-56
12634,-7635,-28405
12635,25612,-6529
12636,1498,28203
12637,-28413,-9313
12638,13103,-26336
12639,23795,25167
12640,-22970,19454
12641,-8413,-34521
12642,36954,-10998
12643,4167,23332
12644,-28378,-7760
12645,1605,-1366
12646,-5607,29656
12647,-25338,-8686
12648,22982,-19296
12649,26690,28530
12650,-31914,641
12651,-7986,-44253
12652,32395,9220
12653,-13347,40059
12654,-22627,-11200
12655,20468,-19453
12656,-2324,5012
12657,-25065,-19859
12658,14523,-18336
12659,8235,31135
12660,-30536,13309
12661,5805,-31169
12662,35824,5447
12663,-18329,25692
12664,-31162,-23404
12665,24090,-16084
12666,11863,26005
12667,-29065,6731
12668,3307,4656
12669,13184,31320
12670,-23684,-7582
12671,3801,-32625
12672,25327,20309
12673,-25790,24470
12674,-17555,-23272
12675,32810,-1752
12676,1734,32632
12677,-21758,-3107
12678,11167,-22448
12679,-6637,3200
12680,-26333,-7996
12681,23544,-20190
12682,26486,19749
12683,-25716,17063
12684,-2506,-32716
12685,39240,-6732
12686,-4994,34956
12687,-32182,-9723
12688,12364,-24946
12689,10297,26269
12690,-25716,18419
12691,786,-5229
12692,9663,27614
12693,-31097,14611
12694,-4387,-29354
12695,32588,6080
12696,-16557,30903
12697,-25856,-19017
12698,27947,-17912
12699,9299,26764
12700,-27326,-357
12701,-164,-29299
12702,-829,5001
12703,-26611,1955
12704,8787,-27003
12705,32542,10412
12706,-14286,25704
12707,-23747,-28693
12708,21827,-18457
12709,7143,36441
12710,-30015,6046
12711,9324,-28386
12712,31635,13206
12713,-11963,24307
12714,-4263,-3236
12715,20223,15059
12716,-24074,20298
12717,-22908,-16540
12718,32333,1348
12719,4863,34738
12720,-30389,-9110
12721,12182,-30940
12722,12346,18922
12723,-29296,15048
12724,-8577,-25404
12725,6705,-1368
12726,-21872,9262
12727,-835,-26022
12728,30004,-4235
12729,-12745,27252
12730,-31416,-11441
12731,20185,-18750
12732,20880,26652
12733,-17836,10201
12734,9143,-27992
12735,29106,1177
12736,-10453,20589
12737,-7424,-2348
12738,16579,15043
12739,-15501,30545
12740,-15807,-17582
12741,30127,-22301
12742,7645,30236
12743,-33828,9465
12744,513,-30409
12745,21722,11392
12746,-15610,26336
12747,-14937,-15625
12748,8435,-4241
12749,-17684,11055
12750,-19115,-23758
12751,24709,-7068
12752,5720,35756
12753,-29434,-944
12754,13724,-29415
12755,30071,16867
12756,-18803,20124
12757,-10349,-28401
12758,23960,-12949
12759,-1829,22201
12760,-3694,-516
12761,32362,-2146
12762,4796,21370
12763,-28002,-12300
12764,12206,-25270
12765,19102,25710
12766,-28716,17271
12767,-9948,-23421
12768,32869,9644
12769,1749,26892
12770,-21842,-13172
12771,-1033,-4823
12772,-13265,20710
12773,-18569,-9156
12774,18448,-11444
12775,7247,31507
12776,-24985,14707
12777,10901,-27887
12778,30295,860
12779,-15343,25603
12780,-18408,-13430
12781,18776,-14024
12782,11902,23610
12783,4302,3483
12784,23969,-11193
12785,1858,20748
12786,-28499,38
12787,5830,-28334
12788,25051,18949
12789,-16347,27363
12790,-12819,-22529
12791,29761,-7209
12792,7511,19131
12793,-23330,-10776
12794,744,-1760
12795,-1246,30392
12796,-19644,-2976
12797,16081,-23680
12798,24953,16121
12799,-22101,13847
12800,-13491,-26143
12801,23091,-4893
12802,-4289,26145
12803,-21835,-7062
12804,14347,-20855
12805,19192,8369
12806,64,-5543
12807,13900,-15873
12808,9174,25469
12809,-21600,16013
12810,-498,-25055
12811,26785,5127
12812,-10573,24491
12813,-19761,-16698
12814,26597,-16474
12815,13502,11728
12816,-24647,609
12817,2443,1346
12818,10911,20389
12819,-21805,-3451
12820,-676,-25883
12821,21048,7008
12822,-18129,19459
12823,-17433,-18227
12824,25195,-10215
12825,5209,29254
12826,-23270,3719
12827,10351,-22626
12828,21510,6633
12829,-5477,1628
12830,7464,-17443
12831,16935,17517
12832,-16778,16243
12833,-7266,-26254
12834,30152,-831
12835,288,27079
12836,-28353,-15673
12837,10630,-23659
12838,19228,18886
12839,-13043,14436
12840,1372,-4117
12841,12136,14732
12842,-18240,6355
12843,-3141,-21423
12844,24301,5990
12845,-14907,27533
12846,-27274,-11172
12847,22165,-15932
12848,17710,18966
12849,-21371,345
12850,-1799,-23146
12851,17558,1938
12852,-3008,1180
12853,7469,-13906
12854,21296,15121
12855,-16215,17824
12856,-19249,-22868
12857,21851,-12068
12858,-2056,23874
12859,-36090,2245
12860,6512,-19683
12861,24228,7311
12862,-8811,13672
12863,3181,-5486
12864,14900,8935
12865,-18221,13012
12866,-8904,-17344
12867,24478,-2026
12868,-1175,30105
12869,-21447,-3618
12870,11867,-25248
12871,14891,12644
12872,-18684,14332
12873,-9112,-13805
12874,14270,-725
12875,-1021,3297
12876,-18,-19611
12877,20263,-2363
12878,-5357,19158
12879,-23029,-8560
12880,15590,-13927
12881,17592,20649
12882,-19715,10578
12883,-937,-19554
12884,24891,1399
12885,-283,17099
12886,-1454,-429
12887,17478,12199
12888,-5937,20091
12889,-12017,-16780
12890,20653,-13583
12891,9620,20182
12892,-17535,-6509
12893,6372,-27961
12894,16303,11235
12895,-15295,17041
12896,-8288,-13038
12897,20086,-3542
12898,2586,2098
12899,-7439,-21004
12900,15848,-5209
12901,648,21343
12902,-21837,-4748
12903,10061,-16732
12904,17849,18282
12905,-18462,13195
12906,-7589,-22274
12907,17387,-5432
12908,-2983,19017
12909,-1424,3868
12910,20338,5975
12911,-4801,15349
12912,-17779,-11572
12913,17961,-14137
12914,13330,18674
12915,-23243,6453
12916,-2712,-21643
12917,24209,2730
12918,-6036,19756
12919,-15798,-8897
12920,11509,-17415
12921,-1065,-4238
12922,-13203,-11891
12923,15942,-3249
12924,5518,23176
12925,-23687,3633
12926,8489,-20310
12927,25299,10008
12928,-13721,18367
12929,-14588,-16955
12930,13512,-7269
12931,5809,21369
12932,4593,3346
12933,19761,-1589
12934,-3090,17606
12935,-22010,-4470
12936,9718,-19173
12937,14886,15406
12938,-21372,15788
12939,-5901,-18107
12940,26757,-4531
12941,-2320,16572
12942,-16781,-7243
12943,9699,-16531
12944,-5596,-72
12945,-17623,-8232
12946,20663,-8358
12947,15910,17969
12948,-20783,2737
12949,1524,-27750
12950,20398,3363
12951,-12746,25140
12952,-12919,-10844
12953,18135,-11501
12954,8672,16612
12955,-2240,-482
12956,15791,-5973
12957,1882,19034
12958,-23484,-558
12959,3880,-22063
12960,19692,12362
12961,-16247,20301
12962,-12336,-17746
12963,24297,-9722
12964,3969,21149
12965,-17852,409
12966,6791,-16453
12967,-38,1713
12968,-19472,-7232
12969,8830,-15811
12970,14285,14867
12971,-16826,15104
12972,-7936,-17398
12973,15978,-15535
12974,15906,834
12975,17587,6920
12976,8022,22687
12977,-14086,25525
12978,-8497,-1449
12979,11250,-16923
12980,20309,-4045
12981,22745,9024
12982,7955,17156
12983,-12859,22379
12984,-18377,7355
12985,-18764,-12230
12986,-7279,-17896
12987,14256,-21654
12988,18629,-8322
12989,17802,12809
12990,15809,2746
12991,81,-5320
12992,-1029,5368
12993,8343,-10
12994,1287,-1033
12995,-266,7522
12996,3799,439
12997,-2327,-425
12998,-2022,5221
12999,2005,1399
13000,-140,1149
13001,-1775,1131
13002,-2350,244
13003,-423,-267
13004,44,-6562
13005,-279,-3379
13006,4245,2329
13007,460,-1915
13008,-5904,-427
13009,-887,-1630
13010,1922,-6840
13011,2197,-1058
13012,3762,1993
13013,1215,64
13014,1515,-758
13015,1778,-1876
13016,1242,2550
13017,3024,1362
13018,-823,-2316
13019,131,3058
13020,2674,1230
13021,-4350,831
13022,-60,4536
13023,5496,-3090
13024,1186,-186
13025,5894,2736
13026,-1137,-5305
13027,-7776,9840
13028,13432,12687
13029,8257,-9630
13030,-12911,2833
13031,2943,11257
13032,5196,-10541
13033,-9106,-29
13034,4639,11749
13035,6993,-6080
13036,-798,-2234
13037,7531,3401
13038,-3644,-7139
13039,-11301,3729
13040,7094,6226
13041,1629,-9239
13042,-6422,2315
13043,9775,8687
13044,3091,-7244
13045,-7997,2103
13046,4663,10906
13047,758,-5881
13048,-5055,-3358
13049,9608,5770
13050,4233,-3585
13051,-8829,1090
13052,1317,7847
13053,877,-2607
13054,-11465,1650
13055,-1754,6963
13056,7195,-8641
13057,-4696,-5458
13058,-5086,12589
13059,5417,2976
13060,-3556,-7519
13061,-11097,7241
13062,1599,9170
13063,4247,-8591
13064,-6396,-9819
13065,-5739,4592
13066,5653,11566
13067,13322,4927
13068,3666,-5571
13069,-8673,-1835
13070,1826,4664
13071,8774,-6695
13072,-3184,-8200
13073,-967,8938
13074,8060,5573
13075,-427,-10692
13076,-9012,-6805
13077,-2438,5162
13078,12091,5846
13079,11490,-3165
13080,-7013,-5776
13081,-5774,5028
13082,5029,3339
13083,-8731,-8022
13084,-6567,2626
13085,17035,7489
13086,1451,-10657
13087,-21980,-4312
13088,498,14389
13089,15093,1732
13090,-3907,-7499
13091,-3248,4759
13092,10222,4315
13093,-562,465
13094,-6773,6210
13095,7839,-199
13096,7322,-11458
13097,-9372,-8013
13098,-9704,-737
13099,2215,-4515
13100,2088,-10805
13101,-3497,-319
13102,2314,9412
13103,5385,-5474
13104,-3035,-8872
13105,-113,7015
13106,7368,-2262
13107,-2417,-9143
13108,-4651,12958
13109,4787,10997
13110,-1564,-6437
13111,-2688,3300
13112,7395,5118
13113,-1248,-7381
13114,-6504,-984
13115,1743,4202
13116,-2462,-72
13117,-138,4277
13118,7124,5151
13119,-2542,-907
13120,1487,-6962
13121,12005,-11316
13122,438,-2226
13123,-2136,5767
13124,4831,-2318
13125,1273,-4285
13126,2728,530
13127,1233,1756
13128,-5147,5450
13129,-958,2947
13130,684,-688
13131,2896,4274
13132,7604,960
13133,-816,-2823
13134,106,5749
13135,11881,5372
13136,3615,-4139
13137,-4790,-3424
13138,4799,1468
13139,7310,-1133
13140,-104,-2679
13141,702,3986
13142,5404,3817
13143,643,-3538
13144,-4161,-77
13145,997,3140
13146,1316,44
13147,-2811,5761
13148,2790,5201
13149,4720,-6790
13150,-2308,-3503
13151,-375,7701
13152,4958,5608
13153,-1505,819
13154,-7132,1593
13155,-208,-588
13156,3547,-3037
13157,-1209,991
13158,-239,1179
13159,2004,-3124
13160,-620,403
13161,94,1793
13162,828,-1358
13163,1256,3235
13164,3988,1784
13165,998,-4577
13166,-473,-489
13167,2613,-1616
13168,-745,-3828
13169,-2313,3264
13170,-41,-373
13171,-171,-1604
13172,4776,7315
13173,5678,-2161
13174,-107,-9179
13175,3616,1407
13176,5181,-2794
13177,-300,-8592
13178,1638,1370
13179,854,3163
13180,-1545,-1818
13181,4405,-3012
13182,1593,-1048
13183,-4584,4318
13184,1793,-1015
13185,2861,-8013
13186,-3963,1915
13187,-2340,6061
13188,2366,-915
13189,2309,659
13190,581,2386
13191,1609,-981
13192,2768,-149
13193,-3333,2555
13194,-5913,1089
13195,1532,-2698
13196,-377,71
13197,-8398,4837
13198,-2790,957
13199,4432,-1525
13200,2658,-236
13201,2115,-2738
13202,467,-2343
13203,-4827,-1158
13204,-3303,-1483
13205,1606,3232
13206,-450,4694
13207,-3676,1941
13208,-3790,2591
13209,-6111,-865
13210,-6421,-6587
13211,339,-5120
13212,5282,-1016
13213,2646,2291
13214,553,4389
13215,3024,2518
13216,792,643
13217,-5993,3040
13218,-2242,3742
13219,6788,-1820
13220,3099,-4911
13221,-3973,-1313
13222,-696,-509
13223,2982,-2139
13224,-2304,1442
13225,-7700,3407
13226,-1655,-3061
13227,3731,-7680
13228,-5327,-2236
13229,-6820,3451
13230,4981,2933
13231,2394,3439
13232,-4584,2639
13233,401,-2724
13234,-353,-2041
13235,1710,3436
13236,13511,2639
13237,7309,-2354
13238,-3822,-4134
13239,4645,296
13240,7407,3085
13241,-955,-3429
13242,-457,-6056
13243,-9,681
13244,-534,1113
13245,5466,-3693
13246,2764,-1759
13247,-3226,2198
13248,3371,1217
13249,7059,-609
13250,2983,2157
13251,1861,4743
13252,-904,1966
13253,-2638,1209
13254,-2672,1959
13255,-7861,-3468
13256,-4090,-5764
13257,6435,-1792
13258,2695,-2025
13259,-3447,-3214
13260,-1792,-3132
13261,-1957,-5100
13262,-1160,-3541
13263,-1152,-2355
13264,-1211,-5589
13265,4535,-3020
13266,-263,2873
13267,-9253,2962
13268,1474,726
13269,9151,217
13270,-881,760
13271,-2963,-1134
13272,2973,-2552
13273,1960,2138
13274,-742,3184
13275,-486,-919
13276,-50,926
13277,-1308,480
13278,-391,-4110
13279,3476,-742
13280,991,1313
13281,-2909,-3088
13282,1101,-2441
13283,1692,-163
13284,-2390,-1750
13285,-1319,-1939
13286,-472,475
13287,588,3031
13288,5730,3443
13289,4265,2006
13290,-1643,1764
13291,393,2885
13292,3514,2756
13293,629,297
13294,-801,-93
13295,34,1653
13296,128,-104
13297,2229,547
13298,1240,3784
13299,-4229,-616
13300,-1686,-2429
13301,3881,3594
13302,292,3045
13303,-969,-250
13304,1355,1094
13305,-3123,1657
13306,-3104,1155
13307,1913,-1255
13308,1333,-2134
13309,4056,2312
13310,4648,1879
13311,-3691,-2236
13312,-1564,-738
13313,3996,1548
13314,-2631,1453
13315,-3265,-68
13316,2651,-422
13317,2161,1569
13318,1726,-549
13319,-1952,206
13320,-6054,7438
13321,1614,5350
13322,4443,1363
13323,-3302,5939
13324,-2563,3205
13325,1693,-4698
13326,426,-4443
13327,885,-470
13328,2250,2578
13329,1145,2846
13330,-1521,1013
13331,-2367,-724
13332,3439,-2370
13333,7211,1372
13334,4096,5186
13335,4462,1766
13336,1998,1787
13337,-7747,2371
13338,-6002,-1991
13339,2963,1640
13340,-1161,5858
13341,-7836,489
13342,-2729,-1047
13343,4898,536
13344,4930,-968
13345,-1095,928
13346,-4891,1266
13347,-2647,-3414
13348,554,-2232
13349,2956,3812
13350,5201,3159
13351,5216,-1940
13352,5975,-2052
13353,7390,416
13354,1707,1161
13355,-6856,3843
13356,-5946,5963
13357,62,2204
13358,-1631,-2283
13359,-6414,-2700
13360,-3924,-2237
13361,-1965,-3894
13362,-5395,-4621
13363,-3183,-1108
13364,352,2328
13365,-3526,2116
13366,-1645,790
13367,5658,488
13368,3622,3100
13369,-377,6083
13370,-3404,4179
13371,-10664,2257
13372,-7565,3530
13373,690,2107
13374,-5351,813
13375,-6686,5304
13376,5967,8141
13377,8621,3385
13378,3124,-1176
13379,1914,-11
13380,-482,520
13381,-1590,-1749
13382,761,-704
13383,249,1899
13384,-1280,1362
13385,-289,344
13386,1992,-248
13387,980,-250
13388,-2813,1759
13389,616,912
13390,4427,-3417
13391,-2351,-3541
13392,-2537,701
13393,5705,3094
13394,959,1321
13395,-5876,-1769
13396,-105,-1111
13397,2088,1460
13398,-1466,148
13399,-799,-1729
13400,-1340,442
13401,-811,1462
13402,3643,-1467
13403,2933,96
13404,734,6625
13405,1046,5465
13406,828,-734
13407,4383,-596
13408,4102,2099
13409,-1171,6778
13410,3466,11733
13411,3852,4190
13412,-6388,-3953
13413,-7308,2559
13414,-9059,5411
13415,-9681,-852
13416,6649,-1511
13417,7536,-610
13418,-7655,-3382
13419,-1035,-4043
13420,6537,-1727
13421,311,359
13422,2699,-1570
13423,2011,-4764
13424,-5690,-2233
13425,-3517,1853
13426,-1045,268
13427,265,-3613
13428,4887,-1534
13429,1762,4423
13430,-484,3323
13431,3437,-1457
13432,1542,-492
13433,1152,2954
13434,3388,7769
13435,17,9099
13436,360,-267
13437,249,-4804
13438,-3955,2187
13439,2040,3694
13440,6018,-1478
13441,-1692,-4156
13442,-2953,-2582
13443,-78,-367
13444,-1534,-2991
13445,-3811,-1235
13446,-4685,5832
13447,5526,2329
13448,12307,319
13449,-1433,5704
13450,-2844,-1716
13451,10223,-5036
13452,2635,6481
13453,-6508,2897
13454,-202,-5925
13455,-74,-315
13456,-3354,267
13457,-226,-975
13458,4222,3692
13459,5522,1072
13460,1427,3191
13461,921,9401
13462,3639,1213
13463,-441,-1627
13464,-1441,5245
13465,2054,185
13466,610,-3649
13467,585,1013
13468,2211,460
13469,1833,-507
13470,1618,802
13471,100,1304
13472,-324,1535
13473,-1517,846
13474,-2135,4086
13475,1869,2579
13476,-3767,-4235
13477,-9025,2482
13478,1480,3857
13479,822,-5467
13480,-3445,3355
13481,6481,5634
13482,239,-5386
13483,-7455,3378
13484,2633,5652
13485,-942,-2140
13486,-2093,5939
13487,6708,1783
13488,-3701,-3804
13489,-4221,7106
13490,7094,-1539
13491,-1247,-7096
13492,-1135,6423
13493,6133,1006
13494,683,-2116
13495,3574,2741
13496,773,-6767
13497,-5859,1171
13498,8008,9023
13499,5702,-8289
13500,-7649,-2932
13501,2650,9463
13502,2705,-2815
13503,-3431,-4441
13504,6078,-1282
13505,493,-1797
13506,-6062,9030
13507,36,3477
13508,-4537,-7179
13509,1022,665
13510,9439,-4191
13511,-3798,-6255
13512,-2052,7626
13513,7257,1391
13514,-3140,-2211
13515,-1488,6679
13516,4621,-3547
13517,-3368,-4867
13518,-330,5469
13519,3240,-836
13520,-923,2091
13521,4186,7197
13522,1329,-4164
13523,-7060,-1818
13524,-1548,4291
13525,-73,2214
13526,-511,8217
13527,6867,-738
13528,1538,-12818
13529,-5722,3825
13530,2554,10074
13531,5432,-1237
13532,-563,2245
13533,-2456,3800
13534,281,2255
13535,8401,7144
13536,7654,-771
13537,-4551,-3068
13538,-504,8617
13539,7335,-125
13540,-3796,-8046
13541,-5197,6259
13542,2940,3981
13543,-3925,-3405
13544,-1990,10107
13545,8334,6126
13546,-1142,-7086
13547,-6139,5099
13548,4350,5011
13549,4229,-7714
13550,2818,4341
13551,5054,6023
13552,-3962,-8056
13553,-4159,3695
13554,8801,10467
13555,4547,-4173
13556,-6126,336
13557,644,8090
13558,5107,-3205
13559,-2566,-2786
13560,-963,7243
13561,6763,1835
13562,2559,-2050
13563,-1564,6746
13564,2546,5073
13565,-891,-4426
13566,-3395,564
13567,5679,3505
13568,2823,-4496
13569,-5961,2950
13570,3694,9102
13571,6111,-5913
13572,-5429,-4487
13573,-767,7507
13574,1888,-1817
13575,-7647,-1693
13576,-91,5865
13577,5165,-8171
13578,-5435,-7539
13579,-79,7029
13580,4291,-2377
13581,-7848,-4924
13582,-2603,6196
13583,6987,-1507
13584,-2478,-5699
13585,-4837,2511
13586,1085,1628
13587,293,-193
13588,887,-1733
13589,338,-2973
13590,-1073,3468
13591,2545,1826
13592,1554,-2876
13593,316,1711
13594,3976,-1226
13595,-189,-3876
13596,-3453,2871
13597,2940,237
13598,1327,-3195
13599,-4807,1751
13600,-430,361
13601,2136,-2072
13602,-1372,401
13603,-89,-481
13604,213,-1977
13605,-736,-1498
13606,4261,-986
13607,4018,851
13608,-1043,1315
13609,695,-954
13610,-740,-1459
13611,-4420,1031
13612,1272,1585
13613,3445,-639
13614,366,-547
13615,3443,100
13616,2868,53
13617,-991,2374
13618,1307,1043
13619,372,-2390
13620,-2859,421
13621,-764,1352
13622,89,-1271
13623,302,176
13624,1541,785
13625,349,691
13626,1064,1130
13627,1430,-1934
13628,91,-1193
13629,2307,155
13630,-45,-4072
13631,-4363,-1241
13632,-362,1826
13633,69,-3764
13634,-353,-687
13635,5021,3367
13636,-1244,-3821
13637,-4165,-2607
13638,9345,2823
13639,4221,-1156
13640,-8515,1553
13641,3073,6898
13642,5240,1758
13643,-7353,1609
13644,-463,4096
13645,4369,-2504
13646,-3627,-2059
13647,3779,2359
13648,7920,-3739
13649,-5757,-1344
13650,-4289,6979
13651,5034,-1861
13652,-3118,-4106
13653,-3605,9173
13654,8626,3022
13655,3479,-8606
13656,-4553,734
13657,3896,2534
13658,5613,-4643
13659,1111,4534
13660,5172,6830
13661,102,-3959
13662,-7351,2480
13663,2152,7990
13664,3163,-3526
13665,-5773,-1297
13666,1855,6380
13667,7216,-1337
13668,1391,-961
13669,2175,5363
13670,-1224,1959
13671,-4640,3788
13672,3350,4304
13673,2443,-2493
13674,-1255,-306
13675,3359,271
13676,637,-2644
13677,-428,2930
13678,2238,1896
13679,-1029,-2640
13680,4211,-1064
13681,5598,-4521
13682,-4513,-2023
13683,-774,4883
13684,2433,-885
13685,-3089,-2020
13686,2032,2959
13687,1468,1527
13688,-3748,4050
13689,1885,3764
13690,1522,-1210
13691,292,682
13692,2518,-421
13693,-3545,189
13694,-402,4606
13695,5407,-1725
13696,-2113,-1874
13697,-354,3767
13698,3699,-2811
13699,-2419,-458
13700,2026,6177
13701,5190,-2578
13702,-3428,-3608
13703,-1235,1797
13704,4005,-1736
13705,-729,146
13706,-867,2028
13707,2403,-1737
13708,1801,2447
13709,6421,4873
13710,11269,-902
13711,3402,-3537
13712,-4783,-2829
13713,-1928,-13
13714,-1247,1603
13715,-5349,-1263
13716,-5049,1090
13717,-3712,6353
13718,-63,4033
13719,5774,299
13720,1167,-796
13721,-6056,-1172
13722,-1318,927
13723,3555,758
13724,1615,-1269
13725,2034,2426
13726,2720,4572
13727,-201,380
13728,-886,772
13729,1176,3741
13730,1945,414
13731,1592,-1164
13732,484,2234
13733,-887,2528
13734,-235,2825
13735,1707,4011
13736,1500,-900
13737,-1425,-3315
13738,-3194,2346
13739,-921,3333
13740,1889,184
13741,1851,1404
13742,1001,999
13743,266,-1171
13744,-379,427
13745,592,677
13746,2320,-810
13747,2808,264
13748,1045,445
13749,-1260,-1700
13750,-1168,-3184
13751,-1591,-1643
13752,-2691,1677
13753,581,619
13754,3050,-1496
13755,302,1540
13756,-1979,1840
13757,-1623,-1254
13758,1777,-827
13759,4065,-97
13760,643,2243
13761,189,4223
13762,1284,-68
13763,-2049,540
13764,925,3252
13765,3359,-2751
13766,-2351,-1458
13767,504,3549
13768,2983,-2393
13769,-3896,-1053
13770,-573,4475
13771,3756,-446
13772,-133,193
13773,1606,1194
13774,-771,-4044
13775,-3633,1846
13776,4731,3521
13777,2203,-4100
13778,-3977,2914
13779,2973,5610
13780,1484,-4270
13781,673,-112
13782,10029,2509
13783,1967,-3991
13784,-5503,3174
13785,4814,4362
13786,864,-5936
13787,-5156,536
13788,5256,3695
13789,1629,-6755
13790,-5825,-825
13791,3256,5150
13792,361,-4290
13793,-8223,-1612
13794,-296,6631
13795,2001,4325
13796,-2294,4170
13797,300,4681
13798,-1095,3931
13799,858,4444
13800,7879,-1081
13801,2583,-636
13802,-1505,7701
13803,3372,3765
13804,804,-2910
13805,-2517,-608
13806,1665,632
13807,4218,313
13808,2228,-1195
13809,-1100,-2096
13810,-901,879
13811,772,-597
13812,-1012,-909
13813,225,3562
13814,2622,-895
13815,-890,-4277
13816,-2111,1262
13817,2758,893
13818,6260,-845
13819,2952,1103
13820,-2805,-152
13821,-183,-341
13822,3904,-2203
13823,-514,-5048
13824,-1140,1937
13825,3298,5918
13826,445,4
13827,-4929,133
13828,-4589,2515
13829,910,-152
13830,4680,711
13831,-181,2880
13832,-3926,1700
13833,1466,470
13834,4335,-1541
13835,-138,-2207
13836,-2911,-175
13837,-16,-1282
13838,4081,-2850
13839,4157,936
13840,1834,4803
13841,1107,3613
13842,1140,-454
13843,1575,-3116
13844,2231,-1857
13845,1684,606
13846,1344,394
13847,389,-585
13848,-1548,1293
13849,-236,3114
13850,752,798
13851,-1828,-167
13852,-26,3542
13853,3387,4045
13854,1046,854
13855,572,-148
13856,1412,-340
13857,-1878,443
13858,-902,1209
13859,2432,-805
13860,1670,-28
13861,3315,2342
13862,4480,1219
13863,891,1617
13864,-949,1306
13865,-866,-1358
13866,1476,646
13867,3510,1641
13868,-851,-357
13869,-713,167
13870,3684,-2914
13871,-1389,-3707
13872,-2158,3246
13873,5717,2612
13874,3177,782
13875,-720,7619
13876,2829,5201
13877,-441,-2834
13878,-4627,-1020
13879,-1030,952
13880,111,834
13881,-406,2073
13882,2020,-673
13883,2154,-991
13884,400,2056
13885,-173,404
13886,722,313
13887,2365,2368
13888,1251,108
13889,-772,-607
13890,-124,858
13891,-247,205
13892,-440,551
13893,1309,851
13894,172,1061
13895,-1773,4176
13896,186,3911
13897,1092,-67
13898,38,586
13899,414,2101
13900,-12,-63
13901,-321,-222
13902,1074,1253
13903,843,797
13904,115,1230
13905,601,1763
13906,367,294
13907,820,554
13908,1148,1667
13909,-997,702
13910,-1061,1029
13911,2062,1619
13912,2015,-523
13913,-890,-739
13914,321,-237
13915,3601,-4000
13916,1068,-5126
13917,-2394,-933
13918,66,435
13919,1049,-44
13920,-931,1578
13921,627,1268
13922,1044,-474
13923,-693,-810
13924,1075,-1785
13925,1895,-1679
13926,388,115
13927,1371,-545
13928,2399,-931
13929,1431,1173
13930,231,1425
13931,200,1592
13932,2208,2741
13933,2993,275
13934,1819,-2148
13935,1724,-879
13936,1112,-142
13937,589,276
13938,1796,1484
13939,1382,1240
13940,411,653
13941,531,225
13942,-51,-154
13943,992,643
13944,2402,706
13945,685,225
13946,-60,1002
13947,1090,726
13948,1167,-525
13949,1184,-283
13950,418,794
13951,-828,916
13952,-40,-512
13953,444,-704
13954,-281,1227
13955,19,625
13956,395,-1787
13957,409,-1559
13958,573,-436
13959,257,-358
13960,389,-334
13961,831,-98
13962,541,294
13963,892,126
13964,1396,-951
13965,637,-1447
13966,1409,40
13967,3423,1637
13968,1868,533
13969,-663,-745
13970,237,-358
13971,539,-348
13972,-332,1630
13973,1200,3660
13974,1045,373
13975,-1299,-1190
13976,-254,870
13977,635,-652
13978,-1194,-98
13979,-226,3121
13980,1225,133
13981,-1405,-1789
13982,-2816,1023
13983,-752,-5
13984,-68,-352
13985,-630,1346
13986,637,-1201
13987,2010,644
13988,1006,5840
13989,-679,1466
13990,-461,-2035
13991,1071,2154
13992,2539,601
13993,3344,-3203
13994,1060,-1602
13995,-2413,-393
13996,-728,2263
13997,1045,4253
13998,-2248,-155
13999,-794,-1456
14000,3381,383
14001,-562,-1874
14002,-2895,-612
14003,1443,2785
14004,1940,921
14005,1201,658
14006,2402,2579
14007,612,1498
14008,67,986
14009,1150,1495
14010,-1139,596
14011,-1977,50
14012,-222,954
14013,107,1595
14014,855,92
14015,1073,-56
14016,-423,2372
14017,395,995
14018,1674,-1408
14019,520,167
14020,1133,557
14021,2514,1256
14022,41,3455
14023,-1368,773
14024,1699,-1393
14025,2700,767
14026,175,605
14027,-609,34
14028,810,455
14029,1769,310
14030,1047,2843
14031,-132,3154
14032,471,-183
14033,1261,818
14034,518,1675
14035,397,-982
14036,736,-18
14037,-13,1685
14038,-173,499
14039,682,644
14040,668,1041
14041,319,363
14042,698,748
14043,214,767
14044,-217,-156
14045,1785,175
14046,2465,611
14047,174,-786
14048,15,-1036
14049,1445,1105
14050,1128,1325
14051,382,-17
14052,-320,197
14053,-18,150
14054,950,-263
14055,-246,-55
14056,-293,-118
14057,1418,766
14058,-290,793
14059,-1448,-1415
14060,1055,-934
14061,1584,967
14062,337,118
14063,-173,81
14064,-687,1090
14065,-75,312
14066,772,27
14067,514,139
14068,124,-579
14069,-700,257
14070,-497,1241
14071,1019,34
14072,912,-355
14073,559,555
14074,1034,94
14075,616,-126
14076,853,664
14077,1004,162
14078,-476,65
14079,-280,1191
14080,846,598
14081,98,204
14082,20,1473
14083,779,878
14084,331,-267
14085,160,20
14086,86,-622
14087,-474,-827
14088,1021,445
14089,2709,425
14090,784,262
14091,-1357,1192
14092,-211,1128
14093,1363,1216
14094,682,1939
14095,-782,409
14096,-433,-944
14097,702,700
14098,299,925
14099,118,-334
14100,559,658
14101,130,701
14102,420,-425
14103,251,437
14104,-1390,196
14105,-585,-1005
14106,1169,-187
14107,165,696
14108,-901,956
14109,-365,746
14110,345,670
14111,415,1691
14112,-192,834
14113,-407,-516
14114,-1,8
14115,544,-1023
14116,1010,-979
14117,689,1231
14118,168,-84
14119,310,-1596
14120,417,-189
14121,-119,81
14122,-551,-146
14123,111,763
14124,41,2037
14125,-456,1971
14126,1449,156
14127,1611,592
14128,-530,1835
14129,758,140
14130,1297,-627
14131,-641,433
14132,113,796
14133,571,372
14134,9,-314
14135,375,287
14136,-156,122
14137,586,-360
14138,854,1343
14139,-381,-534
14140,1417,-2103
14141,1356,1526
14142,-274,268
14143,1647,-460
14144,350,2921
14145,-749,-677
14146,1855,195
14147,-819,3581
14148,-265,-3451
14149,3517,1611
14150,-2837,4121
14151,4531,-17903
14152,24636,-6650
14153,4283,25452
14154,-25005,-3771
14155,5894,-28861
14156,25930,16286
14157,-18252,24227
14158,-19401,-23866
14159,26193,-12540
14160,4752,24262
14161,-25672,-719
14162,2866,-18898
14163,-3599,3061
14164,-25682,-8591
14165,15743,-20242
14166,21356,18679
14167,-28780,15802
14168,-8646,-30312
14169,31112,-3854
14170,-5177,31421
14171,-23011,-11390
14172,14700,-18678
14173,14818,22385
14174,-1384,-908
14175,19431,-18954
14176,9813,23084
14177,-27212,10085
14178,-662,-29957
14179,30976,6635
14180,-10726,27798
14181,-23696,-18673
14182,23100,-18172
14183,12780,22531
14184,-25538,3253
14185,-4869,-24291
14186,1823,219
14187,-23805,425
14188,2285,-23978
14189,24195,5418
14190,-17443,22793
14191,-19873,-19069
14192,24079,-9545
14193,3474,33740
14194,-30380,2265
14195,6001,-21928
14196,24360,12319
14197,-2096,1777
14198,10556,-17793
14199,17994,22300
14200,-21632,20035
14201,-10779,-25447
14202,31846,175
14203,1673,31870
14204,-26880,-11700
14205,12816,-27050
14206,17399,18600
14207,-21353,17712
14208,-10623,-15720
14209,4275,-1518
14210,-21328,3533
14211,-6856,-26201
14212,26791,-3332
14213,-6286,28163
14214,-27401,-13131
14215,16990,-23863
14216,16422,22591
14217,-25050,5746
14218,-4656,-25822
14219,20338,5206
14220,-2651,3347
14221,4742,-24531
14222,20623,10535
14223,-14888,26581
14224,-18570,-18429
14225,23600,-14073
14226,8173,25448
14227,-27041,3089
14228,4365,-23484
14229,27755,10577
14230,-6805,19812
14231,-15351,-15020
14232,2291,-1059
14233,-16195,15281
14234,-12516,-25699
14235,25285,-12420
14236,1400,33036
14237,-28099,-10334
14238,13652,-28975
14239,18325,22655
14240,-17255,1372
14241,11148,-27098
14242,27517,13856
14243,-5396,2770
14244,12118,-19843
14245,22957,26983
14246,-25778,19368
14247,-11225,-31846
14248,37383,1799
14249,-1688,33427
14250,-28569,-16580
14251,18271,-26604
14252,14532,27207
14253,-22542,20044
14254,-1557,-23157
14255,3077,-3504
14256,-26626,6439
14257,1789,-25941
14258,29096,2006
14259,-17306,29115
14260,-26528,-21679
14261,27358,-15853
14262,16494,39192
14263,-28751,2739
14264,-168,-32532
14265,25215,6560
14266,-4291,434
14267,5579,-25067
14268,26246,16127
14269,-12826,24404
14270,-14193,-27193
14271,31970,-14062
14272,4208,32519
14273,-35218,770
14274,9265,-28633
14275,28672,16258
14276,-16680,21112
14277,-18587,-22731
14278,1721,-4363
14279,-19809,13026
14280,-11598,-23944
14281,28300,-3709
14282,5766,34630
14283,-22359,-14211
14284,17939,-33483
14285,24061,22264
14286,-23970,16016
14287,-9470,-23815
14288,24276,-3365
14289,-2059,3611
14290,1093,-19672
14291,31882,5037
14292,-8189,22561
14293,-33000,-20505
14294,18690,-22464
14295,17278,28608
14296,-29614,13058
14297,-3188,-29536
14298,27706,4155
14299,-6299,23797
14300,-16943,-16289
14301,361,-1789
14302,-17807,27523
14303,-13727,-14815
14304,28860,-18054
14305,10589,29065
14306,-31492,1283
14307,4130,-30960
14308,27363,12019
14309,-20878,20068
14310,-18202,-16385
14311,23113,-7333
14312,-1580,-276
14313,-12118,-26087
14314,26652,-6173
14315,3965,28316
14316,-31566,-4400
14317,10039,-25918
14318,25394,19410
14319,-18760,22026
14320,-7502,-24967
14321,30118,-8443
14322,-781,23642
14323,-27351,-1914
14324,1695,381
14325,-1428,26616
14326,-19755,-8976
14327,19344,-24611
14328,25149,22858
14329,-28570,12911
14330,-13970,-29643
14331,27335,3231
14332,-6471,30357
14333,-19805,-8860
14334,14205,-19079
14335,-3863,1124
14336,-20681,-13990
14337,16252,-11685
14338,9272,23743
14339,-26140,6316
14340,5602,-28274
14341,30619,4747
14342,-14098,24389
14343,-22354,-17197
14344,20781,-13624
14345,6461,25176
14346,-25958,8847
14347,2125,-876
14348,8075,23152
14349,-21705,-3001
14350,5166,-26151
14351,23302,19461
14352,-22598,26130
14353,-15871,-22355
14354,28762,-9481
14355,1280,26062
14356,-21898,-2924
14357,8713,-22694
14358,-1583,2269
14359,-22447,-4048
14360,14686,-14776
14361,21586,17719
14362,-20710,12341
14363,-7122,-28354
14364,27663,-2971
14365,-5035,29163
14366,-27035,-8172
14367,12454,-18181
14368,14972,19073
14369,-15614,11504
14370,4036,-3429
14371,10888,18737
14372,-24847,5603
14373,-4196,-22525
14374,29368,9074
14375,-9411,27258
14376,-20712,-14848
14377,21286,-17483
14378,7259,20389
14379,-23271,3436
14380,-1863,-21177
14381,-46,5189
14382,-18333,4417
14383,9078,-19326
14384,22873,8694
14385,-15721,18837
14386,-16566,-22300
14387,20568,-9127
14388,2600,31062
14389,-24712,2030
14390,11394,-22532
14391,24854,9778
14392,-12041,15857
14393,-3183,-2347
14394,15469,13160
14395,-16957,13363
14396,-9710,-17472
14397,30484,-2506
14398,840,26074
14399,-27465,-7062
14400,9549,-24372
14401,13312,16083
14402,-17753,14273
14403,-5214,-17286
14404,3154,760
14405,-17782,6607
14406,-340,-19502
14407,21583,1665
14408,-11326,23312
14409,-21260,-10571
14410,19654,-12900
14411,13147,23391
14412,-22806,6757
14413,375,-23484
14414,19499,893
14415,-10126,16835
14416,-2303,-1097
14417,20941,8561
14418,-10154,16743
14419,-13955,-16345
14420,26015,-14482
14421,5947,21420
14422,-27892,749
14423,4555,-22420
14424,19612,13766
14425,-10860,17482
14426,-8271,-14617
14427,2391,1297
14428,-18038,10963
14429,-8500,-16975
14430,19584,-1419
14431,-3065,25101
14432,-20229,-6075
14433,15525,-20809
14434,17991,12579
14435,-19110,9511
14436,-6650,-20293
14437,18349,-2608
14438,-1154,20304
14439,-403,2043
14440,19766,1892
14441,-5698,15845
14442,-18599,-11601
14443,16561,-17261
14444,10405,22156
14445,-23830,9731
14446,-296,-22351
14447,23547,7260
14448,-6300,17879
14449,-15854,-14925
14450,613,-2100
14451,-12299,16127
14452,-10313,-12171
14453,21233,-7567
14454,7908,23583
14455,-20175,10
14456,4936,-22245
14457,17493,11144
14458,-13470,17574
14459,-9633,-16369
14460,15028,-4957
14461,3002,22835
14462,1033,2750
14463,18499,-4265
14464,-3355,16940
14465,-21589,-3400
14466,11475,-17984
14467,19270,17466
14468,-13321,13551
14469,-3877,-20264
14470,19446,-47
14471,-5673,14930
14472,-18170,-8276
14473,2692,3762
14474,-6342,19477
14475,-12146,-11269
14476,18041,-15871
14477,9294,15396
14478,-22781,4149
14479,1018,-19744
14480,19959,5719
14481,-12073,20197
14482,-13194,-10773
14483,17114,-11960
14484,10475,12293
14485,939,-1611
14486,16006,-5476
14487,3344,21307
14488,-18597,4247
14489,4187,-18555
14490,18908,13289
14491,-10636,15943
14492,-12784,-22387
14493,15330,-8205
14494,3202,20299
14495,-15370,587
14496,3009,-4161
14497,1630,13778
14498,-14041,-6081
14499,8609,-18930
14500,13256,13006
14501,-20598,13103
14502,-9054,-19268
14503,22624,-2114
14504,-278,21765
14505,-16526,-8698
14506,9830,-17219
14507,10324,13117
14508,-3338,2447
14509,11501,-10418
14510,4802,18836
14511,-20975,8396
14512,877,-25074
14513,22771,3142
14514,-10109,21472
14515,-17800,-12005
14516,18697,-6686
14517,11269,19589
14518,-14453,3155
14519,2706,741
14520,1865,18778
14521,-21612,-4810
14522,3044,-20437
14523,22121,15171
14524,-10389,19253
14525,-9201,-18675
14526,21821,-7939
14527,1727,21281
14528,-18939,-4829
14529,8416,-17916
14530,14857,11948
14531,-1100,1250
14532,14872,-18557
14533,15378,11372
14534,-20261,10337
14535,-12509,-21873
14536,19535,3708
14537,-1989,25956
14538,-18271,-9960
14539,14177,-14176
14540,11982,15979
14541,-16671,6307
14542,1136,-1611
14543,9107,21414
14544,-17226,8193
14545,2403,-20982
14546,28291,3046
14547,-6855,19986
14548,-15318,-13756
14549,25371,-12917
14550,12661,20527
14551,-25131,3576
14552,-1708,-16162
14553,24015,5617
14554,4034,-1248
14555,1172,-18993
14556,11399,10236
14557,-12770,16488
14558,-14833,-16818
14559,19945,-3357
14560,4976,23141
14561,-23643,-6507
14562,8594,-24641
14563,17229,5606
14564,-18952,15415
14565,-5756,5053
14566,11944,14558
14567,-17004,4962
14568,-6060,-21168
14569,26750,399
14570,-4815,21531
14571,-27721,-15059
14572,12856,-21352
14573,20996,21118
14574,-15319,9972
14575,-3990,-22794
14576,23085,-2937
14577,357,1107
14578,-4868,-22161
14579,17890,2830
14580,-8294,22356
14581,-22029,-15609
14582,21312,-19376
14583,11636,18991
14584,-29821,5680
14585,-1140,-20374
14586,18950,7659
14587,-9328,20970
14588,4528,-680
14589,23126,8202
14590,-12294,11670
14591,-17060,-20543
14592,17542,-8702
14593,4608,29757
14594,-15323,10526
14595,17400,-10713
14596,23633,13130
14597,-17749,9396
14598,-10935,-18951
14599,20438,-8030
14600,-1199,2546
14601,-7497,-17045
14602,24040,-3665
14603,-60,23728
14604,-30742,-7341
14605,8639,-26199
14606,16759,18305
14607,-23182,14823
14608,-2358,-30824
14609,27795,-2346
14610,-1648,28185
14611,-4828,-7208
14612,18152,-2906
14613,-9193,25185
14614,-20990,-8113
14615,22088,-16207
14616,17331,24682
14617,-25682,6307
14618,-2291,-28331
14619,28234,4421
14620,-9905,22299
14621,-22617,-10742
14622,12045,-12509
14623,1314,336
14624,-11986,-21077
14625,19100,-12357
14626,5016,24063
14627,-28301,680
14628,9068,-23499
14629,25734,20843
14630,-22123,28992
14631,-15697,-19483
14632,28060,-13301
14633,11945,13771
14634,-4403,-4687
14635,17144,1333
14636,-66,24660
14637,-23560,-8815
14638,17886,-25108
14639,31249,22309
14640,-25292,22431
14641,-24731,-24442
14642,20853,-4740
14643,-4256,33562
14644,-25058,4616
14645,12443,-16401
14646,-833,-306
14647,-29036,-16888
14648,14338,-21884
14649,20457,20448
14650,-30204,14625
14651,-9549,-19724
14652,33727,7818
14653,7107,17724
14654,-8558,-26858
14655,16898,-16368
14656,11265,21541
14657,1499,1612
14658,22877,-5541
14659,10011,21380
14660,-22455,-1132
14661,2201,-30757
14662,16378,4700
14663,-31057,24642
14664,-26496,-11483
14665,28586,-6759
14666,8791,29633
14667,-28369,2391
14668,1800,-25188
14669,7200,5102
14670,-21522,-1659
14671,5127,-22165
14672,26095,22684
14673,-10128,23840
14674,-7390,-29037
14675,27250,1863
14676,72,37916
14677,-25930,-12254
14678,13189,-21927
14679,24779,14446
14680,-1084,-7301
14681,17724,-23340
14682,20479,5961
14683,-26014,-3775
14684,-7089,-27151
14685,37023,6791
14686,-6787,26961
14687,-29517,-15055
14688,23952,-20768
14689,21676,23695
14690,-17400,6586
14691,-5524,-31719
14692,-8395,4386
14693,-27825,18316
14694,8131,-22031
14695,24892,2393
14696,-24825,30319
14697,-25597,-23081
14698,28773,-26180
14699,12514,30961
14700,-31753,16147
14701,5158,-12593
14702,34808,6816
14703,1110,-4991
14704,10526,-14899
14705,31928,28998
14706,-13963,26448
14707,-19397,-25966
14708,28636,-11127
14709,6034,28904
14710,-25310,-4722
14711,15795,-34655
14712,21923,5282
14713,-23901,16781
14714,-13363,-16978
14715,12759,-1699
14716,-16608,11897
14717,-13058,-27464
14718,29910,-11366
14719,-3486,32550
14720,-40858,-7772
14721,13703,-25293
14722,23741,27366
14723,-30784,10817
14724,-1699,-31541
14725,37647,-359
14726,-5522,1842
14727,-7677,-32880
14728,25981,5842
14729,-8441,39171
14730,-16966,-11449
14731,35224,-23108
14732,16156,26726
14733,-32449,11345
14734,2000,-26763
14735,29022,10936
14736,-11288,26640
14737,-21436,-16132
14738,4306,-2342
14739,-3367,17822
14740,-10911,-29818
14741,5235,-21891
14742,-11645,32827
14743,-30410,-1754
14744,14799,-35427
14745,35763,15424
14746,-16595,22664
14747,-17722,-23464
14748,22318,-15681
14749,-7316,2075
14750,-15455,-13852
14751,36513,7343
14752,10612,33384
14753,-33952,-10103
14754,15849,-25731
14755,33145,32160
14756,-19942,24788
14757,-10354,-33945
14758,30395,-6594
14759,11226,28264
14760,-5997,-10056
14761,6962,-7180
14762,-11382,25309
14763,-20546,-13243
14764,24636,-25561
14765,22571,30653
14766,-33713,15463
14767,-14120,-37726
14768,29211,-5277
14769,-7810,23413
14770,-28224,-8644
14771,-1750,-4762
14772,-17267,6761
14773,-20295,-25538
14774,23978,-10454
14775,10925,33345
14776,-31673,1194
14777,-3898,-29112
14778,18922,16906
14779,-17022,33636
14780,-6071,-7093
14781,41817,-7951
14782,9303,13290
14783,-34436,-3218
14784,514,-61
14785,5148,24391
14786,-31823,-9642
14787,8443,-35389
14788,40012,18059
14789,-20508,29208
14790,-25549,-26381
14791,29487,-9584
14792,2604,36286
14793,-28855,-3163
14794,7123,-32034
14795,-2943,2940
14796,-29066,-5960
14797,15269,-30456
14798,15637,10885
14799,-41569,23865
14800,-10709,-14862
14801,40038,7055
14802,-9586,33269
14803,-36562,-18368
14804,18360,-29257
14805,19338,21934
14806,-23992,14694
14807,-1067,-4338
14808,24947,24524
14809,239,5346
14810,11410,-38697
14811,30311,-1971
14812,-18184,30655
14813,-26909,-11317
14814,31656,-13574
14815,18802,32748
14816,-23494,12105
14817,1356,-26422
14818,-4111,-4698
14819,-38755,-4716
14820,5931,-23290
14821,33430,19296
14822,-24463,26749
14823,-23908,-36975
14824,34362,-21308
14825,11447,38263
14826,-29926,2736
14827,5588,-29668
14828,19565,18441
14829,-14322,29381
14830,3560,1426
14831,19997,21299
14832,-24979,23748
14833,-14839,-21237
14834,37085,-7085
14835,856,35371
14836,-33096,-982
14837,19571,-29391
14838,29040,13956
14839,-15148,10029
14840,-7863,-29054
14841,-1320,1938
14842,-26955,14540
14843,-440,-31061
14844,34134,-7868
14845,-3478,33328
14846,-22547,-16280
14847,17896,-38511
14848,4831,11834
14849,-43293,8463
14850,-10811,-16332
14851,31801,16874
14852,5862,21622
14853,5445,-10910
14854,25975,12147
14855,-13705,31386
14856,-22750,-12483
14857,28626,-14089
14858,14552,32777
14859,-22585,11342
14860,14219,-28234
14861,26254,5820
14862,-22363,21366
14863,-21779,-14345
14864,5314,1423
14865,-13115,23430
14866,-6455,-19104
14867,33297,-17454
14868,4402,28561
14869,-34838,-4276
14870,10954,-33518
14871,29147,22400
14872,-24109,26311
14873,-13348,-30587
14874,34808,-11460
14875,13272,23664
14876,-4634,-6773
14877,14801,-337
14878,-4564,40041
14879,-17120,7765
14880,23687,-18195
14881,23186,24760
14882,-26253,17055
14883,-18314,-29091
14884,20062,-3289
14885,2228,24111
14886,-15468,830
14887,5189,6625
14888,-6113,16118
14889,-15422,-18708
14890,26543,-14025
14891,18233,32606
14892,-30636,13813
14893,825,-30073
14894,33953,1471
14895,-8643,28235
14896,-12988,-15769
14897,23341,-19752
14898,8365,19528
14899,1915,-687
14900,30346,-8968
14901,4136,28007
14902,-31464,-6313
14903,7813,-39567
14904,27400,21442
14905,-20195,29318
14906,-22919,-22503
14907,15507,9422
14908,4836,41873
14909,-8083,4527
14910,8790,10179
14911,-10852,32963
14912,-27889,-11101
14913,15408,-29845
14914,27333,16380
14915,-13177,21131
14916,2890,-16197
14917,39006,-6434
14918,854,11977
14919,-25460,-20359
14920,13033,-22848
14921,21798,18068
14922,5287,507
14923,19614,-23435
14924,9682,17588
14925,-23555,12788
14926,-6826,-29759
14927,10012,7135
14928,-26522,31455
14929,-27274,-18235
14930,23676,-17982
14931,14406,14743
14932,-27189,-5852
14933,-4723,-7063
14934,9350,26924
14935,-17065,14016
14936,10733,-4921
14937,37233,23967
14938,-8550,21545
14939,-14374,-27529
14940,25356,-17916
14941,610,28971
14942,-28158,6098
14943,7929,-26430
14944,24007,-1420
14945,3514,-5950
14946,12519,-29803
14947,12863,4104
14948,-24613,11765
14949,-13946,-25474
14950,28957,2329
14951,462,33391
14952,-30524,-12139
14953,11097,-23811
14954,19797,15393
14955,-15715,8430
14956,-3610,1193
14957,3952,29786
14958,-20250,9542
14959,5610,-26177
14960,31069,9041
14961,-13435,31879
14962,-28571,-11776
14963,12784,-16785
14964,5493,23562
14965,-21524,12882
14966,13335,-15214
14967,35343,-4375
14968,3516,-8691
14969,4216,-20900
14970,20688,13671
14971,-12210,25459
14972,-21752,-19513
14973,17378,-18114
14974,10380,19906
14975,-20612,-3979
14976,-2068,-30185
14977,5941,3530
14978,-17731,13757
14979,-327,-4873
14980,19087,12548
14981,-13576,13459
14982,-15185,-20607
14983,21829,-6811
14984,-651,23692
14985,-31729,360
14986,10361,-9836
14987,27923,21561
14988,-16922,12794
14989,-11088,-20192
14990,23237,-7194
14991,251,5068
14992,-4134,-13675
14993,27681,1181
14994,120,23445
14995,-22072,-11676
14996,23329,-25902
14997,16983,16560
14998,-31033,10186
14999,-3147,-25893
15000,26949,3955
15001,-2763,29039
15002,-1144,129
15003,16486,-373
15004,-16047,8597
15005,-23459,-19473
15006,16972,-7852
15007,7126,29938
15008,-27919,1694
15009,-169,-24750
15010,23367,12646
15011,-10299,19585
15012,-15647,-14824
15013,6830,-6643
15014,-6788,10102
15015,-900,-7347
15016,30954,1222
15017,3508,22631
15018,-26292,-8527
15019,9990,-26274
15020,16807,16652
15021,-19873,19742
15022,-3998,-22583
15023,23471,-5900
15024,3136,23142
15025,1628,-4111
15026,18741,-4011
15027,-6431,22285
15028,-17545,-8284
15029,20405,-21178
15030,18905,22915
15031,-21224,11025
15032,-7460,-29151
15033,20941,358
15034,-7318,20563
15035,-20142,-9072
15036,10945,-2787
15037,3767,10123
15038,-12854,-21062
15039,15536,-15495
15040,10803,25781
15041,-22502,7520
15042,3434,-20994
15043,23557,12546
15044,-10960,23040
15045,-7653,-17287
15046,22212,-11495
15047,6191,20171
15048,-745,4955
15049,21009,-354
15050,4130,20446
15051,-15734,-3859
15052,14116,-26413
15053,20551,8390
15054,-16333,11981
15055,-9511,-26279
15056,18854,-5387
15057,-4575,31997
15058,-18342,1562
15059,9169,-20228
15060,164,2907
15061,-18522,-6652
15062,10137,-17412
15063,9872,17891
15064,-25217,14728
15065,-2488,-18886
15066,29240,7586
15067,-2397,24125
15068,-18426,-18313
15069,11442,-15628
15070,11953,18696
15071,-995,-4
15072,17319,-6318
15073,11481,22610
15074,-17283,556
15075,5824,-28622
15076,26323,6998
15077,-14701,22379
15078,-17852,-14952
15079,25178,-10336
15080,7067,21237
15081,-20013,288
15082,5912,-19459
15083,-1276,3348
15084,-25079,-1682
15085,8945,-15615
15086,19749,18700
15087,-18491,18727
15088,-5707,-28994
15089,25262,-9364
15090,-5121,31186
15091,-23945,-2004
15092,9004,-17373
15093,13518,16775
15094,-2924,6339
15095,17036,-10129
15096,15709,19501
15097,-23449,12092
15098,-9488,-22504
15099,26113,3800
15100,-2244,26398
15101,-20550,-13472
15102,14892,-17331
15103,13574,25656
15104,-14799,10145
15105,-3065,-24398
15106,462,-386
15107,-17506,5269
15108,3571,-22364
15109,19477,1402
15110,-17421,16418
15111,-24199,-26545
15112,15276,-17295
15113,5594,26630
15114,-27864,770
15115,-1146,-17638
15116,24872,14007
15117,2544,-253
15118,3209,-22089
15119,14727,15148
15120,-13422,17549
15121,-11217,-23065
15122,24338,-1723
15123,1895,29499
15124,-23436,-11101
15125,14255,-31084
15126,20343,10973
15127,-18546,13610
15128,-11585,-15448
15129,3410,1024
15130,-17548,6838
15131,-4639,-22226
15132,22949,-2035
15133,-7444,23739
15134,-24500,-17003
15135,16399,-23905
15136,16651,25047
15137,-21167,12222
15138,-3537,-23985
15139,21015,34
15140,-395,6298
15141,4349,-18392
15142,20555,9535
15143,-15023,29751
15144,-21252,-14783
15145,26258,-17410
15146,14168,26740
15147,-27547,5509
15148,5,-23244
15149,23402,15920
15150,-8175,18483
15151,-12936,-21801
15152,1010,1292
15153,-17554,18252
15154,-9654,-24600
15155,25066,-10826
15156,2276,32262
15157,-26665,-4206
15158,10535,-27707
15159,21819,15566
15160,-19728,14578
15161,-8639,-19362
15162,22420,-6519
15163,-2528,-841
15164,-5301,-20534
15165,23077,3343
15166,-4429,25530
15167,-25197,-13903
15168,16384,-21988
15169,18166,26634
15170,-21065,14977
15171,-2872,-27377
15172,24063,4978
15173,-4867,28251
15174,-16371,-9336
15175,3741,-1452
15176,-11656,24668
15177,-16995,-11116
15178,23559,-15994
15179,14673,26226
15180,-28237,4707
15181,2189,-26195
15182,31649,12528
15183,-12195,22625
15184,-19581,-18109
15185,17001,-13156
15186,1260,3151
15187,-11822,-21891
15188,19177,-10986
15189,6727,26200
15190,-24658,-2884
15191,6134,-30215
15192,21968,13569
15193,-21474,21685
15194,-16792,-21372
15195,29585,-5642
15196,8332,24585
15197,-26159,-34
15198,-769,1116
15199,1522,24348
15200,-20100,-8692
15201,11598,-22175
15202,19536,24020
15203,-26418,14949
15204,-9156,-32048
15205,29083,-3773
15206,-8447,32151
15207,-23041,-3988
15208,14757,-21996
15209,1280,3260
15210,-16348,-7726
15211,19550,-16294
15212,11772,18506
15213,-30672,8498
15214,-1456,-27147
15215,33056,8664
15216,-7787,29749
15217,-22798,-22597
15218,21190,-21876
15219,14608,23538
15220,-19694,5962
15221,620,-1877
15222,4374,33359
15223,-23638,6083
15224,7926,-30984
15225,30601,11490
15226,-20217,25652
15227,-18263,-20873
15228,33529,-10024
15229,7112,26100
15230,-26533,-871
15231,5022,-17720
15232,1127,5261
15233,-25183,-11094
15234,12578,-24502
15235,27520,19069
15236,-23121,18736
15237,-17332,-29289
15238,28325,-4823
15239,-125,33526
15240,-24833,-8556
15241,22551,-27763
15242,21392,14566
15243,-25641,15848
15244,-686,-1274
15245,19696,20003
15246,-24049,9306
15247,-11107,-27000
15248,30152,617
15249,-8697,27851
15250,-27796,-16873
15251,18705,-23296
15252,11676,30219
15253,-21580,13701
15254,261,-29746
15255,3015,470
15256,-24974,8682
15257,1549,-26802
15258,26363,2547
15259,-16294,28658
15260,-21016,-19527
15261,33186,-21372
15262,15625,25430
15263,-33390,2262
15264,4446,-29897
15265,30313,7198
15266,-13384,22762
15267,-4524,-2117
15268,23144,13117
15269,-16643,17868
15270,-15116,-26427
15271,31127,-10765
15272,-2042,37124
15273,-32782,-4003
15274,16884,-32121
15275,23310,25479
15276,-20367,24025
15277,-9583,-24560
15278,1344,411
15279,-29300,12962
15280,-8838,-25482
15281,32065,-782
15282,-5472,32824
15283,-30518,-14784
15284,21792,-27487
15285,21744,27228
15286,-32268,14136
15287,-9899,-34096
15288,25971,-648
15289,-3511,30340
15290,629,-4835
15291,26680,709
15292,-16073,28079
15293,-28755,-14774
15294,27961,-25946
15295,12841,30530
15296,-39526,14151
15297,-2009,-28685
15298,31702,10763
15299,-10081,20767
15300,-20037,-19613
15301,2329,6003
15302,-15544,22240
15303,-10992,-28607
15304,29452,-16057
15305,9232,35200
15306,-27411,-668
15307,7104,-35072
15308,24231,13672
15309,-18169,27812
15310,-11918,-19358
15311,25851,-12011
15312,7574,21764
15313,-96,-2021
15314,28397,-6777
15315,1514,25072
15316,-30682,-4757
15317,13248,-26864
15318,29066,26820
15319,-18322,21221
15320,-8615,-34875
15321,29436,-3305
15322,-1727,30054
15323,-24464,-7209
15324,1443,1263
15325,-10009,29373
15326,-20600,-15482
15327,22179,-28551
15328,14595,25144
15329,-35471,12859
15330,-4500,-30034
15331,35255,9172
15332,-10184,31348
15333,-27581,-22928
15334,19186,-20840
15335,18026,24213
15336,-5667,-2089
15337,16356,-14253
15338,9892,31218
15339,-23889,8717
15340,7975,-33642
15341,30164,11831
15342,-24935,28247
15343,-25459,-24405
15344,33222,-13273
15345,8637,27027
15346,-30831,5406
15347,6838,-854
15348,7342,21252
15349,-28572,-7761
15350,7909,-24199
15351,27609,22202
15352,-24505,21234
15353,-16411,-27262
15354,32793,-3380
15355,3077,35410
15356,-27549,-8155
15357,10573,-32281
15358,19027,6994
15359,-3235,-424
15360,20115,-20790
15361,19298,19963
15362,-29215,17369
15363,-8039,-32517
15364,36959,-3711
15365,-9771,32031
15366,-35720,-11116
15367,22309,-19191
15368,22175,20896
15369,-20701,9808
15370,3636,-386
15371,10722,29688
15372,-28894,9841
15373,-2858,-30298
15374,31721,4668
15375,-12912,31296
15376,-23588,-16048
15377,26709,-20837
15378,10426,25690
15379,-34480,6612
15380,-1221,-22407
15381,29641,9764
15382,2267,5698
15383,7708,-24244
15384,24735,11581
15385,-18788,24398
15386,-25648,-24352
15387,25964,-10007
15388,6798,33035
15389,-29453,-3032
15390,13954,-28474
15391,22844,12466
15392,-19721,17690
15393,-632,-2913
15394,13332,21029
15395,-27004,18688
15396,-8602,-23019
15397,35708,-2545
15398,-2814,27739
15399,-34052,-15960
15400,12056,-24750
15401,21470,29020
15402,-24510,16432
15403,-11757,-24900
15404,26082,-1800
15405,2625,1896
15406,-5802,-28877
15407,20592,2275
15408,-7757,31690
15409,-22668,-12375
15410,30230,-21257
15411,21175,23809
15412,-30929,8720
15413,283,-28482
15414,27837,-711
15415,-10679,20279
15416,-4938,1696
15417,23895,12435
15418,-7632,15203
15419,-16757,-24928
15420,22716,-14171
15421,4398,30530
15422,-33319,1107
15423,5160,-31648
15424,29240,10725
15425,-14434,23927
15426,-11174,-17112
15427,24910,-14200
15428,-3544,1602
15429,-13876,-20469
15430,28355,-4743
15431,4959,31147
15432,-32888,-3683
15433,11818,-29079
15434,23585,16301
15435,-26946,15058
15436,-15513,-29793
15437,18257,-3000
15438,177,28523
15439,2975,-2442
15440,23561,-257
15441,-7348,22448
15442,-24902,-13702
15443,14594,-22384
15444,15478,26089
15445,-25005,14280
15446,-2490,-26677
15447,34344,1046
15448,-3602,21146
15449,-22384,-12678
15450,13647,-14691
15451,-520,2974
15452,-18875,-16735
15453,22683,-11689
15454,14780,25419
15455,-28936,3246
15456,2562,-32365
15457,24319,6261
15458,-18830,27531
15459,-15379,-17019
15460,22423,-13901
15461,9867,22794
15462,1221,888
15463,20914,-8041
15464,-1037,22755
15465,-26436,226
15466,11836,-23302
15467,29155,17740
15468,-16311,18678
15469,-15064,-27812
15470,26501,-10279
15471,4030,25439
15472,-23638,-1219
15473,3355,-18898
15474,358,1594
15475,-17939,-8556
15476,15200,-19301
15477,16944,14158
15478,-26606,11445
15479,-8525,-25590
15480,25126,2136
15481,-6534,31321
15482,-19688,-10847
15483,15804,-19477
15484,15836,14593
15485,-264,-2671
15486,17306,-11580
15487,9131,23718
15488,-22887,7414
15489,2824,-26532
15490,30552,6680
15491,-10219,23825
15492,-21613,-18114
15493,19159,-17147
15494,4646,22932
15495,-24284,9353
15496,2527,-16406
15497,1183,1149
15498,-25580,-3028
15499,5583,-21814
15500,22222,11525
15501,-18921,24208
15502,-13742,-18831
15503,25974,-11125
15504,5905,22782
15505,-21548,-5608
15506,2902,-18519
15507,13974,13169
15508,-1111,1027
15509,11941,-14771
15510,15976,19037
15511,-15574,15464
15512,-7356,-24242
15513,24471,-4761
15514,-2016,24231
15515,-21868,-7417
15516,15857,-18020
15517,17393,19057
15518,-15814,11262
15519,-4899,-19709
15520,1252,-503
15521,-22258,7034
15522,-2157,-17394
15523,25631,4102
15524,-4719,23505
15525,-15317,-15382
15526,22567,-16802
15527,12404,21830
15528,-25974,4494
15529,-4718,-17124
15530,18809,7121
15531,-434,2449
15532,5991,-16848
15533,17372,9703
15534,-15240,17402
15535,-16285,-17739
15536,20109,-9495
15537,3495,24362
15538,-22124,2285
15539,10125,-20118
15540,22745,11560
15541,-10592,14774
15542,-13104,-17662
15543,-1110,-2471
15544,-16500,13098
15545,-5062,-14546
15546,23777,-2719
15547,-1146,23253
15548,-21597,-11982
15549,14008,-23212
15550,15687,18241
15551,-20218,12780
15552,-3344,-13754
15553,21462,1633
15554,-290,132
15555,-174,-20387
15556,17326,3176
15557,-9326,20110
15558,-20689,-13201
15559,16500,-14140
15560,15676,23540
15561,-17379,7104
15562,-1808,-24059
15563,18561,5034
15564,-8101,18324
15565,-16440,-10308
15566,3096,1415
15567,-6705,15137
15568,-8282,-18643
15569,18761,-14019
15570,2760,21440
15571,-25498,-1452
15572,5428,-20941
15573,21019,13279
15574,-11910,13670
15575,-5483,-16329
15576,16561,-5174
15577,-7862,714
15578,-10032,-19992
15579,19329,288
15580,-49,25269
15581,-20986,-6369
15582,12809,-18625
15583,14747,16062
15584,-25430,8939
15585,-10669,-20881
15586,21492,1096
15587,-3715,18314
15588,-17535,-5278
15589,5980,-955
15590,-3881,14706
15591,-14512,-10144
15592,16255,-11858
15593,12604,22654
15594,-19117,9611
15595,2976,-18958
15596,22095,5732
15597,-11201,18720
15598,-12742,-11369
15599,13768,-14636
15600,-2596,-225
15601,-9140,-11244
15602,19032,-5949
15603,6252,13993
15604,-19717,-7582
15605,6055,-22748
15606,17607,11848
15607,-17100,15125
15608,-14546,-17851
15609,20264,-1545
15610,7328,21887
15611,-16480,-1754
15612,336,-1855
15613,-497,17896
15614,-17872,-7466
15615,5169,-17102
15616,10959,19312
15617,-20735,11966
15618,-2786,-23613
15619,25643,-4132
15620,-6982,18706
15621,-17981,-5438
15622,13433,-12217
15623,4730,2482
15624,-9092,-11267
15625,17020,-10907
15626,11970,18484
15627,-21572,4662
15628,-4639,-22049
15629,19906,7196
15630,-8233,20810
15631,-16927,-15559
15632,15624,-15269
15633,6827,9778
15634,-17693,-1680
15635,2109,-2533
15636,2579,16030
15637,-19843,-2284
15638,9060,-17042
15639,27610,12257
15640,-15899,17928
15641,-20886,-13475
15642,19994,-8277
15643,9272,20300
15644,-18920,6713
15645,-3894,-13605
15646,89,2227
15647,-17991,1275
15648,-1969,-19983
15649,20874,3593
15650,1311,29856
15651,-13336,-4324
15652,12506,-20996
15653,15703,15525
15654,-18590,12487
15655,-13929,-19087
15656,15150,-1451
15657,2468,16317
15658,-3774,-1447
15659,18335,-5824
15660,2860,-1590
15661,-16281,23
15662,8083,6632
15663,8322,-5088
15664,-15363,-7946
15665,2722,11180
15666,18730,-1288
15667,-4501,-10637
15668,-4945,11840
15669,15787,-3354
15670,1725,-20735
15671,-11387,13936
15672,8284,15939
15673,7181,-17111
15674,-8379,-2533
15675,8867,13970
15676,13024,-9452
15677,-14013,-8828
15678,-5573,9949
15679,17381,-6426
15680,-1799,-15255
15681,-10470,8131
15682,13282,2362
15683,5341,-16953
15684,-12817,5250
15685,8131,13037
15686,12293,-15621
15687,-8972,-6292
15688,8240,16301
15689,19072,-5788
15690,-14178,-13735
15691,-10886,8668
15692,17558,-1397
15693,-1148,-16617
15694,-11319,4960
15695,14172,8718
15696,6247,-13301
15697,-13279,1587
15698,6366,18645
15699,15544,-16182
15700,-3804,-24798
15701,3147,15278
15702,16005,6059
15703,-9779,-19727
15704,-14578,8605
15705,14973,7574
15706,1145,-25352
15707,-14875,-2666
15708,16830,12543
15709,10371,-14680
15710,-19262,-4976
15711,255,11614
15712,3683,-5828
15713,-13110,-4962
15714,3839,3169
15715,3576,-6470
15716,-11075,-3472
15717,191,2537
15718,814,-1072
15719,-3154,418
15720,474,-811
15721,-6337,-1946
15722,130,2371
15723,4483,0
15724,-4270,-2897
15725,7229,-5424
15726,5266,-8018
15727,-9070,3265
15728,6642,7515
15729,10337,-5311
15730,-2623,-2050
15731,805,5844
15732,1797,-3220
15733,2576,-2575
15734,832,2772
15735,-3661,-5271
15736,7074,-2174
15737,692,4953
15738,-8063,-5294
15739,8995,-4594
15740,1783,7861
15741,-2719,3978
15742,16016,474
15743,-2595,3637
15744,-9702,-2306
15745,13794,-1081
15746,-3224,7193
15747,-13471,3707
15748,4993,3035
15749,-3206,9262
15750,-4799,5686
15751,7106,-1827
15752,-618,-3551
15753,-54,-1245
15754,4854,1224
15755,-425,682
15756,3799,-896
15757,2878,-662
15758,-3444,2513
15759,3033,2684
15760,1966,-3752
15761,-3557,-594
15762,1993,6546
15763,-910,-2976
15764,-7217,-4281
15765,-2017,9171
15766,-264,4504
15767,612,-2603
15768,5382,3499
15769,2255,-1034
15770,1861,-5278
15771,5840,749
15772,1207,-1084
15773,668,-694
15774,3917,5393
15775,578,4507
15776,3867,4376
15777,7070,1506
15778,1476,-2752
15779,4739,3171
15780,6428,1687
15781,-2579,-1271
15782,3653,9728
15783,10635,6570
15784,-5312,-3546
15785,-8493,2166
15786,4420,686
15787,-1508,-1395
15788,-2590,6746
15789,9826,1561
15790,2777,-1981
15791,568,4777
15792,14199,-315
15793,4621,-3650
15794,-6977,-1652
15795,5797,-3178
15796,6360,6087
15797,-7623,4619
15798,-796,-10811
15799,8696,2068
15800,-8252,12023
15801,-12190,-4725
15802,11364,4454
15803,7258,14467
15804,-7425,-5799
15805,5468,2979
15806,3068,15813
15807,-3224,-6107
15808,7241,2577
15809,-4845,12920
15810,-1666,-17382
15811,15030,-7359
15812,-10107,13691
15813,-3371,-5068
15814,24469,12872
15815,-7682,22212
15816,-7239,-16852
15817,19004,-556
15818,-14018,15987
15819,-6728,-19558
15820,23399,-1473
15821,-13090,13340
15822,-9757,-20896
15823,21830,482
15824,-4057,17717
15825,-3471,-9550
15826,9469,3937
15827,-13325,2771
15828,-1469,-16022
15829,1525,10964
15830,-22503,2756
15831,3016,-16468
15832,8903,13011
15833,-16541,2598
15834,5804,-11176
15835,9827,12789
15836,-8166,-5312
15837,8016,-11879
15838,-1378,7291
15839,-12767,-12829
15840,8962,-2145
15841,-4093,18185
15842,-12927,-11499
15843,10257,-4529
15844,-1343,11188
15845,-9608,-11633
15846,6919,2773
15847,-3886,13041
15848,-5751,-14097
15849,11669,-5333
15850,231,8459
15851,-8169,-3886
15852,3163,-860
15853,-1419,2593
15854,-2236,-2375
15855,7669,2092
15856,-472,545
15857,-493,-5375
15858,10005,-807
15859,-2547,3549
15860,-1578,-1786
15861,12786,-9123
15862,-9045,-8359
15863,-17020,-2316
15864,8965,785
15865,5659,938
15866,-2249,-19
15867,9853,-3378
15868,-2455,-6744
15869,-20756,-4895
15870,-9697,-3280
15871,7875,-1262
15872,5498,10009
15873,-7080,8828
15874,38,-6527
15875,8739,-1668
15876,-2745,4289
15877,78,-2865
15878,5973,3700
15879,-4031,3989
15880,3529,-2154
15881,6621,7603
15882,-3661,2741
15883,6522,-3021
15884,2862,4117
15885,-5551,-11862
15886,12388,-7655
15887,-1623,15303
15888,-17353,-9908
15889,9179,-14143
15890,-2925,15745
15891,-17874,-7225
15892,21078,-15403
15893,12664,18200
15894,-22737,6007
15895,-3587,-7522
15896,5597,7548
15897,646,1472
15898,9933,394
15899,-1488,2692
15900,-332,-4047
15901,6601,8079
15902,-11845,1778
15903,5868,-9728
15904,19365,11587
15905,-13342,1805
15906,-2552,-13169
15907,12338,13147
15908,-15430,3344
15909,34,-15809
15910,16591,8448
15911,-11313,7055
15912,-5353,-5589
15913,10573,7893
15914,-3160,2805
15915,-3153,-6834
15916,5393,-565
15917,6937,292
15918,6380,431
15919,54,-3348
15920,520,-5913
15921,2079,2785
15922,-2003,781
15923,2419,-4978
15924,5398,-319
15925,891,145
15926,-1631,-1224
15927,-772,-525
15928,2137,-314
15929,404,842
15930,1409,33
15931,5353,3340
15932,-4226,6445
15933,-4933,3027
15934,7988,4891
15935,869,3245
15936,-6539,-4284
15937,4437,987
15938,4380,6143
15939,-2700,115
15940,2802,-1453
15941,4962,242
15942,-2964,-4105
15943,-2984,-4133
15944,1733,4733
15945,762,3565
15946,2906,-2048
15947,-1193,4074
15948,-8860,78
15949,2100,-3279
15950,793,10011
15951,-10390,1966
15952,6325,-3300
15953,1408,10925
15954,-17775,-5741
15955,5964,-5887
15956,6459,19667
15957,-15728,-6832
15958,6168,-14812
15959,6576,19945
15960,-14548,-799
15961,7869,-15102
15962,8751,15665
15963,-17006,-474
15964,2471,-22432
15965,23055,2918
15966,3678,15824
15967,-13773,5701
15968,-3851,-7885
15969,18224,-11579
15970,14630,11007
15971,-12179,16844
15972,-13389,-10743
15973,8849,-15131
15974,14971,10765
15975,-2894,18595
15976,-16479,-8676
15977,-139,-24253
15978,8795,4850
15979,-10182,16626
15980,-1160,-5986
15981,15050,3193
15982,-8197,10773
15983,-5188,-14159
15984,16831,-3963
15985,-8798,9490
15986,-12853,-12575
15987,17733,2034
15988,-252,17557
15989,-14174,-16721
15990,12722,-9779
15991,3799,23281
15992,-13889,-2137
15993,9939,-16679
15994,14954,15019
15995,-12442,11226
15996,-15997,-22172
15997,5521,-13652
15998,9350,22737
15999,-9941,18012
16000,-8101,-18294
16001,15274,-9018
16002,4302,25353
16003,-20698,6513
16004,-999,-19511
16005,20458,9079
16006,-988,24413
16007,-9439,-8870
16008,15545,-14349
16009,14590,17592
16010,-9683,12780
16011,-4818,-14149
16012,8179,-1457
16013,-5369,13539
16014,-11615,-4785
16015,5740,-7898
16016,14030,7795
16017,7402,10226
16018,-1733,15244
16019,-13910,9126
16020,-13315,-22540
16021,8532,-20407
16022,16315,16421
16023,-6179,19501
16024,-18967,-2374
16025,1209,-10456
16026,24865,-5735
16027,20128,11677
16028,-5879,19813
16029,-17362,-1851
16030,-6206,-15846
16031,-1934,-7984
16032,-3633,-11656
16033,8818,-20013
16034,17433,-10583
16035,11748,-1120
16036,10854,-2840
16037,13299,1474
16038,5333,12205
16039,-12519,9673
16040,-24728,-5162
16041,-13517,-14178
16042,4605,-14133
16043,5586,-10480
16044,5820,-4598
16045,13677,1030
16046,11986,7773
16047,2612,17523
16048,-8888,21223
16049,-20175,11920
16050,-18762,-1256
16051,-10186,-7040
16052,-4437,-7679
16053,4505,-8275
16054,8836,-6736
16055,5133,-3856
16056,9268,1108
16057,15229,12822
16058,11467,18132
16059,9220,5238
16060,13606,-6564
16061,19822,-5172
16062,23727,-1262
16063,19521,7068
16064,12042,18528
16065,6847,19751
16066,-1886,18997
16067,-12641,18556
16068,-17945,2884
16069,-14802,-10958
16070,-3029,-8261
16071,7575,-9484
16072,8921,-7923
16073,7162,8906
16074,2343,15227
16075,-10210,7660
16076,-18672,514
16077,-9397,-14955
16078,10545,-27055
16079,22646,-17451
16080,17978,-2019
16081,3104,8918
16082,-10179,15287
16083,-16546,9618
16084,-17411,-673
16085,-11814,-6687
16086,1742,-8481
16087,13735,57
16088,15308,9139
16089,15226,2480
16090,19794,-5552
16091,18269,-3230
16092,11320,-4663
16093,14822,-10234
16094,23925,-8871
16095,22853,-7291
16096,18217,-9750
16097,18623,-7985
16098,17106,-5289
16099,12710,-5967
16100,10925,-289
16101,10001,10753
16102,4446,14435
16103,-6228,12247
16104,-14131,11837
16105,-15754,10045
16106,-13840,2781
16107,-3888,-6292
16108,8937,-13431
16109,9911,-18325
16110,5941,-18847
16111,6057,-14302
16112,4279,-10105
16113,5536,-8847
16114,12079,-5594
16115,12286,3502
16116,8753,13797
16117,8821,17337
16118,10475,15828
16119,14511,15336
16120,16554,14009
16121,13114,11072
16122,12690,9193
16123,11953,7727
16124,3198,7609
16125,-4417,6327
16126,-9965,116
16127,-19548,-3661
16128,-22664,-4309
16129,-16126,-10228
16130,-12882,-16587
16131,-13348,-18540
16132,-8182,-18140
16133,2175,-14201
16134,9438,-13070
16135,10312,-14444
16136,11329,-6510
16137,14157,1850
16138,12040,1261
16139,8773,125
16140,12043,-3279
16141,16770,-5615
16142,18681,1350
16143,19455,6607
16144,14365,12000
16145,167,20791
16146,-14247,12056
16147,-16725,-7159
16148,-3958,-10809
16149,8992,-1194
16150,896,7817
16151,-16010,-1891
16152,-9008,-23379
16153,11165,-15075
16154,10357,11829
16155,-3783,10586
16156,-6432,-6500
16157,5149,-11180
16158,20867,-4134
16159,19959,11530
16160,-881,17635
16161,-5460,-780
16162,14343,-12370
16163,15258,4748
16164,-7332,9583
16165,-8271,-17342
16166,11786,-21570
16167,9093,5889
16168,-11069,3135
16169,-9653,-20525
16170,7944,-13819
16171,16055,658
16172,15785,-698
16173,11856,3965
16174,4877,12710
16175,1328,11226
16176,-1999,5631
16177,-8630,1411
16178,-10556,-2088
16179,-10181,-7254
16180,-11020,-14404
16181,-1507,-16064
16182,10349,-3696
16183,2135,17376
16184,-12133,20916
16185,-8599,-2013
16186,2089,-17385
16187,7967,-9732
16188,13788,-3926
16189,18546,-3885
16190,17567,3620
16191,9233,10513
16192,-2487,7567
16193,-8590,-3075
16194,-7963,-16293
16195,-1920,-20532
16196,7099,-12559
16197,7753,-3078
16198,2119,5586
16199,1120,14186
16200,-1807,15961
16201,-10209,12202
16202,-16054,6988
16203,-17228,-1258
16204,-13075,-8265
16205,-5091,-10935
16206,3305,-7951
16207,11227,6433
16208,9990,20961
16209,-2087,18391
16210,-8530,4512
16211,-4959,-10005
16212,-682,-19091
16213,4557,-19063
16214,11664,-16184
16215,16158,-10226
16216,18654,-2117
16217,18885,-4459
16218,15113,-10314
16219,13029,-10933
16220,11751,-14647
16221,4882,-14944
16222,-299,-11190
16223,-3953,-13338
16224,-14296,-7522
16225,-17274,5093
16226,-10040,7746
16227,-9110,13011
16228,-3549,21508
16229,10575,18107
16230,12566,14462
16231,10943,12977
16232,14656,4816
16233,10273,3671
16234,9836,9092
16235,20549,5376
16236,19969,825
16237,11976,3114
16238,13731,4073
16239,14169,3811
16240,5727,5571
16241,-1488,9352
16242,-3789,15516
16243,-2827,15074
16244,2076,5271
16245,9308,369
16246,13890,-826
16247,10881,-9854
16248,2007,-17801
16249,-2018,-17080
16250,3977,-13649
16251,9065,-9525
16252,4896,-8319
16253,1419,-11138
16254,5502,-11374
16255,6762,-10061
16256,2261,-8037
16257,2517,-4128
16258,6543,-5361
16259,7233,-7961
16260,7607,-4173
16261,8939,-3049
16262,10085,-6716
16263,13915,-8451
16264,17367,-10530
16265,17369,-9692
16266,16988,-4166
16267,14163,-3539
16268,9247,-3458
16269,8532,3083
16270,8190,6388
16271,4147,7336
16272,1936,13723
16273,-233,17350
16274,-6521,14454
16275,-9982,9362
16276,-6072,-1330
16277,2276,-13302
16278,10543,-13388
16279,10323,-2084
16280,-1318,6621
16281,-13406,2323
16282,-12189,-6139
16283,2246,-1429
16284,10591,11634
16285,2285,17640
16286,-7496,17249
16287,-12618,12603
16288,-17916,2647
16289,-14804,-5068
16290,-6385,-9135
16291,-4364,-15115
16292,472,-18359
16293,11362,-14010
16294,17826,-5385
16295,18373,4643
16296,12010,12974
16297,1269,15815
16298,-6577,12421
16299,-11660,4744
16300,-9057,-2658
16301,1405,-6194
16302,7388,-4745
16303,11072,1788
16304,12671,8768
16305,2406,12044
16306,-7076,12200
16307,-6241,5501
16308,-3974,-7707
16309,3683,-14349
16310,13927,-9891
16311,13675,-2995
16312,10087,2880
16313,4945,7311
16314,-8698,7730
16315,-17718,5185
16316,-16951,1423
16317,-17435,-2458
16318,-16875,-4330
16319,-11896,-5955
16320,-6007,-8408
16321,2704,-7528
16322,11485,-4433
16323,14483,-2588
16324,14901,795
16325,16087,2244
16326,16340,-3609
16327,14104,-8619
16328,10058,-10134
16329,6805,-13986
16330,5155,-14983
16331,4910,-11848
16332,6483,-5948
16333,6507,9509
16334,1198,19986
16335,-7027,10692
16336,-10891,-192
16337,-4774,-7302
16338,6389,-14510
16339,10777,-5926
16340,4259,7449
16341,-5083,5480
16342,-6359,3577
16343,-2779,5720
16344,-4915,3967
16345,-7255,4930
16346,-5229,507
16347,-5545,-11072
16348,31,-13122
16349,13574,-10338
16350,15012,-6553
16351,4935,4394
16352,-3957,10040
16353,-13774,7407
16354,-16292,4906
16355,-4916,-2004
16356,4408,-6428
16357,6079,-1684
16358,8755,-2046
16359,10633,-5945
16360,9076,-2623
16361,10297,-2764
16362,14046,-7432
16363,12530,-1916
16364,8600,6856
16365,8284,6535
16366,6648,6114
16367,4202,7988
16368,5713,4870
16369,7224,5840
16370,8784,10908
16371,11270,4294
16372,11376,-4980
16373,11127,-6296
16374,9333,-12543
16375,7287,-17723
16376,10813,-10605
16377,11035,-7484
16378,7576,-10236
16379,13627,-5408
16380,18531,74
16381,12497,2173
16382,8280,5902
16383,5147,6841
16384,-1855,6601
16385,-4112,9437
16386,-5873,9644
16387,-12851,7246
16388,-14683,5951
16389,-12634,2640
16390,-11721,-2781
16391,-1865,-5162
16392,10343,-2951
16393,10027,787
16394,7670,4476
16395,5366,7123
16396,-7626,4954
16397,-16448,-99
16398,-13521,-3103
16399,-15034,-5735
16400,-17494,-7039
16401,-13381,-6158
16402,-12960,-8288
16403,-14706,-9002
16404,-12196,-2523
16405,-11475,3273
16406,-13169,4465
16407,-13075,6359
16408,-11088,11177
16409,-6279,16183
16410,483,17000
16411,8116,14150
16412,15457,9417
16413,16000,1027
16414,11062,-6315
16415,7894,-7922
16416,2201,-8426
16417,-5464,-7813
16418,-6749,-1549
16419,-6210,6441
16420,-4483,8460
16421,2882,5354
16422,6416,4990
16423,6422,5623
16424,9052,-674
16425,4526,-9486
16426,-5060,-12478
16427,-10377,-6465
16428,-12834,6524
16429,-4889,13426
16430,9997,8762
16431,13406,1036
16432,7653,-8554
16433,-2433,-11607
16434,-12343,3394
16435,-4908,16888
16436,10369,13551
16437,12947,6247
16438,10114,-4638
16439,4227,-15179
16440,-8466,-3871
16441,-12483,15220
16442,30,13043
16443,11852,-680
16444,7235,-10761
16445,-3672,-14200
16446,-6817,-5552
16447,-9137,5476
16448,-10621,10008
16449,-3365,14201
16450,4268,11970
16451,10196,3214
16452,14972,-640
16453,9785,-6767
16454,3500,-12279
16455,1259,-5657
16456,-7702,-2228
16457,-13676,-4177
16458,-9397,1989
16459,-5918,5960
16460,-1169,4763
16461,5577,5431
16462,6795,586
16463,5086,-4821
16464,-457,-2603
16465,-7897,-208
16466,-6346,3315
16467,-1047,8362
16468,2479,5726
16469,7864,-2499
16470,2145,-6954
16471,-12565,-457
16472,-6196,11237
16473,11682,7526
16474,4983,-5347
16475,-9416,-266
16476,1901,8863
16477,16697,-4267
16478,4648,-15481
16479,-11155,-392
16480,-3091,11953
16481,6537,760
16482,-4345,-6575
16483,-11640,3641
16484,74,8214
16485,6308,-1158
16486,-3243,-7095
16487,-10750,-23
16488,-8053,11701
16489,1433,14774
16490,12066,6449
16491,13612,-4909
16492,5840,-11741
16493,15,-10546
16494,-1154,-4934
16495,-1657,-4088
16496,-2915,-7105
16497,-7146,-4761
16498,-11176,3813
16499,-7316,11706
16500,1545,13844
16501,8543,10072
16502,11822,1935
16503,8639,-7279
16504,1946,-11366
16505,-3783,-9403
16506,-10968,-1697
16507,-9565,11083
16508,5073,11746
16509,6928,-2756
16510,-6695,-2927
16511,-6321,10582
16512,4966,10140
16513,9483,1981
16514,10274,-2959
16515,4853,-9223
16516,-6743,-8210
16517,-12322,1021
16518,-9231,7832
16519,2087,10743
16520,12942,4364
16521,6586,-9112
16522,-6014,-13980
16523,-7041,-9723
16524,-6554,-3255
16525,-11498,3340
16526,-12367,7171
16527,-5095,10417
16528,5140,10930
16529,10648,2561
16530,9245,-8088
16531,2973,-12985
16532,-5315,-9353
16533,-7858,2243
16534,-3224,10403
16535,1656,7690
16536,4980,481
16537,3715,-4430
16538,-3162,-3852
16539,-6648,1235
16540,-3737,7159
16541,3293,9797
16542,11334,3142
16543,9192,-8760
16544,-3639,-12025
16545,-11701,-3004
16546,-7461,7625
16547,2826,5262
16548,4309,-7394
16549,-7174,-7901
16550,-11027,5119
16551,367,7501
16552,4469,-4229
16553,-6843,-9469
16554,-13601,-741
16555,-4282,6235
16556,6466,-141
16557,3349,-9668
16558,-5837,-10785
16559,-9401,-4242
16560,-7868,4664
16561,-1656,7001
16562,5544,557
16563,6095,-4238
16564,3037,-4157
16565,1117,-4460
16566,-793,-4883
16567,-2139,-4624
16568,-3964,-3902
16569,-5972,-338
16570,-4190,3710
16571,-1000,4494
16572,1048,5084
16573,4894,3889
16574,7318,-4686
16575,1342,-10538
16576,-8040,-3492
16577,-6171,4098
16578,5657,2163
16579,7449,-3327
16580,-3106,-7331
16581,-9385,-3927
16582,-7958,8095
16583,-1108,13413
16584,9680,5186
16585,12059,-4231
16586,3911,-8567
16587,-3561,-8698
16588,-9225,-2118
16589,-9808,7365
16590,5,11298
16591,8865,8567
16592,9707,1701
16593,8014,-5641
16594,3646,-7464
16595,-1721,-4176
16596,-3671,-128
16597,-3874,5123
16598,-67,8998
16599,8184,7393
16600,11165,2849
16601,6692,-4025
16602,1254,-11001
16603,-4165,-9098
16604,-7927,-519
16605,-3556,4589
16606,6936,5200
16607,11504,1415
16608,5712,-6119
16609,-2501,-9281
16610,-6986,-5215
16611,-7082,-120
16612,-3680,2554
16613,-56,4217
16614,2563,5002
16615,4890,2333
16616,3975,-2076
16617,-1041,-3321
16618,-5775,-2252
16619,-6800,478
16620,-4129,6414
16621,368,10856
16622,6429,9854
16623,11285,3252
16624,6863,-6688
16625,-3642,-7234
16626,-5411,5358
16627,3455,10804
16628,10480,1681
16629,6788,-4692
16630,-2531,-1505
16631,-4780,3752
16632,-121,6639
16633,2939,4788
16634,5248,-873
16635,5108,-5885
16636,-1516,-8575
16637,-7549,-7024
16638,-9560,-1884
16639,-10220,1327
16640,-8185,4671
16641,-4686,9509
16642,526,7039
16643,5816,-905
16644,1809,-6026
16645,-5311,-9788
16646,-4320,-9053
16647,-5226,-2327
16648,-10488,1195
16649,-8447,2283
16650,-3783,5089
16651,-4034,6688
16652,-3299,8466
16653,1623,9449
16654,7337,8332
16655,10528,7485
16656,9628,1278
16657,4744,-7329
16658,-2995,-7200
16659,-9978,-3479
16660,-12878,841
16661,-10218,7596
16662,-1318,6750
16663,6391,193
16664,3049,-1850
16665,-5964,-1257
16666,-6965,4460
16667,2286,11683
16668,9413,5240
16669,3169,-4530
16670,-6382,871
16671,-1219,8045
16672,8916,1704
16673,2791,-6244
16674,-8065,-3396
16675,-3407,2455
16676,4181,938
16677,918,-3399
16678,-3497,-2176
16679,-4018,3000
16680,-1586,5661
16681,3944,2913
16682,3754,-1622
16683,-1810,-2956
16684,-3047,-901
16685,-2588,4097
16686,143,7249
16687,5211,-33
16688,-47,-7714
16689,-7647,-1319
16690,-1479,3854
16691,4442,-3953
16692,-1049,-5002
16693,-6098,6077
16694,-3334,11276
16695,4967,8717
16696,11223,4105
16697,7739,-3434
16698,-473,-4665
16699,-1752,4153
16700,5267,6027
16701,7626,-2924
16702,-266,-5580
16703,-3728,1371
16704,1374,6504
16705,4295,4362
16706,4737,-3998
16707,159,-8288
16708,-8180,981
16709,-3643,7460
16710,5942,-3110
16711,2075,-9225
16712,-2608,906
16713,838,6320
16714,4707,2510
16715,8295,1331
16716,7240,-1778
16717,342,-7170
16718,-4398,-4728
16719,-7288,1179
16720,-6302,3553
16721,1486,4569
16722,7528,2037
16723,7511,-3981
16724,1521,-3692
16725,-5479,4609
16726,-2305,8317
16727,2811,871
16728,-1967,-6514
16729,-6836,-4010
16730,-6704,2312
16731,-3374,5694
16732,3611,5240
16733,5738,-869
16734,2592,-8050
16735,653,-8438
16736,-4936,-4396
16737,-9521,-198
16738,-4804,3983
16739,-474,5480
16740,-187,4346
16741,1819,4137
16742,2840,4120
16743,2969,3163
16744,5064,1628
16745,6103,-1386
16746,6099,-4877
16747,5745,-7708
16748,2347,-8618
16749,-1784,-3916
16750,-1799,3381
16751,2171,5451
16752,5434,2921
16753,3650,-325
16754,-972,-3311
16755,-3941,-3466
16756,-6040,-274
16757,-7954,3058
16758,-7197,5023
16759,-3818,5717
16760,-853,5775
16761,-14,5855
16762,1232,5475
16763,4781,4470
16764,6254,3033
16765,4281,1238
16766,3550,-807
16767,2997,-3032
16768,146,-3637
16769,-1817,-1573
16770,-3609,1074
16771,-6913,3846
16772,-6450,6729
16773,-907,6443
16774,3445,2220
16775,3129,-2454
16776,-598,-5025
16777,-4638,-4394
16778,-6732,-1149
16779,-7317,1832
16780,-5377,3858
16781,-11,6000
16782,4357,5291
16783,4997,137
16784,3083,-3694
16785,-1892,-2061
16786,-5115,3018
16787,546,7510
16788,8381,6592
16789,8357,816
16790,2934,-3150
16791,-1989,-2619
16792,-2801,1121
16793,1561,4776
16794,5851,2611
16795,5111,-4007
16796,-314,-7087
16797,-5982,-3940
16798,-6097,1873
16799,-2711,5836
16800,-6,6918
16801,4095,6046
16802,6263,1995
16803,3342,-2564
16804,800,-2895
16805,-1723,-1081
16806,-4562,597
16807,-3662,2446
16808,-4241,3625
16809,-6018,5092
16810,-2506,6208
16811,-1054,6359
16812,-2222,8750
16813,2460,9583
16814,5321,3970
16815,2860,-803
16816,2458,-891
16817,398,-1974
16818,-3799,-2827
16819,-4455,473
16820,-3911,4355
16821,-2086,6593
16822,103,7196
16823,-85,4873
16824,1108,3989
16825,269,4899
16826,-2136,3161
16827,882,5632
16828,1010,9823
16829,698,6135
16830,6854,4920
16831,5821,4854
16832,3981,236
16833,7372,4243
16834,3953,3848
16835,7704,-2734
16836,7208,4829
16837,-12676,-5597
16838,-3456,-21808
16839,15675,10068
16840,-11089,23992
16841,-21999,-5466
16842,-1889,8182
16843,-14914,18893
16844,-14634,-21609
16845,15978,-12537
16846,-4085,22728
16847,-27597,-8409
16848,11942,-20136
16849,20163,26897
16850,-22559,20120
16851,-9486,-25221
16852,25573,-6021
16853,3402,25022
16854,-3518,4698
16855,20199,8747
16856,-3948,30526
16857,-16256,-9095
16858,26392,-24429
16859,17924,25019
16860,-23951,7848
16861,1393,-36905
16862,24643,6262
16863,-10728,30599
16864,-19193,-8414
16865,327,1864
16866,-17475,20917
16867,-19258,-15069
16868,22459,-13334
16869,13594,25744
16870,-28284,2348
16871,-2235,-30501
16872,25626,5389
16873,-11904,21812
16874,-19375,-20190
16875,11078,-15736
16876,1079,22579
16877,606,6029
16878,28560,-2146
16879,2942,28129
16880,-28499,3804
16881,8884,-28537
16882,21803,11659
16883,-23618,23986
16884,-15832,-15442
16885,28293,441
16886,9547,25453
16887,-16973,-4707
16888,166,-1759
16889,-6895,23220
16890,-16413,-10778
16891,22007,-19203
16892,20970,30005
16893,-23481,16089
16894,-1531,-29687
16895,28983,1297
16896,-13001,29904
16897,-24554,-6908
16898,16663,-12159
16899,9685,19512
16900,-6387,2818
16901,22245,-13255
16902,12715,17181
16903,-26944,7742
16904,-645,-25182
16905,32073,6539
16906,-4309,22589
16907,-16930,-21904
16908,21535,-14723
16909,8587,23018
16910,-24039,3346
16911,207,-1366
16912,4901,27592
16913,-23216,262
16914,2252,-28614
16915,21440,13314
16916,-19841,20581
16917,-14708,-32062
16918,28900,-14349
16919,143,35120
16920,-29397,-864
16921,13996,-23915
16922,24612,15390
16923,-4432,-1183
16924,15199,-20339
16925,19350,23376
16926,-12043,6286
16927,14419,-25460
16928,26331,29305
16929,-29553,26042
16930,-16208,-33299
16931,35905,4935
16932,-740,34740
16933,-27296,-12482
16934,6010,-618
16935,-6066,26421
16936,-16007,-17494
16937,29310,-17962
16938,17202,31245
16939,-32758,6433
16940,-193,-33632
16941,33481,3983
16942,-12461,20555
16943,-25262,-25601
16944,15267,-17250
16945,9685,23468
16946,-2450,-4086
16947,23484,-12754
16948,5561,31897
16949,-29997,3309
16950,6101,-38731
16951,26696,14124
16952,-23179,30415
16953,-20362,-23252
16954,28534,-7055
16955,2847,27212
16956,-29014,-3352
16957,3644,-2222
16958,-1881,26103
16959,-30501,-8555
16960,11679,-28355
16961,28332,19791
16962,-22590,21159
16963,-9554,-26183
16964,34359,-3506
16965,-3016,32480
16966,-28888,-11243
16967,12931,-25916
16968,16109,19369
16969,-5636,315
16970,20135,-24791
16971,15990,24900
16972,-29937,20030
16973,-5304,-30641
16974,34751,4498
16975,-10487,28309
16976,-29074,-22452
16977,25359,-14654
16978,18079,27615
16979,-25046,5230
16980,73,-1366
16981,9849,30161
16982,-23224,3812
16983,3937,-27970
16984,32428,14808
16985,-14601,28525
16986,-21174,-24858
16987,28313,-15790
16988,7319,33756
16989,-31280,3669
16990,7070,-26815
16991,26521,6137
16992,-3214,-80
16993,12549,-20896
16994,23358,19542
16995,-24311,20936
16996,-14532,-29210
16997,39356,-6811
16998,4568,32440
16999,-35459,-7093
17000,10175,-26079
17001,18267,17270
17002,-20205,18799
17003,3662,-4324
17004,17013,18345
17005,-26427,13614
17006,-9945,-28649
17007,32117,-1227
17008,-7945,36377
17009,-29437,-9119
17010,25558,-23156
17011,23101,25462
17012,-30154,10077
17013,-8541,-24849
17014,24681,3862
17015,-4974,3904
17016,-1435,-27280
17017,28308,6096
17018,-8191,27387
17019,-23478,-25229
17020,27355,-25936
17021,12317,31927
17022,-37363,13480
17023,-1230,-29722
17024,26137,5235
17025,-9279,26949
17026,2757,-1036
17027,23777,11193
17028,-21529,17817
17029,-23068,-25357
17030,29536,-11060
17031,6973,35859
17032,-32951,-139
17033,9741,-31953
17034,28207,12775
17035,-22250,19184
17036,-16440,-19102
17037,28754,-6080
17038,7975,5273
17039,-7524,-24862
17040,24453,-7259
17041,891,29084
17042,-31583,-6973
17043,15980,-26826
17044,25625,24102
17045,-25847,20890
17046,-6257,-29051
17047,27660,-3782
17048,-4356,27580
17049,-1488,-4460
17050,28306,2405
17051,-7507,31111
17052,-24483,-8366
17053,23878,-21958
17054,15750,25101
17055,-32606,10395
17056,-313,-29442
17057,35276,4592
17058,-12225,27530
17059,-25407,-8276
17060,16749,-13680
17061,-567,2587
17062,-19638,-16372
17063,21277,-11016
17064,9802,26157
17065,-32659,3076
17066,4863,-31161
17067,29347,11481
17068,-15571,27531
17069,-13059,-24359
17070,21546,-15001
17071,3150,26585
17072,-1524,1312
17073,25746,-4630
17074,-550,27408
17075,-29159,-3052
17076,14197,-27137
17077,26868,21240
17078,-27618,21820
17079,-19340,-28831
17080,33425,-6451
17081,8129,34638
17082,-24092,1823
17083,6482,-21822
17084,2540,-488
17085,-20503,-12307
17086,16069,-20371
17087,20479,22598
17088,-26249,18705
17089,-3651,-27098
17090,35450,-1761
17091,-4237,26780
17092,-24461,-15186
17093,13806,-17891
17094,14086,20704
17095,-968,412
17096,23428,-13664
17097,12825,19551
17098,-30450,520
17099,-7120,-35258
17100,25829,6167
17101,-11976,30304
17102,-19861,-18742
17103,25852,-20266
17104,10540,25635
17105,-23826,4733
17106,673,-27708
17107,-764,2151
17108,-27973,4831
17109,5654,-21308
17110,23596,10350
17111,-21334,21895
17112,-15894,-26716
17113,27170,-12488
17114,2696,29640
17115,-26522,-6252
17116,8089,-22487
17117,23411,16293
17118,2120,408
17119,13308,-20687
17120,14633,20647
17121,-23091,19277
17122,-9794,-25740
17123,28286,-2903
17124,-4969,29045
17125,-26468,-8456
17126,18847,-20630
17127,17759,19204
17128,-22133,9366
17129,-7353,-21388
17130,3448,1443
17131,-21047,4969
17132,-755,-23251
17133,24721,5293
17134,-12978,27766
17135,-23069,-17161
17136,23366,-17052
17137,14312,26949
17138,-26175,4594
17139,1112,-22637
17140,26542,3798
17141,-861,-66
17142,3970,-19886
17143,20032,8766
17144,-14397,14731
17145,-15203,-21604
17146,27736,-7606
17147,8125,25470
17148,-28708,-3738
17149,-429,-22268
17150,14686,15296
17151,-14498,14861
17152,-11786,-16464
17153,430,3784
17154,-18645,12895
17155,-6019,-22927
17156,24669,-4745
17157,-4965,32185
17158,-26784,-4275
17159,16780,-22101
17160,19841,18868
17161,-25034,10271
17162,-8500,-21797
17163,22481,-1260
17164,-1236,3876
17165,-494,-16902
17166,23607,9179
17167,-5494,26492
17168,-21399,-14841
17169,16466,-19719
17170,10432,21931
17171,-26638,7738
17172,-4250,-25280
17173,20192,4686
17174,-9490,20833
17175,-18531,-12446
17176,1325,-4893
17177,-11857,16519
17178,-14676,-12527
17179,19657,-11331
17180,8722,25794
17181,-24884,2452
17182,5393,-23992
17183,24374,11687
17184,-17233,16790
17185,-16040,-17771
17186,16127,-7930
17187,-1384,5108
17188,-3324,-18308
17189,25098,-8767
17190,378,18524
17191,-23403,-6063
17192,12887,-21169
17193,17130,15298
17194,-21070,14037
17195,-6886,-20993
17196,25372,-2450
17197,2466,17880
17198,-17118,-7787
17199,-142,-99
17200,-7506,22938
17201,-17447,-8872
17202,13898,-17378
17203,13344,22648
17204,-23610,8759
17205,-3574,-25933
17206,23493,3211
17207,-11314,22917
17208,-17683,-7789
17209,15467,-12109
17210,215,1705
17211,-13620,-14104
17212,16850,-9412
17213,7637,20346
17214,-23952,2907
17215,2672,-22573
17216,23737,7945
17217,-10449,19069
17218,-15277,-17221
17219,16973,-11487
17220,4915,16882
17221,-18243,1985
17222,1894,1035
17223,2986,22195
17224,-17147,-4026
17225,9213,-22173
17226,22376,15577
17227,-17189,15703
17228,-12375,-20485
17229,20986,-411
17230,-2689,22967
17231,-16477,-8213
17232,10984,-16211
17233,-242,3254
17234,-16065,-12101
17235,13554,-12778
17236,11715,21335
17237,-21113,10314
17238,-1427,-19683
17239,23632,3768
17240,-8319,18748
17241,-20066,-12095
17242,14187,-12253
17243,7942,15470
17244,-20032,8549
17245,-18,984
17246,8187,15875
17247,-18299,329
17248,-1188,-19839
17249,19476,9340
17250,-13604,21340
17251,-13391,-14112
17252,22380,-9732
17253,3296,21986
17254,-17783,1150
17255,5501,-19283
17256,-1249,2415
17257,-17279,-1136
17258,14382,-13790
17259,19420,13350
17260,-19132,14581
17261,-8667,-18127
17262,22854,-3443
17263,-3248,21506
17264,-21664,-4953
17265,12326,-15826
17266,15010,12436
17267,-12315,12103
17268,2173,853
17269,9115,16932
17270,-19194,7674
17271,-3754,-18712
17272,23273,4922
17273,-7771,23893
17274,-18003,-10999
17275,16918,-14602
17276,8396,18424
17277,-16512,3771
17278,-423,-16675
17279,857,5233
17280,-15784,1812
17281,6459,-17672
17282,20373,7913
17283,-11986,18188
17284,-13332,-14658
17285,20940,-8394
17286,6681,21185
17287,-19571,2315
17288,7615,-15599
17289,17691,8653
17290,-10412,15718
17291,-89,3445
17292,13867,16108
17293,-13355,13575
17294,-6634,-17193
17295,24220,-5002
17296,827,21396
17297,-19518,-8215
17298,10213,-20325
17299,13881,18131
17300,-12995,12099
17301,-7828,-15577
17302,-578,4754
17303,-16345,5591
17304,-2128,-20550
17305,20621,3202
17306,-6923,23234
17307,-20468,-10421
17308,15925,-14629
17309,11512,17123
17310,-20843,5456
17311,3238,-18573
17312,20308,1442
17313,-10030,14386
17314,-3267,-196
17315,18447,10112
17316,-7942,17355
17317,-11756,-14278
17318,20565,-11977
17319,4823,22074
17320,-23503,384
17321,1452,-21984
17322,17104,15311
17323,-8396,18916
17324,-11654,-16097
17325,1384,-2980
17326,-11241,8721
17327,-6329,-17198
17328,20835,-3428
17329,3004,24366
17330,-18606,-2630
17331,13967,-16697
17332,17942,16245
17333,-21108,13621
17334,-8460,-17179
17335,17242,-1332
17336,-4276,18671
17337,-2221,-1509
17338,19764,1996
17339,-4851,19490
17340,-16657,-10304
17341,16911,-17581
17342,12953,22452
17343,-17431,8101
17344,1157,-25421
17345,21322,4878
17346,-5701,18397
17347,-14525,-7830
17348,1714,6095
17349,-13982,17330
17350,-14613,-14322
17351,22186,-9619
17352,8608,21649
17353,-25753,98
17354,3655,-24214
17355,18623,6670
17356,-18158,16949
17357,-11635,-16566
17358,17674,-7887
17359,2873,20346
17360,-170,-197
17361,19246,-3076
17362,-1430,24644
17363,-21104,-540
17364,9523,-19611
17365,18163,20759
17366,-16766,15158
17367,-10106,-24136
17368,20749,1179
17369,-1363,21187
17370,-20441,-7816
17371,2566,-233
17372,-3263,18714
17373,-14591,-12290
17374,15619,-17596
17375,9528,22171
17376,-26537,11938
17377,-823,-23117
17378,25897,4014
17379,-9240,26898
17380,-17794,-9840
17381,14401,-14338
17382,8947,16318
17383,-1174,899
17384,21497,-5903
17385,8820,23498
17386,-22198,1833
17387,7631,-24945
17388,30045,14552
17389,-11596,20766
17390,-16587,-21403
17391,22844,-4850
17392,5496,25376
17393,-24173,353
17394,-157,-2222
17395,1344,22446
17396,-24133,-3506
17397,1341,-21495
17398,19883,21215
17399,-15509,24199
17400,-9525,-20487
17401,28787,-4222
17402,3496,26243
17403,-22978,-9364
17404,9230,-21713
17405,17039,13324
17406,-622,2309
17407,16944,-13227
17408,13327,19609
17409,-21999,10661
17410,-3011,-26555
17411,25487,5387
17412,-10797,29123
17413,-23702,-14858
17414,17526,-14549
17415,10885,27434
17416,-18971,11598
17417,2745,-2741
17418,4149,25900
17419,-28021,7043
17420,1105,-26083
17421,35526,11572
17422,-6784,27547
17423,-22825,-23674
17424,21316,-21210
17425,11746,26192
17426,-24908,7597
17427,1341,-18213
17428,22057,10268
17429,-1880,3818
17430,4957,-23946
17431,17121,8948
17432,-16956,18061
17433,-15265,-24903
17434,28042,-2829
17435,7867,35387
17436,-23485,-5733
17437,15245,-23878
17438,25387,15752
17439,-11609,13673
17440,4684,-61
17441,17527,23791
17442,-23917,13486
17443,-11060,-18448
17444,33969,7952
17445,174,29348
17446,-27441,-14884
17447,18707,-27248
17448,18917,15983
17449,-29469,9235
17450,-5772,-23724
17451,31300,-5843
17452,-3107,-2775
17453,-12582,-26511
17454,18548,6270
17455,-4940,32228
17456,-20190,-12211
17457,22794,-14776
17458,12747,31039
17459,-26734,5591
17460,7480,-31960
17461,26996,5578
17462,-12430,22627
17463,-1540,-5601
17464,26194,6435
17465,-9158,13038
17466,-15988,-25896
17467,24297,-16086
17468,3475,26399
17469,-28479,2314
17470,14364,-23098
17471,30041,15600
17472,-19287,23372
17473,-14765,-14450
17474,20887,-8130
17475,-3998,4002
17476,-13343,-21118
17477,18322,-2130
17478,-5181,32092
17479,-26700,-8871
17480,23139,-28881
17481,27652,21904
17482,-21024,14316
17483,-3925,-30953
17484,21956,-1066
17485,-7580,28462
17486,-552,4218
17487,25516,9928
17488,-14215,22377
17489,-31669,-12143
17490,18287,-12277
17491,14277,27304
17492,-30245,4376
17493,1132,-34798
17494,35293,-1879
17495,-11656,20114
17496,-28433,-14305
17497,14958,-15154
17498,8604,4068
17499,-9623,-16739
17500,25345,-9288
17501,14019,28914
17502,-36850,1347
17503,-7389,-30928
17504,24077,14597
17505,-20648,27691
17506,-16435,-22263
17507,36976,-10358
17508,17175,27146
17509,-8381,25
17510,21306,-5910
17511,5027,23336
17512,-28989,-5459
17513,13701,-26471
17514,33152,15525
17515,-17060,13033
17516,-7187,-27980
17517,35098,-5642
17518,-4186,25967
17519,-30794,258
17520,12096,-12480
17521,6781,4592
17522,-19209,-12235
17523,19713,-22190
17524,20193,17447
17525,-31344,13698
17526,-5493,-29494
17527,32173,3011
17528,-13313,35954
17529,-27170,-16075
17530,19754,-23347
17531,16608,20657
17532,-5184,-4232
17533,16329,-17693
17534,10040,25255
17535,-23934,3366
17536,2628,-32202
17537,34565,16919
17538,-9904,32122
17539,-30498,-25974
17540,20340,-16446
17541,19171,42017
17542,-19114,18327
17543,5493,-28573
17544,9077,-6680
17545,-32848,-300
17546,-4098,-25682
17547,27201,9882
17548,-19092,32080
17549,-13121,-20687
17550,42063,-17511
17551,11000,28577
17552,-31069,-2109
17553,6002,-23264
17554,21143,14382
17555,-4056,4039
17556,14663,-17903
17557,23316,17300
17558,-18769,14177
17559,-9113,-32686
17560,30526,-6932
17561,-5184,40475
17562,-28003,5985
17563,22407,-17967
17564,23192,25116
17565,-17901,13905
17566,-4572,-35213
17567,-2442,-4978
17568,-34462,18081
17569,-4565,-18552
17570,38615,5600
17571,1347,37052
17572,-24880,-20415
17573,18017,-32861
17574,15024,21415
17575,-34799,5071
17576,-12989,-23113
17577,24862,6763
17578,2120,-1817
17579,6449,-27466
17580,25871,10024
17581,-17259,21403
17582,-25465,-24340
17583,24933,-11219
17584,6265,33402
17585,-33569,1595
17586,5837,-26313
17587,28738,18881
17588,-14285,20012
17589,-23447,-24908
17590,1412,3153
17591,-7182,28734
17592,-2201,-16991
17593,32002,-7269
17594,8014,35202
17595,-32034,-10448
17596,3183,-35187
17597,19277,21170
17598,-26880,20715
17599,-17626,-18481
17600,18783,-939
17601,-1650,2192
17602,1656,-25108
17603,29952,-1800
17604,-9483,19284
17605,-31836,-18005
17606,26717,-21463
17607,31054,24100
17608,-25675,10983
17609,-6268,-29288
17610,30710,3056
17611,-11484,28860
17612,-27096,-8796
17613,11472,-2840
17614,-1924,22752
17615,-18750,-22267
17616,14531,-27788
17617,-471,31891
17618,-36967,10243
17619,1076,-33676
17620,22373,10489
17621,-16550,25001
17622,-7404,-22375
17623,20610,-15759
17624,-10168,3883
17625,-15971,-21414
17626,23094,-6743
17627,4651,31757
17628,-29907,1125
17629,8064,-26150
17630,28788,15112
17631,-19173,20499
17632,-21757,-23554
17633,20673,-6005
17634,5294,31796
17635,-16175,5901
17636,8236,-6164
17637,-1058,15863
17638,-21682,-9740
17639,14113,-25354
17640,20334,21456
17641,-22026,21740
17642,-2926,-21474
17643,32088,2130
17644,-6897,29679
17645,-25718,-10185
17646,10729,-22622
17647,538,6128
17648,-16861,-5264
17649,24898,-13103
17650,22355,15612
17651,-28502,-1079
17652,-5623,-35125
17653,30107,-328
17654,-9941,23925
17655,-21681,-13084
17656,25684,-8096
17657,20610,27495
17658,-15836,4950
17659,-3023,-7303
17660,-19,25124
17661,-26639,7477
17662,579,-23312
17663,33092,13705
17664,-5885,25173
17665,-18053,-27049
17666,23676,-26433
17667,7025,18460
17668,-30136,8153
17669,-3513,-13089
17670,11547,1213
17671,-6807,-9789
17672,13836,-20322
17673,21074,17622
17674,-27585,18584
17675,-23641,-20286
17676,27036,606
17677,1999,27333
17678,-30926,-5735
17679,14581,-15571
17680,21118,10534
17681,-23636,6125
17682,-5307,1537
17683,10020,21939
17684,-23520,9266
17685,2443,-22391
17686,37991,1046
17687,-7392,28042
17688,-19109,-11338
17689,26917,-24513
17690,11402,20897
17691,-20497,12590
17692,3929,-16500
17693,5297,10824
17694,-22099,4378
17695,-1564,-30158
17696,17132,7458
17697,-17166,30687
17698,-19468,-17177
17699,24832,-14796
17700,13521,27568
17701,-26536,1752
17702,-4459,-30312
17703,13316,2495
17704,-12314,21510
17705,4643,3266
17706,28137,10743
17707,-6874,9383
17708,-10984,-27805
17709,19664,-15182
17710,-5903,25873
17711,-24827,256
17712,13308,-18845
17713,14470,19326
17714,-19987,12554
17715,-10519,-20493
17716,2748,632
17717,-14512,6738
17718,-2,-17182
17719,25354,6860
17720,-5925,27244
17721,-23426,-11057
17722,18942,-24870
17723,17026,8774
17724,-29574,8263
17725,-12889,-18216
17726,20423,932
17727,1647,27189
17728,2300,4606
17729,19876,-4445
17730,-11115,13170
17731,-22921,-7951
17732,14844,-14830
17733,8608,25144
17734,-19301,13208
17735,8642,-21966
17736,25923,5439
17737,-6306,16161
17738,-13270,-11909
17739,-1956,2769
17740,-14955,14861
17741,-884,-11849
17742,32873,-2320
17743,8991,19484
17744,-21018,-10044
17745,8641,-22987
17746,16048,14061
17747,-20905,15022
17748,-12039,-19239
17749,17462,-5065
17750,5477,20579
17751,5742,-1022
17752,20689,-2209
17753,-9935,20882
17754,-28559,-8736
17755,12782,-26168
17756,25341,17658
17757,-10038,13682
17758,-6461,-28010
17759,16074,-6011
17760,-6242,16498
17761,-20571,-6185
17762,-1665,3044
17763,-8901,18698
17764,-15007,-12568
17765,14577,-17303
17766,7608,16685
17767,-22700,4533
17768,3693,-22470
17769,22505,7418
17770,-12406,23856
17771,-10381,-16241
17772,22742,-16771
17773,9951,19973
17774,-2935,4811
17775,16025,-6016
17776,4198,24476
17777,-17897,5522
17778,8869,-23163
17779,21245,13070
17780,-17152,15633
17781,-16498,-27262
17782,18210,-6737
17783,-886,25752
17784,-19055,4530
17785,9358,4612
17786,171,18623
17787,-20976,-11944
17788,12651,-18283
17789,13290,19087
17790,-27222,8684
17791,-4447,-22801
17792,28388,3141
17793,-1528,21893
17794,-13115,-12932
17795,13990,-18964
17796,10740,13006
17797,1718,10257
17798,18343,-432
17799,6819,16088
17800,-18726,3697
17801,6457,-18988
17802,25684,10034
17803,-12376,22661
17804,-20517,-12627
17805,18072,-5282
17806,13766,23370
17807,-8813,1421
17808,4772,-7331
17809,-462,15252
17810,-18881,-5672
17811,8727,-24730
17812,20310,15042
17813,-16238,24272
17814,-10136,-17785
17815,24931,-12246
17816,3193,17778
17817,-23328,-1601
17818,950,-11210
17819,12634,12788
17820,940,734
17821,15085,-15833
17822,16157,10338
17823,-17225,11384
17824,-9780,-15483
17825,20872,1751
17826,-3209,22140
17827,-17639,-3410
17828,20054,-10284
17829,15279,14256
17830,-17957,9807
17831,264,2558
17832,7625,21212
17833,-18812,7088
17834,56,-19852
17835,22872,5946
17836,-8502,15727
17837,-13926,-23437
17838,18625,-13572
17839,2470,23215
17840,-27294,-955
17841,-973,-20021
17842,20641,5151
17843,4706,-2323
17844,9407,-19337
17845,14551,10929
17846,-14249,19443
17847,-8889,-12878
17848,23449,-1884
17849,-1835,26137
17850,-25801,-1612
17851,10876,-22096
17852,14265,5054
17853,-18298,9152
17854,-1665,-1139
17855,10438,16843
17856,-14264,7276
17857,1067,-23065
17858,21915,-3
17859,-11490,21213
17860,-20262,-12325
17861,17098,-13929
17862,12069,24562
17863,-18304,11298
17864,1352,-19966
17865,22189,-4500
17866,-2778,1237
17867,-1700,-12942
17868,21977,8430
17869,-7061,16732
17870,-20642,-18009
17871,23915,-12187
17872,15549,20706
17873,-23416,-2569
17874,5496,-25813
17875,21196,6751
17876,-11087,19722
17877,376,1563
17878,16093,14508
17879,-15316,17068
17880,-11057,-17673
17881,22283,-8609
17882,1499,23269
17883,-21688,-4565
17884,10089,-20780
17885,20913,18660
17886,-11818,13232
17887,-6948,-25274
17888,17006,-9439
17889,-2856,5371
17890,-5200,-15189
17891,23509,1128
17892,-1667,23986
17893,-25362,-7925
17894,15024,-17830
17895,10195,18884
17896,-34881,8435
17897,-4785,-22287
17898,25898,6658
17899,-7816,25387
17900,-4634,-1536
17901,20367,5103
17902,-10800,17182
17903,-19272,-14237
17904,20733,-9591
17905,9769,26206
17906,-20122,2627
17907,12628,-24014
17908,28331,8820
17909,-15299,18738
17910,-15588,-13021
17911,19467,-11471
17912,1672,1866
17913,-10077,-14074
17914,20230,-7883
17915,3188,16165
17916,-26619,-4081
17917,9604,-18863
17918,21390,16234
17919,-19410,16516
17920,-8356,-20499
17921,23238,-3747
17922,5269,21567
17923,1824,-919
17924,19057,3571
17925,-5001,25194
17926,-18586,-7634
17927,14887,-20908
17928,13368,19730
17929,-22672,11190
17930,-3885,-24538
17931,28739,2617
17932,-2013,24905
17933,-19336,-7258
17934,12547,-14907
17935,1651,1701
17936,-19393,-12000
17937,15394,-8815
17938,11832,23074
17939,-27765,6876
17940,3614,-22697
17941,28470,7293
17942,-15605,20468
17943,-16681,-17795
17944,19502,-12246
17945,5430,17605
17946,-2503,-307
17947,21996,-2407
17948,3731,24430
17949,-22612,1140
17950,7670,-22442
17951,18058,14434
17952,-20100,21687
17953,-9902,-18287
17954,25927,-4598
17955,-497,29734
17956,-20556,-24
17957,6985,-22987
17958,-4175,1584
17959,-24920,-5635
17960,11158,-18439
17961,16732,18099
17962,-24815,17342
17963,-7216,-23684
17964,28954,-1182
17965,-1860,24003
17966,-20931,-15648
17967,12785,-15680
17968,15478,21905
17969,-2768,-1632
17970,14157,-16760
17971,9938,20631
17972,-23193,7155
17973,-2065,-27709
17974,26527,8420
17975,-11075,28565
17976,-21178,-16959
17977,23145,-16902
17978,10974,25736
17979,-22438,5979
17980,717,-26853
17981,-710,-1884
17982,-27593,2083
17983,9055,-22056
17984,30005,7378
17985,-19921,22491
17986,-19874,-21856
17987,26586,-10737
17988,5801,30802
17989,-24886,-3064
17990,7479,-24784
17991,21633,9223
17992,1250,-3126
17993,14412,-24033
17994,17408,15028
17995,-19011,19002
17996,-8232,-24912
17997,28185,-8003
17998,-1836,27045
17999,-27188,-7182
18000,12268,-25005
18001,18388,17861
18002,-17244,15070
18003,-8752,-20924
18004,3110,-340
18005,-18669,7645
18006,-2233,-25821
18007,26014,397
18008,-9297,32441
18009,-26992,-11937
18010,20656,-18227
18011,20283,27736
18012,-24776,5124
18013,-3190,-26019
18014,26932,4120
18015,-151,832
18016,4533,-23779
18017,25127,13173
18018,-15227,28894
18019,-20955,-19628
18020,30350,-16465
18021,10076,28952
18022,-32370,3526
18023,5477,-29364
18024,25100,11872
18025,-14873,23408
18026,-15544,-17238
18027,239,-327
18028,-24035,20889
18029,-14411,-19454
18030,28222,-8309
18031,4547,36216
18032,-29581,-5570
18033,11169,-31715
18034,24392,22531
18035,-23640,19455
18036,-12938,-23137
18037,22619,-980
18038,-1619,6600
18039,-1227,-23833
18040,29133,3516
18041,-2863,31301
18042,-24281,-12558
18043,19570,-21903
18044,16660,27589
18045,-28005,14996
18046,-4748,-28310
18047,30890,1331
18048,-3071,23030
18049,-25406,-12545
18050,-1274,-1000
18051,-10577,24447
18052,-18937,-17769
18053,25966,-20054
18054,21058,31722
18055,-29361,5538
18056,1038,-34132
18057,34347,10536
18058,-12779,28948
18059,-15580,-13514
18060,23466,-14397
18061,-2896,161
18062,-13989,-22449
18063,25457,-9476
18064,3006,29824
18065,-34466,447
18066,8966,-30155
18067,32545,16814
18068,-14769,26065
18069,-14442,-27297
18070,28730,-12965
18071,5398,24770
18072,-26550,-1914
18073,3294,1526
18074,2619,32032
18075,-23708,-9744
18076,16102,-29919
18077,29906,26168
18078,-27023,21180
18079,-13367,-29274
18080,34128,-1884
18081,-5145,29210
18082,-24522,-10000
18083,17515,-23817
18084,1055,886
18085,-22298,-13636
18086,21192,-17253
18087,19216,25474
18088,-29252,14151
18089,-2373,-31473
18090,34692,752
18091,-9697,31970
18092,-26553,-12967
18093,23602,-17322
18094,16673,25760
18095,-24067,11051
18096,649,-3194
18097,8157,25809
18098,-29556,4623
18099,1603,-28779
18100,35286,13514
18101,-19166,31297
18102,-24501,-19974
18103,35156,-13117
18104,12645,31867
18105,-28434,960
18106,1256,-26690
18107,-175,7346
18108,-27405,-1914
18109,11575,-26008
18110,30560,19407
18111,-19701,24893
18112,-15757,-33645
18113,30617,-13401
18114,289,36442
18115,-31616,405
18116,16390,-21851
18117,25503,18499
18118,-20114,17972
18119,-2952,-839
18120,16382,23136
18121,-24138,13285
18122,-11457,-27402
18123,30955,1136
18124,-5767,34814
18125,-26067,-11795
18126,21114,-29492
18127,15457,19981
18128,-23348,13458
18129,-6429,-24237
18130,172,-943
18131,-22765,6845
18132,5560,-20635
18133,30940,7129
18134,-14960,26275
18135,-26427,-22156
18136,25673,-20312
18137,14402,30792
18138,-31006,10680
18139,2524,-23093
18140,30555,9382
18141,-7058,22629
18142,-3492,-1454
18143,20080,13770
18144,-16342,19659
18145,-16190,-22940
18146,34107,-12746
18147,9279,33151
18148,-29330,-367
18149,12066,-33209
18150,25927,14368
18151,-14998,22213
18152,-8635,-18138
18153,7372,158
18154,-18823,11447
18155,-8373,-26754
18156,25254,-7793
18157,-5504,31556
18158,-29087,-5998
18159,18280,-26498
18160,24393,19132
18161,-24620,14065
18162,-8091,-31500
18163,25535,-7873
18164,-4779,27388
18165,-3063,3866
18166,28745,4675
18167,-8812,26162
18168,-26047,-12385
18169,27195,-24368
18170,15703,27362
18171,-34460,10710
18172,-2040,-32607
18173,27745,8939
18174,-11182,25531
18175,-17950,-18835
18176,5188,-4678
18177,-17387,18768
18178,-19275,-16559
18179,26580,-10908
18180,11988,29707
18181,-29686,2735
18182,8020,-27159
18183,31452,11135
18184,-18854,20528
18185,-19237,-21648
18186,21413,-10017
18187,5406,24023
18188,-1416,28
18189,28677,-3691
18190,4849,27056
18191,-27673,-5009
18192,9734,-29048
18193,23837,22788
18194,-21042,21744
18195,-10893,-30059
18196,33023,-6388
18197,5152,24026
18198,-24362,-3658
18199,2373,2838
18200,-3863,24386
18201,-20746,-8988
18202,19176,-16677
18203,20187,24047
18204,-28439,11008
18205,-7557,-27825
18206,26661,1285
18207,-11006,28946
18208,-21706,-7755
18209,18318,-14359
18210,14939,17486
18211,32,-2660
18212,19531,-15402
18213,4287,24236
18214,-28951,8817
18215,2134,-30569
18216,28231,8694
18217,-13920,27335
18218,-19704,-21430
18219,25789,-16563
18220,8757,22277
18221,-27073,9247
18222,885,4106
18223,8134,22903
18224,-17813,-3230
18225,9683,-23900
18226,25434,13223
18227,-19519,15624
18228,-16305,-28034
18229,24383,-8160
18230,-47,32745
18231,-25448,-1911
18232,10452,-26342
18233,20901,5931
18234,-2774,-867
18235,10512,-18904
18236,13492,16375
18237,-23341,14756
18238,-11060,-26562
18239,26964,-592
18240,-2903,28686
18241,-25037,-13369
18242,16058,-23036
18243,15152,18079
18244,-19162,14882
18245,3540,1178
18246,13613,21089
18247,-23327,7151
18248,-7433,-21120
18249,25427,10306
18250,-10448,30442
18251,-23077,-11168
18252,24467,-15820
18253,16158,19859
18254,-25539,1568
18255,-375,-21263
18256,22952,5782
18257,-2604,3075
18258,6076,-17421
18259,21111,13683
18260,-16696,20313
18261,-16528,-22632
18262,25583,-10455
18263,1263,26896
18264,-29011,627
18265,9874,-19569
18266,18584,11756
18267,-13833,16187
18268,3160,-1679
18269,14743,12623
18270,-21197,8653
18271,-9566,-22669
18272,29012,-1445
18273,-609,29369
18274,-24551,-7075
18275,16286,-24309
18276,19521,15720
18277,-21874,10416
18278,-9452,-21723
18279,18472,-2454
18280,1046,4873
18281,2348,-19410
18282,21556,837
18283,-7078,20647
18284,-20462,-13286
18285,19229,-14666
18286,13136,23596
18287,-22578,8500
18288,4067,-20360
18289,24063,4688
18290,-6905,16901
18291,-1919,-2378
18292,16586,11563
18293,-12691,19457
18294,-14520,-14165
18295,22279,-9054
18296,5946,22433
18297,-23799,-2495
18298,6489,-22855
18299,19856,10946
18300,-17119,15201
18301,-11923,-11707
18302,19793,-3367
18303,1368,1140
18304,-7488,-18430
18305,18838,-463
18306,-401,25467
18307,-23758,-2499
18308,11927,-17675
18309,17772,17977
18310,-17930,16265
18311,-3341,-20899
18312,18811,-6692
18313,-3186,17699
18314,-104,1433
18315,19761,6476
18316,-5199,19621
18317,-16277,-12473
18318,16943,-17251
18319,10933,20862
18320,-22314,7289
18321,-505,-22396
18322,23135,6808
18323,-7486,22663
18324,-12326,-8039
18325,15993,-11907
18326,-822,-286
18327,-13788,-14419
18328,17877,-5273
18329,8011,23545
18330,-22818,2628
18331,8071,-22556
18332,25242,9254
18333,-13542,19538
18334,-14647,-17042
18335,13416,-9336
18336,4231,19954
18337,2535,3398
18338,20662,-192
18339,162,17973
18340,-20262,-6780
18341,8160,-19893
18342,14569,16436
18343,-17885,15255
18344,-5718,-17277
18345,24121,-1964
18346,-941,18217
18347,-16778,-4591
18348,8777,-12248
18349,62,4975
18350,-15490,-4609
18351,14843,-9935
18352,15006,16981
18353,-19029,9103
18354,-1758,-21254
18355,19594,3646
18356,-10178,22902
18357,-15166,-12726
18358,14896,-12985
18359,11174,16057
18360,455,-284
18361,14242,-6828
18362,1589,17800
18363,-20984,2586
18364,5403,-16931
18365,22193,11532
18366,-11931,18580
18367,-11108,-13641
18368,23314,-8297
18369,3559,18671
18370,-21232,2414
18371,3275,-14321
18372,2598,2389
18373,-16623,-3862
18374,8810,-17411
18375,14851,9840
18376,-19779,13454
18377,-7348,-18762
18378,22871,-2583
18379,-1302,23094
18380,-16677,-5894
18381,10931,-15034
18382,14547,11541
18383,958,1241
18384,12343,-9909
18385,6506,14897
18386,-18733,7634
18387,432,-18477
18388,24467,5470
18389,-5741,21294
18390,-17893,-13917
18391,13767,-15504
18392,7712,20287
18393,-15706,8818
18394,-106,-15732
18395,1029,1643
18396,-16170,1518
18397,6041,-17309
18398,17799,7471
18399,-14930,19572
18400,-11621,-15202
18401,22797,-7464
18402,6078,23512
18403,-20211,-3056
18404,3530,-19597
18405,15455,8253
18406,-1856,2341
18407,9582,-11244
18408,14813,15477
18409,-15940,12286
18410,-8012,-21051
18411,21761,-3210
18412,-5382,23862
18413,-24011,-2515
18414,12177,-13457
18415,14289,16153
18416,-14505,8097
18417,-3505,-17701
18418,2449,575
18419,-17474,4496
18420,134,-19072
18421,22923,3971
18422,-4281,22834
18423,-14498,-15140
18424,17358,-15357
18425,11287,21527
18426,-19653,2416
18427,-3262,-19267
18428,16283,4990
18429,-303,1560
18430,4815,-17115
18431,16644,6492
18432,-12916,13976
18433,-16923,-16861
18434,17910,-8659
18435,4428,22562
18436,-20982,1942
18437,8967,-19747
18438,20062,11021
18439,-11102,16092
18440,-10233,-14782
18441,-175,1210
18442,-17125,16600
18443,-4409,-16154
18444,22354,-6961
18445,-3446,23259
18446,-22764,-10031
18447,11497,-21239
18448,13393,20451
18449,-22793,10168
18450,-7192,-18854
18451,20964,1416
18452,675,1909
18453,-66,-20025
18454,20405,4648
18455,-6519,23028
18456,-19948,-10027
18457,17968,-12064
18458,12867,24322
18459,-22434,8535
18460,-391,-23471
18461,21743,4116
18462,-7641,19376
18463,-16108,-8355
18464,234,2320
18465,-12163,16361
18466,-9917,-17906
18467,20515,-12133
18468,4107,26407
18469,-25854,1935
18470,4068,-19736
18471,18815,16043
18472,-16465,16055
18473,-8661,-16205
18474,20057,-6494
18475,-374,-1234
18476,-2629,-19692
18477,24126,2936
18478,-379,26220
18479,-22728,-8404
18480,15289,-20813
18481,20414,16880
18482,-21599,10587
18483,-10706,-22024
18484,21408,1020
18485,-3006,21949
18486,-20092,-1731
18487,2706,2830
18488,-6641,19474
18489,-20904,-8673
18490,13292,-11407
18491,15035,27260
18492,-24320,10936
18493,-1512,-25107
18494,31188,4734
18495,-7536,22580
18496,-18336,-15042
18497,16327,-16980
18498,-2145,3383
18499,-12313,-14470
18500,27197,-7693
18501,8618,22944
18502,-29037,-1252
18503,3943,-22932
18504,20766,11363
18505,-10398,24354
18506,-21538,1648
18507,-19545,-9569
18508,-8262,-21454
18509,16008,-23770
18510,10030,7909
18511,-12900,28309
18512,-18010,13196
18513,-21310,-5132
18514,-16899,-18849
18515,8182,-28336
18516,26811,-20154
18517,25684,-704
18518,19862,17469
18519,8746,27969
18520,-10865,20974
18521,-9536,-2315
18522,18439,-19487
18523,26826,-9260
18524,10090,7896
18525,2294,2118
18526,712,-3763
18527,-3518,4121
18528,-3927,-225
18529,-2815,-6902
18530,-125,-187
18531,3917,-375
18532,3851,-6951
18533,-683,-6436
18534,-3787,-3887
18535,1936,-1296
18536,6529,1103
18537,-774,1343
18538,-2947,2350
18539,4354,3442
18540,2995,1858
18541,-703,-828
18542,3922,-1446
18543,1658,-1154
18544,-7118,-743
18545,-2730,2377
18546,4418,2634
18547,1362,30
18548,4381,2927
18549,7927,2383
18550,303,-1966
18551,314,4035
18552,3484,6979
18553,-2363,-1041
18554,-573,12
18555,4439,5149
18556,23,-1697
18557,-5544,-4972
18558,-7971,3948
18559,-3433,4764
18560,1688,-3540
18561,-1331,-1511
18562,1089,3463
18563,4786,-537
18564,367,-1060
18565,1331,2324
18566,229,230
18567,-5438,-2096
18568,1613,-2077
18569,7103,57
18570,3098,3436
18571,3919,993
18572,491,-2594
18573,-6500,23
18574,-1145,1249
18575,3425,-1314
18576,-2065,579
18577,-1336,4618
18578,4921,824
18579,3029,-4134
18580,-381,21
18581,1270,1795
18582,-458,-1361
18583,-2093,2697
18584,1153,4525
18585,-273,570
18586,-2469,2855
18587,-772,1582
18588,-3552,-3756
18589,-1668,1773
18590,5959,4959
18591,20,-794
18592,-7947,231
18593,-1687,3190
18594,2207,913
18595,289,541
18596,3200,-538
18597,2531,-3325
18598,-2974,-1435
18599,-465,1841
18600,5289,2850
18601,3576,5219
18602,1135,7373
18603,2099,3606
18604,1831,-3754
18605,3276,-7930
18606,4516,-5282
18607,965,2815
18608,599,4132
18609,1950,-4936
18610,-1822,-3692
18611,-2576,6668
18612,-127,2116
18613,-1499,-5000
18614,-1142,1824
18615,1987,4730
18616,642,721
18617,-2422,1006
18618,144,1005
18619,3377,904
18620,1547,2694
18621,3062,777
18622,3598,-3910
18623,-6946,-6000
18624,-8962,836
18625,1560,10919
18626,1347,8475
18627,-1742,3209
18628,1460,6432
18629,460,3303
18630,4117,-1186
18631,7956,5391
18632,-3039,6346
18633,-7925,2742
18634,-1277,7184
18635,-2095,2893
18636,-3248,-6915
18637,-4812,-1641
18638,-12015,4262
18639,-7108,5104
18640,1125,9416
18641,-2743,2102
18642,-1008,-6738
18643,4319,-922
18644,1119,-4651
18645,353,-10938
18646,1799,67
18647,130,1775
18648,-1389,-5636
18649,-1664,-9
18650,2328,3923
18651,2537,1073
18652,-2870,2467
18653,-325,3928
18654,-441,2422
18655,-6369,-756
18656,-1576,-595
18657,1358,3620
18658,-1095,840
18659,5148,-3733
18660,5253,-971
18661,-3313,-2354
18662,-3087,-7610
18663,1555,-4619
18664,3479,-757
18665,1594,-3814
18666,-2347,-4156
18667,-527,884
18668,260,1903
18669,-3537,144
18670,563,2480
18671,5107,5200
18672,944,3814
18673,420,1150
18674,1768,524
18675,-1267,-58
18676,1786,-515
18677,5425,2722
18678,1227,1686
18679,853,-3963
18680,1618,201
18681,-1584,3503
18682,950,-3063
18683,-219,-1032
18684,-7195,4574
18685,-2437,2196
18686,2190,1968
18687,-3314,-226
18688,-2225,-4330
18689,2254,405
18690,674,3258
18691,-788,729
18692,-1603,732
18693,254,-231
18694,6152,2359
18695,4996,6999
18696,-2151,1167
18697,-314,-1027
18698,6209,7068
18699,1962,2617
18700,-4438,-6587
18701,330,-1716
18702,4156,1101
18703,-926,366
18704,-3184,5839
18705,1798,3279
18706,6059,-1364
18707,4702,2662
18708,3729,59
18709,5331,-3529
18710,834,-1328
18711,-2572,-4400
18712,4039,-1095
18713,5732,8351
18714,2213,6560
18715,4416,3596
18716,2054,2588
18717,-2252,-2461
18718,2291,-1960
18719,2545,-380
18720,-1731,-2073
18721,920,316
18722,1154,1992
18723,-1075,2556
18724,3929,3236
18725,6485,2227
18726,1167,7177
18727,-2393,7364
18728,-1067,-4212
18729,134,-4577
18730,-2521,1669
18731,-3839,-629
18732,-698,1313
18733,-2087,866
18734,-4991,-6198
18735,831,-1186
18736,4412,3090
18737,-1063,-1243
18738,-2369,3406
18739,1820,2470
18740,1479,-7031
18741,-1463,-1439
18742,-1228,2549
18743,-268,-3478
18744,-2034,1650
18745,-2974,953
18746,104,-12970
18747,804,-10046
18748,-3625,2563
18749,-3065,3283
18750,5382,-125
18751,9472,-2189
18752,3838,-2244
18753,-1825,-1692
18754,450,-3680
18755,4917,957
18756,3614,6885
18757,1062,1925
18758,521,2029
18759,-2358,9526
18760,-1977,5540
18761,3351,-2012
18762,1414,-1715
18763,-3163,-709
18764,-234,621
18765,979,2665
18766,-467,-540
18767,1223,-3112
18768,817,3164
18769,1099,7224
18770,2959,1147
18771,-500,94
18772,-1267,5235
18773,1765,-406
18774,-1097,-6454
18775,-1664,287
18776,3123,3667
18777,4377,-253
18778,3538,-379
18779,577,174
18780,-2330,-16
18781,-287,2144
18782,-1211,2176
18783,-2469,-1564
18784,2881,-4402
18785,2268,-1273
18786,-3584,3558
18787,-1750,978
18788,2727,-1144
18789,2466,3113
18790,-2043,2162
18791,-4368,-1605
18792,-346,239
18793,1634,1648
18794,2566,524
18795,5354,-2095
18796,-1039,-3918
18797,-6625,-971
18798,1806,-697
18799,7439,-776
18800,3531,5283
18801,483,4712
18802,1230,1052
18803,4190,2578
18804,3113,-1390
18805,145,-1023
18806,2231,5464
18807,1604,704
18808,-1125,1936
18809,77,11938
18810,-1391,5485
18811,-1744,-2515
18812,1325,1515
18813,430,3489
18814,3146,4633
18815,7204,6025
18816,1716,4071
18817,-613,2008
18818,3148,94
18819,1194,2288
18820,-356,3591
18821,530,-2073
18822,-1864,648
18823,-1402,7787
18824,1292,2095
18825,1421,-3186
18826,2017,204
18827,237,1571
18828,-2051,2444
18829,2447,5473
18830,5093,3952
18831,950,-1756
18832,-632,-2594
18833,194,1764
18834,539,2093
18835,3174,-366
18836,4727,-262
18837,3082,259
18838,1475,1728
18839,899,2362
18840,1436,489
18841,2930,289
18842,6200,-1594
18843,8057,-3500
18844,2620,1871
18845,-2081,4772
18846,-883,1319
18847,-2476,1987
18848,-2025,4299
18849,2708,3346
18850,797,2242
18851,-1209,2519
18852,378,3301
18853,-998,960
18854,2253,67
18855,4698,6078
18856,-1029,5319
18857,1602,-4706
18858,7623,-6542
18859,2954,-1569
18860,-73,884
18861,-561,1489
18862,-3001,9
18863,1885,1937
18864,5466,6254
18865,-75,1253
18866,-1089,-3275
18867,2820,1977
18868,3193,1365
18869,4082,-4248
18870,4276,-1262
18871,-1071,1509
18872,-3099,-1774
18873,1464,-369
18874,1061,4658
18875,-2352,4386
18876,333,3042
18877,628,4715
18878,-3663,2244
18879,-1232,-2358
18880,5166,312
18881,7347,4045
18882,4144,824
18883,-2031,-2664
18884,-1770,-954
18885,4124,1624
18886,2533,188
18887,-4239,-1453
18888,-7104,1946
18889,-4636,3777
18890,1281,-63
18891,2185,-1673
18892,728,1526
18893,7159,3785
18894,8050,1137
18895,-1534,-4280
18896,-1485,-6130
18897,4055,-1618
18898,499,4519
18899,-1682,2381
18900,2245,-5980
18901,2714,-4686
18902,294,1828
18903,1140,1491
18904,3308,3891
18905,2358,6521
18906,1210,1219
18907,17,188
18908,-3746,365
18909,-2695,-3291
18910,560,1685
18911,-355,5678
18912,4362,1499
18913,6169,2334
18914,-2694,1893
18915,904,-1618
18916,8192,813
18917,-3381,-1407
18918,-8373,-5974
18919,3508,-1935
18920,5696,383
18921,-1518,143
18922,335,1520
18923,6570,-988
18924,-253,-1349
18925,-12098,2506
18926,-6257,5584
18927,5539,7306
18928,3878,1695
18929,-449,-2949
18930,-1061,1355
18931,-2416,-259
18932,-1999,-539
18933,573,5311
18934,2421,-3991
18935,-2483,-9591
18936,-9382,4282
18937,-1558,6297
18938,9038,66
18939,4382,5121
18940,299,4639
18941,1819,-2508
18942,-1777,-1294
18943,-1773,4920
18944,2403,6027
18945,632,611
18946,316,1208
18947,3405,6825
18948,749,2247
18949,-1493,-1451
18950,3143,2785
18951,4285,-98
18952,-105,-3392
18953,1045,1267
18954,3079,2484
18955,-2754,674
18956,-4801,2430
18957,453,5070
18958,2651,5429
18959,4016,2927
18960,3732,1451
18961,583,3125
18962,3890,4056
18963,3251,3165
18964,-5695,1638
18965,-2848,587
18966,2748,1730
18967,-1803,3816
18968,-1533,3321
18969,217,-1183
18970,-2185,-2349
18971,-2112,5277
18972,-5805,8014
18973,-5816,2070
18974,2107,4039
18975,-47,4764
18976,-5556,-8037
18977,-4358,-9204
18978,-2912,4334
18979,2833,4830
18980,3123,-824
18981,-5911,1811
18982,-3519,2437
18983,1447,1718
18984,-1039,1939
18985,3204,-2496
18986,2765,-1822
18987,-8221,4174
18988,-9439,1191
18989,-2413,-3459
18990,1251,-365
18991,830,1205
18992,-379,-138
18993,2504,1903
18994,3318,3575
18995,-551,840
18996,31,-1611
18997,1062,259
18998,-658,2412
18999,272,729
19000,996,387
19001,3178,3556
19002,5722,2132
19003,497,-2083
19004,-2755,-236
19005,720,1462
19006,-179,-860
19007,-703,740
19008,2144,2499
19009,114,893
19010,-1628,3312
19011,-1590,5289
19012,-3561,1013
19013,-580,-1335
19014,2370,1189
19015,256,2996
19016,3259,2110
19017,4237,1822
19018,-1219,3851
19019,966,5177
19020,1814,5265
19021,-3746,2559
19022,235,-1722
19023,3122,2451
19024,-385,5837
19025,6011,-4103
19026,9281,-6091
19027,2273,4746
19028,1812,5008
19029,1786,-722
19030,39,-1561
19031,4646,-2246
19032,3081,1240
19033,-1769,5171
19034,1972,407
19035,1753,-3528
19036,-1390,-56
19037,3888,3847
19038,6379,3689
19039,1555,1948
19040,-561,1809
19041,-694,1345
19042,-2383,1657
19043,-2756,3823
19044,-1372,1010
19045,-113,-2242
19046,753,1399
19047,-456,3107
19048,-2468,1231
19049,331,1446
19050,3546,1735
19051,1479,2313
19052,394,1839
19053,202,257
19054,-1121,1381
19055,1071,45
19056,12,-298
19057,-3691,5452
19058,1317,2494
19059,5394,-3590
19060,2101,2571
19061,-481,2606
19062,-3223,-3886
19063,-1559,3628
19064,3235,8612
19065,-312,937
19066,-659,288
19067,3354,4035
19068,-4181,1905
19069,-6990,-1087
19070,2935,-2496
19071,3998,511
19072,-1061,3487
19073,-569,-1736
19074,1421,-3647
19075,3848,2141
19076,3140,2856
19077,-2069,109
19078,-3448,-859
19079,-1667,-1374
19080,-865,560
19081,1127,2090
19082,2899,989
19083,1576,-1302
19084,-1809,-4822
19085,-3286,-2746
19086,-1266,2429
19087,-9,-122
19088,178,-1873
19089,1681,1079
19090,1072,-395
19091,-443,-1038
19092,839,934
19093,-425,713
19094,-3898,1804
19095,-844,-291
19096,4518,-4363
19097,3573,77
19098,1887,3574
19099,2945,634
19100,1012,1793
19101,-1257,4384
19102,-315,4518
19103,-970,3516
19104,-1251,-754
19105,1894,-133
19106,1944,6399
19107,-1626,5546
19108,-2722,693
19109,-1582,-1274
19110,-103,-2326
19111,1210,1873
19112,43,4625
19113,-2552,-959
19114,-1409,-1180
19115,876,1773
19116,-2289,-1640
19117,-3466,96
19118,3188,4184
19119,5216,1535
19120,1063,794
19121,1635,-56
19122,2001,-768
19123,12,5355
19124,3026,4616
19125,3639,-1257
19126,-643,1769
19127,1583,2130
19128,4711,-599
19129,217,1569
19130,-1173,236
19131,2980,671
19132,2384,3222
19133,-741,-1666
19134,-12,-1235
19135,1758,2909
19136,2181,-640
19137,927,-191
19138,-1763,712
19139,-1331,-1533
19140,2225,4496
19141,2024,3467
19142,-780,-5180
19143,-182,457
19144,1354,4551
19145,471,-896
19146,-657,1081
19147,-587,1799
19148,1307,19
19149,2927,4400
19150,124,1685
19151,-2012,-3007
19152,1005,2272
19153,2423,3261
19154,1859,-446
19155,2474,437
19156,830,44
19157,1415,624
19158,5084,5609
19159,2593,5856
19160,-179,874
19161,727,-261
19162,-1437,1331
19163,753,-1111
19164,3449,-409
19165,-3728,7397
19166,-2922,6974
19167,3704,-399
19168,-2636,-270
19169,-4489,1332
19170,256,-311
19171,-3621,-2035
19172,-1581,-2987
19173,2523,665
19174,-532,1178
19175,3406,-1489
19176,293,4006
19177,-8576,3792
19178,546,-1660
19179,2802,3251
19180,-3693,1778
19181,5275,-4241
19182,3843,-1353
19183,-3807,-4566
19184,4172,-4487
19185,249,3462
19186,-5498,-1490
19187,4853,-1947
19188,1584,7445
19189,-4280,3755
19190,3216,34
19191,1783,2086
19192,72,-807
19193,3538,384
19194,-942,1511
19195,167,-1705
19196,4210,1228
19197,-1437,4057
19198,-1589,1494
19199,3727,-349
19200,1180,868
19201,-3442,2525
19202,-2514,-1792
19203,260,-3511
19204,-1042,3505
19205,-142,3351
19206,5127,436
19207,1633,4498
19208,-2813,3554
19209,1374,1942
19210,-697,3454
19211,-3336,94
19212,2084,1372
19213,1015,5020
19214,-2114,1241
19215,-67,-305
19216,1113,-468
19217,5108,-2524
19218,6778,-650
19219,2943,1297
19220,2450,2922
19221,-30,2982
19222,-1395,60
19223,3155,2190
19224,-340,1100
19225,-3972,-3952
19226,2180,734
19227,4795,1488
19228,4141,-2325
19229,1695,2793
19230,-1831,2047
19231,3524,-227
19232,5502,4015
19233,-382,-429
19234,649,-138
19235,545,5717
19236,-855,-523
19237,3643,1953
19238,887,7173
19239,-1067,-3577
19240,3731,-923
19241,-1919,7484
19242,-3078,-1067
19243,5926,283
19244,286,4192
19245,-2364,-5546
19246,8625,-128
19247,2447,8155
19248,-5014,-3090
19249,5902,-3209
19250,2975,6237
19251,-4929,-60
19252,5709,-2056
19253,2938,4277
19254,-8099,-1345
19255,1276,-3711
19256,1095,2480
19257,-8728,-1038
19258,999,-3546
19259,3945,354
19260,-5141,-1393
19261,-556,953
19262,2172,5200
19263,-1290,-881
19264,1235,-1755
19265,-781,3267
19266,-2278,534
19267,1745,255
19268,291,2136
19269,75,-2282
19270,1392,-1033
19271,-1814,5117
19272,741,3687
19273,4987,1072
19274,1355,2317
19275,-2025,1179
19276,-177,-72
19277,3456,2076
19278,2012,1604
19279,-3926,-257
19280,-2880,3075
19281,1297,4408
19282,-154,-466
19283,147,-2464
19284,2774,-1625
19285,1848,-1601
19286,355,1292
19287,-472,3591
19288,-695,189
19289,1897,-3453
19290,4252,-1888
19291,2470,418
19292,-1067,-909
19293,-1714,1884
19294,818,8800
19295,2316,5275
19296,783,-2013
19297,-723,1879
19298,-411,4922
19299,-499,815
19300,24,1388
19301,1258,3820
19302,-1909,2139
19303,-3873,1901
19304,1065,2978
19305,1233,1822
19306,-2657,600
19307,358,717
19308,1159,471
19309,-1982,-157
19310,793,545
19311,1717,749
19312,-1005,-713
19313,409,-307
19314,-416,638
19315,-3524,111
19316,-1257,2134
19317,1427,3352
19318,156,-180
19319,-1707,-673
19320,-1283,2208
19321,-237,1421
19322,-1512,55
19323,-191,-126
19324,3091,-1898
19325,365,-1735
19326,-1722,878
19327,32,2179
19328,-1552,2903
19329,-65,2634
19330,4333,614
19331,2349,-609
19332,1203,-184
19333,1733,1953
19334,-2099,3241
19335,-1604,803
19336,2252,497
19337,1586,3895
19338,943,3836
19339,-927,2056
19340,-4350,2521
19341,-1297,3208
19342,2552,2818
19343,679,-409
19344,-115,-345
19345,1068,7618
19346,305,7841
19347,-87,-436
19348,978,1309
19349,637,4324
19350,-1239,-1699
19351,-1410,-1941
19352,111,2440
19353,729,1022
19354,727,1189
19355,354,3277
19356,-545,530
19357,-847,-1126
19358,113,1426
19359,2677,2232
19360,2854,415
19361,-588,-684
19362,729,188
19363,3669,1873
19364,-449,1855
19365,-2216,-305
19366,1197,-2100
19367,293,-1087
19368,-572,1872
19369,1823,2899
19370,2028,2875
19371,2222,4755
19372,3185,3952
19373,1694,500
19374,-433,1470
19375,-783,3133
19376,1237,908
19377,3103,75
19378,1960,993
19379,591,681
19380,189,236
19381,-384,-79
19382,534,-260
19383,866,-607
19384,-909,-616
19385,404,1664
19386,2998,3002
19387,1511,1380
19388,1727,1876
19389,3298,4104
19390,-1537,2415
19391,-3216,-141
19392,2148,1886
19393,595,3025
19394,-1375,173
19395,3507,564
19396,755,1685
19397,-3205,-520
19398,1215,2102
19399,-277,3926
19400,-1785,-1817
19401,4708,435
19402,2275,7073
19403,-2442,1279
19404,3135,-1488
19405,2382,5529
19406,-2859,1906
19407,2203,-4768
19408,3851,1403
19409,-2924,3587
19410,-1322,-2400
19411,2950,93
19412,-2610,2499
19413,-3472,-2147
19414,4080,499
19415,1644,2761
19416,-3138,-3336
19417,2431,-168
19418,2419,5273
19419,-1546,-2130
19420,2979,-3444
19421,1811,3733
19422,-1694,1597
19423,5143,-431
19424,4583,2129
19425,-1008,-1272
19426,2618,-1323
19427,-483,2161
19428,-4469,-1681
19429,3377,737
19430,686,6987
19431,-6020,-1680
19432,2520,-5272
19433,4203,4893
19434,-2212,2875
19435,481,-2269
19436,-149,3027
19437,-2352,1399
19438,2479,-847
19439,563,4080
19440,-2062,544
19441,2950,-3466
19442,1633,-111
19443,-1131,-1549
19444,2318,-1994
19445,1031,2040
19446,-1659,1296
19447,698,980
19448,803,3057
19449,-883,2022
19450,44,1398
19451,871,1618
19452,211,687
19453,306,1484
19454,1406,2697
19455,336,1412
19456,-1416,1111
19457,138,3084
19458,1493,859
19459,1305,-2356
19460,2436,1061
19461,2426,1074
19462,1403,-2624
19463,1931,2628
19464,1840,5060
19465,745,-808
19466,333,-100
19467,1241,1724
19468,2295,24
19469,473,2414
19470,-1088,2535
19471,1192,585
19472,1754,2173
19473,-969,1635
19474,-1434,857
19475,1065,560
19476,2210,-1838
19477,-197,354
19478,-1067,2250
19479,1548,-1090
19480,948,-706
19481,-86,-24
19482,2866,-1975
19483,2120,-89
19484,-962,777
19485,-113,-369
19486,954,1063
19487,1942,1733
19488,2209,1947
19489,115,1681
19490,137,35
19491,-347,399
19492,-2016,-121
19493,-454,-556
19494,-906,1692
19495,-621,521
19496,2946,633
19497,221,3446
19498,-391,576
19499,3963,864
19500,-735,3764
19501,-1758,-611
19502,5461,158
19503,1845,3855
19504,-1882,-376
19505,2772,430
19506,1371,3337
19507,546,853
19508,3556,3802
19509,377,3462
19510,422,-2915
19511,4113,1234
19512,-191,5058
19513,-2566,-507
19514,1872,-1170
19515,1910,1265
19516,-429,708
19517,7,858
19518,560,91
19519,2031,-239
19520,2388,536
19521,-285,-1059
19522,400,-696
19523,3216,1464
19524,1640,716
19525,-346,246
19526,329,103
19527,477,30
19528,444,2058
19529,1025,691
19530,419,-1280
19531,-1061,2603
19532,-629,3328
19533,1080,90
19534,513,1083
19535,207,1027
19536,2035,-993
19537,900,698
19538,-1138,2183
19539,561,1297
19540,1881,-14
19541,693,-111
19542,-1639,2212
19543,-2851,1897
19544,89,-316
19545,2015,1190
19546,-185,1038
19547,-191,-1145
19548,1106,499
19549,-29,1747
19550,-447,691
19551,365,-43
19552,831,58
19553,857,2403
19554,72,2823
19555,293,446
19556,1684,1323
19557,1308,1814
19558,-179,210
19559,30,1054
19560,589,971
19561,-737,416
19562,-689,1947
19563,1033,1362
19564,-726,889
19565,-1520,1450
19566,2026,-749
19567,669,71
19568,-2910,4051
19569,-225,2150
19570,866,-1898
19571,-999,-285
19572,1480,2421
19573,3115,-249
19574,1801,-4610
19575,2064,-3029
19576,898,2072
19577,-777,2465
19578,878,-149
19579,1269,279
19580,-298,1421
19581,-301,-71
19582,-1107,-1140
19583,-1807,-550
19584,460,-345
19585,873,490
19586,-1088,1495
19587,35,320
19588,1514,-610
19589,463,515
19590,579,1791
19591,1013,1972
19592,-333,552
19593,-855,437
19594,-60,2941
19595,825,2446
19596,1317,173
19597,811,1396
19598,323,1635
19599,3,-277
19600,-147,-51
19601,1443,-273
19602,2544,-1163
19603,1269,-15
19604,632,545
19605,409,770
19606,-860,1561
19607,-594,736
19608,672,718
19609,222,1676
19610,-152,1292
19611,1158,2590
19612,2073,3384
19613,1355,847
19614,146,918
19615,-750,2384
19616,-1029,815
19617,-169,332
19618,837,1382
19619,792,1875
19620,731,1504
19621,1527,-1446
19622,2408,-2178
19623,1914,1368
19624,-207,2332
19625,-870,1551
19626,669,1365
19627,849,-257
19628,715,-461
19629,2117,49
19630,1399,-643
19631,-650,794
19632,-399,1760
19633,-627,-70
19634,-1963,-624
19635,-565,747
19636,1606,1604
19637,1220,52
19638,786,-1090
19639,1430,1025
19640,932,800
19641,487,180
19642,1506,4460
19643,1099,4289
19644,-628,125
19645,-77,1303
19646,963,801
19647,-643,-1633
19648,-1709,1885
19649,-53,3163
19650,681,62
19651,281,752
19652,1597,1319
19653,1688,90
19654,-221,1478
19655,483,1272
19656,1178,-548
19657,-387,720
19658,276,977
19659,762,-97
19660,-113,1200
19661,1959,1235
19662,2058,761
19663,-951,1979
19664,-338,736
19665,828,47
19666,-8,1749
19667,-455,1116
19668,-959,923
19669,31,761
19670,-471,-883
19671,-3142,1145
19672,-235,1846
19673,2277,149
19674,91,2415
19675,1467,1322
19676,298,-1696
19677,-2832,193
19678,1133,-7
19679,1120,595
19680,-584,2312
19681,1805,-405
19682,-3424,-45
19683,-816,-524
19684,3849,-96
19685,-17132,1630
19686,-12611,-16526
19687,23773,-16150
19688,2695,21522
19689,-32708,12760
19690,1956,-16427
19691,23150,13427
19692,-6008,16229
19693,-5243,-23425
19694,2913,-4428
19695,-19061,13208
19696,-7675,-16634
19697,23711,2034
19698,986,32914
19699,-22660,-6392
19700,8671,-26334
19701,12820,15163
19702,-25352,17037
19703,-12102,-19527
19704,17175,-3647
19705,-4379,26820
19706,117,6603
19707,29917,-128
19708,-4642,19047
19709,-30217,-7821
19710,13903,-23073
19711,15170,19842
19712,-26879,17196
19713,-2452,-18285
19714,31534,4909
19715,-1314,14750
19716,-20648,-14467
19717,-2529,3359
19718,-11050,16807
19719,-10188,-17757
19720,24826,-8057
19721,13239,22360
19722,-23322,-9014
19723,1033,-28796
19724,18367,9721
19725,-19736,19699
19726,-13868,-9304
19727,26522,-476
19728,11180,23724
19729,-1730,4990
19730,19379,-1331
19731,-3575,26780
19732,-25364,7345
19733,14529,-22051
19734,20368,14241
19735,-21528,18124
19736,-8558,-30675
19737,22838,-11589
19738,-2904,24577
19739,-17762,1134
19740,8314,4317
19741,1593,21733
19742,-12926,-13537
19743,18641,-15985
19744,18101,27265
19745,-25944,9695
19746,-6940,-30012
19747,32152,-2212
19748,-954,25094
19749,-22725,-9729
19750,7544,-26619
19751,6618,-1721
19752,-1771,-9179
19753,22782,-13024
19754,8595,24919
19755,-25547,8869
19756,3493,-32449
19757,28200,5037
19758,-12223,24718
19759,-25821,-18165
19760,8173,-3535
19761,2115,33639
19762,-18475,10160
19763,2276,1662
19764,330,18904
19765,-22114,-9453
19766,9377,-28281
19767,23426,13638
19768,-19972,26103
19769,-7225,-12014
19770,30165,-794
19771,-5204,31560
19772,-19790,-2117
19773,13935,-21300
19774,1703,12508
19775,-2343,3079
19776,30357,-12149
19777,3951,16225
19778,-25886,-3038
19779,10988,-28418
19780,6939,16281
19781,-35376,14632
19782,-5118,-30508
19783,29060,2016
19784,-5158,25253
19785,-16217,-13893
19786,5645,-883
19787,-13687,26356
19788,-20987,-5807
19789,20696,-3391
19790,19823,32849
19791,-15176,3366
19792,6489,-28116
19793,26708,14599
19794,-15594,33258
19795,-29191,-15454
19796,7376,-18441
19797,13232,22851
19798,7827,-375
19799,22257,-27576
19800,3180,8827
19801,-22402,942
19802,8276,-33233
19803,22479,13664
19804,-20095,36225
19805,-19790,-14985
19806,21638,-9258
19807,4802,21936
19808,-27923,26
19809,-12165,5435
19810,-9640,28556
19811,-18896,-7459
19812,15824,-22701
19813,23517,23395
19814,-25436,19939
19815,-21258,-27123
19816,23659,-5802
19817,6060,32411
19818,-14448,2313
19819,21358,-10672
19820,24396,17882
19821,-879,-1805
19822,19424,-17818
19823,15038,21653
19824,-30399,14337
19825,-6973,-26585
19826,33020,-2763
19827,-7561,17769
19828,-27506,-15313
19829,15691,-14123
19830,11700,17364
19831,-18515,8089
19832,4282,-2142
19833,12858,17492
19834,-17566,6579
19835,-3748,-21460
19836,19055,358
19837,-14767,19601
19838,-20346,-11441
19839,23089,-9288
19840,9560,24915
19841,-27468,-1164
19842,-658,-27321
19843,17388,5972
19844,-7959,5456
19845,3988,-16665
19846,24419,15274
19847,-831,16595
19848,2665,-29103
19849,30394,-9679
19850,-5430,25161
19851,-31722,-8118
19852,14218,-19322
19853,19388,20112
19854,-17304,18226
19855,4734,-6593
19856,18246,2129
19857,-19265,-3645
19858,-7526,-22247
19859,22477,7769
19860,-13129,26850
19861,-28307,-17069
19862,17091,-25603
19863,18190,21764
19864,-21071,18094
19865,-11016,-18422
19866,10929,-5046
19867,-1678,9663
19868,8702,-7432
19869,23066,5072
19870,-14619,19157
19871,-20010,-15355
19872,26340,-19241
19873,8059,19781
19874,-32708,5812
19875,685,-21698
19876,22602,6550
19877,-2426,18688
19878,2867,1821
19879,5282,13929
19880,-24256,7009
19881,-8847,-26202
19882,30760,-76
19883,7098,36953
19884,-26399,817
19885,4494,-25782
19886,20639,4433
19887,-21017,6872
19888,-19866,-13337
19889,18093,-365
19890,2333,-1009
19891,-6151,-19885
19892,22794,5436
19893,1630,25961
19894,-21294,-7157
19895,8532,-10741
19896,2734,27105
19897,-16371,15497
19898,19666,-15361
19899,27251,7243
19900,-8102,23511
19901,1739,570
19902,18686,5185
19903,-10052,18439
19904,-12485,-7345
19905,23905,-8354
19906,11650,19780
19907,-24866,-3741
19908,-1249,-28631
19909,18972,9233
19910,-17078,23313
19911,-13679,-9365
19912,23112,-7332
19913,288,3798
19914,-16210,-17743
19915,11552,-10008
19916,-10660,19362
19917,-35800,1815
19918,13700,-10970
19919,27247,21800
19920,-21987,15897
19921,-16016,-20551
19922,16107,75
19923,1438,20586
19924,2390,-4673
19925,22177,7242
19926,-4078,28047
19927,-16696,-12276
19928,24418,-22363
19929,20748,21666
19930,-25112,11547
19931,-6209,-23446
19932,28093,-924
19933,-4009,19092
19934,-19679,-4573
19935,8381,-12902
19936,-4203,-3066
19937,-17365,-10735
19938,17698,-1994
19939,12144,25037
19940,-21497,4464
19941,9820,-25555
19942,32741,7092
19943,-8362,23634
19944,-16710,-12735
19945,5600,-2598
19946,-9028,28164
19947,-6654,2223
19948,21633,-3575
19949,-117,23405
19950,-24755,-4342
19951,11166,-27146
19952,24324,12536
19953,-14147,17334
19954,-7632,-18418
19955,27886,-2956
19956,4299,22622
19957,-20925,-3685
19958,3440,-17896
19959,428,2881
19960,-17739,-3244
19961,9625,-13662
19962,12431,12107
19963,-19435,7951
19964,-1806,-26118
19965,15069,-3197
19966,-20844,24774
19967,-23502,-7086
19968,14411,-8970
19969,13634,22429
19970,13,786
19971,15147,-10930
19972,7134,22421
19973,-21943,4963
19974,-2135,-25514
19975,22662,12578
19976,-8310,24947
19977,-12194,-23069
19978,26013,-17914
19979,6760,22888
19980,-25388,3237
19981,-655,-21570
19982,1667,-595
19983,-18230,-3905
19984,11296,-20846
19985,21371,6547
19986,-20292,9696
19987,-13703,-27767
19988,24202,-7819
19989,2603,27267
19990,-21640,-4934
19991,7966,-19267
19992,16968,8653
19993,-2439,-5437
19994,10693,-13213
19995,9993,25757
19996,-21644,15844
19997,469,-21213
19998,32817,8924
19999,-7954,31171
20000,-26158,-9959
20001,18661,-14105
20002,13652,22809
20003,-22410,7695
20004,-6317,-18171
20005,74,1687
20006,-21637,-2482
20007,2447,-25420
20008,23200,7589
20009,-13154,24339
20010,-15293,-20821
20011,25297,-15767
20012,7885,24337
20013,-24697,-3970
20014,5785,-26998
20015,20776,3549
20016,-7998,-3548
20017,2495,-21346
20018,17571,14006
20019,-15166,19303
20020,-11501,-19976
20021,24688,-5009
20022,-2412,27964
20023,-29204,-2932
20024,9786,-19874
20025,17230,23112
20026,-16789,22264
20027,-6131,-19719
20028,4307,-4162
20029,-20179,11319
20030,-2298,-22180
20031,26292,-6091
20032,-9976,29443
20033,-25753,-8455
20034,20491,-22126
20035,17479,20518
20036,-26160,3109
20037,-5895,-29671
20038,24719,-1279
20039,1327,1395
20040,397,-23248
20041,20043,6818
20042,-9377,25191
20043,-18965,-16513
20044,21960,-16318
20045,8017,27689
20046,-30898,7292
20047,3094,-28857
20048,28956,7819
20049,-8763,25867
20050,-17116,-11915
20051,1974,-1568
20052,-14191,19717
20053,-9834,-15383
20054,27494,-9161
20055,9649,28484
20056,-24411,-7812
20057,9513,-29647
20058,26479,20603
20059,-18130,19334
20060,-15381,-22436
20061,19600,-5974
20062,-191,4244
20063,-5673,-24967
20064,21282,-4910
20065,-8991,26949
20066,-31502,-9775
20067,19226,-24588
20068,24902,22475
20069,-24838,14709
20070,-9041,-27670
20071,26462,-403
20072,-3290,20657
20073,-22334,-10712
20074,-562,5308
20075,-9699,29714
20076,-17631,-14594
20077,17640,-19386
20078,11429,30117
20079,-29213,8809
20080,-852,-27040
20081,29332,11119
20082,-13141,25367
20083,-18029,-12502
20084,21835,-11554
20085,1703,2045
20086,-13361,-17484
20087,24210,-5853
20088,8318,26442
20089,-32015,-1955
20090,2533,-28671
20091,24624,15116
20092,-19419,24205
20093,-16866,-26575
20094,25202,-13618
20095,679,29141
20096,-28634,5967
20097,2500,-3048
20098,-969,23989
20099,-29533,-3200
20100,8988,-22817
20101,22068,21224
20102,-31619,15347
20103,-12555,-30175
20104,35967,2890
20105,-6592,38850
20106,-27074,-4386
20107,17399,-20885
20108,1981,5413
20109,-23585,-15111
20110,17712,-22876
20111,17066,22767
20112,-28192,12369
20113,-1452,-30424
20114,33682,4226
20115,-9726,31819
20116,-25500,-14982
20117,23654,-20492
20118,15282,20205
20119,-26623,8864
20120,1453,-1091
20121,14629,26059
20122,-26095,860
20123,-2749,-32990
20124,29838,12467
20125,-21092,29709
20126,-25200,-25684
20127,29942,-15968
20128,3332,37083
20129,-31290,7782
20130,5077,-26059
20131,521,4177
20132,-27495,-616
20133,12662,-23150
20134,27188,14033
20135,-22819,17753
20136,-13521,-29812
20137,36111,-5408
20138,8904,35536
20139,-26811,-5738
20140,13251,-24654
20141,25238,17467
20142,-16730,15766
20143,-3895,-2031
20144,14522,24393
20145,-24154,14408
20146,-9241,-29914
20147,35204,-3821
20148,-8420,31718
20149,-32677,-11029
20150,23424,-25481
20151,19266,21014
20152,-25920,8805
20153,-5237,-22828
20154,5575,5822
20155,-23916,1864
20156,-780,-29490
20157,28518,10960
20158,-12289,31613
20159,-23351,-24154
20160,26136,-21395
20161,10403,32948
20162,-34060,12652
20163,8028,-26316
20164,32738,802
20165,-15539,17905
20166,-1771,-3481
20167,31144,8851
20168,-22118,18592
20169,-28817,-20659
20170,36308,-12691
20171,12576,34442
20172,-35613,-800
20173,8046,-35502
20174,26177,19297
20175,-18687,26203
20176,-16470,-22740
20177,249,-157
20178,-23030,15486
20179,-9274,-27871
20180,27480,-7970
20181,-3422,32068
20182,-28668,-11275
20183,20754,-28499
20184,26519,22686
20185,-28787,13945
20186,-11173,-29322
20187,32739,622
20188,4461,29502
20189,-1285,604
20190,29329,7982
20191,-4673,29761
20192,-25499,-16814
20193,23009,-28207
20194,13427,30195
20195,-34642,13635
20196,-1168,-35699
20197,30334,3174
20198,-10909,25685
20199,-19782,-12214
20200,5225,695
20201,-17988,19706
20202,-19494,-19746
20203,30169,-15469
20204,12365,29320
20205,-35627,1265
20206,2866,-33448
20207,29670,14494
20208,-16663,31566
20209,-14771,-25087
20210,20939,-21119
20211,3873,25802
20212,3154,5553
20213,30418,-6182
20214,82,26157
20215,-26728,-1393
20216,20048,-29932
20217,32936,19572
20218,-22493,22448
20219,-18667,-28947
20220,30212,-4701
20221,6229,26768
20222,-25143,-7781
20223,2606,-1357
20224,-5124,28221
20225,-27759,-14359
20226,14406,-29425
20227,21236,27964
20228,-27354,19312
20229,-3931,-32550
20230,34325,-1065
20231,-10791,29690
20232,-29004,-16301
20233,18412,-21373
20234,18542,21444
20235,-2070,4880
20236,25408,-11801
20237,18117,21302
20238,-26351,3138
20239,70,-32543
20240,31354,12552
20241,-17351,32863
20242,-27759,-19904
20243,24108,-14356
20244,11617,27053
20245,-21469,4904
20246,2068,-4038
20247,-2778,26563
20248,-26758,2583
20249,13497,-24196
20250,29497,18236
20251,-23684,23667
20252,-19437,-26690
20253,30377,-6807
20254,3436,35324
20255,-35730,-6527
20256,2602,-27944
20257,25537,16934
20258,-22,4604
20259,11159,-24784
20260,16055,19257
20261,-26993,22517
20262,-10438,-31511
20263,37368,-5831
20264,-2305,36475
20265,-29411,-5213
20266,22792,-23011
20267,19387,15579
20268,-23354,12262
20269,2676,961
20270,12276,26179
20271,-28050,6372
20272,-4662,-33534
20273,34998,4812
20274,-6840,33913
20275,-28864,-19118
20276,17686,-25053
20277,14613,27780
20278,-24729,8771
20279,633,-25499
20280,26516,5311
20281,1198,5612
20282,8573,-21368
20283,25326,11162
20284,-16965,24192
20285,-23215,-22138
20286,27941,-13618
20287,11157,28726
20288,-28633,-1127
20289,6759,-30864
20290,20013,9130
20291,-15199,23670
20292,3935,-749
20293,22200,16291
20294,-18495,20076
20295,-11869,-23966
20296,29450,-10074
20297,-3559,33246
20298,-32846,-1086
20299,16203,-24975
20300,26258,20193
20301,-25016,18757
20302,-14525,-21706
20303,23269,-8714
20304,-2206,1067
20305,-8327,-19159
20306,25735,6210
20307,-533,29355
20308,-24257,-14512
20309,22553,-25153
20310,20810,24342
20311,-25141,14358
20312,-238,-27926
20313,22614,1716
20314,-10346,27959
20315,-1277,-1555
20316,21438,5313
20317,-16050,22265
20318,-22067,-17043
20319,25958,-15526
20320,11590,32986
20321,-30129,6375
20322,4925,-33075
20323,31780,8115
20324,-13089,24549
20325,-19263,-17370
20326,16842,-13501
20327,580,7902
20328,-9085,-15639
20329,25781,-9802
20330,7796,25750
20331,-27405,-932
20332,8664,-28224
20333,22168,14966
20334,-22584,23723
20335,-12338,-19452
20336,24699,-5310
20337,4352,22674
20338,-2757,-1066
20339,21040,3080
20340,-5006,25417
20341,-27180,-8730
20342,14640,-19904
20343,21186,26108
20344,-22531,15546
20345,-7708,-30379
20346,26050,-3803
20347,-5451,29332
20348,-19221,-2674
20349,14420,-17564
20350,291,262
20351,-19712,-15291
20352,20180,-16063
20353,18727,23846
20354,-27239,11044
20355,-3020,-25504
20356,27702,8455
20357,-9597,28410
20358,-16323,-16357
20359,16708,-14517
20360,6504,18876
20361,-2734,-2844
20362,18797,-7935
20363,1917,24929
20364,-23651,3915
20365,8787,-23186
20366,23851,10256
20367,-19218,15013
20368,-18074,-22834
20369,23635,-7842
20370,4152,24366
20371,-21414,-449
20372,9272,-19209
20373,6329,1133
20374,-21974,-6117
20375,7650,-17489
20376,18578,17013
20377,-21994,18967
20378,-8341,-22336
20379,25738,-4213
20380,-4639,26117
20381,-21189,-10802
20382,10941,-20559
20383,11813,15352
20384,-1053,1484
20385,18853,-12865
20386,12758,18947
20387,-21454,6642
20388,-4599,-27905
20389,22497,4288
20390,-10376,26763
20391,-23257,-14533
20392,18467,-17365
20393,16274,23341
20394,-15046,8441
20395,-588,-21875
20396,2802,-1152
20397,-17643,1781
20398,6983,-18812
20399,22354,8249
20400,-14309,21354
20401,-11172,-19071
20402,25914,-11784
20403,6245,25149
20404,-21603,276
20405,4382,-16444
20406,17223,11615
20407,-275,-378
20408,10914,-18569
20409,15214,14791
20410,-18480,16139
20411,-12604,-21433
20412,21720,-3342
20413,-319,26539
20414,-21318,-4690
20415,12550,-18934
20416,16710,16215
20417,-14163,12038
20418,-7231,-15863
20419,702,2675
20420,-17389,8641
20421,-407,-18953
20422,24364,-160
20423,-5121,22203
20424,-20760,-13138
20425,13368,-15989
20426,9903,21960
20427,-22284,6073
20428,-3021,-17522
20429,18454,4189
20430,-420,640
20431,3422,-17481
20432,14603,10321
20433,-13201,21603
20434,-14807,-12944
20435,18225,-9341
20436,3322,21072
20437,-22932,-464
20438,6295,-21325
20439,19888,12218
20440,-13762,18854
20441,-16316,-11844
20442,1116,172
20443,-13676,12806
20444,-8865,-15199
20445,20002,-4781
20446,-346,23931
20447,-23663,-4790
20448,10251,-18029
20449,18368,17817
20450,-16593,12109
20451,-4566,-17497
20452,20732,-4245
20453,-782,1555
20454,-2574,-15530
20455,17792,3703
20456,-5666,20939
20457,-16694,-11560
20458,18441,-17945
20459,11962,18060
20460,-22358,7185
20461,-2119,-21620
20462,20165,5354
20463,-5411,19056
20464,-13391,-9811
20465,1744,-886
20466,-10702,15629
20467,-11792,-13261
20468,15815,-10116
20469,4115,24040
20470,-19942,1627
20471,10076,-22286
20472,23602,9533
20473,-12123,14689
20474,-8165,-12948
20475,17111,-2834
20476,-1275,5332
20477,-2970,-15286
20478,21534,-991
20479,662,21114
20480,-19251,-8269
20481,12077,-18278
20482,17223,20021
20483,-15938,15256
20484,-7151,-17609
20485,19411,1328
20486,913,17487
20487,-15608,-6833
20488,-1253,-54
20489,-6845,18407
20490,-12415,-7703
20491,16042,-11972
20492,12112,20821
20493,-21522,8245
20494,-2642,-17895
20495,19543,5996
20496,-10183,17171
20497,-11453,-8735
20498,15524,-8736
20499,-2765,-486
20500,-11731,-17548
20501,19299,-8860
20502,7751,17024
20503,-22190,-3278
20504,5093,-21660
20505,22925,9498
20506,-11220,15062
20507,-12034,-16073
20508,19361,-6309
20509,3181,14895
20510,-20821,-910
20511,-2948,2153
20512,-3742,19866
20513,-18366,-5506
20514,10655,-17635
20515,18828,17418
20516,-20658,15154
20517,-11254,-18016
20518,22222,-823
20519,-2018,21421
20520,-14177,-4757
20521,13715,-15679
20522,2291,477
20523,-14093,-7048
20524,12940,-4443
20525,9226,21830
20526,-22012,6872
20527,-1016,-17833
20528,22183,9177
20529,-10554,18584
20530,-20029,-16152
20531,15983,-11926
20532,10782,14184
20533,-16113,1059
20534,2223,-801
20535,6975,20237
20536,-19517,-2262
20537,1041,-25978
20538,21295,9547
20539,-16684,22906
20540,-14993,-14816
20541,27148,-7289
20542,7024,25242
20543,-17147,1201
20544,6920,-18290
20545,-2662,951
20546,-20304,-8230
20547,14472,-13244
20548,17965,21611
20549,-21123,12038
20550,-6383,-27521
20551,24238,-3860
20552,-2013,24516
20553,-16902,-4435
20554,13488,-12288
20555,12118,15230
20556,-13914,9299
20557,-632,-1027
20558,4833,17939
20559,-22773,6870
20560,-4288,-19778
20561,29581,6493
20562,-2214,24318
20563,-19207,-15220
20564,18951,-18785
20565,14084,18301
20566,-14972,1017
20567,1053,-23418
20568,3513,3514
20569,-14339,715
20570,10637,-24072
20571,23786,7169
20572,-14088,20629
20573,-14306,-19706
20574,22719,-8482
20575,5051,29181
20576,-23478,2126
20577,6823,-19738
20578,19502,8079
20579,-10461,9456
20580,-2547,-3341
20581,11760,20048
20582,-13281,18889
20583,-2511,-17918
20584,27872,-3884
20585,-2667,26867
20586,-20822,-5740
20587,16218,-22209
20588,11155,19951
20589,-23538,17830
20590,-8186,-16586
20591,4253,-2461
20592,-17790,2317
20593,-4690,-20437
20594,21392,1889
20595,-6614,19229
20596,-24339,-17916
20597,14435,-17303
20598,17992,24031
20599,-20931,5152
20600,-7046,-31468
20601,17156,-2838
20602,-8717,23362
20603,-2595,5940
20604,27097,10762
20605,-2803,17083
20606,-14215,-16016
20607,27073,-11322
20608,9080,26894
20609,-30105,3334
20610,4738,-22595
20611,24283,13693
20612,-12961,16899
20613,-12255,-15148
20614,6591,2556
20615,-13967,10840
20616,-8140,-20111
20617,23430,1086
20618,-1080,34824
20619,-22767,-4165
20620,19311,-29330
20621,23126,8386
20622,-23207,12246
20623,-8339,-18807
20624,22141,-4252
20625,-5936,16767
20626,-5011,-2273
20627,26469,740
20628,-4922,19266
20629,-27060,-11680
20630,16593,-23040
20631,15724,22825
20632,-22386,15154
20633,1769,-22267
20634,23938,10866
20635,-10881,24196
20636,-19038,-16647
20637,-449,122
20638,-14986,22226
20639,-11720,-18568
20640,24161,-15877
20641,10154,21813
20642,-22515,-5267
20643,6049,-27043
20644,24824,11590
20645,-12802,18765
20646,-13381,-15538
20647,24771,-6155
20648,18079,22569
20649,2588,4006
20650,15476,-5223
20651,-4861,23062
20652,-30005,4167
20653,10756,-23460
20654,31527,20878
20655,-16057,28779
20656,-14911,-27234
20657,27921,-14628
20658,2428,22011
20659,-22801,-1152
20660,12548,652
20661,9633,21881
20662,-16100,-8399
20663,15327,-14532
20664,20444,25140
20665,-26338,10703
20666,-12513,-27462
20667,26975,4536
20668,-798,36694
20669,-17831,-4907
20670,18039,-22282
20671,19610,16209
20672,1331,4947
20673,18376,-17125
20674,9482,21198
20675,-21108,13227
20676,11038,-29481
20677,37791,13531
20678,-14611,36674
20679,-30727,-24395
20680,21124,-21787
20681,15157,23938
20682,-22354,6154
20683,-3501,3116
20684,684,28964
20685,-21132,-4963
20686,8310,-31665
20687,21130,15944
20688,-24446,30940
20689,-16846,-17556
20690,32320,-13811
20691,14330,23706
20692,-18789,-7268
20693,5053,-30959
20694,15728,7295
20695,-4308,-821
20696,12954,-23227
20697,19452,22710
20698,-26577,17581
20699,-19852,-42374
20700,24360,-9461
20701,-9615,33551
20702,-32560,-13330
20703,19135,-23949
20704,15151,20144
20705,-20898,12216
20706,10709,-1576
20707,14789,22474
20708,-26522,7794
20709,257,-18925
20710,33167,16717
20711,-8946,30671
20712,-18733,-21221
20713,29692,-19964
20714,14302,28166
20715,-36880,4483
20716,-10177,-30827
20717,28033,381
20718,8656,7614
20719,12534,-18230
20720,26872,5443
20721,-11160,18543
20722,-11184,-21363
20723,33979,-12091
20724,7003,33793
20725,-29893,9938
20726,9911,-23759
20727,25172,6026
20728,-11036,19464
20729,-8300,4612
20730,4550,22038
20731,-18853,14539
20732,-10272,-27058
20733,25172,-3866
20734,119,29798
20735,-28218,-16172
20736,15779,-35934
20737,21085,16837
20738,-38015,25277
20739,-16944,-5719
20740,34579,2143
20741,-1191,751
20742,-8601,-23096
20743,31570,3040
20744,-13162,30564
20745,-41946,-8356
20746,23919,-21948
20747,16040,23037
20748,-43173,17043
20749,-4101,-22791
20750,27810,-2859
20751,-13782,17146
20752,-5404,-1851
20753,25968,14213
20754,-5871,25812
20755,-15770,-20557
20756,24175,-18910
20757,9008,34382
20758,-31885,12295
20759,2468,-27621
20760,30118,11742
20761,-17633,27309
20762,-16241,-19436
20763,32680,-21542
20764,405,-2471
20765,-22625,-25341
20766,29597,-14530
20767,9907,26037
20768,-37414,-4672
20769,15367,-39986
20770,33510,5100
20771,-22194,21853
20772,-3452,-22566
20773,33738,-12810
20774,3787,19378
20775,4140,-1987
20776,29523,2200
20777,-4230,30380
20778,-25944,-8093
20779,13347,-31443
20780,13591,18308
20781,-32317,13614
20782,-10070,-35512
20783,38343,-1873
20784,900,35123
20785,-30457,-10282
20786,9394,-23144
20787,4823,12018
20788,-18807,-6140
20789,22731,-14998
20790,19554,30896
20791,-33307,14570
20792,-3033,-32344
20793,32050,7491
20794,-16129,33308
20795,-26888,-17136
20796,18258,-15940
20797,15820,20664
20798,4573,-2291
20799,26993,-8324
20800,5045,25332
20801,-37083,5883
20802,-5170,-19034
20803,27018,19820
20804,-14459,30502
20805,-20934,-20126
20806,27363,-27268
20807,6536,9219
20808,-38121,2130
20809,-9434,-10405
20810,1615,16185
20811,-24260,6098
20812,9289,-22921
20813,27663,9738
20814,-24340,17928
20815,-17123,-28939
20816,33649,-4020
20817,4905,38522
20818,-25342,-8585
20819,16896,-25346
20820,29614,18237
20821,-1151,-897
20822,5317,-20409
20823,6185,24647
20824,-24658,17412
20825,127,-26247
20826,37566,2231
20827,-7296,21397
20828,-31179,-24954
20829,14247,-21801
20830,5229,26713
20831,-27800,4713
20832,1007,-31861
20833,3875,1759
20834,-26159,3393
20835,516,-45895
20836,17287,-10251
20837,-24015,42155
20838,-22195,-7194
20839,23569,-17298
20840,14563,38647
20841,-18890,3123
20842,501,-37132
20843,24618,7749
20844,10130,-575
20845,11115,-30343
20846,17948,17672
20847,-9445,20949
20848,-4878,-30741
20849,27527,-7033
20850,-4187,27858
20851,-35061,-7963
20852,5765,-19704
20853,19640,23396
20854,-7953,22633
20855,1918,-16870
20856,1573,-7322
20857,-33368,6045
20858,-14213,-24563
20859,28434,-6214
20860,1053,38713
20861,-20407,2353
20862,26571,-25204
20863,28282,16673
20864,-23409,13381
20865,-8130,-17398
20866,18368,4989
20867,-11372,6636
20868,8458,-22926
20869,46711,2581
20870,-7315,24022
20871,-34904,-19668
20872,22043,-20769
20873,15811,31977
20874,-30100,12661
20875,4271,-30810
20876,36786,2848
20877,1605,17308
20878,-12164,-22206
20879,37,-5854
20880,-20186,22794
20881,-15626,-9782
20882,30245,-7643
20883,15036,29614
20884,-30942,-870
20885,-3982,-29974
20886,13531,8400
20887,-29560,17519
20888,-15220,-8473
20889,29086,3027
20890,4905,3922
20891,994,-23357
20892,33866,-5291
20893,-5259,23377
20894,-41205,-2629
20895,7842,-13968
20896,19996,24482
20897,-25344,20639
20898,-7513,-23842
20899,32578,-10393
20900,2070,18850
20901,-22502,-6136
20902,6410,-4109
20903,7235,28596
20904,-7918,-3380
20905,17598,-32056
20906,14234,2555
20907,-22640,-1993
20908,902,-30613
20909,26981,6137
20910,-11513,29161
20911,-14133,-8709
20912,22074,-16659
20913,-3737,394
20914,-27418,-14417
20915,12250,-8086
20916,10547,25904
20917,-29447,4848
20918,2198,-25548
20919,34249,12918
20920,-14863,24924
20921,-26509,-25770
20922,23623,-18669
20923,11103,21251
20924,-20701,1991
20925,6467,-3931
20926,4018,17984
20927,-18832,-10559
20928,23307,-22761
20929,31399,21666
20930,-28901,15798
20931,-18349,-23940
20932,25652,524
20933,-3449,26492
20934,-18397,-9129
20935,8168,-23621
20936,-8308,541
20937,-18651,-9519
20938,17559,-15339
20939,14933,20344
20940,-14566,10188
20941,8405,-29068
20942,30450,-3003
20943,-7017,20788
20944,-27925,-4472
20945,2909,5966
20946,7918,29727
20947,-11700,7822
20948,3428,1633
20949,6511,18781
20950,-22961,-1704
20951,-5996,-19846
20952,27377,13569
20953,2331,28630
20954,-10763,-13051
20955,18447,-23437
20956,7246,10712
20957,-18203,528
20958,-2772,-19148
20959,-8201,5402
20960,-28107,-1617
20961,3758,-23840
20962,22716,7898
20963,-10506,10747
20964,-8224,-29439
20965,18492,-8268
20966,-6167,29176
20967,-19890,5610
20968,18934,-10228
20969,17799,11417
20970,-16466,11266
20971,2143,868
20972,14536,16529
20973,-16380,16464
20974,1321,-4732
20975,30803,9607
20976,-7315,19906
20977,-16544,-19269
20978,25381,-22354
20979,9337,20223
20980,-24436,11448
20981,-5146,-15678
20982,-1324,-1226
20983,-17291,-3353
20984,7995,-21137
20985,18611,1525
20986,-22241,14570
20987,-25037,-14493
20988,17081,-11214
20989,8644,22873
20990,-22759,8340
20991,604,-20207
20992,17931,1648
20993,-8344,17695
20994,-2590,4900
20995,14041,17150
20996,-15420,15606
20997,-13798,-21837
20998,23548,-6256
20999,-755,30098
21000,-27848,-4595
21001,9187,-24072
21002,17124,17611
21003,-7810,15307
21004,7618,-13328
21005,8581,3601
21006,-20466,3835
21007,-2546,-18799
21008,19402,8361
21009,-13432,33087
21010,-19781,-869
21011,23119,-16772
21012,20260,9063
21013,-18091,3008
21014,-11630,-20909
21015,4027,-2398
21016,-7394,17355
21017,6016,5248
21018,22408,10026
21019,-7082,15387
21020,-13271,-15841
21021,21223,-14504
21022,5308,23230
21023,-27961,3999
21024,6054,-24141
21025,28688,12953
21026,-10577,22374
21027,-15554,-15764
21028,7683,-2461
21029,-13718,17403
21030,-15010,-14148
21031,19538,-7040
21032,1639,28799
21033,-16355,-1949
21034,24124,-27354
21035,23223,12598
21036,-20728,15763
21037,-9084,-17983
21038,15194,5511
21039,1320,28888
21040,6880,-1966
21041,19393,-1429
21042,-11108,22659
21043,-24087,-5257
21044,12881,-15935
21045,16181,23369
21046,-19981,10316
21047,-7600,-28243
21048,24442,475
21049,1429,21438
21050,-19133,-8252
21051,-1316,-1120
21052,-5194,16218
21053,-7943,-15841
21054,19578,-15793
21055,7086,22863
21056,-22521,5874
21057,5257,-19768
21058,19394,11299
21059,-18536,20491
21060,-17657,-11538
21061,16713,-5433
21062,11932,16152
21063,1165,-1802
21064,12089,-4648
21065,-2093,22174
21066,-19811,5030
21067,8933,-21946
21068,23409,6930
21069,-11133,14815
21070,-11440,-19954
21071,18331,-6281
21072,-2845,19184
21073,-25178,-1808
21074,-2062,3235
21075,-3177,22709
21076,-13420,-12224
21077,17918,-23992
21078,17155,19876
21079,-21316,13049
21080,-3445,-25192
21081,26755,1527
21082,-1473,25046
21083,-12471,-14391
21084,18397,-17874
21085,15699,19355
21086,-713,1602
21087,12602,-14577
21088,5692,19851
21089,-15920,7740
21090,6799,-24581
21091,21309,8905
21092,-14845,15878
21093,-18036,-26904
21094,16925,-7098
21095,3687,27724
21096,-18199,2782
21097,6646,320
21098,5922,22864
21099,-19713,-5155
21100,4954,-21616
21101,20943,18655
21102,-13801,21374
21103,-6511,-18071
21104,28301,-5191
21105,1293,21111
21106,-25246,-6681
21107,3253,-15166
21108,14266,12384
21109,3298,-1902
21110,16706,-13354
21111,12916,19778
21112,-15013,8015
21113,-751,-29646
21114,22846,869
21115,-7560,27214
21116,-20718,-10680
21117,17585,-19517
21118,13578,11736
21119,-16449,7552
21120,3468,-148
21121,4320,17954
21122,-27093,2345
21123,1291,-21446
21124,27742,8739
21125,-13459,20265
21126,-17406,-20067
21127,22109,-12654
21128,3360,25791
21129,-28151,2595
21130,-2812,-19010
21131,16325,7734
21132,4139,-645
21133,14093,-22404
21134,17113,10319
21135,-19892,17961
21136,-15021,-21026
21137,29331,-7025
21138,6597,24391
21139,-25553,-4542
21140,14299,-17134
21141,21067,17190
21142,-17844,15850
21143,1364,-536
21144,16174,18462
21145,-19639,9662
21146,-5541,-24911
21147,27137,-2296
21148,-6881,23205
21149,-22781,-15028
21150,16154,-22744
21151,11145,21521
21152,-24322,12883
21153,-4175,-18564
21154,22917,-594
21155,585,901
21156,-2073,-19454
21157,19421,10002
21158,-7455,25535
21159,-20202,-15422
21160,22950,-9386
21161,11428,30610
21162,-28114,952
21163,7748,-30013
21164,25669,7597
21165,-12278,20861
21166,644,-1713
21167,17941,16187
21168,-19542,20006
21169,-13160,-21345
21170,26087,-9518
21171,-1364,29139
21172,-29955,-2282
21173,9263,-24781
21174,22283,15586
21175,-19196,15129
21176,-14755,-20737
21177,16553,-7493
21178,-5052,1030
21179,-10170,-22426
21180,25036,1303
21181,1762,31462
21182,-25040,-9001
21183,22100,-25358
21184,23625,23785
21185,-27531,14924
21186,-3591,-31579
21187,23791,-2602
21188,-11073,24960
21189,1006,-1725
21190,29073,8153
21191,-11611,21767
21192,-22329,-17354
21193,22720,-19705
21194,19178,23808
21195,-19469,18286
21196,-18087,-23284
21197,14781,-17872
21198,18148,23784
21199,-17643,16394
21200,-22417,-19646
21201,1909,2998
21202,-13342,28622
21203,-25637,-9298
21204,11288,-26248
21205,27931,12995
21206,-6035,25348
21207,-22961,-11989
21208,12238,-25509
21209,28226,11986
21210,-14161,21565
21211,-24524,-11068
21212,8037,-93
21213,-6595,29611
21214,-26412,9156
21215,2714,-9586
21216,11456,1301
21217,-5854,102
21218,952,-4476
21219,7737,979
21220,-3310,-2337
21221,-3398,-6428
21222,5521,268
21223,-7654,202
21224,-25158,-8617
21225,-6511,-4837
21226,9712,5901
21227,-7558,5369
21228,-4555,3885
21229,9930,7239
21230,-4853,6402
21231,-3125,6500
21232,9193,8209
21233,-6953,3434
21234,5032,-1823
21235,33864,2
21236,9588,3228
21237,-9795,832
21238,6427,-1542
21239,-1221,-1359
21240,-7980,-4953
21241,5609,-2884
21242,-93,4152
21243,-2804,-2130
21244,918,-3726
21245,-13588,9211
21246,-3059,1763
21247,20909,-13707
21248,3450,-1036
21249,-8841,9886
21250,8243,2903
21251,4939,7719
21252,-2553,9573
21253,7955,-3179
21254,3211,1850
21255,-3006,7045
21256,8883,-6104
21257,483,5469
21258,-18436,21527
21259,-4772,410
21260,9897,-6205
21261,-1394,8307
21262,-5057,-1476
21263,84,-4167
21264,-3129,5747
21265,-1238,-1553
21266,-496,3243
21267,-6621,8989
21268,260,-5826
21269,5526,10485
21270,-5426,35464
21271,-5146,10425
21272,5492,-8527
21273,2757,7355
21274,-2477,5029
21275,1332,-2826
21276,3838,6128
21277,2793,-2372
21278,4033,-10673
21279,2616,3633
21280,-6101,-8868
21281,-8503,-30698
21282,-1961,-6248
21283,-2582,9392
21284,-970,-8328
21285,7153,-1159
21286,439,8257
21287,-4580,-2727
21288,4235,3822
21289,-1430,5429
21290,-5268,-5472
21291,6922,4681
21292,-6012,301
21293,-23572,-20334
21294,-2446,-6045
21295,8978,9065
21296,-7057,-3732
21297,-844,-3338
21298,6861,4196
21299,-6393,-2771
21300,1980,-1533
21301,9901,2776
21302,-7944,-5224
21303,6674,-715
21304,28388,13655
21305,-67,7530
21306,-12682,-1976
21307,4144,6279
21308,-3770,10506
21309,-1832,4868
21310,7999,4655
21311,-7740,5686
21312,1064,3028
21313,16750,986
21314,-3863,109
21315,7052,-197
21316,36894,-814
21317,9572,-1179
21318,-13377,-3397
21319,7933,-5893
21320,6238,-129
21321,-7478,2330
21322,3221,-3658
21323,-921,745
21324,-8916,1241
21325,8263,-8384
21326,-2976,4201
21327,-31493,14470
21328,-9594,-1991
21329,13346,-362
21330,-2426,10069
21331,-2458,-785
21332,5820,2779
21333,-501,10841
21334,5084,-2316
21335,6368,-432
21336,17,4653
21337,9102,-9138
21338,1183,2872
21339,-17012,22924
21340,-2766,2671
21341,7572,-11971
21342,-4189,737
21343,-62,-1748
21344,4856,-3721
21345,-5451,8709
21346,-2698,646
21347,3595,-4090
21348,-4124,11421
21349,-930,-6300
21350,11379,-28708
21351,4021,-692
21352,-8313,13665
21353,-657,-6323
21354,8311,-2433
21355,2801,2660
21356,1250,-5784
21357,6014,3012
21358,340,220
21359,-5378,-9383
21360,-1066,6244
21361,-3622,-3024
21362,-9452,-29893
21363,-3171,-9107
21364,50,11330
21365,-3781,-4570
21366,342,-1133
21367,115,8584
21368,-7235,-3288
21369,-2356,2497
21370,69,9027
21371,-7280,-7427
21372,4107,3931
21373,17343,25816
21374,4724,5382
21375,-1286,-10148
21376,5585,2920
21377,4,1722
21378,-457,-1994
21379,3154,4779
21380,-4108,-548
21381,2971,-2516
21382,8309,2316
21383,-8534,-6251
21384,448,-2450
21385,20014,14606
21386,-621,6034
21387,-13385,-4179
21388,2539,6870
21389,663,4999
21390,-3917,-1163
21391,5510,8670
21392,3151,6713
21393,557,-1028
21394,6222,3452
21395,-1808,481
21396,-11170,-5367
21397,-1853,-2095
21398,6796,1070
21399,1148,3041
21400,1096,612
21401,8063,126
21402,1107,2860
21403,-4207,-7349
21404,3633,-5051
21405,-3474,12712
21406,-10254,2375
21407,10479,-1663
21408,18204,21126
21409,-922,10521
21410,-5677,-9991
21411,132,2418
21412,-5074,4034
21413,-4639,-5179
21414,3570,958
21415,-594,-363
21416,-4119,-4794
21417,4820,1916
21418,-4304,361
21419,-20493,-7093
21420,-3718,-2738
21421,7600,4905
21422,-6370,2751
21423,-1982,-227
21424,3427,2731
21425,-521,1303
21426,7477,295
21427,-4072,3495
21428,-7523,-797
21429,19046,2858
21430,-5446,8157
21431,-34156,-15789
21432,5499,-20510
21433,10892,12704
21434,-15654,6602
21435,7392,-12453
21436,10223,10674
21437,-11745,5199
21438,6324,-16743
21439,12232,8854
21440,-2289,8689
21441,2461,-15432
21442,-7497,7924
21443,-13215,11182
21444,12269,-9151
21445,8652,10749
21446,-11389,8130
21447,2451,-12509
21448,6544,6117
21449,-7525,6655
21450,-1655,-5118
21451,2292,5396
21452,-1442,-1386
21453,1157,3942
21454,-4740,21570
21455,-2157,-821
21456,8540,-8728
21457,-1973,7274
21458,-3797,-4367
21459,7005,-5039
21460,-3934,6525
21461,-5136,-2016
21462,6318,1254
21463,-3262,6651
21464,3075,-3325
21465,22505,2144
21466,4209,6973
21467,-9187,-4678
21468,10390,-1108
21469,10575,7955
21470,410,-1067
21471,4637,-3218
21472,-1626,6345
21473,-1218,3122
21474,8333,660
21475,-4329,5233
21476,496,-1540
21477,23126,509
21478,4104,11981
21479,-15225,2761
21480,1447,-1866
21481,5747,8449
21482,-2715,2009
21483,-418,-2064
21484,2142,9567
21485,-964,6957
21486,-4160,-1661
21487,7122,5107
21488,17989,8601
21489,2481,-1113
21490,-7497,-1784
21491,2245,6593
21492,-564,2634
21493,-6818,-3351
21494,2094,-921
21495,3028,-414
21496,-10368,2633
21497,-7077,2232
21498,5380,-3284
21499,-9011,7092
21500,-19996,11082
21501,-3283,-4343
21502,2287,-1210
21503,191,8520
21504,4039,693
21505,-864,-780
21506,764,676
21507,2035,-3484
21508,-2830,650
21509,4138,1710
21510,-9898,-3221
21511,-28491,-3892
21512,-3627,-3312
21513,9442,4192
21514,-3208,5424
21515,3132,-5975
21516,2000,-535
21517,-6324,3004
21518,2756,-7478
21519,3583,7277
21520,-943,13125
21521,3001,-7465
21522,4074,6930
21523,8314,21234
21524,9873,99
21525,-1577,1133
21526,-5009,5979
21527,2631,-5303
21528,212,4748
21529,-3179,7359
21530,5447,1624
21531,2198,12056
21532,-8254,4420
21533,4477,5871
21534,9075,27657
21535,-5821,10783
21536,4393,-6662
21537,13036,5353
21538,-5783,3072
21539,-6308,1843
21540,2275,2453
21541,-3852,-8572
21542,1507,181
21543,1838,8175
21544,-12618,940
21545,3555,3008
21546,28743,-594
21547,10333,-1456
21548,-9644,7025
21549,2035,-435
21550,923,-485
21551,-6782,6647
21552,3425,-1375
21553,-2648,1924
21554,-7858,3112
21555,7974,-9600
21556,-2376,1903
21557,-12598,16804
21558,7492,6089
21559,1849,-4794
21560,-14986,-4644
21561,-5693,-1680
21562,-2849,-1302
21563,-6838,2764
21564,-4880,7545
21565,2789,-4251
21566,15511,-4074
21567,423,10467
21568,-16400,-12288
21569,6448,-32131
21570,12167,-5669
21571,-3819,6225
21572,-53,-5483
21573,-2414,-4263
21574,-808,-1502
21575,7617,1016
21576,-6826,2538
21577,-2080,-5245
21578,9855,-5391
21579,-14434,6916
21580,-18975,19008
21581,-5133,13369
21582,-8500,-6576
21583,73,-1505
21584,-767,10669
21585,-8617,-5887
21586,9717,-5955
21587,3647,10032
21588,-11323,-4054
21589,5359,-7946
21590,-1955,9386
21591,-8606,-1892
21592,15240,-13513
21593,4898,351
21594,-8046,3616
21595,6910,4770
21596,-5040,13133
21597,-9296,772
21598,12004,-5569
21599,-642,12678
21600,-13378,7593
21601,8298,-8176
21602,9366,8984
21603,-12990,20071
21604,-12805,3304
21605,1711,-6105
21606,2504,-4698
21607,-2132,1379
21608,-1583,7739
21609,-3845,2588
21610,-4892,-177
21611,606,-1840
21612,3935,-3903
21613,1889,9667
21614,-1648,2088
21615,709,-20504
21616,2389,-2117
21617,-5779,6050
21618,-772,-13220
21619,10853,1468
21620,-642,4379
21621,-3449,-16080
21622,9077,2359
21623,-2201,12850
21624,-10831,-5087
21625,8400,-3785
21626,24583,1553
21627,14924,9597
21628,-12677,12050
21629,-7457,-12502
21630,25249,-5065
21631,7798,19354
21632,-14257,-4059
21633,13352,-10158
21634,7249,13984
21635,-15226,3032
21636,7265,-4262
21637,-1843,7385
21638,-29015,-2931
21639,-2413,-5454
21640,6058,4894
21641,-12191,-6300
21642,11916,-9196
21643,19440,11696
21644,-13712,10247
21645,-7631,-11529
21646,13466,-5028
21647,-1535,7357
21648,-1692,-16356
21649,18736,-27012
21650,8520,-161
21651,-11764,2246
21652,-2415,-19218
21653,19695,-9276
21654,15088,17760
21655,-13970,13695
21656,-12396,-12735
21657,15514,-12020
21658,8797,12169
21659,-9274,11312
21660,-6206,-8541
21661,-9520,-17375
21662,-3835,-13905
21663,9386,-978
21664,-2593,-613
21665,4083,-12102
21666,25314,4558
21667,-2320,16841
21668,-20581,-14469
21669,12747,-24233
21670,18090,7848
21671,-2199,19859
21672,7922,16622
21673,7633,21658
21674,-17767,6098
21675,-11164,-18048
21676,13142,-8377
21677,2437,16556
21678,-19583,12075
21679,-7478,-15814
21680,21742,-14314
21681,18842,20421
21682,-14715,18888
21683,-24408,-11087
21684,-7570,3987
21685,-11073,22214
21686,-19016,-9541
21687,1230,-24738
21688,18926,-2263
21689,13974,6766
21690,5656,7707
21691,1816,16445
21692,-4395,17794
21693,-18397,9273
21694,-23981,174
21695,-4574,1906
21696,14221,11789
21697,13820,16381
21698,6392,20487
21699,-8354,19025
21700,-16533,-2447
21701,1618,-18547
21702,18827,-3368
21703,15148,18467
21704,8508,20397
21705,5494,16239
21706,2575,16842
21707,-1455,3439
21708,-2436,-17918
21709,10048,-14145
21710,19395,7117
21711,5424,19050
21712,-13340,20418
21713,-20922,10576
21714,-20968,-2757
21715,-18899,-5134
21716,-21680,-10351
21717,-17025,-15863
21718,1285,4062
21719,4027,26409
21720,-11314,17040
21721,-13266,-6171
21722,1855,-16328
21723,15992,-8433
21724,18775,8340
21725,14648,15362
21726,14441,7471
21727,17280,1088
21728,19475,9899
21729,16302,17522
21730,4244,-585
21731,1074,-20903
21732,11174,-14915
21733,13486,-7405
21734,11431,-7762
21735,14905,-2898
21736,15450,-10577
21737,13010,-20967
21738,7116,-10750
21739,-3111,-10617
21740,-5350,-19092
21741,-2737,2237
21742,-9678,23719
21743,-18974,13422
21744,-19193,-403
21745,-16113,-7757
21746,-10903,-18408
21747,3952,-20598
21748,18316,-10940
21749,22708,-823
21750,22707,9358
21751,10112,23118
21752,-6292,26115
21753,4365,6435
21754,22534,-7799
21755,17672,6728
21756,6656,21520
21757,-3628,17898
21758,-18459,9867
21759,-23646,-1902
21760,-15740,-12153
21761,-7927,-7906
21762,-12747,-2961
21763,-20074,-3585
21764,-5157,3898
21765,14693,8730
21766,14485,-1436
21767,15221,-7105
21768,23192,1219
21769,21362,5142
21770,15723,18
21771,13000,-485
21772,13784,3828
21773,17206,9569
21774,10144,20908
21775,-177,22629
21776,5454,2723
21777,13391,-11053
21778,12824,-4437
21779,16687,2039
21780,16794,9584
21781,2855,21816
21782,-3880,18829
21783,-36,10569
21784,-9379,12948
21785,-23163,3730
21786,-17683,-9044
21787,-9303,3435
21788,-16051,8198
21789,-12277,-14718
21790,12438,-19312
21791,21425,-3018
21792,11759,-2044
21793,15960,-4454
21794,21819,496
21795,16184,1632
21796,15300,8630
21797,3616,13466
21798,-15525,4220
21799,-6893,7506
21800,1047,17720
21801,-15568,3299
21802,-15366,-16343
21803,3964,-18950
21804,14979,-10046
21805,18607,9057
21806,8898,22304
21807,-7256,19182
21808,-6779,17308
21809,-1334,14675
21810,-4555,57
21811,-5484,-15703
21812,758,-21349
21813,11068,-10906
21814,18550,5767
21815,17861,8867
21816,11532,7963
21817,799,14872
21818,-7836,17721
21819,-12326,11699
21820,-21155,-3983
21821,-19998,-16257
21822,-2832,1703
21823,-3658,21636
21824,-19194,2396
21825,-9939,-18011
21826,9835,-6422
21827,11935,6772
21828,12374,8324
21829,15963,7305
21830,11766,5729
21831,12217,12268
21832,14214,16689
21833,-196,3922
21834,-12528,-7765
21835,-9441,-11705
21836,-8770,-18299
21837,-6942,-16383
21838,-1118,-7181
21839,-8497,-11657
21840,-15105,-21132
21841,-9042,-12211
21842,-9693,1137
21843,-11635,-7953
21844,-4470,-16934
21845,-5118,1532
21846,-15472,11851
21847,-19321,-7552
21848,-11453,-17719
21849,-7168,-9489
21850,-15522,-10588
21851,-14319,-15598
21852,-6824,-8173
21853,-14126,-3156
21854,-7984,-13975
21855,9874,-19488
21856,-3646,-5842
21857,-21223,184
21858,-12809,-10587
21859,-9545,-10781
21860,-14480,-3179
21861,-10792,-8971
21862,-8846,-13255
21863,-12755,-5472
21864,-13591,-5167
21865,-10238,-12493
21866,-10845,-13561
21867,-11058,-10660
21868,3462,-691
21869,18514,13187
21870,17486,10987
21871,14064,-446
21872,15280,-5338
21873,15991,-8728
21874,12162,-8445
21875,498,-10348
21876,-10130,-19929
21877,-15552,-10377
21878,-14765,9739
21879,1310,1896
21880,13847,-13416
21881,4446,-12253
21882,-2356,-15032
21883,2065,-19542
21884,-602,-12219
21885,-3680,-7300
21886,2457,-10769
21887,5439,-11320
21888,5247,-8312
21889,13674,-8160
21890,16803,-6695
21891,-1628,562
21892,-20350,4538
21893,-21023,830
21894,-17006,-4110
21895,-15569,-8046
21896,-13559,-10547
21897,-12985,-11960
21898,-12634,-10409
21899,-11519,-4054
21900,-8609,-5952
21901,-3037,-12534
21902,-3386,-497
21903,-9433,13219
21904,-11102,6743
21905,-12536,1336
21906,-16056,3167
21907,-14837,2002
21908,-13540,4666
21909,-13725,5107
21910,-9982,-381
21911,-10184,-352
21912,-14066,-4145
21913,-9017,-12284
21914,-2119,-3615
21915,-714,13225
21916,2654,19188
21917,1935,19685
21918,-4923,17035
21919,-2785,10712
21920,5139,11630
21921,7611,18086
21922,6940,18844
21923,3446,18259
21924,1003,17648
21925,1494,4168
21926,-6746,-15100
21927,-16619,-17779
21928,-11860,-9807
21929,-5240,-8694
21930,-8874,-7007
21931,-12970,-2082
21932,-11440,-8705
21933,-5363,-17353
21934,3785,-12426
21935,11404,-10072
21936,9571,-12853
21937,-4647,-397
21938,-16655,13911
21939,-15234,8861
21940,-11292,-1071
21941,-9492,-4065
21942,-5952,-6477
21943,-2531,-10748
21944,6715,-13872
21945,18153,-6347
21946,15313,11747
21947,5747,18021
21948,2441,3610
21949,3763,-12999
21950,12831,-16334
21951,21946,-4727
21952,13441,11874
21953,-6992,15825
21954,-18242,3944
21955,-10338,-6759
21956,1507,-7763
21957,1225,-8956
21958,5357,-12925
21959,16056,-9450
21960,4621,-632
21961,-15088,-2411
21962,-9360,-12428
21963,6271,-6381
21964,7189,13684
21965,-3542,15000
21966,-12121,-3373
21967,-4814,-13721
21968,10409,-10288
21969,11852,1224
21970,3291,10587
21971,2332,2421
21972,10601,-8499
21973,17697,-789
21974,15381,13788
21975,6396,20310
21976,-1133,15892
21977,-5702,8102
21978,-10603,7034
21979,-12798,-1685
21980,-4073,-16226
21981,8105,-9604
21982,10093,-918
21983,10798,-5828
21984,10842,4420
21985,-3326,11820
21986,-8313,-7904
21987,11115,-11744
21988,15742,10066
21989,-5112,15379
21990,-14952,422
21991,-2258,-11552
21992,15391,-6507
21993,15459,6927
21994,-2967,-407
21995,-6604,-18256
21996,10598,-12807
21997,17859,1448
21998,11851,6679
21999,4188,12502
22000,-6625,11972
22001,-14309,2175
22002,-9721,-5812
22003,4364,-10252
22004,12313,-2239
22005,5467,9846
22006,6120,3439
22007,16601,2456
22008,3085,16230
22009,-16521,4591
22010,-2000,-16513
22011,16322,-5053
22012,7449,12423
22013,-6774,9155
22014,-12654,-939
22015,-5409,-10094
22016,11748,-10295
22017,8362,-2525
22018,-6571,-7951
22019,4335,-15171
22020,17748,-2979
22021,10732,7121
22022,6802,9531
22023,-170,16352
22024,-13989,4752
22025,-3534,-12914
22026,13307,1748
22027,3245,13787
22028,-9752,1153
22029,-9364,967
22030,-5546,2029
22031,6116,-8306
22032,13420,3266
22033,-2897,17718
22034,-14405,-818
22035,4541,-18881
22036,16942,-2989
22037,-894,17001
22038,-10263,5704
22039,-965,-11484
22040,-6245,-5502
22041,-15125,-5381
22042,-2105,-15957
22043,12126,-4489
22044,9178,11605
22045,-790,8736
22046,-8121,2257
22047,-6457,-4293
22048,6970,-8135
22049,16472,3247
22050,4138,15011
22051,-9974,8111
22052,1445,-1411
22053,11709,7983
22054,-4195,15026
22055,-13268,-4187
22056,3823,-14053
22057,15003,7609
22058,-73,15502
22059,-11180,-4380
22060,6123,-9657
22061,15802,7682
22062,596,14485
22063,1688,3480
22064,14287,2520
22065,4954,14864
22066,-6695,13564
22067,-8754,3184
22068,-13101,17
22069,-10738,-6056
22070,-3314,-11555
22071,-1270,-9642
22072,3255,-11807
22073,11625,-10457
22074,11870,-2047
22075,-59,-4582
22076,-6201,-11828
22077,6424,-8500
22078,13501,1669
22079,3327,10242
22080,-2561,9047
22081,-4143,983
22082,-4962,-6654
22083,5819,-10844
22084,11662,108
22085,3685,13505
22086,6254,4882
22087,13595,-121
22088,3230,12511
22089,-8743,9314
22090,-6084,-6318
22091,1800,-8544
22092,8413,-3237
22093,7076,3610
22094,-2755,9111
22095,-6597,4596
22096,-8600,-2934
22097,-12468,-2689
22098,497,4955
22099,13291,12903
22100,2206,13682
22101,-3195,12965
22102,2232,16567
22103,-6566,15137
22104,-9885,8916
22105,-2676,8201
22106,-8231,6848
22107,-8078,-1742
22108,2341,-7012
22109,-437,-5375
22110,701,-3831
22111,11512,-945
22112,10177,922
22113,10628,-2977
22114,17982,-991
22115,14465,5541
22116,11974,2067
22117,11210,3066
22118,-2782,11265
22119,-9981,287
22120,-3225,-11045
22121,-6305,1603
22122,-12417,2044
22123,-1327,-15286
22124,13218,-9106
22125,10211,9250
22126,-2797,9491
22127,-8907,2890
22128,-10444,-1747
22129,-10433,-8091
22130,-1706,-12156
22131,6334,-10440
22132,586,-480
22133,-8366,9244
22134,-10419,8236
22135,-11887,6405
22136,-14881,5768
22137,-13023,302
22138,-8784,57
22139,-10377,1027
22140,-12248,-3527
22141,-8530,-1597
22142,-7814,-3734
22143,-8548,-13576
22144,-4128,-2707
22145,-4936,14235
22146,-11490,6608
22147,-10387,-3147
22148,-4293,-2777
22149,235,-7616
22150,5434,-8753
22151,9124,-937
22152,9543,6013
22153,7442,13568
22154,1360,14085
22155,-1562,-540
22156,5254,-11975
22157,11575,-8233
22158,10327,130
22159,6475,6063
22160,234,9011
22161,-6036,6826
22162,-6249,141
22163,-5718,-5690
22164,-6641,-8158
22165,-2622,-11164
22166,2258,-10336
22167,2710,3415
22168,251,15909
22169,-5733,9862
22170,-9837,-2477
22171,-4674,-9308
22172,5775,-11914
22173,12913,-4852
22174,11018,3210
22175,7440,376
22176,12611,4085
22177,12723,12289
22178,947,691
22179,-886,-10907
22180,6658,-3801
22181,5742,930
22182,3475,5030
22183,3383,13243
22184,-3365,7010
22185,-7921,-2678
22186,-1426,-4481
22187,7041,-6892
22188,8612,3184
22189,5617,15223
22190,4390,2908
22191,4437,-8637
22192,5134,-5563
22193,9768,-5799
22194,12378,-1730
22195,10179,3666
22196,11969,-1485
22197,15453,-1487
22198,13223,3362
22199,7765,4213
22200,3354,7529
22201,4806,6274
22202,7499,2936
22203,-127,7513
22204,-7399,3199
22205,-122,-7759
22206,8661,-2587
22207,5511,8384
22208,-3750,7319
22209,-7124,-3963
22210,423,-13617
22211,8691,-7057
22212,8447,4162
22213,7088,-210
22214,9975,-5400
22215,11274,307
22216,8391,3899
22217,6644,4727
22218,8010,7916
22219,4340,11405
22220,-4232,13516
22221,-6360,9269
22222,-7144,4291
22223,-10456,6690
22224,-535,6675
22225,11568,7298
22226,755,14406
22227,-13602,7183
22228,-7518,-9645
22229,6665,-7614
22230,13301,4979
22231,7543,10845
22232,-346,11330
22233,1788,9316
22234,-1092,10645
22235,-7239,12306
22236,2838,10414
22237,3711,10412
22238,-9060,1939
22239,1258,-7213
22240,8951,4741
22241,-5697,7650
22242,1674,-8508
22243,15367,-2322
22244,270,11871
22245,-7245,4214
22246,2340,-4321
22247,5297,-6166
22248,7670,-2235
22249,4146,11240
22250,-7323,9198
22251,-3590,-8269
22252,9172,-4857
22253,5969,11895
22254,-8042,6241
22255,-6887,-10176
22256,7665,-4631
22257,6295,7519
22258,-3830,5984
22259,-4173,8450
22260,-9079,6767
22261,-7028,-7418
22262,8250,-796
22263,1698,10172
22264,-7903,-3354
22265,5133,-3409
22266,1520,7596
22267,-11396,-3563
22268,1055,-8262
22269,9699,-22
22270,4038,-5139
22271,6502,-7558
22272,9035,1733
22273,5017,8939
22274,-3976,10100
22275,-12487,-2123
22276,-1474,-11983
22277,10351,2474
22278,-449,11273
22279,-2565,-1582
22280,7049,-2446
22281,1005,8481
22282,-78,7933
22283,7117,6129
22284,-3577,6400
22285,-9201,-3105
22286,4026,-9103
22287,8754,325
22288,4460,11019
22289,-1990,10375
22290,-9963,90
22291,-3795,-8384
22292,4714,-5706
22293,-3456,-80
22294,-8929,-802
22295,-4085,-3661
22296,569,-6731
22297,8633,-7473
22298,11303,2151
22299,-1353,11181
22300,-8571,1589
22301,3349,-9981
22302,11817,-1084
22303,650,9182
22304,-7143,4642
22305,-690,3381
22306,-3058,4494
22307,-6208,-4093
22308,6078,-2842
22309,4466,8611
22310,-10894,2320
22311,-4182,-9347
22312,9833,-1902
22313,5650,9770
22314,-3639,10651
22315,-6127,5542
22316,746,1200
22317,9774,3849
22318,4963,9062
22319,-4623,8121
22320,-5303,4800
22321,-6986,-7
22322,-7041,-7852
22323,3261,-8749
22324,7787,-3061
22325,4648,-2805
22326,10714,-2646
22327,12828,3030
22328,-164,995
22329,-5553,-7944
22330,600,-8376
22331,3783,-4715
22332,7295,-3999
22333,9206,1327
22334,3922,8240
22335,-1243,8228
22336,-5176,4461
22337,-5678,-756
22338,-604,-4560
22339,-1995,-2831
22340,-5105,-3046
22341,3221,-5616
22342,7878,1115
22343,-526,7828
22344,-5060,80
22345,1494,-5708
22346,6164,3179
22347,-1043,7404
22348,-7594,-2764
22349,1279,-8856
22350,9058,-2385
22351,333,1543
22352,-6211,-3843
22353,-276,-7097
22354,4269,-5164
22355,5599,-2622
22356,7521,3814
22357,3471,9803
22358,-3359,7213
22359,-4984,2228
22360,-5469,-1694
22361,-4997,-5073
22362,926,-926
22363,5088,8029
22364,612,10294
22365,-5745,4172
22366,-5958,-2234
22367,-2048,-3063
22368,2822,-2737
22369,8266,-85
22370,5592,8385
22371,-4731,7418
22372,-3896,-2354
22373,3937,-1795
22374,3085,-832
22375,3983,-3613
22376,3831,4497
22377,-6661,5235
22378,-3073,-6746
22379,11196,-859
22380,4460,12201
22381,-6876,7628
22382,-5555,2232
22383,-8151,717
22384,-7885,-5846
22385,590,-2124
22386,-1327,7937
22387,-7627,2619
22388,-4683,-7290
22389,2207,-7247
22390,8011,-1779
22391,4543,5067
22392,-5040,3857
22393,-1799,-3147
22394,5623,1358
22395,59,6023
22396,-6424,-623
22397,-5962,358
22398,-4793,4428
22399,-1395,-3757
22400,4480,-5691
22401,6655,4950
22402,828,9553
22403,-6935,5480
22404,-4709,-2037
22405,2663,-7029
22406,5465,-679
22407,7625,6076
22408,7558,437
22409,4954,-4062
22410,7029,2091
22411,6093,7778
22412,645,7831
22413,2094,7296
22414,3324,7424
22415,282,7831
22416,461,9023
22417,-2620,6081
22418,-5276,-2854
22419,1373,-6111
22420,1469,-1106
22421,-4859,-1636
22422,265,-4625
22423,5893,1039
22424,2176,6270
22425,-1108,5323
22426,-4085,1748
22427,-2095,-5062
22428,7804,-4052
22429,5743,7257
22430,-4528,9095
22431,18,4606
22432,5717,7238
22433,-1326,6682
22434,-4364,3325
22435,-2813,4706
22436,-6910,-478
22437,-4712,-8865
22438,7664,-4316
22439,9253,6334
22440,-4096,7869
22441,-7810,-267
22442,1604,-4699
22443,607,428
22444,-5226,-421
22445,3228,-8241
22446,9838,-3897
22447,3870,6657
22448,1162,7544
22449,996,5843
22450,-3393,7696
22451,-5249,6554
22452,-5055,983
22453,-5437,-1108
22454,-2963,4023
22455,205,7571
22456,-863,5324
22457,-5644,2436
22458,-6346,-2688
22459,678,-7805
22460,6922,-3407
22461,6994,5853
22462,345,8310
22463,-8195,2615
22464,-3955,-4124
22465,5978,-4984
22466,2410,-3523
22467,-1419,-4788
22468,5100,-3282
22469,6794,2573
22470,2051,6691
22471,-2436,6344
22472,-5830,1289
22473,-4188,-4337
22474,627,-5120
22475,4775,-3630
22476,5227,-2015
22477,-2526,514
22478,-8013,-110
22479,-3052,-3652
22480,777,-4477
22481,1195,-4113
22482,4890,-3671
22483,6979,167
22484,4482,3371
22485,3402,3849
22486,4054,6829
22487,-48,8340
22488,-4877,4346
22489,-341,2729
22490,5854,5189
22491,2969,6546
22492,-1553,6456
22493,-2223,4350
22494,-2751,174
22495,-1506,-3494
22496,3656,-3469
22497,6423,2586
22498,818,7478
22499,-4666,5098
22500,-1118,4286
22501,561,5985
22502,-3496,840
22503,388,-3540
22504,6269,1311
22505,3266,4588
22506,2863,4104
22507,3554,7854
22508,-3070,7874
22509,-4180,2351
22510,-2095,1192
22511,-4540,-1029
22512,965,-540
22513,3008,8282
22514,-6430,5986
22515,-4218,-595
22516,-837,1567
22517,-5415,-4599
22518,2426,-4280
22519,2824,364
22520,-6295,-19279
22521,6525,-12686
22522,11946,19665
22523,3664,-1013
22524,15996,-14885
22525,7060,21750
22526,-21643,5209
22527,3325,-30535
22528,26678,9482
22529,-12572,29124
22530,-18474,-14820
22531,24496,-12936
22532,12977,20907
22533,-19718,1511
22534,-2842,-19333
22535,-1753,2905
22536,-22337,-344
22537,8654,-19933
22538,27429,9009
22539,-15548,17540
22540,-15244,-24892
22541,24130,-10327
22542,1174,30423
22543,-22822,100
22544,12475,-16962
22545,22011,14328
22546,2219,29
22547,14367,-16344
22548,9309,21676
22549,-24866,19180
22550,-7671,-20707
22551,26360,2413
22552,-917,29043
22553,-19506,-10973
22554,16395,-19451
22555,15411,24062
22556,-20247,9728
22557,-5883,-25716
22558,9078,2285
22559,-15211,8716
22560,-816,-28633
22561,23198,-7230
22562,-13865,22096
22563,-22283,-12235
22564,24162,-12547
22565,11803,25627
22566,-25922,5280
22567,3504,-19768
22568,24068,229
22569,-3150,-4974
22570,1746,-16152
22571,14448,16963
22572,-12807,20540
22573,-8274,-20151
22574,26226,-10557
22575,4556,23874
22576,-24427,-2347
22577,5755,-23383
22578,17236,15933
22579,-14094,21798
22580,-9603,-12579
22581,3874,22
22582,-20334,9702
22583,-9215,-20384
22584,27556,-1763
22585,-3070,29520
22586,-29561,-7703
22587,18383,-21018
22588,27441,19830
22589,-18263,10456
22590,-9254,-21574
22591,15252,-6452
22592,-3250,-2056
22593,3753,-17151
22594,25460,6934
22595,-4573,21441
22596,-21055,-16726
22597,16684,-21936
22598,14328,21580
22599,-27484,12784
22600,-7086,-21489
22601,29069,8774
22602,1404,23690
22603,-13551,-17147
22604,2283,-1966
22605,-18458,26162
22606,-16846,-14704
22607,21585,-8854
22608,5845,32094
22609,-4481,-8943
22610,35045,-21688
22611,9842,29852
22612,-39261,7550
22613,683,-23379
22614,31391,11759
22615,2447,2481
22616,13746,-25123
22617,26289,11720
22618,-20645,18043
22619,-19343,-25833
22620,30077,-6157
22621,4143,36787
22622,-27027,-84
22623,20372,-29797
22624,25095,17280
22625,-25185,21698
22626,-13784,-21508
22627,2701,3198
22628,-26149,19971
22629,-2498,-22101
22630,37281,875
22631,-5495,33162
22632,-30549,-22833
22633,22877,-25064
22634,24134,37786
22635,-28560,13022
22636,-8417,-26633
22637,28894,3690
22638,2562,-2583
22639,2015,-32164
22640,24641,7855
22641,-12632,31235
22642,-23106,-17335
22643,27963,-20256
22644,13320,28786
22645,-33058,8624
22646,1522,-33312
22647,28703,1942
22648,-17048,24109
22649,-30213,-6618
22650,-1446,6831
22651,-13591,18686
22652,-16120,-26239
22653,23542,-15142
22654,5858,32909
22655,-35121,-537
22656,5969,-26213
22657,29130,21552
22658,-18353,22605
22659,-7018,-18727
22660,29501,-6310
22661,-4917,2139
22662,-8227,-24655
22663,33548,-969
22664,2811,33401
22665,-30216,-5204
22666,17569,-25653
22667,27716,18366
22668,-24283,10956
22669,-13160,-31857
22670,29074,869
22671,2225,33377
22672,-22056,-2738
22673,4036,-2794
22674,-3839,24003
22675,-20041,-13171
22676,16852,-23885
22677,13188,29934
22678,-32322,17187
22679,535,-28033
22680,35852,6192
22681,-16497,27651
22682,-28961,-16574
22683,16663,-20799
22684,-304,3286
22685,-17012,-12597
22686,27871,-5369
22687,17607,28624
22688,-30644,-1073
22689,508,-32365
22690,25249,16616
22691,-23261,31666
22692,-18862,-22933
22693,32837,-13797
22694,10617,27642
22695,-19770,-75
22696,4329,-11795
22697,-10984,16485
22698,-36514,-8628
22699,12242,-22587
22700,27821,28121
22701,-24629,21829
22702,-8916,-33006
22703,34071,-8037
22704,-6054,36018
22705,-28360,4957
22706,8898,-15934
22707,-3824,7350
22708,-22792,-7398
22709,19548,-21796
22710,18493,18855
22711,-26575,15943
22712,-788,-30096
22713,35226,512
22714,-2456,38630
22715,-18720,-4629
22716,23660,-18317
22717,22709,16020
22718,-14893,4132
22719,-6289,-32
22720,5525,31406
22721,-11398,6633
22722,10608,-28279
22723,29455,7887
22724,-16831,21201
22725,-25274,-23546
22726,16320,-15016
22727,-4025,28823
22728,-29253,6946
22729,5067,-23260
22730,3350,-2506
22731,-24253,-5062
22732,7095,-22602
22733,25059,10604
22734,-18189,23079
22735,-18175,-13092
22736,31520,1111
22737,17313,32879
22738,-23332,-6100
22739,5709,-27500
22740,21399,21760
22741,-14268,31586
22742,2058,-1969
22743,22377,10403
22744,-18419,17148
22745,-8286,-19555
22746,31475,-7650
22747,-8706,24713
22748,-30039,-11959
22749,17917,-24980
22750,19295,26577
22751,-10593,16931
22752,416,-24718
22753,-1563,1863
22754,-24049,10939
22755,-875,-20676
22756,24458,9292
22757,-6229,36701
22758,-15066,-13686
22759,25410,-23982
22760,13137,28012
22761,-30233,18482
22762,-568,-21473
22763,32365,3069
22764,3541,26620
22765,5234,4059
22766,25340,7395
22767,-12792,15522
22768,-18977,-20509
22769,31699,-12918
22770,13429,36069
22771,-29219,7821
22772,7941,-29190
22773,27399,12459
22774,-14333,19126
22775,-14125,-16445
22776,2476,8017
22777,-21631,19774
22778,-7797,-18588
22779,31857,-2301
22780,1918,27626
22781,-25759,-11357
22782,14256,-26835
22783,15499,17388
22784,-27462,15644
22785,-8500,-22391
22786,22663,-1391
22787,2726,27700
22788,6678,-1273
22789,24055,-3704
22790,-12740,26530
22791,-24065,-4409
22792,23950,-23820
22793,18564,23984
22794,-24680,14803
22795,-2472,-29662
22796,23789,-520
22797,-8297,14038
22798,-15951,-19805
22799,5858,-2234
22800,-12507,17574
22801,-17252,-17105
22802,22387,-12644
22803,13068,24112
22804,-27057,1316
22805,-2624,-21921
22806,23078,16184
22807,-8634,25763
22808,-8974,-16236
22809,22011,-16046
22810,4927,9600
22811,-5889,-3117
22812,20588,-1297
22813,3224,22373
22814,-20126,-763
22815,19275,-17434
22816,26885,18678
22817,-19969,13100
22818,-7856,-27678
22819,29836,-3750
22820,3366,27547
22821,-17637,1297
22822,4192,-3982
22823,-909,15380
22824,-13067,-6832
22825,7708,-16897
22826,2701,16630
22827,-23911,11310
22828,-676,-18172
22829,26871,6346
22830,-2869,23524
22831,-19808,-14761
22832,7548,-16760
22833,8683,16744
22834,-2274,1224
22835,17683,-5898
22836,8201,27613
22837,-22685,5607
22838,5448,-29615
22839,25051,9469
22840,-20775,24137
22841,-21330,-17422
22842,25944,-6853
22843,11093,23372
22844,-14733,3495
22845,5851,1246
22846,-4344,22340
22847,-23354,-2252
22848,14090,-20015
22849,23245,16469
22850,-16319,19199
22851,-1301,-21373
22852,31869,-7408
22853,936,22108
22854,-20942,-10833
22855,6352,-22628
22856,10018,14467
22857,-1144,3926
22858,18790,-14868
22859,15006,18126
22860,-22788,11647
22861,-9760,-24224
22862,24082,4589
22863,-4546,24906
22864,-21990,-9987
22865,17865,-8175
22866,15950,15428
22867,-15972,399
22868,505,586
22869,4309,23396
22870,-18620,7341
22871,7516,-13420
22872,27552,9957
22873,-8916,17720
22874,-11233,-16697
22875,22598,-14062
22876,4236,21020
22877,-24204,4099
22878,3755,-20207
22879,23105,4671
22880,805,4267
22881,3668,-16834
22882,15618,9287
22883,-13784,15425
22884,-15139,-18739
22885,21032,468
22886,241,30681
22887,-24140,-4486
22888,16646,-21968
22889,20420,13217
22890,-15529,17417
22891,3094,983
22892,12478,14525
22893,-17507,8621
22894,4085,-17696
22895,32054,4452
22896,-5598,23495
22897,-21712,-14162
22898,15221,-16615
22899,15175,22771
22900,-15776,6261
22901,-2472,-19897
22902,20077,739
22903,2599,-7173
22904,2020,-27626
22905,18274,8363
22906,-9382,21991
22907,-14632,-18460
22908,29299,-11468
22909,11632,22646
22910,-29527,-1779
22911,1921,-23601
22912,15584,5867
22913,-15194,16058
22914,2316,2913
22915,19188,13859
22916,-13584,7936
22917,-10783,-22143
22918,19870,-3484
22919,-89,28131
22920,-20816,-1737
22921,9236,-19609
22922,18087,16123
22923,-12663,14544
22924,-4696,-15870
22925,20855,-5043
22926,1376,-991
22927,-1909,-16185
22928,25565,8544
22929,1763,23265
22930,-21611,-12564
22931,15805,-15259
22932,15106,19773
22933,-22333,8940
22934,712,-17474
22935,20992,3790
22936,-7589,20388
22937,-1571,1539
22938,14983,4770
22939,-13354,15350
22940,-12141,-10961
22941,22825,-11619
22942,4778,22675
22943,-23272,5743
22944,8425,-20332
22945,25346,11435
22946,-12574,16331
22947,-18042,-19599
22948,12440,-9197
22949,4050,5025
22950,-4064,-17519
22951,20225,-1712
22952,4178,25305
22953,-21179,-8125
22954,13474,-23303
22955,19186,17757
22956,-25240,17080
22957,-9616,-19572
22958,24898,-6310
22959,1594,15451
22960,-1655,-1241
22961,19321,2942
22962,-9990,17897
22963,-24402,-9393
22964,17184,-13367
22965,15040,24568
22966,-24918,8975
22967,-4617,-26501
22968,24344,5341
22969,-7075,27223
22970,-16129,-8406
22971,13850,-14392
22972,-501,2647
22973,-11330,-15763
22974,24342,-11448
22975,10739,24002
22976,-27385,4878
22977,6557,-24377
22978,28504,8621
22979,-12434,17878
22980,-14010,-19769
22981,16796,-6382
22982,6825,21024
22983,1812,-4788
22984,18864,-4981
22985,-3117,24984
22986,-25493,-523
22987,8785,-23627
22988,19977,12914
22989,-20833,16889
22990,-11586,-19532
22991,26113,-3870
22992,-1954,23756
22993,-21846,-2983
22994,12480,-17059
22995,3476,2320
22996,-21299,-8800
22997,12424,-13390
22998,16747,23398
22999,-22271,15911
23000,-2541,-23460
23001,25125,2304
23002,-8598,27273
23003,-17017,-12812
23004,16861,-17652
23005,13602,18339
23006,2313,3610
23007,21167,-10224
23008,8250,19444
23009,-22934,8315
23010,3526,-22776
23011,27611,6937
23012,-11843,23234
23013,-20030,-17752
23014,21330,-11403
23015,9074,31196
23016,-21067,6470
23017,971,-23046
23018,928,5394
23019,-23276,776
23020,6243,-25523
23021,21367,10400
23022,-21088,24074
23023,-13501,-20334
23024,29150,-6473
23025,1168,28169
23026,-28490,-8242
23027,9461,-21108
23028,21465,15791
23029,-2507,2815
23030,15660,-13267
23031,19551,21273
23032,-22780,11425
23033,-10824,-30484
23034,26992,-46
23035,-5114,33497
23036,-22950,-9767
23037,19815,-24865
23038,13885,21475
23039,-22276,14421
23040,-3577,-22054
23041,1306,223
23042,-27067,6286
23043,1703,-23462
23044,33970,6536
23045,-8796,28956
23046,-24087,-21362
23047,23015,-17894
23048,15669,31380
23049,-24535,2435
23050,-1968,-25139
23051,20436,10085
23052,2334,1043
23053,14038,-26837
23054,21263,12033
23055,-20678,26513
23056,-16735,-19974
23057,30136,-11956
23058,6788,30708
23059,-29064,1488
23060,9937,-28396
23061,26709,12459
23062,-14879,18030
23063,-14848,-20588
23064,5922,2067
23065,-14858,18948
23066,-8832,-24107
23067,25868,-8869
23068,1282,32183
23069,-24063,-8599
23070,16137,-23559
23071,18726,27350
23072,-27824,16991
23073,-7098,-18795
23074,30774,2046
23075,2465,2778
23076,-1244,-21422
23077,26869,6110
23078,-7816,23859
23079,-28382,-16488
23080,22865,-15530
23081,20665,29038
23082,-27374,6415
23083,-864,-31421
23084,31369,7147
23085,-5721,23756
23086,-18119,-16196
23087,5218,240
23088,-11551,26554
23089,-15312,-16568
23090,23027,-17691
23091,6946,28847
23092,-31486,920
23093,7570,-28655
23094,31465,16409
23095,-17971,22291
23096,-16580,-18733
23097,22795,-9972
23098,-1981,-198
23099,-12957,-25525
23100,22640,-3854
23101,2226,32899
23102,-25688,-4183
23103,16961,-29410
23104,24981,20355
23105,-25379,23963
23106,-11758,-27006
23107,30898,-7686
23108,-1446,27190
23109,-27721,-1497
23110,5839,-440
23111,-3184,22876
23112,-29474,-15302
23113,15326,-23431
23114,26213,28897
23115,-27937,13645
23116,-7292,-30718
23117,34964,4629
23118,-7126,30822
23119,-18274,-10366
23120,21066,-19200
23121,-3228,3253
23122,-19361,-13757
23123,27025,-10750
23124,13992,30546
23125,-33208,10755
23126,2550,-29106
23127,33349,7093
23128,-15828,26352
23129,-26082,-18533
23130,22691,-12120
23131,13313,25082
23132,-20004,4645
23133,3657,-574
23134,5544,27841
23135,-25451,-1504
23136,5912,-29491
23137,27851,16160
23138,-21596,24938
23139,-14011,-26230
23140,35130,-13350
23141,103,28269
23142,-28979,-436
23143,8789,-22163
23144,-515,2681
23145,-24917,-8691
23146,18742,-18163
23147,28227,21712
23148,-21914,10230
23149,-8666,-36596
23150,31253,-768
23151,-5970,36592
23152,-29807,-10526
23153,18796,-24016
23154,19212,21437
23155,-21475,15624
23156,2614,-3998
23157,11726,22521
23158,-32111,10559
23159,-4556,-28032
23160,38718,6462
23161,-11017,32535
23162,-27778,-20581
23163,27644,-23891
23164,15990,30484
23165,-25560,10515
23166,-4156,-24685
23167,198,3142
23168,-24086,-3605
23169,7294,-30828
23170,27597,12361
23171,-20974,28641
23172,-21428,-23387
23173,32017,-12643
23174,8994,33357
23175,-31322,2806
23176,12495,-25773
23177,27748,8474
23178,-18699,17438
23179,-2257,1103
23180,24716,19640
23181,-17970,14492
23182,-13616,-26902
23183,34790,-4517
23184,1236,36994
23185,-30783,-5266
23186,15758,-28051
23187,19396,26139
23188,-21948,21177
23189,-8606,-24653
23190,-701,-57
23191,-30081,10300
23192,-4261,-25638
23193,32785,-1044
23194,-8566,28715
23195,-28641,-12888
23196,24804,-19154
23197,22840,25606
23198,-29224,7612
23199,-7729,-29708
23200,25300,4468
23201,-3660,29741
23202,187,1206
23203,25751,6688
23204,-11840,22180
23205,-22102,-17767
23206,24862,-19810
23207,5715,29204
23208,-33619,7114
23209,9083,-27830
23210,33541,15391
23211,-10466,23821
23212,-17464,-19560
23213,3092,-845
23214,-17302,18257
23215,-13927,-20758
23216,28515,-8695
23217,10956,32725
23218,-26271,-5940
23219,9421,-34658
23220,24757,18191
23221,-24465,27448
23222,-15914,-23089
23223,28192,-9950
23224,8754,28053
23225,91,3953
23226,25842,-4210
23227,-5723,21490
23228,-31108,-5915
23229,18139,-21503
23230,24682,27938
23231,-25165,19770
23232,-8404,-29986
23233,29432,-626
23234,-1004,25249
23235,-21100,-8916
23236,-1350,2731
23237,-13089,26393
23238,-14822,-15621
23239,27365,-22102
23240,17279,26168
23241,-27807,8097
23242,-739,-32202
23243,27158,6958
23244,-17310,32628
23245,-24613,-12412
23246,21861,-15327
23247,15555,18270
23248,-4516,-4493
23249,17698,-11920
23250,3894,27831
23251,-29258,3543
23252,5650,-34892
23253,30202,10902
23254,-13725,26477
23255,-14307,-25589
23256,28513,-15665
23257,4065,22130
23258,-26890,1086
23259,5309,54
23260,5070,25723
23261,-21818,-6994
23262,13657,-27988
23263,26400,19251
23264,-26754,20787
23265,-18078,-25652
23266,30504,-791
23267,3852,35421
23268,-22709,-8482
23269,12678,-27726
23270,17760,12311
23271,-3791,1933
23272,15225,-18818
23273,13681,19184
23274,-23360,14905
23275,-1601,-28417
23276,32296,1945
23277,-11420,28798
23278,-32008,-16467
23279,18306,-17419
23280,16949,24989
23281,-20050,10395
23282,1704,-3717
23283,9345,21808
23284,-23422,2856
23285,-2815,-27181
23286,23376,11466
23287,-14035,29346
23288,-18924,-19447
23289,25299,-16491
23290,11246,28627
23291,-25940,4235
23292,-255,-23683
23293,20572,7047
23294,-1503,2900
23295,9682,-19541
23296,24964,13340
23297,-14715,15728
23298,-18674,-27420
23299,24279,-5903
23300,1597,30770
23301,-29107,-3424
23302,13548,-20805
23303,23036,14878
23304,-13765,15983
23305,1054,-1147
23306,10007,18824
23307,-24705,13867
23308,-5810,-21399
23309,32457,733
23310,-3109,30317
23311,-26435,-9982
23312,18049,-24169
23313,20187,19285
23314,-24531,11018
23315,-9527,-19929
23316,22031,2548
23317,1415,3817
23318,2525,-23724
23319,23147,4585
23320,-10794,25046
23321,-22251,-17412
23322,23390,-15826
23323,12238,29631
23324,-24260,9239
23325,7716,-24122
23326,22976,4838
23327,-10616,18446
23328,155,-382
23329,17203,14357
23330,-16627,17959
23331,-14120,-17737
23332,27446,-7961
23333,6422,25480
23334,-28709,-3736
23335,5265,-24716
23336,22406,16048
23337,-16707,20052
23338,-10012,-16155
23339,25392,-7616
23340,4948,1072
23341,-5683,-21471
23342,19883,-1088
23343,-4257,27929
23344,-26373,-5459
23345,18916,-18982
23346,24403,21108
23347,-19610,12933
23348,-3542,-25639
23349,21830,-2855
23350,-4235,23388
23351,-519,2944
23352,22249,6243
23353,-6812,17751
23354,-19037,-15283
23355,17814,-16678
23356,10106,22907
23357,-25834,5388
23358,-841,-23913
23359,26251,9631
23360,-6815,22673
23361,-15719,-12415
23362,14306,-13218
23363,807,1845
23364,-12548,-12581
23365,19673,-3092
23366,10170,24969
23367,-22884,443
23368,8386,-24927
23369,24982,9868
23370,-16458,18667
23371,-13615,-19000
23372,17749,-6509
23373,4060,22730
23374,1682,55
23375,22308,-3250
23376,-974,19557
23377,-20903,-4893
23378,12711,-18497
23379,17232,19565
23380,-20178,16503
23381,-5671,-19690
23382,27166,-1607
23383,-1987,20507
23384,-21756,-7511
23385,5740,-15805
23386,356,4577
23387,-12346,-7269
23388,19237,-13292
23389,15017,14920
23390,-23129,4923
23391,-2779,-24519
23392,21309,4156
23393,-8879,24908
23394,-11108,-9412
23395,19599,-8317
23396,11300,19867
23397,181,-337
23398,15990,-7816
23399,1634,21410
23400,-21474,4499
23401,5601,-18995
23402,22483,13710
23403,-10391,17847
23404,-12952,-21258
23405,16811,-8642
23406,1454,22302
23407,-19481,-57
23408,2325,-15687
23409,2549,1967
23410,-14639,-6671
23411,9001,-15067
23412,14092,14263
23413,-20941,12424
23414,-7791,-19201
23415,24236,1397
23416,-1350,26361
23417,-16146,-5253
23418,15160,-15792
23419,17069,9657
23420,619,1209
23421,14406,-5683
23422,11307,18359
23423,-14622,7336
23424,505,-18252
23425,20805,5941
23426,-8978,20227
23427,-18635,-12762
23428,15058,-13152
23429,8086,20117
23430,-17316,8907
23431,789,-15174
23432,1811,-1932
23433,-20475,-3697
23434,3250,-17524
23435,17968,10530
23436,-16976,19968
23437,-12110,-16109
23438,24456,-5583
23439,6378,25817
23440,-19495,-3836
23441,2119,-20981
23442,11686,8908
23443,-2558,2900
23444,7724,-11301
23445,9848,16028
23446,-16977,11250
23447,-7088,-23052
23448,21364,-2638
23449,-3866,25908
23450,-22439,-566
23451,13685,-12466
23452,18482,14864
23453,-12101,7213
23454,-2733,-16842
23455,4710,1663
23456,-19086,6062
23457,-2982,-19044
23458,24015,2997
23459,-4924,24943
23460,-15716,-13290
23461,18926,-16443
23462,9040,21386
23463,-20633,4037
23464,1507,-16076
23465,17338,7343
23466,273,-1283
23467,9165,-18713
23468,17095,10246
23469,-13586,13401
23470,-15850,-19273
23471,18398,-1577
23472,9548,30297
23473,-15143,1881
23474,8473,-17920
23475,19141,14414
23476,-10831,14788
23477,-8907,-13548
23478,5607,3831
23479,-12680,13771
23480,-3992,-17614
23481,22855,-7987
23482,-4093,18170
23483,-22317,-8642
23484,15156,-16042
23485,14642,17415
23486,-22853,8521
23487,-4940,-13788
23488,22079,653
23489,-53,-1819
23490,-2329,-14728
23491,17148,10338
23492,-4496,17752
23493,-14367,-15813
23494,17427,-9908
23495,7942,24408
23496,-23292,4341
23497,3703,-24610
23498,24098,3485
23499,-9699,19581
23500,-11777,-4212
23501,14424,913
23502,-3237,10325
23503,-9219,-14457
23504,22375,-7169
23505,4979,18201
23506,-26750,-8846
23507,6149,-22224
23508,22212,15525
23509,-13963,13957
23510,-10397,-19269
23511,13779,-10005
23512,-2832,637
23513,-2525,-14866
23514,20983,563
23515,149,21269
23516,-17216,-8818
23517,15963,-21769
23518,14585,16287
23519,-27365,14266
23520,-12527,-17393
23521,21547,6841
23522,-2208,24864
23523,-16248,-8253
23524,6570,-3600
23525,-4644,17215
23526,-14618,-14417
23527,18740,-15243
23528,12047,27412
23529,-23258,9284
23530,4661,-23025
23531,26142,8054
23532,-14133,21390
23533,-14083,-12555
23534,18172,-14851
23535,-4226,140
23536,-13519,-12948
23537,22648,-5241
23538,8089,20687
23539,-27355,-2563
23540,392,-22224
23541,18780,16889
23542,-14969,19572
23543,-11319,-23898
23544,23063,-5936
23545,4459,24863
23546,-19599,-1640
23547,1882,658
23548,-1414,25717
23549,-19899,-6766
23550,13061,-19950
23551,22468,20411
23552,-20502,10837
23553,-7349,-23325
23554,28532,2633
23555,-5614,23337
23556,-25427,-4685
23557,9202,-10870
23558,7432,987
23559,-9019,-18502
23560,13510,-18744
23561,9858,15897
23562,-16743,2560
23563,8774,-29778
23564,27760,3598
23565,-14315,27474
23566,-21521,-11461
23567,20843,-18431
23568,10514,9996
23569,-21085,5165
23570,-1346,5885
23571,2545,21077
23572,-22376,-6254
23573,2380,-25661
23574,21947,11127
23575,-20165,17558
23576,-21385,-22712
23577,23723,-9876
23578,7327,29005
23579,-18246,3590
23580,10483,-22085
23581,5009,744
23582,-22285,-5274
23583,11697,-19750
23584,23230,15556
23585,-25066,17433
23586,-13578,-23889
23587,32883,-6280
23588,2716,20326
23589,-29547,-15047
23590,7277,-21134
23591,16074,18276
23592,-16141,13962
23593,1521,1293
23594,19358,25790
23595,-16590,12898
23596,-11576,-25555
23597,21343,956
23598,-11030,29975
23599,-21475,-8956
23600,27759,-16029
23601,12790,26358
23602,-28932,9376
23603,-3933,-21426
23604,2807,5450
23605,-24593,3917
23606,2491,-21500
23607,30493,10308
23608,-1091,19684
23609,-8261,-27673
23610,22355,-16117
23611,845,29245
23612,-30348,4216
23613,9712,-24093
23614,28541,7470
23615,-12717,18671
23616,-2248,-3034
23617,19296,7838
23618,-24748,12353
23619,-17818,-16756
23620,33199,-1848
23621,-6210,27219
23622,-40762,-10278
23623,15454,-22699
23624,27915,29107
23625,-16304,19746
23626,-12761,-20289
23627,-547,11063
23628,-12390,19896
23629,7893,-20948
23630,24627,4324
23631,-10535,34132
23632,-21195,-14776
23633,17810,-22840
23634,12765,28473
23635,-26413,18238
23636,-3279,-13729
23637,33254,5779
23638,8574,8871
23639,-2348,-9952
23640,13352,15723
23641,-16761,27097
23642,-22835,-21405
23643,28718,-21792
23644,15647,32022
23645,-32273,10569
23646,-5263,-34263
23647,14557,7749
23648,-20898,33673
23649,-21036,-6135
23650,-4240,-1716
23651,-23874,16057
23652,-13369,-19493
23653,28850,-14751
23654,7724,29854
23655,-33969,4180
23656,3190,-26603
23657,37229,17926
23658,-2043,25212
23659,-9061,-26898
23660,22532,-10579
23661,4154,31226
23662,-3866,4735
23663,22009,-56
23664,-2856,29585
23665,-19024,-4356
23666,26722,-30090
23667,18164,8471
23668,-38837,3081
23669,-16905,-24205
23670,28569,13122
23671,-1625,26145
23672,-25393,-12357
23673,1023,566
23674,-9662,18933
23675,-29227,-23115
23676,9673,-17930
23677,15521,37757
23678,-24231,9899
23679,3611,-37672
23680,31688,11078
23681,-22078,36661
23682,-29723,-23412
23683,25186,-24856
23684,17778,23474
23685,-207,1256
23686,30351,-14935
23687,13542,22328
23688,-27372,-1209
23689,4579,-35968
23690,25104,18403
23691,-21302,36942
23692,-19052,-18571
23693,28676,-10683
23694,11531,23354
23695,-16712,938
23696,3899,4869
23697,-7412,30411
23698,-27425,-6188
23699,18956,-28026
23700,32221,17626
23701,-23227,17889
23702,-16536,-32934
23703,28530,-12844
23704,-1434,31720
23705,-31096,-2556
23706,9494,-19335
23707,26275,22593
23708,4727,822
23709,19446,-27513
23710,17403,30078
23711,-30677,29342
23712,-13740,-35576
23713,34289,-1855
23714,-4320,42026
23715,-24201,-10462
23716,33658,-34115
23717,20910,-2975
23718,-30546,-529
23719,1730,6855
23720,17332,30107
23721,-18476,5821
23722,6047,-28042
23723,31716,-3748
23724,-13560,11945
23725,-25027,-25428
23726,8715,-12704
23727,-4547,42803
23728,-18975,14060
23729,18271,-27588
23730,26090,5548
23731,-3046,1011
23732,11488,-28384
23733,20278,17027
23734,-22173,34965
23735,-8006,-9200
23736,47823,3562
23737,12504,27066
23738,-34133,-15066
23739,6248,-24646
23740,15847,20729
23741,-21951,20037
23742,1122,228
23743,18335,25010
23744,-23767,17554
23745,-13041,-27280
23746,26745,-2532
23747,-11154,31615
23748,-31147,-10972
23749,27018,-19241
23750,23863,28178
23751,-34058,11640
23752,-8732,-26945
23753,27881,-10118
23754,-10733,-4645
23755,-12054,-13955
23756,23860,20236
23757,-11786,28571
23758,-30051,-24736
23759,27197,-24491
23760,19849,28293
23761,-32143,6489
23762,893,-36858
23763,32360,4635
23764,-639,33922
23765,7620,-3646
23766,24977,-6173
23767,-24020,8873
23768,-26947,-19872
23769,32479,-9092
23770,8077,34889
23771,-45644,-577
23772,5038,-39441
23773,42111,8908
23774,-19465,24192
23775,-28512,-20474
23776,22769,-12493
23777,1766,-498
23778,-16707,-33822
23779,24278,-11798
23780,3151,32426
23781,-35125,-4194
23782,8767,-29211
23783,17228,21070
23784,-27789,34544
23785,-215,-3681
23786,34603,924
23787,300,18497
23788,-2734,-3366
23789,23430,2502
23790,-9747,28903
23791,-26547,-5637
23792,26788,-25059
23793,28552,23681
23794,-24733,15151
23795,-5862,-34339
23796,24068,-163
23797,-21081,30014
23798,-23605,-14350
23799,27365,-18217
23800,5868,9753
23801,-20100,-17255
23802,19410,-23926
23803,6228,15799
23804,-40661,-835
23805,-176,-28759
23806,36703,19846
23807,-8640,35752
23808,-18702,-22698
23809,17452,-17088
23810,2861,28803
23811,-8794,4558
23812,22305,-4709
23813,7671,34447
23814,-17244,10147
23815,22985,-27081
23816,26339,7806
23817,-28217,12827
23818,-12429,-29625
23819,29062,-6655
23820,-2319,34478
23821,-17622,4147
23822,13558,-22829
23823,-1076,-10599
23824,-18224,-22254
23825,19813,-18848
23826,17133,29818
23827,-28522,19586
23828,-3679,-33587
23829,35608,-3565
23830,-4596,36246
23831,-28255,-9947
23832,6302,-23345
23833,3431,22176
23834,-3830,6783
23835,35163,-18097
23836,16720,13787
23837,-38388,4191
23838,4023,-29169
23839,50158,9005
23840,-8254,32649
23841,-28184,-10952
23842,28862,-11362
23843,15289,27978
23844,-25497,6761
23845,4297,-25559
23846,5160,764
23847,-27761,9478
23848,10276,-13069
23849,31913,13773
23850,-18901,26789
23851,-11310,-22881
23852,34330,-16564
23853,1804,21135
23854,-31083,-14261
23855,3944,-19847
23856,17927,27843
23857,776,4473
23858,19123,-21088
23859,23240,21288
23860,-21809,13872
23861,-19233,-30676
23862,23498,-1140
23863,-1277,31033
23864,-26417,-9935
23865,21025,-26807
23866,25509,15357
23867,-21742,11892
23868,-11848,-24304
23869,1689,-2191
23870,-23238,11259
23871,2101,-22475
23872,37121,-4065
23873,-3233,20108
23874,-22478,-26175
23875,23952,-22571
23876,17227,34835
23877,-28072,10021
23878,-1591,-28700
23879,27585,1081
23880,-5629,674
23881,-6280,-25457
23882,13622,8135
23883,-20712,28502
23884,-19135,-9729
23885,35253,-6300
23886,15380,28832
23887,-30901,-2025
23888,2573,-31995
23889,26284,12055
23890,-9523,25002
23891,-13459,-12186
23892,1149,5511
23893,-19182,20866
23894,-6124,-23536
23895,32113,-9200
23896,-2056,40387
23897,-35022,1007
23898,15218,-29706
23899,29085,17222
23900,-18089,17755
23901,-4391,-19775
23902,25288,-5495
23903,-3073,-1446
23904,-483,-24770
23905,28603,3351
23906,-4368,29339
23907,-23433,-12474
23908,19336,-25196
23909,14767,19150
23910,-26025,11228
23911,-7974,-20368
23912,10735,15554
23913,-13787,34744
23914,-7720,-5604
23915,8970,-2055
23916,-19680,17706
23917,-21175,-17007
23918,20637,-16647
23919,8769,26373
23920,-21964,9318
23921,16926,-14746
23922,40905,15314
23923,-3747,11469
23924,-12125,-27228
23925,14662,-16112
23926,-2155,3330
23927,-5227,-12766
23928,25676,-2721
23929,7102,22389
23930,-20841,-2995
23931,4988,-25461
23932,4941,5137
23933,-31562,14307
23934,-9608,-12578
23935,29909,-588
23936,3124,19813
23937,-20265,-2703
23938,988,-4038
23939,-7695,16516
23940,-23408,-6598
23941,11366,-11351
23942,18632,29923
23943,-17622,12431
23944,-1331,-31661
23945,25397,-863
23946,-11426,24742
23947,-24461,-7658
23948,11684,-5097
23949,6561,17934
23950,-7955,-9071
23951,17482,-17565
23952,7172,16142
23953,-26135,733
23954,2387,-28604
23955,25211,8765
23956,-13629,27383
23957,-19070,-13471
23958,16825,-13936
23959,4644,8825
23960,-20087,-10640
23961,-2533,-3943
23962,-5097,27913
23963,-25731,458
23964,6816,-22459
23965,27622,14469
23966,-15610,15715
23967,-16789,-20531
23968,21430,-4187
23969,-2429,22898
23970,-19562,4043
23971,18195,-3310
23972,10382,7697
23973,-18056,-12942
23974,8972,-18428
23975,13790,20697
23976,-21939,18545
23977,-6950,-20332
23978,24240,-3722
23979,-461,18200
23980,-13022,-16249
23981,18646,-20288
23982,6777,17977
23983,-27887,14371
23984,602,1803
23985,17689,17339
23986,-19282,2079
23987,-3774,-21355
23988,28616,5469
23989,-13980,17656
23990,-27521,-15637
23991,18708,-7551
23992,6317,30551
23993,-25876,8902
23994,-5051,-20796
23995,-3005,3591
23996,-18082,4946
23997,9304,-16776
23998,17268,12848
23999,-15609,23422
24000,-2222,-18374
24001,32375,-5378
24002,2415,27218
24003,-26745,-8931
24004,7706,-21199
24005,18225,21647
24006,-10577,20542
24007,3157,685
24008,16449,13666
24009,-19570,3118
24010,-21926,-26010
24011,19443,-10681
24012,17386,23318
24013,-17381,15592
24014,-13465,-17571
24015,14788,-12713
24016,4823,18669
24017,-19913,11834
24018,1278,-3035
24019,18567,15756
24020,-10761,5789
24021,-10068,-30381
24022,23231,-11472
24023,9152,24880
24024,-19256,9146
24025,-5789,-11237
24026,8310,2393
24027,-483,6906
24028,-1465,-8393
24029,6829,-3484
24030,3525,14388
24031,-2034,7360
24032,6662,-4851
24033,11521,2650
24034,2206,1550
24035,2298,-7109
24036,7331,1734
24037,-1496,2728
24038,-2304,-8203
24039,6429,-502
24040,-3528,2616
24041,-11844,-10113
24042,-1082,-3206
24043,-1087,5393
24044,-7010,-5959
24045,-771,-2659
24046,-2394,7631
24047,-4371,-3394
24048,5046,-5211
24049,-2343,9360
24050,-11526,7356
24051,4016,4294
24052,5329,17441
24053,-10384,13626
24054,-1273,-3768
24055,9647,3066
24056,728,13185
24057,3477,2118
24058,10120,-440
24059,-288,4213
24060,-2711,-5696
24061,2868,-5824
24062,-2502,1580
24063,1322,-11488
24064,11902,-15496
24065,2707,2639
24066,-5545,4258
24067,1843,-3712
24068,708,1607
24069,-5356,199
24070,-815,-5155
24071,595,4749
24072,-4439,8287
24073,-655,1713
24074,2230,9409
24075,-8359,9404
24076,-6451,-7434
24077,9723,15
24078,4021,13727
24079,-2802,1912
24080,12580,2840
24081,11215,12085
24082,255,439
24083,4854,829
24084,450,5491
24085,-215,-6896
24086,8655,2947
24087,-2984,17509
24088,-4244,2839
24089,10912,-2142
24090,3612,5136
24091,813,1236
24092,8856,834
24093,2994,815
24094,5815,-2223
24095,8347,-822
24096,733,-4471
24097,8603,-5448
24098,7199,-1892
24099,-3083,-4064
24100,10579,3219
24101,12012,12224
24102,-3883,7484
24103,-1496,7015
24104,1985,3844
24105,8115,-6455
24106,21810,2139
24107,10120,10390
24108,-6980,-2119
24109,-2498,-2174
24110,-97,12979
24111,458,14571
24112,4252,9214
24113,-2750,7075
24114,-6590,187
24115,1414,-2377
24116,1844,5619
24117,-3548,5777
24118,2060,-603
24119,7609,4515
24120,-730,11068
24121,-4858,8093
24122,561,3420
24123,-2282,-4223
24124,-3798,-10197
24125,3440,-3145
24126,3846,4488
24127,2544,4803
24128,4525,7776
24129,749,8579
24130,-3062,4497
24131,-73,5806
24132,8401,9384
24133,10928,11369
24134,-1783,10276
24135,-6158,-150
24136,4988,-4095
24137,4327,4476
24138,1857,-263
24139,13629,-9097
24140,15017,-91
24141,4729,6241
24142,1176,4331
24143,-4433,5036
24144,-6694,-2538
24145,7015,-10013
24146,11283,-2886
24147,3623,4207
24148,7783,4468
24149,1028,3893
24150,-16854,-683
24151,-7575,-8347
24152,4277,-7217
24153,-1007,791
24154,-103,-2360
24155,-7372,-6066
24156,-11019,3963
24157,11099,3368
24158,10289,-37
24159,-9765,9769
24160,-3950,-2968
24161,2993,-16148
24162,3127,5539
24163,5222,7691
24164,-2565,-5912
24165,3207,5600
24166,9584,1484
24167,-7876,-6284
24168,-2249,12465
24169,9202,4310
24170,-12352,-14247
24171,-10130,446
24172,5522,5082
24173,-10162,-1245
24174,-5928,2840
24175,10467,-3709
24176,-3411,-3827
24177,-3882,2562
24178,6302,-6228
24179,-4359,-359
24180,-6096,9753
24181,-1199,-2070
24182,-2109,-1942
24183,1924,4957
24184,-4249,-3210
24185,-5213,-6282
24186,10096,-3350
24187,4227,3304
24188,-5858,6463
24189,2980,-7436
24190,973,-4571
24191,-4930,13918
24192,-140,5832
24193,957,-4929
24194,297,944
24195,104,310
24196,3015,-3779
24197,7295,-1936
24198,-1771,6666
24199,-7850,8613
24200,-473,-7015
24201,1003,-4841
24202,1005,13857
24203,1883,4763
24204,-2450,-7071
24205,1230,4459
24206,7768,9547
24207,3657,3987
24208,-4252,-831
24209,-3349,-3322
24210,9927,1870
24211,7782,4427
24212,-13818,-627
24213,-3796,-1513
24214,24389,-20
24215,12298,-1909
24216,-8889,-5793
24217,2497,-7042
24218,10869,483
24219,742,9171
24220,2352,4849
24221,6610,-6397
24222,-6415,-4366
24223,-4921,4961
24224,13296,-1927
24225,6402,-8754
24226,-4559,1323
24227,4780,3574
24228,581,895
24229,-9247,3491
24230,-1732,-5182
24231,4455,-1701
24232,7538,14493
24233,2466,1475
24234,-10396,-7842
24235,1127,5346
24236,11541,-1351
24237,-7514,-3299
24238,-8227,9169
24239,7926,-1213
24240,445,-1848
24241,-6413,9779
24242,685,-2251
24243,-201,401
24244,-3342,11328
24245,-1898,-6472
24246,-1979,-2978
24247,2240,16020
24248,9691,-1421
24249,4782,-10113
24250,-5023,5899
24251,1779,23
24252,7559,-7440
24253,-2422,2889
24254,-1181,1976
24255,3215,-5097
24256,-6007,-1101
24257,2369,4013
24258,11044,2386
24259,-9941,-3014
24260,-8834,-1552
24261,14815,6704
24262,4461,4391
24263,-8076,-2311
24264,1722,1945
24265,-5012,2153
24266,-6496,-3352
24267,13684,2470
24268,6895,2281
24269,-9690,-9680
24270,2629,815
24271,7765,20443
24272,123,9913
24273,4796,-3221
24274,4265,6305
24275,1560,5550
24276,3734,-8417
24277,-5658,-3992
24278,-2134,7812
24279,14996,2662
24280,6189,-2355
24281,-7416,5704
24282,-4791,6081
24283,-3413,-236
24284,2219,2182
24285,4922,2246
24286,-2702,3154
24287,-2237,8099
24288,-3262,-2322
24289,-8148,-6437
24290,-2326,3907
24291,2015,-9878
24292,5569,-19323
24293,8861,4663
24294,1388,9040
24295,-56,-8696
24296,826,-3556
24297,-4041,8659
24298,3288,2275
24299,1486,-6984
24300,-11833,-3098
24301,-78,2122
24302,9890,-2059
24303,-1292,-1618
24304,-1006,6859
24305,5642,9661
24306,7344,2488
24307,7363,-6135
24308,-625,-477
24309,1547,6783
24310,12310,-3676
24311,4210,-5309
24312,-2970,6184
24313,2802,2713
24314,-2089,-2342
24315,-7194,3391
24316,2871,3575
24317,10258,-4966
24318,3947,-7304
24319,-3359,6931
24320,1190,9954
24321,5145,-8520
24322,-1415,-3145
24323,1798,13782
24324,9392,2279
24325,-1933,-2224
24326,-5478,10357
24327,8653,5010
24328,-194,-5311
24329,-14542,-3144
24330,2833,789
24331,7605,2975
24332,-15200,2056
24333,-8506,-1762
24334,14033,-1215
24335,1827,4454
24336,-13210,5931
24337,1067,-821
24338,9229,-3440
24339,-3077,5193
24340,-3589,10579
24341,6557,2803
24342,249,-4948
24343,-3392,-1548
24344,8505,3772
24345,2836,4448
24346,-7853,1912
24347,3921,-2966
24348,7003,-131
24349,-1333,5681
24350,1767,563
24351,-2880,-1196
24352,-9203,938
24353,3300,-3186
24354,8455,3615
24355,2941,7615
24356,9022,-7355
24357,9118,-7068
24358,-3698,4208
24359,-3033,-964
24360,4371,-1979
24361,712,3806
24362,4034,176
24363,14703,-1280
24364,7769,200
24365,-4344,-1897
24366,271,-2179
24367,6507,-1508
24368,3359,3060
24369,2344,9436
24370,1443,5809
24371,-4738,-245
24372,-859,-1558
24373,7415,-2258
24374,-1705,2050
24375,-5438,2453
24376,5385,-5148
24377,-1429,1417
24378,-6317,10414
24379,7045,23
24380,1588,-1168
24381,-4811,10168
24382,7285,2842
24383,-926,-4224
24384,-10012,3972
24385,4515,-733
24386,1722,-9573
24387,-6558,-275
24388,6443,5733
24389,3359,663
24390,-9848,3037
24391,1533,6672
24392,8658,-391
24393,-688,-5855
24394,1950,183
24395,4027,3447
24396,-5471,-4122
24397,787,-780
24398,13966,11583
24399,6113,381
24400,-3123,-14220
24401,3034,-1311
24402,3330,6083
24403,-5202,-448
24404,-3225,4847
24405,4738,4928
24406,3220,-3218
24407,-601,-816
24408,4432,-1024
24409,8650,-582
24410,1282,10362
24411,-7167,10038
24412,-4410,-110
24413,2111,-1815
24414,2837,-1118
24415,1813,-1865
24416,5105,3461
24417,8956,11329
24418,3863,8471
24419,-3516,759
24420,-1117,4081
24421,-3114,5862
24422,-9454,-1697
24423,898,-3418
24424,8149,-2324
24425,318,-2519
24426,3054,363
24427,5948,963
24428,-386,2443
24429,2235,3525
24430,1180,-663
24431,-3084,358
24432,5166,2556
24433,4126,1654
24434,-5925,4125
24435,-4843,1316
24436,-1176,-1696
24437,3333,594
24438,5455,-1636
24439,-424,3049
24440,366,6234
24441,1051,-4476
24442,-2716,-646
24443,6143,3246
24444,8009,-9603
24445,-5197,-1571
24446,-2983,6298
24447,4714,-8090
24448,1938,-1278
24449,5392,6662
24450,3406,-7899
24451,-9166,-1900
24452,-1655,4752
24453,8255,-12151
24454,-5727,-4442
24455,-5072,16297
24456,9329,8105
24457,-2713,-32
24458,-8777,4376
24459,5136,-1789
24460,144,-4566
24461,-203,4293
24462,12488,3001
24463,-424,-2150
24464,-8003,2365
24465,4166,1444
24466,-1600,-2441
24467,-1899,4683
24468,9060,7934
24469,-1769,3521
24470,-7475,2078
24471,855,-2778
24472,1076,-2903
24473,5526,5768
24474,2293,3634
24475,-8416,599
24476,2893,3343
24477,3819,-4762
24478,-10419,-5208
24479,3486,5039
24480,10172,1079
24481,-6713,524
24482,-2036,4847
24483,4231,-4317
24484,-3657,-333
24485,-237,10308
24486,-2478,-19
24487,-6629,-1567
24488,5294,5428
24489,2320,-4007
24490,-7381,-3051
24491,322,7553
24492,-3252,1710
24493,-8535,-2574
24494,7535,-71
24495,7842,-405
24496,-5942,5392
24497,2901,4559
24498,6498,-5368
24499,-7757,269
24500,1466,6114
24501,15343,-2723
24502,193,-668
24503,-5625,5601
24504,2698,-2054
24505,-4508,-2361
24506,188,4156
24507,13278,1404
24508,2196,3637
24509,-1485,7256
24510,3826,2616
24511,-7288,5608
24512,-942,3860
24513,13263,-8563
24514,460,-1332
24515,-1325,7939
24516,9471,-584
24517,-2044,4859
24518,-7234,9132
24519,3749,-8700
24520,2328,-7834
24521,-1654,4517
24522,-538,-401
24523,-3676,6603
24524,-1413,14992
24525,3241,-2260
24526,1079,-5191
24527,5847,10370
24528,11481,5000
24529,1804,-4254
24530,-1502,2421
24531,6218,2847
24532,-707,-4413
24533,-4291,-407
24534,8971,6723
24535,2657,943
24536,-14099,-1377
24537,-4917,7290
24538,6640,1733
24539,4412,-7383
24540,4049,1592
24541,-2962,4430
24542,-8600,266
24543,864,4062
24544,-1660,-1179
24545,-7022,-6026
24546,11232,415
24547,13639,-245
24548,-6845,529
24549,-4233,2263
24550,6478,-5055
24551,1496,951
24552,-1009,9233
24553,-2270,2388
24554,-4212,4667
24555,-2050,7242
24556,-2795,-1216
24557,1828,-160
24558,4881,-577
24559,-4320,-5864
24560,-1831,2021
24561,3600,6122
24562,-5607,-1421
24563,-3067,-4285
24564,5014,-4148
24565,1248,-2092
24566,3300,2417
24567,2663,-759
24568,-7222,-6012
24569,-3191,-168
24570,8861,6215
24571,9105,1073
24572,-849,-91
24573,-6325,7779
24574,-74,4352
24575,1170,-2947
24576,-2771,3229
24577,4061,5414
24578,3537,-1621
24579,-6266,1117
24580,1423,7065
24581,8162,-107
24582,-3490,-7428
24583,-5317,-133
24584,2425,4982
24585,530,-859
24586,1101,-21
24587,3406,2234
24588,-998,-3631
24589,3420,-2876
24590,7699,-52
24591,-159,-923
24592,2783,3965
24593,8003,3144
24594,-2522,-2350
24595,-4340,363
24596,3512,-1028
24597,3398,-2442
24598,1797,4626
24599,-255,3207
24600,396,-2570
24601,3046,-917
24602,-2862,274
24603,-1399,-644
24604,5752,-2843
24605,-1397,-2801
24606,-2487,3819
24607,4626,6556
24608,673,3272
24609,-25,452
24610,633,-626
24611,-5295,2812
24612,-3523,1916
24613,-2674,-3499
24614,-1280,212
24615,9637,4
24616,3902,-4523
24617,-7029,3168
24618,3479,1745
24619,4268,-5349
24620,-5630,6944
24621,1255,4988
24622,4018,-12860
24623,-1527,311
24624,1967,16439
24625,2882,1021
24626,308,-7975
24627,-2066,3189
24628,-4474,8860
24629,4420,3638
24630,4522,-1825
24631,-10192,3173
24632,-1305,8491
24633,13313,-2089
24634,2567,-6614
24635,-1028,6545
24636,6459,5842
24637,-851,-5906
24638,-6154,-84
24639,5934,5983
24640,13062,-305
24641,-2600,1860
24642,-12570,4965
24643,5778,-474
24644,10609,3961
24645,-5933,10012
24646,285,2023
24647,6592,-3039
24648,-6886,3077
24649,-1834,6622
24650,5033,-459
24651,-7205,-6984
24652,-2446,-541
24653,10611,2431
24654,6187,-4319
24655,3632,52
24656,2881,4349
24657,-6177,-1319
24658,-5483,3960
24659,4562,5024
24660,1883,-7321
24661,-7570,14
24662,-972,11989
24663,9067,1879
24664,1033,-2155
24665,-5664,380
24666,-3192,-8451
24667,-6953,-5590
24668,-3710,4703
24669,3479,460
24670,-2729,866
24671,459,6452
24672,9402,2149
24673,-2290,1851
24674,-9972,1111
24675,-2010,-5878
24676,-261,-371
24677,1390,5753
24678,7971,1269
24679,5725,4324
24680,-3669,7542
24681,-6078,2351
24682,1206,1450
24683,905,1045
24684,-7974,-809
24685,-3664,-95
24686,3364,-2760
24687,-2486,-2849
24688,-1621,53
24689,6130,-2707
24690,3460,-953
24691,-540,2859
24692,2281,-1166
24693,4902,1891
24694,2677,7791
24695,-3121,1983
24696,-4945,1627
24697,-2358,6634
24698,-1664,-247
24699,-805,-5172
24700,672,-296
24701,979,685
24702,1951,-1028
24703,1709,1878
24704,349,6451
24705,-3080,4672
24706,-7007,-3111
24707,1654,-2840
24708,12548,5948
24709,5088,8157
24710,-3012,1215
24711,-1877,-5718
24712,-4152,-2944
24713,-320,2429
24714,5900,-2409
24715,1156,-2094
24716,1622,5519
24717,3150,1046
24718,-3285,695
24719,3595,8600
24720,8761,1183
24721,-4961,-3640
24722,-5685,2962
24723,3336,-2119
24724,-146,-4261
24725,2675,4808
24726,8887,1783
24727,1627,-3392
24728,-1370,3596
24729,4084,4814
24730,528,-4105
24731,-8631,-6326
24732,-6909,-268
24733,2883,1349
24734,2843,757
24735,-907,4642
24736,2654,4317
24737,-402,1549
24738,-3902,1684
24739,1707,-2523
24740,-2025,-2970
24741,-4967,353
24742,3670,-6063
24743,1168,-5205
24744,-1721,4788
24745,6180,2224
24746,736,770
24747,-7509,3667
24748,-1368,-3646
24749,2006,-3469
24750,2156,2347
24751,4265,-4152
24752,645,-3127
24753,-91,6323
24754,3344,53
24755,-1449,-7122
24756,-3358,-313
24757,5298,553
24758,6494,-5219
24759,526,572
24760,1736,6030
24761,1837,-2317
24762,-3260,-5531
24763,-1033,3275
24764,4518,5695
24765,1196,-621
24766,-6643,-2427
24767,-6000,2374
24768,3434,2581
24769,5068,-2941
24770,-659,-765
24771,2422,3206
24772,3627,-507
24773,-2711,2329
24774,836,4790
24775,2297,-4702
24776,-5293,-1787
24777,1383,8359
24778,7712,821
24779,-1986,-2678
24780,-1136,4796
24781,4212,2280
24782,-2521,1130
24783,-1884,4228
24784,237,-2027
24785,-6206,-3251
24786,-1817,2747
24787,3603,-1615
24788,-3361,-7956
24789,-4761,-1960
24790,-427,6875
24791,-634,2813
24792,-2528,-5105
24793,-3119,2027
24794,1174,8329
24795,2754,957
24796,-3957,1908
24797,-4788,7844
24798,-1450,1738
24799,-3804,-4418
24800,-4343,-4086
24801,-1990,1450
24802,165,6509
24803,615,-1670
24804,-3063,-5319
24805,250,3735
24806,7214,1065
24807,387,-1371
24808,-5397,6125
24809,3463,668
24810,8805,-3486
24811,2306,4805
24812,-5274,4884
24813,-2885,4552
24814,6717,5120
24815,6203,-4548
24816,-1518,-552
24817,992,13054
24818,3279,4753
24819,-4870,-4724
24820,-3998,1541
24821,6510,-830
24822,3002,-5581
24823,-5661,3134
24824,-981,6003
24825,1804,731
24826,-1919,2395
24827,138,2631
24828,-476,-1094
24829,-4634,-640
24830,-2321,-630
24831,746,54
24832,2685,975
24833,2813,-3497
24834,216,-1352
24835,4300,5875
24836,6381,3364
24837,59,1765
24838,803,3953
24839,1216,1369
24840,-5643,2412
24841,-3744,1895
24842,1239,-4280
24843,1049,-744
24844,4750,3481
24845,6818,-1985
24846,-631,-3560
24847,-6688,-1340
24848,472,489
24849,7527,2323
24850,-2630,-1390
24851,-6967,-2488
24852,5508,625
24853,4132,-2938
24854,-3203,-1634
24855,4419,5907
24856,4745,1873
24857,-3405,-4409
24858,-4837,-1578
24859,-5622,2974
24860,410,6470
24861,7711,4070
24862,-649,-439
24863,-4740,3507
24864,1673,2467
24865,-1156,-5533
24866,-3523,-2177
24867,692,2967
24868,1711,861
24869,3938,1099
24870,1072,-666
24871,-5542,-1962
24872,2771,2471
24873,6695,589
24874,-5416,-354
24875,-2544,5373
24876,6918,-631
24877,653,-7281
24878,-264,1756
24879,4944,6332
24880,1210,813
24881,-1242,-2831
24882,-3463,-4395
24883,-4289,-206
24884,5275,3758
24885,5580,-941
24886,-3054,1480
24887,1322,7083
24888,1561,-1324
24889,-6977,-3194
24890,-826,4867
24891,6680,-2550
24892,2879,-8936
24893,2954,1555
24894,4299,5416
24895,2140,1543
24896,1360,2913
24897,-1240,2668
24898,-1470,1067
24899,1469,3536
24900,-467,5977
24901,-1175,4816
24902,156,2498
24903,-2484,4874
24904,-2161,7255
24905,791,3797
24906,1259,3008
24907,384,4379
24908,-2393,2734
24909,-911,2719
24910,1927,1526
24911,-2908,-37
24912,-2024,1379
24913,2368,-409
24914,-4372,777
24915,-4867,4723
24916,3005,213
24917,2267,-795
24918,2576,2812
24919,4635,-1824
24920,1123,-2478
24921,2215,1829
24922,3544,751
24923,927,3071
24924,3024,4187
24925,1117,-791
24926,-5738,3538
24927,-2241,9830
24928,4424,1872
24929,1092,-5885
24930,-1885,-198
24931,3802,5115
24932,3773,325
24933,-5710,-1648
24934,-4382,2982
24935,5433,2241
24936,3167,509
24937,-4572,2682
24938,-5423,222
24939,-845,-224
24940,7388,4695
24941,8101,1907
24942,-2419,-1200
24943,-5322,4716
24944,1973,4495
24945,3815,-3058
24946,934,-1478
24947,1109,5827
24948,1262,4579
24949,-414,-1959
24950,470,-2407
24951,913,2188
24952,-2205,5756
24953,-128,5675
24954,4302,-1125
24955,-27,-6224
24956,-1747,1278
24957,3848,6812
24958,1179,-283
24959,-3578,-3285
24960,-48,1468
24961,1032,2918
24962,566,3734
24963,3294,2985
24964,-128,-3135
24965,-4045,-3163
24966,2171,3473
24967,6149,2981
24968,-1139,-320
24969,-6022,2474
24970,597,3444
24971,6184,-450
24972,2605,-1623
24973,-385,376
24974,-545,2857
24975,293,4804
24976,6439,2273
24977,6244,-1307
24978,-3722,2763
24979,-2513,7528
24980,4659,2023
24981,1549,-3944
24982,-437,1374
24983,580,8140
24984,-1164,5933
24985,2973,1332
24986,5919,-643
24987,-1155,-1260
24988,-3739,1699
24989,2730,2368
24990,5101,-3910
24991,-8,-3274
24992,-2069,3454
24993,3069,-544
24994,3943,-5380
24995,-2249,-496
24996,-5203,803
24997,-3769,-604
24998,1102,2600
24999,5907,2347
25000,206,39
25001,-5376,1552
25002,2344,1080
25003,4974,-2156
25004,-3906,-3268
25005,-3708,-1053
25006,2452,3624
25007,504,6277
25008,966,3320
25009,4845,-1224
25010,-815,-269
25011,-3238,3686
25012,4859,737
25013,2695,-3167
25014,-5219,1905
25015,-132,4031
25016,4622,-1091
25017,478,-198
25018,-679,4693
25019,-301,5286
25020,-1158,1093
25021,811,-4227
25022,945,476
25023,-146,7808
25024,2024,183
25025,755,-4046
25026,-2598,5444
25027,766,3548
25028,3610,-4599
25029,-762,-1601
25030,-4406,-1444
25031,-3241,-2381
25032,613,4487
25033,2677,2980
25034,-1519,-2779
25035,-2704,1427
25036,4156,2728
25037,4850,-852
25038,-392,1448
25039,706,3459
25040,1976,956
25041,-2202,-1545
25042,-4436,-160
25043,-804,4642
25044,4476,3390
25045,2230,-163
25046,-3881,4317
25047,-1355,3837
25048,1594,-2495
25049,-769,1350
25050,1748,3647
25051,1752,-1255
25052,-3676,2473
25053,-361,5069
25054,3730,-1362
25055,1361,-1162
25056,3233,1967
25057,3585,757
25058,-102,3157
25059,1817,3725
25060,1821,222
25061,-1821,1902
25062,-1874,2985
25063,-3511,1458
25064,-1759,3504
25065,4172,1648
25066,-642,-2633
25067,-5031,-322
25068,1643,783
25069,3095,164
25070,1747,4420
25071,4137,4232
25072,321,-1305
25073,-2133,-952
25074,2739,1223
25075,2964,-1514
25076,-1126,-1765
25077,-2239,3581
25078,-253,3429
25079,-134,-2714
25080,-3217,135
25081,-365,5932
25082,2713,158
25083,-2714,-2723
25084,-591,3087
25085,4836,2325
25086,-1780,1953
25087,-2069,6492
25088,4562,1950
25089,934,-3676
25090,-428,-367
25091,3125,916
25092,1100,-144
25093,743,2450
25094,1798,3682
25095,131,2290
25096,-12,2548
25097,-833,3447
25098,-1107,952
25099,1415,-1524
25100,1547,1248
25101,113,2126
25102,465,-1527
25103,1974,-442
25104,1906,2871
25105,-22,2373
25106,1267,2033
25107,1434,2901
25108,-2281,3567
25109,-201,1973
25110,1068,-1485
25111,-2936,73
25112,1045,2781
25113,4300,1099
25114,-744,2212
25115,-368,2937
25116,125,-983
25117,-2442,-462
25118,2763,2089
25119,4379,1353
25120,-1419,3128
25121,742,5426
25122,4042,2293
25123,-499,-2426
25124,-1679,-997
25125,2810,3618
25126,3555,945
25127,-660,-1481
25128,-3030,3678
25129,-379,1931
25130,1857,-2480
25131,-652,3800
25132,-2443,6083
25133,2240,322
25134,6639,-1126
25135,2482,-27
25136,-2014,2568
25137,1125,3167
25138,3060,-2515
25139,229,-1884
25140,-112,3758
25141,842,1640
25142,-668,298
25143,-446,3299
25144,4022,1076
25145,6276,-2564
25146,1243,-200
25147,-2444,3806
25148,257,1570
25149,-918,-2794
25150,-3605,-400
25151,2264,2129
25152,5582,189
25153,179,1159
25154,-872,2728
25155,2832,971
25156,1928,-841
25157,-1128,-673
25158,136,2612
25159,2793,2749
25160,2,-1602
25161,-2597,-298
25162,1712,1681
25163,3375,-138
25164,60,2671
25165,36,3240
25166,-319,-633
25167,-1555,1979
25168,1667,3555
25169,3175,-841
25170,1541,-1092
25171,2805,1041
25172,3240,430
25173,744,125
25174,930,929
25175,2885,1267
25176,2318,1273
25177,2141,1870
25178,3588,1615
25179,1181,62
25180,-2020,275
25181,601,1445
25182,2095,2189
25183,-814,3253
25184,-661,2573
25185,615,1493
25186,-587,1677
25187,-366,275
25188,389,-1162
25189,409,-1159
25190,1359,-703
25191,1110,653
25192,1156,255
25193,2952,-391
25194,1146,818
25195,-1012,-548
25196,1629,-159
25197,2283,2334
25198,2092,-760
25199,4254,-582
25200,739,3099
25201,-1812,1421
25202,2172,2777
25203,952,879
25204,-287,-3582
25205,-487,6161
25206,-2665,3019
25207,13560,-8352
25208,18829,13394
25209,-14492,16045
25210,-12092,-16335
25211,24451,-2302
25212,3811,21000
25213,-22105,-2926
25214,1189,-585
25215,-6470,18512
25216,-24123,-10570
25217,12045,-16839
25218,17527,23200
25219,-20828,11370
25220,-4086,-27715
25221,23948,-514
25222,-6103,26636
25223,-16051,-11334
25224,15921,-18571
25225,13165,18436
25226,-693,3814
25227,18066,-13269
25228,9077,17807
25229,-24497,6970
25230,-2777,-22076
25231,24344,10527
25232,-11727,20868
25233,-21073,-17813
25234,22288,-9074
25235,11123,17730
25236,-24680,1343
25237,-3995,1182
25238,2577,22039
25239,-18131,-275
25240,8887,-19746
25241,22242,14784
25242,-19068,20016
25243,-13295,-23487
25244,25604,-10974
25245,443,28446
25246,-26918,0
25247,7108,-19038
25248,20735,12047
25249,-1550,-1499
25250,10593,-20867
25251,16966,16398
25252,-18540,12580
25253,-10468,-27075
25254,26862,-115
25255,-726,26253
25256,-23638,-8954
25257,15938,-15282
25258,15909,16437
25259,-18533,13046
25260,-830,2642
25261,7228,17333
25262,-21060,3288
25263,886,-24981
25264,27815,1320
25265,-12703,23367
25266,-25742,-14830
25267,17689,-17037
25268,10582,25604
25269,-22863,6134
25270,2518,-24007
25271,21626,5230
25272,-3953,4197
25273,3524,-21765
25274,20545,10487
25275,-12541,22822
25276,-15940,-21376
25277,25495,-14009
25278,6880,20531
25279,-28746,-5537
25280,4966,-21206
25281,20289,14193
25282,-13149,16976
25283,-53,-2419
25284,21326,15049
25285,-12674,11370
25286,-15458,-24187
25287,19219,-2900
25288,-3789,29691
25289,-26676,-8470
25290,16297,-23897
25291,21464,18847
25292,-21796,12311
25293,-6560,-18864
25294,18252,-5320
25295,-4356,-1704
25296,4669,-201
25297,16946,28079
25298,-19901,4963
25299,-6513,-32107
25300,31686,11353
25301,-11410,33335
25302,-27724,-17937
25303,26359,-17123
25304,13864,24348
25305,-22596,11280
25306,5349,312
25307,1437,21637
25308,-26816,420
25309,14607,-25190
25310,33401,12996
25311,-19328,24352
25312,-16723,-23310
25313,29742,-10472
25314,5129,33000
25315,-30602,-2654
25316,2424,-25113
25317,23373,15146
25318,1482,751
25319,12318,-27272
25320,22580,15808
25321,-18665,18813
25322,-17124,-28050
25323,28687,-2106
25324,587,32223
25325,-30027,-6181
25326,22774,-18606
25327,29257,15574
25328,-19924,10950
25329,382,-789
25330,16008,22779
25331,-26206,10684
25332,-5953,-27971
25333,35723,315
25334,-7743,33420
25335,-29818,-13598
25336,17497,-29347
25337,11019,23739
25338,-28410,12826
25339,1126,-28940
25340,28175,-1933
25341,-2398,3742
25342,2348,-27593
25343,27778,5558
25344,-11255,28917
25345,-24701,-17332
25346,29344,-11217
25347,16418,32924
25348,-30939,-1072
25349,5699,-32281
25350,25722,13300
25351,-15893,28012
25352,-1779,-895
25353,22870,14529
25354,-15316,18834
25355,-13225,-25960
25356,27907,-13374
25357,-1414,31734
25358,-32078,-2785
25359,15478,-30852
25360,30754,17199
25361,-19087,20883
25362,-13235,-23415
25363,24735,-11990
25364,199,282
25365,-7275,-22957
25366,29576,5382
25367,785,35309
25368,-31723,-17054
25369,17738,-34246
25370,19090,27486
25371,-37154,23329
25372,-11845,-28665
25373,24651,-2887
25374,-6514,28336
25375,1178,544
25376,28384,5626
25377,-15245,24325
25378,-29313,-13297
25379,25259,-16429
25380,16696,32292
25381,-30767,13168
25382,294,-28407
25383,31486,6914
25384,-9438,25806
25385,-16172,-18147
25386,17280,-21164
25387,-3554,942
25388,-12939,-20206
25389,28288,-12728
25390,8600,28719
25391,-29925,851
25392,13540,-35311
25393,27571,12383
25394,-25824,29095
25395,-14353,-24660
25396,28928,-13471
25397,9761,28080
25398,1135,-1641
25399,25123,-6912
25400,1367,28745
25401,-25930,-5931
25402,11520,-29978
25403,27675,27772
25404,-13066,26430
25405,-3114,-31930
25406,35087,-5766
25407,-3352,36320
25408,-31053,-2558
25409,11875,-23555
25410,5765,3634
25411,-24285,-8243
25412,15469,-17255
25413,20235,20610
25414,-30009,6942
25415,-6505,-34815
25416,28996,9367
25417,-12998,39097
25418,-21737,-22645
25419,24683,-26037
25420,17617,27052
25421,-6213,232
25422,13549,-18735
25423,2026,30994
25424,-30207,12429
25425,5219,-37572
25426,30597,4366
25427,-21068,27960
25428,-26985,-25073
25429,26602,-17684
25430,11051,32563
25431,-24201,7891
25432,6534,-23023
25433,9431,788
25434,-22172,-5577
25435,9598,-23334
25436,28161,18663
25437,-24466,29204
25438,-19829,-20461
25439,33046,-9214
25440,6482,28204
25441,-27368,-5344
25442,8656,-23855
25443,13512,7866
25444,-11656,-1531
25445,16927,-14966
25446,23992,20620
25447,-21407,13005
25448,-5436,-33699
25449,34092,-6021
25450,-5674,33629
25451,-26925,-10253
25452,20644,-25322
25453,14601,29602
25454,-24733,17608
25455,-691,-28819
25456,7128,33
25457,-31296,9314
25458,-9567,-25673
25459,27819,9870
25460,-10662,36261
25461,-25674,-23144
25462,25817,-24378
25463,18123,28211
25464,-30721,-585
25465,-1453,-29005
25466,35003,8357
25467,4868,75
25468,3127,-28838
25469,23101,8830
25470,-12236,19889
25471,-17354,-27847
25472,26218,-14321
25473,3854,32667
25474,-27694,5167
25475,15521,-19694
25476,28372,17620
25477,-14590,8363
25478,-15603,-33234
25479,-2476,-2489
25480,-22530,17381
25481,-7492,-19102
25482,33835,2165
25483,10328,33226
25484,-23413,-16394
25485,12595,-28252
25486,21370,25014
25487,-26514,17214
25488,-10975,-15790
25489,25800,4179
25490,-5140,5456
25491,-6288,-23024
25492,25509,-2779
25493,-11354,20280
25494,-29586,-13801
25495,23085,-16370
25496,20245,31238
25497,-21886,15545
25498,976,-27768
25499,24163,1907
25500,-9636,19803
25501,-23518,-15195
25502,-2431,1246
25503,-7010,27834
25504,-9447,-13218
25505,20894,-16771
25506,10219,30039
25507,-29089,7367
25508,-403,-26458
25509,27689,11714
25510,-14370,22898
25511,-15451,-14014
25512,23990,-11994
25513,-809,-5963
25514,-18707,-25215
25515,16105,9
25516,2127,31214
25517,-28345,-7938
25518,8257,-31000
25519,22419,14338
25520,-21317,18897
25521,-13880,-23291
25522,25315,-6132
25523,2895,24443
25524,-18794,-702
25525,5576,-180
25526,-5282,25523
25527,-26400,-5742
25528,10791,-21273
25529,17707,22154
25530,-26614,16342
25531,-6590,-20500
25532,31985,6767
25533,-5359,28193
25534,-22975,-10083
25535,12393,-20453
25536,1401,2660
25537,-13943,-10260
25538,22210,-14865
25539,14985,19344
25540,-23599,7755
25541,5865,-29858
25542,27393,-1652
25543,-20124,21022
25544,-23103,-14534
25545,25355,-7593
25546,10962,26372
25547,-24490,3084
25548,-1590,-5124
25549,4392,24106
25550,-23635,463
25551,192,-24413
25552,23079,16973
25553,-15668,24004
25554,-15463,-23202
25555,23740,-13288
25556,-520,24228
25557,-24091,1638
25558,7743,-18130
25559,3475,1963
25560,-16899,-8513
25561,16241,-21228
25562,19422,13038
25563,-25331,11209
25564,-11573,-27900
25565,23284,-1881
25566,-7318,31828
25567,-22702,-5330
25568,20291,-17470
25569,21750,17741
25570,-13069,8402
25571,-1703,-5243
25572,5084,22415
25573,-21294,9837
25574,657,-22568
25575,30243,7012
25576,-8289,20964
25577,-20140,-21560
25578,21335,-15344
25579,6342,24409
25580,-27396,7367
25581,-3231,-10433
25582,1323,8398
25583,-21638,-4141
25584,5431,-21443
25585,20562,8964
25586,-21352,15502
25587,-18426,-17956
25588,23653,-4462
25589,3022,28079
25590,-21269,3319
25591,16993,-17546
25592,20161,8788
25593,-20085,11506
25594,-3469,-4115
25595,18382,14541
25596,-11562,13489
25597,-4598,-19240
25598,25340,-2742
25599,-5651,23188
25600,-23436,-11531
25601,13096,-19614
25602,11756,24555
25603,-14439,12859
25604,-173,-23595
25605,3103,-254
25606,-19285,10145
25607,-1600,-15740
25608,22412,2121
25609,-4227,21176
25610,-14039,-9725
25611,18795,-10611
25612,9288,20605
25613,-23025,2189
25614,773,-23284
25615,20111,4562
25616,-5700,20630
25617,24,683
25618,18030,6048
25619,-9294,11983
25620,-11486,-16804
25621,21969,-9498
25622,4136,25616
25623,-22233,3275
25624,10242,-18170
25625,24217,16082
25626,-9588,15453
25627,-13505,-17915
25628,-833,-2579
25629,-16166,8807
25630,-5636,-16199
25631,24759,-1903
25632,-1001,23245
25633,-24690,-8070
25634,13216,-22548
25635,15117,15313
25636,-25645,15082
25637,-5721,-16493
25638,22711,94
25639,-1922,19245
25640,956,-1796
25641,18766,2207
25642,-13338,15843
25643,-17798,-16331
25644,24797,-19467
25645,14115,22732
25646,-20723,7773
25647,2355,-24748
25648,22376,6164
25649,-5854,17925
25650,-13520,-12751
25651,2570,-1906
25652,-9973,12497
25653,-8600,-13296
25654,23129,-7544
25655,7787,18946
25656,-22714,-1730
25657,7382,-17131
25658,20236,12323
25659,-17387,15222
25660,-9679,-13582
25661,20233,-3962
25662,3420,17591
25663,-864,2975
25664,16513,3280
25665,-6151,21046
25666,-19442,-3342
25667,14500,-17322
25668,15783,16391
25669,-16846,9409
25670,-3098,-23481
25671,22440,1943
25672,-1734,20791
25673,-19661,-6153
25674,-3761,1420
25675,-8118,18618
25676,-11277,-12279
25677,18816,-16557
25678,13557,20244
25679,-23187,7697
25680,-4784,-22809
25681,22777,4232
25682,-6212,22556
25683,-16179,-8622
25684,12405,-8390
25685,7586,17629
25686,-1690,1961
25687,17985,-4092
25688,5314,21431
25689,-20073,1359
25690,7575,-22728
25691,22728,13498
25692,-16010,18045
25693,-16811,-22160
25694,20543,-4806
25695,7359,23622
25696,-15920,-2416
25697,2247,-2723
25698,-994,22786
25699,-16551,-1998
25700,11411,-15919
25701,17000,21687
25702,-20118,15753
25703,-8329,-23730
25704,24077,-2550
25705,-1212,22847
25706,-18704,-7719
25707,8851,-11651
25708,9655,16192
25709,-2192,112
25710,17186,-9879
25711,8507,20169
25712,-24011,7241
25713,-1943,-22551
25714,20690,8249
25715,-13820,22260
25716,-15966,-15989
25717,21889,-10688
25718,6853,19741
25719,-17232,4271
25720,4478,-862
25721,-988,19199
25722,-24427,-1406
25723,5186,-19047
25724,21613,14770
25725,-15837,17807
25726,-13802,-21932
25727,23017,-9060
25728,5776,24416
25729,-20272,-2278
25730,5723,-17965
25731,18575,13910
25732,2165,4927
25733,15213,-17241
25734,19088,15932
25735,-16363,19803
25736,-8234,-20911
25737,26935,-3988
25738,-2440,24502
25739,-25464,-7325
25740,14827,-15505
25741,14679,17173
25742,-19469,11755
25743,1508,896
25744,12246,19993
25745,-17985,4377
25746,-1216,-23844
25747,23463,6976
25748,-10535,25424
25749,-17053,-16328
25750,23371,-16989
25751,12218,24566
25752,-23566,8186
25753,-2013,-18809
25754,19825,4181
25755,332,2681
25756,6057,-17948
25757,17995,10127
25758,-16311,20310
25759,-16692,-17408
25760,27131,-8679
25761,7057,23731
25762,-26316,-2866
25763,10287,-22448
25764,20151,10053
25765,-15360,16092
25766,-549,-252
25767,14301,16457
25768,-19102,12748
25769,-9905,-21622
25770,26027,-3438
25771,-3322,25538
25772,-29911,-8533
25773,9533,-19378
25774,19663,20292
25775,-17899,9267
25776,-7308,-19746
25777,20864,3415
25778,-498,3123
25779,-3517,-23767
25780,20236,5619
25781,-6432,26687
25782,-21861,-14761
25783,21933,-17373
25784,17084,23732
25785,-25055,8392
25786,-644,-21379
25787,21393,4955
25788,-9064,19744
25789,692,342
25790,25136,10200
25791,-10179,15190
25792,-19179,-17718
25793,24579,-8710
25794,11443,27594
25795,-26950,-445
25796,4138,-26686
25797,24219,14528
25798,-16224,24414
25799,-13952,-15516
25800,19192,-14184
25801,-1283,-1015
25802,-7240,-19499
25803,24220,-4952
25804,-1488,24882
25805,-28738,-3555
25806,16528,-21911
25807,23308,17909
25808,-24127,16685
25809,-9398,-24386
25810,23317,-4169
25811,2098,25224
25812,820,541
25813,21287,3230
25814,-5493,24083
25815,-18660,-11894
25816,20345,-21821
25817,14525,25976
25818,-27525,13088
25819,-1685,-29525
25820,31829,1849
25821,-7630,27346
25822,-21971,-8969
25823,14702,-16807
25824,1014,2096
25825,-16730,-14546
25826,22805,-10229
25827,16916,28000
25828,-26545,4917
25829,2210,-34221
25830,27745,8423
25831,-15455,30591
25832,-18658,-21462
25833,19896,-15314
25834,9985,28484
25835,1458,2959
25836,25074,-7911
25837,1601,24675
25838,-31526,-430
25839,7791,-25317
25840,29157,17568
25841,-19233,21912
25842,-16990,-21472
25843,29435,-6914
25844,3044,24024
25845,-27217,-2896
25846,7283,-18865
25847,4930,2901
25848,-19079,-9614
25849,18579,-22577
25850,23062,16571
25851,-28140,16151
25852,-9552,-28900
25853,28719,-2614
25854,-9918,33132
25855,-25762,-8592
25856,17877,-17160
25857,17910,20241
25858,-1682,-2337
25859,20983,-16287
25860,13217,26396
25861,-25163,11700
25862,1572,-28885
25863,32239,9537
25864,-11561,30115
25865,-21144,-22807
25866,27220,-21308
25867,10807,28964
25868,-27117,7350
25869,283,-27835
25870,4219,916
25871,-24491,3474
25872,7188,-24813
25873,27371,6497
25874,-20629,22802
25875,-19655,-22566
25876,28419,-6565
25877,8445,37626
25878,-24648,-3840
25879,6725,-27962
25880,21397,12500
25881,-1162,690
25882,11057,-20795
25883,14399,21420
25884,-24312,20576
25885,-11053,-29361
25886,30663,-7620
25887,-3650,31232
25888,-31924,-7343
25889,14817,-25645
25890,20727,21900
25891,-21898,16759
25892,-11113,-23817
25893,3384,292
25894,-21105,8058
25895,-900,-29685
25896,31578,4305
25897,-7367,40781
25898,-24946,-15214
25899,25166,-25088
25900,19203,29258
25901,-27943,8571
25902,-1601,-25525
25903,25658,3435
25904,-4638,1455
25905,6512,-20836
25906,30201,13551
25907,-15377,24783
25908,-25961,-23433
25909,26489,-16968
25910,12685,30832
25911,-28961,3960
25912,3567,-29122
25913,24421,16043
25914,-13407,25088
25915,-16293,-19167
25916,2478,3477
25917,-19165,25982
25918,-13117,-20374
25919,29311,-10630
25920,7831,35649
25921,-26674,-3504
25922,14442,-31193
25923,26719,17041
25924,-24699,18167
25925,-13392,-18955
25926,26062,-2492
25927,991,4085
25928,-3489,-26203
25929,25380,-4976
25930,-5740,27073
25931,-27047,-11995
25932,19139,-27050
25933,18451,26036
25934,-27095,19858
25935,-3736,-29815
25936,32451,-2935
25937,-2578,24935
25938,-25030,-7617
25939,71,3329
25940,-8934,27385
25941,-19543,-15437
25942,23025,-17551
25943,19863,31654
25944,-30771,2768
25945,-2390,-35353
25946,34566,13145
25947,-12843,33036
25948,-21176,-12592
25949,21431,-15859
25950,216,508
25951,-12282,-22576
25952,27922,-11250
25953,5905,31729
25954,-33230,5385
25955,11114,-28765
25956,32676,13903
25957,-18381,24403
25958,-17710,-25376
25959,27042,-12010
25960,6252,25190
25961,-25897,2312
25962,-355,2483
25963,738,27231
25964,-23035,-9671
25965,11830,-28019
25966,25549,23066
25967,-26711,20748
25968,-13930,-27344
25969,34283,-2202
25970,-1287,31658
25971,-22710,-5813
25972,15298,-20370
25973,-693,5288
25974,-21621,-10888
25975,21769,-14863
25976,18696,27030
25977,-29052,11388
25978,-4060,-30509
25979,30981,4804
25980,-8596,28830
25981,-25370,-16124
25982,15790,-16043
25983,9263,24707
25984,-22272,11881
25985,4335,86
25986,10441,24686
25987,-26160,3521
25988,1493,-27331
25989,30515,12175
25990,-20508,28353
25991,-23246,-21765
25992,30674,-14660
25993,7657,31784
25994,-26531,2202
25995,3135,-27938
25996,10,4556
25997,-23904,-1590
25998,11466,-25244
25999,25268,16841
26000,-18600,24876
26001,-10613,-28950
26002,29306,-11760
26003,-3093,34222
26004,-30972,-910
26005,17768,-23955
26006,26957,15322
26007,-16045,16048
26008,1494,-4015
26009,16990,19655
26010,-25515,13890
26011,-7889,-24982
26012,37766,1717
26013,-4972,32940
26014,-29334,-13900
26015,21257,-27078
26016,16490,23985
26017,-24286,14655
26018,-6594,-20421
26019,2181,3394
26020,-19795,4566
26021,5601,-22683
26022,27966,8693
26023,-15387,26810
26024,-26029,-18513
26025,23617,-14583
26026,15561,30359
26027,-27059,6297
26028,1289,-27904
26029,26424,4987
26030,-6525,22611
26031,-807,325
26032,19188,14016
26033,-17024,22522
26034,-13545,-18229
26035,33675,-11543
26036,5108,29849
26037,-31598,-3645
26038,10381,-30154
26039,24005,19321
26040,-16144,22064
26041,-12564,-16282
26042,2088,5542
26043,-20904,12212
26044,-7656,-26048
26045,28126,-3283
26046,-2715,34116
26047,-29159,-3363
26048,17280,-21826
26049,25304,21975
26050,-20955,18087
26051,-6365,-24523
26052,22757,-5008
26053,-3851,24665
26054,-728,2035
26055,24709,3279
26056,-8613,21731
26057,-22975,-14357
26058,19839,-24105
26059,11986,23560
26060,-27416,10522
26061,-1424,-27383
26062,26941,7209
26063,-3927,21834
26064,-16145,-15046
26065,1812,-142
26066,-13783,21530
26067,-16310,-14637
26068,21921,-11679
26069,10453,30379
26070,-25943,3885
26071,5814,-30296
26072,26099,8677
26073,-16634,22436
26074,-15238,-19195
26075,20697,-10006
26076,6179,24065
26077,-433,2764
26078,23176,-5793
26079,77,18468
26080,-24736,-5554
26081,11009,-23684
26082,20245,19823
26083,-18628,20098
26084,-7324,-22169
26085,26746,-2313
26086,1004,22311
26087,-21048,-3923
26088,458,740
26089,-6260,22124
26090,-16824,-6963
26091,19054,-16645
26092,17459,19916
26093,-26684,8048
26094,-7335,-28349
26095,25730,1948
26096,-8395,28070
26097,-19878,-11069
26098,18987,-15699
26099,16370,18564
26100,-1683,-1668
26101,16911,-14670
26102,7127,21897
26103,-24233,5935
26104,1680,-27277
26105,25305,10621
26106,-12234,22671
26107,-16934,-19931
26108,22035,-10172
26109,5309,18109
26110,-23401,1550
26111,1418,3500
26112,3054,20410
26113,-17919,-6171
26114,9991,-19249
26115,20039,15977
26116,-19706,15809
26117,-11123,-20708
26118,24408,-3924
26119,411,26325
26120,-20723,-4573
26121,9719,-20200
26122,17520,10259
26123,-560,747
26124,11135,-14049
26125,11573,19739
26126,-17189,13418
26127,-3568,-24825
26128,24229,731
26129,-5473,22752
26130,-20493,-13542
26131,16521,-14944
26132,11893,18834
26133,-17636,11785
26134,2367,1337
26135,8511,16988
26136,-18087,2793
26137,372,-20152
26138,19308,7163
26139,-14553,23511
26140,-15607,-11509
26141,23529,-11021
26142,11560,22660
26143,-17976,1941
26144,2789,-20607
26145,18114,5973
26146,196,2150
26147,7404,-16623
26148,17596,13351
26149,-12661,15550
26150,-13998,-22895
26151,20574,-4975
26152,1054,25889
26153,-24614,-3123
26154,12144,-16997
26155,20482,12001
26156,-11495,12537
26157,2465,-353
26158,11352,14906
26159,-19301,9898
26160,-5267,-17005
26161,23404,1512
26162,-5222,25384
26163,-17115,-6209
26164,17437,-16990
26165,11023,18189
26166,-22121,10006
26167,-5861,-16451
26168,16611,1482
26169,837,1566
26170,2672,-19100
26171,16972,5727
26172,-8903,19114
26173,-16875,-15207
26174,19316,-10412
26175,9942,24324
26176,-22281,6123
26177,4647,-20677
26178,21011,346
26179,-8508,12632
26180,-1091,-84
26181,14588,11052
26182,-14050,15387
26183,-9832,-13212
26184,25115,-7439
26185,3290,19576
26186,-23125,-5296
26187,6711,-20887
26188,14200,16063
26189,-16472,16218
26190,-6328,-14166
26191,18398,-3272
26192,2256,-347
26193,-1445,-21174
26194,17036,713
26195,-4261,22783
26196,-19958,-6952
26197,15440,-13084
26198,16206,19062
26199,-19397,7915
26200,-1404,-20963
26201,20700,-738
26202,-5079,17062
26203,-1448,1485
26204,20249,7354
26205,-6508,13461
26206,-15099,-15376
26207,19101,-12020
26208,7212,20899
26209,-23155,2445
26210,4120,-20158
26211,20659,11428
26212,-12323,19519
26213,-9984,-12364
26214,17010,-9977
26215,-2106,1071
26216,-10152,-14902
26217,18980,-1735
26218,4430,23145
26219,-18533,-4148
26220,14741,-22243
26221,18996,10549
26222,-19661,10549
26223,-6002,-20865
26224,19483,-2806
26225,-657,22626
26226,1704,3114
26227,21422,-690
26228,-3671,14204
26229,-16454,-6412
26230,15889,-14423
26231,11563,18212
26232,-22414,13656
26233,-1567,-17857
26234,27766,-1324
26235,-3142,16740
26236,-19554,-8202
26237,8283,-14000
26238,1703,-160
26239,-11563,-11889
26240,17207,-5969
26241,11605,21472
26242,-21415,1215
26243,1202,-24248
26244,17864,7808
26245,-13894,21361
26246,-8225,-9637
26247,20465,-3328
26248,5349,18211
26249,-155,123
26250,20477,-1180
26251,798,18294
26252,-22632,-3872
26253,8795,-18392
26254,22475,16322
26255,-12077,17059
26256,-6867,-20817
26257,22861,-8510
26258,-2456,20102
26259,-20475,-2452
26260,9651,-16140
26261,3559,3087
26262,-16987,-7838
26263,13478,-17274
26264,16164,14590
26265,-23410,12219
26266,-8145,-17742
26267,20748,7317
26268,-6513,25974
26269,-15172,-11582
26270,14932,-11790
26271,10932,18587
26272,-1153,-1278
26273,17626,-10175
26274,9412,22437
26275,-15631,7697
26276,8231,-24725
26277,21703,3516
26278,-17562,18813
26279,-15662,-16006
26280,23363,-10715
26281,4277,22520
26282,-21425,4664
26283,2226,-15893
26284,-953,2600
26285,-22319,-3116
26286,6115,-18573
26287,17253,11836
26288,-19812,17709
26289,-9682,-22145
26290,28028,-6883
26291,3875,27893
26292,-22509,-6977
26293,4398,-25038
26294,13575,10683
26295,773,3360
26296,16048,-14623
26297,10797,15578
26298,-22435,10514
26299,-3740,-25433
26300,24673,49
26301,-9453,25348
26302,-22532,-11086
26303,17494,-15620
26304,15346,22768
26305,-12211,8466
26306,-726,-20318
26307,-850,1981
26308,-17313,3186
26309,8702,-21707
26310,24657,8318
26311,-12933,27061
26312,-18266,-19369
26313,20597,-17935
26314,9010,25693
26315,-25474,3374
26316,-130,-19013
26317,22727,10288
26318,107,2121
26319,7267,-18327
26320,20517,15077
26321,-15713,19946
26322,-17439,-21089
26323,20435,-6837
26324,747,30514
26325,-20937,1400
26326,15435,-23435
26327,18076,13089
26328,-17515,16168
26329,-8990,-17847
26330,3588,3581
26331,-15671,19594
26332,118,-17715
26333,28842,-6075
26334,-5225,22559
26335,-29797,-17756
26336,11863,-22216
26337,14433,27478
26338,-28227,9358
26339,-7215,-23527
26340,24374,1884
26341,-657,-659
26342,2184,-25345
26343,20206,7246
26344,-16605,29260
26345,-20221,-9071
26346,27072,-11885
26347,7104,25308
26348,-34813,3532
26349,2160,-27106
26350,31763,10817
26351,-4391,24524
26352,-17372,-8433
26353,1053,6484
26354,-9837,16855
26355,-9070,-23442
26356,20380,-8562
26357,3702,33005
26358,-24398,-3549
26359,11017,-28441
26360,25671,16229
26361,-15996,20258
26362,-7509,-17859
26363,22903,-12104
26364,-4743,-2081
26365,-6981,-18892
26366,27822,2380
26367,-581,30010
26368,-27775,-7325
26369,17281,-24739
26370,22280,23188
26371,-26024,17874
26372,-10008,-29139
26373,27115,-223
26374,-187,30054
26375,-16971,-7158
26376,4401,-3918
26377,-11320,22703
26378,-22307,-16428
26379,21588,-22286
26380,20093,29583
26381,-30352,8538
26382,-6012,-32123
26383,35343,6263
26384,-6700,20633
26385,-25858,-19734
26386,11723,-13124
26387,-1088,5323
26388,-13887,-20735
26389,26052,-11240
26390,11914,28756
26391,-29308,1685
26392,2335,-32699
26393,14964,6894
26394,-31574,22966
26395,-16228,-17519
26396,35038,-7595
26397,9185,25036
26398,-26488,3871
26399,102,4
26400,994,25135
26401,-27887,1211
26402,7179,-14658
26403,32731,24002
26404,-17810,15489
26405,-17200,-32572
26406,29395,-6939
26407,-3070,33218
26408,-27804,-3782
26409,16032,-26674
26410,8564,3333
26411,-17185,-7345
26412,19799,-21942
26413,13975,20083
26414,-34104,14442
26415,312,-31752
26416,39710,4701
26417,-9797,36079
26418,-26577,-17673
26419,25044,-23640
26420,16825,20299
26421,-25434,9823
26422,-6238,9723
26423,1493,37466
26424,-25938,2422
26425,5351,-29280
26426,33051,13813
26427,-17243,26228
26428,-23916,-19802
26429,27282,-15117
26430,9000,26789
26431,-23748,10097
26432,6889,-21640
26433,4465,-6052
26434,-26564,-6309
26435,10777,-20757
26436,31968,16423
26437,-23624,26786
26438,-21317,-26853
26439,35097,-18791
26440,5378,27759
26441,-32795,-4844
26442,15843,-29889
26443,22997,17323
26444,-21808,24549
26445,3696,-378
26446,19265,23450
26447,-31296,17665
26448,-15875,-30110
26449,32306,-2742
26450,-5127,36512
26451,-28231,-10767
26452,20920,-22664
26453,26064,30334
26454,-8207,9656
26455,-1436,-32466
26456,-1311,2283
26457,-25209,9383
26458,-67,-24859
26459,30294,8258
26460,-6648,33134
26461,-17284,-21806
26462,29939,-27853
26463,10016,24505
26464,-35223,3163
26465,8883,-35447
26466,32946,6332
26467,-11252,30339
26468,3525,-427
26469,30300,9204
26470,-14814,18410
26471,-15959,-25329
26472,35167,-15463
26473,11731,34910
26474,-28319,1349
26475,8570,-35660
26476,29450,8830
26477,-10619,16213
26478,-17166,-21726
26479,-102,1486
26480,-20022,21478
26481,-4929,-9765
26482,39469,5289
26483,-1161,34996
26484,-41607,-8399
26485,15801,-28244
26486,29466,24187
26487,-26751,23003
26488,-11184,-26366
26489,29712,-5308
26490,11045,27039
26491,4232,-2125
26492,12231,2404
26493,-18147,30367
26494,-20679,-14535
26495,28037,-31500
26496,23456,28418
26497,-25697,14598
26498,-6874,-40141
26499,26991,-5101
26500,-12356,21086
26501,-25673,-10912
26502,11420,6987
26503,-11307,24740
26504,-28154,-23304
26505,24273,-19852
26506,14695,35139
26507,-34474,8304
26508,3906,-34846
26509,31830,15515
26510,-12040,41442
26511,-7641,-17362
26512,26416,-18935
26513,4391,27056
26514,-1878,3966
26515,30139,-5188
26516,8308,35211
26517,-26339,3166
26518,12813,-32209
26519,31257,18683
26520,-25529,14300
26521,-27670,-38325
26522,20732,5894
26523,-3126,43953
26524,-26239,-6313
26525,10462,-8305
26526,-3545,26097
26527,-29191,-10307
26528,16496,-27174
26529,14862,28031
26530,-37343,28192
26531,-4212,-21939
26532,36694,1538
26533,-9994,33661
26534,-31737,-15364
26535,7113,-29283
26536,11913,17917
26537,-572,2890
26538,22402,-17021
26539,23151,23056
26540,-9513,2025
26541,3958,-43638
26542,25687,8323
26543,-16418,35172
26544,-26266,-20361
26545,29321,-13733
26546,21970,25262
26547,-20061,-1583
26548,2552,-7935
26549,4847,24995
26550,-27956,2612
26551,9123,-20554
26552,37612,23703
26553,-16232,28949
26554,-20795,-29061
26555,29908,-18044
26556,6263,29181
26557,-33510,-4428
26558,-3667,-23760
26559,12150,21225
26560,-3492,2783
26561,17559,-28822
26562,19347,24552
26563,-27405,31644
26564,-14890,-26170
26565,33114,-4597
26566,2163,34782
26567,-24030,-2743
26568,24683,-17951
26569,22794,17406
26570,-25207,15076
26571,-3505,1493
26572,14841,24984
26573,-20296,14147
26574,-3088,-26824
26575,31916,-749
26576,-8498,25008
26577,-28523,-25536
26578,17804,-25395
26579,11534,33257
26580,-30212,11851
26581,3415,-19996
26582,38083,14429
26583,2715,2674
26584,588,-32169
26585,25363,10347
26586,-15642,28217
26587,-28864,-23878
26588,27461,-13576
26589,17951,33573
26590,-22514,-4179
26591,10961,-40592
26592,20943,8444
26593,-16857,29511
26594,4702,47
26595,25702,14191
26596,-16410,19612
26597,-12630,-24933
26598,29635,-17230
26599,-2612,20609
26600,-37676,-6284
26601,9725,-19792
26602,28473,23846
26603,-19557,16997
26604,-14862,-26162
26605,21377,-12464
26606,-2535,431
26607,-10202,-21355
26608,22641,5683
26609,-3479,36493
26610,-24661,-10510
26611,26273,-28239
26612,19574,22203
26613,-35679,12308
26614,-5475,-28753
26615,28608,3073
26616,-7158,25856
26617,-3718,-4289
26618,26222,3833
26619,-8057,21435
26620,-28067,-13506
26621,15637,-15296
26622,16474,29118
26623,-24911,10969
26624,-1537,-27933
26625,31103,7817
26626,-10282,30704
26627,-23529,-11830
26628,18974,-18580
26629,5763,1973
26630,-13116,-18802
26631,24544,-11979
26632,8752,28119
26633,-34916,2731
26634,3010,-29217
26635,23526,13219
26636,-20464,26950
26637,-12284,-16156
26638,21492,-4838
26639,6823,25798
26640,6676,-2478
26641,23151,-5883
26642,-5597,27657
26643,-24886,-429
26644,11182,-28738
26645,23240,13783
26646,-11284,18309
26647,-6034,-27122
26648,22950,-10612
26649,-6403,20499
26650,-26270,-7208
26651,11951,-15973
26652,5534,4806
26653,-22625,-14580
26654,13454,-20563
26655,17371,16879
26656,-28378,4131
26657,-8481,-29363
26658,17399,8661
26659,-16358,30105
26660,-13016,-16991
26661,21661,-18679
26662,8386,16060
26663,-3816,-708
26664,13676,-4647
26665,-1518,28730
26666,-22944,9751
26667,14387,-20363
26668,34398,10828
26669,-16450,17943
26670,-22855,-22998
26671,25675,-9677
26672,7066,29984
26673,-23324,7074
26674,9398,-15796
26675,5519,2810
26676,-23162,-9969
26677,9508,-22772
26678,15685,20291
26679,-28166,21297
26680,-8371,-28592
26681,31906,-8307
26682,893,27512
26683,-24972,-9001
26684,3915,-20171
26685,14629,15055
26686,1868,7854
26687,14363,-1270
26688,13422,22354
26689,-16513,5320
26690,-4338,-26325
26691,21655,2844
26692,-10942,26044
26693,-26202,-11478
26694,14513,-19309
26695,14319,21753
26696,-14052,11797
26697,-2488,-22422
26698,-5157,-1320
26699,-26185,4765
26700,1663,-20498
26701,22839,9843
26702,-11324,27830
26703,-14003,-21623
26704,24012,-15333
26705,10237,28035
26706,-24666,-6005
26707,-5727,-26018
26708,12355,17155
26709,80,7236
26710,12201,-21372
26711,15071,15552
26712,-19387,23629
26713,-9744,-20579
26714,23217,-7559
26715,-7156,27579
26716,-28133,-46
26717,13966,-14846
26718,20375,18089
26719,-15609,7081
26720,-10645,-21563
26721,1476,7091
26722,-14801,14905
26723,-950,-18264
26724,22112,3919
26725,-5233,27914
26726,-16151,-15571
26727,19954,-22413
26728,9669,19257
26729,-28046,7856
26730,-1528,-15004
26731,24836,4494
26732,-1514,1697
26733,2272,-16613
26734,19695,6186
26735,-16730,17019
26736,-24534,-13444
26737,21286,-7104
26738,13513,26638
26739,-18070,3393
26740,8446,-25465
26741,19499,6444
26742,-16022,17322
26743,-15770,-10105
26744,2187,7383
26745,-14181,21055
26746,-9113,-16282
26747,20500,-9849
26748,-249,24282
26749,-25304,-4193
26750,12107,-19950
26751,26165,16381
26752,-13128,10181
26753,-5644,-15790
26754,24002,-216
26755,1483,-3401
26756,-4360,-22657
26757,18146,5703
26758,-7149,23539
26759,-20803,-11670
26760,21579,-16623
26761,18645,16249
26762,-23660,3516
26763,-8037,-22162
26764,15819,5685
26765,-10980,20921
26766,-16951,-4668
26767,4343,4492
26768,-12038,18760
26769,-18375,-12418
26770,17859,-10030
26771,10063,24419
26772,-23431,4147
26773,5314,-17155
26774,24531,11827
26775,-14267,14383
26776,-12789,-12723
26777,18174,-7729
26778,621,-274
26779,-5365,-13103
26780,22504,-1794
26781,5798,13837
26782,-17593,-11885
26783,12644,-22412
26784,17378,13588
26785,-20327,14699
26786,-8896,-17671
26787,22232,-713
26788,1093,22739
26789,-14559,-1146
26790,232,-3871
26791,-12531,14414
26792,-19381,-8507
26793,15117,-14896
26794,14125,22406
26795,-19260,13112
26796,1990,-20706
26797,27730,3784
26798,-7826,22347
26799,-20602,-8198
26800,9969,-11050
26801,995,4931
26802,-11168,-11580
26803,19864,-6937
26804,13809,22010
26805,-21752,1465
26806,1511,-22590
26807,24425,11077
26808,-12220,21094
26809,-14851,-15499
26810,26090,-7799
26811,10629,19781
26812,-20617,1816
26813,231,-1259
26814,-2369,19382
26815,-27813,-5380
26816,6097,-20165
26817,25667,21174
26818,-17333,21370
26819,-12982,-21137
26820,22850,-5327
26821,-765,23660
26822,-14667,-4227
26823,11385,-15737
26824,-52,4245
26825,-11817,-13345
26826,19100,-19011
26827,12955,21052
26828,-23250,11448
26829,-1511,-26040
26830,28559,3477
26831,-3255,23243
26832,-18880,-15809
26833,17881,-12820
26834,15589,19440
26835,-17731,4571
26836,-2856,1523
26837,6990,27212
26838,-18488,4874
26839,675,-23529
26840,22839,7065
26841,-16301,18252
26842,-18064,-19166
26843,24547,-12421
26844,5573,22677
26845,-20039,3125
26846,6753,-17872
26847,3070,2839
26848,-19558,-2564
26849,8712,-14677
26850,19542,18144
26851,-19864,18861
26852,-12751,-21360
26853,28710,-2839
26854,6307,29553
26855,-22692,-5324
26856,11423,-22824
26857,16715,14265
26858,-18660,16126
26859,-1114,-3096
26860,14222,14849
26861,-19509,9790
26862,-3979,-23688
26863,30855,-632
26864,-8334,27326
26865,-26813,-11392
26866,17885,-19141
26867,11987,23541
26868,-20968,7094
26869,-2507,-21803
26870,282,5312
26871,-20052,1398
26872,5171,-23545
26873,18804,9018
26874,-14254,25592
26875,-16877,-13150
26876,9523,-29235
26877,19125,-13124
26878,24521,2604
26879,21189,17691
26880,1108,26028
26881,-12091,18680
26882,-8566,-6068
26883,9494,-26165
26884,24552,-12983
26885,21815,11265
26886,15410,20342
26887,59,22332
26888,-21800,15536
26889,-22115,1051
26890,-15643,-12476
26891,-5804,-27141
26892,18799,-23761
26893,13364,5973
26894,-11363,18456
26895,25,1165
26896,11390,-5922
26897,481,1043
26898,1147,2968
26899,2137,5462
26900,-1208,6396
26901,4210,1679
26902,1821,312
26903,-1951,-76
26904,4846,1052
26905,4916,4439
26906,1581,1298
26907,5296,-53
26908,4983,2211
26909,-1407,285
26910,-4384,4161
26911,-1047,5471
26912,2785,-2635
26913,660,2833
26914,-1353,10579
26915,2639,-179
26916,2488,-4897
26917,-2946,3420
26918,-1750,1353
26919,279,-6222
26920,-2123,-1479
26921,1540,4569
26922,4996,-1016
26923,1231,-191
26924,1395,11401
26925,2991,7568
26926,-9,-4533
26927,-737,1075
26928,2627,8789
26929,5907,2040
26930,1820,-1927
26931,-3356,1656
26932,2255,442
26933,1852,1751
26934,-4964,7659
26935,1300,1766
26936,1295,-3692
26937,-6028,4313
26938,4303,2196
26939,9599,-6503
26940,305,-901
26941,1881,2047
26942,3884,-1478
26943,-1266,1838
26944,1623,1469
26945,2817,-932
26946,-1810,2853
26947,1320,1075
26948,3449,-2854
26949,-1538,890
26950,1026,3808
26951,5727,3144
26952,-707,2652
26953,-3686,2047
26954,3160,914
26955,3731,-2202
26956,445,-648
26957,2398,6586
26958,1153,4547
26959,-3587,-147
26960,-2601,3719
26961,-327,87
26962,-3635,-5069
26963,-5047,4674
26964,55,8687
26965,482,634
26966,-2726,-1337
26967,4526,656
26968,9952,3775
26969,1209,7843
26970,-1277,3277
26971,5177,-3195
26972,4314,395
26973,4846,6799
26974,6881,5662
26975,-2221,1206
26976,-5781,4544
26977,2704,7324
26978,1599,-2468
26979,-3943,-5863
26980,-1310,5030
26981,-2483,7780
26982,-2642,476
26983,4821,-5022
26984,-1751,-4671
26985,-15561,4223
26986,-9196,6444
26987,2034,-3969
26988,1136,-3412
26989,339,4292
26990,1996,373
26991,4753,-2143
26992,5723,32
26993,-4679,-3153
26994,-9049,-2841
26995,-97,-894
26996,-5198,-1101
26997,-8838,8506
26998,10562,13805
26999,11455,3171
27000,-8024,345
27001,-4401,3068
27002,2714,-3009
27003,-2682,-214
27004,3488,6588
27005,3127,241
27006,-6770,-2395
27007,4293,-18
27008,10364,-4846
27009,-1274,-5989
27010,3530,-4947
27011,8312,-6316
27012,-686,1642
27013,4399,9093
27014,7607,6004
27015,-3190,5932
27016,211,4341
27017,4373,-5975
27018,-3804,-5306
27019,2834,4387
27020,8839,-985
27021,-6737,-5473
27022,-8950,8002
27023,2148,9281
27024,-3983,-1096
27025,-4597,5655
27026,6496,8403
27027,940,-97
27028,-3262,2796
27029,2086,483
27030,-3189,-3591
27031,-1235,7883
27032,3509,6390
27033,-7585,275
27034,-2589,9284
27035,10660,2666
27036,2133,-5567
27037,974,4534
27038,5300,518
27039,-5788,-3655
27040,-5244,8945
27041,3671,7549
27042,1069,2045
27043,976,5741
27044,2730,733
27045,1652,-1368
27046,3846,5031
27047,4981,6106
27048,4862,5001
27049,2357,455
27050,-150,-1815
27051,5338,4770
27052,5826,1753
27053,-272,-3872
27054,2015,2517
27055,4073,2485
27056,1356,-163
27057,1277,4093
27058,893,2155
27059,-24,2721
27060,-3021,6242
27061,-5993,1205
27062,-301,3675
27063,4686,5809
27064,2609,-4399
27065,2258,-543
27066,2331,7475
27067,1228,-200
27068,2817,1432
27069,5345,7782
27070,4987,-252
27071,1836,-3064
27072,5165,3071
27073,11601,4166
27074,5394,2698
27075,-1013,753
27076,2765,-933
27077,1305,-1950
27078,-1228,-2808
27079,1096,5
27080,-1262,1165
27081,-514,-777
27082,3038,1363
27083,-1108,1800
27084,-1375,741
27085,3121,3664
27086,2225,434
27087,2153,-3061
27088,1567,3979
27089,-1562,5049
27090,280,-684
27091,220,1265
27092,-2104,2699
27093,1648,496
27094,516,-103
27095,-4641,-1710
27096,40,1547
27097,3290,4745
27098,-1521,353
27099,-3140,4728
27100,-3096,10360
27101,-2361,1090
27102,1603,-2327
27103,2307,416
27104,2325,-4140
27105,2868,-3103
27106,-1174,-1114
27107,-491,62
27108,3280,10370
27109,297,5858
27110,2788,-8136
27111,6685,109
27112,-2541,7311
27113,-5562,3603
27114,2878,10524
27115,3067,9519
27116,16,-2412
27117,362,-556
27118,2022,2937
27119,8020,-1125
27120,4893,-275
27121,-6255,2211
27122,-3319,1412
27123,2043,-754
27124,-1494,-105
27125,1430,4307
27126,6488,1477
27127,4800,-909
27128,282,9276
27129,-4557,9617
27130,-1048,-1465
27131,6277,913
27132,5791,4813
27133,5269,-3501
27134,3360,-8595
27135,-3034,-2890
27136,-2176,6340
27137,2355,6090
27138,4518,-478
27139,4874,2598
27140,1078,3163
27141,200,-3541
27142,-1165,-524
27143,-3614,622
27144,4656,-595
27145,2961,7018
27146,-7224,1081
27147,3756,-4828
27148,5268,10370
27149,-8659,6027
27150,1322,-8274
27151,5246,5605
27152,-6993,5241
27153,1026,-11628
27154,1198,1310
27155,-8642,7624
27156,4919,-6971
27157,4746,3584
27158,-8415,11551
27159,4727,-3855
27160,4632,-1568
27161,-9760,1653
27162,4498,-6112
27163,5960,6867
27164,-11667,10430
27165,612,-3858
27166,7101,4439
27167,-8644,7087
27168,-954,-5201
27169,9567,4065
27170,2450,8273
27171,1942,-2385
27172,-698,1722
27173,-4513,4652
27174,2333,-216
27175,984,-72
27176,-3345,-1683
27177,501,-105
27178,512,2472
27179,1363,-1806
27180,2239,-367
27181,-1944,1332
27182,1062,-3765
27183,4216,-1333
27184,583,3947
27185,990,2298
27186,1262,1416
27187,-800,3248
27188,-1355,3271
27189,-2298,728
27190,2130,-2155
27191,5637,-1838
27192,500,1651
27193,1218,2517
27194,4065,-1012
27195,-1014,-215
27196,2501,4478
27197,8103,4653
27198,-2475,5020
27199,-5129,3908
27200,6302,-2730
27201,532,-646
27202,-9132,6380
27203,343,2021
27204,4177,-2765
27205,-53,86
27206,5818,-1089
27207,5940,-5870
27208,-1457,-4029
27209,-317,1267
27210,1408,1534
27211,-666,571
27212,-2051,2838
27213,-1747,4986
27214,1930,4605
27215,-28,314
27216,-4624,-207
27217,483,4437
27218,1410,-2071
27219,-2119,-6344
27220,5425,6989
27221,7605,7066
27222,-743,-4498
27223,-583,2051
27224,2290,5694
27225,537,-2560
27226,1596,2412
27227,3537,10722
27228,3868,7817
27229,2326,4468
27230,-493,3673
27231,1520,3333
27232,4343,2229
27233,2885,-2483
27234,1601,-3505
27235,-1778,1785
27236,-1951,1172
27237,7016,-3471
27238,5823,-495
27239,-3095,1552
27240,3824,-1087
27241,10786,1583
27242,5756,491
27243,4749,-5884
27244,2255,-2064
27245,-1753,2966
27246,1603,1484
27247,-1542,3282
27248,-4858,5024
27249,-211,3963
27250,-4539,2840
27251,-5491,1258
27252,2993,300
27253,8,-3306
27254,-4076,-1620
27255,-4232,5856
27256,-6230,138
27257,2165,-3602
27258,4530,2911
27259,-3397,-2315
27260,3666,0
27261,7752,11162
27262,634,4024
27263,1848,2483
27264,548,5225
27265,-660,-3668
27266,3776,4951
27267,-161,10586
27268,763,-2233
27269,4614,2934
27270,-2056,3557
27271,-2147,-7361
27272,-3407,2354
27273,-9015,3389
27274,810,-4439
27275,4291,5549
27276,-4568,4252
27277,-2936,-3618
27278,-1550,2521
27279,-2011,1821
27280,2609,-1056
27281,2263,2508
27282,1106,1671
27283,-413,388
27284,-2954,146
27285,-825,1585
27286,-3562,2809
27287,-3827,86
27288,1408,4112
27289,-4048,4074
27290,-1945,-2175
27291,5031,8251
27292,-5812,7537
27293,-3429,-11537
27294,7032,-5117
27295,-4768,1258
27296,-2505,-9419
27297,7427,1287
27298,-6192,3005
27299,-1999,-14399
27300,9894,-1677
27301,-5747,4962
27302,-2906,-13478
27303,11162,-2211
27304,-5153,6865
27305,-7869,-12117
27306,9013,-1793
27307,1926,13560
27308,-6098,-5088
27309,1960,-6087
27310,4018,10257
27311,3014,2382
27312,2122,-6981
27313,-1208,-2501
27314,170,211
27315,631,2118
27316,-1487,2687
27317,360,2
27318,699,-78
27319,595,2366
27320,4211,4583
27321,3178,4210
27322,-762,2118
27323,1171,791
27324,2165,-1080
27325,-1578,-1149
27326,-365,-781
27327,3254,-3009
27328,973,-492
27329,250,2594
27330,3654,-1797
27331,3035,-2254
27332,778,1932
27333,-124,657
27334,-2312,468
27335,-2165,3156
27336,554,2516
27337,-902,2334
27338,-5191,1284
27339,-3936,-2187
27340,1552,988
27341,911,5679
27342,-3331,2245
27343,-823,451
27344,2883,2955
27345,1160,2068
27346,-87,1444
27347,392,367
27348,472,-2767
27349,1241,260
27350,159,3740
27351,-1088,1468
27352,2296,2181
27353,3706,3044
27354,-1252,764
27355,-4142,3009
27356,-2099,4579
27357,-265,963
27358,190,-190
27359,630,-25
27360,1541,-2480
27361,1514,-1745
27362,-12,4408
27363,-556,6241
27364,-1264,-434
27365,-1603,-3105
27366,2440,1737
27367,3855,2976
27368,-2250,2324
27369,-4387,4785
27370,1907,4575
27371,5900,2092
27372,2597,1263
27373,-478,583
27374,703,845
27375,-786,2511
27376,-2566,2821
27377,3217,2220
27378,5630,2296
27379,315,515
27380,766,-2150
27381,3048,-196
27382,-798,2059
27383,-1422,-549
27384,1089,-1298
27385,497,1109
27386,910,2036
27387,1568,2033
27388,-655,1184
27389,-1741,1264
27390,-82,1547
27391,2462,-339
27392,2205,2284
27393,-2420,5669
27394,-3760,2657
27395,768,3676
27396,3787,5262
27397,3447,-632
27398,431,-176
27399,-2331,4028
27400,246,1371
27401,-306,2347
27402,-5911,4768
27403,-3034,86
27404,1646,-1328
27405,-1081,2545
27406,15,2669
27407,2725,468
27408,-354,1451
27409,-497,1521
27410,3913,-4242
27411,5848,-4084
27412,2652,5902
27413,-299,6600
27414,2755,-110
27415,1808,2614
27416,-1822,6416
27417,5678,3496
27418,7557,415
27419,-1648,-423
27420,190,1778
27421,40,1541
27422,-10068,-3494
27423,-5646,-1855
27424,3579,2717
27425,2362,54
27426,2708,-333
27427,960,2984
27428,-2992,1700
27429,906,969
27430,2804,1513
27431,879,-714
27432,935,432
27433,-1926,3321
27434,-2025,1517
27435,2109,1397
27436,1979,3404
27437,2268,160
27438,1929,-2306
27439,-2913,141
27440,-1943,389
27441,1563,695
27442,-278,3076
27443,-3,102
27444,-786,-3961
27445,-4899,-1866
27446,-1433,1752
27447,2115,3551
27448,-602,990
27449,2630,-3978
27450,5806,-1224
27451,1013,3106
27452,-108,-3124
27453,1192,-8535
27454,73,-2671
27455,1683,3402
27456,-477,3209
27457,-6555,4104
27458,-3865,4046
27459,2608,-2929
27460,2204,-3957
27461,299,4008
27462,3279,2552
27463,6227,-2488
27464,3244,1851
27465,-689,2269
27466,43,-860
27467,1155,1579
27468,-666,-938
27469,-3381,-4455
27470,-3681,263
27471,-171,1191
27472,1785,-1127
27473,-729,1189
27474,-2052,749
27475,-506,-483
27476,1002,2713
27477,1705,3347
27478,761,1094
27479,-151,673
27480,673,2521
27481,-66,4082
27482,-700,1004
27483,1757,-1742
27484,1380,157
27485,-708,634
27486,89,1317
27487,-1498,1631
27488,-831,-3054
27489,4576,-2619
27490,2508,3192
27491,-958,5161
27492,674,6204
27493,-1216,3419
27494,-409,-245
27495,1643,2877
27496,-2363,1891
27497,-487,97
27498,2892,2456
27499,272,-2984
27500,-361,-3151
27501,-2992,3024
27502,-1365,-2359
27503,6232,-959
27504,872,5504
27505,-4096,-2632
27506,2855,-1793
27507,3355,7554
27508,838,1556
27509,1364,-4129
27510,978,-1317
27511,2902,488
27512,1131,2241
27513,-120,196
27514,5181,-1998
27515,3211,1391
27516,-688,776
27517,2105,-651
27518,289,5501
27519,-1792,6346
27520,3304,-1852
27521,6203,-1786
27522,1649,3941
27523,-2767,333
27524,563,-1938
27525,3558,2127
27526,1391,-132
27527,1763,-1124
27528,1469,2201
27529,577,-309
27530,2153,-775
27531,325,1087
27532,2685,823
27533,6285,4415
27534,-19,1647
27535,310,-3714
27536,3598,3054
27537,-3212,3677
27538,-152,-1580
27539,4399,4722
27540,-3245,4303
27541,1302,-2501
27542,6462,4109
27543,-3862,6088
27544,-448,-1899
27545,7357,1929
27546,-3306,5134
27547,-3557,-4162
27548,6727,-1231
27549,392,9396
27550,-1959,3072
27551,5649,-293
27552,-2731,5911
27553,-8118,-2461
27554,2574,-6015
27555,1018,4665
27556,-4238,860
27557,2666,-2907
27558,2333,4848
27559,-1449,1208
27560,-104,-2816
27561,-2760,663
27562,-57,-348
27563,3934,1307
27564,-1996,633
27565,-2350,-3251
27566,-519,353
27567,-2907,-1903
27568,1780,-2607
27569,1426,6448
27570,-2344,1390
27571,3758,-2697
27572,1791,5723
27573,-2008,751
27574,3891,-1979
27575,-292,4271
27576,-2660,-1441
27577,3651,-853
27578,-532,2958
27579,614,-3730
27580,3970,2155
27581,-4512,4316
27582,2281,-5773
27583,9690,4000
27584,-1507,7971
27585,1101,-6315
27586,3916,-2878
27587,-5814,761
27588,2039,-4044
27589,6690,3328
27590,-1197,2129
27591,4832,-3385
27592,5257,4277
27593,-939,2534
27594,3646,-1914
27595,542,2937
27596,-1459,94
27597,5191,-3114
27598,1638,-1193
27599,453,-1721
27600,1669,-531
27601,-3659,-1217
27602,1106,-981
27603,3297,2901
27604,-2271,1958
27605,2765,3937
27606,1561,4357
27607,-5461,-2428
27608,-522,1049
27609,1953,3723
27610,484,-229
27611,-1549,4421
27612,-5491,1323
27613,1560,-2295
27614,4534,6111
27615,-2438,-2172
27616,1765,-6758
27617,248,8679
27618,-7454,2576
27619,534,-5984
27620,2142,4441
27621,-2175,-753
27622,4952,-4205
27623,2299,6366
27624,-3504,142
27625,2484,-4041
27626,1323,3589
27627,-1376,254
27628,2161,131
27629,-867,4407
27630,-2339,-768
27631,579,-219
27632,-801,3352
27633,277,1009
27634,1779,2419
27635,-540,1184
27636,721,-1255
27637,1578,4266
27638,-14,3499
27639,1909,-435
27640,550,4670
27641,-4404,4691
27642,-2284,304
27643,1740,1482
27644,1560,-543
27645,3730,-2461
27646,5929,1121
27647,2272,1501
27648,-928,1089
27649,1,1757
27650,275,-207
27651,-1537,360
27652,-3086,301
27653,-2928,-2866
27654,-1304,171
27655,673,4298
27656,1801,2256
27657,649,1995
27658,-1643,4289
27659,-1822,4348
27660,-741,2947
27661,-2041,1201
27662,-3448,1340
27663,233,1863
27664,3968,522
27665,1602,2032
27666,541,4262
27667,2979,1803
27668,1408,163
27669,-313,1029
27670,877,370
27671,-528,472
27672,-1341,367
27673,239,-2110
27674,379,-710
27675,1646,3813
27676,2451,2893
27677,221,116
27678,784,1875
27679,2966,2576
27680,2156,617
27681,1793,1570
27682,1975,2293
27683,-20,-391
27684,-1429,-784
27685,-476,774
27686,774,260
27687,971,1231
27688,286,2923
27689,-1135,1021
27690,-1162,713
27691,1085,3063
27692,80,1052
27693,-2663,-1209
27694,1239,1850
27695,4257,3237
27696,-539,824
27697,-1674,-90
27698,1052,-228
27699,-781,-47
27700,-1064,2470
27701,1437,4443
27702,770,3622
27703,154,1930
27704,300,889
27705,-220,701
27706,1078,330
27707,714,-664
27708,-1948,-521
27709,-770,430
27710,2016,-40
27711,1748,-25
27712,434,3021
27713,-563,4241
27714,-1340,926
27715,-1180,391
27716,237,3132
27717,1889,2342
27718,2094,1360
27719,1706,2328
27720,621,687
27721,-2064,-376
27722,-1580,791
27723,1923,1389
27724,2200,2277
27725,1800,-313
27726,2213,-4565
27727,359,-1335
27728,263,2152
27729,1282,-27
27730,-110,808
27731,1176,1321
27732,2394,-2399
27733,-1100,-1333
27734,-1125,1924
27735,2336,958
27736,1941,310
27737,766,110
27738,813,-358
27739,315,1434
27740,978,1013
27741,1390,-595
27742,783,2484
27743,1186,3708
27744,-84,900
27745,-1539,1565
27746,864,1954
27747,347,-1046
27748,-3841,-1041
27749,-1860,234
27750,2040,-55
27751,303,1560
27752,-1285,1847
27753,-281,-1524
27754,1590,-1910
27755,4145,2089
27756,2612,3907
27757,-1776,1158
27758,-1669,-1669
27759,838,-2196
27760,792,-1787
27761,-466,842
27762,-173,3724
27763,433,1261
27764,-652,-2334
27765,67,-1327
27766,1217,288
27767,-2374,718
27768,-2710,988
27769,2854,263
27770,2528,1654
27771,-949,3679
27772,482,991
27773,731,-753
27774,-1326,667
27775,-588,-1334
27776,742,-2125
27777,641,904
27778,698,303
27779,1118,-201
27780,1018,1756
27781,-144,68
27782,-1170,42
27783,-552,2783
27784,698,1463
27785,980,1632
27786,836,2891
27787,1343,-667
27788,1491,-958
27789,228,1054
27790,199,-1185
27791,2011,871
27792,578,4708
27793,-2358,1224
27794,-1415,-818
27795,-1000,525
27796,-1609,-350
27797,-652,1583
27798,-3407,2850
27799,-3602,-1024
27800,2805,-343
27801,1488,3091
27802,-2663,856
27803,1839,-1092
27804,3705,1603
27805,1468,4738
27806,1493,3769
27807,65,-664
27808,-805,-1111
27809,239,1868
27810,2331,3109
27811,3885,4127
27812,-614,1280
27813,-1746,-2549
27814,2819,2218
27815,-452,5054
27816,-1164,596
27817,4062,576
27818,-504,1829
27819,-2551,56
27820,4251,-577
27821,4562,-1883
27822,1763,-627
27823,-114,2037
27824,-1056,-906
27825,3344,-1161
27826,3259,2531
27827,-1219,1171
27828,809,549
27829,942,1963
27830,-1725,-9
27831,1644,475
27832,2685,2792
27833,-616,1030
27834,643,194
27835,2087,1928
27836,-69,1396
27837,736,-529
27838,2636,-871
27839,521,320
27840,277,810
27841,1888,-302
27842,-1372,177
27843,-2654,1660
27844,328,30
27845,-1323,-685
27846,-927,1590
27847,5334,-106
27848,4824,-3419
27849,658,-1670
27850,1180,818
27851,-766,1310
27852,-3651,1515
27853,-456,693
27854,1978,369
27855,393,762
27856,710,776
27857,1402,1585
27858,-1041,930
27859,-2189,-306
27860,-342,1555
27861,-519,1910
27862,-2383,-433
27863,-1327,-423
27864,1062,353
27865,1340,631
27866,635,1766
27867,1084,1485
27868,1634,193
27869,657,40
27870,828,656
27871,2433,1569
27872,1077,1340
27873,-285,409
27874,1504,884
27875,1255,1145
27876,40,475
27877,956,864
27878,103,2040
27879,-1044,2304
27880,-582,843
27881,-1650,-158
27882,-1281,330
27883,2211,-785
27884,3555,-1457
27885,1416,810
27886,-646,1131
27887,755,330
27888,3258,1934
27889,2268,1970
27890,1602,422
27891,3066,477
27892,2307,596
27893,1800,323
27894,2331,189
27895,887,269
27896,1440,411
27897,1798,-655
27898,-2871,-425
27899,-3702,1669
27900,1080,1629
27901,1542,1368
27902,-192,1404
27903,967,-1158
27904,1759,-987
27905,2038,2547
27906,1485,2109
27907,-1389,364
27908,-1505,1766
27909,1193,1874
27910,515,-457
27911,-883,-460
27912,331,1758
27913,748,1357
27914,876,-268
27915,1818,1285
27916,666,2897
27917,-1245,2484
27918,-824,2413
27919,488,1007
27920,463,-319
27921,-610,1666
27922,-153,2545
27923,1760,1632
27924,1354,2479
27925,-360,2232
27926,661,272
27927,2802,535
27928,2767,2449
27929,1010,2905
27930,-163,1159
27931,261,-166
27932,1019,833
27933,1499,2189
27934,1397,2455
27935,-86,1183
27936,-991,92
27937,-358,2528
27938,465,4321
27939,2224,1764
27940,2716,319
27941,-571,452
27942,-2421,-647
27943,-275,274
27944,1277,2433
27945,675,2035
27946,80,518
27947,464,-130
27948,-15,189
27949,-1465,880
27950,59,1344
27951,2803,1232
27952,1874,217
27953,191,-104
27954,393,239
27955,757,-214
27956,990,333
27957,177,913
27958,-897,229
27959,204,1241
27960,1367,1781
27961,766,756
27962,-16,1857
27963,-122,1755
27964,706,-250
27965,1316,617
27966,647,1201
27967,515,70
27968,1153,772
27969,718,1475
27970,-341,1033
27971,-78,555
27972,2455,-411
27973,4630,-656
27974,2926,109
27975,308,590
27976,-65,808
27977,-769,690
27978,-112,213
27979,2798,-234
27980,1410,383
27981,-962,1812
27982,1687,1378
27983,2029,316
27984,-45,1129
27985,1237,1589
27986,921,972
27987,-770,370
27988,-197,907
27989,283,3397
27990,2261,3177
27991,2945,-81
27992,-757,89
27993,-1077,1292
27994,1305,301
27995,1028,1191
27996,978,2610
27997,561,1150
27998,90,-711
27999,1752,282
28000,3013,3344
28001,4380,4272
28002,4062,3130
28003,1010,2456
28004,975,1200
28005,516,1059
28006,-2044,1756
28007,305,-501
28008,1480,-1276
28009,-1797,973
28010,-298,770
28011,2396,908
28012,315,2953
28013,-817,1838
28014,27,18
28015,-31,1193
28016,76,1800
28017,213,1018
28018,311,1663
28019,917,1737
28020,-6,135
28021,-941,585
28022,922,1187
28023,1410,-64
28024,-35,1140
28025,870,2049
28026,1195,244
28027,149,974
28028,790,1725
28029,397,390
28030,-640,861
28031,-21,1330
28032,582,1694
28033,1210,1815
28034,679,-71
28035,23,710
28036,1436,1162
28037,527,-898
28038,-279,1827
28039,2004,2161
28040,712,-1836
28041,-401,1132
28042,2248,2782
28043,1620,376
28044,1058,2560
28045,2396,820
28046,39,-1119
28047,-530,3260
28048,2239,541
28049,826,-920
28050,-915,4602
28051,2286,286
28052,1594,-1343
28053,-3573,3505
28054,419,1152
28055,-464,13319
28056,-19306,17629
28057,-12422,-16565
28058,19848,-11696
28059,10209,28806
28060,-8106,-804
28061,21464,-30372
28062,22634,15591
28063,-17994,18707
28064,-4350,-22020
28065,26103,-1322
28066,3270,14779
28067,-1863,-12756
28068,22304,1217
28069,-1423,22891
28070,-26953,-8665
28071,5256,-16418
28072,17492,21735
28073,-12404,15917
28074,-2381,-19977
28075,23877,-4859
28076,999,14354
28077,-14544,-7780
28078,2793,880
28079,-6951,24116
28080,-9436,-5302
28081,28661,-10928
28082,17429,25132
28083,-28359,4066
28084,-1835,-23534
28085,25352,12986
28086,-18015,23707
28087,-18285,-4291
28088,26420,4040
28089,6931,5248
28090,-12079,-25709
28091,17764,-9762
28092,-576,27770
28093,-31060,1629
28094,9057,-24639
28095,27093,11259
28096,-10259,18009
28097,-2699,-22557
28098,28124,-12046
28099,2402,16863
28100,-25296,-1837
28101,-3989,2583
28102,1811,26156
28103,-17436,-8954
28104,2046,-26919
28105,14275,16247
28106,-22822,9424
28107,-13723,-28874
28108,29357,2896
28109,2576,32078
28110,-19786,-3375
28111,14201,-16472
28112,4504,1782
28113,-17462,-11635
28114,16987,-12468
28115,15123,22666
28116,-24782,13059
28117,291,-21807
28118,29389,1450
28119,-8671,17445
28120,-18429,-22301
28121,20023,-16562
28122,7792,26756
28123,-21715,12010
28124,3007,-1432
28125,8335,22132
28126,-19747,-2008
28127,2833,-30255
28128,20747,10047
28129,-20908,23124
28130,-19015,-21138
28131,23873,-14048
28132,3394,24209
28133,-21330,825
28134,7731,-22699
28135,1745,4475
28136,-23749,-544
28137,11769,-18859
28138,23594,16320
28139,-22931,13533
28140,-9379,-30940
28141,30412,-913
28142,-4090,29199
28143,-23256,-5241
28144,11580,2591
28145,2860,24188
28146,-15802,-5404
28147,5522,598
28148,-5837,21163
28149,-21465,-13630
28150,16887,-12861
28151,17951,29840
28152,-21270,8570
28153,98,-24561
28154,22094,5318
28155,-12673,20753
28156,-12867,-7559
28157,13030,-9638
28158,-7262,1369
28159,-10571,-14945
28160,23935,-8231
28161,8877,21031
28162,-25039,1002
28163,1766,-22018
28164,22730,13422
28165,-11056,21157
28166,-11960,-16938
28167,25130,-2279
28168,9187,26317
28169,-19191,-322
28170,1544,-3891
28171,101,21440
28172,-19015,-4302
28173,12976,-20322
28174,20293,18088
28175,-21341,12478
28176,-3747,-27715
28177,29106,-6005
28178,-7920,22321
28179,-22271,-5159
28180,10343,-15794
28181,-1210,922
28182,-15585,-11856
28183,16540,-10712
28184,11897,21626
28185,-25210,5513
28186,-3630,-26699
28187,25089,6842
28188,-9804,28255
28189,-22020,-13886
28190,19058,-19905
28191,12148,14658
28192,-22271,8064
28193,-3103,-39
28194,2661,19089
28195,-23533,701
28196,5810,-21522
28197,29565,11900
28198,-15963,20801
28199,-18488,-19907
28200,23554,-10219
28201,2611,27984
28202,-21254,3968
28203,6320,-21846
28204,1768,324
28205,-18489,-5630
28206,11161,-22156
28207,17563,14119
28208,-23685,20052
28209,-10347,-23962
28210,32248,-6882
28211,1381,27987
28212,-28392,-6796
28213,13855,-20146
28214,19475,17731
28215,-18582,15112
28216,3909,2589
28217,20158,25016
28218,-19175,9681
28219,-4439,-25076
28220,28964,5422
28221,-11200,29398
28222,-20949,-14956
28223,26241,-20121
28224,12495,25909
28225,-19986,9286
28226,2390,-23876
28227,1189,2680
28228,-25285,3902
28229,3569,-21225
28230,27346,10662
28231,-13221,24121
28232,-19735,-21727
28233,25856,-13397
28234,10238,28338
28235,-28935,68
28236,4229,-26197
28237,21731,12265
28238,-13000,22584
28239,1483,-4305
28240,19387,10266
28241,-20458,16978
28242,-12297,-20923
28243,30288,-9159
28244,-1643,29058
28245,-27970,-4776
28246,15269,-25732
28247,23348,19435
28248,-11770,13743
28249,-8177,-23096
28250,-870,1934
28251,-20555,7847
28252,-3433,-25407
28253,25445,2455
28254,-7355,29660
28255,-26325,-16340
28256,20128,-23657
28257,18205,25379
28258,-30479,13513
28259,-5290,-24592
28260,30991,-714
28261,-118,19980
28262,-1638,-124
28263,23230,8044
28264,-11421,17837
28265,-23258,-17806
28266,24160,-11841
28267,13597,33853
28268,-27055,5197
28269,3313,-31437
28270,26965,11564
28271,-10476,22600
28272,-17502,-15127
28273,2098,3237
28274,-16154,16843
28275,-10201,-22219
28276,29954,-8459
28277,4447,32145
28278,-33344,-2032
28279,9828,-27408
28280,27581,17087
28281,-22472,20043
28282,-14985,-23694
28283,26402,-5966
28284,7205,23650
28285,-2977,-5216
28286,18753,-2846
28287,-7053,29756
28288,-24570,-6491
28289,22312,-29519
28290,25538,22959
28291,-24886,18606
28292,-8389,-30178
28293,30454,-453
28294,-5014,25913
28295,-27419,-6725
28296,4990,4435
28297,-5128,24386
28298,-23265,-16737
28299,18345,-17233
28300,19049,30880
28301,-27191,7685
28302,-1672,-31207
28303,29481,11781
28304,-13959,32492
28305,-19883,-20134
28306,22377,-19898
28307,8703,22741
28308,-6287,542
28309,23971,-11902
28310,6113,27238
28311,-31774,5436
28312,6199,-29334
28313,30781,15706
28314,-20143,22002
28315,-23643,-28572
28316,25824,-3238
28317,8418,33720
28318,-24378,-497
28319,1390,-344
28320,275,29349
28321,-23419,-8352
28322,12083,-29834
28323,24998,22101
28324,-23013,25202
28325,-9000,-24278
28326,37621,-5530
28327,1735,29996
28328,-29367,-7010
28329,11897,-21962
28330,20737,16872
28331,-2680,4605
28332,18401,-15418
28333,18039,22855
28334,-25382,11477
28335,-7259,-36789
28336,30464,3200
28337,-10082,38404
28338,-28751,-14153
28339,22774,-23402
28340,16696,21975
28341,-22240,13789
28342,6181,188
28343,12678,22753
28344,-25460,3801
28345,3109,-24739
28346,32423,13437
28347,-16894,29131
28348,-23698,-22108
28349,27234,-17601
28350,10888,29140
28351,-28298,-1536
28352,197,-30694
28353,20826,9821
28354,-564,3918
28355,11887,-28485
28356,22050,11067
28357,-20568,21635
28358,-14394,-29200
28359,37507,-10373
28360,6160,33073
28361,-32717,-1530
28362,17041,-21934
28363,27322,13309
28364,-18146,12918
28365,245,689
28366,15154,27613
28367,-25919,15112
28368,-9656,-31029
28369,34138,-3572
28370,-1807,33409
28371,-28181,-12867
28372,18120,-28024
28373,19128,26839
28374,-28277,18224
28375,-5548,-24745
28376,30906,-3144
28377,-1311,2633
28378,-2913,-26896
28379,29326,2432
28380,-9693,27186
28381,-29328,-16508
28382,28620,-15703
28383,18904,31618
28384,-31597,5060
28385,3794,-34135
28386,25456,6045
28387,-14829,28830
28388,-2157,673
28389,21352,14109
28390,-16282,26511
28391,-14913,-17583
28392,29796,-14969
28393,3508,30012
28394,-37170,1667
28395,5485,-28996
28396,32878,16062
28397,-14180,24170
28398,-17264,-18748
28399,22795,-10835
28400,1756,1377
28401,-11697,-23573
28402,24767,-1505
28403,216,33332
28404,-33038,-6920
28405,20184,-30666
28406,29278,18176
28407,-29025,20896
28408,-9157,-25011
28409,28295,-6818
28410,-4955,25520
28411,-1233,3525
28412,31530,6097
28413,-10257,23556
28414,-34739,-16725
28415,18910,-24861
28416,19294,29567
28417,-30054,16578
28418,-2275,-29734
28419,34188,5181
28420,-8661,31008
28421,-21386,-14579
28422,16945,-24443
28423,-496,828
28424,-14814,-15553
28425,30364,-13442
28426,16180,26699
28427,-34021,5242
28428,3932,-33531
28429,31950,7932
28430,-20609,28217
28431,-20723,-20393
28432,26100,-10665
28433,11646,27261
28434,-729,-2596
28435,25044,-4770
28436,1212,33955
28437,-30321,409
28438,8695,-29921
28439,24602,19653
28440,-19542,25865
28441,-8689,-23098
28442,32135,-7120
28443,-3142,28536
28444,-30882,-1766
28445,6916,-22891
28446,915,1510
28447,-24819,-5429
28448,15577,-18365
28449,21115,16849
28450,-29730,14554
28451,-9073,-28796
28452,31160,841
28453,-6258,36864
28454,-24320,-10021
28455,15102,-21842
28456,16632,20002
28457,159,2594
28458,19431,-13219
28459,7752,24414
28460,-28502,8915
28461,3044,-30170
28462,35185,7235
28463,-13484,27599
28464,-28835,-22629
28465,22622,-19870
28466,15221,30342
28467,-22254,11142
28468,-2194,-22366
28469,1975,1261
28470,-22039,-1283
28471,6324,-24856
28472,22901,11812
28473,-21010,26135
28474,-15846,-22809
28475,31135,-11972
28476,6592,32097
28477,-27836,795
28478,7942,-22702
28479,23406,9504
28480,-1467,1870
28481,14847,-14991
28482,22189,21678
28483,-19494,19435
28484,-9841,-27951
28485,30897,-6168
28486,-2579,31526
28487,-30985,-8308
28488,12379,-25292
28489,19452,22810
28490,-15981,17035
28491,-5354,-20759
28492,1858,3095
28493,-24692,9808
28494,-4927,-26106
28495,25562,421
28496,-7315,32113
28497,-20362,-12055
28498,21628,-18804
28499,14864,25530
28500,-25545,5981
28501,-5479,-21364
28502,21229,6554
28503,2728,1516
28504,7516,-23230
28505,21442,8197
28506,-11970,20482
28507,-16701,-22214
28508,24016,-15270
28509,6181,28474
28510,-28713,6355
28511,8333,-23158
28512,28774,11650
28513,-9952,19205
28514,-13621,-15130
28515,2062,1833
28516,-19683,16615
28517,-12104,-20032
28518,26863,-7135
28519,6282,29517
28520,-24691,-7712
28521,10344,-26765
28522,20680,18191
28523,-23013,15325
28524,-11808,-17280
28525,24104,-2397
28526,2221,901
28527,-2377,-20905
28528,22135,1741
28529,-7465,24769
28530,-25433,-8340
28531,18880,-16984
28532,18758,23262
28533,-22502,13333
28534,-3342,-25198
28535,27820,634
28536,352,22222
28537,-18575,-8852
28538,-592,374
28539,-7369,22776
28540,-13445,-15583
28541,19206,-19999
28542,11826,23871
28543,-28465,2303
28544,-1160,-29254
28545,26253,9768
28546,-15480,23762
28547,-16370,-12108
28548,22496,-11201
28549,719,1109
28550,-14253,-16170
28551,17463,-3108
28552,2664,26375
28553,-23513,-464
28554,13141,-22690
28555,25659,15158
28556,-17393,19298
28557,-13732,-21556
28558,22569,-7297
28559,3549,22256
28560,-19652,966
28561,2845,410
28562,-364,19312
28563,-19882,-10596
28564,9500,-20785
28565,16790,20550
28566,-22889,13107
28567,-7106,-22436
28568,27046,1541
28569,-3873,21084
28570,-16347,-10420
28571,12599,-15451
28572,-1440,2392
28573,-13906,-13590
28574,19552,-12057
28575,14420,22050
28576,-20418,7637
28577,278,-23928
28578,21643,4450
28579,-14889,22711
28580,-22004,-9550
28581,19824,-6559
28582,12195,21512
28583,-18940,7105
28584,1166,13
28585,4933,18466
28586,-22225,-2288
28587,2770,-20816
28588,24354,15452
28589,-11641,21214
28590,-9111,-19617
28591,24431,-8027
28592,1356,24284
28593,-18269,-2301
28594,5019,-19197
28595,-1223,4876
28596,-15170,-4693
28597,13863,-16634
28598,18276,15032
28599,-16755,10447
28600,-7031,-24543
28601,21759,449
28602,-5060,26570
28603,-21863,-7665
28604,15855,-14806
28605,16867,16102
28606,-16436,7196
28607,-1681,-3658
28608,7424,19552
28609,-21049,9148
28610,-2414,-17791
28611,24798,6271
28612,-10406,19306
28613,-16856,-16771
28614,21667,-15035
28615,6990,19173
28616,-18344,3618
28617,2959,-17469
28618,899,2455
28619,-18169,-157
28620,7100,-16683
28621,18449,9482
28622,-15559,18631
28623,-12840,-14330
28624,20772,-5747
28625,3990,23760
28626,-19910,-232
28627,8271,-18683
28628,15489,9283
28629,-13366,14289
28630,164,574
28631,14802,15494
28632,-15094,11159
28633,-6973,-18578
28634,23010,-1552
28635,-6685,22493
28636,-22609,-8813
28637,14379,-16833
28638,12162,20142
28639,-14380,9595
28640,-1132,-18846
28641,1081,664
28642,-18048,2410
28643,1569,-19559
28644,19868,5143
28645,-9404,22346
28646,-13927,-11908
28647,20112,-14047
28648,9017,17178
28649,-18413,2892
28650,6542,-19684
28651,17739,4586
28652,-10060,19043
28653,916,3542
28654,17247,10937
28655,-14675,14714
28656,-15844,-14276
28657,18267,-7667
28658,1586,21548
28659,-19234,-3904
28660,10945,-20703
28661,16141,15193
28662,-12965,12254
28663,-7918,-16861
28664,349,2657
28665,-16779,11691
28666,-2443,-12721
28667,21676,1530
28668,-4351,21386
28669,-17313,-7566
28670,17266,-16923
28671,12433,15144
28672,-23313,9561
28673,-5311,-19281
28674,20617,-258
28675,3163,21124
28676,1649,4120
28677,14305,8686
28678,-5355,18353
28679,-9110,-14748
28680,18343,-13770
28681,8720,26643
28682,-15949,5444
28683,5082,-25441
28684,18272,7753
28685,-12273,18157
28686,-19567,-7366
28687,-2504,6607
28688,-12570,13546
28689,-8495,-16649
28690,21366,-7000
28691,3405,21171
28692,-24941,-3075
28693,6877,-17494
28694,20525,17975
28695,-13150,18253
28696,-3538,-16482
28697,21560,-3683
28698,-1283,18388
28699,-3629,-913
28700,20120,1845
28701,-4237,22935
28702,-20729,-3936
28703,16948,-19763
28704,16088,14275
28705,-21939,7755
28706,-3622,-23913
28707,23683,2642
28708,-4168,18415
28709,-15762,-12216
28710,4496,-532
28711,-8296,19870
28712,-15800,-13421
28713,14197,-12930
28714,5729,28030
28715,-22981,9745
28716,6091,-20330
28717,22514,10584
28718,-15996,22921
28719,-11813,-12018
28720,21614,-9809
28721,4427,13070
28722,-3097,-3812
28723,23053,-3618
28724,5451,23088
28725,-18769,-1253
28726,11001,-22539
28727,18680,17114
28728,-18333,17433
28729,-12670,-22735
28730,17630,-1819
28731,-1313,24330
28732,-19314,-991
28733,-439,-807
28734,-9840,16934
28735,-24039,-7704
28736,11842,-14801
28737,16252,19052
28738,-26082,9064
28739,-7671,-25340
28740,31057,-201
28741,-878,23257
28742,-23293,-10998
28743,9305,-12648
28744,15797,20629
28745,2393,2681
28746,14579,-7632
28747,3092,26993
28748,-25957,9245
28749,-1041,-26221
28750,23424,8815
28751,-12124,24909
28752,-17670,-15640
28753,24084,-14007
28754,13433,11442
28755,-19027,-746
28756,-4757,1395
28757,-3803,20217
28758,-19553,-3939
28759,11159,-21060
28760,26262,16159
28761,-15063,21106
28762,-16774,-24448
28763,18003,-13647
28764,-2929,30033
28765,-26509,9078
28766,7715,-11045
28767,17767,13976
28768,-4625,-539
28769,12582,-18732
28770,15310,18683
28771,-24500,15780
28772,-5943,-20905
28773,38646,7251
28774,5004,25748
28775,-20580,-14789
28776,19018,-12061
28777,13154,22218
28778,-22394,10046
28779,1205,3195
28780,10107,24645
28781,-19935,3624
28782,1145,-32593
28783,20665,-11125
28784,-22510,10151
28785,-22127,-16522
28786,27735,-11513
28787,9349,23269
28788,-29071,1836
28789,3182,-21237
28790,26811,5481
28791,1913,-2293
28792,5778,-19930
28793,17243,25398
28794,-12211,31679
28795,-10675,-22312
28796,23244,-3704
28797,-1387,39405
28798,-29318,-1248
28799,10926,-29510
28800,21791,7335
28801,-14847,13036
28802,476,-3979
28803,17460,13403
28804,-18454,8226
28805,-5778,-22614
28806,36602,1271
28807,-673,31364
28808,-31770,-3997
28809,15546,-18092
28810,24526,21764
28811,-18238,15228
28812,-9582,-20123
28813,12154,-8441
28814,-4806,-4296
28815,7708,-21049
28816,28389,8067
28817,-12599,25694
28818,-25048,-18442
28819,25653,-23179
28820,12071,21949
28821,-35740,13865
28822,-1291,-12520
28823,28938,11995
28824,-4798,23292
28825,-1628,5833
28826,21125,19957
28827,-11953,19974
28828,-21958,-22942
28829,21470,-14044
28830,13888,31500
28831,-20093,4257
28832,12704,-35459
28833,27827,-1364
28834,-22898,16727
28835,-11733,-16321
28836,37411,-12013
28837,3466,3395
28838,-16715,-21613
28839,28572,-11341
28840,6752,24038
28841,-36112,-4057
28842,6996,-21294
28843,20946,24711
28844,-26279,17152
28845,-8556,-30483
28846,28767,-2603
28847,521,29417
28848,-9511,271
28849,13179,4666
28850,-8816,31464
28851,-14785,-1329
28852,35945,-21472
28853,25445,10560
28854,-33346,1203
28855,-4133,-27177
28856,38196,8673
28857,-11061,34508
28858,-25279,-1968
28859,25177,-14145
28860,4030,-2052
28861,-24956,-24877
28862,23434,-17540
28863,16565,32290
28864,-34627,12442
28865,8306,-34059
28866,40570,5550
28867,-18562,31964
28868,-25713,-19594
28869,18239,-21174
28870,5464,17493
28871,-637,-1159
28872,28562,-2389
28873,2650,29180
28874,-31571,-4042
28875,10891,-30515
28876,30551,19194
28877,-24132,23861
28878,-21219,-28411
28879,32708,-9941
28880,8953,35588
28881,-16276,2119
28882,22990,-31859
28883,4669,-5745
28884,-32486,-7702
28885,14210,-25092
28886,20490,16585
28887,-33549,27261
28888,-7106,-24542
28889,33794,-10899
28890,-3977,28147
28891,-22096,-11337
28892,8006,-23351
28893,10404,22334
28894,5712,5425
28895,27837,-17175
28896,14348,23661
28897,-31966,13088
28898,-13597,-31976
28899,25341,6575
28900,-12206,36894
28901,-26112,-15736
28902,29393,-22172
28903,17591,31377
28904,-30723,14675
28905,-8380,-30100
28906,-3613,-4106
28907,-32607,7373
28908,6561,-23100
28909,38910,7261
28910,-7700,24914
28911,-18027,-36918
28912,21871,-24297
28913,3602,36656
28914,-27514,-7222
28915,6633,-34550
28916,25766,16315
28917,1094,-3338
28918,13228,-35633
28919,21738,12461
28920,-22549,13960
28921,-14042,-30501
28922,40067,4636
28923,10354,39670
28924,-31571,-13904
28925,11718,-33294
28926,27930,22443
28927,-15487,20104
28928,-15566,-21463
28929,3976,5713
28930,-1762,17899
28931,16287,-24231
28932,28135,-1312
28933,-14140,31095
28934,-24399,-21679
28935,23813,-28878
28936,17713,31688
28937,-26433,17034
28938,2965,-23079
28939,34970,-3609
28940,-3768,-7101
28941,-5885,-23926
28942,22163,19519
28943,-14909,33874
28944,-22171,-17982
28945,33946,-15088
28946,15818,25853
28947,-33862,-5529
28948,-3792,-35544
28949,16126,14403
28950,-15812,34255
28951,-9200,-3651
28952,3732,8994
28953,-31665,26471
28954,-24676,-20176
28955,26081,-18834
28956,1162,30712
28957,-37678,3382
28958,14973,-23619
28959,38757,22725
28960,-17541,18224
28961,-14662,-30525
28962,23186,-13835
28963,-3932,1723
28964,-8612,-23310
28965,32011,2191
28966,8704,33357
28967,-26288,-13579
28968,5948,-33773
28969,5130,16502
28970,-39673,9053
28971,-11075,-32155
28972,34556,6384
28973,-520,33323
28974,-23558,-8885
28975,4026,-169
28976,-11055,28540
28977,-28550,-17352
28978,16238,-23039
28979,22587,38484
28980,-17712,16651
28981,7584,-32468
28982,29137,15155
28983,-24632,38069
28984,-22574,-20324
28985,30743,-26358
28986,4320,238
28987,-15645,-19266
28988,33389,-5099
28989,16373,31235
28990,-32885,-8454
28991,12306,-34962
28992,41772,18756
28993,-16340,25930
28994,-20673,-23507
28995,31582,-13117
28996,14367,12177
28997,-21494,-10446
28998,-6484,3779
28999,-15213,38610
29000,-30394,-1991
29001,16482,-25127
29002,26387,28339
29003,-29517,16833
29004,-14703,-42415
29005,33415,-7891
29006,-1855,34885
29007,-25754,1442
29008,13929,-4466
29009,9536,10546
29010,-12280,-21855
29011,22208,-14112
29012,25181,41373
29013,-23033,19301
29014,-9909,-31707
29015,32560,3051
29016,5404,33091
29017,-13650,-14980
29018,27446,-25972
29019,15523,20652
29020,-30790,15995
29021,-139,-2767
29022,17476,24037
29023,-25878,7830
29024,-2972,-31753
29025,34795,6941
29026,-15040,27514
29027,-30204,-21985
29028,14734,-3153
29029,-4204,48458
29030,-31494,6327
29031,3348,-30552
29032,4092,349
29033,-28465,-2170
29034,-1800,-14906
29035,22493,23146
29036,-12060,28119
29037,-2965,-12950
29038,41768,-5138
29039,-126,18390
29040,-46082,-13909
29041,8150,-25285
29042,28620,19115
29043,-21306,20475
29044,-6378,-5644
29045,20980,14898
29046,-16801,4999
29047,-6195,-39066
29048,35345,-2360
29049,-6653,34260
29050,-30346,-19679
29051,23639,-24328
29052,21810,33942
29053,-21846,12095
29054,-7335,-25410
29055,-2237,8080
29056,-29853,12405
29057,-340,-13553
29058,32888,14304
29059,-7692,23040
29060,-18222,-25463
29061,30261,-20859
29062,12695,26439
29063,-33188,6157
29064,1056,-31240
29065,26396,2539
29066,-3418,29378
29067,5916,-151
29068,13063,-2237
29069,-31094,10414
29070,-16930,-19362
29071,36305,-10804
29072,4972,33824
29073,-34290,5583
29074,7190,-24532
29075,25766,11537
29076,-15586,6426
29077,-21853,-23605
29078,-6203,5606
29079,-25327,8041
29080,-16584,-31649
29081,26072,-5626
29082,7104,31286
29083,-27367,-8009
29084,8068,-26262
29085,19919,22331
29086,-24611,24709
29087,-11160,-20330
29088,26892,-6631
29089,2859,25231
29090,-4412,5140
29091,22479,4323
29092,-765,26560
29093,-17233,-3850
29094,23779,-17405
29095,22070,23815
29096,-19544,3491
29097,-4048,-42230
29098,15205,2475
29099,-17805,33215
29100,-20897,-11454
29101,4924,-7069
29102,-11506,21335
29103,-10908,-11677
29104,28341,-11230
29105,5095,30106
29106,-37368,121
29107,4101,-32350
29108,33047,11890
29109,-11849,24818
29110,-14460,-16526
29111,23933,-6723
29112,10166,27174
29113,-2921,12633
29114,20125,7584
29115,7353,28070
29116,-6207,451
29117,30574,-26289
29118,24408,13052
29119,-26865,20656
29120,-9429,-22036
29121,26858,-5086
29122,-983,26411
29123,-11283,165
29124,12389,-3147
29125,-7861,11790
29126,-19176,-19972
29127,19360,-18942
29128,12313,27907
29129,-28150,8471
29130,-3144,-35812
29131,26328,-5504
29132,-9234,25787
29133,-23682,-5416
29134,5077,-16118
29135,2355,15254
29136,-1182,13015
29137,26429,-1377
29138,10584,15274
29139,-28046,1605
29140,-602,-25642
29141,26069,8679
29142,-12142,25893
29143,-17667,-12667
29144,24210,-2470
29145,13297,25135
29146,-16109,-3263
29147,96,-2891
29148,-1769,27297
29149,-20277,-970
29150,10150,-19254
29151,26251,18154
29152,-9448,8924
29153,-6596,-31878
29154,20653,-7023
29155,-8830,18812
29156,-32090,-12081
29157,3629,-6350
29158,21083,30672
29159,7449,2235
29160,16504,-23382
29161,12259,16100
29162,-21038,13027
29163,-8969,-26006
29164,22324,7936
29165,-6675,37118
29166,-22981,-10510
29167,19576,-21390
29168,16022,19014
29169,-20501,11948
29170,1248,-4486
29171,12758,15554
29172,-13709,4924
29173,8730,-19068
29174,30749,6036
29175,-7432,10908
29176,-13600,-29673
29177,19492,-14476
29178,2697,31315
29179,-24507,7119
29180,553,-20550
29181,16809,6954
29182,-2038,4402
29183,2143,-18216
29184,6560,12533
29185,-22402,24594
29186,-9415,-13879
29187,32598,-5817
29188,3746,22892
29189,-28767,-7132
29190,6502,-22630
29191,12324,12714
29192,-15133,15982
29193,5323,1378
29194,16738,18275
29195,-8743,6708
29196,5264,-28185
29197,24340,-3969
29198,-11526,24557
29199,-25191,-9131
29200,13398,-19559
29201,15014,15489
29202,-16631,8842
29203,-3809,-15714
29204,15879,-3017
29205,-3212,-5337
29206,1074,-22565
29207,20380,4386
29208,-7414,20118
29209,-15184,-17651
29210,21030,-17696
29211,3667,21887
29212,-26975,4018
29213,5764,-22069
29214,12798,14047
29215,-17580,28272
29216,4257,1188
29217,18547,10679
29218,-22108,17310
29219,-17078,-14393
29220,27695,-5404
29221,10549,24745
29222,-20801,-2884
29223,9703,-20857
29224,24849,14078
29225,-12367,10158
29226,-8461,-23390
29227,25169,-6467
29228,6820,5266
29229,-5444,-18933
29230,18517,-280
29231,-345,25804
29232,-20252,-10144
29233,12441,-22863
29234,5393,17426
29235,-31218,10560
29236,-1979,-21102
29237,23981,3489
29238,-4881,22601
29239,-1520,1468
29240,18536,9863
29241,-9650,19496
29242,-15903,-12328
29243,21314,-3109
29244,10333,36357
29245,-22420,6464
29246,5220,-27154
29247,25365,8782
29248,-13824,23245
29249,-18931,-8326
29250,17782,-10130
29251,8100,-1097
29252,-4794,-15066
29253,20926,-4589
29254,2408,17912
29255,-29131,-6260
29256,9373,-22096
29257,24149,17111
29258,-21239,21282
29259,-15364,-19427
29260,17304,-7911
29261,1402,16061
29262,-2408,-5538
29263,15472,2071
29264,-6919,26272
29265,-18431,-4735
29266,19845,-17282
29267,17981,19785
29268,-26253,11203
29269,-10596,-20449
29270,23325,3737
29271,-5356,22570
29272,-16680,-6518
29273,14948,-13207
29274,1318,-101
29275,-15148,-16836
29276,16479,-10125
29277,7683,29679
29278,-24620,11038
29279,8326,-26896
29280,28192,6848
29281,-12509,26473
29282,-13006,-16105
29283,17061,-13590
29284,1535,20209
29285,-2936,2368
29286,25248,-4244
29287,6032,19606
29288,-25141,-3292
29289,5820,-22508
29290,20612,15235
29291,-20312,16869
29292,-15629,-23274
29293,22458,-5373
29294,229,29983
29295,-19213,3499
29296,10971,-18047
29297,2073,2350
29298,-19353,-4930
29299,15818,-16774
29300,16825,17394
29301,-25615,16973
29302,-356,-23003
29303,34305,3
29304,-5666,26135
29305,-24613,-16118
29306,12678,-19170
29307,18788,20139
29308,4319,1336
29309,15287,-12259
29310,5176,19102
29311,-21015,1390
29312,3002,-29305
29313,23306,9098
29314,-16739,27991
29315,-20802,-14786
29316,25967,-13042
29317,10180,25937
29318,-26324,6661
29319,-1284,-20308
29320,2198,2857
29321,-22343,1732
29322,10619,-16370
29323,26714,17351
29324,-19601,23282
29325,-12954,-27291
29326,28706,-13470
29327,1918,30363
29328,-22014,-905
29329,13358,-20378
29330,19471,11691
29331,-1053,62
29332,17779,-16269
29333,16034,18179
29334,-25483,12465
29335,-7491,-26364
29336,34319,345
29337,-959,29617
29338,-27835,-10747
29339,14581,-23875
29340,17816,18739
29341,-17065,11457
29342,-4705,-23027
29343,1589,309
29344,-20356,10703
29345,4091,-21314
29346,27335,37
29347,-11990,27484
29348,-21030,-14080
29349,21881,-17051
29350,9919,28662
29351,-27261,8656
29352,4479,-16563
29353,30824,11859
29354,-747,737
29355,2932,-23155
29356,24826,14949
29357,-10373,21743
29358,-16885,-25484
29359,27095,-10579
29360,8289,31943
29361,-26361,-413
29362,10187,-29242
29363,23206,12449
29364,-18131,21894
29365,-18198,-15820
29366,-576,-1191
29367,-18416,17479
29368,-7983,-17713
29369,26636,-8494
29370,2140,28134
29371,-26951,-7039
29372,10930,-21412
29373,22792,27358
29374,-19447,14894
29375,-9180,-24042
29376,23267,-136
29377,1790,2670
29378,923,-24404
29379,24510,7749
29380,-7725,31853
29381,-20019,-13409
29382,30917,-20965
29383,21257,23255
29384,-33074,6039
29385,-6862,-31773
29386,32923,2665
29387,-2109,22771
29388,-21848,-12437
29389,1597,-1998
29390,-11520,18210
29391,-18075,-20422
29392,21624,-13895
29393,9110,36473
29394,-31166,5804
29395,6796,-31688
29396,28701,13437
29397,-22068,27206
29398,-15323,-15675
29399,23810,-12466
29400,-6274,1112
29401,-10638,-22780
29402,32248,-5203
29403,3905,30509
29404,-33126,-6802
29405,12095,-30105
29406,27968,22365
29407,-20185,23105
29408,-13372,-27798
29409,26869,-3119
29410,5018,30301
29411,-19082,-4828
29412,-653,-2790
29413,-14710,27351
29414,-30152,-13453
29415,18195,-30882
29416,26422,25585
29417,-24653,20108
29418,-1590,-26959
29419,37738,1892
29420,-10043,24976
29421,-26160,-15245
29422,15512,-16949
29423,-2913,6443
29424,-20546,-16048
29425,22046,-11604
29426,12843,29931
29427,-29855,4875
29428,2391,-33686
29429,27775,9242
29430,-19053,32165
29431,-19587,-15872
29432,33383,-15012
29433,15095,25002
29434,-24745,9662
29435,4105,622
29436,7054,25421
29437,-29452,-1201
29438,5024,-26475
29439,34213,19089
29440,-18772,22551
29441,-19482,-33754
29442,31550,-14166
29443,2488,34627
29444,-28211,-1212
29445,9211,-27758
29446,4348,3512
29447,-21066,-9603
29448,18488,-26615
29449,24586,19066
29450,-27491,17377
29451,-8073,-28722
29452,38597,4590
29453,-2454,38178
29454,-32212,-10949
29455,18728,-21422
29456,25463,21258
29457,-18067,9920
29458,-2494,-3758
29459,10953,27922
29460,-24063,9461
29461,104,-32886
29462,37780,4817
29463,-12021,32969
29464,-26037,-20236
29465,31045,-26086
29466,14576,26824
29467,-28149,10554
29468,-5,-23073
29469,2728,3054
29470,-28854,-301
29471,4321,-24261
29472,31724,14945
29473,-15668,27637
29474,-22797,-24576
29475,28808,-13847
29476,12919,34544
29477,-27740,3378
29478,7803,-30447
29479,22324,8712
29480,-17073,25669
29481,3867,2082
29482,25383,15239
29483,-24839,17591
29484,-16801,-24796
29485,36609,-11864
29486,-1676,29135
29487,-36782,-7484
29488,15096,-26408
29489,23221,26813
29490,-21030,16965
29491,-9107,-27661
29492,4881,3291
29493,-25380,11473
29494,-7674,-30103
29495,31653,-891
29496,-4525,34178
29497,-26585,-13170
29498,25420,-24360
29499,20104,25331
29500,-33890,11697
29501,-4059,-27684
29502,32158,4645
29503,-5455,30454
29504,-4130,1636
29505,27848,7728
29506,-8932,23801
29507,-26799,-19883
29508,19279,-21207
29509,10212,34764
29510,-27372,6806
29511,7226,-40746
29512,31128,7712
29513,-10999,28249
29514,-20518,-14929
29515,1693,737
29516,-15749,22265
29517,-11771,-14064
29518,31526,-6832
29519,7668,28055
29520,-38010,-6133
29521,4480,-28623
29522,31312,20435
29523,-21012,25312
29524,-19666,-24112
29525,25370,-8078
29526,7030,27887
29527,-2964,-2638
29528,23904,-5288
29529,-5863,30266
29530,-28644,-5933
29531,23187,-30379
29532,26122,26453
29533,-28063,21974
29534,-7871,-30142
29535,31390,-339
29536,-5383,24868
29537,-23989,-7915
29538,6218,4616
29539,-8741,23326
29540,-24104,-18193
29541,19568,-19146
29542,17941,29311
29543,-31504,10805
29544,-7434,-29372
29545,29938,7835
29546,-9328,33071
29547,-22202,-14920
29548,19129,-20073
29549,12611,21213
29550,-3528,1963
29551,23882,-11809
29552,8005,30309
29553,-31076,12247
29554,6197,-29790
29555,32744,11670
29556,-18984,24764
29557,-22525,-28061
29558,27879,-11042
29559,9703,29609
29560,-21891,2700
29561,3481,678
29562,-1384,26048
29563,-24609,-9547
29564,11666,-27452
29565,21178,22883
29566,-26153,23747
29567,-8327,-24044
29568,38696,-5759
29569,1322,25326
29570,-32776,-12759
29571,8538,-24583
29572,23907,16111
29573,1240,4108
29574,16705,-15792
29575,19289,21709
29576,-19581,11181
29577,-7646,-35124
29578,25471,1568
29579,-10452,33473
29580,-26894,-13380
29581,22802,-16863
29582,18778,26500
29583,-19724,15224
29584,3102,-610
29585,7933,19312
29586,-28830,1481
29587,-2030,-24244
29588,31857,13144
29589,-10578,27656
29590,-21686,-22645
29591,26448,-18226
29592,13851,29813
29593,-28888,3766
29594,-3233,-25731
29595,21747,10032
29596,-429,6467
29597,9215,-21433
29598,21195,14951
29599,-21942,23239
29600,-19101,-25726
29601,32423,-10228
29602,4563,29413
29603,-32070,-2031
29604,15107,-21221
29605,24793,11232
29606,-16740,12536
29607,2955,357
29608,17955,21433
29609,-21384,12246
29610,-8274,-23967
29611,30743,-544
29612,-711,28503
29613,-23244,-12506
29614,15098,-26961
29615,15167,19007
29616,-22461,15248
29617,-3664,-16782
29618,27112,1217
29619,4027,2865
29620,-464,-23744
29621,21346,2533
29622,-8717,25355
29623,-24589,-13627
29624,22069,-15179
29625,15779,28351
29626,-25825,8103
29627,4493,-29204
29628,22326,2562
29629,-15252,23957
29630,-1721,1774
29631,23660,13454
29632,-11899,22756
29633,-14862,-15598
29634,24513,-13583
29635,3118,22877
29636,-29832,-78
29637,6797,-22176
29638,25061,15703
29639,-15965,20556
29640,-11683,-17235
29641,24456,-12343
29642,792,490
29643,-13224,-18796
29644,20650,-3673
29645,2872,25947
29646,-25025,-5249
29647,16176,-24608
29648,21566,17920
29649,-24431,16849
29650,-7139,-26352
29651,22677,-5932
29652,-2954,25500
29653,333,3049
29654,27425,2504
29655,-2870,17638
29656,-23942,-13348
29657,15303,-17313
29658,15418,24936
29659,-26242,11684
29660,-4857,-23080
29661,29323,5776
29662,-3657,23045
29663,-15894,-12798
29664,15653,-16432
29665,598,3547
29666,-13513,-11444
29667,22185,-6803
29668,11079,25545
29669,-25781,2273
29670,6587,-29728
29671,23906,6375
29672,-19462,21051
29673,-15910,-17050
29674,19106,-6380
29675,6635,20921
29676,1338,-4588
29677,19696,-4190
29678,-3644,24413
29679,-24252,-2426
29680,11129,-19536
29681,19554,20207
29682,-19791,17169
29683,-8388,-22177
29684,27110,-4869
29685,-1404,21391
29686,-21696,-2146
29687,9224,-12334
29688,951,3971
29689,-18711,-8683
29690,15519,-15058
29691,15051,15807
29692,-26924,9970
29693,-5751,-22480
29694,25537,3363
29695,-6265,26512
29696,-16576,-11480
29697,16152,-15932
29698,13660,15739
29699,-2,-141
29700,16841,-7376
29701,7551,23312
29702,-19456,5705
29703,6009,-23186
29704,25967,7868
29705,-13258,16459
29706,-18354,-21665
29707,19102,-10798
29708,3747,25851
29709,-19564,7205
29710,5095,-15774
29711,2349,716
29712,-18247,-2917
29713,9195,-15820
29714,16516,14174
29715,-20585,20185
29716,-9645,-18568
29717,24287,-4691
29718,2633,27340
29719,-16747,-5780
29720,7109,-20771
29721,10973,11432
29722,-945,2765
29723,15080,-10211
29724,12708,17738
29725,-16975,8308
29726,-2179,-23910
29727,23137,1411
29728,-7933,23634
29729,-21065,-9662
29730,15887,-15488
29731,12345,17947
29732,-15644,7078
29733,-1559,-18216
29734,904,1201
29735,-19206,4169
29736,1910,-15783
29737,19316,8754
29738,-10271,21461
29739,-11941,-16354
29740,17938,-11544
29741,3897,20705
29742,-19672,-1171
29743,1886,-15080
29744,14287,10060
29745,237,1444
29746,10745,-13000
29747,14654,13041
29748,-16442,11764
29749,-10970,-19898
29750,21718,-2783
29751,520,24766
29752,-21123,-5123
29753,11895,-23013
29754,17465,10682
29755,-13880,11492
29756,-8151,-16439
29757,272,950
29758,-18160,12134
29759,-1485,-13919
29760,23926,-355
29761,-5585,20051
29762,-21778,-11940
29763,12055,-13450
29764,10210,21506
29765,-19587,5330
29766,-759,-15086
29767,18914,4838
29768,-699,-2348
29769,3390,-19290
29770,15009,8651
29771,-13696,19491
29772,-15303,-10943
29773,20191,-6187
29774,6631,21158
29775,-19747,-643
29776,8833,-23655
29777,21888,5563
29778,-10316,14379
29779,-14113,-12394
29780,-481,124
29781,-13371,13243
29782,-6660,-18176
29783,19548,-11767
29784,1532,21024
29785,-19289,-6072
29786,9966,-22924
29787,17273,16819
29788,-14642,14740
29789,-4480,-18660
29790,19339,-4862
29791,-2378,4220
29792,-6290,-13708
29793,15598,4512
29794,-5202,20746
29795,-16141,-10626
29796,21269,-13410
29797,14809,19553
29798,-23100,3610
29799,-1917,-22927
29800,21765,6106
29801,-4669,19092
29802,-11338,-7523
29803,3182,2806
29804,-9191,16843
29805,-5995,-13785
29806,20432,-8728
29807,2920,27864
29808,-24199,3403
29809,5695,-23309
29810,22085,10319
29811,-14764,16087
29812,-14623,-13804
29813,14774,-4290
29814,-2761,2385
29815,-8964,-17996
29816,21665,753
29817,5228,21772
29818,-20145,-11812
29819,10737,-19816
29820,15994,19997
29821,-18727,13262
29822,-5254,-20264
29823,21677,-236
29824,-514,19193
29825,-13958,-5450
29826,200,-3117
29827,-13361,16590
29828,-21163,-9255
29829,15645,-16711
29830,20116,20007
29831,-13601,5651
29832,3386,-28751
29833,24374,3305
29834,-11474,22402
29835,-14533,-13054
29836,16242,-11801
29837,-5628,8257
29838,-17065,-15751
29839,17573,-17775
29840,1957,16616
29841,-31710,5079
29842,2663,-17478
29843,23624,11331
29844,-15083,18453
29845,-14448,-15099
29846,25074,-5567
29847,11128,17121
29848,-19545,-2595
29849,-3023,744
29850,3880,25072
29851,-10575,-1214
29852,11270,-17792
29853,18978,18726
29854,-18911,15358
29855,-10311,-22567
29856,24774,-3048
29857,-1409,25375
29858,-17257,-1498
29859,15496,-18326
29860,6052,-6403
29861,-16992,-17102
29862,11778,-14318
29863,12967,19732
29864,-23079,6265
29865,1287,-26200
29866,36053,8486
29867,-2444,30845
29868,-23296,-14367
29869,14566,-18834
29870,8852,19493
29871,-21699,11015
29872,495,2709
29873,5719,23521
29874,-20938,2502
29875,7861,-24465
29876,29831,5124
29877,-18117,18954
29878,-24069,-10541
29879,22692,-3160
29880,13429,23875
29881,-11612,328
29882,7712,-20308
29883,2075,-210
29884,-23337,-6099
29885,4196,-15288
29886,23074,22459
29887,-15389,21027
29888,-11867,-26209
29889,30819,-10461
29890,2349,21806
29891,-29925,-5480
29892,14410,-12672
29893,21243,17119
29894,-19809,10190
29895,2241,-957
29896,18433,18331
29897,-24397,5194
29898,-12999,-23696
29899,25939,10032
29900,-4698,38813
29901,-19784,-7694
29902,17444,-18319
29903,8798,32026
29904,-19775,15615
29905,-1555,-23331
29906,497,5682
29907,-20436,6393
29908,8918,-27315
29909,30834,1356
29910,-13711,18931
29911,-19297,-21173
29912,29941,-13574
29913,10880,25068
29914,-31960,3379
29915,3456,-20273
29916,27434,11856
29917,-5562,24964
29918,-5082,1249
29919,5009,11680
29920,-21412,21042
29921,-7995,-14390
29922,28450,-7644
29923,-2719,28595
29924,-28540,-3463
29925,19384,-23405
29926,31965,21284
29927,-19356,19117
29928,-22547,-9763
29929,6071,11024
29930,-6998,6506
29931,-954,-23701
29932,28926,7558
29933,-4594,31411
29934,-32927,-16594
29935,16659,-28066
29936,27110,24196
29937,-16647,19100
29938,3241,-27876
29939,29837,-6409
29940,-5471,24528
29941,-4860,-1557
29942,20575,3585
29943,-14742,27725
29944,-26613,-13647
29945,21679,-27444
29946,13478,22613
29947,-33120,8818
29948,-14112,-23455
29949,15277,22567
29950,-7417,30876
29951,-14040,-17413
29952,1560,2954
29953,-19002,21809
29954,-19465,-28104
29955,26047,-17796
29956,13271,36365
29957,-27218,5710
29958,13935,-28823
29959,39535,11904
29960,-15598,18904
29961,-18805,-26339
29962,21204,-17103
29963,-642,18637
29964,-8100,1989
29965,26310,-3248
29966,-33,21400
29967,-33501,-16207
29968,1588,-46305
29969,7554,17393
29970,-27697,28099
29971,-4227,-32329
29972,29819,-3955
29973,2451,32853
29974,-10877,-8679
29975,8595,3341
29976,-13360,34763
29977,-27420,-14591
29978,22437,-23706
29979,28868,25531
29980,-22913,4306
29981,-3853,-29963
29982,35586,9488
29983,-8882,25066
29984,-29590,-23001
29985,17144,-21168
29986,19406,25842
29987,6282,4824
29988,31680,-25348
29989,8526,12213
29990,-34326,9061
29991,7927,-27994
29992,37863,13748
29993,-17865,35953
29994,-21934,-16141
29995,33837,-11116
29996,8243,23413
29997,-36409,4182
29998,-2201,6501
29999,2300,23741
30000,-32533,-16361
30001,5906,-34202
30002,31993,16610
30003,-23400,23245
30004,-21188,-27310
30005,30552,-9641
30006,2465,42071
30007,-23244,8224
30008,21262,-21815
30009,24291,15502
30010,-29,982
30011,23175,-26849
30012,9997,18011
30013,-36440,16717
30014,-4058,-27084
30015,37485,6249
30016,-786,28331
30017,-21615,-24124
30018,19795,-36309
30019,27944,14844
30020,-10000,38053
30021,-4872,6606
30022,33971,-11927
30023,13218,17199
30024,-35957,21887
30025,-16560,-16818
30026,32873,-17131
30027,27043,20061
30028,-17434,20153
30029,-27165,-21267
30030,19465,-35252
30031,40764,9980
30032,-1038,33621
30033,-10360,-7842
30034,21444,-15914
30035,11243,31944
30036,-6323,29525
30037,8117,-23845
30038,15311,-27740
30039,11516,20930
30040,-9749,29192
30041,-29535,-17944
30042,12296,-28799
30043,41526,7557
30044,-10138,5025
30045,-23026,-20465
30046,29526,3172
30047,24740,30848
30048,-20827,4796
30049,-12769,-26902
30050,26606,-16453
30051,26038,19193
30052,-16939,33400
30053,-31367,-5175
30054,5194,-37726
30055,15939,-4399
30056,-9646,15230
30057,1611,-16748
30058,29046,-4547
30059,9568,40423
30060,-24987,24611
30061,-21302,-22083
30062,15053,-24629
30063,31918,14048
30064,-5562,27496
30065,-34097,-12127
30066,-7045,-24041
30067,-1086,13584
30068,-25502,3737
30069,-270,-36188
30070,34358,-11195
30071,9156,32694
30072,-28657,21903
30073,-21161,-12013
30074,18073,-25852
30075,17120,-5397
30076,-34593,19151
30077,-32090,-8073
30078,20210,-27989
30079,6610,16823
30080,-34271,13894
30081,-9420,-40429
30082,30992,-11877
30083,19108,34892
30084,-16534,12943
30085,-24467,-1531
30086,-12074,-3497
30087,-4657,-7916
30088,2268,14068
30089,-5391,4708
30090,-21832,-25071
30091,-8693,-1689
30092,3064,17981
30093,-8151,3579
30094,-7366,861
30095,-6537,-1319
30096,-1870,-1878
30097,18698,6321
30098,7774,1648
30099,-10014,4208
30100,7507,9183
30101,5077,-10024
30102,-13659,-13601
30103,506,2046
30104,11728,-3014
30105,100,-2232
30106,-3700,12755
30107,-2992,4902
30108,-6182,-3955
30109,-1043,4703
30110,768,-2529
30111,-5508,-12046
30112,14767,5940
30113,36086,15633
30114,2556,-1691
30115,-22035,-11543
30116,4387,-9022
30117,5314,-5316
30118,-12381,6259
30119,-2240,8000
30120,803,-5294
30121,559,-742
30122,8071,6293
30123,3376,-8390
30124,17757,-7362
30125,32910,7340
30126,5026,3366
30127,-7750,4101
30128,5184,8153
30129,-4003,-2981
30130,-199,-1339
30131,15628,2286
30132,-907,-6591
30133,-4146,7629
30134,10262,16154
30135,-18328,-8049
30136,-38055,-7702
30137,-4163,7134
30138,6437,-2520
30139,-12613,3602
30140,-3104,16139
30141,8945,-424
30142,2172,-5836
30143,-1704,1631
30144,-2026,-7179
30145,13480,-5399
30146,26443,3142
30147,-8352,-4583
30148,-35535,-4958
30149,-7072,630
30150,5103,-3168
30151,-12706,-5103
30152,-1709,-8736
30153,12011,-3852
30154,919,18193
30155,1207,18008
30156,2629,-2100
30157,-7649,-5646
30158,6634,-8908
30159,21754,-14196
30160,3620,-4258
30161,-5091,1162
30162,1786,3104
30163,-1277,6749
30164,4865,-6098
30165,8449,-11930
30166,-1680,-1243
30167,5571,-5181
30168,5233,-4970
30169,-12191,11253
30170,3456,3794
30171,19145,-20073
30172,181,-22747
30173,2089,-8747
30174,18581,4050
30175,8879,7810
30176,3581,923
30177,8494,-4529
30178,787,2579
30179,-299,6475
30180,8302,-4983
30181,7466,332
30182,4076,25538
30183,928,19844
30184,-6524,-2691
30185,-7081,872
30186,-1765,2283
30187,-706,-6738
30188,1117,-2636
30189,-220,-1041
30190,-8302,2759
30191,-3714,12911
30192,5703,-938
30193,-4005,-9923
30194,-7970,7750
30195,5621,2361
30196,3559,-9882
30197,-4359,5197
30198,3351,1848
30199,-1409,-9325
30200,-13509,7265
30201,2249,3846
30202,18249,-9722
30203,9267,7271
30204,9020,523
30205,16023,-23181
30206,3236,-5605
30207,-4914,4774
30208,1367,-7357
30209,-1623,3372
30210,-1424,7692
30211,5166,230
30212,-4429,4472
30213,-11920,-11735
30214,-2024,-23010
30215,4949,4007
30216,5850,6040
30217,4440,-16863
30218,147,-4720
30219,835,9921
30220,2274,-2584
30221,3043,-6144
30222,9164,-2049
30223,10050,-3317
30224,5062,9762
30225,614,16249
30226,-6587,-1422
30227,-1818,5642
30228,9797,24981
30229,1578,4097
30230,-1472,-5727
30231,11689,15649
30232,4044,9704
30233,-5912,1053
30234,5099,6631
30235,3690,-8855
30236,-3473,-8312
30237,5537,6045
30238,5365,-10273
30239,-3114,-2840
30240,717,27884
30241,2632,11312
30242,-2220,-7383
30243,1195,5490
30244,7358,15
30245,4628,-5667
30246,1941,6943
30247,3898,1128
30248,456,-2337
30249,3536,9315
30250,17766,-5786
30251,7743,-20498
30252,-16502,1596
30253,-8447,9117
30254,7691,-11426
30255,1148,-10733
30256,-3708,4022
30257,-4816,7286
30258,-8852,12974
30259,-3524,11493
30260,-2298,-10891
30261,-4334,-18120
30262,13938,1514
30263,27928,6863
30264,11626,-4049
30265,-4510,2772
30266,-2487,13900
30267,-2568,3801
30268,-1873,-6027
30269,11584,-1008
30270,12911,1854
30271,-5431,634
30272,-11349,-2798
30273,-6783,-17285
30274,-10852,-21693
30275,-7046,-964
30276,4447,5946
30277,1409,-7070
30278,-4979,-2252
30279,-1768,3213
30280,701,-6933
30281,3087,-2896
30282,7560,5003
30283,2800,3754
30284,-4745,10687
30285,3004,3084
30286,10896,-17553
30287,1353,-6212
30288,-176,11876
30289,10328,2837
30290,2734,-2362
30291,-7955,729
30292,-2287,-2782
30293,-814,-861
30294,-1071,-1529
30295,4030,-8528
30296,-1204,1714
30297,-5319,15742
30298,374,6501
30299,-1219,-5855
30300,-1024,-1754
30301,6218,3200
30302,726,2909
30303,-5455,4157
30304,1536,672
30305,899,-2738
30306,-3917,3252
30307,175,1706
30308,-4632,-2958
30309,-9083,9672
30310,3936,13675
30311,4403,1989
30312,-8277,3653
30313,-3717,3335
30314,1783,-3237
30315,-1007,3656
30316,2688,-783
30317,-596,-7126
30318,-4550,8649
30319,6771,-202
30320,6070,-21395
30321,-5820,-4401
30322,-456,4536
30323,6363,-6009
30324,1523,2439
30325,-539,1421
30326,921,-4717
30327,1977,7080
30328,946,602
30329,-1734,-3478
30330,2833,14171
30331,5476,-2067
30332,-3256,-22011
30333,-2938,2170
30334,4876,10057
30335,-57,-4683
30336,-1726,2700
30337,4838,4182
30338,638,-2872
30339,-1522,7840
30340,-362,5072
30341,-9045,-8031
30342,1312,5270
30343,20618,13038
30344,4462,-1758
30345,-8869,-333
30346,5223,7968
30347,2674,591
30348,-5178,-1840
30349,1177,-845
30350,-111,-5362
30351,4267,244
30352,10341,4116
30353,-2528,-1876
30354,2901,4284
30355,21086,9252
30356,5483,-965
30357,-7784,-1442
30358,5673,3062
30359,3704,-1927
30360,-4169,1368
30361,5264,6928
30362,2205,1708
30363,-5941,3094
30364,5364,4489
30365,1263,-5260
30366,-15691,-3995
30367,-2903,3462
30368,7970,223
30369,-4136,744
30370,-2437,4334
30371,781,1432
30372,-4418,677
30373,4840,417
30374,4417,503
30375,-3039,2492
30376,7108,-3502
30377,-3739,-3714
30378,-21669,6506
30379,-861,1057
30380,10631,-6314
30381,-1824,2606
30382,2752,2188
30383,5236,-3559
30384,1874,3540
30385,7503,4433
30386,-1862,1530
30387,-6110,5563
30388,10702,-4223
30389,6092,-12800
30390,-8256,2988
30391,-3879,8292
30392,733,-2935
30393,4372,-851
30394,2322,181
30395,-3977,-3650
30396,6711,4362
30397,2644,8066
30398,-14223,6656
30399,2105,5798
30400,2571,-6343
30401,-24060,-8877
30402,-6851,2682
30403,13224,1278
30404,-5855,-676
30405,-8469,4127
30406,1177,1887
30407,-237,-340
30408,5899,-2748
30409,3913,-1424
30410,-4886,7636
30411,4112,-714
30412,7919,-15612
30413,-179,-5603
30414,3211,5645
30415,3581,1186
30416,-4450,2011
30417,1257,6587
30418,4540,3342
30419,-5397,-827
30420,-1022,-2056
30421,3986,-3687
30422,-8369,-2075
30423,-431,7014
30424,19893,11693
30425,6164,4138
30426,-11738,-693
30427,1815,-2143
30428,12574,-9378
30429,5059,-5430
30430,3238,3664
30431,4137,-4119
30432,-1602,-2065
30433,-2712,9808
30434,-2236,-6663
30435,-5185,-19691
30436,1480,-923
30437,8907,7058
30438,-2033,-2148
30439,-11779,-2642
30440,-1239,-702
30441,6055,-644
30442,-980,1090
30443,1639,2012
30444,8047,971
30445,-58,-28
30446,4202,8939
30447,19604,15464
30448,7895,1702
30449,-5705,-3416
30450,2454,6470
30451,-18,917
30452,-5391,-2443
30453,1666,5933
30454,-1560,-227
30455,-5768,-1071
30456,346,10131
30457,546,-5516
30458,-1767,-22366
30459,-303,-3307
30460,2246,6754
30461,3782,-4097
30462,-467,1866
30463,-2195,4305
30464,433,-5694
30465,-529,489
30466,2001,2863
30467,2753,-2631
30468,-1214,5908
30469,7814,3963
30470,15821,-7060
30471,4476,-2338
30472,-2834,1311
30473,2022,-98
30474,1533,747
30475,-1212,343
30476,-467,3147
30477,-3034,567
30478,-3683,-1638
30479,2732,5766
30480,4698,-3443
30481,-1441,-14826
30482,-3675,430
30483,539,7622
30484,-1561,-1819
30485,-6520,510
30486,928,3460
30487,3185,-957
30488,-6702,1575
30489,1667,4496
30490,9492,-2205
30491,-3964,-3651
30492,3975,8105
30493,22619,9412
30494,11119,-2519
30495,-3039,-448
30496,-4597,5562
30497,-4207,-1286
30498,380,-817
30499,579,3538
30500,2187,-3951
30501,5184,-3931
30502,-1899,2837
30503,4661,-5468
30504,16860,-15063
30505,5255,-9391
30506,-1722,1582
30507,4006,4965
30508,-670,-642
30509,-2221,-2089
30510,-48,-1327
30511,-8636,-5800
30512,-9517,2978
30513,1322,8361
30514,-2113,-8405
30515,-14108,-356
30516,-10074,22552
30517,165,8274
30518,3106,-6813
30519,4905,1855
30520,3885,3669
30521,831,964
30522,1853,5110
30523,3179,10846
30524,-227,6314
30525,-6698,-3713
30526,-3193,3716
30527,7204,9135
30528,4462,-2807
30529,-1155,-3576
30530,1347,5603
30531,3196,7664
30532,3901,1278
30533,1249,-1762
30534,2954,6198
30535,5788,28
30536,-4758,-2474
30537,-1538,14126
30538,6329,-5353
30539,-9110,-24207
30540,-5629,2592
30541,6800,4916
30542,-4237,-6165
30543,662,4248
30544,8396,144
30545,-606,694
30546,1759,4158
30547,-1885,-4882
30548,-4075,5660
30549,8954,1713
30550,-737,-17234
30551,-10097,97
30552,3783,7576
30553,3466,-7016
30554,-2134,937
30555,1514,5572
30556,-1495,-2280
30557,-2374,1140
30558,1536,6492
30559,868,2958
30560,1016,-3220
30561,3580,6124
30562,5137,19008
30563,5293,4695
30564,2820,-8211
30565,588,1139
30566,2006,533
30567,217,-4338
30568,-2720,3345
30569,2481,2548
30570,40,-1778
30571,-7624,5057
30572,4793,1745
30573,13458,-8986
30574,1314,-2672
30575,-2792,4423
30576,3453,-371
30577,6330,321
30578,2866,4488
30579,290,2038
30580,5504,-514
30581,-1182,5629
30582,-5308,13114
30583,10228,4633
30584,-2208,-2128
30585,-20983,9623
30586,2072,8635
30587,11497,-2825
30588,-2226,2606
30589,2376,4361
30590,4398,-5192
30591,91,-5927
30592,3391,952
30593,7437,5968
30594,9328,1797
30595,-5640,-2866
30596,-17745,3877
30597,783,5182
30598,9448,-496
30599,-506,3849
30600,3727,5384
30601,4083,-3484
30602,-3098,-3355
30603,4616,2672
30604,6957,-2646
30605,-3769,-3629
30606,-2583,6685
30607,3380,-1079
30608,22,-14826
30609,-404,-4572
30610,1386,2702
30611,-2319,-2189
30612,-4644,2092
30613,-3177,1817
30614,2640,-2794
30615,7860,3370
30616,4805,4723
30617,2740,166
30618,-1986,2440
30619,-11582,3164
30620,-5361,-1797
30621,3579,-2989
30622,2100,2056
30623,7025,4117
30624,4838,1775
30625,-4457,1540
30626,404,-1698
30627,1228,-1569
30628,-876,10396
30629,5026,10651
30630,-7477,640
30631,-22374,7475
30632,-8604,11199
30633,4561,-1743
30634,2817,-2506
30635,4871,4928
30636,3315,1964
30637,-3062,243
30638,1862,307
30639,3961,-2488
30640,-3989,3660
30641,5463,11075
30642,19253,4614
30643,5747,-2258
30644,-5191,2299
30645,3178,3885
30646,1217,-2138
30647,-3136,-155
30648,1705,4017
30649,-3048,-2308
30650,-5936,-3111
30651,2387,1965
30652,1017,-774
30653,-1846,5480
30654,4982,15181
30655,1905,4061
30656,-4483,-3770
30657,3042,2030
30658,5041,-1755
30659,-1561,-1801
30660,685,5094
30661,-255,-1989
30662,-2494,-3236
30663,6323,6380
30664,-307,-620
30665,-15608,-6700
30666,-4954,2901
30667,5500,2480
30668,78,-1486
30669,2941,4808
30670,2520,2790
30671,-4019,-1640
30672,871,3694
30673,756,1695
30674,-4305,-3179
30675,1716,429
30676,808,-4223
30677,-7370,-10773
30678,-2908,-1399
30679,2919,3847
30680,714,-2910
30681,-35,-1039
30682,1034,2457
30683,3489,-2661
30684,6552,374
30685,2922,5719
30686,-2324,-321
30687,-793,3340
30688,2824,13397
30689,3936,2799
30690,3335,-6434
30691,2319,1007
30692,-1401,-433
30693,-7295,-3484
30694,-4073,920
30695,2175,-3296
30696,-2426,-3035
30697,-200,2367
30698,8186,-3603
30699,-3300,-1499
30700,-12314,6875
30701,1849,1301
30702,7587,-1417
30703,-598,3596
30704,-977,4199
30705,796,2361
30706,707,-579
30707,3510,1119
30708,2267,2472
30709,-485,-2833
30710,2777,5282
30711,6002,14379
30712,4133,412
30713,1052,-5443
30714,2385,3730
30715,4379,1093
30716,-4,-117
30717,-1014,4818
30718,2304,863
30719,-2874,-1216
30720,-1133,704
30721,8042,-1003
30722,-5869,-1269
30723,-19097,-1123
30724,-1645,321
30725,8412,1370
30726,-982,-2995
30727,74,112
30728,5130,4400
30729,1817,-2978
30730,-339,593
30731,1901,7240
30732,3064,-2029
30733,-2161,5758
30734,-4423,21215
30735,2649,6222
30736,2843,-5293
30737,-927,3423
30738,3139,1651
30739,1385,-2292
30740,-2735,1530
30741,2484,353
30742,2987,-1584
30743,1709,766
30744,7214,3348
30745,261,801
30746,-11783,-3544
30747,-4577,1935
30748,2365,6750
30749,-1323,2107
30750,3357,2058
30751,1970,5071
30752,-10302,4940
30753,-4759,3565
30754,3565,-2054
30755,-4039,-941
30756,901,8203
30757,12758,4890
30758,3754,-943
30759,-4196,6204
30760,3128,5232
30761,4596,-6251
30762,2397,-4650
30763,5745,293
30764,4333,-4024
30765,1559,144
30766,2561,5203
30767,-487,-3775
30768,-174,586
30769,4679,16642
30770,418,10421
30771,-3538,267
30772,571,4060
30773,487,762
30774,-2128,-1833
30775,1057,3253
30776,6392,64
30777,3193,1066
30778,-5287,4520
30779,5323,-8956
30780,19950,-12271
30781,5388,4789
30782,-4720,7735
30783,6714,-204
30784,5995,2508
30785,4654,5939
30786,6314,1551
30787,-6094,-1781
30788,-3435,2586
30789,5761,5226
30790,-3577,-1850
30791,3358,-2237
30792,14910,6225
30793,-966,2392
30794,-7010,-4048
30795,3331,1176
30796,989,2299
30797,-2126,-727
30798,2047,944
30799,2846,235
30800,731,2724
30801,-1039,6758
30802,-2516,-3791
30803,-3890,-11083
30804,-1556,134
30805,1288,5576
30806,-1749,1175
30807,-875,1189
30808,3121,-442
30809,698,-638
30810,827,4667
30811,1047,2662
30812,-1752,352
30813,2885,4175
30814,-529,-1666
30815,-11755,-7460
30816,-3523,1427
30817,4904,5052
30818,-4017,-792
30819,-3902,616
30820,1971,1388
30821,-549,-3330
30822,2752,-912
30823,4529,1631
30824,-2969,-764
30825,2356,5740
30826,12748,10195
30827,5251,539
30828,-1458,-1293
30829,3914,5502
30830,2300,3040
30831,-2626,1792
30832,447,3297
30833,1074,-1954
30834,-1832,-1951
30835,-381,817
30836,2044,-2760
30837,486,1946
30838,-3457,10689
30839,-2227,4624
30840,2625,-3855
30841,2496,-65
30842,2884,3184
30843,3207,-244
30844,-634,1846
30845,2024,5595
30846,1802,216
30847,-5649,-1133
30848,3629,5897
30849,12684,3645
30850,-893,-2618
30851,-5514,382
30852,3874,606
30853,1902,-3609
30854,-1152,285
30855,3051,2849
30856,2390,-1794
30857,-401,-234
30858,2310,1712
30859,3452,-2635
30860,-4412,3563
30861,-8095,12602
30862,1014,3993
30863,3904,-4413
30864,-772,-274
30865,2461,473
30866,2930,-1205
30867,-2303,1802
30868,-514,2645
30869,101,-169
30870,-2133,-1145
30871,3687,3624
30872,8263,7283
30873,2851,1687
30874,-1401,-1499
30875,1316,1043
30876,1823,-892
30877,-781,335
30878,2159,3128
30879,3291,-748
30880,-2378,1653
30881,-582,3810
30882,3690,-2319
30883,-2290,3426
30884,-4570,11038
30885,1826,3207
30886,2979,-1225
30887,-404,1875
30888,-91,2477
30889,2342,581
30890,1863,-1819
30891,966,2047
30892,2613,2502
30893,1156,-3906
30894,-873,4132
30895,2313,11961
30896,4091,1882
30897,2838,-2173
30898,1932,2876
30899,992,2434
30900,-33,-1030
30901,-2016,-146
30902,118,4408
30903,2446,539
30904,-2872,-1036
30905,-770,5303
30906,4350,-6501
30907,-1814,-13994
30908,-1041,1974
30909,2450,4821
30910,-2057,1744
30911,1204,5151
30912,2341,1019
30913,-2464,2935
30914,-1794,2464
30915,-4825,-344
30916,-2326,9901
30917,5020,256
30918,-246,-15008
30919,-2808,-1194
30920,-3347,4349
30921,-8092,-2407
30922,-1132,2027
30923,5859,5230
30924,6822,3110
30925,7375,-1153
30926,-517,2037
30927,-2716,5755
30928,1368,-5223
30929,-2142,1135
30930,-882,15855
30931,1156,1772
30932,-2554,-5126
30933,-1369,3217
30934,2606,965
30935,7626,1595
30936,6209,1773
30937,-1878,-2067
30938,-1576,-4475
30939,-1212,-8591
30940,985,2732
30941,7665,13829
30942,-82,2948
30943,-3330,-3110
30944,4129,-2776
30945,10,-3166
30946,-376,2565
30947,933,2283
30948,-3246,-512
30949,1266,-2423
30950,-1600,-1014
30951,-2398,8563
30952,5593,-878
30953,-7448,-10237
30954,-10180,5018
30955,5576,552
30956,-1241,-6481
30957,-4551,8714
30958,1305,4993
30959,-3275,111
30960,2397,4516
30961,2708,-3665
30962,-864,1829
30963,9677,4221
30964,-26,-9090
30965,-8848,-1565
30966,7783,3332
30967,7000,-1420
30968,-409,5700
30969,2045,1650
30970,-924,-1488
30971,2820,4171
30972,1438,-2694
30973,-2175,-1646
30974,7540,2456
30975,-2622,-1582
30976,-12679,5613
30977,3577,5277
30978,4239,-2140
30979,-1911,2337
30980,1729,1225
30981,-2587,1255
30982,-355,3715
30983,757,-3124
30984,-2963,-56
30985,5987,2553
30986,46,-1115
30987,-10467,8397
30988,2520,8131
30989,4173,-1730
30990,-3075,2833
30991,3558,3926
30992,4011,594
30993,-288,3110
30994,726,1861
30995,1554,269
30996,127,-888
30997,-2540,-1327
30998,4917,2478
30999,12183,-158
31000,2941,-4121
31001,-968,806
31002,2765,3266
31003,-358,-423
31004,799,-344
31005,1567,3457
31006,-5553,458
31007,-5550,-2542
31008,1450,3558
31009,2769,-785
31010,-284,-9850
31011,-808,-635
31012,-1616,4893
31013,-666,-2085
31014,5961,-783
31015,3382,5655
31016,-3397,6641
31017,1027,354
31018,544,-2075
31019,429,1967
31020,7182,-3389
31021,-2012,-615
31022,-7725,10308
31023,1348,-2183
31024,-435,-7291
31025,-1735,7658
31026,-1389,5723
31027,-6539,637
31028,-387,-265
31029,-563,-3091
31030,-4577,5749
31031,6305,2453
31032,235,-3875
31033,-8714,11114
31034,4732,6294
31035,4031,-4019
31036,-2045,8210
31037,2864,2772
31038,-1986,-2843
31039,-1063,5735
31040,2416,-2988
31041,-3998,-709
31042,865,7090
31043,1358,-5833
31044,-3373,2295
31045,7864,14488
31046,4748,411
31047,-6748,-600
31048,1604,2956
31049,2645,-3779
31050,-2056,1000
31051,3846,2761
31052,3015,-180
31053,180,1657
31054,1173,-1620
31055,-49,4497
31056,3298,13172
31057,3993,3452
31058,-1070,-1477
31059,157,3570
31060,2209,380
31061,-1253,-3037
31062,-2685,731
31063,797,2322
31064,1685,-2542
31065,555,-926
31066,3966,5767
31067,257,-96
31068,-6947,-3705
31069,-340,2235
31070,2731,810
31071,388,1001
31072,4525,764
31073,-1748,-2993
31074,-4292,3430
31075,4434,126
31076,-494,-4427
31077,1310,8175
31078,6162,-771
31079,-7872,-11506
31080,-2469,5794
31081,8238,4128
31082,-4474,-3777
31083,-397,5223
31084,5081,-731
31085,-4346,-1327
31086,4107,5561
31087,3413,-3259
31088,-4963,2068
31089,6503,6044
31090,-2572,-5541
31091,-14944,3690
31092,908,6109
31093,1108,-4860
31094,-2914,5635
31095,5310,5142
31096,-1888,-2579
31097,-133,8786
31098,6944,4651
31099,-3772,-1500
31100,471,7208
31101,3241,471
31102,-11440,-2471
31103,-4045,2671
31104,4692,-4180
31105,-1363,-266
31106,3377,4028
31107,1932,-1841
31108,-1989,3858
31109,3800,2283
31110,-1653,-2681
31111,-1088,4226
31112,5109,-2358
31113,-3702,-1260
31114,1001,12940
31115,7751,1771
31116,-3173,-4211
31117,931,5112
31118,4615,-1311
31119,-2696,373
31120,4764,4688
31121,3023,-3646
31122,-2825,3922
31123,6978,6028
31124,-2895,-4463
31125,-12448,5850
31126,4130,9075
31127,4326,-2158
31128,-4398,1932
31129,789,3081
31130,-355,-596
31131,-992,2901
31132,3086,-1250
31133,640,-2372
31134,235,3861
31135,93,1182
31136,314,1369
31137,6100,5536
31138,4802,1009
31139,61,-255
31140,1683,3243
31141,782,1121
31142,-1350,567
31143,1816,1996
31144,4006,-1449
31145,879,-380
31146,-862,4547
31147,2398,-229
31148,3617,-4579
31149,2029,-190
31150,1412,605
31151,658,-311
31152,337,1227
31153,-952,1154
31154,300,1898
31155,3853,57
31156,-814,-159
31157,-809,3910
31158,5573,-1476
31159,-3002,-1168
31160,-6303,9754
31161,3522,3235
31162,966,-3596
31163,-369,2836
31164,3252,319
31165,-859,369
31166,1002,4214
31167,918,-613
31168,-2154,1510
31169,4058,1921
31170,-866,-2342
31171,-6521,4336
31172,3192,2748
31173,2576,-3791
31174,-1177,1775
31175,2646,1549
31176,-613,-963
31177,-1864,873
31178,150,-1673
31179,430,909
31180,2440,2321
31181,-1051,-1268
31182,1079,2268
31183,8167,1053
31184,1870,-2031
31185,19,2808
31186,4772,1608
31187,717,157
31188,49,2004
31189,702,-538
31190,457,1304
31191,3487,1004
31192,-967,-1806
31193,1223,4434
31194,10098,4157
31195,1846,-1206
31196,-3775,2002
31197,2449,2132
31198,1030,197
31199,-488,1300
31200,1465,842
31201,661,1960
31202,-235,698
31203,-979,-387
31204,1589,3028
31205,1303,-805
31206,-3737,-3918
31207,-184,1965
31208,2729,2051
31209,-1455,-411
31210,-309,1741
31211,1403,1306
31212,761,123
31213,1107,-1
31214,111,39
31215,1722,2015
31216,-531,1749
31217,-6810,268
31218,-1284,1222
31219,4343,430
31220,-75,8
31221,890,2299
31222,2583,1185
31223,-1442,-151
31224,489,1607
31225,3168,-71
31226,199,171
31227,919,4166
31228,2649,-1178
31229,418,-6965
31230,678,-1996
31231,1926,727
31232,1459,355
31233,1058,1295
31234,-1109,-45
31235,251,532
31236,3020,-241
31237,-626,-411
31238,1192,4566
31239,3117,-1142
31240,-5861,-6604
31241,-2748,2282
31242,5096,1599
31243,-1798,-1893
31244,-198,3999
31245,3976,698
31246,-2306,-288
31247,1086,3923
31248,1357,-1209
31249,-3089,696
31250,5371,2146
31251,820,-3948
31252,-7842,4104
31253,3351,5883
31254,2513,-3339
31255,-3928,2649
31256,3271,2006
31257,-29,-4289
31258,-826,4032
31259,5843,947
31260,-1748,-2748
31261,554,7578
31262,6703,-1824
31263,-6411,-10260
31264,-3506,3297
31265,7352,2223
31266,-1602,-2416
31267,-16,4305
31268,4640,-700
31269,-3274,-1105
31270,2273,5133
31271,3627,-2108
31272,-4575,-579
31273,4377,4530
31274,2197,-3418
31275,-10065,1164
31276,850,6825
31277,4439,-1304
31278,-3791,1087
31279,2159,2446
31280,2159,-2746
31281,-1271,2802
31282,2812,1054
31283,-1157,-2836
31284,257,4595
31285,4708,-1286
31286,-3698,-7356
31287,-2138,3123
31288,3526,4496
31289,-2629,1024
31290,-539,2680
31291,2812,-575
31292,-1153,-447
31293,1671,1651
31294,1880,-178
31295,-1012,1436
31296,1933,587
31297,-326,266
31298,-2323,6081
31299,2144,4461
31300,1017,196
31301,-882,2020
31302,1498,1118
31303,426,-292
31304,-618,707
31305,1403,975
31306,660,1944
31307,-1204,1451
31308,1892,2229
31309,5911,4674
31310,3314,1279
31311,-439,-471
31312,1110,2836
31313,1999,1623
31314,409,728
31315,577,2032
31316,506,25
31317,-545,1188
31318,780,2834
31319,2398,-895
31320,-506,528
31321,-3348,5246
31322,410,2360
31323,3034,-905
31324,78,447
31325,716,557
31326,2525,64
31327,231,959
31328,988,1761
31329,1270,1416
31330,-2657,-212
31331,289,1010
31332,5973,3776
31333,2567,1349
31334,-1315,-116
31335,361,2343
31336,14,476
31337,-1012,-653
31338,1961,1335
31339,3010,-1022
31340,442,-448
31341,961,2861
31342,2020,47
31343,-1006,1126
31344,-1740,5487
31345,1443,1982
31346,2181,-589
31347,704,1226
31348,342,1198
31349,513,1241
31350,-44,945
31351,259,1179
31352,1612,1937
31353,513,292
31354,52,2570
31355,2507,6065
31356,1313,2402
31357,-670,-549
31358,556,680
31359,480,941
31360,1506,-361
31361,1645,-1440
31362,-1701,803
31363,-1468,1426
31364,-1356,-220
31365,-543,2540
31366,4674,-588
31367,1292,-5807
31368,-2791,1528
31369,2099,3688
31370,144,-1130
31371,-1075,2412
31372,3752,1310
31373,368,-1445
31374,514,2379
31375,3279,-634
31376,-2035,-634
31377,1589,3478
31378,5608,-2626
31379,-925,-1725
31380,719,3964
31381,2153,-1149
31382,-1645,-1094
31383,2229,264
31384,1129,-3036
31385,-1714,3269
31386,2400,4548
31387,-1439,-1148
31388,-2112,2089
31389,3874,-1381
31390,-1486,-6202
31391,-2012,1717
31392,3904,1818
31393,-423,-1465
31394,308,2412
31395,3140,130
31396,-1749,184
31397,1153,2817
31398,2200,-1143
31399,-2516,2141
31400,3379,3098
31401,4347,-4486
31402,-1984,69
31403,1375,3454
31404,2515,-1381
31405,-24,2226
31406,1635,1225
31407,437,-2703
31408,1445,2504
31409,2755,563
31410,-702,-1227
31411,2163,4116
31412,2267,-353
31413,-3651,-1918
31414,803,3794
31415,3582,714
31416,-1034,-35
31417,727,2682
31418,1503,-135
31419,172,648
31420,1972,1337
31421,282,-472
31422,533,1998
31423,2340,991
31424,-1258,-1321
31425,-667,1381
31426,2357,1173
31427,194,-85
31428,160,1401
31429,2082,1350
31430,1372,729
31431,466,909
31432,728,1648
31433,1498,1176
31434,1058,-368
31435,1661,2350
31436,3881,4177
31437,1936,155
31438,-861,-558
31439,286,1927
31440,1331,1094
31441,1065,428
31442,309,1378
31443,549,1299
31444,1365,965
31445,-345,1605
31446,584,1552
31447,3928,53
31448,1509,261
31449,-1198,1718
31450,751,1545
31451,1704,1191
31452,706,910
31453,31,856
31454,721,1608
31455,1505,1168
31456,1422,1341
31457,1861,1973
31458,-226,116
31459,-2683,-42
31460,216,1862
31461,2015,1286
31462,527,587
31463,939,1300
31464,995,1202
31465,521,718
31466,1014,982
31467,1341,1125
31468,2156,255
31469,827,829
31470,-1399,2812
31471,463,1848
31472,1869,-214
31473,403,539
31474,748,1652
31475,1557,953
31476,274,647
31477,-139,1593
31478,732,558
31479,-138,-538
31480,-266,1483
31481,1708,-20
31482,948,-2731
31483,184,807
31484,1451,1690
31485,-2,-454
31486,203,1515
31487,1818,1164
31488,-181,214
31489,845,1391
31490,1778,5
31491,-827,1739
31492,2202,2182
31493,3479,-2811
31494,-293,-135
31495,1660,3062
31496,2063,-548
31497,-793,1089
31498,768,2031
31499,458,-376
31500,-67,1819
31501,1302,743
31502,-210,-122
31503,1461,3145
31504,1954,-300
31505,-2441,-1659
31506,231,2444
31507,2790,696
31508,-723,657
31509,420,2319
31510,1020,-230
31511,-337,1237
31512,2023,1716
31513,1050,-346
31514,465,2630
31515,2547,775
31516,-450,-2864
31517,-584,1410
31518,2134,1984
31519,-155,-185
31520,522,1528
31521,2023,730
31522,-213,572
31523,839,1848
31524,949,940
31525,-275,1969
31526,1642,1608
31527,-141,455
31528,-1585,3171
31529,1556,2498
31530,1150,274
31531,240,1492
31532,1214,783
31533,197,488
31534,567,1455
31535,980,358
31536,396,822
31537,1482,1123
31538,338,593
31539,-803,2186
31540,1282,1184
31541,1612,-586
31542,1122,1257
31543,1324,1664
31544,510,498
31545,443,883
31546,711,1554
31547,992,1529
31548,947,1031
31549,-220,1587
31550,1062,1301
31551,2369,-984
31552,545,-128
31553,681,1744
31554,1308,354
31555,254,98
31556,858,1142
31557,754,1027
31558,226,1033
31559,1254,887
31560,674,1117
31561,552,993
31562,1557,-416
31563,482,309
31564,534,1784
31565,1577,861
31566,623,560
31567,715,1320
31568,1530,926
31569,713,362
31570,469,618
31571,966,905
31572,519,779
31573,-172,1511
31574,8,2418
31575,574,1285
31576,257,440
31577,2,1306
31578,825,1163
31579,889,565
31580,589,1091
31581,1490,1520
31582,1368,1141
31583,350,731
31584,1326,1538
31585,2246,2148
31586,1037,842
31587,291,469
31588,556,1457
31589,323,1179
31590,364,1096
31591,1034,1302
31592,1188,411
31593,853,713
31594,804,1419
31595,728,554
31596,149,822
31597,93,2063
31598,1002,1655
31599,1262,711
31600,784,577
31601,1020,956
31602,1039,1020
31603,193,761
31604,500,1060
31605,1199,710
31606,395,392
31607,521,1960
31608,1525,1996
31609,652,483
31610,397,1106
31611,1391,1433
31612,833,836
31613,484,1271
31614,599,1170
31615,3,1203
31616,680,1363
31617,1033,681
31618,286,1067
31619,773,599
31620,533,-697
31621,16,566
31622,1090,1176
31623,831,523
31624,252,1088
31625,901,499
31626,352,57
31627,224,931
31628,927,640
31629,332,1059
31630,687,1585
31631,1565,178
31632,460,177
31633,-92,1175
31634,578,840
31635,411,1010
31636,440,1540
31637,882,1048
31638,448,573
31639,338,1055
31640,1037,1337
31641,1108,518
31642,1049,607
31643,1305,1428
31644,800,788
31645,377,737
31646,695,1674
31647,482,1288
31648,206,1139
31649,689,1448
31650,1114,845
31651,1176,924
31652,899,1332
31653,791,846
31654,1263,585
31655,1086,543
31656,537,409
31657,885,615
31658,1011,940
31659,563,1161
31660,502,1015
31661,634,904
31662,905,1234
31663,941,946
31664,564,435
31665,942,1031
31666,1408,1601
31667,759,1149
31668,296,801
31669,669,1099
31670,983,1176
31671,825,790
31672,588,685
31673,1003,877
31674,1294,1039
31675,754,1185
31676,821,872
31677,1289,499
31678,910,999
31679,712,1538
31680,787,1206
31681,397,770
31682,539,1025
31683,1037,1262
31684,781,730
31685,604,598
31686,1006,1040
31687,796,871
31688,127,1111
31689,327,1564
31690,788,915
31691,765,1005
31692,910,1565
31693,696,995
31694,271,992
31695,737,1017
31696,889,428
31697,687,971
31698,920,1096
31699,234,827
31700,4,1685
31701,1100,1081
31702,694,154
31703,139,1197
31704,909,1045
31705,695,304
31706,754,1038
31707,1409,1053
31708,714,919
31709,714,1098
31710,951,352
31711,15,838
31712,753,1825
31713,1550,890
31714,556,366
31715,815,545
31716,884,319
31717,8,1060
31718,876,1136
31719,909,218
31720,-38,994
31721,913,1279
31722,867,124
31723,-3,517
31724,896,1076
31725,820,810
31726,110,1187
31727,752,847
31728,833,400
31729,729,1047
31730,778,899
31731,182,946
31732,659,1600
31733,1027,898
31734,11,843
31735,190,1650
31736,859,960
31737,671,377
31738,851,405
31739,659,380
31740,257,1081
31741,655,953
31742,803,351
31743,787,979
31744,698,974
31745,226,863
31746,228,1598
31747,164,972
31748,167,293
31749,866,927
31750,678,1049
31751,222,946
31752,665,868
31753,760,510
31754,810,795
31755,689,1051
31756,109,950
31757,738,934
31758,1323,421
31759,720,323
31760,697,961
31761,685,1012
31762,288,905
31763,547,911
31764,810,532
31765,835,240
31766,554,411
31767,229,1003
31768,738,1026
31769,722,267
31770,176,403
31771,650,957
31772,816,905
31773,245,1028
31774,5,813
31775,198,446
31776,850,849
31777,668,971
31778,80,934
31779,795,960
31780,742,328
31781,54,350
31782,768,951
31783,741,914
31784,132,991
31785,628,819
31786,770,430
31787,746,833
31788,639,973
31789,129,905
31790,711,964
31791,799,313
31792,11,322
31793,724,976
31794,833,867
31795,-10,985
31796,692,857
31797,868,328
31798,58,899
31799,103,1009
31800,200,320
31801,630,346
31802,894,325
31803,-16,846
31804,101,1640
31805,811,798
31806,575,291
31807,786,897
31808,647,906
31809,67,968
31810,699,797
31811,782,375
31812,69,867
31813,156,898
31814,114,822
31815,170,1507
31816,648,915
31817,667,213
31818,774,871
31819,561,982
31820,135,834
31821,667,879
31822,720,414
31823,144,255
31824,89,329
31825,38,820
31826,714,1603
31827,1314,833
31828,510,162
31829,652,985
31830,1237,909
31831,621,333
31832,660,283
31833,639,278
31834,101,974
31835,624,946
31836,687,115
31837,564,928
31838,1276,1484
31839,679,782
31840,-22,894
31841,630,803
31842,735,388
31843,636,739
31844,587,901
31845,166,968
31846,511,735
31847,767,299
31848,576,911
31849,700,878
31850,105,224
31851,-77,893
31852,819,896
31853,627,274
31854,97,772
31855,72,923
31856,19,869
31857,737,813
31858,728,261
31859,-140,827
31860,690,1021
31861,1269,70
31862,520,851
31863,661,1535
31864,593,713
31865,106,852
31866,528,845
31867,695,292
31868,642,736
31869,592,934
31870,89,826
31871,100,811
31872,65,319
31873,1,281
31874,772,295
31875,563,227
31876,32,945
31877,636,812
31878,572,247
31879,609,786
31880,1161,883
31881,595,789
31882,554,897
31883,706,202
31884,-87,246
31885,577,871
31886,1295,770
31887,497,928
31888,593,703
31889,626,290
31890,38,820
31891,508,768
31892,709,801
31893,543,1405
31894,646,750
31895,31,705
31896,-23,1464
31897,641,746
31898,602,693
31899,627,1415
31900,511,840
31901,116,665
31902,464,884
31903,673,327
31904,588,117
31905,583,284
31906,42,795
31907,-17,1385
31908,584,855
31909,649,191
31910,569,179
31911,506,319
31912,204,783
31913,-113,838
31914,-17,306
31915,743,119
31916,595,278
31917,-173,816
31918,663,901
31919,1171,121
31920,465,231
31921,645,827
31922,492,752
31923,32,861
31924,566,684
31925,515,292
31926,584,681
31927,1118,849
31928,507,769
31929,518,793
31930,1101,221
31931,587,160
31932,520,800
31933,518,823
31934,69,745
31935,461,737
31936,582,355
31937,566,72
31938,1023,235
31939,632,842
31940,444,828
31941,613,125
31942,11,269
31943,-31,280
31944,56,39
31945,-82,950
31946,652,803
31947,557,-12
31948,-60,916
31949,502,826
31950,620,-16
31951,481,911
31952,619,798
31953,-62,36
31954,-66,861
31955,602,770
31956,503,162
31957,603,680
31958,455,816
31959,15,786
31960,465,652
31961,588,238
31962,494,692
31963,612,784
31964,-95,635
31965,-72,1368
31966,629,806
31967,428,-32
31968,624,823
31969,503,846
31970,-143,121
31971,615,160
31972,596,202
31973,-206,721
31974,635,897
31975,583,30
31976,-174,188
31977,604,770
31978,555,690
31979,-48,828
31980,430,580
31981,601,289
31982,583,612
31983,395,724
31984,37,861
31985,493,591
31986,509,139
31987,468,798
31988,1155,729
31989,509,70
31990,-126,780
31991,535,744
31992,536,121
31993,562,666
31994,504,759
31995,-102,715
31996,562,738
31997,635,45
31998,-217,675
31999,612,1401
32000,634,576
32001,-229,710
32002,630,761
32003,588,33
32004,-137,739
32005,525,803
32006,575,32
32007,486,672
32008,593,815
32009,-147,567
32010,463,834
32011,1255,87
32012,380,29
32013,500,856
32014,628,586
32015,-166,739
32016,518,742
32017,726,-14
32018,-201,734
32019,55,873
32020,23,-151
32021,-152,758
32022,686,1344
32023,489,540
32024,-32,739
32025,441,631
32026,597,165
32027,569,589
32028,402,715
32029,69,755
32030,415,587
32031,583,100
32032,519,706
32033,565,739
32034,-69,3
32035,-77,703
32036,600,773
32037,471,0
32038,584,647
32039,510,818
32040,-96,83
32041,521,23
32042,682,177
32043,-167,666
32044,55,755
32045,6,41
32046,-150,139
32047,710,163
32048,461,-11
32049,-40,810
32050,500,653
32051,522,23
32052,592,659
32053,483,707
32054,-101,571
32055,571,785
32056,626,3
32057,-210,36
32058,606,782
32059,640,526
32060,-231,747
32061,619,641
32062,612,-42
32063,-162,738
32064,527,726
32065,615,-104
32066,411,754
32067,657,711
32068,-96,-78
32069,-107,724
32070,647,682
32071,440,32
32072,595,560
32073,505,720
32074,-95,648
32075,535,549
32076,640,129
32077,-109,553
32078,24,697
32079,-44,507
32080,-7,1238
32081,546,733
32082,470,-192
32083,624,718
32084,478,782
32085,-118,-94
32086,601,133
32087,601,137
32088,-206,6
32089,629,217
32090,599,-51
32091,-199,147
32092,624,596
32093,562,578
32094,-92,743
32095,490,454
32096,570,139
32097,544,555
32098,504,589
32099,-84,679
32100,531,614
32101,662,-86
32102,-221,608
32103,582,1287
32104,686,450
32105,-270,631
32106,622,661
32107,662,-109
32108,-250,677
32109,599,707
32110,667,-162
32111,-168,704
32112,59,679
32113,-42,-127
32114,-18,669
32115,535,650
32116,501,-11
32117,612,494
32118,432,703
32119,-20,594
32120,515,476
32121,581,144
32122,4,448
32123,-68,662
32124,-95,574
32125,592,607
32126,1118,7
32127,425,-37
32128,550,651
32129,557,543
32130,-155,614
32131,588,571
32132,636,-34
32133,-230,541
32134,628,757
32135,617,-123
32136,-214,69
32137,622,100
32138,577,-140
32139,-103,736
32140,482,579
32141,595,-99
32142,522,591
32143,496,663
32144,-36,2
32145,462,-75
32146,704,57
32147,-142,578
32148,2,637
32149,48,-45
32150,-151,19
32151,667,54
32152,519,-71
32153,-71,627
32154,475,613
32155,594,-20
32156,517,-33
32157,501,8
32158,-21,528
32159,417,749
32160,766,-188
32161,-172,-15
32162,-87,674
32163,635,395
32164,492,676
32165,517,514
32166,525,-139
32167,69,643
32168,-165,601
32169,19,-182
32170,575,629
32171,571,607
32172,-61,-145
32173,-14,549
32174,22,643
32175,-96,-30
32176,583,-102
32177,612,4
32178,-72,588
32179,-60,570
32180,27,-126
32181,433,515
32182,772,707
32183,-171,-179
32184,-175,41
32185,827,32
32186,346,-163
32187,14,694
32188,514,499
32189,465,-72
32190,655,493
32191,442,581
32192,-95,507
32193,607,535
32194,559,-18
32195,-141,-25
32196,582,10
32197,579,-101
32198,-84,636
32199,457,533
32200,620,-83
32201,494,482
32202,517,620
32203,-26,434
32204,402,618
32205,802,-45
32206,-217,-162
32207,-65,674
32208,666,520
32209,404,21
32210,621,-134
32211,482,19
32212,-54,591
32213,486,449
32214,608,482
32215,429,1148
32216,643,492
32217,-67,301
32218,-171,1297
32219,722,501
32220,466,-248
32221,33,667
32222,-68,563
32223,-104,-47
32224,687,-54
32225,526,-35
32226,-180,566
32227,645,621
32228,569,-123
32229,-176,31
32230,614,9
32231,562,-133
32232,-85,673
32233,475,509
32234,594,-69
32235,521,479
32236,504,598
32237,-43,497
32238,454,524
32239,731,-23
32240,-172,380
32241,8,825
32242,86,-204
32243,-220,-136
32244,718,759
32245,543,411
32246,-185,72
32247,623,-96
32248,532,-71
32249,349,662
32250,1257,463
32251,506,376
32252,-224,1277
32253,649,488
32254,552,-261
32255,-2,741
32256,-95,476
32257,-45,-82
32258,652,542
32259,499,507
32260,-93,564
32261,558,549
32262,533,-162
32263,397,534
32264,1208,1165
32265,513,432
32266,-178,535
32267,586,502
32268,534,-10
32269,506,445
32270,575,579
32271,-123,534
32272,494,541
32273,768,-123
32274,-319,471
32275,538,1235
32276,1284,393
32277,296,499
32278,578,630
32279,597,-184
32280,-186,549
32281,571,705
32282,664,-258
32283,-149,567
32284,38,739
32285,-59,-255
32286,408,107
32287,1341,11
32288,380,-190
32289,-118,746
32290,613,453
32291,448,-54
32292,600,514
32293,525,522
32294,-155,582
32295,605,486
32296,625,-81
32297,-237,541
32298,644,636
32299,609,-173
32300,-224,524
32301,645,713
32302,562,-181
32303,-115,38
32304,520,19
32305,558,-110
32306,518,608
32307,565,519
32308,-144,460
32309,494,670
32310,1203,-143
32311,416,-66
32312,518,638
32313,549,417
32314,-65,631
32315,480,480
32316,590,-91
32317,428,559
32318,1081,555
32319,614,348
32320,284,1249
32321,760,533
32322,-93,-285
32323,-226,734
32324,797,499
32325,428,-94
32326,12,534
32327,-14,523
32328,-147,566
32329,686,510
32330,570,-106
32331,-231,554
32332,660,648
32333,607,-217
32334,-245,590
32335,659,665
32336,593,-244
32337,-197,603
32338,599,649
32339,606,-191
32340,-75,519
32341,-7,666
32342,-100,347
32343,558,680
32344,1149,-37
32345,427,-235
32346,524,762
32347,569,489
32348,-127,-38
32349,538,-8
32350,652,-87
32351,-160,578
32352,485,661
32353,691,-181
32354,326,58
32355,697,46
32356,-33,-217
32357,-283,741
32358,853,528
32359,405,-204
32360,-85,665
32361,592,546
32362,460,-126
32363,573,537
32364,577,577
32365,-200,444
32366,549,651
32367,1183,-115
32368,395,-82
32369,561,634
32370,513,433
32371,-59,616
32372,506,483
32373,548,-83
32374,459,547
32375,1085,562
32376,573,350
32377,340,1239
32378,730,542
32379,-126,-286
32380,-128,727
32381,688,509
32382,415,-100
32383,583,528
32384,545,537
32385,-127,554
32386,530,509
32387,686,-91
32388,-165,533
32389,42,659
32390,4,-204
32391,-107,556
32392,634,698
32393,476,-241
32394,445,544
32395,1146,745
32396,565,-220
32397,-112,31
32398,-17,83
32399,-23,-148
32400,528,176
32401,647,-144
32402,-110,-10
32403,-14,615
32404,52,409
32405,-126,629
32406,596,523
32407,616,-164
32408,-79,602
32409,-58,649
32410,25,-259
32411,447,633
32412,748,664
32413,-158,-292
32414,-150,666
32415,756,636
32416,427,-273
32417,38,667
32418,-41,596
32419,-128,-184
32420,675,563
32421,572,596
32422,-221,397
32423,630,691
32424,649,-120
32425,-269,-119
32426,637,688
32427,667,402
32428,-288,596
32429,643,555
32430,666,-170
32431,-275,587
32432,611,659
32433,698,-251
32434,-231,611
32435,101,672
32436,-2,-266
32437,-151,616
32438,680,668
32439,516,-240
32440,-15,560
32441,-43,711
32442,-83,-163
32443,617,-32
32444,613,64
32445,-217,378
32446,577,796
32447,734,-146
32448,-339,-221
32449,591,846
32450,1228,380
32451,324,-48
32452,595,548
32453,536,509
32454,-103,539
32455,512,552
32456,607,-53
32457,409,-12
32458,675,27
32459,-102,-120
32460,-148,616
32461,735,604
32462,363,-123
32463,537,43
32464,1112,-27
32465,464,-57
32466,501,580
32467,570,511
32468,-100,494
32469,483,627
32470,712,-115
32471,-146,-61
32472,-7,597
32473,47,475
32474,-101,592
32475,561,462
32476,576,-8
32477,438,445
32478,618,622
32479,-30,445
32480,-129,606
32481,184,-29
32482,-214,-189
32483,513,705
32484,1289,515
32485,379,-20
32486,-6,-47
32487,8,-65
32488,-154,600
32489,681,605
32490,574,-177
32491,-218,522
32492,630,753
32493,631,-241
32494,-229,57
32495,589,94
32496,684,-272
32497,-197,759
32498,75,563
32499,-10,-268
32500,-105,708
32501,625,571
32502,497,-228
32503,471,664
32504,672,563
32505,-153,-147
32506,-57,551
32507,635,615
32508,417,-13
32509,633,-130
32510,478,12
32511,-87,601
32512,552,514
32513,560,-59
32514,351,484
32515,1236,604
32516,550,386
32517,-292,1121
32518,722,671
32519,528,-275
32520,-122,128
32521,535,-6
32522,561,-139
32523,509,645
32524,543,518
32525,-73,424
32526,449,698
32527,765,-116
32528,-204,-156
32529,7,730
32530,126,458
32531,-271,32
32532,732,-73
32533,595,-76
32534,-287,646
32535,705,541
32536,594,-123
32537,-258,518
32538,684,647
32539,567,284
32540,-178,1162
32541,592,1154
32542,591,308
32543,-30,602
32544,-73,536
32545,-53,-28
32546,622,-46
32547,577,-39
32548,-192,519
32549,604,727
32550,649,-219
32551,-255,-25
32552,635,646
32553,641,379
32554,-254,660
32555,641,490
32556,608,-141
32557,-175,614
32558,543,584
32559,612,-158
32560,399,560
32561,673,590
32562,-99,330
32563,-126,1224
32564,673,577
32565,430,-294
32566,574,666
32567,550,616
32568,-134,-123
32569,541,2
32570,679,-28
32571,-212,477
32572,519,759
32573,763,-219
32574,-233,-48
32575,37,665
32576,94,387
32577,-221,631
32578,667,509
32579,627,-119
32580,-179,546
32581,64,655
32582,20,-121
32583,-105,2
32584,175,-23
32585,-173,384
32586,22,1332
32587,600,434
32588,401,-204
32589,649,686
32590,506,453
32591,-161,444
32592,611,1164
32593,637,500
32594,-253,362
32595,635,758
32596,657,-165
32597,-285,-110
32598,663,695
32599,634,409
32600,-267,564
32601,661,583
32602,597,-107
32603,-179,40
32604,555,-9
32605,602,-110
32606,399,654
32607,681,471
32608,-107,401
32609,-125,1235
32610,681,493
32611,421,-179
32612,576,591
32613,557,545
32614,-147,479
32615,548,590
32616,685,-93
32617,-229,410
32618,535,855
32619,763,-282
32620,-254,-46
32621,69,714
32622,76,321
32623,-242,672
32624,735,526
32625,544,-193
32626,-179,643
32627,578,599
32628,603,-206
32629,355,605
32630,732,582
32631,-96,288
32632,-237,1290
32633,847,539
32634,373,-326
32635,-36,772
32636,555,498
32637,462,-134
32638,617,582
32639,499,511
32640,-133,517
32641,590,604
32642,629,-178
32643,-223,491
32644,612,1242
32645,647,379
32646,-240,511
32647,614,611
32648,634,-144
32649,-184,500
32650,524,719
32651,653,-152
32652,358,-20
32653,681,28
32654,-50,347
32655,-221,1320
32656,756,493
32657,477,-270
32658,-14,696
32659,-28,570
32660,-97,-99
32661,629,12
32662,593,-57
32663,-188,500
32664,554,760
32665,713,-242
32666,-218,-24
32667,74,662
32668,36,362
32669,-202,667
32670,731,494
32671,504,-151
32672,-124,622
32673,555,583
32674,565,-163
32675,438,565
32676,664,588
32677,-117,329
32678,-101,1227
32679,662,576
32680,424,-293
32681,587,666
32682,543,617
32683,-139,-123
32684,550,0
32685,677,-25
32686,-222,474
32687,533,759
32688,760,-213
32689,-249,-57
32690,66,670
32691,75,392
32692,-239,617
32693,733,523
32694,544,-122
32695,-178,531
32696,578,680
32697,604,-139
32698,354,-6
32699,732,13
32700,-96,340
32701,-237,1346
32702,849,478
32703,370,-300
32704,-36,772
32705,557,497
32706,458,-144
32707,621,589
32708,500,535
32709,-138,449
32710,598,678
32711,625,-146
32712,-226,-72
32713,622,651
32714,636,406
32715,-237,629
32716,624,503
32717,616,-131
32718,-170,594
32719,527,597
32720,630,-155
32721,390,544
32722,664,602
32723,-75,334
32724,-150,1207
32725,680,595
32726,451,-293
32727,533,642
32728,581,647
32729,-128,-134
32730,490,-24
32731,747,23
32732,-242,436
32733,466,747
32734,892,-140
32735,-358,-159
32736,6,728
32737,715,488
32738,282,-9
32739,708,-65
32740,522,-12
32741,-221,524
32742,670,636
32743,607,-42
32744,-259,-152
32745,668,150
32746,614,362
32747,-249,668
32748,651,492
32749,607,360
32750,-198,750
32751,573,380
32752,646,-29
32753,-87,520
32754,-57,567
32755,4,443
32756,503,650
32757,681,-63
32758,-144,-201
32759,-12,752
32760,112,480
32761,-239,-48
32762,697,46
32763,621,-162
32764,-293,564
32765,682,1200
32766,642,375
32767,-307,507
32768,700,674
32769,613,-249
32770,-277,517
32771,695,1264
32772,566,336
32773,-182,535
32774,606,625
32775,525,-183
32776,415,526
32777,1149,739
32778,537,-222
32779,330,53
32780,769,63
32781,-156,-206
32782,-129,702
32783,716,547
32784,390,-142
32785,583,520
32786,571,639
32787,-164,386
32788,553,628
32789,694,20
32790,-239,-228
32791,533,270
32792,777,-164
32793,-268,-82
32794,64,716
32795,102,422
32796,-272,66
32797,740,-63
32798,585,-131
32799,-256,699
32800,641,550
32801,661,-219
32802,-220,654
32803,118,616
32804,-21,-255
32805,-159,659
32806,724,616
32807,465,-244
32808,-53,647
32809,491,595
32810,570,-166
32811,533,541
32812,495,609
32813,-17,401
32814,415,672
32815,744,-95
32816,-117,-132
32817,-115,679
32818,202,432
32819,-172,560
32820,73,568
32821,55,-142
32822,-206,528
32823,662,708
32824,649,-238
32825,-224,518
32826,109,800
32827,24,-286
32828,-228,66
32829,761,121
32830,520,-307
32831,-211,770
32832,669,586
32833,560,-305
32834,-150,724
32835,544,596
32836,606,-279
32837,387,701
32838,694,581
32839,-95,-225
32840,-180,650
32841,764,571
32842,371,-124
32843,486,497
32844,1174,620
32845,446,461
32846,435,545
32847,702,-10
32848,-208,344
32849,419,851
32850,1359,-192
32851,365,-180
32852,-35,803
32853,40,409
32854,-162,16
32855,662,-11
32856,594,-123
32857,-211,617
32858,584,646
32859,686,-192
32860,-202,77
32861,75,36
32862,9,-219
32863,-148,745
32864,668,532
32865,533,-213
32866,-32,665
32867,-31,564
32868,-78,-152
32869,585,549
32870,669,599
32871,-268,393
32872,538,696
32873,1259,-111
32874,324,-158
32875,554,753
32876,621,355
32877,-208,526
32878,577,1136
32879,694,448
32880,-265,491
32881,572,605
32882,746,-134
32883,-267,484
32884,103,756
32885,40,-213
32886,-228,30
32887,757,89
32888,495,-227
32889,-132,709
32890,571,561
32891,548,-179
32892,458,564
32893,644,619
32894,-148,348
32895,362,725
32896,1415,-83
32897,335,-245
32898,-111,846
32899,620,383
32900,453,-48
32901,588,558
32902,513,472
32903,-91,601
32904,514,510
32905,625,-126
32906,307,567
32907,1217,653
32908,637,-227
32909,-397,585
32910,759,691
32911,619,-267
32912,-323,597
32913,726,697
32914,586,-260
32915,-242,555
32916,652,714
32917,549,176
32918,302,1230
32919,1291,1175
32920,523,210
32921,-287,716
32922,708,492
32923,556,-152
32924,-87,591
32925,17,607
32926,-95,-74
32927,564,-44
32928,710,-5
32929,-298,480
32930,538,737
32931,1289,-188
32932,284,-78
32933,574,681
32934,636,401
32935,-255,585
32936,626,570
32937,683,-157
32938,-315,524
32939,672,751
32940,660,-294
32941,-316,488
32942,695,1335
32943,617,347
32944,-267,7
32945,674,-3
32946,577,-136
32947,-157,669
32948,541,547
32949,591,-132
32950,447,517
32951,612,645
32952,-102,359
32953,358,683
32954,1348,-30
32955,436,-277
32956,-118,829
32957,81,452
32958,-131,-130
32959,571,594
32960,688,527
32961,-236,461
32962,500,655
32963,853,-155
32964,-343,355
32965,25,1430
32966,679,329
32967,309,-128
32968,712,655
32969,483,428
32970,-172,571
32971,653,579
32972,565,-174
32973,-166,545
32974,582,748
32975,573,-330
32976,333,563
32977,1232,1264
32978,569,306
32979,-290,575
32980,666,593
32981,617,-174
32982,-125,548
32983,1,688
32984,-20,-154
32985,466,9
32986,764,-3
32987,-209,361
32988,-70,1331
32989,684,467
32990,388,-244
32991,604,688
32992,549,553
32993,-148,-64
32994,542,-17
32995,699,-62
32996,-228,555
32997,495,679
32998,837,-229
32999,-312,461
33000,4,1318
33001,664,389
33002,361,-30
33003,656,8
33004,491,-115
33005,-89,630
33006,502,579
33007,643,-136
33008,361,485
33009,679,694
33010,-15,325
33011,-306,672
33012,852,29
33013,465,-352
33014,-203,861
33015,704,507
33016,500,-271
33017,-94,747
33018,526,527
33019,565,-194
33020,482,646
33021,586,517
33022,-51,344
33023,-50,1272
33024,89,501
33025,-180,-234
33026,642,670
33027,639,496
33028,-261,408
33029,617,1162
33030,699,543
33031,-313,305
33032,638,780
33033,711,-119
33034,-343,-213
33035,665,790
33036,702,444
33037,-356,-11
33038,689,-8
33039,684,-107
33040,-354,607
33041,706,632
33042,658,-202
33043,-338,507
33044,712,814
33045,630,-303
33046,-303,10
33047,697,654
33048,601,357
33049,-230,675
33050,620,473
33051,579,-103
33052,306,560
33053,1236,572
33054,602,341
33055,-292,1216
33056,213,600
33057,-98,-335
33058,-108,704
33059,711,627
33060,379,-254
33061,515,595
33062,1129,704
33063,479,-205
33064,445,25
33065,637,96
33066,-118,-158
33067,407,151
33068,863,-69
33069,-274,-105
33070,-69,651
33071,729,539
33072,344,-28
33073,609,-67
33074,584,0
33075,-187,498
33076,542,681
33077,756,-99
33078,-309,-120
33079,494,230
33080,1345,-217
33081,333,36
33082,7,601
33083,21,407
33084,-169,634
33085,678,509
33086,587,-125
33087,-216,545
33088,588,683
33089,696,-217
33090,-223,494
33091,87,836
33092,29,-317
33093,-200,11
33094,728,666
33095,512,343
33096,-128,684
33097,546,474
33098,585,-114
33099,431,572
33100,639,565
33101,-103,336
33102,300,1229
33103,1450,587
33104,366,-332
33105,-211,714
33106,740,607
33107,402,-239
33108,456,599
33109,1190,673
33110,460,-154
33111,392,-15
33112,750,44
33113,-217,379
33114,360,812
33115,1469,-161
33116,277,-229
33117,-97,877
33118,660,353
33119,390,-56
33120,619,597
33121,552,445
33122,-189,569
33123,606,602
33124,665,-215
33125,-278,522
33126,637,1250
33127,679,338
33128,-310,542
33129,666,630
33130,659,-218
33131,-299,584
33132,673,702
33133,624,-297
33134,-236,627
33135,611,704
33136,593,-325
33137,294,656
33138,1251,685
33139,582,-319
33140,-315,660
33141,674,668
33142,640,-284
33143,-160,614
33144,10,696
33145,18,-212
33146,397,61
33147,804,-7
33148,-165,316
33149,-208,1385
33150,842,454
33151,382,-298
33152,-54,784
33153,551,486
33154,515,-138
33155,529,583
33156,555,542
33157,-76,457
33158,403,645
33159,850,-138
33160,-254,347
33161,-105,1419
33162,788,353
33163,290,-148
33164,562,649
33165,1143,462
33166,427,530
33167,484,592
33168,648,-131
33169,-132,455
33170,12,826
33171,66,-281
33172,-203,-22
33173,701,677
33174,569,356
33175,-214,657
33176,630,502
33177,608,-133
33178,-170,578
33179,521,616
33180,658,-138
33181,346,467
33182,686,706
33183,-29,334
33184,-271,646
33185,814,47
33186,458,-339
33187,-113,816
33188,556,551
33189,559,-269
33190,475,670
33191,576,648
33192,-48,-234
33193,348,138
33194,887,-18
33195,-233,-192
33196,-187,764
33197,879,462
33198,310,-111
33199,9,591
33200,545,500
33201,446,452
33202,639,1117
33203,481,560
33204,-118,320
33205,579,753
33206,629,-104
33207,-200,-208
33208,565,775
33209,691,454
33210,-239,-6
33211,547,-21
33212,743,-100
33213,-265,618
33214,493,609
33215,865,-187
33216,-322,526
33217,-39,754
33218,740,-236
33219,365,38
33220,129,115
33221,-116,-270
33222,-98,720
33223,704,619
33224,485,-296
33225,-91,670
33226,517,666
33227,613,-317
33228,392,667
33229,668,682
33230,-38,-333
33231,-256,676
33232,810,683
33233,455,-342
33234,-119,689
33235,578,672
33236,537,-340
33237,464,699
33238,642,654
33239,-139,-325
33240,350,699
33241,1420,634
33242,350,-292
33243,-144,676
33244,649,617
33245,455,-226
33246,540,594
33247,589,613
33248,-146,291
33249,491,1214
33250,788,656
33251,-315,-342
33252,482,214
33253,1374,-33
33254,245,-208
33255,473,770
33256,1233,434
33257,396,337
33258,455,1336
33259,685,451
33260,-173,-249
33261,416,737
33262,906,445
33263,-330,370
33264,-65,1298
33265,807,438
33266,230,-163
33267,617,622
33268,1136,487
33269,373,527
33270,574,585
33271,582,-144
33272,-192,503
33273,588,773
33274,685,-324
33275,-282,530
33276,617,1302
33277,711,287
33278,-329,558
33279,651,639
33280,706,-225
33281,-349,576
33282,681,709
33283,683,-271
33284,-347,556
33285,699,775
33286,656,-279
33287,-324,76
33288,696,99
33289,631,-275
33290,-280,742
33291,662,589
33292,620,-267
33293,-204,656
33294,545,648
33295,662,-260
33296,322,588
33297,703,733
33298,-18,-257
33299,-303,81
33300,838,77
33301,478,-254
33302,-184,734
33303,634,583
33304,588,-250
33305,-81,628
33306,-28,679
33307,-9,-237
33308,467,117
33309,751,8
33310,-175,-206
33311,-130,756
33312,741,485
33313,431,-132
33314,46,593
33315,-63,518
33316,-102,425
33317,662,1131
33318,558,571
33319,-177,286
33320,581,787
33321,661,-109
33322,-214,-251
33323,527,855
33324,761,388
33325,-233,-60
33326,27,553
33327,115,508
33328,-239,552
33329,662,524
33330,664,-65
33331,-236,443
33332,108,755
33333,32,-157
33334,-226,-79
33335,745,199
33336,540,-209
33337,-209,123
33338,636,34
33339,604,-243
33340,-167,751
33341,508,563
33342,687,-261
33343,318,684
33344,682,612
33345,23,-264
33346,-351,660
33347,859,628
33348,510,-248
33349,-272,625
33350,740,639
33351,543,-196
33352,-208,518
33353,643,691
33354,544,309
33355,306,692
33356,1290,10
33357,534,-335
33358,-319,851
33359,755,499
33360,527,-236
33361,-160,697
33362,577,557
33363,563,-162
33364,440,541
33365,646,641
33366,-128,345
33367,337,691
33368,1420,-17
33369,361,-306
33370,-156,841
33371,647,483
33372,476,-207
33373,515,668
33374,592,572
33375,-110,-115
33376,425,59
33377,840,-102
33378,-258,440
33379,-74,1327
33380,722,385
33381,367,-117
33382,569,598
33383,622,485
33384,-150,552
33385,34,549
33386,65,-115
33387,-215,500
33388,702,742
33389,593,-271
33390,-250,486
33391,640,1299
33392,656,357
33393,-272,447
33394,618,719
33395,694,-151
33396,-284,-49
33397,582,151
33398,760,-213
33399,-288,579
33400,102,768
33401,80,-293
33402,-283,17
33403,775,649
33404,555,365
33405,-264,653
33406,699,513
33407,579,-141
33408,-212,558
33409,616,677
33410,579,-214
33411,294,493
33412,1267,836
33413,576,-310
33414,-347,-5
33415,741,683
33416,587,342
33417,-236,657
33418,612,524
33419,652,-155
33420,-138,561
33421,-17,690
33422,30,-195
33423,403,55
33424,792,49
33425,-160,-199
33426,-204,701
33427,837,558
33428,380,-178
33429,-43,565
33430,541,665
33431,512,-118
33432,549,-48
33433,530,52
33434,-69,401
33435,429,778
33436,801,-141
33437,-219,-216
33438,-84,838
33439,697,389
33440,400,-56
33441,565,553
33442,583,506
33443,-131,543
33444,453,548
33445,822,-90
33446,-250,439
33447,-85,814
33448,737,-251
33449,401,-51
33450,92,691
33451,-103,365
33452,-83,628
33453,679,537
33454,498,-154
33455,-91,566
33456,520,668
33457,595,-213
33458,373,518
33459,1122,773
33460,700,-241
33461,-310,25
33462,123,130
33463,65,-264
33464,-251,689
33465,711,653
33466,623,-297
33467,-231,615
33468,140,762
33469,-9,-385
33470,-212,584
33471,771,1316
33472,491,220
33473,-178,560
33474,654,1150
33475,542,411
33476,-104,529
33477,500,562
33478,609,-83
33479,450,440
33480,588,703
33481,-58,342
33482,302,642
33483,1390,47
33484,451,-349
33485,-259,840
33486,693,529
33487,582,-279
33488,-108,733
33489,-9,554
33490,7,-213
33491,426,641
33492,773,549
33493,-142,306
33494,-216,1283
33495,825,538
33496,431,-314
33497,-122,742
33498,599,538
33499,581,-158
33500,-46,557
33501,-63,588
33502,3,430
33503,478,627
33504,726,-83
33505,-153,299
33506,-138,1416
33507,731,426
33508,454,-255
33509,24,712
33510,-55,556
33511,-86,-98
33512,627,4
33513,589,-23
33514,-173,449
33515,525,780
33516,746,-181
33517,-228,-168
33518,36,810
33519,113,384
33520,-268,-24
33521,723,513
33522,614,533
33523,-296,548
33524,680,508
33525,653,-34
33526,-313,408
33527,679,778
33528,659,-144
33529,-314,-138
33530,680,286
33531,650,-268
33532,-299,50
33533,669,632
33534,636,352
33535,-250,676
33536,609,511
33537,620,-178
33538,250,618
33539,1277,642
33540,610,-256
33541,-403,619
33542,774,687
33543,610,-300
33544,-315,633
33545,704,701
33546,623,-325
33547,-270,650
33548,627,701
33549,686,-337
33550,-232,663
33551,97,697
33552,20,-341
33553,-184,668
33554,691,696
33555,556,-340
33556,-103,666
33557,44,701
33558,-91,-346
33559,455,658
33560,1281,734
33561,400,-391
33562,311,639
33563,1342,1218
33564,457,306
33565,-238,604
33566,681,557
33567,554,-141
33568,-58,528
33569,-36,685
33570,-35,-115
33571,537,-70
33572,666,77
33573,-183,388
33574,403,770
33575,1340,-114
33576,443,-245
33577,-154,847
33578,126,411
33579,-79,-101
33580,6,591
33581,74,511
33582,-166,481
33583,572,644
33584,754,-155
33585,-278,363
33586,8,1420
33587,658,337
33588,348,-133
33589,669,652
33590,517,438
33591,-181,556
33592,620,590
33593,641,-171
33594,-258,525
33595,626,774
33596,679,-341
33597,-297,546
33598,642,1305
33599,684,266
33600,-310,578
33601,650,642
33602,678,-257
33603,-295,615
33604,622,699
33605,707,-316
33606,-256,647
33607,121,699
33608,4,-336
33609,-190,669
33610,735,686
33611,481,-336
33612,-82,679
33613,507,670
33614,580,-318
33615,500,670
33616,524,662
33617,-15,-289
33618,369,622
33619,817,703
33620,-165,-246
33621,-183,104
33622,773,20
33623,461,-191
33624,-24,713
33625,-16,520
33626,-59,-111
33627,525,498
33628,697,641
33629,-139,409
33630,-86,583
33631,226,65
33632,-241,-235
33633,71,218
33634,581,-74
33635,398,-151
33636,666,695
33637,474,554
33638,-116,-114
33639,571,31
33640,632,24
33641,-178,-85
33642,509,130
33643,754,-105
33644,-211,-47
33645,9,621
33646,120,519
33647,-234,25
33648,663,-108
33649,652,-15
33650,-260,578
33651,555,587
33652,803,-113
33653,-325,430
33654,41,826
33655,641,-229
33656,349,-121
33657,690,765
33658,474,402
33659,-128,58
33660,593,-53
33661,601,-117
33662,-137,664
33663,476,569
33664,699,-184
33665,328,559
33666,663,712
33667,37,-217
33668,-352,60
33669,851,66
33670,520,-229
33671,-278,726
33672,740,555
33673,547,-203
33674,-212,613
33675,646,584
33676,543,284
33677,306,1273
33678,1291,583
33679,529,-371
33680,-312,769
33681,752,579
33682,523,-269
33683,-149,685
33684,566,583
33685,565,-179
33686,453,545
33687,623,639
33688,-111,354
33689,350,683
33690,1367,-27
33691,428,-263
33692,-145,780
33693,144,513
33694,-186,-114
33695,520,84
33696,1247,-125
33697,391,461
33698,421,1299
33699,758,376
33700,-194,320
33701,-88,1351
33702,690,440
33703,414,-228
33704,540,688
33705,613,535
33706,-107,-45
33707,-15,-29
33708,83,-60
33709,-174,562
33710,612,665
33711,678,-215
33712,-213,452
33713,67,1315
33714,66,409
33715,-238,-58
33716,727,25
33717,579,-104
33718,-252,586
33719,656,636
33720,635,-171
33721,-257,459
33722,621,833
33723,673,-253
33724,-255,-101
33725,563,757
33726,750,404
33727,-249,57
33728,54,-56
33729,99,-103
33730,-242,638
33731,678,594
33732,651,-181
33733,-233,509
33734,115,796
33735,21,-280
33736,-222,-5
33737,750,660
33738,529,366
33739,-203,651
33740,640,507
33741,592,-136
33742,-157,570
33743,509,647
33744,671,-186
33745,339,500
33746,673,768
33747,7,-205
33748,-317,-33
33749,832,178
33750,506,-214
33751,-228,143
33752,679,9
33753,572,-221
33754,-162,739
33755,526,556
33756,661,-230
33757,336,637
33758,681,646
33759,10,-243
33760,-332,568
33761,843,747
33762,514,-260
33763,-261,73
33764,717,96
33765,566,-278
33766,-215,749
33767,623,591
33768,585,-291
33769,272,693
33770,1288,632
33771,583,-297
33772,-392,679
33773,799,641
33774,567,-289
33775,-295,665
33776,741,636
33777,540,-250
33778,-198,609
33779,642,625
33780,514,241
33781,363,1286
33782,1248,609
33783,503,-416
33784,-192,797
33785,590,593
33786,562,-321
33787,467,741
33788,576,572
33789,-51,-238
33790,373,655
33791,844,551
33792,-208,293
33793,-151,1297
33794,772,533
33795,425,-319
33796,30,751
33797,-54,532
33798,-76,-156
33799,611,560
33800,585,584
33801,-128,434
33802,452,623
33803,800,-82
33804,-198,301
33805,-142,1408
33806,750,435
33807,470,-259
33808,-41,705
33809,11,573
33810,-31,-114
33811,34,6
33812,5,-3
33813,-108,417
33814,560,802
33815,715,-170
33816,-215,-216
33817,-37,867
33818,651,366
33819,415,-79
33820,570,629
33821,584,429
33822,-109,501
33823,20,1125
33824,45,500
33825,-181,387
33826,682,734
33827,584,-160
33828,-218,-99
33829,611,686
33830,657,400
33831,-238,594
33832,572,553
33833,715,-150
33834,-256,552
33835,509,684
33836,840,-226
33837,-313,526
33838,-13,775
33839,689,-256
33840,363,51
33841,596,108
33842,592,-264
33843,-126,722
33844,21,600
33845,59,-261
33846,-180,640
33847,637,661
33848,656,-259
33849,-215,571
33850,90,752
33851,43,-262
33852,-237,64
33853,755,108
33854,543,-276
33855,-238,726
33856,685,625
33857,571,-305
33858,-194,660
33859,609,713
33860,563,-378
33861,321,642
33862,1255,1213
33863,546,296
33864,-278,632
33865,677,538
33866,541,-166
33867,324,605
33868,1233,598
33869,587,-140
33870,-246,497
33871,146,657
33872,-88,374
33873,361,649
33874,1385,-15
33875,412,-239
33876,-229,741
33877,707,528
33878,529,-75
33879,-62,0
33880,-1,-53
33881,-65,518
33882,516,712
33883,743,-220
33884,-227,394
33885,-34,1412
33886,660,340
33887,383,-132
33888,630,631
33889,524,492
33890,-144,484
33891,566,627
33892,663,-73
33893,-212,-85
33894,525,161
33895,765,-212
33896,-243,525
33897,40,1265
33898,111,412
33899,-257,-37
33900,708,13
33901,615,-113
33902,-262,603
33903,610,637
33904,712,-199
33905,-258,497
33906,107,824
33907,47,-302
33908,-247,-4
33909,763,679
33910,533,342
33911,-221,662
33912,664,519
33913,575,-163
33914,-159,591
33915,535,649
33916,634,-216
33917,362,540
33918,687,752
33919,-44,-240
33920,-255,46
33921,808,102
33922,451,-252
33923,-97,708
33924,542,610
33925,560,-257
33926,489,609
33927,555,711
33928,-35,-256
33929,356,106
33930,858,47
33931,-201,-246
33932,-196,762
33933,850,533
33934,363,-221
33935,-30,664
33936,532,575
33937,518,-159
33938,547,535
33939,519,634
33940,-42,362
33941,399,687
33942,808,-44
33943,-178,-255
33944,-168,808
33945,774,451
33946,445,-97
33947,-13,542
33948,-3,560
33949,-98,489
33950,565,555
33951,701,-36
33952,-251,356
33953,435,859
33954,1402,-203
33955,306,-194
33956,-80,849
33957,610,361
33958,448,-26
33959,585,529
33960,540,517
33961,-127,553
33962,517,512
33963,732,-40
33964,-264,405
33965,469,795
33966,1327,-167
33967,380,-166
33968,-27,756
33969,4,468
33970,-104,-23
33971,613,-19
33972,586,-62
33973,-116,533
33974,435,700
33975,751,-205
33976,304,366
33977,577,1441
33978,608,349
33979,307,-212
33980,711,763
33981,478,436
33982,-116,-54
33983,526,522
33984,702,535
33985,-151,535
33986,-59,533
33987,191,-66
33988,-218,421
33989,80,813
33990,533,-233
33991,461,-76
33992,635,704
33993,431,375
33994,7,598
33995,427,570
33996,643,-162
33997,451,530
33998,539,743
33999,85,-280
34000,-234,473
34001,211,1336
34002,-68,371
34003,-167,-32
34004,738,25
34005,492,-123
34006,-116,607
34007,529,630
34008,624,-181
34009,374,474
34010,670,828
34011,-12,-261
34012,-294,-86
34013,823,750
34014,498,395
34015,-217,75
34016,678,-68
34017,563,-110
34018,-156,664
34019,534,567
34020,640,-176
34021,352,546
34022,691,725
34023,-28,-221
34024,-289,44
34025,836,99
34026,466,-257
34027,-179,722
34028,659,607
34029,537,-286
34030,-85,673
34031,460,653
34032,654,-306
34033,437,670
34034,529,665
34035,102,-314
34036,-214,671
34037,128,664
34038,32,-308
34039,-146,663
34040,138,662
34041,-16,-286
34042,-134,622
34043,204,701
34044,-118,-248
34045,-135,113
34046,760,9
34047,451,-189
34048,-127,726
34049,627,496
34050,535,-91
34051,-77,504
34052,475,599
34053,618,476
34054,458,535
34055,574,0
34056,-47,331
34057,298,854
34058,1389,-169
34059,456,-233
34060,-267,863
34061,703,389
34062,576,-83
34063,-111,576
34064,5,523
34065,-12,480
34066,437,623
34067,784,-111
34068,-176,318
34069,-179,1427
34070,817,401
34071,386,-257
34072,-35,770
34073,523,472
34074,531,-105
34075,536,548
34076,527,561
34077,-46,467
34078,394,605
34079,824,-87
34080,-201,317
34081,-154,1397
34082,785,435
34083,407,-254
34084,30,705
34085,-19,566
34086,-135,-108
34087,652,12
34088,613,-23
34089,-237,435
34090,589,804
34091,742,-201
34092,-352,-173
34093,583,845
34094,1266,336
34095,286,-1
34096,589,543
34097,607,456
34098,-217,622
34099,596,502
34100,679,-133
34101,-258,576
34102,573,659
34103,742,-244
34104,-258,594
34105,88,708
34106,56,-309
34107,-229,630
34108,735,714
34109,532,-342
34110,-160,666
34111,562,695
34112,608,-349
34113,369,691
34114,700,667
34115,-64,-332
34116,-241,696
34117,809,639
34118,436,-292
34119,-79,669
34120,533,622
34121,553,-215
34122,508,560
34123,535,653
34124,-30,317
34125,374,724
34126,826,-44
34127,-179,-294
34128,-182,859
34129,788,429
34130,440,-133
34131,-19,630
34132,7,475
34133,-104,455
34134,561,1125
34135,711,555
34136,-259,321
34137,433,746
34138,1413,-84
34139,295,-232
34140,-77,776
34141,620,499
34142,429,-87
34143,596,43
34144,547,-41
34145,-153,30
34146,547,14
34147,725,-128
34148,-299,605
34149,542,659
34150,1260,-229
34151,338,465
34152,531,1311
34153,619,411
34154,-154,-70
34155,484,47
34156,761,-113
34157,-184,557
34158,-50,709
34159,172,-246
34160,-183,425
34161,106,1398
34162,18,333
34163,-177,-114
34164,651,617
34165,632,494
34166,-177,494
34167,49,616
34168,56,-70
34169,-188,-80
34170,643,153
34171,655,-209
34172,-210,527
34173,77,1261
34174,57,415
34175,-236,-36
34176,731,7
34177,580,-109
34178,-262,604
34179,667,630
34180,639,-191
34181,-282,496
34182,652,816
34183,663,-289
34184,-293,-12
34185,643,673
34186,679,361
34187,-295,643
34188,627,522
34189,700,-141
34190,-294,555
34191,584,674
34192,766,-203
34193,-293,482
34194,94,831
34195,96,-283
34196,-293,-39
34197,766,693
34198,586,380
34199,-296,576
34200,701,599
34201,627,-117
34202,-298,4
34203,682,67
34204,641,-172
34205,-295,618
34206,668,670
34207,648,-207
34208,-282,63
34209,644,69
34210,659,-237
34211,-256,721
34212,582,591
34213,714,-264
34214,-204,657
34215,27,652
34216,36,-287
34217,293,642
34218,1363,683
34219,520,-307
34220,-369,638
34221,802,705
34222,561,-327
34223,-290,638
34224,725,727
34225,572,-354
34226,-231,641
34227,643,768
34228,568,-422
34229,275,646
34230,1306,1250
34231,548,251
34232,-359,648
34233,797,566
34234,519,-219
34235,-208,643
34236,669,614
34237,485,-212
34238,389,589
34239,1232,613
34240,459,274
34241,286,1261
34242,1337,602
34243,457,-378
34244,-203,757
34245,627,599
34246,528,-272
34247,471,652
34248,591,641
34249,-70,-177
34250,377,65
34251,856,-46
34252,-221,365
34253,-154,1357
34254,791,438
34255,407,-237
34256,26,703
34257,-23,535
34258,-113,-62
34259,621,0
34260,623,-81
34261,-197,553
34262,502,708
34263,821,-272
34264,-305,485
34265,-2,1347
34266,683,266
34267,329,473
34268,673,1222
34269,523,399
34270,-187,469
34271,622,666
34272,639,-173
34273,-250,448
34274,617,858
34275,677,-308
34276,-277,-22
34277,611,701
34278,701,333
34279,-285,656
34280,579,529
34281,759,-165
34282,-280,584
34283,92,651
34284,80,-199
34285,-268,511
34286,751,730
34287,570,193
34288,-251,1184
34289,656,1236
34290,630,168
34291,-232,703
34292,570,573
34293,721,-272
34294,-212,679
34295,20,638
34296,116,-303
34297,-188,682
34298,176,648
34299,-65,-309
34300,-152,687
34301,733,636
34302,475,-292
34303,-85,679
34304,514,613
34305,599,-231
34306,439,613
34307,600,589
34308,5,292
34309,-178,1259
34310,221,581
34311,-160,-333
34312,-21,712
34313,618,607
34314,441,-219
34315,574,556
34316,551,713
34317,-114,-147
34318,476,-93
34319,776,168
34320,-269,299
34321,408,717
34322,1435,501
34323,297,302
34324,-94,804
34325,626,393
34326,450,-127
34327,562,650
34328,558,552
34329,-117,-155
34330,474,556
34331,777,673
34332,-266,-158
34333,404,26
34334,1436,36
34335,304,-135
34336,-108,616
34337,636,596
34338,456,-66
34339,538,-61
34340,587,12
34341,-119,485
34342,428,696
34343,856,-168
34344,-283,336
34345,-76,1442
34346,778,363
34347,274,-208
34348,593,727
34349,1120,438
34350,417,397
34351,533,1235
34352,584,524
34353,-140,-179
34354,502,128
34355,745,-131
34356,-215,431
34357,33,1349
34358,97,374
34359,-244,-125
34360,717,609
34361,586,491
34362,-246,527
34363,644,572
34364,633,-102
34365,-226,434
34366,568,825
34367,709,-257
34368,-187,-56
34369,6,699
34370,94,365
34371,-132,617
34372,125,550
34373,-77,-155
34374,-48,547
34375,576,698
34376,532,-228
34377,481,492
34378,582,844
34379,1,-315
34380,-151,-6
34381,170,686
34382,-100,342
34383,-57,651
34384,593,531
34385,579,-159
34386,-10,563
34387,-162,684
34388,138,-226
34389,409,499
34390,581,838
34391,581,-316
34392,385,-1
34393,176,685
34394,-170,336
34395,-72,660
34396,702,528
34397,493,-164
34398,-129,568
34399,563,693
34400,659,-209
34401,-160,71
34402,44,45
34403,27,-214
34404,-163,730
34405,684,537
34406,532,-192
34407,-114,626
34408,509,588
34409,619,-129
34410,422,477
34411,614,672
34412,-57,390
34413,264,586
34414,1445,71
34415,423,-244
34416,-299,229
34417,801,-89
34418,471,-136
34419,-133,695
34420,584,523
34421,541,-52
34422,454,-24
34423,645,-21
34424,-128,467
34425,328,757
34426,1434,-167
34427,362,-165
34428,-190,795
34429,712,399
34430,422,-30
34431,458,506
34432,1162,546
34433,508,536
34434,344,511
34435,761,-26
34436,-128,387
34437,-189,809
34438,770,-172
34439,451,-174
34440,-4,775
34441,-21,446
34442,-94,-12
34443,600,-7
34444,630,-94
34445,-191,568
34446,492,690
34447,825,-238
34448,-302,432
34449,-6,1387
34450,681,333
34451,338,-98
34452,667,601
34453,517,487
34454,-167,537
34455,602,556
34456,638,-80
34457,-214,415
34458,554,826
34459,728,-222
34460,-222,-127
34461,55,765
34462,64,407
34463,-206,54
34464,693,-56
34465,565,-109
34466,-158,657
34467,518,568
34468,668,-171
34469,338,543
34470,670,716
34471,19,-202
34472,-328,32
34473,826,88
34474,534,-223
34475,-263,685
34476,691,611
34477,610,-241
34478,-248,598
34479,607,701
34480,703,-268
34481,-244,531
34482,98,835
34483,45,-340
34484,-237,28
34485,752,672
34486,538,322
34487,-217,691
34488,655,504
34489,585,-173
34490,-162,618
34491,527,627
34492,649,-218
34493,350,567
34494,684,719
34495,-24,-228
34496,-279,72
34497,818,50
34498,470,-211
34499,-140,719
34500,579,536
34501,566,-152
34502,426,548
34503,651,618
34504,-98,369
34505,275,690
34506,1470,-52
34507,387,-247
34508,-285,805
34509,825,449
34510,428,-93
34511,-109,537
34512,607,564
34513,479,488
34514,511,552
34515,648,-28
34516,-214,348
34517,459,861
34518,1352,-195
34519,263,-210
34520,478,863
34521,1231,362
34522,363,-48
34523,522,561
34524,639,500
34525,-219,530
34526,577,579
34527,709,-115
34528,-303,388
34529,627,1318
34530,708,471
34531,-329,-166
34532,658,122
34533,685,-73
34534,-318,8
34535,662,70
34536,659,-179
34537,-268,614
34538,608,706
34539,641,-311
34540,231,529
34541,1278,1326
34542,632,258
34543,-429,497
34544,784,1200
34545,631,408
34546,-357,475
34547,737,652
34548,632,-160
34549,-332,439
34550,717,860
34551,631,-301
34552,-315,-38
34553,703,719
34554,626,323
34555,-290,644
34556,681,563
34557,615,-203
34558,-236,594
34559,612,694
34560,602,-288
34561,271,593
34562,1270,773
34563,595,-388
34564,-372,601
34565,751,1273
34566,604,264
34567,-269,610
34568,637,600
34569,662,-228
34570,-188,616
34571,53,664
34572,-10,-262
34573,327,606
34574,1367,693
34575,480,-266
34576,-320,559
34577,780,764
34578,534,-260
34579,-225,52
34580,666,110
34581,574,-252
34582,-152,678
34583,515,662
34584,657,-247
34585,356,119
34586,658,35
34587,10,-244
34588,-295,763
34589,779,541
34590,563,-236
34591,-202,675
34592,154,589
34593,-69,-204
34594,-123,594
34595,705,606
34596,433,278
34597,401,1259
34598,1254,610
34599,493,-390
34600,-217,764
34601,640,612
34602,585,-310
34603,-59,701
34604,-55,620
34605,-15,-264
34606,531,626
34607,658,677
34608,-172,-218
34609,401,91
34610,1333,10
34611,451,-159
34612,-151,667
34613,109,556
34614,-62,-64
34615,7,-24
34616,48,-36
34617,-130,510
34618,557,717
34619,726,-226
34620,-216,392
34621,-44,1433
34622,651,305
34623,436,-105
34624,537,643
34625,599,427
34626,-79,579
34627,-50,568
34628,108,-163
34629,-166,537
34630,555,746
34631,770,-315
34632,-283,539
34633,2,1282
34634,668,309
34635,341,543
34636,669,639
34637,522,-205
34638,-187,540
34639,622,741
34640,642,-271
34641,-262,506
34642,629,863
34643,678,-351
34644,-298,20
34645,644,688
34646,682,313
34647,-309,687
34648,651,514
34649,677,-177
34650,-296,611
34651,622,639
34652,709,-221
34653,-259,556
34654,122,739
34655,7,-240
34656,-196,60
34657,741,84
34658,481,-244
34659,-89,719
34660,519,586
34661,572,-237
34662,495,611
34663,543,683
34664,-35,-218
34665,374,87
34666,836,24
34667,-201,-186
34668,-155,705
34669,781,531
34670,412,-126
34671,36,508
34672,-41,645
34673,-110,385
34674,646,618
34675,581,43
34676,-175,-254
34677,535,278
34678,729,-138
34679,-210,-142
34680,26,781
34681,103,400
34682,-236,-33
34683,684,522
34684,631,524
34685,-266,547
34686,602,528
34687,737,-69
34688,-333,429
34689,541,805
34690,1305,-230
34691,341,-72
34692,36,697
34693,-31,381
34694,-125,597
34695,678,562
34696,526,-152
34697,-114,530
34698,511,720
34699,635,-242
34700,359,484
34701,673,854
34702,7,-333
34703,-308,34
34704,812,661
34705,516,329
34706,-219,727
34707,620,424
34708,619,-119
34709,290,674
34710,768,474
34711,-94,-84
34712,122,580
34713,1701,508
34714,232,26
34715,-384,366
34716,1197,649
34717,31,131
34718,-6,43
34719,998,986
34720,-245,79
34721,1047,-358
34722,837,1609
34723,-1210,150
34724,1674,-286
34725,876,1680
34726,-642,-1516
34727,2228,356
34728,-1845,2994
34729,1010,-3590
34730,4423,2505
34731,-16581,3240
34732,-12813,-18287
34733,21046,-4784
34734,8351,23546
34735,-14266,3496
34736,3864,-2085
34737,-3632,19468
34738,-20572,-7054
34739,9977,-19729
34740,12993,23965
34741,-23971,15461
34742,-6310,-28146
34743,27183,-2831
34744,-2758,21349
34745,-24940,-15210
34746,5447,-17894
34747,13875,15714
34748,2465,2688
34749,20392,-9990
34750,12644,17179
34751,-24384,6823
34752,-3226,-22812
34753,24815,6955
34754,-13346,28302
34755,-20526,-6609
34756,21780,-8221
34757,8030,19990
34758,-20112,4323
34759,189,-3730
34760,-3375,19930
34761,-21687,594
34762,9110,-22396
34763,22880,13298
34764,-11096,18512
34765,-10434,-24631
34766,17251,-10194
34767,1310,24214
34768,-20625,-3174
34769,3492,-14791
34770,19604,13817
34771,3693,-1966
34772,9597,-22209
34773,11054,9717
34774,-24596,13460
34775,-15552,-17266
34776,24732,-318
34777,-3758,20115
34778,-26534,-10582
34779,20417,-19013
34780,22799,11706
34781,-19531,11929
34782,-6306,4425
34783,10679,25346
34784,-10300,13360
34785,899,-20038
34786,20746,4631
34787,-10042,25744
34788,-23512,-15485
34789,12954,-18415
34790,11667,25074
34791,-22417,9124
34792,-1831,-22544
34793,25346,-3622
34794,-755,-3251
34795,-681,-18890
34796,22345,10256
34797,-9005,19157
34798,-17303,-19293
34799,26922,-11886
34800,7945,22780
34801,-30095,-1080
34802,2723,-24467
34803,12155,7711
34804,-18788,17961
34805,-2696,-2593
34806,8492,11333
34807,-20390,12081
34808,-7581,-26682
34809,25097,-11097
34810,-545,29783
34811,-24968,-2633
34812,13666,-22711
34813,30168,21511
34814,-10388,15535
34815,-7380,-20130
34816,22384,656
34817,-4083,3312
34818,-8230,-17902
34819,23182,10772
34820,-5040,9923
34821,-12671,-35224
34822,27940,-10509
34823,-11218,19277
34824,-40039,-22014
34825,26878,-17853
34826,22657,27651
34827,-30836,4527
34828,5976,-11357
34829,14857,27138
34830,-35952,8961
34831,-4341,-27769
34832,31977,18056
34833,-15922,35814
34834,-17035,-25103
34835,32666,-16450
34836,6036,40384
34837,-36060,6606
34838,187,-34140
34839,27179,1264
34840,449,6475
34841,9475,-19104
34842,30505,6675
34843,-8549,12090
34844,-8008,-26612
34845,48572,-5035
34846,14350,33464
34847,-37253,-4556
34848,16676,-30882
34849,31696,6370
34850,-21090,15821
34851,-3248,2073
34852,10959,21521
34853,-29964,13251
34854,-2460,-26541
34855,37593,-2908
34856,-13132,30666
34857,-31092,-14521
34858,27221,-32852
34859,19962,19253
34860,-36675,18871
34861,-15540,-11079
34862,25171,6874
34863,1488,-4783
34864,-3474,-29433
34865,22380,17753
34866,-8596,31434
34867,-28426,-28554
34868,22627,-20419
34869,25641,34740
34870,-18545,10145
34871,2532,-37440
34872,20580,-17286
34873,-15292,11866
34874,-3279,4312
34875,20987,10959
34876,-19612,17330
34877,-18701,-18227
34878,32870,-16623
34879,4686,27813
34880,-41612,1381
34881,-1887,-29841
34882,18471,22820
34883,-28340,28518
34884,-20057,-27046
34885,29263,-14502
34886,6464,1603
34887,-17530,-30789
34888,19467,-3132
34889,6473,41045
34890,-23998,1343
34891,28559,-22824
34892,34846,16666
34893,-27822,9593
34894,-1022,-27098
34895,33899,-1110
34896,-13418,22574
34897,-4405,-2055
34898,35654,8310
34899,-7469,25794
34900,-24669,-19860
34901,24095,-29589
34902,10579,23228
34903,-34289,13343
34904,-3106,-23602
34905,28973,10601
34906,-11574,30010
34907,-26282,-15242
34908,8613,-29684
34909,-5751,-2692
34910,-21872,3142
34911,21046,8298
34912,11102,24430
34913,-35953,-298
34914,4047,-28455
34915,33391,9628
34916,-23045,32586
34917,-28158,-11415
34918,21320,-12547
34919,17459,26926
34920,12365,8047
34921,33586,-7447
34922,-1629,17492
34923,-37028,-7453
34924,10188,-31818
34925,26444,17071
34926,-29389,24042
34927,-16678,-28959
34928,34179,-13036
34929,-2192,25951
34930,-27721,-10678
34931,13480,-36135
34932,-4817,-7147
34933,-36157,-9088
34934,18061,-15547
34935,29157,22013
34936,-29984,12848
34937,-11052,-35434
34938,31326,-4583
34939,-9447,35470
34940,-25791,-6898
34941,19261,-16966
34942,17838,26228
34943,-1824,6609
34944,19288,-19171
34945,7601,17556
34946,-27752,16613
34947,1437,-18667
34948,30483,3409
34949,-4549,15664
34950,-10460,-28365
34951,21240,-23445
34952,-2540,26241
34953,-30324,10273
34954,803,-24344
34955,5267,822
34956,-19264,3222
34957,9766,-29778
34958,23977,-3197
34959,-23997,16731
34960,-19011,-25200
34961,29033,-7954
34962,-1602,36827
34963,-42374,-8221
34964,-94,-34565
34965,25080,8171
34966,-2355,-1698
34967,8177,-21960
34968,20238,22755
34969,-12152,26053
34970,-2405,-24024
34971,28490,-11470
34972,-8463,21350
34973,-29867,-10557
34974,13888,-21480
34975,15816,26298
34976,-19695,24020
34977,-10809,-15272
34978,-2288,-4199
34979,-21961,463
34980,-7245,-20972
34981,17517,5860
34982,-7464,24962
34983,-18363,-15028
34984,24029,-16961
34985,23888,20734
34986,-25090,4407
34987,-14655,-22603
34988,20885,1889
34989,6005,12142
34990,10056,-9060
34991,27313,7314
34992,-17181,24327
34993,-27696,-14947
34994,31102,-20841
34995,20425,30089
34996,-25232,20849
34997,7847,-18516
34998,29495,8066
34999,-6635,17564
35000,-5951,-19425
35001,6402,-1427
35002,-21573,19400
35003,-11423,-19576
35004,32574,-10552
35005,9858,29443
35006,-25051,-5691
35007,10238,-27174
35008,17851,12937
35009,-31761,6568
35010,-17614,-18573
35011,25438,5532
35012,872,2356
35013,-7424,-27847
35014,25501,-722
35015,13,25380
35016,-32668,-11028
35017,3225,-18251
35018,16619,23879
35019,-14006,13105
35020,3677,-18586
35021,31117,16402
35022,-3943,38092
35023,-24576,1138
35024,780,654
35025,-7185,21163
35026,-15659,-4411
35027,22804,-12615
35028,17436,8421
35029,-20613,-11726
35030,5254,-25676
35031,18797,12323
35032,-23259,20433
35033,-12032,-9497
35034,23686,-3215
35035,183,1687
35036,-9479,-27327
35037,13563,-10348
35038,-7179,29232
35039,-27142,-748
35040,10994,-25276
35041,24848,15149
35042,-15957,15176
35043,-14777,-25366
35044,22169,-5590
35045,3310,23759
35046,-22387,4211
35047,1859,8231
35048,-403,25396
35049,-18661,-10971
35050,15115,-22672
35051,21962,25823
35052,-20641,17122
35053,-7424,-31698
35054,24310,-5985
35055,-2643,25683
35056,-12617,-8999
35057,10076,-21199
35058,-7275,-3215
35059,-16469,-20722
35060,20665,-17917
35061,15713,22042
35062,-22789,7614
35063,-2169,-27052
35064,23266,263
35065,-11180,15996
35066,-19645,-15055
35067,12947,-5926
35068,-2541,22304
35069,-24990,7860
35070,2231,5787
35071,-2213,19318
35072,-30978,-9568
35073,2273,-24403
35074,21906,15471
35075,-16849,23818
35076,-297,-10452
35077,40149,-497
35078,-437,25359
35079,-26766,-5859
35080,12360,-26554
35081,10232,2895
35082,-11694,-4135
35083,14432,-25055
35084,17749,10183
35085,-11892,14424
35086,-1045,-29012
35087,11294,-9864
35088,-19669,22452
35089,-23030,-8639
35090,17618,-11861
35091,17353,24164
35092,-18589,10895
35093,-11875,-5093
35094,3185,21291
35095,-17788,10703
35096,-4846,-21608
35097,26798,5658
35098,-4067,24164
35099,-19286,-15931
35100,22578,-16196
35101,12652,19820
35102,-22284,-157
35103,-4189,-21660
35104,-4954,3462
35105,-19263,-982
35106,20578,-16808
35107,27973,15085
35108,-22663,17738
35109,-15276,-22560
35110,22758,-4887
35111,-2846,30468
35112,-26061,-910
35113,4246,-20435
35114,10498,11261
35115,-10849,10890
35116,2097,-5226
35117,5658,17197
35118,-22658,14382
35119,-6035,-21124
35120,25012,-4730
35121,-3999,23479
35122,-19099,-6012
35123,13647,-16766
35124,8599,18792
35125,-18182,13066
35126,-5269,-14010
35127,543,-1887
35128,-17900,-4208
35129,-2336,-22390
35130,20476,7601
35131,-6783,27177
35132,-19958,-10861
35133,17801,-15872
35134,15774,20854
35135,-16014,7847
35136,8065,-23112
35137,19488,-1924
35138,-17706,15739
35139,-4717,-448
35140,20317,7138
35141,-15122,15276
35142,-18036,-14901
35143,16669,-13006
35144,-6920,19058
35145,-27947,-2359
35146,8735,-20001
35147,14689,19457
35148,-13932,18816
35149,-7335,-18053
35150,-220,-1966
35151,-17258,9885
35152,-3172,-16470
35153,20608,-1102
35154,-825,22132
35155,-7887,-10004
35156,30594,-16472
35157,24290,22300
35158,-20685,8892
35159,-7221,-27435
35160,19354,-851
35161,-4201,22290
35162,-5243,-4116
35163,15840,-756
35164,-9647,13314
35165,-19205,-19745
35166,15801,-14215
35167,2673,33224
35168,-30221,9193
35169,785,-25849
35170,24934,9731
35171,-6889,20431
35172,-16663,-7694
35173,-1355,4760
35174,-14252,13014
35175,-9405,-10052
35176,25252,3012
35177,7338,24764
35178,-28129,-4527
35179,3585,-21559
35180,24383,12540
35181,-12098,17756
35182,-9334,-14939
35183,20438,-2827
35184,6406,22606
35185,5371,-2322
35186,23982,-6789
35187,-5998,21211
35188,-23259,-1529
35189,20702,-17450
35190,24931,21406
35191,-20655,10827
35192,-10027,-27069
35193,24537,1323
35194,-664,16058
35195,-22728,-10788
35196,-3946,8939
35197,-9661,23677
35198,-13537,-18587
35199,21280,-18267
35200,13740,26224
35201,-25307,10250
35202,-1899,-23969
35203,24072,6993
35204,-11353,27360
35205,-19167,-10573
35206,17249,-11928
35207,15438,19461
35208,2615,307
35209,18868,-8059
35210,2491,23411
35211,-26735,125
35212,6300,-28765
35213,27039,13490
35214,-14959,19008
35215,-12615,-26822
35216,27079,-8495
35217,1796,24066
35218,-24781,-402
35219,752,-1419
35220,-6050,21171
35221,-21806,-7071
35222,14273,-23430
35223,14058,15510
35224,-29909,13988
35225,-7716,-23017
35226,31580,828
35227,-1584,26032
35228,-24291,-13722
35229,10280,-20419
35230,18729,15035
35231,2617,-2113
35232,16494,-12724
35233,11628,25322
35234,-19648,6368
35235,3909,-34148
35236,33769,4552
35237,-9142,26507
35238,-24721,-16291
35239,22968,-14414
35240,14774,17140
35241,-19004,3539
35242,5933,-1574
35243,5111,15832
35244,-28815,-7327
35245,809,-24124
35246,24441,18153
35247,-17214,26882
35248,-14933,-22312
35249,25629,-14881
35250,1247,26617
35251,-26884,-530
35252,5966,-23370
35253,17313,9708
35254,-2381,2670
35255,16061,-19328
35256,21108,15495
35257,-22753,15809
35258,-15878,-26240
35259,29343,319
35260,2162,30242
35261,-28645,-14702
35262,11048,-23424
35263,15665,22684
35264,-17140,16204
35265,4357,-4407
35266,12104,19539
35267,-23278,8899
35268,-2108,-29069
35269,30920,-1127
35270,-8056,26668
35271,-25070,-15962
35272,20338,-22541
35273,16890,21914
35274,-27891,4438
35275,-8133,-23888
35276,26320,8157
35277,1963,3331
35278,-835,-29743
35279,22927,8254
35280,-10384,29147
35281,-23568,-21557
35282,23438,-14607
35283,7762,34596
35284,-29172,3614
35285,13145,-32855
35286,24767,5585
35287,-17974,22437
35288,2548,939
35289,23968,16488
35290,-19868,15459
35291,-14505,-24940
35292,33213,-3455
35293,4617,33697
35294,-32610,-12086
35295,7123,-32052
35296,19882,22629
35297,-25139,19397
35298,-14394,-24967
35299,23128,-9756
35300,1947,-316
35301,-1699,-26040
35302,26258,-1553
35303,-7735,29923
35304,-29653,-7884
35305,24496,-23093
35306,21646,22621
35307,-30990,15593
35308,-2125,-26696
35309,28500,-1179
35310,-7373,24888
35311,-111,2086
35312,27678,14382
35313,-9667,24918
35314,-18528,-24540
35315,28516,-23124
35316,12695,30752
35317,-28908,6790
35318,6888,-34047
35319,31151,5308
35320,-16349,26355
35321,-17536,-12046
35322,23947,-16112
35323,-1847,-1546
35324,-18689,-20738
35325,26184,-8076
35326,9201,29445
35327,-31417,-665
35328,13000,-28791
35329,26430,20436
35330,-26257,25174
35331,-11455,-31587
35332,24609,-11058
35333,-462,34403
35334,2677,4773
35335,33151,-2481
35336,224,28044
35337,-26686,-4689
35338,17850,-27953
35339,24725,20768
35340,-27654,19610
35341,-13060,-26298
35342,33616,1195
35343,-430,30034
35344,-27282,-13743
35345,9559,-27533
35346,1448,-2830
35347,-21743,-21550
35348,19350,-21551
35349,22096,27579
35350,-24611,13038
35351,-1205,-36581
35352,27401,-1496
35353,-17183,32914
35354,-22583,-14007
35355,23656,-21205
35356,15323,20936
35357,-14,2799
35358,27907,-12123
35359,9334,20921
35360,-33383,-255
35361,1284,-30040
35362,30685,19421
35363,-15660,31346
35364,-16945,-28089
35365,33837,-18261
35366,11666,31479
35367,-25263,2219
35368,2842,-29659
35369,1116,-32
35370,-24402,-2841
35371,13457,-24230
35372,24034,13440
35373,-29608,19761
35374,-15449,-29458
35375,32261,-6888
35376,-4847,33532
35377,-33176,-11019
35378,13786,-25813
35379,22073,17009
35380,-6970,-940
35381,12454,-19584
35382,11954,26558
35383,-30905,18575
35384,-5168,-32581
35385,36821,-766
35386,-9727,35443
35387,-30892,-12061
35388,23139,-24623
35389,14550,23677
35390,-32322,11482
35391,-9274,-22237
35392,2674,3241
35393,-28890,985
35394,-1218,-31060
35395,33617,7300
35396,-9883,30715
35397,-24513,-25236
35398,24730,-19613
35399,16494,37274
35400,-23158,7870
35401,3298,-27250
35402,23634,6247
35403,-3894,1291
35404,7734,-24574
35405,24332,15466
35406,-19981,29601
35407,-21929,-20810
35408,32113,-13517
35409,10253,29443
35410,-34585,-2761
35411,4403,-26768
35412,25931,22507
35413,-14211,19567
35414,-12361,-27781
35415,5926,-476
35416,-19690,16094
35417,-11427,-28886
35418,26243,-5562
35419,-3414,37507
35420,-30519,-11425
35421,20433,-29322
35422,26659,24151
35423,-31404,11841
35424,-12539,-28155
35425,31853,-1989
35426,-314,7489
35427,-4629,-18915
35428,30693,6203
35429,-4365,26689
35430,-27911,-19302
35431,20622,-21731
35432,12833,32182
35433,-32185,11837
35434,1420,-33915
35435,29614,5443
35436,-12102,30141
35437,-19625,-10018
35438,4956,-2271
35439,-17573,20390
35440,-18573,-18418
35441,29138,-15799
35442,11397,31334
35443,-33565,121
35444,9221,-32615
35445,36868,17770
35446,-18031,25376
35447,-20241,-23438
35448,21635,-10468
35449,-235,8534
35450,-7743,-24355
35451,27966,-9302
35452,-2269,31133
35453,-37152,-6885
35454,14182,-32507
35455,30044,19555
35456,-25453,21287
35457,-14539,-28206
35458,33545,-7567
35459,3019,21968
35460,-27592,-6929
35461,2231,593
35462,-5045,27815
35463,-27607,-11045
35464,16986,-21815
35465,28011,30965
35466,-24495,14856
35467,-8052,-35762
35468,27514,-1289
35469,-16003,28825
35470,-23872,-10599
35471,21124,-15808
35472,650,5411
35473,-16606,-19651
35474,28479,-17004
35475,16730,27910
35476,-32189,7218
35477,-2135,-29339
35478,28921,13509
35479,-12047,29890
35480,-19562,-25294
35481,22497,-17877
35482,7577,31482
35483,-25592,8860
35484,875,-8289
35485,5627,23461
35486,-23396,-453
35487,8839,-34429
35488,28302,9362
35489,-25570,22693
35490,-17830,-24595
35491,35309,-8805
35492,2060,32773
35493,-27569,3038
35494,10399,-20236
35495,2352,2249
35496,-23617,-9064
35497,13821,-19273
35498,21732,23639
35499,-20681,21785
35500,-4209,-27605
35501,31593,-5263
35502,-3628,29006
35503,-25285,-15260
35504,17327,-30349
35505,16009,15249
35506,-22135,16481
35507,2246,2822
35508,17202,22844
35509,-23114,4431
35510,-5015,-27684
35511,31691,7867
35512,-14089,29708
35513,-28765,-16253
35514,23660,-17656
35515,12557,27746
35516,-22919,6522
35517,-1046,-26707
35518,-1954,3443
35519,-24911,4194
35520,8633,-25346
35521,28047,7551
35522,-16556,24569
35523,-19312,-24020
35524,25418,-17418
35525,6985,27869
35526,-27205,2735
35527,9740,-21979
35528,24577,12955
35529,-12863,19959
35530,1114,-850
35531,19762,14066
35532,-19753,11720
35533,-12574,-24476
35534,30352,-6126
35535,904,30967
35536,-24723,-3751
35537,13075,-25495
35538,13317,18320
35539,-21378,15669
35540,-10472,-20284
35541,-321,4074
35542,-20872,13061
35543,-3496,-22397
35544,24542,-2337
35545,-7778,23378
35546,-25656,-18094
35547,16727,-22463
35548,15469,26114
35549,-24131,12970
35550,-985,-24144
35551,23761,2499
35552,-6592,23933
35553,-1443,1310
35554,21420,7979
35555,-13562,21048
35556,-19008,-11753
35557,27678,-11437
35558,10641,26259
35559,-27984,286
35560,4787,-29407
35561,21799,11728
35562,-15541,20280
35563,-15132,-14254
35564,4322,2558
35565,-14138,13813
35566,-9544,-19364
35567,19742,-4672
35568,-2952,28698
35569,-24530,-3893
35570,15274,-24173
35571,23133,15902
35572,-19927,18326
35573,-10148,-20083
35574,21564,-7609
35575,1454,19490
35576,-1566,1709
35577,23005,1279
35578,-2953,19731
35579,-21761,-8504
35580,18220,-20102
35581,17689,20443
35582,-23637,11990
35583,-5946,-23129
35584,21552,4936
35585,-5341,22106
35586,-13869,-7410
35587,4609,629
35588,-12276,14471
35589,-16015,-16223
35590,20306,-11735
35591,10953,26264
35592,-23112,6324
35593,3520,-23730
35594,22912,7277
35595,-14528,19779
35596,-16408,-17205
35597,16114,-11046
35598,7534,19875
35599,1891,41
35600,22246,-6965
35601,1993,21029
35602,-23933,-876
35603,6866,-25126
35604,19761,13007
35605,-16816,17662
35606,-11172,-20349
35607,23624,-4838
35608,4219,16891
35609,-17075,-5695
35610,3197,747
35611,-4186,22584
35612,-19943,-4567
35613,11593,-16529
35614,16340,17850
35615,-21004,10785
35616,-8403,-23484
35617,19671,907
35618,-7213,24369
35619,-19155,-10888
35620,13226,-14961
35621,15637,17646
35622,200,598
35623,13611,-13050
35624,8264,17482
35625,-18388,5077
35626,669,-22633
35627,22701,9207
35628,-8803,19182
35629,-15174,-18528
35630,20760,-11122
35631,8497,17037
35632,-20504,5324
35633,-457,3371
35634,5070,17444
35635,-14427,-4304
35636,5593,-18614
35637,17552,13248
35638,-14146,15493
35639,-9606,-21390
35640,21729,-7445
35641,1658,24927
35642,-20228,-1549
35643,7697,-16375
35644,18309,11336
35645,-227,239
35646,7662,-16425
35647,9148,14015
35648,-17767,11007
35649,-5371,-22291
35650,24333,-628
35651,-2130,19602
35652,-19876,-12261
35653,15039,-14358
35654,14188,15860
35655,-15095,7054
35656,1316,-4498
35657,8465,13158
35658,-16869,1712
35659,-630,-20183
35660,18489,7109
35661,-14003,21035
35662,-17189,-14112
35663,18439,-12385
35664,4726,17997
35665,-22792,-1517
35666,1951,-18459
35667,18037,5895
35668,-378,-320
35669,7995,-16056
35670,17797,14062
35671,-13260,16553
35672,-14793,-20992
35673,18490,-7485
35674,1420,21053
35675,-21688,-4246
35676,9566,-15528
35677,15823,13417
35678,-10944,13414
35679,1520,-720
35680,8289,10927
35681,-18060,2262
35682,-6348,-21220
35683,19092,2580
35684,-2686,22848
35685,-13177,-12309
35686,15650,-18294
35687,12545,18958
35688,-16550,7349
35689,-5039,-19327
35690,16297,337
35691,3995,1829
35692,3340,-16755
35693,13452,6113
35694,-11730,16733
35695,-18267,-13777
35696,17191,-8729
35697,6814,18452
35698,-25043,1795
35699,4630,-15602
35700,24158,4682
35701,-7119,11778
35702,-3785,790
35703,15534,12988
35704,-7471,15247
35705,-7846,-12512
35706,23513,-4603
35707,6180,22802
35708,-22298,-4596
35709,3410,-24003
35710,15019,13836
35711,-16260,16712
35712,-10116,-15099
35713,16856,-3797
35714,-542,3219
35715,-4570,-17587
35716,20671,-369
35717,-2131,17292
35718,-21595,-12175
35719,19000,-12495
35720,19517,23525
35721,-20399,10468
35722,-2522,-19111
35723,16282,2973
35724,-9272,17890
35725,-151,-1253
35726,20139,10845
35727,-7108,21957
35728,-11827,-15606
35729,21728,-17602
35730,10000,21075
35731,-19473,3147
35732,7351,-22445
35733,26712,8862
35734,-10453,14123
35735,-15782,-15683
35736,16394,-6769
35737,528,2442
35738,-12154,-16081
35739,20705,-312
35740,7011,23913
35741,-24539,-4485
35742,8391,-21894
35743,16618,9242
35744,-22104,9305
35745,-6140,-18859
35746,19164,-1017
35747,-3963,18091
35748,1982,-4248
35749,23449,135
35750,-7326,20126
35751,-21885,-4077
35752,13440,-9171
35753,11412,24693
35754,-21778,10307
35755,-7424,-20029
35756,13324,7169
35757,-11437,22238
35758,-14675,-11012
35759,12817,-18624
35760,-328,-4418
35761,-10407,-14176
35762,22759,-10655
35763,12762,13409
35764,-21523,3051
35765,9474,-15067
35766,28182,9480
35767,-16061,20270
35768,-20047,-10596
35769,17218,-8314
35770,15297,17370
35771,6255,-1210
35772,15200,-9706
35773,-5542,19396
35774,-25791,4197
35775,5045,-19077
35776,20538,16736
35777,-11641,17954
35778,-5310,-27068
35779,29222,-8179
35780,4338,25041
35781,-20722,-1740
35782,9313,-11442
35783,6524,5443
35784,-17774,-10411
35785,14791,-7486
35786,22514,31108
35787,-26049,14196
35788,-15492,-31524
35789,24428,-1994
35790,850,36413
35791,-12355,-2810
35792,18018,-24493
35793,14761,6506
35794,3472,-1439
35795,21755,-11334
35796,8181,23109
35797,-18409,11930
35798,9965,-23292
35799,26650,7394
35800,-16614,25912
35801,-23314,-13239
35802,18544,-10713
35803,9033,23441
35804,-20108,2721
35805,-131,-21471
35806,1880,-1287
35807,-19701,-7230
35808,8805,-24591
35809,20825,15141
35810,-24179,30738
35811,-12204,-14540
35812,34520,-6002
35813,1667,29672
35814,-26613,-3379
35815,16921,-18871
35816,20358,15709
35817,-9534,589
35818,15023,-19578
35819,17997,15470
35820,-24954,8992
35821,-6698,-30731
35822,27765,52
35823,-6869,28470
35824,-19719,-16503
35825,21753,-23684
35826,19572,25881
35827,-10363,14892
35828,-1555,-26206
35829,-2415,-7393
35830,-26899,5717
35831,-5652,-16543
35832,23925,8307
35833,-8010,32053
35834,-21171,-14006
35835,24142,-20791
35836,17833,25590
35837,-29463,5146
35838,-7880,-25255
35839,27610,6140
35840,12248,3831
35841,14481,-22377
35842,17921,8335
35843,-19534,17368
35844,-4628,-26376
35845,44179,-13665
35846,3780,32370
35847,-38752,5191
35848,9735,-28566
35849,24855,8362
35850,-20342,20099
35851,-15317,-14339
35852,5159,-2471
35853,-16929,4347
35854,-8201,-30062
35855,30187,-2051
35856,6944,34467
35857,-28495,-16262
35858,5754,-31261
35859,17711,21901
35860,-25881,16099
35861,-6949,-13837
35862,30959,3399
35863,-3123,1515
35864,-4421,-19328
35865,27568,7251
35866,-14960,29330
35867,-32286,-5961
35868,27260,-14490
35869,23271,23804
35870,-21004,1550
35871,3953,-39264
35872,23072,6302
35873,-13850,29183
35874,-15003,-16672
35875,15045,2052
35876,-5452,28972
35877,-18866,-25105
35878,20196,-23563
35879,3773,33557
35880,-44158,5837
35881,-106,-26871
35882,28307,13253
35883,-31273,16117
35884,-23305,-22487
35885,27593,-15097
35886,-3100,-3930
35887,-12239,-22092
35888,27652,-2584
35889,901,30460
35890,-22917,330
35891,22874,-24923
35892,23876,10319
35893,-21864,9640
35894,-8679,-26910
35895,21109,1250
35896,-5622,34178
35897,-24657,4370
35898,-2667,-5372
35899,-10275,5828
35900,-21682,-22429
35901,21651,-22025
35902,20454,26428
35903,-38125,19788
35904,-8490,-20884
35905,45779,4236
35906,-2710,35148
35907,-31116,-5191
35908,5777,-28847
35909,-8092,-1990
35910,-17140,-10073
35911,26463,-15020
35912,6698,27948
35913,-40344,12873
35914,441,-34927
35915,34155,3410
35916,-17528,33446
35917,-35463,-10987
35918,17985,-8154
35919,26238,27306
35920,-7869,3115
35921,2004,-6384
35922,4101,23121
35923,-26292,733
35924,671,-21363
35925,30542,26031
35926,-13136,30224
35927,-16760,-30615
35928,23704,-19188
35929,-5951,29381
35930,-27522,2208
35931,10926,-22955
35932,-766,156
35933,-24144,-11593
35934,22099,-23149
35935,27900,18111
35936,-27894,17362
35937,-6348,-26634
35938,46774,-1125
35939,2652,34843
35940,-32488,-8892
35941,21680,-21021
35942,21301,32899
35943,-28955,25955
35944,2038,-3240
35945,19311,25809
35946,-28960,11925
35947,-174,-35693
35948,46339,-3335
35949,-6036,18341
35950,-21352,-30812
35951,32934,-20287
35952,14112,32291
35953,-27994,9946
35954,-3068,-15661
35955,1814,11659
35956,-30163,-1509
35957,-13618,-30812
35958,10978,12592
35959,-17815,36716
35960,-21208,-13356
35961,23700,-12085
35962,12609,34509
35963,-24516,4397
35964,12626,-36189
35965,31183,444
35966,-19217,23389
35967,-6983,6643
35968,31849,22343
35969,-10456,18467
35970,-18520,-29126
35971,30499,-7108
35972,294,40955
35973,-33252,-8263
35974,19065,-40627
35975,29620,17441
35976,-14329,16912
35977,-7816,-31019
35978,444,-7582
35979,-21262,3586
35980,4933,-31231
35981,34021,-861
35982,-8002,37946
35983,-22318,-5993
35984,30670,-24290
35985,23027,21354
35986,-33189,11800
35987,-14530,-28922
35988,19875,3553
35989,-570,34186
35990,6652,968
35991,23835,4787
35992,-19845,30457
35993,-27183,-12361
35994,24525,-21761
35995,10530,35944
35996,-21307,14875
35997,20254,-30340
35998,28105,13665
35999,-19830,22426
36000,-8463,-24765
36001,10981,45
36002,-26064,19640
36003,-17477,-31871
36004,28598,-22666
36005,1940,30495
36006,-31883,-1928
36007,4433,-38902
36008,14836,8586
36009,-26035,27170
36010,-16315,-11911
36011,19851,1643
36012,3824,24793
36013,-2277,-12072
36014,24009,-8806
36015,-2706,30349
36016,-35424,2042
36017,6970,-8745
36018,24676,39514
36019,-21555,14422
36020,-11339,-39422
36021,29393,-2934
36022,-3824,25712
36023,-28053,-3741
36024,7265,8043
36025,1984,23183
36026,-14386,-24943
36027,21411,-33893
36028,11627,16580
36029,-30897,5765
36030,6428,-32440
36031,36207,5945
36032,-14052,39778
36033,-27133,-2603
36034,14367,-21754
36035,20159,7034
36036,8908,-1641
36037,12492,-11683
36038,-9010,23161
36039,-31072,13557
36040,6789,-25481
36041,35365,6199
36042,-12610,25265
36043,-27364,-20447
36044,26554,-10362
36045,14692,31243
36046,-30196,11040
36047,546,2423
36048,10770,16336
36049,-20787,-18241
36050,10127,-27740
36051,20189,23961
36052,-33877,21927
36053,-14311,-25175
36054,36072,-4927
36055,5119,24785
36056,-15770,-18997
36057,12424,-34162
36058,8419,5952
36059,-1269,-9810
36060,23072,-24840
36061,15184,28263
36062,-27187,21371
36063,-13825,-38215
36064,23583,-15484
36065,-9353,19457
36066,-32573,-8068
36067,13741,-4540
36068,7838,27056
36069,-33547,7680
36070,926,-6050
36071,16851,23838
36072,-25563,10573
36073,-5735,-26770
36074,32021,7350
36075,6602,32806
36076,5921,-15366
36077,36135,-15038
36078,5567,29842
36079,-30707,5214
36080,3952,-18814
36081,28696,9171
36082,3062,1692
36083,8991,-16183
36084,23083,6550
36085,-19414,1509
36086,-27736,-26604
36087,19214,-3179
36088,4483,28303
36089,-26242,224
36090,11217,-24315
36091,18100,11296
36092,-21349,28407
36093,-11728,299
36094,-2677,8160
36095,-27139,20160
36096,-1229,-11222
36097,28746,1992
36098,-13912,34696
36099,-31458,-7509
36100,15849,-25552
36101,18882,22052
36102,-20542,14476
36103,-7352,-16287
36104,26013,2529
36105,12593,-5968
36106,5190,-30226
36107,19666,6951
36108,-9623,26744
36109,-27292,-16439
36110,19533,-17436
36111,18769,24063
36112,-26865,5297
36113,-995,-30799
36114,24953,-1244
36115,-9106,25264
36116,-3193,10766
36117,17733,18982
36118,-19731,17332
36119,-24295,-23084
36120,24442,-10778
36121,11488,29785
36122,-30149,46
36123,2693,-23135
36124,30319,18692
36125,-10540,23428
36126,-10937,-13984
36127,23606,-6639
36128,-3246,5917
36129,-10239,-16794
36130,30441,-3230
36131,674,29717
36132,-31953,1801
36133,20611,-18380
36134,26494,19133
36135,-27001,13994
36136,-10836,-24963
36137,19728,-1200
36138,-4552,27187
36139,153,6414
36140,26001,3919
36141,-5022,9610
36142,-29600,-18556
36143,1844,-13686
36144,5401,30683
36145,-21347,20507
36146,4129,-15393
36147,33399,7624
36148,-40,24759
36149,-14959,-12926
36150,15226,-20489
36151,3187,3575
36152,-18169,-4793
36153,15294,528
36154,20635,27324
36155,-13440,-121
36156,4035,-30803
36157,19642,3507
36158,-18141,14287
36159,-17936,-23658
36160,15098,-10515
36161,8031,24658
36162,2540,-3
36163,9415,-18324
36164,-16753,684
36165,-25991,-12499
36166,9087,-16624
36167,11094,28422
36168,-19136,22896
36169,-4595,-25177
36170,22267,-5774
36171,-2532,24811
36172,-21246,-5871
36173,576,-15656
36174,-1697,7559
36175,-11257,-7883
36176,17771,-13846
36177,14358,22628
36178,-25920,13062
36179,-6823,-25922
36180,27365,-1975
36181,-161,23937
36182,-11601,-4134
36183,19036,-4422
36184,14868,16759
36185,4523,-5935
36186,23581,-8675
36187,5080,23088
36188,-25316,2430
36189,6706,-23355
36190,26645,12712
36191,-10545,21533
36192,-13995,-17635
36193,10613,-10309
36194,-8762,20068
36195,-20620,3470
36196,6304,-13774
36197,3208,-1315
36198,-13550,-7835
36199,8335,-18356
36200,9040,6722
36201,-26843,13823
36202,-12846,-9421
36203,26015,9206
36204,6780,29732
36205,-11774,-11369
36206,17871,-23152
36207,19148,16369
36208,-3572,5651
36209,12068,-14940
36210,12387,15508
36211,-16237,8533
36212,6851,-29251
36213,32469,-5399
36214,-9592,15657
36215,-22796,-19919
36216,20578,-19974
36217,15382,18708
36218,-14975,9297
36219,369,-14225
36220,2509,309
36221,-20175,-2068
36222,-1479,-18101
36223,13687,12496
36224,-18004,26333
36225,-14678,-17672
36226,24673,-17240
36227,7110,21389
36228,-26080,709
36229,-742,-20195
36230,17800,7277
36231,2656,3800
36232,14263,-10563
36233,18717,15118
36234,-14569,6873
36235,-9112,-30256
36236,21624,-5489
36237,-1576,26960
36238,-22691,-5147
36239,8893,-23052
36240,16700,8404
36241,-9957,7511
36242,-6304,-19324
36243,-130,-3218
36244,-17678,10553
36245,-272,-13896
36246,27412,-3926
36247,-3358,21617
36248,-21064,-9287
36249,17921,-20901
36250,15468,19678
36251,-21254,11627
36252,-4485,-17007
36253,13815,6418
36254,-3493,6641
36255,7682,-21493
36256,17182,5548
36257,-16123,27338
36258,-14299,-7602
36259,22206,-7266
36260,7696,25376
36261,-16420,2798
36262,11087,-22864
36263,21569,4383
36264,-11917,8093
36265,-18382,-15519
36266,-4849,4945
36267,-15150,16080
36268,-5935,-19512
36269,21667,-12604
36270,-1965,16677
36271,-27478,-15180
36272,9652,-27467
36273,21564,19835
36274,-17910,17710
36275,-10475,-15753
36276,18850,1517
36277,1563,4534
36278,-1028,-22039
36279,17645,2001
36280,-9423,24722
36281,-22591,-10334
36282,20519,-11137
36283,19728,29121
36284,-22701,9951
36285,-5617,-25528
36286,21788,2764
36287,-7751,20706
36288,-17173,-3986
36289,6205,5528
36290,-7338,16614
36291,-11061,-18986
36292,23143,-15237
36293,4955,22773
36294,-33583,-2118
36295,4400,-28180
36296,31246,8533
36297,-13369,17488
36298,-17350,-13338
36299,16184,-8463
36300,-1849,-900
36301,-11266,-17752
36302,15986,3760
36303,-2191,33188
36304,-26165,-2426
36305,8458,-25380
36306,18578,17008
36307,-19517,21310
36308,-11844,-15721
36309,23030,1706
36310,4755,23579
36311,-17877,-174
36312,-720,3854
36313,-5466,17177
36314,-17567,-15012
36315,14349,-15296
36316,15383,25736
36317,-23727,10434
36318,-776,-21941
36319,30371,3817
36320,-7740,14504
36321,-16233,-19581
36322,17539,-17434
36323,307,3996
36324,-12407,-14066
36325,21515,-16081
36326,9763,14581
36327,-25326,121
36328,2829,-26518
36329,21474,8532
36330,-19523,27613
36331,-19656,-9678
36332,24287,-5829
36333,10784,24202
36334,-20429,3871
36335,-1017,-1344
36336,101,24058
36337,-20453,-2079
36338,10376,-21922
36339,25690,19206
36340,-14845,16497
36341,-4069,-28068
36342,34499,-6867
36343,328,25017
36344,-23863,-5584
36345,11959,-19244
36346,5687,2320
36347,-18476,-10574
36348,15947,-17517
36349,20461,16070
36350,-26524,7530
36351,-10437,-26444
36352,26943,5248
36353,-9293,32549
36354,-26124,-7986
36355,18661,-16204
36356,13114,20150
36357,-21279,13243
36358,359,3140
36359,5334,25808
36360,-22964,7814
36361,7209,-21674
36362,32582,9862
36363,-14335,22302
36364,-19393,-19155
36365,25019,-11177
36366,6454,26420
36367,-21556,2516
36368,2522,-19352
36369,-1813,3692
36370,-21410,-6570
36371,11277,-23749
36372,20274,14157
36373,-23807,20209
36374,-14730,-26559
36375,28539,-12262
36376,1819,30812
36377,-27898,1065
36378,12744,-25868
36379,21245,9302
36380,-18358,19283
36381,-629,1443
36382,19321,16287
36383,-21493,10951
36384,-13444,-24717
36385,32597,-3714
36386,1337,27617
36387,-26164,-11665
36388,16681,-22174
36389,16242,29716
36390,-20139,16569
36391,-1853,-25412
36392,3012,3607
36393,-25635,9368
36394,2676,-24883
36395,27402,4868
36396,-17695,28311
36397,-22971,-12035
36398,26238,-14290
36399,21685,20156
36400,-15535,26425
36401,-24929,19865
36402,-27688,-3878
36403,-17950,-32037
36404,13692,-13417
36405,21718,20842
36406,32,25623
36407,-15100,19604
36408,-22434,6821
36409,-25035,-18545
36410,-7505,-32015
36411,18606,-24446
36412,29024,-8714
36413,26065,15618
36414,14509,32319
36415,-8497,10507
36416,-20098,-22184
36417,294,-26862
36418,24741,-19231
36419,27768,460
36420,20171,27528
36421,8424,19518
36422,393,-1616
36423,3035,3447
36424,1264,5860
36425,-1086,54
36426,3060,1908
36427,-2348,-1647
36428,-4597,-2953
36429,4911,3500
36430,2955,2450
36431,-2745,1812
36432,-521,4208
36433,-658,-41
36434,326,-857
36435,361,2329
36436,-3291,-285
36437,-2216,916
36438,-2063,5826
36439,-2690,1011
36440,729,-1586
36441,-71,5303
36442,-2681,2965
36443,-749,-3074
36444,3872,1001
36445,5425,2047
36446,-2444,541
36447,-6024,4038
36448,3074,1999
36449,4750,-2888
36450,-2083,-2605
36451,-7,-1336
36452,6116,-515
36453,3327,-1469
36454,-3465,-1526
36455,-1752,2914
36456,2992,4127
36457,-93,1695
36458,-4771,2479
36459,-6645,2411
36460,-4725,-3787
36461,2396,-9338
36462,1985,-5309
36463,-6304,-1355
36464,-5931,-7101
36465,-786,-8149
36466,-956,-1581
36467,-1414,-56
36468,-134,1904
36469,-1131,6857
36470,-1056,5290
36471,2613,-698
36472,1922,-3508
36473,-829,808
36474,1981,8339
36475,-210,10611
36476,-4836,10802
36477,1250,11021
36478,4485,2753
36479,893,-7768
36480,2614,-3707
36481,4505,5801
36482,4343,551
36483,1058,-4122
36484,-5520,7023
36485,-2438,7469
36486,-160,-4771
36487,-5116,-755
36488,3251,5353
36489,8030,-1793
36490,-3594,-1728
36491,-2633,3195
36492,3264,2456
36493,-409,2978
36494,1507,1409
36495,984,-287
36496,-2982,-1537
36497,-2145,-8906
36498,-7131,-2626
36499,-2579,8667
36500,6938,-5267
36501,-4895,-6122
36502,-1154,13346
36503,15518,-658
36504,-3729,-12210
36505,-11052,10385
36506,10584,8922
36507,-471,-4770
36508,-12226,3404
36509,4407,10
36510,1229,-3840
36511,-6218,3765
36512,3433,-2836
36513,2751,439
36514,1582,10555
36515,4206,92
36516,-1936,1590
36517,-733,8521
36518,6173,-2666
36519,6972,-2100
36520,4325,-2190
36521,-1983,-15054
36522,-2464,-8891
36523,3680,-2169
36524,3580,-10854
36525,-4658,-6548
36526,-16263,7434
36527,-14668,11424
36528,-3677,7005
36529,-6885,5308
36530,-8458,6556
36531,-2242,1613
36532,-4320,1013
36533,465,5886
36534,7040,1541
36535,2656,-2135
36536,4015,-2871
36537,3556,-2647
36538,-1223,5371
36539,2722,1182
36540,3103,-8826
36541,-1342,1279
36542,-7857,8863
36543,-13223,7052
36544,-2790,8818
36545,946,2761
36546,-7527,961
36547,809,8679
36548,5262,3199
36549,-1635,-3311
36550,3021,1231
36551,-1959,-1267
36552,-14091,-6913
36553,-4677,-364
36554,4248,6248
36555,-6566,-774
36556,-15593,-5930
36557,-5364,295
36558,6086,1754
36559,-3075,-1127
36560,-7985,-180
36561,2465,-1721
36562,228,-88
36563,-1831,5836
36564,5046,4508
36565,-3508,-161
36566,-5284,-5057
36567,9348,-7943
36568,3723,-692
36569,-7221,6504
36570,2580,5953
36571,9091,3922
36572,3387,-2440
36573,-1756,-6446
36574,-1498,2020
36575,5429,7183
36576,6020,2287
36577,-2159,1592
36578,-1863,2222
36579,499,-2156
36580,-2356,-1259
36581,2555,3924
36582,6025,2724
36583,-1974,-1114
36584,-3660,-2373
36585,1043,-2435
36586,-1896,593
36587,-2153,4639
36588,4392,3435
36589,2260,295
36590,-1148,264
36591,6163,-24
36592,5896,-75
36593,-2734,1937
36594,532,507
36595,2786,637
36596,-4937,5670
36597,-4365,555
36598,304,-6365
36599,633,1393
36600,2249,3324
36601,-419,-2771
36602,-3023,2437
36603,1222,4007
36604,100,-77
36605,-2385,5408
36606,2597,4323
36607,3384,-3323
36608,-2486,-1351
36609,-5173,-519
36610,-598,-1008
36611,2899,2451
36612,-3826,-740
36613,-5486,-2752
36614,4947,2222
36615,5765,2015
36616,-1216,58
36617,90,-218
36618,2426,-3091
36619,1700,-2488
36620,1513,-515
36621,1653,-2780
36622,4100,-2889
36623,3788,-896
36624,-534,-233
36625,259,343
36626,3390,-1026
36627,2961,-1734
36628,1624,2128
36629,-22,5754
36630,-858,4937
36631,-719,648
36632,-1229,-1661
36633,631,2751
36634,1995,5965
36635,-1493,1572
36636,-2970,-1273
36637,-1110,946
36638,-541,706
36639,1611,-801
36640,2457,928
36641,-929,1491
36642,-294,400
36643,799,1453
36644,-3539,1286
36645,-2070,310
36646,3708,1732
36647,2470,14
36648,-291,-2883
36649,-120,69
36650,894,1035
36651,1971,-3267
36652,972,-4223
36653,2571,-2737
36654,4231,-1371
36655,-1273,1173
36656,-1143,-65
36657,3959,-2366
36658,-219,2141
36659,-1744,3813
36660,1574,-3435
36661,-304,-3034
36662,3008,6928
36663,5439,6153
36664,-1978,-2050
36665,-2398,581
36666,1743,4526
36667,1525,-1910
36668,2968,-4620
36669,467,-200
36670,-1103,-763
36671,3405,-963
36672,-716,2889
36673,-2556,1556
36674,3947,39
36675,-375,1598
36676,1048,239
36677,11768,1464
36678,2514,1661
36679,-6223,-3381
36680,2525,-1872
36681,2820,-684
36682,229,-2814
36683,3285,3404
36684,-1231,3699
36685,-5796,636
36686,-6649,6586
36687,-4277,-762
36688,3692,-7119
36689,1210,3947
36690,-1332,-2478
36691,9838,-7437
36692,5416,8439
36693,-4891,-707
36694,5859,-11935
36695,5106,6345
36696,-8140,4082
36697,749,-8975
36698,6641,2590
36699,-6889,1568
36700,-4339,-8395
36701,8096,5071
36702,-711,11624
36703,-7648,757
36704,5082,2210
36705,5697,7818
36706,-4519,523
36707,2336,-3732
36708,5078,3398
36709,-7541,5059
36710,-3433,-2334
36711,8390,-948
36712,-279,5843
36713,-5163,-2584
36714,9129,-11205
36715,8535,1725
36716,-9820,8426
36717,-6953,-5046
36718,9679,-2547
36719,4966,11700
36720,-4960,3344
36721,1574,-5557
36722,4951,4245
36723,-1883,4281
36724,-1210,-4917
36725,6979,523
36726,4719,9384
36727,-5796,3860
36728,-500,-4455
36729,10470,1210
36730,54,6974
36731,-7107,-3899
36732,6445,-7244
36733,8362,6719
36734,-2618,5721
36735,-2022,-6897
36736,6023,-3588
36737,11102,4908
36738,4855,3530
36739,-7298,-4354
36740,-2801,-9026
36741,5013,2388
36742,-3847,13683
36743,-5950,2288
36744,5256,-9092
36745,8453,-3914
36746,2149,1053
36747,-7179,4311
36748,-9560,4352
36749,1428,-6333
36750,6037,-7842
36751,-2531,2253
36752,-3667,-506
36753,4281,-4573
36754,6339,3120
36755,59,1799
36756,-4518,-5142
36757,-1238,-3
36758,-1103,4830
36759,-6141,-1634
36760,1395,-7682
36761,10000,-709
36762,-1996,7821
36763,-7858,772
36764,4281,-2540
36765,2180,5937
36766,-3148,1112
36767,6524,-2429
36768,1821,6959
36769,-7261,1806
36770,3723,-2284
36771,6247,6864
36772,-875,-329
36773,886,-7801
36774,-1953,1118
36775,-4176,1996
36776,-751,169
36777,-1188,2179
36778,3755,-3497
36779,5944,-4554
36780,1807,3506
36781,7178,8168
36782,3766,5773
36783,-6896,149
36784,1019,924
36785,5823,3256
36786,-1356,165
36787,-112,2032
36788,2076,2056
36789,1643,-2109
36790,1967,3548
36791,-4740,3294
36792,-9004,-6650
36793,-1485,-4074
36794,3644,2825
36795,-5538,3602
36796,-14096,1584
36797,-5147,-3563
36798,2045,-1700
36799,-1933,2296
36800,5396,-1876
36801,13113,-393
36802,4376,1526
36803,519,-3930
36804,3347,-1107
36805,-1887,1435
36806,-5380,-4679
36807,-1901,-4323
36808,589,-360
36809,2894,1233
36810,5794,2271
36811,3068,1633
36812,-1249,6256
36813,2478,7360
36814,4674,-5205
36815,-1321,-9096
36816,-2478,165
36817,-714,3631
36818,-3771,3735
36819,-3924,4463
36820,-1436,3127
36821,-295,2429
36822,1017,1108
36823,-3,-96
36824,-1349,328
36825,243,301
36826,3588,-121
36827,5971,-1321
36828,1652,-581
36829,-3857,551
36830,-2294,-1008
36831,149,2047
36832,679,3042
36833,-100,-1885
36834,-617,2222
36835,3601,3788
36836,2524,-2544
36837,-3575,2446
36838,593,4320
36839,3923,-2393
36840,-2248,330
36841,-4212,1140
36842,-2396,1024
36843,-1292,5372
36844,584,-1682
36845,1067,-3378
36846,2713,5284
36847,3309,660
36848,1381,-1036
36849,3612,4084
36850,2811,-2207
36851,-2823,-1724
36852,526,5442
36853,5529,1509
36854,-54,407
36855,-5916,3385
36856,-5244,1217
36857,-2030,1588
36858,1829,-33
36859,1236,-4966
36860,-2855,-305
36861,358,5023
36862,4191,637
36863,-1132,-240
36864,-2203,2047
36865,627,-2092
36866,-3217,-1005
36867,11,5096
36868,8644,2690
36869,5099,1281
36870,-2277,3760
36871,-3902,-603
36872,624,-4404
36873,7015,-1963
36874,2630,1277
36875,-2005,52
36876,3151,-3731
36877,2014,2357
36878,-1993,5157
36879,-1025,-6770
36880,-570,-4096
36881,3541,3523
36882,2685,-6284
36883,-2343,-1631
36884,4161,6169
36885,2578,-7164
36886,-6540,-4832
36887,-464,2788
36888,-1007,-5966
36889,-4141,1346
36890,7930,5762
36891,2603,-6882
36892,-7339,1899
36893,5564,7206
36894,3825,-7022
36895,-5918,770
36896,4318,8718
36897,3057,-3447
36898,-3094,-269
36899,7210,3835
36900,2082,-5018
36901,-7364,1718
36902,4279,4895
36903,2852,-6080
36904,-7405,2759
36905,2808,10312
36906,3356,-3084
36907,-8347,-777
36908,-122,6247
36909,4918,-4251
36910,-2882,-1865
36911,3232,4344
36912,4134,-5182
36913,-6362,-139
36914,691,8541
36915,5898,-1752
36916,-1355,154
36917,3765,5395
36918,3977,-9480
36919,-4475,-8272
36920,2275,4337
36921,-109,-4719
36922,-10385,-3407
36923,4582,10755
36924,10510,1603
36925,-5910,-2617
36926,-385,6734
36927,8911,-4761
36928,-2527,-6412
36929,-1091,12097
36930,5779,3278
36931,-3559,-7195
36932,-2723,5626
36933,2396,-58
36934,-5350,-6792
36935,1047,6081
36936,8809,-807
36937,-4999,-6373
36938,-3262,9047
36939,7283,1779
36940,-4996,-7396
36941,-4615,5806
36942,6914,1897
36943,-1414,-3467
36944,210,6278
36945,6045,-1698
36946,-6151,-5252
36947,-2642,7800
36948,3671,4113
36949,-6932,-698
36950,-1401,367
36951,3401,-7089
36952,-5160,-1668
36953,1935,6219
36954,3814,-347
36955,-4289,137
36956,533,-258
36957,-416,-3592
36958,-2437,3828
36959,2369,1011
36960,-4031,-5193
36961,-2450,834
36962,5155,-1124
36963,-1837,-2345
36964,-1123,3247
36965,1424,-382
36966,-4816,-1171
36967,785,-508
36968,3795,-4076
36969,72,1025
36970,3533,1118
36971,320,-3306
36972,-723,1565
36973,3364,-698
36974,-3244,-2108
36975,-1631,6592
36976,3691,2669
36977,-4131,-4240
36978,-4309,995
36979,-111,4688
36980,-605,3591
36981,2703,524
36982,-170,-618
36983,-2722,1455
36984,2382,-178
36985,825,1466
36986,516,4687
36987,2222,-815
36988,-3084,-976
36989,-2235,4863
36990,1062,2963
36991,-480,691
36992,1248,-8
36993,-490,-2997
36994,-4387,-3930
36995,-3128,-4405
36996,-2833,-2463
36997,1023,1531
36998,5228,-283
36999,-205,-1267
37000,-1832,2442
37001,1694,911
37002,-1530,-3501
37003,-2110,-2260
37004,2889,1205
37005,2612,1016
37006,401,-179
37007,1864,176
37008,2264,-703
37009,1780,-81
37010,4459,952
37011,4219,-3022
37012,-718,-1398
37013,81,5268
37014,3086,-223
37015,50,-7760
37016,-456,-3494
37017,1799,1634
37018,-228,1390
37019,-927,-564
37020,203,-44
37021,-456,716
37022,694,-3456
37023,2810,-4044
37024,2471,-3011
37025,-522,-6592
37026,-1953,-1168
37027,900,1522
37028,-560,-8248
37029,-4190,-3172
37030,710,5797
37031,3977,907
37032,-1122,4735
37033,-5615,8107
37034,-5054,-899
37035,-747,-2833
37036,-3426,1229
37037,-8172,6855
37038,915,6835
37039,3535,-4115
37040,-3863,-179
37041,3147,8351
37042,5651,-2313
37043,-2824,-4016
37044,118,2526
37045,1134,-2142
37046,-1865,-858
37047,2479,3371
37048,1941,1810
37049,586,2049
37050,1587,-52
37051,280,1057
37052,5008,5788
37053,4223,4941
37054,-2378,5967
37055,1141,4154
37056,910,-1955
37057,-1056,-66
37058,4017,1166
37059,1295,457
37060,954,1606
37061,4943,-1591
37062,-1423,1112
37063,-1723,4275
37064,3372,-1392
37065,592,1120
37066,79,2644
37067,-922,-4651
37068,-2307,-1554
37069,1712,2193
37070,1814,-1845
37071,2612,-2347
37072,3714,-1555
37073,-1556,1514
37074,-282,3780
37075,2855,1201
37076,-40,2221
37077,-201,686
37078,-2306,-392
37079,-3347,6205
37080,517,2877
37081,63,-2960
37082,1711,-232
37083,2371,-3011
37084,-1148,-1387
37085,4647,3047
37086,4765,-3539
37087,-3105,-1865
37088,1410,3007
37089,1966,-2747
37090,-2473,-1069
37091,4116,3130
37092,4672,2125
37093,302,3579
37094,1121,-434
37095,-1481,-3266
37096,-247,998
37097,1980,-287
37098,-2178,-1192
37099,1003,-191
37100,4316,-2717
37101,-12,273
37102,1224,3410
37103,2673,890
37104,-1348,1223
37105,-1939,2908
37106,1176,2235
37107,3530,-165
37108,1227,55
37109,-2698,4432
37110,-1949,2237
37111,-1012,-2286
37112,-372,833
37113,2437,1050
37114,1528,-1973
37115,-616,-351
37116,1770,488
37117,3978,-1361
37118,2780,-2702
37119,707,-1110
37120,-1,1805
37121,916,963
37122,1092,680
37123,-1352,2320
37124,-1927,-278
37125,3118,-3598
37126,6459,-2062
37127,3518,2167
37128,-684,2266
37129,-3070,-738
37130,-897,911
37131,2286,-202
37132,-678,-5266
37133,-2605,-1553
37134,84,2520
37135,1622,1327
37136,3032,1801
37137,1296,-2377
37138,-2715,-4488
37139,-2525,2297
37140,-3188,2606
37141,-1421,128
37142,4810,2165
37143,1272,-1030
37144,-4379,-2585
37145,357,504
37146,2731,-2940
37147,3,-4575
37148,-218,629
37149,512,587
37150,2358,-1256
37151,3066,2168
37152,90,1613
37153,-1299,-3118
37154,-744,-1395
37155,-1301,2755
37156,-1248,2424
37157,-304,1470
37158,-892,897
37159,-1862,2092
37160,1340,5504
37161,4814,3020
37162,1223,-778
37163,-1672,1720
37164,1052,796
37165,485,-1175
37166,-930,2335
37167,503,417
37168,-1493,-1972
37169,-1878,3009
37170,676,2841
37171,-1353,-319
37172,-918,970
37173,2502,1954
37174,1095,2874
37175,1070,-986
37176,2236,-4317
37177,500,3906
37178,-662,2277
37179,-2364,-8413
37180,-26,-1280
37181,3529,3851
37182,-1662,-2703
37183,-1693,1680
37184,3469,3907
37185,-826,-3541
37186,-1218,-3614
37187,1783,1334
37188,-1530,6449
37189,601,5408
37190,655,-2295
37191,-4140,-530
37192,-50,2315
37193,1185,-1385
37194,-887,1560
37195,2005,2174
37196,1085,-1322
37197,4829,820
37198,7509,-518
37199,-2821,197
37200,-755,2986
37201,6181,-3654
37202,-2237,-1521
37203,-1292,4817
37204,2798,-1809
37205,-3550,767
37206,1883,5871
37207,6403,-2744
37208,-910,-1553
37209,508,3121
37210,3055,-619
37211,2598,1566
37212,4764,-1300
37213,-588,-5299
37214,-2168,2975
37215,2025,1300
37216,-2549,-2573
37217,-1026,4744
37218,3623,65
37219,-1743,-5389
37220,130,-249
37221,3215,-2337
37222,-91,-407
37223,3811,3502
37224,1024,-2873
37225,-4318,1286
37226,4955,5300
37227,3717,-3688
37228,-3761,-139
37229,3799,3014
37230,2682,-5721
37231,-3691,-1583
37232,1727,2588
37233,983,-1791
37234,386,2625
37235,5125,2078
37236,-1590,-2154
37237,-2603,4418
37238,4165,2364
37239,-2778,-3984
37240,-3596,2580
37241,6027,3202
37242,1579,-2626
37243,-1886,503
37244,4348,1133
37245,-475,-1765
37246,-5601,4057
37247,2234,8090
37248,2914,1684
37249,-4653,-731
37250,-836,4951
37251,5141,3461
37252,-27,-2814
37253,-1115,467
37254,4519,5192
37255,1526,3683
37256,-2218,3841
37257,929,3686
37258,-321,3563
37259,-750,7930
37260,5129,3818
37261,2527,-5122
37262,-3506,1046
37263,1890,6621
37264,5088,-2198
37265,-999,-2946
37266,-226,3803
37267,4591,-425
37268,-381,-4030
37269,-4833,1278
37270,1483,3342
37271,4052,-278
37272,-3939,-3688
37273,-4713,-1721
37274,5076,3084
37275,5616,1643
37276,-2003,-154
37277,-1384,2467
37278,1054,-77
37279,-792,-1726
37280,2956,3488
37281,6679,2080
37282,1174,-2986
37283,-2406,730
37284,2228,4312
37285,5694,-69
37286,1868,-4228
37287,-3378,-2521
37288,-312,567
37289,4805,437
37290,-241,26
37291,-4657,1582
37292,640,2105
37293,1541,502
37294,-3797,-3149
37295,-4373,-5057
37296,-2392,1114
37297,1274,6815
37298,5144,1006
37299,-109,-3969
37300,-4346,1325
37301,2849,2242
37302,4533,-3477
37303,-1199,-334
37304,1969,5546
37305,6270,348
37306,1449,-4617
37307,-2253,405
37308,624,4344
37309,3661,1223
37310,1230,-1895
37311,-2661,-22
37312,439,2414
37313,4069,-1138
37314,-957,-3821
37315,-4393,2363
37316,1147,5638
37317,5193,-377
37318,1773,-1863
37319,-1395,3621
37320,2567,4824
37321,7589,532
37322,4087,-2980
37323,-2046,-1222
37324,320,2913
37325,5352,849
37326,2280,-4392
37327,-3579,-2310
37328,-2319,3570
37329,2522,2883
37330,2965,-2554
37331,-969,-3049
37332,-4523,1918
37333,-2270,3615
37334,3362,515
37335,1999,-451
37336,-2759,2959
37337,-376,4664
37338,2017,-1087
37339,-1472,-7710
37340,-3468,-4857
37341,-2068,2013
37342,1615,2761
37343,5612,-1679
37344,3631,-5831
37345,-1014,-3425
37346,-1076,3788
37347,1250,3367
37348,1658,-3103
37349,-2593,-2160
37350,-7411,3584
37351,-3907,5224
37352,3036,3628
37353,3116,-656
37354,-1312,-4878
37355,-3981,-1096
37356,-2086,6527
37357,2603,5725
37358,2698,-1529
37359,-2885,-3586
37360,-4254,1230
37361,1990,3400
37362,4833,-1181
37363,-412,-4140
37364,-2876,-1092
37365,702,2591
37366,2081,4403
37367,2054,2346
37368,4286,-3649
37369,2243,-4381
37370,-5380,526
37371,-6195,1411
37372,2773,237
37373,6207,305
37374,79,-2005
37375,-2677,-3310
37376,-1473,-436
37377,-2493,2803
37378,-1026,4064
37379,3058,1389
37380,2752,-3273
37381,-1291,-3049
37382,-3285,801
37383,-629,2862
37384,2498,2836
37385,1644,-151
37386,138,-4331
37387,-636,-4003
37388,-2776,-278
37389,-1870,3031
37390,3069,4499
37391,4678,1472
37392,1411,-2321
37393,-1655,-486
37394,-840,2412
37395,3050,1000
37396,4121,-2383
37397,714,-3800
37398,-1511,-404
37399,-621,3289
37400,1754,1175
37401,3124,-2279
37402,-489,-3029
37403,-3913,-1238
37404,-116,2705
37405,3347,2077
37406,916,-2728
37407,-1684,-2365
37408,-2639,624
37409,-1988,2582
37410,1465,4754
37411,4450,2139
37412,4117,-1603
37413,584,-281
37414,-2398,-1676
37415,-862,-4174
37416,182,964
37417,-1394,5688
37418,218,4292
37419,2056,4274
37420,1410,5826
37421,2935,3569
37422,2735,939
37423,-564,1923
37424,1386,967
37425,5210,-3269
37426,2570,-3210
37427,-2082,-727
37428,-2625,-1839
37429,-248,-2904
37430,1057,-2531
37431,-260,-1779
37432,-1619,1090
37433,-2171,2550
37434,-2730,2035
37435,-1832,3049
37436,-611,2840
37437,-600,2479
37438,326,3474
37439,1656,2030
37440,2264,3366
37441,3026,6823
37442,2134,1198
37443,892,-5045
37444,3464,-1371
37445,6485,1287
37446,5876,-1227
37447,4118,-2273
37448,3195,-2452
37449,2824,-2607
37450,1781,-2140
37451,-76,-2009
37452,460,-639
37453,1746,825
37454,-440,-667
37455,-1156,-2281
37456,1914,-1636
37457,2260,-1811
37458,485,-3229
37459,665,-2286
37460,1808,408
37461,3851,619
37462,3620,-1993
37463,-1179,-4205
37464,-2613,-4323
37465,955,-3301
37466,2061,-2063
37467,1810,-1017
37468,2958,-1361
37469,3203,-1663
37470,3291,927
37471,2906,4242
37472,991,5197
37473,924,3980
37474,2026,2225
37475,1121,3094
37476,952,4889
37477,1270,3184
37478,-1951,2147
37479,-4299,3377
37480,-1944,1769
37481,-1126,782
37482,-2506,1979
37483,-555,-1065
37484,1290,-4463
37485,-182,-2688
37486,-696,-1069
37487,131,-1738
37488,788,-2271
37489,2428,-2265
37490,3713,-820
37491,3248,862
37492,2028,1724
37493,1285,3086
37494,1120,3272
37495,123,2414
37496,296,2674
37497,2646,1766
37498,1194,-261
37499,-2371,-1016
37500,-1103,-527
37501,-33,2347
37502,-1826,4253
37503,-805,895
37504,732,-2195
37505,638,-2678
37506,1768,-4043
37507,1454,-3850
37508,-614,-2362
37509,-585,-2839
37510,647,-2919
37511,2203,-2654
37512,3891,-3372
37513,3873,-2261
37514,2769,-97
37515,1858,450
37516,2131,542
37517,3858,1045
37518,4341,1151
37519,3291,881
37520,2938,1144
37521,3278,1160
37522,3451,-122
37523,2503,160
37524,2002,2122
37525,3065,1043
37526,2015,-905
37527,1259,566
37528,4077,1391
37529,3911,-146
37530,2557,-165
37531,5625,-35
37532,5343,-1864
37533,1826,-1916
37534,2907,793
37535,3449,2221
37536,1401,1947
37537,1672,2585
37538,1318,3207
37539,-456,2211
37540,-656,1205
37541,-1062,1173
37542,-1722,1408
37543,-1800,1677
37544,-2416,1180
37545,-2225,-184
37546,-1560,-926
37547,-1739,-1561
37548,-510,-2657
37549,1520,-2236
37550,1619,-1206
37551,1090,-1698
37552,1540,-1253
37553,2693,426
37554,3447,-53
37555,2988,-743
37556,3139,649
37557,3950,706
37558,3111,65
37559,2118,2108
37560,2220,3541
37561,1263,2741
37562,-888,2757
37563,-1901,2197
37564,-1183,1031
37565,-1203,1883
37566,-1958,2409
37567,-1395,2177
37568,-1647,1432
37569,-1806,-1152
37570,-224,-581
37571,-415,811
37572,138,-2276
37573,906,-1712
37574,-726,-16
37575,2311,-2297
37576,3220,-621
37577,-908,-1696
37578,2615,-4087
37579,1937,1401
37580,-1018,-1069
37581,6184,-2195
37582,-1532,3021
37583,-3054,-15575
37584,22981,-17783
37585,10084,16239
37586,-22813,5540
37587,-4139,-22070
37588,4259,132
37589,-14193,-3546
37590,10768,-27297
37591,22265,9252
37592,-19033,21132
37593,-15395,-24944
37594,23107,-9187
37595,-384,33771
37596,-27939,1116
37597,10559,-23821
37598,22703,14712
37599,-14074,22697
37600,-1721,277
37601,16966,14978
37602,-18685,12816
37603,-11077,-21650
37604,28894,92
37605,-2281,29684
37606,-25073,-15373
37607,16851,-29119
37608,17219,23520
37609,-17363,14231
37610,-6945,-24909
37611,-38,1496
37612,-17646,7796
37613,3481,-24996
37614,24032,1155
37615,-12995,25089
37616,-23546,-16193
37617,22088,-16775
37618,15239,24316
37619,-27254,4092
37620,-2243,-24575
37621,23007,3904
37622,-8199,15955
37623,-1773,-521
37624,21762,14850
37625,-13523,17763
37626,-15720,-19652
37627,31604,-11480
37628,10373,26442
37629,-26448,1317
37630,8277,-21566
37631,20137,17461
37632,-14298,20038
37633,-6259,-14208
37634,7526,3675
37635,-17234,14599
37636,-7354,-19032
37637,24896,-5962
37638,-642,25391
37639,-24068,-7091
37640,12838,-22373
37641,20020,20405
37642,-18332,15748
37643,-8351,-26212
37644,18067,-7059
37645,-2341,22357
37646,-3295,1664
37647,19830,1070
37648,-4777,18704
37649,-20024,-9124
37650,17456,-17286
37651,12726,20963
37652,-27051,6893
37653,-4786,-25310
37654,25016,9829
37655,-5074,24877
37656,-18021,-11085
37657,4039,-1075
37658,-6436,16741
37659,-11957,-16069
37660,18997,-12649
37661,6870,26423
37662,-25979,5659
37663,8447,-22872
37664,29377,10954
37665,-18025,20879
37666,-18100,-19425
37667,22239,-11370
37668,6616,19464
37669,-1034,-1910
37670,21869,-4981
37671,-2418,20342
37672,-12417,-4306
37673,23005,-12791
37674,2567,23074
37675,-27089,910
37676,11116,-25840
37677,19529,14908
37678,-16655,18605
37679,-8477,-14549
37680,2704,2828
37681,-18431,7855
37682,-4027,-20600
37683,21889,833
37684,-5910,25839
37685,-21483,-9139
37686,15501,-18611
37687,15704,20143
37688,-21272,11797
37689,-5838,-21559
37690,18906,2381
37691,-2719,25062
37692,-209,570
37693,18047,2621
37694,-12670,18077
37695,-19509,-12572
37696,23024,-16284
37697,12503,23172
37698,-22594,7329
37699,3794,-21762
37700,21928,8281
37701,-9233,14000
37702,-12294,-14426
37703,3230,3971
37704,-13012,15785
37705,-9156,-16690
37706,21218,-7834
37707,4560,23385
37708,-21394,-2141
37709,7847,-21268
37710,19968,13638
37711,-12674,17683
37712,-6063,-16493
37713,19020,-4596
37714,1722,20463
37715,288,-740
37716,22022,-4334
37717,-1975,17567
37718,-21271,-6315
37719,12895,-19963
37720,15782,19860
37721,-19548,14637
37722,-5666,-21971
37723,21727,1639
37724,-972,18127
37725,-13650,-10067
37726,3785,668
37727,-6751,18746
37728,-12544,-13238
37729,18227,-17140
37730,11102,17907
37731,-23475,5800
37732,-2163,-19555
37733,20508,7672
37734,-10808,19789
37735,-15937,-15239
37736,14052,-12748
37737,8418,16841
37738,-231,393
37739,15909,-7881
37740,-3,18619
37741,-21827,1559
37742,7818,-21046
37743,20697,12727
37744,-15618,16936
37745,-12870,-19147
37746,20211,-4084
37747,2224,20230
37748,-19065,-917
37749,1410,-895
37750,-1446,17034
37751,-14628,-6859
37752,13287,-16314
37753,15441,19583
37754,-19187,14341
37755,-3233,-21424
37756,24277,-1286
37757,-4003,21603
37758,-15520,-8517
37759,12716,-12057
37760,9335,15342
37761,-3080,167
37762,13267,-9791
37763,4434,17933
37764,-20119,5364
37765,2589,-21666
37766,20807,7247
37767,-11179,18036
37768,-13910,-17645
37769,20454,-10739
37770,7990,14833
37771,-16012,-2031
37772,3938,-1498
37773,1858,19308
37774,-20592,-5969
37775,6058,-21064
37776,19651,17811
37777,-18095,17938
37778,-10518,-23684
37779,26663,-8608
37780,1072,22737
37781,-25209,-4599
37782,4605,-18526
37783,14612,8977
37784,-2057,-340
37785,11663,-16155
37786,14687,12921
37787,-15088,10350
37788,-6324,-21414
37789,21706,3303
37790,-2857,25212
37791,-18796,-9100
37792,14239,-12606
37793,11137,16153
37794,-16588,6855
37795,862,99
37796,5960,17720
37797,-18490,680
37798,587,-21720
37799,20711,4706
37800,-10958,16536
37801,-15743,-14700
37802,19081,-10402
37803,9171,18714
37804,-18837,1017
37805,3504,-14139
37806,21979,8888
37807,-178,102
37808,109,-18535
37809,12278,11878
37810,-10578,16028
37811,-8538,-22083
37812,23349,-3906
37813,2415,30695
37814,-22562,-1756
37815,10319,-22075
37816,16167,9529
37817,-12800,11116
37818,3711,-4151
37819,15499,13440
37820,-14562,9598
37821,-3682,-16807
37822,25463,1561
37823,-5230,20815
37824,-23928,-7957
37825,12361,-12026
37826,12060,18448
37827,-19444,6152
37828,-2740,-16842
37829,16202,541
37830,-3400,-1479
37831,2273,-20177
37832,18618,7099
37833,-8950,20387
37834,-13462,-16453
37835,23463,-11640
37836,9184,25236
37837,-22726,6245
37838,5101,-18621
37839,17880,7863
37840,-11414,18679
37841,-1345,515
37842,15351,10385
37843,-13715,10886
37844,-14214,-23576
37845,20843,-9673
37846,5645,32185
37847,-23891,4297
37848,4332,-23427
37849,22236,12315
37850,-12217,12952
37851,-15948,-20576
37852,11227,-6432
37853,204,1371
37854,-3545,-19876
37855,20820,2443
37856,-932,24877
37857,-25428,-12629
37858,7672,-23969
37859,8859,19859
37860,-25495,16991
37861,-3796,-21523
37862,17178,-2514
37863,-7561,22658
37864,3090,230
37865,22502,5075
37866,-13849,24623
37867,-21899,-5531
37868,21586,-12572
37869,9779,21051
37870,-29867,3793
37871,545,-21395
37872,25201,10978
37873,-16485,18703
37874,-16843,-16400
37875,22746,-12552
37876,1096,1581
37877,-15018,-21837
37878,19962,-15626
37879,5493,19635
37880,-24379,-1271
37881,11592,-26149
37882,22860,14439
37883,-14327,24423
37884,-2058,-20730
37885,26950,-13625
37886,5276,16793
37887,-5645,1075
37888,13417,3448
37889,-4630,21396
37890,-24429,-8896
37891,12425,-19723
37892,21189,16961
37893,-23588,6207
37894,-10758,-28777
37895,27745,-2397
37896,-1764,24753
37897,-14618,-3041
37898,19065,-15108
37899,3210,2467
37900,-12718,-9429
37901,24616,-12590
37902,10505,23990
37903,-36620,13431
37904,-2692,-26803
37905,34901,3747
37906,-3857,25381
37907,-20624,-22343
37908,9378,-20347
37909,6361,18657
37910,-840,-1288
37911,23790,-5954
37912,12388,23873
37913,-20740,-1634
37914,5126,-24155
37915,26636,15636
37916,-16126,21724
37917,-20207,-16775
37918,23337,-4688
37919,4781,27402
37920,-21902,1860
37921,7759,-23933
37922,778,-3027
37923,-23813,-4520
37924,13501,-19040
37925,21257,14353
37926,-20883,17741
37927,-3157,-27378
37928,28444,-4734
37929,-4786,30388
37930,-21271,-13555
37931,12638,-18067
37932,18666,28395
37933,5007,2973
37934,22122,-18185
37935,13728,27660
37936,-32707,19154
37937,-17339,-25951
37938,22423,-878
37939,-13279,21229
37940,-26552,-14958
37941,26666,-14124
37942,15374,26811
37943,-26160,11780
37944,-579,-22544
37945,3610,-3186
37946,-24941,287
37947,8174,-26410
37948,31202,4652
37949,-14701,27928
37950,-18335,-19708
37951,22833,-16291
37952,844,29967
37953,-32406,2801
37954,2642,-21070
37955,22705,7633
37956,-2481,-3351
37957,9452,-19837
37958,23995,13944
37959,-13724,11498
37960,-15715,-28626
37961,24279,-3741
37962,1973,39486
37963,-27728,-1861
37964,14109,-41493
37965,22501,4563
37966,-26146,22490
37967,-17891,-12434
37968,7139,6086
37969,-17943,16316
37970,-4610,-25586
37971,34048,-1443
37972,-209,37104
37973,-25113,-10721
37974,20192,-23895
37975,21209,25549
37976,-19948,13219
37977,3295,-21972
37978,30787,-8750
37979,-3432,-11225
37980,-7281,-25332
37981,20000,11833
37982,-9923,29452
37983,-24774,-19937
37984,23026,-20881
37985,13601,30676
37986,-32458,5647
37987,332,-31661
37988,26982,14121
37989,-14972,24745
37990,-18561,-15721
37991,4638,6398
37992,-20675,18802
37993,-19699,-26134
37994,21779,-7524
37995,1615,36216
37996,-30018,-1202
37997,12303,-20184
37998,24439,26352
37999,-28144,22377
38000,-15680,-18153
38001,29830,-8684
38002,2528,-3259
38003,-8750,-28940
38004,30307,-7824
38005,11491,26761
38006,-17176,-8541
38007,19907,-31318
38008,21366,18087
38009,-25024,19822
38010,-8260,-30938
38011,29839,-4226
38012,2060,35726
38013,-23252,-207
38014,-1217,-3296
38015,-5978,24256
38016,-22477,-15154
38017,13696,-26322
38018,16243,24616
38019,-37171,8409
38020,-7816,-28317
38021,44373,10446
38022,-14107,27630
38023,-43083,-14129
38024,14130,-20385
38025,2859,-3799
38026,-21636,-17568
38027,27449,-8757
38028,16020,23669
38029,-40436,-1965
38030,-6108,-32778
38031,27233,11371
38032,-16025,26031
38033,-15817,-26111
38034,30576,-19141
38035,11869,16257
38036,-21710,-7998
38037,80,-2948
38038,-4940,35534
38039,-30769,332
38040,15500,-31411
38041,39059,15244
38042,-22557,20136
38043,-23546,-25479
38044,22229,-2283
38045,-9463,32317
38046,-25492,-2010
38047,20114,-14987
38048,9001,4661
38049,-17616,-19939
38050,18411,-25478
38051,15912,19983
38052,-33261,12302
38053,-2960,-26119
38054,49554,2284
38055,6860,29149
38056,-24701,-10872
38057,22556,-26854
38058,15424,7769
38059,-30564,11635
38060,38,3285
38061,13973,22719
38062,-26721,2990
38063,-255,-37011
38064,29197,-5419
38065,-20079,22732
38066,-18798,-19943
38067,31362,-20171
38068,7321,28953
38069,-17935,9564
38070,11211,-27142
38071,-4673,-3279
38072,-36297,2436
38073,2811,-13972
38074,26998,17520
38075,-11506,27683
38076,-9922,-16834
38077,26683,-11507
38078,1438,22304
38079,-29641,-11298
38080,6114,-34865
38081,17777,16340
38082,-16728,35328
38083,-222,4138
38084,19466,14542
38085,-19975,13754
38086,-13518,-36886
38087,30045,-15765
38088,-3778,38672
38089,-33341,-8947
38090,12222,-40275
38091,19807,21312
38092,-18179,19052
38093,-17825,-28874
38094,-16941,-2751
38095,-28721,5628
38096,4687,-28927
38097,29137,4044
38098,-11631,33602
38099,-24690,-18171
38100,21464,-26265
38101,17994,28710
38102,-22887,17470
38103,875,-22029
38104,26445,5672
38105,-7829,25051
38106,-5070,-138
38107,22170,11586
38108,-16337,24470
38109,-28433,-13829
38110,23753,-7889
38111,9583,34545
38112,-28963,288
38113,13321,-32053
38114,27783,14024
38115,-20209,14784
38116,-10531,-29909
38117,13442,-1103
38118,-17952,26004
38119,-8584,-19766
38120,34152,-26661
38121,2328,13619
38122,-34943,-1244
38123,3231,-22789
38124,17501,17090
38125,-19311,27998
38126,-3735,-16893
38127,31098,-11525
38128,4999,20562
38129,-7906,-547
38130,13475,1242
38131,-6888,35389
38132,-13642,4081
38133,29486,-18498
38134,17150,23307
38135,-27453,5514
38136,-2034,-38094
38137,23698,6201
38138,-11652,33842
38139,-23386,-5354
38140,375,-2817
38141,-10576,8260
38142,-17231,-28504
38143,19579,-18124
38144,14760,25991
38145,-23690,-3882
38146,6738,-31308
38147,33467,18582
38148,-19173,27876
38149,-27928,-23724
38150,22537,-13030
38151,15938,26843
38152,1242,7874
38153,25297,1009
38154,-261,28588
38155,-33346,72
38156,10499,-36406
38157,26057,3477
38158,-26754,24664
38159,-23372,-10991
38160,19169,2774
38161,3799,32913
38162,-10398,2609
38163,11212,-2588
38164,-3685,25002
38165,-19022,-7009
38166,20312,-25818
38167,23161,25916
38168,-26471,25127
38169,-14128,-26358
38170,24770,-5741
38171,-7805,23111
38172,-28008,-17193
38173,10319,-19292
38174,8776,23637
38175,-5626,2507
38176,27894,-18203
38177,18570,21451
38178,-24495,10840
38179,3977,-31877
38180,27871,4931
38181,-16168,37369
38182,-15908,-3611
38183,26554,-11302
38184,6080,19585
38185,-23709,3412
38186,-1738,-9174
38187,-1074,17090
38188,-19395,1930
38189,8758,-26942
38190,25732,6113
38191,-9085,17964
38192,-13354,-25901
38193,15947,-15959
38194,1059,20475
38195,-21464,-4971
38196,4470,-13944
38197,16915,16157
38198,-4510,-4918
38199,1695,-23652
38200,3634,16777
38201,-30890,18738
38202,-14502,-15465
38203,31470,7645
38204,-5762,29717
38205,-40902,-10552
38206,13049,-25225
38207,27308,10010
38208,-18909,10483
38209,-4817,-6132
38210,18592,16860
38211,-8763,14724
38212,4012,-21336
38213,32639,3309
38214,-6453,33896
38215,-21940,-10959
38216,23480,-21981
38217,13304,25139
38218,-28985,10009
38219,-3207,-24740
38220,23626,-3900
38221,833,-3901
38222,3563,-18498
38223,14461,17117
38224,-17285,23715
38225,-15058,-22496
38226,28185,-14322
38227,13000,21954
38228,-22215,-3449
38229,-754,-23301
38230,9846,13057
38231,-13361,23205
38232,-1847,3295
38233,8073,19734
38234,-23825,22355
38235,-16911,-19394
38236,24353,-10979
38237,6343,29644
38238,-20745,145
38239,12297,-27551
38240,19401,13507
38241,-21641,18929
38242,-12151,-19988
38243,21030,-15060
38244,1005,-4576
38245,-6544,-14242
38246,22326,10917
38247,5019,26085
38248,-17505,-11978
38249,14654,-19759
38250,9484,12675
38251,-32424,1865
38252,-8900,-16553
38253,19191,14691
38254,-4084,20862
38255,3594,-9522
38256,20790,4672
38257,-11417,14925
38258,-16403,-21942
38259,16264,-8705
38260,2898,33990
38261,-16935,5395
38262,17710,-18446
38263,29391,19370
38264,-13325,20384
38265,-15365,-18489
38266,16738,-15925
38267,1873,-3264
38268,-4392,-16909
38269,26733,-7279
38270,4713,11827
38271,-25455,-14416
38272,14927,-27063
38273,26020,13183
38274,-16494,13796
38275,-8621,-26041
38276,20741,-8970
38277,7753,19389
38278,-2748,-1914
38279,480,273
38280,-13938,20329
38281,-15409,-8704
38282,12809,-19669
38283,12746,17345
38284,-16312,7208
38285,626,-30439
38286,28802,-8003
38287,-5673,20349
38288,-23106,731
38289,12788,-8224
38290,5474,-1768
38291,-12740,-16983
38292,20261,-8405
38293,14169,25746
38294,-25799,8949
38295,-2111,-19765
38296,22180,11833
38297,-7489,24485
38298,-8329,-18616
38299,16794,-17600
38300,2772,16907
38301,-7354,5679
38302,11616,-1058
38303,-169,18892
38304,-19964,0
38305,8984,-18548
38306,19043,11479
38307,-21311,14655
38308,-17722,-15029
38309,14793,2724
38310,-8840,28286
38311,-21777,-534
38312,12877,-16506
38313,2720,4341
38314,-20894,-6747
38315,11469,-18314
38316,14290,16200
38317,-18907,16635
38318,6560,-17764
38319,28799,2796
38320,-9578,18296
38321,-13201,-23906
38322,18461,-20528
38323,5766,20415
38324,-5617,5029
38325,20729,-5891
38326,17130,20927
38327,-11853,-88
38328,-117,-29776
38329,15262,6895
38330,-11178,22583
38331,-12814,-19195
38332,19656,-14343
38333,5858,28147
38334,-19558,12353
38335,-1553,-19131
38336,-6031,-2555
38337,-23532,2833
38338,10847,-11679
38339,21698,10836
38340,-20904,16650
38341,-14931,-20247
38342,19776,-5243
38343,-1533,28680
38344,-22616,-6426
38345,3018,-21759
38346,13348,13746
38347,4114,454
38348,14604,-16959
38349,7247,17213
38350,-20532,11892
38351,-2407,-19222
38352,24600,9952
38353,-4491,29387
38354,-19282,-10870
38355,14362,-18570
38356,12952,14323
38357,-16873,1763
38358,-10425,-23218
38359,-6063,1200
38360,-20672,7231
38361,2034,-18922
38362,23983,4437
38363,-8626,24572
38364,-16789,-16202
38365,21032,-15799
38366,7919,23178
38367,-25597,1167
38368,4306,-16685
38369,24712,15053
38370,96,4398
38371,8470,-22756
38372,16203,7638
38373,-20716,17658
38374,-15158,-19886
38375,23665,-7650
38376,3048,25262
38377,-17490,-8082
38378,15527,-28467
38379,13511,14656
38380,-23406,16549
38381,-11848,-16670
38382,5386,3633
38383,-14701,13584
38384,-4085,-20138
38385,21955,-5589
38386,-8224,21861
38387,-26842,-8409
38388,13114,-11539
38389,13250,24541
38390,-26475,5539
38391,-7382,-22052
38392,23586,1568
38393,2389,1299
38394,896,-19923
38395,20643,7607
38396,-5429,21935
38397,-15679,-16210
38398,21451,-13886
38399,9745,24572
38400,-25514,6191
38401,5295,-21967
38402,26010,8803
38403,-11582,21945
38404,-17262,-8143
38405,-298,-2000
38406,-18834,9916
38407,-11997,-18670
38408,22243,-6308
38409,423,31750
38410,-25405,-1591
38411,12159,-28310
38412,22988,14503
38413,-18324,17876
38414,-12110,-19454
38415,18262,-7335
38416,1671,3493
38417,-95,-19817
38418,23764,-2405
38419,-2745,24824
38420,-25327,-8190
38421,13475,-23205
38422,18931,18759
38423,-20787,14115
38424,-6433,-25287
38425,23839,546
38426,-2348,25421
38427,-16193,-7659
38428,4635,-2118
38429,-8974,22788
38430,-17205,-14166
38431,20017,-20440
38432,12454,26415
38433,-26954,7026
38434,1945,-28595
38435,24668,6817
38436,-20199,17703
38437,-20742,-18450
38438,18093,-10635
38439,-197,3023
38440,-9089,-21105
38441,26973,-7075
38442,8962,26869
38443,-28505,-4064
38444,6214,-27371
38445,25626,18274
38446,-20566,22814
38447,-16948,-25523
38448,28875,-9611
38449,5507,26157
38450,-25420,3560
38451,1934,2975
38452,-2899,25274
38453,-25831,-8118
38454,13137,-22447
38455,23811,20839
38456,-23261,10782
38457,-7889,-31713
38458,27804,-2320
38459,-10575,29475
38460,-26699,-5816
38461,11059,-19294
38462,831,4691
38463,-15337,-11063
38464,22031,-17502
38465,14375,22524
38466,-31723,9910
38467,-2634,-29115
38468,32013,7114
38469,-11590,26850
38470,-25765,-21053
38471,18020,-15605
38472,11175,23567
38473,-18187,8075
38474,3484,6829
38475,6549,29527
38476,-21107,-4720
38477,4770,-28749
38478,25061,17479
38479,-20454,24358
38480,-19836,-25818
38481,25537,-14316
38482,-8,29634
38483,-26382,5438
38484,8397,-22148
38485,1694,-846
38486,-24463,-7108
38487,12958,-20153
38488,22548,18368
38489,-26637,20321
38490,-15508,-25017
38491,29431,-3321
38492,748,32868
38493,-26210,-7169
38494,15515,-23993
38495,19194,17857
38496,-18360,16092
38497,4253,-3716
38498,15518,19233
38499,-29795,11592
38500,-7097,-26769
38501,39972,-3370
38502,-7301,25309
38503,-29174,-13889
38504,25865,-21745
38505,16161,24122
38506,-24656,9516
38507,1128,-26886
38508,4468,-1282
38509,-28774,3352
38510,-233,-24351
38511,25808,4899
38512,-18916,23181
38513,-22901,-22271
38514,27764,-18106
38515,8978,27214
38516,-30804,3181
38517,9612,-27286
38518,29421,8298
38519,-13732,22760
38520,-3144,-911
38521,21088,13198
38522,-21009,19199
38523,-18986,-20595
38524,32719,-9586
38525,6105,30313
38526,-29366,-8245
38527,13388,-33720
38528,24896,20728
38529,-15345,20686
38530,-8799,-23620
38531,4153,2341
38532,-22525,13855
38533,-4791,-25118
38534,34361,-282
38535,-2830,31570
38536,-28807,-14785
38537,23373,-23635
38538,22847,25939
38539,-30920,9858
38540,-7290,-31555
38541,26709,-2541
38542,-3828,22404
38543,1988,-1601
38544,28303,6950
38545,-12056,24254
38546,-22476,-17097
38547,29686,-23114
38548,12346,31034
38549,-35076,11714
38550,3987,-35667
38551,34020,4849
38552,-11049,25709
38553,-22544,-14814
38554,400,-416
38555,-17453,16040
38556,-14550,-27285
38557,26033,-11601
38558,5885,40569
38559,-30226,1043
38560,9984,-36415
38561,29540,15651
38562,-19018,27323
38563,-15335,-24180
38564,25039,-10654
38565,5579,25602
38566,-4080,-5050
38567,24155,-11124
38568,-3813,25299
38569,-34334,-3814
38570,12245,-29941
38571,24373,22948
38572,-28544,22088
38573,-16877,-32620
38574,29179,-3117
38575,1942,29839
38576,-24537,-8474
38577,-269,297
38578,-8670,31505
38579,-21631,-10913
38580,17802,-24044
38581,15813,26329
38582,-29961,13613
38583,-2626,-28650
38584,35540,5682
38585,-7300,32913
38586,-23076,-11246
38587,23345,-18740
38588,20688,17750
38589,-1318,-1374
38590,24097,-15254
38591,11749,25812
38592,-32533,8523
38593,2077,-34544
38594,36364,8167
38595,-17332,27505
38596,-27566,-25262
38597,27886,-14096
38598,10133,28082
38599,-27998,4846
38600,1387,-1490
38601,381,21446
38602,-27491,-10477
38603,10495,-26214
38604,26888,24598
38605,-22887,21297
38606,-14118,-32060
38607,34573,-6702
38608,8866,33225
38609,-26416,-10598
38610,4809,-27951
38611,23100,16249
38612,5498,2801
38613,16500,-22773
38614,15190,18942
38615,-25164,16250
38616,-8634,-34130
38617,34929,-3649
38618,-2744,33162
38619,-28969,-10953
38620,21503,-21128
38621,20755,19249
38622,-20973,12027
38623,2998,1670
38624,15216,26068
38625,-22244,6269
38626,-3120,-27450
38627,32108,9396
38628,-7517,32174
38629,-25281,-19012
38630,23285,-22695
38631,17826,29307
38632,-26751,9211
38633,-193,-27873
38634,29826,1691
38635,1800,36
38636,9638,-27216
38637,31384,12308
38638,-13882,25325
38639,-22304,-25292
38640,31359,-9193
38641,9877,35283
38642,-32999,-2530
38643,8594,-30818
38644,24617,10244
38645,-15538,19567
38646,-3140,-1962
38647,13677,17529
38648,-21387,16317
38649,-11050,-26843
38650,31539,-8429
38651,435,31697
38652,-30681,-7810
38653,18140,-29180
38654,28743,20877
38655,-27848,19664
38656,-14487,-18518
38657,31604,-2448
38658,1371,263
38659,-7363,-26108
38660,31052,4889
38661,-2743,31192
38662,-30133,-13748
38663,26194,-20700
38664,21580,27884
38665,-34063,11859
38666,-4959,-30939
38667,24032,-2382
38668,-9230,22806
38669,396,1230
38670,25106,11154
38671,-9333,20660
38672,-15649,-18101
38673,25677,-11459
38674,8390,32980
38675,-32702,4259
38676,295,-30837
38677,29973,8978
38678,-10327,22595
38679,-16925,-16981
38680,20789,-16780
38681,3675,-2934
38682,-10167,-21404
38683,25856,-5874
38684,4015,28650
38685,-33625,-422
38686,15190,-25891
38687,30803,14497
38688,-23644,18633
38689,-9560,-24607
38690,28384,-7804
38691,2077,22475
38692,819,-2124
38693,27145,1160
38694,-3543,24526
38695,-23771,-12429
38696,17551,-26502
38697,18895,21813
38698,-26703,14690
38699,-7909,-26727
38700,32844,588
38701,-2472,25868
38702,-23151,-9787
38703,16517,-19597
38704,3791,3051
38705,-21974,-9696
38706,19169,-12265
38707,16217,22533
38708,-30442,8253
38709,-482,-28700
38710,26576,6334
38711,-15965,28823
38712,-17807,-18607
38713,18980,-15715
38714,10513,24719
38715,3612,416
38716,24439,-10389
38717,3918,23227
38718,-27668,110
38719,5233,-25568
38720,27307,17518
38721,-16637,21547
38722,-17075,-25821
38723,29132,-10977
38724,5816,23819
38725,-28163,-5379
38726,1537,-23749
38727,2264,4371
38728,-19287,-2439
38729,13861,-19192
38730,20475,15654
38731,-21259,17451
38732,-4333,-26955
38733,29064,-4083
38734,-4497,32547
38735,-22680,-6414
38736,13023,-18926
38737,17800,15274
38738,-1608,-580
38739,12270,-10893
38740,10753,24268
38741,-21804,8507
38742,-4624,-26894
38743,29535,5633
38744,-3453,24181
38745,-23341,-19016
38746,17125,-21525
38747,13246,20661
38748,-19805,10495
38749,-115,-18353
38750,4377,-113
38751,-21257,1235
38752,4720,-21329
38753,22734,6819
38754,-19009,22852
38755,-17623,-18928
38756,25423,-10671
38757,7211,27848
38758,-23349,-3004
38759,4638,-22540
38760,20165,9740
38761,1427,-745
38762,11367,-18050
38763,16601,17369
38764,-15753,17468
38765,-9716,-22806
38766,24402,-5672
38767,315,25943
38768,-25211,-3852
38769,9603,-19281
38770,18233,17706
38771,-14485,15518
38772,-7684,-17601
38773,3390,-1431
38774,-20547,9017
38775,-8337,-18548
38776,22089,147
38777,-4865,28001
38778,-22005,-8687
38779,15572,-18467
38780,15046,20287
38781,-19780,6197
38782,-3235,-20486
38783,18229,3697
38784,-1581,3728
38785,3629,-19889
38786,21500,4260
38787,-6943,17465
38788,-16363,-18731
38789,19296,-12088
38790,8923,28090
38791,-24224,5300
38792,3196,-23756
38793,24210,10396
38794,-8902,19010
38795,-14535,-13853
38796,3039,-433
38797,-14849,13305
38798,-11557,-18774
38799,23468,-7908
38800,4812,26771
38801,-23877,-3959
38802,9618,-23860
38803,19260,15892
38804,-19009,16670
38805,-8711,-15528
38806,18538,-3633
38807,-1496,3508
38808,-2312,-18197
38809,19526,-1069
38810,-4175,20980
38811,-19665,-9621
38812,14823,-17020
38813,16030,20013
38814,-18002,9855
38815,-5133,-21555
38816,18726,1962
38817,-4739,17569
38818,-16319,-6800
38819,1153,1505
38820,-9220,16695
38821,-11152,-11752
38822,22531,-11472
38823,10870,21266
38824,-25500,646
38825,1151,-23686
38826,22326,10544
38827,-12465,19225
38828,-12218,-14019
38829,15270,-8586
38830,-1560,4439
38831,-7278,-15791
38832,17700,-5466
38833,1274,22641
38834,-19670,-1201
38835,10905,-19320
38836,19213,13156
38837,-14887,13040
38838,-7605,-19707
38839,21731,-2426
38840,1336,20784
38841,-19199,-775
38842,291,620
38843,-2488,18412
38844,-16395,-9160
38845,11707,-18759
38846,16812,18241
38847,-18582,11346
38848,-3911,-20882
38849,23637,1410
38850,-6041,20812
38851,-12861,-7208
38852,16744,-14286
38853,983,505
38854,-13302,-10226
38855,16214,-6263
38856,9118,19983
38857,-21539,3284
38858,2409,-21128
38859,22094,6738
38860,-12447,17692
38861,-16909,-13950
38862,18694,-7287
38863,8672,18535
38864,-15976,3122
38865,2764,-1700
38866,3731,16673
38867,-16982,-1810
38868,6327,-16448
38869,18386,14892
38870,-16774,15531
38871,-10156,-19154
38872,21775,-5076
38873,-1030,19919
38874,-17600,-5893
38875,6691,-16372
38876,68,4053
38877,-13145,-8604
38878,15123,-14790
38879,14810,16193
38880,-20983,6943
38881,-6589,-23160
38882,23070,3730
38883,-2261,24019
38884,-16070,-7807
38885,14749,-11754
38886,10707,13821
38887,-15536,6219
38888,171,-526
38889,5550,16222
38890,-17175,2247
38891,3115,-20127
38892,24573,4936
38893,-9614,17935
38894,-15918,-15872
38895,17733,-13904
38896,5387,20156
38897,-15879,5231
38898,3625,-16378
38899,1841,839
38900,-15332,-4889
38901,7900,-18436
38902,16825,12219
38903,-16140,17173
38904,-11053,-18238
38905,19845,-4888
38906,-1264,21656
38907,-20183,-6803
38908,12910,-18476
38909,14854,10455
38910,-15356,8488
38911,2093,-1159
38912,13594,17036
38913,-18557,5830
38914,-6612,-21735
38915,23872,836
38916,-6719,20452
38917,-20103,-10578
38918,17776,-14323
38919,12344,19527
38920,-17735,7306
38921,-4191,-20565
38922,929,-2370
38923,-17296,2034
38924,2481,-17482
38925,21874,5412
38926,-8448,19835
38927,-13759,-16173
38928,22459,-13068
38929,9730,22658
38930,-22895,2600
38931,2995,-19800
38932,18212,9492
38933,-9607,16667
38934,897,-3800
38935,16561,8912
38936,-15453,12421
38937,-11799,-18848
38938,22499,-8267
38939,-1348,24281
38940,-21931,-2090
38941,14024,-21247
38942,20245,14297
38943,-9286,11677
38944,-4218,-18278
38945,2980,1880
38946,-17091,9384
38947,-5453,-17260
38948,21635,1320
38949,-4509,21195
38950,-24056,-13893
38951,13451,-19288
38952,13997,18539
38953,-24739,9960
38954,-4902,-19231
38955,20311,-44
38956,-4002,16436
38957,2141,-1688
38958,20107,5673
38959,-11164,19180
38960,-14215,-10141
38961,22110,-11228
38962,7508,26250
38963,-19787,5760
38964,5630,-25159
38965,18065,10149
38966,-12091,19581
38967,-15531,-14784
38968,2616,-188
38969,-9584,14500
38970,-7720,-19521
38971,22474,-11174
38972,923,26678
38973,-31870,868
38974,8278,-22995
38975,27151,16258
38976,-16710,20907
38977,-8498,-21754
38978,25317,-9263
38979,2642,21909
38980,-1598,-61
38981,20932,-3132
38982,-7796,19479
38983,-23817,-10584
38984,16085,-25819
38985,15138,17934
38986,-20537,10074
38987,-2051,-28006
38988,24655,3376
38989,-315,24848
38990,-13540,-6414
38991,3579,1512
38992,-8753,18731
38993,-17263,-13231
38994,15252,-11963
38995,9159,26576
38996,-26191,5381
38997,5331,-28397
38998,34721,3828
38999,-8627,19720
39000,-18824,-19353
39001,18068,-17186
39002,9955,14978
39003,145,-1527
39004,23412,-6804
39005,6044,25043
39006,-19882,4489
39007,12993,-24169
39008,22437,16247
39009,-24715,24988
39010,-18873,-20851
39011,29815,-7719
39012,12715,23307
39013,-21129,-867
39014,-1447,-4223
39015,-1486,14723
39016,-20875,-11429
39017,11701,-19727
39018,24382,20599
39019,-17097,15092
39020,-5518,-24135
39021,30624,-2647
39022,-4252,28252
39023,-28633,-4419
39024,9171,-16924
39025,17700,19426
39026,1683,7140
39027,18895,-17287
39028,11228,15376
39029,-26836,8546
39030,-4675,-30619
39031,30962,9718
39032,-5028,35590
39033,-20221,-19044
39034,24823,-20763
39035,13598,19610
39036,-28307,2427
39037,-6653,-2348
39038,1163,26283
39039,-27533,1686
39040,562,-24303
39041,26430,13644
39042,-16719,20820
39043,-22373,-23916
39044,21061,-8595
39045,3643,35997
39046,-31120,7811
39047,1466,-19612
39048,27110,5820
39049,6360,-4441
39050,12408,-22181
39051,19077,17626
39052,-18843,19736
39053,-11414,-24473
39054,31670,-3296
39055,-1088,28257
39056,-27401,-10234
39057,24174,-24880
39058,21636,14192
39059,-23966,16597
39060,6119,2249
39061,22904,18564
39062,-21508,2133
39063,-7756,-31588
39064,27674,2902
39065,-9792,29744
39066,-25806,-15633
39067,20174,-18129
39068,13654,28965
39069,-30273,11203
39070,-6007,-19712
39071,28727,2952
39072,5703,11
39073,4651,-21306
39074,22289,10549
39075,-15728,24272
39076,-22726,-20795
39077,32061,-20151
39078,11619,24368
39079,-40601,6738
39080,-644,-25715
39081,26581,6906
39082,-8390,23060
39083,7539,-4800
39084,25206,6420
39085,-23154,13931
39086,-19175,-26460
39087,32484,-12569
39088,2171,35998
39089,-33916,2707
39090,18355,-33203
39091,34303,7086
39092,-21053,15098
39093,-12781,-23233
39094,26524,-12085
39095,-2117,3803
39096,-7525,-20566
39097,31958,-4635
39098,1728,26802
39099,-30186,-10562
39100,18833,-27916
39101,22193,23469
39102,-29061,17465
39103,-9495,-29302
39104,21930,2355
39105,-4322,31287
39106,-3268,-4816
39107,18183,1782
39108,-10718,24753
39109,-21983,-16491
39110,18708,-17869
39111,11571,33174
39112,-29188,3946
39113,-1162,-42120
39114,25850,2631
39115,-21431,29689
39116,-27187,-9220
39117,22182,-9432
39118,5512,5705
39119,-16991,-26875
39120,21963,-20897
39121,5108,27614
39122,-42614,3661
39123,2999,-29744
39124,35248,20737
39125,-15644,33251
39126,-12390,-22422
39127,30096,-9980
39128,7042,24550
39129,-2538,-5201
39130,28050,-2648
39131,-408,30093
39132,-33622,-1820
39133,9668,-19566
39134,25052,24325
39135,-25122,16718
39136,-19841,-29359
39137,22995,-5821
39138,-2776,28454
39139,-24682,-5447
39140,11892,-25846
39141,2603,-3201
39142,-26257,-17667
39143,12338,-26589
39144,16188,25016
39145,-32699,25499
39146,-3634,-26584
39147,38692,2257
39148,-3669,37505
39149,-22044,-12791
39150,11270,-17828
39151,1791,27825
39152,-7556,1255
39153,27446,-14240
39154,17305,30811
39155,-26424,7220
39156,-1106,-38890
39157,30582,5109
39158,-11647,26561
39159,-20780,-23391
39160,31261,-12988
39161,19374,34343
39162,-19440,3152
39163,4790,-35106
39164,2010,-6415
39165,-33439,2053
39166,7026,-15992
39167,41887,17846
39168,-7899,29751
39169,-16162,-24333
39170,27548,-19108
39171,3053,23354
39172,-28741,-9908
39173,9529,-22978
39174,21898,23368
39175,-342,3643
39176,23015,-25400
39177,22195,19661
39178,-30576,14958
39179,-13164,-35946
39180,36346,-1098
39181,-914,36901
39182,-31951,-8180
39183,12876,-14924
39184,19597,30286
39185,-22205,5541
39186,-19038,-32411
39187,-4204,6669
39188,-19102,17084
39189,284,-24979
39190,33081,2448
39191,-1822,35505
39192,-27172,-20371
39193,20533,-31979
39194,21170,28059
39195,-30401,16156
39196,-5372,-20314
39197,33051,4513
39198,5932,-924
39199,9327,-28847
39200,24875,8890
39201,-20565,23343
39202,-20543,-27226
39203,35431,-13578
39204,13714,36580
39205,-29950,-803
39206,5823,-34233
39207,28385,13441
39208,-9209,20060
39209,-17574,-15122
39210,-1048,10241
39211,-14489,16611
39212,-6975,-34977
39213,25674,-17483
39214,-571,30188
39215,-32577,-5078
39216,11471,-21742
39217,29375,28597
39218,-15458,21027
39219,-6657,-21751
39220,26107,-8296
39221,1814,-7958
39222,-555,-32792
39223,29425,5750
39224,2684,38778
39225,-19639,-9350
39226,23452,-20914
39227,24644,30082
39228,-25076,13282
39229,-8399,-30794
39230,26340,3155
39231,-8686,23849
39232,-23680,-12890
39233,6734,-6503
39234,-10391,10425
39235,-25037,-25643
39236,17744,-20409
39237,15157,29320
39238,-24311,9391
39239,6414,-26517
39240,32874,8300
39241,-10942,21231
39242,-12272,-18224
39243,22761,-12306
39244,-6772,6728
39245,-15354,-18748
39246,35643,-11020
39247,15168,17651
39248,-29700,-11701
39249,11477,-24806
39250,29372,16919
39251,-18203,21512
39252,-25383,-9153
39253,-8993,-20319
39254,-5350,-25134
39255,17116,-17439
39256,15737,13318
39257,-21629,27333
39258,-26207,7434
39259,-5351,-19785
39260,8694,-29016
39261,25659,-14339
39262,31124,9115
39263,19196,24951
39264,-1218,32326
39265,-30108,26527
39266,-31192,-321
39267,4983,-16646
39268,25532,7961
39269,17013,23227
39270,5340,-3502
39271,2820,-12992
39272,3263,4408
39273,-6495,1070
39274,-5631,-6884
39275,11599,1048
39276,4984,3410
39277,-10465,551
39278,-1169,3392
39279,8249,5742
39280,7286,-167
39281,5809,-6274
39282,3912,-497
39283,3603,418
39284,-2614,-8254
39285,-7560,-3233
39286,-2337,2738
39287,106,-4167
39288,4714,-4708
39289,7725,1951
39290,1556,6337
39291,5408,3759
39292,6247,-2418
39293,-2819,1598
39294,1245,3012
39295,1456,-1688
39296,-4757,2770
39297,-2549,-1525
39298,-5548,-6558
39299,-1973,3682
39300,5586,-2004
39301,324,-10416
39302,4087,-945
39303,3012,-385
39304,-7531,49
39305,936,899
39306,-3749,-7459
39307,-12646,3058
39308,9117,9151
39309,10398,-3012
39310,-944,4795
39311,9562,4807
39312,251,-10175
39313,-7505,-1882
39314,4174,2188
39315,-5421,699
39316,-3272,9109
39317,8666,-2923
39318,-9926,-6832
39319,-8291,9828
39320,7986,1414
39321,-4226,-5079
39322,-1851,3749
39323,6721,-4941
39324,-4351,-6802
39325,1870,-372
39326,6918,-3215
39327,-1366,6423
39328,5220,6152
39329,-1036,-9711
39330,-11043,1717
39331,4800,9905
39332,307,-4852
39333,-12790,2804
39334,8742,12143
39335,14561,-1410
39336,-2371,927
39337,7236,7631
39338,12967,-5299
39339,-5112,-2189
39340,-2302,12993
39341,11246,2432
39342,-655,-10562
39343,-8459,252
39344,5347,5901
39345,3966,-6762
39346,-6530,-8140
39347,5961,5535
39348,13823,2933
39349,-1451,-10122
39350,-5812,-890
39351,5117,10499
39352,5344,-5767
39353,-5800,-13141
39354,-8278,8351
39355,3814,10938
39356,5407,-8780
39357,-8612,-3478
39358,-8300,10491
39359,-569,-301
39360,-4895,-4485
39361,-3127,9298
39362,5727,5772
39363,5274,-10148
39364,377,-10363
39365,-540,-1807
39366,4776,-3271
39367,3115,-11484
39368,-9337,-6901
39369,-2845,6626
39370,11054,4216
39371,-1795,-1914
39372,-7025,6661
39373,10067,2331
39374,4030,-14768
39375,-12253,-3482
39376,-99,16768
39377,12990,2534
39378,1197,-14031
39379,-8365,-463
39380,2160,6179
39381,7337,-5018
39382,-4090,1439
39383,-2570,10140
39384,6088,-7097
39385,-7139,-12567
39386,-8139,6308
39387,12331,2924
39388,1974,-9393
39389,-11487,5618
39390,9628,8857
39391,9486,-7760
39392,-8762,81
39393,2788,9822
39394,8521,-729
39395,-2617,-2186
39396,1970,-2787
39397,4231,-7778
39398,-1759,1319
39399,1436,3633
39400,2563,-925
39401,-697,6305
39402,-16,2045
39403,2119,-8404
39404,2846,-1208
39405,776,2091
39406,2690,-4492
39407,5563,-4470
39408,-380,-1571
39409,-1364,-55
39410,2826,-1964
39411,-1298,-2458
39412,-1236,4409
39413,3860,2373
39414,2906,-5100
39415,2833,-426
39416,2235,-902
39417,-1327,-7441
39418,-1485,-1157
39419,-1476,1605
39420,725,-2136
39421,6425,2472
39422,6168,496
39423,4329,-3244
39424,6131,5934
39425,3249,4684
39426,-1083,-3168
39427,2490,3616
39428,6423,4585
39429,2999,-1070
39430,1300,4214
39431,3024,3850
39432,-1387,-3026
39433,-5303,-563
39434,-3173,3173
39435,-3738,4427
39436,-3175,5141
39437,889,3231
39438,-247,3158
39439,-298,1005
39440,3350,-2774
39441,1139,2319
39442,-945,6321
39443,1236,2279
39444,-172,1717
39445,-1661,-383
39446,1539,-8637
39447,4740,-6046
39448,3403,6704
39449,-2773,9630
39450,-3914,5345
39451,3393,3933
39452,4494,-2745
39453,700,-9821
39454,3368,-4708
39455,2741,-699
39456,-1752,-2744
39457,294,1234
39458,1655,2916
39459,1275,-1411
39460,596,1154
39461,-3641,4542
39462,4264,-903
39463,14187,-4435
39464,1150,2469
39465,-5876,8238
39466,2590,4007
39467,-1221,4379
39468,996,11437
39469,10717,6381
39470,1710,-2323
39471,-331,-474
39472,9314,2133
39473,3800,5435
39474,936,8237
39475,3573,2366
39476,-4275,-943
39477,-3936,-9
39478,4954,-2876
39479,4625,-2051
39480,526,-787
39481,-1368,-2220
39482,723,1832
39483,1320,595
39484,-4512,-5547
39485,-441,603
39486,7210,5960
39487,-1027,-706
39488,-4534,-4272
39489,4598,-2166
39490,5809,-199
39491,4097,1820
39492,4633,-313
39493,1146,-5197
39494,2370,-2850
39495,3166,6899
39496,-5968,11680
39497,-6809,5153
39498,2462,-2841
39499,2417,-3171
39500,-481,1458
39501,1988,3698
39502,-431,360
39503,-2494,0
39504,1878,4754
39505,410,2781
39506,-3615,-1026
39507,-872,1227
39508,-383,-925
39509,-1365,-3483
39510,1869,1591
39511,-281,4342
39512,-3883,6202
39513,1793,7406
39514,5281,-2
39515,419,-551
39516,-3829,8594
39517,-5723,6760
39518,-2881,628
39519,4913,-291
39520,5948,-3688
39521,430,-2272
39522,-732,3165
39523,-1333,312
39524,-4315,-926
39525,-1163,2332
39526,3750,-282
39527,1347,-962
39528,-274,2242
39529,2750,833
39530,2084,354
39531,-100,288
39532,1029,-4118
39533,1998,-4631
39534,2828,-2510
39535,3132,-2592
39536,733,737
39537,-377,3162
39538,-31,1481
39539,-446,2632
39540,655,1509
39541,806,-3179
39542,188,-1008
39543,3329,3419
39544,3997,1650
39545,-1707,-1902
39546,-4467,-2669
39547,-614,-1438
39548,2784,-1176
39549,1762,-1704
39550,-1082,-349
39551,-1876,1647
39552,1363,1810
39553,3340,-488
39554,-1062,-888
39555,-1240,1730
39556,5185,-1757
39557,3136,-5515
39558,-1170,540
39559,1047,3010
39560,-1849,-442
39561,-3564,517
39562,2596,397
39563,2191,-1297
39564,-1623,-30
39565,1218,1871
39566,4259,1917
39567,2017,-2094
39568,-3219,-749
39569,-3445,5549
39570,1372,-236
39571,3522,-5908
39572,4325,-1108
39573,1228,-1210
39574,-4644,-848
39575,-1383,3223
39576,5077,1447
39577,4095,307
39578,-1605,714
39579,-4054,111
39580,777,-1865
39581,-547,-5527
39582,-4069,589
39583,5497,5724
39584,4577,-1200
39585,-5592,816
39586,1653,3819
39587,4275,-3123
39588,-2405,498
39589,-569,6145
39590,-4051,3432
39591,-3506,2956
39592,5925,-331
39593,1230,-2540
39594,-485,1431
39595,6163,1232
39596,-689,1017
39597,-2480,3199
39598,5261,2398
39599,1588,4358
39600,265,8335
39601,6580,4672
39602,2937,-2823
39603,-2387,-203
39604,1186,5140
39605,2244,175
39606,-1296,-18
39607,-1491,3812
39608,-164,-1344
39609,-488,-435
39610,-2537,1896
39611,-289,-4207
39612,9679,-4141
39613,6986,-4330
39614,-5509,-2608
39615,2672,5301
39616,6647,-2156
39617,-11375,-4802
39618,-7810,6803
39619,6177,293
39620,-1505,-2752
39621,-2113,6298
39622,3059,-1835
39623,-2448,-3830
39624,1224,3397
39625,2724,-3099
39626,-5269,-198
39627,1098,5918
39628,5782,-4794
39629,-4475,-3602
39630,-5005,9446
39631,3359,5573
39632,2421,-5318
39633,-4304,-1950
39634,-3508,7411
39635,4158,668
39636,2393,-11595
39637,-6256,-2936
39638,-2838,9248
39639,6362,3213
39640,4666,-4449
39641,-4077,-2829
39642,-3885,3083
39643,7913,6316
39644,10337,-183
39645,-2339,-5437
39646,-6699,-974
39647,946,252
39648,2328,-4027
39649,-6102,-5370
39650,-11028,-1492
39651,-2646,6536
39652,5801,7374
39653,418,-1706
39654,-7555,-3848
39655,-8104,2050
39656,-1024,5551
39657,6421,4604
39658,-541,-3943
39659,-9224,-8430
39660,-2676,3341
39661,4518,8626
39662,7818,-1949
39663,5308,-5308
39664,-7487,-950
39665,-4649,2067
39666,8670,6791
39667,4060,2593
39668,3014,-8259
39669,6334,-3532
39670,-5267,6242
39671,-3945,1497
39672,4024,-4246
39673,-6354,-2672
39674,-3023,-974
39675,11495,1535
39676,3341,-410
39677,-7582,-5609
39678,-5214,1844
39679,353,8472
39680,5541,-1583
39681,1437,-1240
39682,-2668,12253
39683,5954,6011
39684,5415,-8127
39685,-5705,-2202
39686,-2113,8901
39687,7733,5652
39688,3584,-4222
39689,-6197,-2930
39690,-4016,7307
39691,6065,5212
39692,6013,-3067
39693,915,1759
39694,4080,3639
39695,1961,-5148
39696,-6008,-995
39697,492,8713
39698,5756,234
39699,-4275,-7005
39700,-2190,2340
39701,6820,5416
39702,-1031,1797
39703,-3751,2916
39704,1320,-2386
39705,-3379,-3747
39706,1153,5287
39707,8469,4893
39708,912,6015
39709,2077,9267
39710,6516,-2444
39711,56,-3021
39712,1066,4814
39713,1507,-3560
39714,-1924,-3375
39715,2350,1653
39716,-84,-3615
39717,-143,1058
39718,7849,2631
39719,1488,-1239
39720,-3270,5282
39721,243,1549
39722,-3093,-998
39723,1025,6465
39724,4650,-2163
39725,345,-3610
39726,3173,5821
39727,-2803,-482
39728,-7463,193
39729,5664,2791
39730,4055,-5781
39731,-2039,-1296
39732,4309,-30
39733,-1196,-5098
39734,-2140,2574
39735,4112,451
39736,-1990,-1893
39737,2959,6773
39738,7558,2085
39739,-898,2537
39740,6538,7099
39741,6200,-3597
39742,-6582,-36
39743,2127,4949
39744,3087,-5163
39745,-3782,1200
39746,6332,3749
39747,896,-2943
39748,-4618,8899
39749,8440,7277
39750,893,-2024
39751,-3962,7492
39752,7103,808
39753,-2415,-5449
39754,-2387,6693
39755,9776,-1757
39756,-1294,-4386
39757,-1138,10201
39758,7444,1335
39759,-4501,-2829
39760,-3517,4365
39761,4269,-4801
39762,-1082,-1017
39763,1731,6117
39764,1811,-4443
39765,-622,179
39766,5595,5393
39767,-1042,-1507
39768,-2536,5706
39769,8969,7066
39770,2498,-1250
39771,-1981,-434
39772,2433,-1894
39773,-1194,3709
39774,5743,8220
39775,5832,-3395
39776,-7152,2372
39777,2304,8158
39778,5738,-6945
39779,-5962,226
39780,4832,7934
39781,7442,-5762
39782,-6895,2031
39783,-81,8980
39784,6877,-4148
39785,946,-2269
39786,1483,1386
39787,-234,240
39788,-3198,8203
39789,1390,5305
39790,4026,-1294
39791,3824,1658
39792,3637,2173
39793,1958,7690
39794,-1770,10268
39795,-4453,-886
39796,1603,-1996
39797,6294,5028
39798,-95,2976
39799,-2693,-740
39800,-231,-2467
39801,-799,-1717
39802,436,556
39803,237,-2
39804,-1012,1536
39805,1547,2131
39806,467,-791
39807,-186,1247
39808,3320,4194
39809,188,4133
39810,-2223,3391
39811,3192,-35
39812,3307,-150
39813,-612,2209
39814,809,-1543
39815,1308,-4386
39816,-2638,-1238
39817,-3641,2230
39818,-1027,551
39819,-1960,-4946
39820,-2882,-3494
39821,2359,-725
39822,4457,-5473
39823,1919,-2651
39824,3134,2055
39825,1044,-4569
39826,-2794,-2611
39827,1245,4763
39828,-1733,-215
39829,-9849,-1998
39830,896,-302
39831,9796,-4532
39832,-5911,388
39833,-10873,8505
39834,5445,3721
39835,3821,-1670
39836,-8257,-117
39837,-1517,1430
39838,2271,2204
39839,-3808,2638
39840,2458,1428
39841,5131,358
39842,-2492,1359
39843,1058,1226
39844,3509,-1085
39845,-1154,-804
39846,3238,-625
39847,4268,-1807
39848,492,2005
39849,5696,3244
39850,4241,-3190
39851,-4355,-4535
39852,-3105,-947
39853,-998,190
39854,-1628,3018
39855,1794,4643
39856,2083,1483
39857,-1500,506
39858,-2246,869
39859,-1383,-971
39860,-2734,-770
39861,-4998,-399
39862,-1913,-2811
39863,1791,-1960
39864,-1661,1539
39865,-2316,580
39866,1419,-1593
39867,6,-121
39868,-774,1400
39869,387,886
39870,-1358,-117
39871,357,-610
39872,2528,-801
39873,-148,-714
39874,504,1817
39875,2906,2795
39876,1485,-1869
39877,2046,-1522
39878,4415,3654
39879,3386,-493
39880,1422,-3831
39881,1509,2451
39882,2792,1309
39883,4293,-3731
39884,4479,1710
39885,1986,4293
39886,90,-407
39887,1177,1003
39888,1156,3233
39889,-704,-294
39890,-1434,-328
39891,-1275,2706
39892,-468,1259
39893,-601,6
39894,-932,2376
39895,2166,1917
39896,2948,-242
39897,41,1595
39898,1372,2048
39899,2264,-611
39900,-778,297
39901,-1032,1872
39902,-468,1140
39903,-834,1636
39904,479,587
39905,696,-1523
39906,-30,-546
39907,-214,8
39908,-197,468
39909,684,1773
39910,-345,-8
39911,-2148,-644
39912,-1447,2037
39913,-1480,2113
39914,-1135,-355
39915,721,-1306
39916,-484,961
39917,-2182,2433
39918,-640,718
39919,1237,2086
39920,471,2528
39921,-2463,-2124
39922,-2288,-678
39923,65,2506
39924,-1652,177
39925,-1497,2061
39926,3897,1680
39927,5175,-4941
39928,1434,-2041
39929,-135,4103
39930,2372,1398
39931,3750,-969
39932,-592,100
39933,-2723,525
39934,1627,1407
39935,1774,2719
39936,-2122,3070
39937,-932,1003
39938,1735,-781
39939,1062,1837
39940,771,3867
39941,3081,756
39942,3580,-2833
39943,-506,-2751
39944,-2061,-397
39945,1594,2016
39946,2971,2032
39947,1701,-2488
39948,397,-4391
39949,-1360,1269
39950,496,2728
39951,3556,-1132
39952,2119,766
39953,916,1976
39954,914,-1051
39955,209,-638
39956,2491,-367
39957,3791,-824
39958,1942,1171
39959,2592,1978
39960,923,4702
39961,-3472,7601
39962,-392,2816
39963,3167,-1722
39964,-1299,40
39965,-2978,1863
39966,1261,1754
39967,2536,588
39968,618,1097
39969,-719,3930
39970,425,2178
39971,4139,-1557
39972,5027,628
39973,1648,2281
39974,20,-269
39975,1174,420
39976,1910,1943
39977,1951,-724
39978,977,-1118
39979,-762,1630
39980,-1066,793
39981,-703,-432
39982,-851,1289
39983,1037,759
39984,3702,-1063
39985,2322,2
39986,-8,502
39987,839,-479
39988,1117,585
39989,1176,530
39990,2700,-1988
39991,-388,60
39992,-4028,3626
39993,635,-384
39994,3812,-3005
39995,-649,2314
39996,-2492,2895
39997,-553,-1679
39998,719,-1916
39999,1795,-1094
40000,404,46
40001,-576,1436
40002,1883,-1714
40003,1421,-1027
40004,-241,5245
40005,1484,3591
40006,1397,-1690
40007,-131,-235
40008,444,2133
40009,1530,740
40010,2254,-1738
40011,989,-1577
40012,988,741
40013,3584,1661
40014,-1564,5030
40015,-8276,8353
40016,-1840,2994
40017,5078,-2000
40018,1097,-1444
40019,-2912,-3225
40020,-1273,-2734
40021,1710,281
40022,1678,-1917
40023,304,-2370
40024,3655,1438
40025,7377,1568
40026,5509,-1553
40027,2380,-3751
40028,312,-2140
40029,-445,611
40030,568,-171
40031,469,-166
40032,123,408
40033,179,-882
40034,-1247,1309
40035,-1053,1740
40036,-562,-1738
40037,-3464,576
40038,-3425,1403
40039,1066,-2476
40040,2461,978
40041,219,4073
40042,-1614,678
40043,-708,662
40044,1408,1239
40045,466,561
40046,-342,899
40047,946,-1509
40048,-507,493
40049,-767,4712
40050,1420,-128
40051,154,-2079
40052,-67,684
40053,807,-1914
40054,-907,-123
40055,932,2497
40056,2579,-169
40057,1044,2897
40058,3009,2153
40059,2448,-2536
40060,194,2896
40061,2685,594
40062,1193,-6541
40063,976,1319
40064,5034,2616
40065,-813,-2311
40066,-3203,4664
40067,4837,2375
40068,1034,-4138
40069,-4610,4576
40070,1218,3687
40071,185,-5134
40072,-1723,1857
40073,5574,3252
40074,2142,-6582
40075,-5011,-1278
40076,3226,5484
40077,4991,-2787
40078,-4921,-2442
40079,-477,5500
40080,5319,579
40081,-2997,-1620
40082,-2620,3919
40083,3079,817
40084,-522,990
40085,1375,4938
40086,3103,-2255
40087,-2985,-2426
40088,1334,3926
40089,4596,-2695
40090,-3408,-2013
40091,378,6814
40092,6415,-808
40093,-1397,-4855
40094,-2200,5089
40095,2481,3804
40096,-2382,-2018
40097,-2536,1825
40098,3663,1432
40099,1115,-3810
40100,-3180,-715
40101,1519,4612
40102,6168,195
40103,575,-4677
40104,-4843,1217
40105,2032,3618
40106,5516,-3504
40107,-2591,-1443
40108,-407,5740
40109,7285,731
40110,-478,-4007
40111,-3047,1909
40112,9342,4109
40113,6663,-572
40114,-6064,522
40115,-755,5304
40116,7824,1087
40117,1421,-5374
40118,-2493,-901
40119,3780,3367
40120,3081,-1755
40121,-4984,-3161
40122,-2970,2562
40123,6362,5625
40124,6686,2833
40125,108,-2632
40126,-3285,-1954
40127,-2212,4836
40128,2618,4005
40129,4899,-2911
40130,-464,-3170
40131,-1510,1565
40132,5626,2986
40133,5308,-1217
40134,-1462,-3635
40135,-1572,2242
40136,548,7286
40137,925,5660
40138,3923,1852
40139,3371,-4404
40140,-2611,-6227
40141,-2720,1373
40142,3406,4455
40143,5846,-330
40144,2617,-3534
40145,-2073,-4127
40146,-4343,-281
40147,-2290,4345
40148,2394,1871
40149,5551,-1174
40150,3853,-2441
40151,-1456,-5413
40152,-4453,-2753
40153,-1031,3136
40154,4089,3010
40155,3336,487
40156,487,-2350
40157,1715,-5474
40158,170,-4229
40159,-5774,773
40160,-4605,6205
40161,2511,7133
40162,4811,1343
40163,3190,-1389
40164,227,916
40165,-4891,-699
40166,-5729,-824
40167,-38,5099
40168,3031,4648
40169,625,-2714
40170,-1755,-4352
40171,-2958,-1124
40172,-2907,2334
40173,595,6042
40174,4520,3170
40175,3423,-3548
40176,-1142,-925
40177,-3006,3348
40178,-517,-396
40179,2732,-203
40180,4027,3687
40181,2824,-171
40182,-144,-4018
40183,-2582,-1946
40184,-3735,-538
40185,-3541,2108
40186,-345,5596
40187,3082,2086
40188,1525,-2898
40189,-2510,-1039
40190,-2743,2385
40191,1005,3730
40192,3103,3831
40193,539,61
40194,-2236,-4232
40195,-2232,-3538
40196,-2295,-404
40197,-1983,3332
40198,672,4866
40199,2247,-498
40200,-39,-4949
40201,-2936,-1255
40202,-1885,2114
40203,1426,1573
40204,2314,2808
40205,1946,2597
40206,1154,-3074
40207,-2380,-5261
40208,-4260,1114
40209,-469,5115
40210,3614,1136
40211,2807,-2510
40212,-1525,-1921
40213,-3271,1231
40214,733,4716
40215,4229,3483
40216,1983,-270
40217,-2385,-706
40218,-3729,-308
40219,-1953,727
40220,-1192,3600
40221,-840,3114
40222,2156,121
40223,2690,-1120
40224,-29,-3127
40225,-39,-5404
40226,-761,-3178
40227,-2930,2619
40228,-784,5585
40229,1600,2533
40230,2267,-1543
40231,3731,-2860
40232,894,-3112
40233,-3520,-820
40234,-2010,3612
40235,681,4670
40236,2031,2629
40237,3949,-215
40238,2943,-3955
40239,-132,-4546
40240,-2527,-873
40241,-4543,1930
40242,-2512,3501
40243,2275,5140
40244,3226,3593
40245,2186,-422
40246,806,-2076
40247,-2768,-1602
40248,-4055,-558
40249,-1937,1774
40250,-35,2556
40251,3011,817
40252,4989,613
40253,3153,-260
40254,1906,-4271
40255,94,-4927
40256,-2451,-163
40257,1179,4711
40258,4947,5967
40259,1909,2809
40260,969,-417
40261,3176,-1488
40262,1747,-3380
40263,-1025,-1983
40264,-4077,3621
40265,-6028,5079
40266,-1944,4467
40267,2336,4394
40268,299,-953
40269,-2878,-5190
40270,-4191,-2269
40271,-4707,208
40272,-2184,1948
40273,2369,3625
40274,3841,-573
40275,2370,-4379
40276,1836,-1897
40277,1020,652
40278,-1280,2659
40279,90,3927
40280,3860,304
40281,1672,-2076
40282,-3121,711
40283,-2156,2000
40284,1352,1067
40285,2727,150
40286,2099,-2016
40287,-1240,-2230
40288,-3323,1446
40289,238,3721
40290,2821,1278
40291,-469,-2126
40292,-3181,-880
40293,-1650,3638
40294,1213,4703
40295,3393,1620
40296,2598,-1338
40297,-1289,-1785
40298,-3150,547
40299,-601,2994
40300,3063,2891
40301,3558,622
40302,-354,-1549
40303,-3115,645
40304,-309,5195
40305,3046,3835
40306,3114,-399
40307,1119,-183
40308,-1882,1217
40309,-1335,2108
40310,3184,3028
40311,3868,612
40312,676,-1234
40313,-1051,1530
40314,-317,2091
40315,3060,-2035
40316,4132,-3975
40317,-190,-818
40318,-1688,2353
40319,1335,635
40320,1651,-3537
40321,-1231,-4918
40322,-2798,-1614
40323,581,3042
40324,4524,2269
40325,1516,-1463
40326,-1702,-127
40327,1406,1660
40328,3781,-140
40329,2748,-444
40330,-44,-1316
40331,-3120,-2276
40332,-110,1644
40333,5394,1905
40334,2978,-3421
40335,-2085,-1999
40336,-628,2251
40337,2714,-565
40338,1204,-2532
40339,-1219,2059
40340,1159,4453
40341,2485,430
40342,-2073,-1890
40343,-3334,1535
40344,1525,2370
40345,2350,-2078
40346,-1583,-2600
40347,-2077,1604
40348,1413,1715
40349,2642,-2012
40350,-629,-2118
40351,-2369,1959
40352,1217,4243
40353,4249,1700
40354,2257,-1906
40355,-1380,-1152
40356,-1303,2820
40357,2762,3226
40358,3659,-959
40359,-475,-2828
40360,-1416,253
40361,1723,2568
40362,1809,503
40363,-1853,-1774
40364,-3866,254
40365,-455,3856
40366,3450,2533
40367,667,-3159
40368,-3284,-4181
40369,-1281,1005
40370,1680,2546
40371,781,-846
40372,-1537,-1960
40373,-1567,-605
40374,543,2404
40375,1268,5460
40376,981,2520
40377,741,-1443
40378,-851,833
40379,150,1947
40380,3406,-1216
40381,1162,-2159
40382,-2317,-549
40383,361,1072
40384,3283,866
40385,2133,-1195
40386,-160,-72
40387,-1385,3385
40388,798,2956
40389,3874,149
40390,1406,-1412
40391,-3022,-661
40392,-1322,3080
40393,2871,4094
40394,1808,-684
40395,-1956,-2007
40396,-1999,2020
40397,1180,2107
40398,2756,-871
40399,439,-1164
40400,-2477,-37
40401,-1394,1793
40402,2336,2504
40403,3289,-156
40404,216,-936
40405,-1229,1821
40406,1963,2139
40407,3119,-274
40408,-298,-1253
40409,-1388,53
40410,550,1823
40411,1732,1414
40412,2169,-1253
40413,1104,-1219
40414,65,3174
40415,1365,3950
40416,1206,-282
40417,-1284,237
40418,-953,3065
40419,2698,735
40420,3216,-1590
40421,-1313,-1643
40422,-2694,314
40423,315,4123
40424,903,1729
40425,1424,-1059
40426,1949,3071
40427,429,1802
40428,1244,2550
40429,-2035,5568
40430,-1075,-15973
40431,17311,-21932
40432,9919,18701
40433,-24560,17473
40434,-6428,-26365
40435,30272,-5296
40436,256,22551
40437,-21496,-18349
40438,13725,-21836
40439,15995,17797
40440,-2770,473
40441,19546,-9549
40442,15436,25476
40443,-22268,5504
40444,-3882,-31046
40445,19353,5327
40446,-19630,27313
40447,-23329,-10583
40448,24432,-7428
40449,12775,27916
40450,-19640,4765
40451,4331,-23501
40452,6042,-1071
40453,-24668,-6570
40454,1115,-31992
40455,25740,1849
40456,-13918,18683
40457,-16542,-22561
40458,28938,-9281
40459,10513,29140
40460,-27270,-5669
40461,3908,-24471
40462,24073,11427
40463,-230,1177
40464,10726,-18473
40465,19188,16359
40466,-18877,14075
40467,-10944,-29169
40468,26978,-6302
40469,-7221,29049
40470,-33353,-7956
40471,16270,-23039
40472,24641,19929
40473,-18978,11446
40474,-9895,-24280
40475,7171,1549
40476,-17570,11753
40477,-4016,-22168
40478,28855,2264
40479,-1379,32226
40480,-19689,-16438
40481,23226,-25662
40482,21111,28139
40483,-22131,10529
40484,-3932,-29221
40485,21180,-302
40486,-3524,3880
40487,3216,-22739
40488,22112,8156
40489,-16719,21089
40490,-23594,-24371
40491,23871,-11697
40492,9286,33725
40493,-27282,1790
40494,5880,-28098
40495,23610,11649
40496,-13756,17851
40497,-16955,-13221
40498,136,7379
40499,-15789,16873
40500,-6218,-22792
40501,26718,-7615
40502,-1135,29467
40503,-31372,-6676
40504,11621,-23898
40505,24587,18873
40506,-23630,12785
40507,-14544,-19922
40508,22306,-4104
40509,-177,-2234
40510,-4353,-24984
40511,25678,3030
40512,-715,28608
40513,-23061,-12910
40514,17770,-22928
40515,16668,26140
40516,-23320,14942
40517,-2101,-27356
40518,20281,1567
40519,-7147,21188
40520,-8750,-8990
40521,-1582,1611
40522,-23144,11688
40523,-1515,-17938
40524,32604,5930
40525,-5110,32111
40526,-23887,-18268
40527,21621,-22879
40528,13734,27269
40529,-26926,5716
40530,2431,-23542
40531,28360,5193
40532,1407,-442
40533,8303,-23920
40534,22979,7910
40535,-16921,19897
40536,-20614,-18708
40537,26574,-10022
40538,10753,27324
40539,-26753,-2561
40540,6166,-29652
40541,25066,16183
40542,-14126,23910
40543,-18494,-18582
40544,13,3175
40545,-18850,23356
40546,-10317,-21691
40547,27606,-11550
40548,775,31826
40549,-28027,-4215
40550,19314,-24574
40551,25912,20375
40552,-28040,15117
40553,-9906,-18052
40554,28253,-1762
40555,-3599,-951
40556,-5864,-23658
40557,26927,3245
40558,-3273,24252
40559,-22250,-15009
40560,20661,-19599
40561,15030,24552
40562,-25369,8223
40563,-1656,-31285
40564,23625,814
40565,-8213,24202
40566,-16907,-7065
40567,4900,576
40568,-10785,20121
40569,-16061,-14865
40570,22325,-13550
40571,12057,29890
40572,-28352,4243
40573,1766,-28467
40574,27026,11460
40575,-14598,21285
40576,-16013,-18118
40577,16275,-11639
40578,-4426,2503
40579,-9663,-19875
40580,23499,-4087
40581,3583,28899
40582,-23987,-2780
40583,9828,-25407
40584,19028,16220
40585,-18883,19127
40586,-10288,-19682
40587,23138,-440
40588,3193,23969
40589,-18142,-4611
40590,1713,-2062
40591,-4935,20346
40592,-23116,-11791
40593,10366,-21505
40594,18688,21217
40595,-22753,10101
40596,-5895,-27807
40597,26884,-207
40598,-10199,22444
40599,-20670,-10418
40600,14296,-15951
40601,-3076,4227
40602,-17489,-11151
40603,20011,-10652
40604,12937,20984
40605,-23998,2112
40606,1145,-27341
40607,24643,7909
40608,-11794,22382
40609,-18082,-18044
40610,21708,-12547
40611,13364,20257
40612,-17078,5202
40613,-134,-948
40614,3204,20797
40615,-19631,1406
40616,5063,-19700
40617,21494,11447
40618,-17626,16888
40619,-13150,-19823
40620,24142,-8046
40621,408,22942
40622,-20575,-2202
40623,6331,-19212
40624,1947,2669
40625,-14817,-7783
40626,12311,-17771
40627,15402,17404
40628,-19963,13023
40629,-6544,-23898
40630,25126,1129
40631,-3094,25737
40632,-21959,-10790
40633,13587,-17507
40634,13166,13643
40635,-17047,7712
40636,1246,1551
40637,8725,20078
40638,-21776,2072
40639,-1556,-22475
40640,26433,6919
40641,-11399,20675
40642,-20476,-16175
40643,18438,-14302
40644,5732,20477
40645,-18204,4228
40646,3499,-16875
40647,-1110,3955
40648,-23661,-1847
40649,3689,-19958
40650,18906,11265
40651,-15799,21101
40652,-12975,-15751
40653,22385,-6059
40654,3837,23538
40655,-21263,-4223
40656,8253,-21587
40657,15637,9883
40658,-12863,14895
40659,937,638
40660,14504,14291
40661,-15863,6984
40662,-8955,-22196
40663,21381,-1306
40664,-3719,24344
40665,-18448,-7297
40666,16276,-16140
40667,14198,19489
40668,-15005,9704
40669,-4666,-17206
40670,778,1286
40671,-18598,3302
40672,-1373,-16296
40673,22147,6260
40674,-6506,18825
40675,-18551,-14381
40676,15629,-12774
40677,7099,18404
40678,-25214,3228
40679,-574,-19188
40680,17289,3894
40681,-8405,17682
40682,1858,2151
40683,18944,9051
40684,-14548,15081
40685,-15906,-12668
40686,22860,-9078
40687,5564,21706
40688,-22894,-424
40689,6976,-22405
40690,19092,11160
40691,-10607,14666
40692,-10580,-14945
40693,-314,-2175
40694,-15526,5089
40695,-5023,-19134
40696,18821,-1993
40697,-5945,23298
40698,-23152,-6350
40699,11705,-16647
40700,14080,18884
40701,-18665,12649
40702,-1460,-17855
40703,19537,-324
40704,-6230,15020
40705,-3047,-1949
40706,19476,9534
40707,-7379,20982
40708,-16715,-13479
40709,20389,-15508
40710,12089,21442
40711,-19556,3884
40712,2346,-22999
40713,18531,7928
40714,-9139,16191
40715,-12570,-10184
40716,3402,4919
40717,-9720,15758
40718,-9387,-13864
40719,16089,-5687
40720,1628,23908
40721,-21476,-675
40722,6784,-20694
40723,18351,11149
40724,-12571,14639
40725,-6245,-18153
40726,15967,-7036
40727,99,17403
40728,1864,441
40729,21856,311
40730,-1414,19097
40731,-17033,-5723
40732,13995,-15453
40733,13445,21361
40734,-19900,9906
40735,-5379,-24508
40736,23417,2881
40737,2416,19462
40738,-15167,-9069
40739,-364,-954
40740,-6603,15922
40741,-13014,-12708
40742,15041,-14344
40743,13127,20174
40744,-16349,2711
40745,2994,-28440
40746,22293,3959
40747,-10563,22145
40748,-15576,-16460
40749,14558,-14192
40750,6487,20464
40751,-3603,3822
40752,13960,-8169
40753,-1732,15978
40754,-22759,-605
40755,7638,-20585
40756,16892,13250
40757,-18367,14298
40758,-6861,-22114
40759,28496,-3910
40760,5866,20391
40761,-17850,-728
40762,1178,4549
40763,-2435,22507
40764,-15567,-6596
40765,10876,-15082
40766,12609,20048
40767,-21022,8513
40768,-3248,-27715
40769,26858,-3490
40770,-3103,20998
40771,-16358,-12802
40772,16345,-20471
40773,12949,11795
40774,-4798,416
40775,14013,-13191
40776,7425,18536
40777,-23898,12076
40778,-1052,-17866
40779,24385,10609
40780,-11793,22874
40781,-21186,-16122
40782,17959,-9115
40783,8423,20059
40784,-19993,3257
40785,-1016,1379
40786,1992,21896
40787,-14753,-2234
40788,10174,-22365
40789,18888,10581
40790,-16767,16785
40791,-8642,-17723
40792,26687,-5624
40793,5051,23580
40794,-21279,-2244
40795,6080,-15489
40796,16623,13972
40797,-5892,4345
40798,8192,-12522
40799,20932,22114
40800,-12034,20313
40801,-8224,-23792
40802,23534,-6477
40803,-5357,19826
40804,-23318,-13602
40805,18470,-19349
40806,13289,13915
40807,-23774,9867
40808,-1419,4261
40809,12019,22898
40810,-17854,5898
40811,-2633,-17293
40812,23507,11575
40813,-11354,24853
40814,-19926,-12693
40815,27165,-13047
40816,18885,20206
40817,-24390,-2766
40818,-3186,-29741
40819,23374,2553
40820,3223,4594
40821,10938,-22051
40822,26421,12448
40823,-10600,25202
40824,-14860,-26961
40825,25154,-15108
40826,1148,28664
40827,-29343,-5683
40828,10884,-26937
40829,17366,11098
40830,-18439,11830
40831,1326,-3985
40832,18214,15971
40833,-15046,7219
40834,-8023,-23895
40835,26173,1496
40836,3073,27764
40837,-18202,-11480
40838,17601,-23834
40839,20033,22384
40840,-25270,18495
40841,-12588,-17797
40842,24623,1079
40843,1604,10285
40844,-4184,-18141
40845,22537,47
40846,-12082,19700
40847,-32457,-19298
40848,23665,-18891
40849,21187,25237
40850,-31733,4239
40851,-4896,-29624
40852,26453,2033
40853,-5433,18214
40854,-1102,-2092
40855,20480,14788
40856,-17607,23491
40857,-23366,-19326
40858,31413,-20373
40859,19301,19555
40860,-33070,960
40861,-6956,-23704
40862,21835,9766
40863,-17752,13578
40864,-17642,-19397
40865,22286,-8877
40866,-1963,187
40867,-20927,-24267
40868,15783,-8144
40869,524,24869
40870,-28231,528
40871,21570,-18127
40872,31504,16777
40873,-25603,13815
40874,-9294,-31503
40875,29247,-11334
40876,-254,28075
40877,-2006,818
40878,23795,-5493
40879,-9400,20908
40880,-24417,-10307
40881,20200,-20347
40882,16933,26768
40883,-23650,6107
40884,-2456,-32747
40885,27495,10726
40886,-4442,28520
40887,-16812,-15022
40888,13027,-15688
40889,-1191,2217
40890,-15285,-19371
40891,20774,-17416
40892,5872,19576
40893,-34385,6145
40894,7814,-30574
40895,32837,-964
40896,-15978,21786
40897,-15775,-21387
40898,19578,-14431
40899,4539,31653
40900,-152,4213
40901,25237,-9809
40902,2538,27306
40903,-31399,-2936
40904,-102,-30582
40905,20810,26743
40906,-19793,29138
40907,-17784,-29499
40908,24368,-12016
40909,-815,22424
40910,-25630,-9917
40911,11058,-23684
40912,1362,-810
40913,-28239,-17931
40914,18793,-26618
40915,34359,21536
40916,-22466,17675
40917,-15596,-37071
40918,25068,-6774
40919,-5938,35355
40920,-24530,-13972
40921,17583,-24070
40922,23615,21683
40923,4640,-1174
40924,22955,-15814
40925,10440,28614
40926,-32920,8490
40927,-949,-35171
40928,38082,5408
40929,-13521,28309
40930,-30738,-21195
40931,26215,-19841
40932,14563,29536
40933,-29106,9411
40934,-4627,-26835
40935,-521,3985
40936,-28241,5378
40937,4374,-36364
40938,19417,-4559
40939,-34694,30522
40940,-27987,-15666
40941,26972,-15264
40942,-4775,31417
40943,-44829,-3507
40944,7557,-30007
40945,30724,17280
40946,-10247,7639
40947,4049,-26134
40948,27167,20618
40949,-11718,30103
40950,-9907,-27428
40951,28486,-3888
40952,-2594,40968
40953,-33292,-9350
40954,4415,-29717
40955,13583,26019
40956,-21132,18034
40957,-14123,-22152
40958,745,6185
40959,-22564,11506
40960,-9491,-30137
40961,25098,-1004
40962,-10444,37538
40963,-30333,-11890
40964,28107,-26468
40965,26769,26696
40966,-29733,13176
40967,-10197,-21844
40968,15010,9318
40969,-10827,9657
40970,5041,-24444
40971,20662,8207
40972,-23400,30084
40973,-17321,-20136
40974,33469,-17050
40975,5503,34430
40976,-34094,3466
40977,10282,-34482
40978,35127,14949
40979,-7819,27627
40980,-14462,-17682
40981,3301,2365
40982,-23304,22207
40983,-16252,-22917
40984,33868,-9415
40985,7577,37669
40986,-36333,-4488
40987,7439,-39427
40988,23028,4778
40989,-28183,12624
40990,-10605,-20043
40991,30045,-5328
40992,-5101,3043
40993,-7606,-27924
40994,36299,-4750
40995,1006,36197
40996,-33876,-5915
40997,20520,-25443
40998,29807,32306
40999,-19971,22647
41000,-541,-23659
41001,29709,10793
41002,-6285,23169
41003,-20428,-17244
41004,-174,2648
41005,-14742,22850
41006,-15625,-20709
41007,28927,-22062
41008,23770,20191
41009,-23772,1352
41010,-3286,-35992
41011,28151,-5210
41012,-13568,27645
41013,-24860,-1362
41014,16682,-17558
41015,5833,-2242
41016,-10092,-19116
41017,15540,-17828
41018,-5932,23239
41019,-37460,808
41020,7786,-34181
41021,32392,17386
41022,-16669,33281
41023,-18556,-26133
41024,28605,-18466
41025,2532,19816
41026,-42339,-1414
41027,-8714,2460
41028,5888,28120
41029,-21589,-6295
41030,14475,-17529
41031,32555,31780
41032,-29046,22272
41033,-19795,-29733
41034,35850,-11172
41035,-11,22099
41036,-23907,-9076
41037,20267,-26393
41038,4766,-2734
41039,-28028,-15686
41040,14366,-21883
41041,21833,25535
41042,-31250,16833
41043,-12381,-34063
41044,34585,1006
41045,-7972,35839
41046,-42117,-10895
41047,4677,-13584
41048,11523,25422
41049,-22045,5381
41050,3271,-2552
41051,11969,27418
41052,-28975,-99
41053,-5099,-33872
41054,32488,7379
41055,-5306,29011
41056,-8824,-14419
41057,35180,-14539
41058,9254,25963
41059,-26274,2419
41060,1889,-29474
41061,-1768,1170
41062,-34602,318
41063,2748,-25600
41064,39519,13488
41065,-2426,19664
41066,-17631,-38869
41067,19216,-16627
41068,1176,32756
41069,-26551,-10711
41070,11880,-33161
41071,21100,15108
41072,-10422,20930
41073,9526,2510
41074,14078,21671
41075,-32347,16802
41076,-11986,-11830
41077,32880,11167
41078,-6324,33038
41079,-28056,-9050
41080,19203,-25641
41081,17746,10391
41082,-24992,4048
41083,-19285,-16641
41084,-2515,10023
41085,-7127,7314
41086,13854,-25109
41087,27370,1658
41088,-16002,23744
41089,-25350,-19764
41090,30498,-21844
41091,20646,30213
41092,-35593,15279
41093,-6232,-30925
41094,27877,-955
41095,-7446,30762
41096,-583,2568
41097,23657,7622
41098,-18077,30124
41099,-15622,-6737
41100,37325,-9184
41101,5858,38957
41102,-35077,10922
41103,10342,-28703
41104,27380,13538
41105,-12114,25033
41106,-10890,-8126
41107,106,8839
41108,-21014,10687
41109,-9037,-28944
41110,18647,-5520
41111,-9389,31807
41112,-28792,-8274
41113,15494,-25674
41114,29704,20272
41115,-7026,11857
41116,967,-31387
41117,25126,-5481
41118,1121,26351
41119,1634,6352
41120,27920,11980
41121,-3839,26678
41122,-21323,-14591
41123,25080,-22365
41124,16263,30331
41125,-30992,19142
41126,-1226,-24558
41127,24402,4741
41128,-22214,22350
41129,-31429,-15106
41130,755,-5103
41131,-12754,20523
41132,-17116,-10955
41133,20739,-10342
41134,14950,33397
41135,-10472,11950
41136,18238,-22403
41137,29330,11904
41138,-14356,19749
41139,-21346,-21359
41140,8773,-6291
41141,7642,24728
41142,6606,-3208
41143,22639,-9017
41144,946,17456
41145,-22661,-11588
41146,9342,-29597
41147,20045,23751
41148,-21653,27554
41149,-13603,-24323
41150,28796,-7238
41151,6406,22938
41152,-22166,-9166
41153,-1161,-7567
41154,-4165,27816
41155,-15074,5523
41156,15050,-9916
41157,7537,27235
41158,-32198,18358
41159,-5069,-25842
41160,26738,-7232
41161,-12928,22543
41162,-30333,-278
41163,7234,-2776
41164,13184,19578
41165,2936,-3030
41166,24057,-12426
41167,12125,22985
41168,-29621,10144
41169,-5275,-17844
41170,29587,15872
41171,-9760,22708
41172,-20651,-19609
41173,26355,-12959
41174,9009,12168
41175,-31643,-1648
41176,-3488,3490
41177,7316,25745
41178,-15731,898
41179,13687,-21515
41180,30551,12740
41181,-13860,21513
41182,-12658,-16361
41183,24193,-1878
41184,-737,29778
41185,-20396,-4396
41186,18815,-15657
41187,19600,19769
41188,-11793,811
41189,10397,-18724
41190,19467,19526
41191,-21137,11545
41192,-6259,-28465
41193,32559,1608
41194,-5221,27925
41195,-27983,-9426
41196,18047,-15935
41197,17726,17107
41198,-17882,13737
41199,463,866
41200,11896,9423
41201,-12595,-3759
41202,-1706,-19888
41203,8616,5541
41204,-23960,19943
41205,-17298,-6603
41206,25954,-6582
41207,8214,19864
41208,-29147,3143
41209,-3772,-21893
41210,20098,-3653
41211,2066,-111
41212,10554,-13630
41213,24005,12453
41214,-8440,18005
41215,-6746,-20351
41216,33183,-6355
41217,5820,29650
41218,-30390,1913
41219,5407,-19445
41220,15551,7233
41221,-14520,10792
41222,3158,1464
41223,14715,18996
41224,-17125,10517
41225,-5000,-20158
41226,26689,2245
41227,-3520,27725
41228,-26807,-10981
41229,8082,-23255
41230,13489,18367
41231,-20008,10914
41232,-7498,-18106
41233,18082,1990
41234,38,4780
41235,2270,-17780
41236,26005,1999
41237,-848,14306
41238,-19160,-16358
41239,16710,-11369
41240,13548,21204
41241,-16443,4381
41242,11694,-18462
41243,25670,4491
41244,-11497,10905
41245,-1961,-7372
41246,22451,9367
41247,-12266,16611
41248,-18744,-16706
41249,18751,-7854
41250,2193,22636
41251,-21970,-8924
41252,9846,-27836
41253,12502,11795
41254,-26004,9672
41255,-13424,-23012
41256,20460,-4452
41257,4156,6184
41258,-6124,-20008
41259,16371,-4468
41260,1285,21498
41261,-19824,-4345
41262,12363,-7569
41263,16698,27292
41264,-19661,8671
41265,-2420,-26334
41266,21305,-609
41267,-6235,16889
41268,-3245,-4123
41269,22616,6775
41270,539,18573
41271,-6118,-14452
41272,26768,-15032
41273,9997,20713
41274,-26266,3566
41275,4566,-24312
41276,31366,4586
41277,-7817,16946
41278,-20673,-11961
41279,12710,-10524
41280,4309,-2175
41281,-13428,-19865
41282,11345,-2876
41283,2831,25017
41284,-27330,-5652
41285,5938,-23301
41286,27855,16103
41287,-11220,18459
41288,-11530,-16500
41289,15870,-2108
41290,944,22517
41291,1453,6223
41292,21823,7632
41293,-4996,20600
41294,-22405,-9774
41295,12601,-19451
41296,12400,19041
41297,-26294,11660
41298,-11161,-23929
41299,22564,-3247
41300,-111,14745
41301,-14084,-15491
41302,9828,-18415
41303,-6285,3413
41304,-23099,-11009
41305,16982,-13062
41306,16406,21777
41307,-23906,10197
41308,3554,-25050
41309,27837,1978
41310,-15702,17152
41311,-21132,-24067
41312,13290,-12824
41313,4746,26803
41314,-1997,-769
41315,18177,-11986
41316,3783,23853
41317,-18360,4283
41318,6866,-23420
41319,21615,12830
41320,-7817,17467
41321,-4869,-23351
41322,27894,-8696
41323,6419,24326
41324,-20874,2095
41325,7175,-13999
41326,7925,2701
41327,-16518,-8007
41328,14627,-15958
41329,25498,16880
41330,-19941,10358
41331,-10194,-28245
41332,24758,194
41333,-4918,28665
41334,-19080,-13536
41335,16080,-17833
41336,12544,19613
41337,-5771,-531
41338,14828,-12904
41339,8509,22879
41340,-23089,8345
41341,2075,-22815
41342,28586,13147
41343,-8335,28784
41344,-17107,-16437
41345,21501,-16393
41346,9797,21928
41347,-19847,5568
41348,-1211,-18776
41349,500,2370
41350,-18157,-1177
41351,10676,-20716
41352,23039,10959
41353,-20561,19218
41354,-16067,-25349
41355,26439,-11052
41356,4897,29467
41357,-23806,-1858
41358,5984,-21442
41359,17262,9329
41360,-2827,-665
41361,10364,-14022
41362,15415,23284
41363,-18151,17445
41364,-7237,-27698
41365,30804,-3836
41366,1325,29204
41367,-25381,-11842
41368,13308,-26414
41369,12692,21155
41370,-23646,17219
41371,-2407,-18584
41372,9478,2215
41373,-22182,11415
41374,-3946,-18762
41375,26389,602
41376,-7615,23755
41377,-20110,-14773
41378,21680,-18572
41379,15299,18800
41380,-24214,212
41381,-4687,-20171
41382,20728,7982
41383,1011,2019
41384,7334,-22479
41385,20488,6547
41386,-17546,20764
41387,-18594,-16374
41388,27547,-11628
41389,6506,24834
41390,-27245,530
41391,12189,-25744
41392,24993,11812
41393,-16338,17331
41394,-13449,-19967
41395,3933,-1077
41396,-18530,16583
41397,-10576,-19084
41398,24116,-3487
41399,871,34059
41400,-24512,-7998
41401,14547,-28997
41402,22265,20945
41403,-22006,17949
41404,-8855,-21421
41405,23819,-5960
41406,-2359,620
41407,-2945,-23754
41408,27698,1658
41409,-5650,25323
41410,-29253,-18789
41411,18745,-25683
41412,19866,25204
41413,-26791,9086
41414,-7539,-33096
41415,22480,1549
41416,-9275,23126
41417,-20771,-9569
41418,3585,3568
41419,-8732,21982
41420,-12638,-20337
41421,24521,-17755
41422,8959,30619
41423,-31976,2613
41424,6761,-33634
41425,34646,8072
41426,-14321,21713
41427,-15595,-14142
41428,23307,-7665
41429,-589,1678
41430,-11345,-22225
41431,24309,-3381
41432,3190,29046
41433,-28077,-7982
41434,11788,-34205
41435,23664,12046
41436,-21481,20120
41437,-10645,-24492
41438,29289,-7704
41439,1889,25993
41440,-24864,36
41441,2337,309
41442,-2314,25311
41443,-23233,-9225
41444,14409,-20108
41445,22580,28997
41446,-27414,14550
41447,-12001,-30775
41448,26904,3712
41449,-8714,33100
41450,-20439,-7357
41451,17208,-20630
41452,1347,-291
41453,-13623,-15821
41454,26518,-13245
41455,15790,25922
41456,-29917,6554
41457,3164,-29055
41458,36476,10434
41459,-13851,27382
41460,-28449,-20529
41461,23223,-12545
41462,13387,26774
41463,-25197,4236
41464,2074,-3965
41465,9273,26806
41466,-24239,306
41467,5774,-31027
41468,30434,14224
41469,-20886,27689
41470,-17736,-24933
41471,33699,-14109
41472,2144,31285
41473,-29422,2224
41474,7354,-21972
41475,-707,5247
41476,-26350,-7085
41477,17545,-20274
41478,27057,24261
41479,-24938,18630
41480,-9577,-34205
41481,34817,-5464
41482,106,36228
41483,-25992,-8186
41484,17347,-27860
41485,19902,17166
41486,-17189,17440
41487,2168,-1689
41488,12293,23490
41489,-26073,13153
41490,-4783,-27808
41491,32231,3400
41492,-14286,34541
41493,-30340,-13435
41494,23085,-19974
41495,14170,31604
41496,-23355,10928
41497,-2282,-27096
41498,148,3989
41499,-22747,3775
41500,9097,-26144
41501,27549,13763
41502,-19568,33239
41503,-19259,-21518
41504,33149,-18248
41505,12332,28397
41506,-30926,1428
41507,5784,-28486
41508,24871,7551
41509,-14557,21680
41510,262,2124
41511,25306,15372
41512,-18606,14397
41513,-18023,-25713
41514,30945,-10462
41515,-399,31433
41516,-33837,-6564
41517,14875,-33821
41518,22552,19058
41519,-22305,18877
41520,-11852,-28670
41521,2467,-3554
41522,-24181,13058
41523,-4572,-25954
41524,32350,-4353
41525,-4689,32519
41526,-29493,-10177
41527,19199,-23412
41528,21424,26471
41529,-27778,12982
41530,-6461,-29902
41531,29518,4317
41532,2020,32818
41533,3012,-1596
41534,25715,2140
41535,-14222,26223
41536,-24356,-13157
41537,28295,-21099
41538,11210,30898
41539,-35380,10229
41540,4511,-33605
41541,33761,5795
41542,-11290,20438
41543,-21041,-18183
41544,3550,1422
41545,-15298,20555
41546,-14631,-21817
41547,27610,-12423
41548,8894,33652
41549,-29350,-2653
41550,10746,-35475
41551,28571,18681
41552,-23238,29776
41553,-15778,-25830
41554,25713,-14536
41555,1506,22925
41556,-4264,-3136
41557,28487,-5269
41558,-2497,25282
41559,-30015,-7944
41560,21093,-28093
41561,29537,22706
41562,-25986,15277
41563,-15156,-34831
41564,28490,-1436
41565,2400,30960
41566,-21730,-5063
41567,3328,1093
41568,-4490,26496
41569,-19026,-15947
41570,19570,-27476
41571,18827,24154
41572,-29337,13636
41573,-4912,-28792
41574,36109,2602
41575,-4676,26957
41576,-26172,-17532
41577,15014,-22084
41578,17007,19919
41579,809,4931
41580,24269,-12742
41581,12156,21702
41582,-28275,4374
41583,-389,-37088
41584,25461,7059
41585,-20388,31233
41586,-21485,-21361
41587,30120,-13986
41588,10272,30295
41589,-25467,7921
41590,1661,-2120
41591,615,24211
41592,-25874,-2452
41593,8211,-23353
41594,25809,21567
41595,-18392,21637
41596,-12694,-27169
41597,29968,-3078
41598,3262,33913
41599,-29768,-8471
41600,5056,-23501
41601,21970,17246
41602,-476,1394
41603,12588,-21797
41604,16546,19353
41605,-22239,17646
41606,-6963,-28921
41607,32031,-1462
41608,-6638,33288
41609,-26483,-8126
41610,24509,-20874
41611,18844,17587
41612,-20751,12274
41613,3070,942
41614,8544,24837
41615,-25338,4364
41616,1185,-30932
41617,31254,6944
41618,-11657,28744
41619,-25024,-20838
41620,20248,-19080
41621,12000,28117
41622,-27164,2847
41623,-1992,-26632
41624,24423,6648
41625,5,-281
41626,4902,-31354
41627,20697,7249
41628,-18006,25854
41629,-19878,-18290
41630,30570,-7936
41631,9019,30188
41632,-29980,-2456
41633,9278,-27917
41634,20916,8892
41635,-16965,18159
41636,658,-1745
41637,17423,15735
41638,-20838,15276
41639,-11510,-24822
41640,29539,-7450
41641,-1235,30400
41642,-28022,-7924
41643,18540,-26767
41644,27133,21913
41645,-20467,15549
41646,-8682,-23444
41647,25502,-2236
41648,-1448,2682
41649,-7645,-27011
41650,23182,1799
41651,-3917,31071
41652,-23219,-10499
41653,24744,-20278
41654,18276,23537
41655,-28697,9249
41656,355,-28251
41657,22937,2329
41658,-12669,25597
41659,-2022,-351
41660,23708,7383
41661,-10150,19845
41662,-18034,-18425
41663,19839,-16072
41664,4685,28923
41665,-29733,5482
41666,4011,-26115
41667,30111,14739
41668,-11804,24104
41669,-20186,-19339
41670,15451,-12871
41671,-22,5295
41672,-11214,-18246
41673,24214,-5257
41674,5170,27838
41675,-28151,-3395
41676,13540,-24716
41677,22770,16947
41678,-25992,17115
41679,-11217,-23971
41680,24812,-4962
41681,4212,23323
41682,2255,-342
41683,23265,2045
41684,-6121,21909
41685,-24805,-12440
41686,15991,-21885
41687,17806,25346
41688,-25143,14564
41689,-6255,-27545
41690,27778,-106
41691,-6043,23093
41692,-19893,-9884
41693,12973,-14361
41694,-607,3152
41695,-15503,-14842
41696,21992,-11672
41697,13308,23814
41698,-28952,6216
41699,-1423,-26707
41700,23475,6405
41701,-13621,24699
41702,-14586,-15446
41703,19228,-11903
41704,7751,20172
41705,-3000,-1403
41706,16498,-6923
41707,11,25598
41708,-24995,3922
41709,6491,-22834
41710,23568,14472
41711,-14864,19350
41712,-14000,-22888
41713,22655,-8619
41714,2536,23112
41715,-20599,-3061
41716,7602,-19292
41717,3279,659
41718,-19904,-8948
41719,10814,-17284
41720,16096,16574
41721,-25082,15417
41722,-6871,-20508
41723,27259,51
41724,-4525,25258
41725,-18587,-11159
41726,13515,-19454
41727,10710,12117
41728,-3704,-2512
41729,15038,-13262
41730,9791,19754
41731,-17541,7878
41732,1007,-25109
41733,20838,5770
41734,-11114,24279
41735,-16599,-16069
41736,20397,-14513
41737,10234,24665
41738,-16914,6519
41739,2420,-21675
41740,3476,-75
41741,-18507,24
41742,6551,-20856
41743,21346,7216
41744,-16160,19524
41745,-12281,-19560
41746,26702,-10284
41747,5142,23217
41748,-25587,-3894
41749,2756,-16059
41750,16451,13880
41751,-2654,575
41752,11092,-15845
41753,16115,15297
41754,-18278,11600
41755,-8836,-22982
41756,22587,-528
41757,-6428,26978
41758,-22729,-5896
41759,16067,-17756
41760,14435,17519
41761,-17029,9732
41762,-4581,-20327
41763,1343,-1075
41764,-19474,6233
41765,-452,-17496
41766,22661,5231
41767,-8409,24646
41768,-20232,-14945
41769,14914,-16440
41770,8998,22246
41771,-21956,4643
41772,-95,-18129
41773,20104,4843
41774,-542,325
41775,5400,-18900
41776,16555,7674
41777,-16018,17181
41778,-17209,-15440
41779,21168,-5464
41780,7828,26538
41781,-19288,-141
41782,7181,-22648
41783,18274,11731
41784,-11110,15569
41785,-11531,-14632
41786,619,1877
41787,-13883,13645
41788,-4963,-17734
41789,21336,-6737
41790,-668,22196
41791,-20640,-7902
41792,12681,-19003
41793,17088,19142
41794,-18387,12092
41795,-5845,-15814
41796,20028,235
41797,296,2371
41798,-2605,-16987
41799,15640,3975
41800,-5447,19549
41801,-14867,-12330
41802,18395,-14751
41803,11337,20265
41804,-23039,7439
41805,-2494,-21802
41806,20386,4176
41807,-7228,20568
41808,-14804,-5638
41809,3417,370
41810,-10773,13729
41811,-12912,-14785
41812,17843,-9952
41813,5118,23574
41814,-22499,713
41815,6863,-19033
41816,20577,13124
41817,-14349,13102
41818,-8736,-15170
41819,17979,-6390
41820,-118,-582
41821,-4401,-15210
41822,18336,1416
41823,22,18926
41824,-17874,-7924
41825,12275,-17121
41826,14629,14929
41827,-21330,10557
41828,-11523,-18707
41829,18063,1110
41830,-181,20021
41831,-15328,-4347
41832,1185,-1764
41833,-7267,14265
41834,-14688,-12336
41835,16399,-14501
41836,12379,20283
41837,-21357,5839
41838,804,-19892
41839,22350,6762
41840,-11374,15940
41841,-14826,-12304
41842,12415,-8504
41843,-1536,4529
41844,-8789,-13656
41845,16584,-8335
41846,4691,18141
41847,-19702,-1690
41848,5394,-21185
41849,18673,12073
41850,-13269,17542
41851,-11607,-16850
41852,19800,-4473
41853,5216,19333
41854,-17077,-378
41855,-544,480
41856,-3468,19103
41857,-18066,-4607
41858,10392,-14233
41859,17241,18740
41860,-19947,12412
41861,-8814,-20331
41862,21216,-2293
41863,-5847,20182
41864,-17573,-5311
41865,12599,-16641
41866,5450,252
41867,-9847,-9689
41868,13542,-11791
41869,8799,19642
41870,-20553,9527
41871,397,-21450
41872,23131,6148
41873,-8420,22806
41874,-17707,-14549
41875,14968,-13631
41876,6719,14941
41877,-17957,1113
41878,3168,-3673
41879,7738,16618
41880,-16165,-1380
41881,6456,-20201
41882,22749,9237
41883,-16808,17610
41884,-14715,-14553
41885,23385,-8304
41886,3098,20463
41887,-18308,2145
41888,5310,-16135
41889,-174,1372
41890,-17212,-5566
41891,9053,-15313
41892,15089,15929
41893,-16495,12750
41894,-5668,-23471
41895,24042,-2352
41896,153,22027
41897,-16599,-9669
41898,16419,-14669
41899,13311,16131
41900,-18695,11587
41901,1069,1852
41902,11721,17282
41903,-20692,5963
41904,-5672,-18521
41905,21944,2822
41906,-12195,21286
41907,-19512,-10770
41908,21272,-16517
41909,9066,18786
41910,-21769,7647
41911,-1644,-18248
41912,3897,2668
41913,-15652,2240
41914,8178,-18061
41915,24638,11695
41916,-13972,20632
41917,-17113,-22516
41918,18512,-11770
41919,-4309,24725
41920,-29698,-1970
41921,12855,-17362
41922,23170,12572
41923,-14055,7953
41924,-1476,-4026
41925,10172,14583
41926,-18977,-76
41927,1420,-18994
41928,25818,13188
41929,-14334,14545
41930,-9859,-19795
41931,30956,-860
41932,-423,18233
41933,-21440,-10221
41934,9836,-11993
41935,-618,2212
41936,-10463,-11334
41937,21345,-7166
41938,15841,8850
41939,-6334,639
41940,1539,-427
41941,-421,7022
41942,-5411,670
41943,1489,-888
41944,-3344,872
41945,-4643,-4898
41946,1130,-3232
41947,-1278,3139
41948,1249,2924
41949,2343,378
41950,-2797,-1038
41951,1633,-1337
41952,5190,-2266
41953,3430,-2319
41954,3830,-525
41955,-279,-1479
41956,-1105,212
41957,3584,4783
41958,1341,2812
41959,-1218,1085
41960,-533,813
41961,646,-1776
41962,3779,3495
41963,1428,5549
41964,-311,-3671
41965,2769,-1756
41966,-4043,4186
41967,-9301,-1541
41968,-1885,-353
41969,1066,5747
41970,655,1882
41971,2173,-1368
41972,-255,-990
41973,-556,181
41974,-98,2851
41975,-567,-3305
41976,4319,-10897
41977,4536,-5438
41978,488,-391
41979,1415,181
41980,-2086,4116
41981,-4899,1573
41982,268,-2466
41983,1480,3142
41984,5366,3077
41985,12230,-1810
41986,4851,4840
41987,-1725,9371
41988,999,1405
41989,-5831,-3383
41990,-9338,-1960
41991,2613,-4331
41992,6557,-7848
41993,848,-4746
41994,-581,1653
41995,-5008,3633
41996,-9346,830
41997,-2250,-4602
41998,4865,-8479
41999,2884,-5656
42000,-697,-771
42001,-2732,2330
42002,-1506,3669
42003,2602,-1323
42004,551,-5584
42005,-3447,-2564
42006,344,-2050
42007,2070,-2601
42008,-1329,-628
42009,-1183,-1351
42010,-2695,1810
42011,-5820,5200
42012,-3789,624
42013,-1564,1607
42014,639,5250
42015,1869,664
42016,-1970,-211
42017,-1,286
42018,7982,-4742
42019,8726,-4175
42020,3928,-961
42021,-14,579
42022,884,5314
42023,2301,4416
42024,-2564,-2274
42025,130,-3551
42026,6937,-1164
42027,-1138,3348
42028,-5587,6847
42029,-1473,1803
42030,-8342,-4675
42031,-9823,-7173
42032,-141,-9048
42033,2330,-5212
42034,2885,1621
42035,2135,2230
42036,-2518,2102
42037,-1510,2854
42038,-195,-250
42039,392,-1035
42040,3871,780
42041,2730,1010
42042,2536,3641
42043,3980,2284
42044,965,-6273
42045,3562,-7338
42046,6969,-2169
42047,3253,229
42048,4651,3970
42049,9894,1962
42050,9054,-4156
42051,-1746,5726
42052,-16623,17565
42053,-13827,10008
42054,-1503,1751
42055,-5804,1266
42056,-10075,-2969
42057,-973,-3328
42058,4127,2412
42059,2323,2276
42060,-1872,-1248
42061,-3651,-2273
42062,2746,-1601
42063,6201,2563
42064,4541,8653
42065,6232,9972
42066,3360,3174
42067,-2082,-4126
42068,518,1246
42069,2818,12971
42070,952,11695
42071,1120,1676
42072,1662,-380
42073,1968,3012
42074,3047,3345
42075,2924,1626
42076,2367,-651
42077,2487,-1463
42078,2704,2192
42079,1634,4929
42080,740,1595
42081,5078,-1300
42082,10594,-232
42083,9416,-1423
42084,4755,-4141
42085,715,-2595
42086,-1913,177
42087,-1836,569
42088,-1580,-75
42089,-610,-1590
42090,2975,-1677
42091,4584,-360
42092,2916,-1356
42093,-1004,1079
42094,-5395,6665
42095,-3417,3420
42096,501,-67
42097,-3828,4391
42098,-9250,-596
42099,-6184,-9074
42100,-500,-2733
42101,-1153,77
42102,-4008,-6446
42103,-552,-4053
42104,1891,-2907
42105,-2376,-7415
42106,-3257,-2961
42107,-1601,564
42108,-3242,446
42109,-1778,5138
42110,1969,-1045
42111,1906,-11823
42112,-1584,-5309
42113,-5353,1132
42114,-3054,-1235
42115,1616,3432
42116,762,7474
42117,1188,2847
42118,2155,-1904
42119,-1455,-3781
42120,65,-2032
42121,3709,610
42122,2646,1987
42123,5572,3640
42124,5742,-222
42125,-1815,-3828
42126,-1689,1088
42127,1378,273
42128,-1413,-4517
42129,644,1077
42130,2772,3183
42131,-2193,-4890
42132,-3589,-7490
42133,-2339,-3450
42134,-3570,-2114
42135,-2798,-3757
42136,-3729,-151
42137,-7489,6878
42138,-4962,3075
42139,254,-1665
42140,-3546,8044
42141,-9806,11404
42142,-3088,379
42143,8296,-4490
42144,6073,-5248
42145,-717,-6459
42146,1527,-116
42147,3622,1825
42148,776,-4635
42149,-585,-1998
42150,-833,5334
42151,-688,4291
42152,1127,2112
42153,2495,3720
42154,2615,2994
42155,1757,-585
42156,1196,62
42157,3272,5071
42158,4783,4912
42159,1795,1203
42160,-1556,509
42161,-1325,-3008
42162,-1529,-5988
42163,-3028,-1624
42164,764,-425
42165,6120,-2639
42166,2280,-1029
42167,-3442,-279
42168,-372,2065
42169,2290,3958
42170,-710,-1275
42171,-1697,-937
42172,-1074,4017
42173,-1048,793
42174,-79,-1071
42175,201,396
42176,1381,-642
42177,2069,132
42178,-49,-395
42179,1795,1698
42180,1417,5714
42181,-8264,-2354
42182,-10680,-6683
42183,-4499,-1337
42184,-3272,-6044
42185,-1783,-4252
42186,216,7159
42187,-1261,2691
42188,977,-2364
42189,3670,1662
42190,3199,788
42191,4260,777
42192,5431,-839
42193,6967,-2284
42194,5925,4667
42195,-756,1196
42196,-2830,-4911
42197,840,6133
42198,2455,9695
42199,890,597
42200,-3548,-1168
42201,-2861,102
42202,3153,1382
42203,2510,1745
42204,1315,-2299
42205,2154,-1618
42206,-1793,2270
42207,2338,2384
42208,11524,2853
42209,7078,2902
42210,-323,1159
42211,-459,-292
42212,296,-654
42213,2639,2428
42214,3843,4461
42215,961,-67
42216,234,-4100
42217,2447,-79
42218,3714,4499
42219,2521,905
42220,1637,1587
42221,3947,9556
42222,4677,4572
42223,2627,-1839
42224,701,6792
42225,-2550,5643
42226,-2846,-3913
42227,805,249
42228,332,-21
42229,-2516,-10605
42230,-1254,-9610
42231,5497,263
42232,11367,4401
42233,4776,960
42234,-4041,-231
42235,-127,3545
42236,1716,-2660
42237,-3254,-11430
42238,-242,-4336
42239,3424,3064
42240,-600,3210
42241,-2171,6985
42242,569,6474
42243,2160,2327
42244,1778,3104
42245,159,1443
42246,-833,-219
42247,-402,579
42248,645,-2982
42249,1221,-1679
42250,916,5298
42251,972,5281
42252,299,4215
42253,-991,5366
42254,428,2197
42255,1846,232
42256,780,434
42257,1001,-1497
42258,1686,-801
42259,1628,882
42260,3262,-1459
42261,3247,-2241
42262,1297,1041
42263,2395,3396
42264,2245,4649
42265,-227,4670
42266,2596,-160
42267,5709,-2092
42268,3262,4853
42269,2339,4589
42270,2848,-4800
42271,1322,-3446
42272,1371,2204
42273,1624,-483
42274,486,-402
42275,-1511,1509
42276,-5133,-936
42277,-3863,-152
42278,314,-423
42279,-2146,-4474
42280,-1580,-3216
42281,4874,-1743
42282,3463,-3024
42283,478,-310
42284,2932,901
42285,1939,-735
42286,672,1913
42287,2178,3608
42288,732,-559
42289,-606,-4061
42290,-2009,-2196
42291,-5726,1322
42292,-6813,508
42293,-6429,-2126
42294,-3941,-1163
42295,2258,621
42296,3128,930
42297,351,-282
42298,-1550,-3852
42299,-9774,-4037
42300,-12826,1034
42301,-1028,3441
42302,3879,2690
42303,-2577,2815
42304,-2492,2365
42305,1571,2050
42306,2363,1978
42307,1750,-1410
42308,-1367,-4037
42309,-3300,-527
42310,-1136,2398
42311,-207,228
42312,-1127,5
42313,-1095,2124
42314,452,604
42315,2175,-713
42316,550,1982
42317,-1148,4277
42318,1839,4386
42319,4003,2860
42320,2384,-767
42321,-342,-2899
42322,-4036,296
42323,-4803,3195
42324,-1510,-627
42325,-503,-2455
42326,-320,1910
42327,1433,-964
42328,-512,-6459
42329,-1876,240
42330,2248,5826
42331,1284,747
42332,-4951,-2885
42333,-3025,-3636
42334,1811,-4284
42335,-776,-2686
42336,-2716,-2076
42337,-980,-2696
42338,-2004,-3041
42339,-2107,-1669
42340,1034,4288
42341,2284,5735
42342,1308,-1628
42343,-619,-3328
42344,-1677,1257
42345,-1055,-15
42346,-3500,-1348
42347,-5069,3039
42348,-294,2157
42349,322,-2820
42350,-3309,211
42351,488,2175
42352,3055,-4029
42353,-1685,-2841
42354,-926,3246
42355,3053,-126
42356,240,-2964
42357,-2753,870
42358,-1384,2742
42359,175,2626
42360,1571,1377
42361,2090,-295
42362,-53,827
42363,-1085,1701
42364,1836,1026
42365,3371,-777
42366,599,-3200
42367,-486,-2239
42368,408,-1677
42369,-1996,-3133
42370,-3993,-669
42371,-1729,1431
42372,1409,1674
42373,3368,3236
42374,3242,904
42375,2419,-1662
42376,2652,-1264
42377,-15,-3339
42378,-3143,-400
42379,-133,5644
42380,3226,1361
42381,3069,-2661
42382,3727,1118
42383,2164,1674
42384,-1303,665
42385,394,1128
42386,2568,-922
42387,456,-1040
42388,87,870
42389,959,763
42390,-19,2171
42391,623,3086
42392,631,-9
42393,-2631,-581
42394,-3066,2031
42395,911,1465
42396,4076,-337
42397,3542,274
42398,983,1634
42399,454,1361
42400,753,-2124
42401,-627,-4412
42402,-95,-526
42403,1045,3024
42404,-750,2273
42405,-690,2600
42406,1793,2634
42407,1551,-168
42408,-318,-39
42409,-719,4903
42410,1317,7635
42411,5784,2692
42412,8976,-3868
42413,6240,-3228
42414,1390,901
42415,3037,1681
42416,5674,-209
42417,-605,-2147
42418,-5461,-2285
42419,-228,-1865
42420,4480,-1619
42421,4006,755
42422,1864,2510
42423,-1163,2663
42424,-465,2986
42425,3220,-960
42426,610,-4241
42427,-6259,1169
42428,-7270,5145
42429,-3370,1724
42430,-896,-1037
42431,165,-611
42432,165,-338
42433,-1431,-1813
42434,-1758,-963
42435,-11,2794
42436,3245,1618
42437,5111,-2078
42438,-447,-3918
42439,-6432,-6502
42440,-3863,-3102
42441,-1563,2752
42442,-2196,-509
42443,232,-1522
42444,246,4412
42445,-2671,5783
42446,-2345,4711
42447,-413,3682
42448,2834,1856
42449,5018,2157
42450,471,919
42451,-3246,-777
42452,1081,-599
42453,4540,-3184
42454,2155,-3944
42455,227,-1737
42456,-405,-2632
42457,-1998,-2375
42458,-972,-424
42459,2288,1340
42460,2735,4326
42461,1699,-61
42462,2961,-8372
42463,4186,-5914
42464,1508,-31
42465,-378,1184
42466,3143,2621
42467,2707,905
42468,-4580,-2851
42469,-5251,-543
42470,977,3162
42471,2182,2296
42472,-1034,-592
42473,-1352,-1947
42474,623,141
42475,-281,2315
42476,-703,2742
42477,3346,4911
42478,3472,5343
42479,39,2500
42480,2112,2321
42481,3775,1719
42482,1214,-578
42483,381,274
42484,376,-748
42485,475,-2419
42486,1803,374
42487,2169,1
42488,707,-353
42489,-1424,3387
42490,-480,1015
42491,1711,-422
42492,-128,2666
42493,-1824,-2574
42494,-4031,-1562
42495,-8537,12498
42496,-5243,12330
42497,1347,1983
42498,166,3257
42499,-642,4741
42500,1863,-296
42501,1225,-104
42502,375,1825
42503,1578,-818
42504,952,-685
42505,-1546,2994
42506,607,2823
42507,5577,1640
42508,1236,3748
42509,-6425,4728
42510,-5161,3441
42511,-3523,1066
42512,-3888,-1525
42513,-275,-459
42514,622,789
42515,-1469,-137
42516,-1255,2595
42517,-643,4057
42518,1366,630
42519,2744,100
42520,969,-105
42521,1103,-2077
42522,1553,328
42523,-510,2323
42524,-2334,1125
42525,-4410,3546
42526,-2953,6741
42527,2984,4970
42528,3515,2319
42529,220,1908
42530,1521,424
42531,2472,-1923
42532,-1303,-1808
42533,-3074,-2331
42534,1187,-4546
42535,3688,-3152
42536,-301,-435
42537,-250,-616
42538,5011,-1180
42539,2512,-1535
42540,-3042,-1171
42541,-2062,563
42542,-910,1019
42543,-857,1627
42544,-145,3512
42545,-1407,4005
42546,121,2762
42547,2916,-850
42548,1328,-2552
42549,481,2144
42550,-1695,3287
42551,-6100,-1254
42552,-2399,290
42553,3326,3972
42554,2688,3811
42555,2727,6612
42556,2020,7842
42557,-1275,2210
42558,-508,22
42559,1963,1544
42560,2105,-749
42561,618,-284
42562,-1028,3578
42563,-234,503
42564,-271,-3103
42565,-1401,273
42566,1308,847
42567,2239,-730
42568,-237,1223
42569,731,-290
42570,550,88
42571,-3658,6545
42572,-3959,3469
42573,294,-4297
42574,2377,-2145
42575,-14,123
42576,-1430,-557
42577,1550,937
42578,2354,39
42579,303,1479
42580,2171,4556
42581,2647,395
42582,-2352,237
42583,-2696,5329
42584,1191,362
42585,-389,-3933
42586,-1916,2650
42587,1839,4773
42588,2574,445
42589,-156,-137
42590,-337,71
42591,250,-729
42592,1622,1774
42593,4700,4411
42594,4455,1778
42595,1080,-3370
42596,-1009,-3561
42597,-2089,2079
42598,-2154,5461
42599,-1451,3868
42600,-2104,2480
42601,-1980,-77
42602,-1582,-5707
42603,-6742,-6423
42604,-11691,-170
42605,-5723,3509
42606,2568,1477
42607,1333,891
42608,-1060,3528
42609,2225,1523
42610,2655,-3638
42611,-1106,-1562
42612,-1153,2736
42613,1287,2033
42614,1254,2184
42615,518,1144
42616,0,-2045
42617,-784,57
42618,2503,969
42619,7670,-977
42620,3733,1783
42621,-4407,1478
42622,-401,-231
42623,8252,4740
42624,4054,4061
42625,-4597,-1636
42626,-4493,-803
42627,-27,-436
42628,2748,-1059
42629,463,3244
42630,-2216,6731
42631,4670,3965
42632,7080,-6047
42633,-6417,-11223
42634,-11426,-2550
42635,-1653,345
42636,631,-5839
42637,-1313,-3024
42638,2189,-507
42639,1319,-2697
42640,-2519,1524
42641,-613,1326
42642,176,-1698
42643,-4783,5319
42644,-4308,6164
42645,4122,-1416
42646,4604,353
42647,-2124,3267
42648,212,-18
42649,3060,-602
42650,-2458,974
42651,-1648,3232
42652,2455,4819
42653,-723,1903
42654,91,301
42655,3415,541
42656,-248,-1627
42657,-683,-53
42658,1756,3981
42659,-414,3953
42660,3462,2878
42661,9067,-623
42662,-109,-7115
42663,-9232,-7687
42664,-2229,-1762
42665,3697,3026
42666,-234,2694
42667,-391,-285
42668,2073,811
42669,197,3679
42670,842,1413
42671,1768,-422
42672,-2364,1830
42673,-2167,476
42674,1915,-3083
42675,1587,-692
42676,1561,1514
42677,3061,-3826
42678,1941,-5550
42679,861,1943
42680,667,4939
42681,1008,2313
42682,2258,4439
42683,1935,5754
42684,630,1903
42685,10,637
42686,240,1821
42687,1299,1667
42688,1089,1558
42689,690,1134
42690,384,157
42691,-2350,50
42692,-2060,1609
42693,1269,5159
42694,-2079,7670
42695,-6445,6523
42696,-769,4261
42697,6461,3139
42698,3671,2743
42699,-2351,1661
42700,-2211,-1280
42701,-2435,-4067
42702,-5254,-3870
42703,-1598,-1243
42704,2399,755
42705,-538,-197
42706,-709,-1510
42707,1447,64
42708,-691,1498
42709,-1494,872
42710,-9,553
42711,-44,607
42712,-853,1278
42713,-1875,1843
42714,-187,-398
42715,2412,-1086
42716,-94,2311
42717,-2118,2638
42718,-58,-119
42719,-44,646
42720,-233,3729
42721,2173,4168
42722,3637,866
42723,4471,-1290
42724,3803,510
42725,27,281
42726,-2022,-1443
42727,-1376,798
42728,-1780,1237
42729,-2412,-1416
42730,-1913,17
42731,-976,2066
42732,-33,647
42733,260,-112
42734,371,256
42735,602,682
42736,558,1845
42737,1329,2250
42738,2047,1404
42739,925,684
42740,-163,414
42741,-288,-311
42742,-330,-1226
42743,315,-597
42744,215,0
42745,-1418,-977
42746,-1035,-420
42747,1475,1247
42748,2509,987
42749,1987,639
42750,1397,943
42751,1220,224
42752,1356,-284
42753,1166,856
42754,1428,2917
42755,1779,3743
42756,551,2270
42757,-255,0
42758,-191,-2272
42759,-1229,-2539
42760,-1190,769
42761,-181,2558
42762,-315,1210
42763,639,1255
42764,1348,1100
42765,485,-643
42766,1554,-567
42767,1231,406
42768,-2409,817
42769,-2362,1386
42770,237,1180
42771,-133,605
42772,-962,621
42773,-449,1328
42774,557,2176
42775,1636,1298
42776,1113,1445
42777,720,4362
42778,2582,2459
42779,3169,-3195
42780,812,-1568
42781,-576,2466
42782,1384,-479
42783,2473,-2574
42784,-1470,-68
42785,-4067,265
42786,-30,1365
42787,2960,3923
42788,2769,933
42789,4350,-2102
42790,2546,-714
42791,-2249,-1129
42792,-1136,-1155
42793,655,-19
42794,-816,-1683
42795,34,128
42796,-1308,2452
42797,-2886,-2937
42798,3877,-4513
42799,6560,219
42800,-200,-1084
42801,-1302,-2655
42802,968,277
42803,-1092,29
42804,184,-16
42805,2281,650
42806,-2078,-2306
42807,-4636,827
42808,-2225,9336
42809,-2785,8497
42810,-3933,711
42811,-304,-3380
42812,2220,-1660
42813,1768,1988
42814,2867,1566
42815,3115,-245
42816,2248,126
42817,2093,-1894
42818,-1836,-2680
42819,-5578,1017
42820,-3272,1068
42821,-1315,-900
42822,-87,1202
42823,2392,1282
42824,668,-2566
42825,67,-1399
42826,4672,4284
42827,5272,1822
42828,2493,-5999
42829,1415,-2930
42830,-348,4505
42831,-1033,2179
42832,-817,-1046
42833,-2350,720
42834,-1295,601
42835,1078,-667
42836,271,-732
42837,449,-907
42838,1377,-1290
42839,-314,-1878
42840,300,-1239
42841,2559,62
42842,-115,211
42843,-2773,1187
42844,-347,2059
42845,313,890
42846,-2136,717
42847,-1372,1439
42848,548,841
42849,-304,905
42850,-414,1066
42851,1242,-1291
42852,958,-2577
42853,-993,-206
42854,-1135,1147
42855,270,465
42856,342,653
42857,424,-27
42858,2246,-1212
42859,1863,-82
42860,-827,1156
42861,-384,1186
42862,1167,916
42863,-269,443
42864,-427,727
42865,1968,2
42866,2137,-1777
42867,1293,-638
42868,1447,431
42869,-243,-877
42870,-1017,364
42871,1953,2094
42872,2374,397
42873,-284,-773
42874,-159,-26
42875,271,672
42876,-416,981
42877,1611,553
42878,2639,810
42879,101,1818
42880,183,1065
42881,2164,201
42882,55,1116
42883,-1910,1613
42884,1255,1484
42885,3683,1623
42886,1828,698
42887,121,-829
42888,-374,-1025
42889,-422,-481
42890,660,-496
42891,15,-573
42892,-1278,-64
42893,1223,638
42894,2623,635
42895,196,-511
42896,439,-1297
42897,2501,-485
42898,2195,524
42899,1927,1464
42900,2175,2429
42901,1874,1086
42902,1141,-942
42903,-819,0
42904,-1623,1232
42905,-120,874
42906,1098,1534
42907,1850,2238
42908,1023,1138
42909,-822,-209
42910,50,-632
42911,647,65
42912,123,314
42913,2052,-2001
42914,807,-4125
42915,-3297,-2676
42916,-1255,-200
42917,1690,125
42918,-15,-246
42919,-408,598
42920,-415,1190
42921,-2082,770
42922,-1227,1253
42923,897,1213
42924,1902,-1570
42925,1593,-2719
42926,-873,139
42927,-1497,1661
42928,585,451
42929,279,669
42930,-90,2125
42931,979,1339
42932,-1175,-1223
42933,-2942,-1207
42934,-941,1295
42935,-355,998
42936,-272,-865
42937,1797,-235
42938,961,-178
42939,-1685,-623
42940,-221,1188
42941,1922,1120
42942,-302,462
42943,-2096,4235
42944,734,6018
42945,2469,1898
42946,-4,-1090
42947,-711,-862
42948,1900,-958
42949,2903,-1301
42950,1424,-443
42951,-44,633
42952,-268,886
42953,648,1225
42954,1186,1147
42955,75,-585
42956,-1285,-1777
42957,-687,-337
42958,450,2425
42959,-250,2705
42960,-597,-711
42961,608,-930
42962,969,3543
42963,1122,3514
42964,1569,595
42965,590,1386
42966,-166,1055
42967,42,123
42968,-465,2256
42969,-309,1214
42970,1123,-1269
42971,2536,-269
42972,3785,-2193
42973,3339,-4820
42974,1254,-1380
42975,855,987
42976,1728,-583
42977,1141,-706
42978,-159,-451
42979,-566,-86
42980,-499,1194
42981,-529,196
42982,-137,-983
42983,308,548
42984,153,1418
42985,705,769
42986,1232,502
42987,-192,988
42988,-694,2051
42989,1395,1565
42990,2672,-848
42991,1091,-2900
42992,-2260,-4847
42993,-3174,-4821
42994,-190,-597
42995,542,2022
42996,-1614,-4
42997,-1368,-1359
42998,-163,-550
42999,579,580
43000,1379,1330
43001,595,-37
43002,692,-1403
43003,1713,483
43004,301,2002
43005,-23,532
43006,1550,-868
43007,813,-477
43008,-730,570
43009,-68,636
43010,2285,-22
43011,1566,-461
43012,-3489,-1622
43013,-3791,-1141
43014,1012,2615
43015,2451,3120
43016,3115,-501
43017,3282,-1174
43018,-420,91
43019,-940,7
43020,1350,479
43021,300,1022
43022,207,1091
43023,1074,1523
43024,-346,1091
43025,-569,516
43026,75,64
43027,369,-1620
43028,1279,-1502
43029,553,958
43030,-305,751
43031,310,-984
43032,-230,366
43033,-50,2518
43034,870,2046
43035,-353,837
43036,-75,1051
43037,2143,1567
43038,2271,753
43039,1579,-425
43040,470,436
43041,-1141,1965
43042,-708,958
43043,161,-228
43044,432,258
43045,1180,-660
43046,549,-867
43047,-168,1499
43048,192,682
43049,-660,-1576
43050,-592,469
43051,240,2077
43052,-772,818
43053,339,66
43054,2184,-672
43055,-173,-194
43056,-1456,1079
43057,236,-773
43058,471,-1475
43059,976,1371
43060,1788,1713
43061,458,744
43062,194,1720
43063,1349,1159
43064,577,-250
43065,-362,421
43066,607,840
43067,1263,-131
43068,383,-325
43069,-118,820
43070,606,1515
43071,617,622
43072,-524,-190
43073,-785,790
43074,91,1662
43075,693,196
43076,385,-474
43077,-47,2369
43078,1271,3538
43079,3081,423
43080,1741,-1446
43081,-583,-548
43082,-278,590
43083,8,1272
43084,-660,382
43085,-311,-207
43086,-637,1257
43087,-788,700
43088,1308,-1342
43089,1709,-243
43090,-80,1119
43091,-187,-580
43092,105,-2011
43093,-54,-883
43094,881,588
43095,1363,613
43096,861,27
43097,540,-223
43098,50,453
43099,-228,1812
43100,503,1550
43101,1650,356
43102,1746,1010
43103,423,1249
43104,-612,-148
43105,-597,222
43106,-38,1457
43107,322,538
43108,-701,-799
43109,-1256,-530
43110,209,531
43111,588,1146
43112,-498,649
43113,-671,-256
43114,-133,-4
43115,830,643
43116,973,398
43117,-116,933
43118,481,1862
43119,1254,867
43120,-464,721
43121,-1002,2495
43122,352,1594
43123,61,-729
43124,-379,-275
43125,805,763
43126,747,986
43127,-905,1511
43128,-624,818
43129,1697,-41
43130,1882,1231
43131,-199,1433
43132,62,-62
43133,1276,237
43134,-361,588
43135,-493,228
43136,1437,469
43137,85,-883
43138,-1625,-21
43139,-1361,2754
43140,-260,-161
43141,1682,235
43142,73,3707
43143,-271,-2438
43144,2223,-1100
43145,-1304,3618
43146,7390,-8791
43147,19124,27
43148,-8253,20792
43149,-22794,-4810
43150,14485,-15732
43151,14834,20600
43152,-19251,8441
43153,-5320,-24594
43154,3926,-372
43155,-19254,5198
43156,344,-18939
43157,23325,7098
43158,-8643,21363
43159,-13225,-18573
43160,24110,-14108
43161,8248,23591
43162,-26016,3325
43163,2231,-20719
43164,19646,8157
43165,-9750,18558
43166,255,-1385
43167,17554,8054
43168,-18226,11266
43169,-16603,-18486
43170,24194,-7820
43171,1849,24557
43172,-23454,-3615
43173,12436,-24656
43174,17851,14759
43175,-15217,15674
43176,-8902,-18058
43177,738,1680
43178,-17963,13225
43179,-3132,-16303
43180,25349,901
43181,-1885,25138
43182,-24031,-12917
43183,11366,-22027
43184,16320,18855
43185,-20448,8199
43186,-5733,-24297
43187,22617,-343
43188,2344,18516
43189,2389,-2401
43190,19610,5310
43191,-10987,18239
43192,-19345,-16838
43193,20117,-19721
43194,8169,24004
43195,-24140,7995
43196,4439,-25033
43197,20432,7360
43198,-12829,17956
43199,-15199,-10883
43200,3394,5168
43201,-10653,13028
43202,-9840,-22161
43203,18013,-9200
43204,3226,25066
43205,-22456,-2338
43206,8073,-21066
43207,23048,15579
43208,-13075,18322
43209,-8860,-20419
43210,19741,-11443
43211,533,19614
43212,-3789,4490
43213,21759,-3169
43214,-2251,16461
43215,-23288,-4782
43216,16003,-21838
43217,18994,15439
43218,-23720,12900
43219,-9128,-25302
43220,24602,-690
43221,1014,23030
43222,-15099,-6636
43223,3790,-53
43224,-7324,22040
43225,-17877,-11197
43226,13230,-17485
43227,9200,24733
43228,-24761,10411
43229,1453,-24316
43230,26901,6309
43231,-11032,20797
43232,-18000,-17959
43233,14127,-13366
43234,10020,17063
43235,9533,7901
43236,18482,10731
43237,-11994,17615
43238,-11208,-17578
43239,29026,-13072
43240,3627,27267
43241,-29877,-2519
43242,10891,-28472
43243,23238,15856
43244,-17049,16227
43245,-11311,-19513
43246,3945,1497
43247,-22086,7971
43248,-9996,-25084
43249,26963,-2341
43250,-2195,29296
43251,-26032,-9197
43252,17761,-25082
43253,18657,18750
43254,-25425,13940
43255,-2245,-26059
43256,26156,-2965
43257,-5123,25920
43258,1118,958
43259,28559,2105
43260,-10894,21043
43261,-27316,-13619
43262,21657,-20465
43263,16345,26642
43264,-24862,8638
43265,33,-28980
43266,23674,11611
43267,-10291,24399
43268,-17885,-18031
43269,1255,336
43270,-16572,24230
43271,-15256,-16748
43272,24841,-14656
43273,9554,28488
43274,-26438,1609
43275,8673,-28942
43276,27417,11940
43277,-19087,21705
43278,-16381,-20116
43279,23227,-7337
43280,7754,23272
43281,-158,-2741
43282,23716,-3488
43283,-3104,27561
43284,-27556,-6498
43285,15341,-29060
43286,22277,25015
43287,-23406,22060
43288,-6586,-32867
43289,31879,-8877
43290,-1447,21885
43291,-25995,-7880
43292,256,-1383
43293,-8308,21450
43294,-20712,-12377
43295,20276,-18279
43296,18405,25019
43297,-30351,9026
43298,-6480,-32128
43299,31366,1336
43300,-8597,29628
43301,-23575,-13342
43302,18738,-18836
43303,16167,21780
43304,-79,3406
43305,24417,-12853
43306,10435,25373
43307,-27755,6569
43308,5333,-33387
43309,33257,11095
43310,-15591,27125
43311,-24313,-24915
43312,24512,-11958
43313,8907,24756
43314,-26726,362
43315,176,2631
43316,3572,30699
43317,-23627,-5999
43318,7311,-31990
43319,24333,17110
43320,-22609,25759
43321,-15806,-25923
43322,30592,-12321
43323,1926,30145
43324,-28989,-3769
43325,9912,-24541
43326,21564,13862
43327,-2533,1400
43328,15490,-21235
43329,17255,21643
43330,-26939,17840
43331,-12107,-30136
43332,31959,2000
43333,-2849,30938
43334,-29175,-18160
43335,16745,-22051
43336,15838,23206
43337,-21348,13294
43338,3790,-609
43339,9918,24286
43340,-30017,6389
43341,-3277,-27456
43342,30583,7619
43343,-17634,27754
43344,-28683,-21416
43345,27394,-18673
43346,17660,30869
43347,-27851,3948
43348,-2022,-29013
43349,25441,6794
43350,-16,3737
43351,5384,-25706
43352,24004,13149
43353,-13885,25024
43354,-18189,-27021
43355,30545,-12894
43356,4848,31477
43357,-36392,-1372
43358,11856,-23886
43359,28217,14706
43360,-16635,18571
43361,723,-298
43362,20017,19327
43363,-23672,11930
43364,-14111,-25641
43365,33102,2037
43366,808,35906
43367,-30125,-12079
43368,16443,-32046
43369,23174,20814
43370,-28046,17982
43371,-14173,-24164
43372,24415,-6300
43373,-680,2335
43374,-1303,-26225
43375,31732,1421
43376,-7855,31089
43377,-34045,-14827
43378,24849,-23321
43379,22506,30627
43380,-32286,15269
43381,-1514,-29281
43382,29607,2240
43383,-6866,23492
43384,-1380,-2892
43385,22463,15451
43386,-14176,27986
43387,-18950,-22916
43388,28965,-20419
43389,10796,31424
43390,-32698,4236
43391,5579,-33144
43392,32214,8238
43393,-17410,22886
43394,-19501,-15412
43395,24414,-10843
43396,1819,1779
43397,-15333,-24255
43398,24175,-7469
43399,5603,34408
43400,-32975,1487
43401,11848,-28200
43402,29330,20864
43403,-21430,25713
43404,-10967,-28488
43405,25490,-9599
43406,2010,28114
43407,2165,-2265
43408,29892,-2431
43409,-5488,27420
43410,-29688,-8639
43411,20080,-26085
43412,23459,23115
43413,-30023,14521
43414,-10163,-30464
43415,33102,825
43416,-3533,31322
43417,-22944,-7975
43418,15039,-21748
43419,2533,2231
43420,-20288,-12183
43421,16176,-15550
43422,11293,26105
43423,-30808,13110
43424,1692,-31880
43425,32671,2194
43426,-12620,30054
43427,-22478,-17658
43428,19485,-16321
43429,14568,25461
43430,220,1173
43431,22777,-9187
43432,5638,25683
43433,-29638,-169
43434,5713,-28149
43435,28549,21188
43436,-20596,31050
43437,-18836,-23523
43438,30110,-13923
43439,4024,30643
43440,-27575,3665
43441,5659,-25625
43442,758,2073
43443,-25516,-1201
43444,15152,-21889
43445,26120,15343
43446,-26851,18871
43447,-14643,-32387
43448,28254,-7038
43449,-5375,35262
43450,-28717,-9373
43451,12135,-21856
43452,18048,20772
43453,-3543,589
43454,15867,-20274
43455,11864,19145
43456,-28199,11638
43457,-4450,-28201
43458,33819,3365
43459,-7509,31395
43460,-26846,-13002
43461,22549,-22106
43462,17303,22675
43463,-25093,10109
43464,-8060,-21521
43465,1391,5629
43466,-23367,4603
43467,2757,-29153
43468,28157,6781
43469,-14713,30075
43470,-22920,-23262
43471,23690,-17662
43472,9655,31960
43473,-27779,1879
43474,3397,-23982
43475,24575,8613
43476,-2517,-1744
43477,7314,-22848
43478,20791,15315
43479,-18369,20974
43480,-15916,-23124
43481,30875,-7390
43482,7180,30878
43483,-29565,-4577
43484,8089,-27901
43485,22048,20360
43486,-16803,22705
43487,-12115,-20816
43488,3031,-955
43489,-20740,12885
43490,-6290,-27580
43491,27402,-7148
43492,-7231,33267
43493,-30771,-9424
43494,17657,-25391
43495,23576,21493
43496,-23093,8735
43497,-8298,-24160
43498,23360,-703
43499,-2186,113
43500,-3687,-21812
43501,22093,8698
43502,-7845,23932
43503,-23256,-20413
43504,21238,-18968
43505,13545,28787
43506,-29644,10264
43507,-1337,-28005
43508,26818,4143
43509,-9681,22293
43510,-18707,-9420
43511,3665,2348
43512,-14484,18349
43513,-16319,-20793
43514,22491,-14088
43515,7316,30210
43516,-26436,-284
43517,9879,-28520
43518,26220,14512
43519,-18049,18414
43520,-12105,-20191
43521,19291,-8792
43522,-2787,4192
43523,-3861,-18313
43524,25647,-2656
43525,-1335,25034
43526,-26482,-7779
43527,11987,-24779
43528,17699,18619
43529,-23032,17675
43530,-7952,-21897
43531,27280,233
43532,235,23319
43533,-20980,-8114
43534,837,-2734
43535,-7467,22058
43536,-17402,-11094
43537,20559,-18344
43538,18647,25676
43539,-24476,10280
43540,-2721,-28238
43541,25792,2184
43542,-12803,24695
43543,-19479,-7666
43544,16155,-14335
43545,228,-237
43546,-13662,-16179
43547,19329,-9958
43548,8382,21403
43549,-27045,-579
43550,1354,-25658
43551,23221,14077
43552,-14098,23889
43553,-15691,-19777
43554,20855,-10049
43555,4096,20986
43556,-22293,1434
43557,301,1712
43558,985,25303
43559,-18582,-3217
43560,11343,-22704
43561,23045,14639
43562,-18822,15644
43563,-10313,-21012
43564,25446,-3970
43565,-2300,24337
43566,-19891,-2547
43567,9635,-18579
43568,579,-273
43569,-17921,-9823
43570,12156,-14597
43571,14531,19233
43572,-20336,11891
43573,-2422,-24892
43574,27582,-1688
43575,-4744,21143
43576,-21024,-12590
43577,15291,-15248
43578,10966,16432
43579,-19125,8106
43580,443,-22
43581,7632,17305
43582,-19297,-1062
43583,1971,-23223
43584,22956,8479
43585,-16223,21099
43586,-17192,-16145
43587,22757,-12105
43588,3727,21794
43589,-19957,2059
43590,4584,-19011
43591,-441,3182
43592,-19776,-3057
43593,9496,-19373
43594,18957,12157
43595,-17298,15935
43596,-10500,-22540
43597,22468,-7160
43598,464,23729
43599,-21052,-4544
43600,11300,-18296
43601,17072,13280
43602,-11763,14714
43603,1587,-130
43604,11186,14580
43605,-18934,8332
43606,-5653,-20109
43607,23742,-533
43608,-7480,23294
43609,-19631,-8901
43610,16923,-17686
43611,10000,17806
43612,-16671,7812
43613,-2645,-17655
43614,-508,2460
43615,-15780,2055
43616,6117,-20326
43617,20607,4648
43618,-12863,18244
43619,-18546,-17875
43620,17223,-12473
43621,7479,23354
43622,-21643,1565
43623,4899,-22964
43624,20714,6681
43625,-7943,15737
43626,704,-4967
43627,17467,9566
43628,-13343,16471
43629,-9309,-15476
43630,26603,-7749
43631,878,21777
43632,-24639,-5881
43633,8922,-23399
43634,13903,13475
43635,-15204,13843
43636,-6912,-13781
43637,3450,1146
43638,-12693,4769
43639,-1508,-18193
43640,18984,2630
43641,-5021,22218
43642,-17957,-11407
43643,15531,-15764
43644,15047,19964
43645,-18055,7726
43646,-1935,-21659
43647,17355,-17
43648,-7982,17763
43649,-2579,1198
43650,19282,6804
43651,-9750,15617
43652,-16002,-12152
43653,23131,-12145
43654,9587,20963
43655,-23613,3898
43656,2666,-20593
43657,19837,10578
43658,-7337,16138
43659,-9475,-14330
43660,2472,251
43661,-13057,10682
43662,-8118,-19491
43663,19432,-6137
43664,3614,24265
43665,-17237,-4914
43666,11555,-20652
43667,16146,12760
43668,-19814,9628
43669,-8282,-17708
43670,19272,-172
43671,-459,16704
43672,-1487,-1420
43673,21246,2593
43674,-2840,16304
43675,-18480,-11082
43676,15118,-18630
43677,10516,19675
43678,-22527,13451
43679,-1170,-19091
43680,20728,4128
43681,-7118,18517
43682,-15521,-10303
43683,-608,308
43684,-13586,19530
43685,-11023,-9993
43686,20542,-9824
43687,5947,22435
43688,-25726,565
43689,2679,-23081
43690,24038,10235
43691,-11638,17501
43692,-17522,-15810
43693,13929,-5562
43694,10165,18725
43695,3251,-1555
43696,17610,-4910
43697,-1145,18219
43698,-19645,-3327
43699,11386,-20317
43700,17863,16145
43701,-17915,15405
43702,-8307,-21715
43703,22525,-3965
43704,-211,17853
43705,-21237,-4723
43706,-2872,797
43707,-5289,18970
43708,-11779,-9857
43709,15099,-17113
43710,10656,20120
43711,-21043,9076
43712,-888,-26220
43713,22490,1962
43714,-6185,26339
43715,-12042,-10071
43716,15778,-14935
43717,9073,17171
43718,615,1432
43719,20685,-11237
43720,5157,18475
43721,-25399,5029
43722,2741,-23798
43723,25667,8040
43724,-10113,17495
43725,-17048,-20459
43726,15418,-7875
43727,3732,20169
43728,-17931,-1411
43729,532,-1773
43730,-154,21367
43731,-17110,-5662
43732,5305,-24794
43733,12985,14250
43734,-19716,17712
43735,-9371,-22817
43736,24833,-7102
43737,830,23258
43738,-21363,-8805
43739,10864,-20769
43740,18581,12965
43741,-3750,803
43742,10192,-16275
43743,15200,18348
43744,-15874,10857
43745,-4625,-29476
43746,22828,599
43747,-7767,26667
43748,-19125,-16309
43749,21425,-20733
43750,12191,19166
43751,-20899,10236
43752,1666,-3496
43753,6765,17599
43754,-23449,3604
43755,-1427,-20333
43756,23965,11784
43757,-10030,22809
43758,-15244,-20919
43759,21409,-16183
43760,8331,22608
43761,-22183,1250
43762,-2569,-20732
43763,15819,6970
43764,8454,3400
43765,19000,-17431
43766,16646,10880
43767,-20376,15962
43768,-12761,-22785
43769,26855,-6905
43770,2010,26935
43771,-26968,-4482
43772,12426,-22689
43773,22091,10284
43774,-14411,10712
43775,-2985,-2350
43776,9951,20839
43777,-19654,10646
43778,-5355,-26082
43779,29186,2353
43780,-3364,30654
43781,-26057,-13525
43782,14348,-24914
43783,15174,19368
43784,-24887,13935
43785,-5727,-10197
43786,24495,7100
43787,867,-697
43788,704,-24840
43789,21723,6248
43790,-11280,24390
43791,-24225,-14855
43792,21071,-12704
43793,16004,26155
43794,-16446,3248
43795,10298,-26779
43796,18328,6448
43797,-16935,20592
43798,-1875,-2294
43799,18544,12857
43800,-17125,19488
43801,-13031,-21346
43802,31724,-16873
43803,3229,19888
43804,-36806,-4289
43805,8013,-22646
43806,28694,16537
43807,-24594,14445
43808,-22473,-23692
43809,22241,-9738
43810,462,3321
43811,-15065,-21319
43812,19677,-2916
43813,3275,31593
43814,-19275,1011
43815,25641,-19244
43816,21705,19080
43817,-31293,14776
43818,-4711,-25897
43819,29376,-4062
43820,-2955,23667
43821,656,-1028
43822,28862,1326
43823,-5311,17194
43824,-24533,-17011
43825,15038,-17445
43826,8876,30160
43827,-30485,10164
43828,967,-30452
43829,34649,5903
43830,-8048,27683
43831,-21219,-14267
43832,15401,-22152
43833,-1214,-577
43834,-14196,-12991
43835,26218,-6735
43836,8486,26078
43837,-34400,1962
43838,5708,-29381
43839,28441,11662
43840,-18038,27340
43841,-15528,-17902
43842,21735,-7848
43843,9605,25648
43844,2955,-1169
43845,23834,-1566
43846,1385,30608
43847,-26456,-2244
43848,9778,-25360
43849,26356,21540
43850,-19224,22658
43851,-13248,-24874
43852,28785,-14942
43853,-6022,11020
43854,-34267,-10980
43855,7580,-18430
43856,2692,143
43857,-24198,-15808
43858,16034,-19183
43859,19735,25743
43860,-29808,18420
43861,-10412,-26510
43862,19659,8748
43863,-15418,41373
43864,-16795,-11493
43865,21518,-20764
43866,8405,22121
43867,-5303,765
43868,27531,-15392
43869,19164,26068
43870,-21140,14718
43871,8717,-23912
43872,41079,7831
43873,-9516,23612
43874,-25636,-23665
43875,24434,-16340
43876,8545,33605
43877,-28704,11258
43878,3045,-23503
43879,4737,1834
43880,-24807,-816
43881,8031,-26642
43882,14741,11028
43883,-36041,24610
43884,-13087,-27643
43885,38425,-12252
43886,1204,32323
43887,-31053,-9743
43888,10976,-30408
43889,22618,12624
43890,-6073,1316
43891,11237,-15777
43892,19839,26503
43893,-24145,16616
43894,-12325,-34654
43895,32900,-2517
43896,-6732,40106
43897,-35998,-5896
43898,17066,-29521
43899,20982,23132
43900,-18913,25229
43901,-801,-21682
43902,3781,-9108
43903,-28766,3305
43904,536,-25060
43905,33188,4302
43906,-14841,33870
43907,-31288,-20807
43908,22305,-27173
43909,18523,27043
43910,-25343,3946
43911,-8384,-25101
43912,9122,9962
43913,-9659,-1031
43914,8293,-30082
43915,21148,12443
43916,-22214,23908
43917,-21214,-29966
43918,27582,-17764
43919,5238,34336
43920,-35741,4753
43921,6700,-30240
43922,37410,9786
43923,-7685,15036
43924,-22060,-26674
43925,3401,-2383
43926,-13020,22005
43927,-13966,-24180
43928,29881,-18623
43929,11891,30121
43930,-29546,-6745
43931,7301,-40656
43932,19209,10333
43933,-30901,17741
43934,-9379,-24205
43935,35085,-5716
43936,439,8090
43937,-10154,-27862
43938,19671,-11475
43939,-12858,23904
43940,-34209,-9468
43941,14343,-13170
43942,16590,38919
43943,-22237,12844
43944,2444,-39064
43945,28154,4836
43946,-10118,32185
43947,-24200,-11233
43948,-49,2517
43949,-9711,29794
43950,-5414,-18817
43951,37297,-22089
43952,13498,31089
43953,-39143,3512
43954,1475,-33935
43955,36285,12169
43956,-16468,25636
43957,-23543,-18760
43958,18066,-15008
43959,-3696,-590
43960,-13778,-27726
43961,29476,-10319
43962,10968,36544
43963,-30111,4147
43964,8674,-31380
43965,29893,17575
43966,-20006,28366
43967,-19120,-26381
43968,25872,-11441
43969,1456,31190
43970,-30594,7700
43971,45,4063
43972,-250,25930
43973,-22768,-14732
43974,17007,-29796
43975,24503,29860
43976,-30069,22378
43977,-12443,-33877
43978,29572,-1516
43979,-4362,31263
43980,-13491,-22403
43981,15802,-37167
43982,-14473,2090
43983,-28562,-9334
43984,24929,-13008
43985,20772,30020
43986,-32466,10070
43987,-8297,-35747
43988,30975,4674
43989,-10115,32530
43990,-29596,-16288
43991,17975,-13571
43992,14764,30695
43993,-22460,5996
43994,53,-9910
43995,7945,29256
43996,-23244,8514
43997,5428,-34060
43998,33016,11163
43999,-7020,38129
44000,-571,-15662
44001,39029,-14311
44002,764,33249
44003,-30094,4892
44004,5266,-25683
44005,6130,5637
44006,-10669,-2511
44007,23206,-24814
44008,27332,15690
44009,-22658,13097
44010,-19233,-38689
44011,18128,-3508
44012,-10346,40814
44013,-32680,-13274
44014,19941,-35332
44015,27470,19551
44016,-22582,21034
44017,-5424,-8408
44018,12948,19337
44019,-29585,23778
44020,-3834,-22551
44021,45494,-6736
44022,-10882,30325
44023,-39874,-11414
44024,20606,-25765
44025,20771,28961
44026,-18998,18053
44027,-4610,-22448
44028,-706,4063
44029,-19970,2847
44030,3241,-31669
44031,20520,8436
44032,-16070,37939
44033,-21244,-14770
44034,28348,-19870
44035,20640,26048
44036,-25385,1751
44037,4856,-30132
44038,28249,5044
44039,-20140,12338
44040,-8454,-12210
44041,32160,15179
44042,-12242,22315
44043,-20794,-28902
44044,34208,-15889
44045,7748,33020
44046,-32419,-2027
44047,6688,-24713
44048,14195,28953
44049,-19454,25305
44050,-4018,-18077
44051,5555,10571
44052,-26041,22124
44053,-11462,-22787
44054,29006,-5251
44055,3840,31298
44056,-20763,-9210
44057,20086,-26870
44058,24684,17714
44059,-18927,8088
44060,-2920,-32143
44061,24639,-1263
44062,-3522,29647
44063,-1291,628
44064,23696,2470
44065,-11691,22867
44066,-27384,-16958
44067,18878,-24717
44068,11157,29844
44069,-30838,14149
44070,1266,-27892
44071,31702,7602
44072,-9124,18736
44073,-23818,-17552
44074,-919,2672
44075,-14402,22085
44076,-11208,-9239
44077,32292,4214
44078,19885,37420
44079,-17756,-2515
44080,10953,-33253
44081,25218,12908
44082,-21531,24751
44083,-18199,-23681
44084,23059,-14097
44085,6530,24797
44086,-3226,231
44087,25159,-7824
44088,-1331,22510
44089,-30989,-8343
44090,16704,-31498
44091,28596,18803
44092,-24242,16184
44093,-13013,-31713
44094,27944,-5462
44095,-647,23526
44096,-23819,-3235
44097,-1553,3185
44098,-8136,22089
44099,-11142,-12449
44100,29421,-19730
44101,18486,21966
44102,-33943,7926
44103,-9337,-28844
44104,28657,5941
44105,-10779,28414
44106,-22454,-12053
44107,24774,-6668
44108,22736,25789
44109,894,-5218
44110,19533,-15412
44111,7444,25388
44112,-24069,6547
44113,6814,-27105
44114,32263,8136
44115,-6282,16345
44116,-15632,-24116
44117,17734,-9894
44118,4289,24809
44119,-19868,10621
44120,5314,5364
44121,6406,19830
44122,-21881,-2935
44123,4295,-17935
44124,24134,16376
44125,-19438,19534
44126,-18588,-17732
44127,26473,-2818
44128,5791,27424
44129,-21789,-5409
44130,11064,-23555
44131,18460,7859
44132,-3369,747
44133,14967,-16182
44134,19696,16355
44135,-13392,14720
44136,207,-25542
44137,28988,-4181
44138,-8675,26745
44139,-30372,-5509
44140,14151,-14731
44141,18413,19610
44142,-15422,13219
44143,41,-3616
44144,7229,14099
44145,-23689,771
44146,-4366,-27868
44147,24690,4170
44148,-12976,23994
44149,-23505,-18645
44150,23577,-16957
44151,14659,23424
44152,-28713,1651
44153,-9457,-19795
44154,15156,8528
44155,-2687,1619
44156,7167,-14703
44157,22461,16913
44158,-13823,11561
44159,-16806,-29423
44160,23959,-6538
44161,1405,28104
44162,-25418,1727
44163,18769,-14266
44164,25443,9762
44165,-11052,10812
44166,6735,342
44167,13552,16248
44168,-24318,8817
44169,-5719,-23843
44170,32369,-3837
44171,-660,25870
44172,-25457,-9211
44173,10739,-22551
44174,17764,18314
44175,-16171,11514
44176,-9646,-15155
44177,13759,7067
44178,198,4503
44179,3681,-23226
44180,26017,5716
44181,-2210,25794
44182,-20588,-11921
44183,16988,-8937
44184,10312,26521
44185,-24403,2297
44186,3888,-21795
44187,19578,9310
44188,-11730,14819
44189,-1343,-5319
44190,15744,14308
44191,-12536,18732
44192,-7960,-17715
44193,25858,-8855
44194,4411,20947
44195,-23549,-8021
44196,6776,-24376
44197,18199,16241
44198,-17693,19385
44199,-9185,-13899
44200,24356,-6366
44201,2344,1723
44202,-10607,-16525
44203,15812,261
44204,-2698,22811
44205,-23614,-4825
44206,15973,-14389
44207,20403,20003
44208,-20681,13404
44209,-7576,-20772
44210,17895,-2636
44211,-3075,21954
44212,-2314,3300
44213,18712,2620
44214,-3674,14929
44215,-13460,-12762
44216,21539,-16920
44217,9858,19107
44218,-30807,3654
44219,-1854,-22893
44220,28646,12431
44221,-6397,21783
44222,-9700,-18045
44223,19971,-15510
44224,-6438,1121
44225,-20510,-16066
44226,17816,-4462
44227,6192,24963
44228,-23287,235
44229,11694,-23123
44230,21228,9836
44231,-19116,18155
44232,-9266,-15701
44233,17499,-5137
44234,860,20925
44235,2089,340
44236,20436,-1012
44237,-3082,22046
44238,-19226,-3226
44239,12370,-17944
44240,17482,18228
44241,-16199,12539
44242,-5630,-20145
44243,24598,1798
44244,881,19890
44245,-14565,-8234
44246,10550,-14992
44247,-2896,-766
44248,-18542,-12318
44249,19648,-12839
44250,16728,13165
44251,-24473,4275
44252,-982,-19552
44253,21855,6013
44254,-14779,21146
44255,-17481,-11889
44256,14303,-7055
44257,8521,20874
44258,1758,-2657
44259,14542,-10227
44260,-618,20609
44261,-15348,1684
44262,11683,-23070
44263,20074,11888
44264,-12509,17925
44265,-7905,-19977
44266,23022,-7017
44267,945,21570
44268,-23135,-3232
44269,2597,-17749
44270,2447,2083
44271,-15981,-7534
44272,13385,-16702
44273,18090,13964
44274,-24397,8119
44275,-11429,-28765
44276,22109,-1836
44277,-6856,30295
44278,-20731,-6800
44279,14497,-21008
44280,14641,8431
44281,-3241,-1959
44282,13334,-9822
44283,6703,22627
44284,-22878,11967
44285,2448,-21679
44286,27445,4782
44287,-13491,22525
44288,-23932,-16164
44289,18160,-14840
44290,9431,25553
44291,-17096,9957
44292,3878,-18395
44293,1592,-428
44294,-22155,-4057
44295,5892,-24668
44296,22595,6271
44297,-14993,20925
44298,-13295,-18498
44299,24367,-12721
44300,6639,20561
44301,-20724,-3648
44302,6317,-17385
44303,17452,11195
44304,-3941,-144
44305,9664,-16023
44306,16509,17534
44307,-18352,14828
44308,-9255,-25024
44309,24381,-2804
44310,-4629,28931
44311,-22147,-6106
44312,16611,-19272
44313,12584,20047
44314,-19865,13471
44315,-3502,-18007
44316,3534,616
44317,-18885,6096
44318,2553,-20635
44319,27408,1291
44320,-6564,22786
44321,-19461,-14586
44322,18834,-13617
44323,13387,25717
44324,-22056,2462
44325,-1726,-22697
44326,20759,6630
44327,-184,1927
44328,6602,-22733
44329,20017,7310
44330,-14926,17500
44331,-15801,-23918
44332,24389,-13159
44333,2467,28464
44334,-28982,749
44335,9091,-26158
44336,24728,14926
44337,-14588,20307
44338,-17430,-20285
44339,988,-3731
44340,-14723,14668
44341,-7514,-18903
44342,26398,-3813
44343,5226,32108
44344,-22723,-7741
44345,13558,-26961
44346,22188,17799
44347,-20732,12783
44348,-7257,-20016
44349,25965,-3380
44350,969,1072
44351,-2215,-20446
44352,24739,1910
44353,-5992,22571
44354,-27461,-14291
44355,18746,-20026
44356,21456,26480
44357,-22762,12854
44358,-4152,-28666
44359,24161,4242
44360,-8156,25257
44361,-17969,-12579
44362,3181,-1659
44363,-15905,21717
44364,-16052,-17420
44365,28820,-16540
44366,12229,27595
44367,-31764,2296
44368,4325,-25109
44369,29056,13383
44370,-17533,17356
44371,-15755,-18236
44372,21499,-8761
44373,-1579,1046
44374,-9217,-23345
44375,25391,-5654
44376,2626,30294
44377,-27401,-2699
44378,12848,-28687
44379,24419,17249
44380,-20150,20853
44381,-10368,-25143
44382,29013,-2854
44383,2869,26352
44384,-26405,-6013
44385,-1704,-506
44386,-2577,24762
44387,-22361,-12973
44388,11410,-20379
44389,20640,26584
44390,-25402,9060
44391,-8534,-31143
44392,29657,4054
44393,-9510,30166
44394,-20358,-9788
44395,22208,-23164
44396,1501,-851
44397,-20694,-11802
44398,20935,-11576
44399,11762,23238
44400,-32472,6304
44401,1869,-27908
44402,31933,8291
44403,-14977,23613
44404,-24164,-24298
44405,21860,-15013
44406,9859,26890
44407,-24055,4770
44408,907,-3280
44409,6089,25114
44410,-22719,-6355
44411,8459,-32891
44412,28977,18368
44413,-22729,26908
44414,-16157,-24091
44415,34299,-8297
44416,2364,29464
44417,-23583,-1867
44418,13079,-21854
44419,-822,120
44420,-27989,-11591
44421,15259,-17525
44422,24676,22336
44423,-25685,13309
44424,-11535,-31956
44425,32568,-2285
44426,-777,33025
44427,-27961,-10029
44428,14780,-23531
44429,17807,20952
44430,-17636,16671
44431,3872,-5483
44432,11602,16339
44433,-28574,7258
44434,-3802,-26837
44435,35122,3534
44436,-11248,29212
44437,-25753,-14803
44438,26623,-17544
44439,13107,28490
44440,-26753,5669
44441,-3237,-27864
44442,294,4887
44443,-23467,4937
44444,11478,-23846
44445,30635,13095
44446,-21827,28961
44447,-23144,-22952
44448,29690,-14844
44449,6711,31614
44450,-33503,2777
44451,10457,-24762
44452,30975,11977
44453,-12743,18850
44454,-697,-4080
44455,26434,15436
44456,-14767,16603
44457,-15381,-23934
44458,32239,-3541
44459,3620,36767
44460,-28676,-7967
44461,14228,-32824
44462,17987,22141
44463,-22448,20103
44464,-10355,-23068
44465,37,2634
44466,-24564,13117
44467,-1483,-23619
44468,30627,595
44469,-9859,28747
44470,-30679,-17945
44471,20557,-23305
44472,22436,30293
44473,-25610,12715
44474,-5004,-32498
44475,26720,816
44476,-3865,29180
44477,-3175,149
44478,21190,8050
44479,-15843,27475
44480,-23537,-16635
44481,31493,-23521
44482,14472,28438
44483,-37697,6286
44484,-1061,-34314
44485,32119,9228
44486,-11458,23380
44487,-23298,-15973
44488,2698,1897
44489,-14827,14969
44490,-16461,-26523
44491,22950,-8862
44492,2928,37316
44493,-33675,-1798
44494,9437,-33233
44495,30016,16631
44496,-18507,24822
44497,-11760,-24890
44498,24960,-12522
44499,691,22463
44500,-1250,93
44501,32766,340
44502,-190,26528
44503,-32107,-11489
44504,15967,-30004
44505,25615,24255
44506,-26755,14993
44507,-12906,-32292
44508,29378,7052
44509,-873,31853
44510,-23644,-11278
44511,1041,1002
44512,-13909,27926
44513,-25883,-15912
44514,23294,-22515
44515,23101,26959
44516,-26746,10374
44517,758,-28156
44518,35703,6346
44519,-13271,26182
44520,-28532,-16039
44521,19512,-12801
44522,17640,24009
44523,-965,-1017
44524,22936,-14231
44525,7904,25681
44526,-32221,4382
44527,600,-35513
44528,27682,11625
44529,-20112,30402
44530,-20341,-24285
44531,31628,-17297
44532,6442,20214
44533,-32156,-1826
44534,-805,-2102
44535,-1396,27137
44536,-28244,-3359
44537,12763,-25653
44538,29480,18943
44539,-24005,17019
44540,-17360,-33768
44541,28873,-6985
44542,99,36871
44543,-30697,-4884
44544,6068,-24502
44545,22290,15797
44546,3635,-1298
44547,16168,-26305
44548,14038,17900
44549,-25383,16491
44550,-6663,-29454
44551,37219,1449
44552,-1076,29655
44553,-29652,-16589
44554,18964,-20815
44555,17009,19726
44556,-26645,10628
44557,-1056,3277
44558,13247,26322
44559,-22813,-1860
44560,156,-36302
44561,30352,7901
44562,-16231,30789
44563,-25003,-21205
44564,25955,-19264
44565,9699,30994
44566,-28497,7473
44567,8177,-23353
44568,29114,6444
44569,-5092,-1885
44570,5813,-26223
44571,26440,19027
44572,-17281,28418
44573,-20611,-28991
44574,31998,-13927
44575,7443,32970
44576,-33937,-3582
44577,8804,-29056
44578,21379,14796
44579,-17575,22054
44580,2304,-1695
44581,17118,17784
44582,-24517,16521
44583,-11047,-25093
44584,31271,-6605
44585,-4271,30765
44586,-30314,-6934
44587,18750,-23952
44588,24288,22021
44589,-25775,11852
44590,-12135,-25063
44591,24839,250
44592,592,4624
44593,-3017,-25706
44594,27373,4027
44595,-2117,27247
44596,-21867,-20721
44597,23490,-23910
44598,11843,29629
44599,-33224,15573
44600,3156,-25450
44601,28930,3281
44602,-6892,25108
44603,1751,-349
44604,20943,8959
44605,-18860,19961
44606,-22815,-18443
44607,23945,-12110
44608,10595,30144
44609,-26443,-2554
44610,4671,-35508
44611,25018,10395
44612,-18261,22696
44613,-20389,-18823
44614,17598,-11859
44615,1379,4489
44616,-8044,-21383
44617,25336,-9463
44618,540,24971
44619,-34152,-6124
44620,11066,-26418
44621,22955,20683
44622,-25562,20937
44623,-9980,-24152
44624,25415,-4280
44625,1879,22336
44626,-1259,-2728
44627,18828,5438
44628,-9163,26424
44629,-21481,-10834
44630,19974,-20781
44631,16422,21972
44632,-26250,8682
44633,-4878,-29488
44634,27097,250
44635,-9509,25390
44636,-20968,-7644
44637,18004,-16314
44638,3270,890
44639,-18727,-16971
44640,17974,-14796
44641,11630,25515
44642,-28278,9204
44643,3924,-27362
44644,28089,8024
44645,-12547,26100
44646,-13369,-17843
44647,16730,-11075
44648,3113,22369
44649,-219,-1361
44650,23269,-4450
44651,3440,25545
44652,-23790,-1903
44653,6169,-25591
44654,21820,14605
44655,-16716,18275
44656,-14576,-20788
44657,24979,-3129
44658,4883,27411
44659,-20451,-2506
44660,8314,-21621
44661,2557,1011
44662,-24107,-6266
44663,8684,-17321
44664,18319,16219
44665,-21457,13629
44666,-3533,-27141
44667,28034,-3815
44668,-7560,26052
44669,-22590,-11328
44670,11853,-16734
44671,12375,18209
44672,596,1238
44673,18689,-10606
44674,6826,20061
44675,-26011,4019
44676,-1997,-27281
44677,24976,5718
44678,-9695,24094
44679,-17610,-14524
44680,22815,-14955
44681,11472,20620
44682,-20322,4571
44683,-831,-21303
44684,2095,560
44685,-19005,1938
44686,7737,-17867
44687,23352,10833
44688,-14566,20734
44689,-12752,-22198
44690,22316,-9340
44691,2088,29171
44692,-22581,-1793
44693,7056,-18395
44694,20336,12400
44695,1445,-637
44696,10263,-17574
44697,12009,14660
44698,-19953,12408
44699,-8921,-21538
44700,25804,-494
44701,-1056,25413
44702,-22339,-7464
44703,14651,-20888
44704,14842,13426
44705,-19445,9818
44706,-6991,-16054
44707,3156,2465
44708,-16145,5446
44709,2828,-23207
44710,23020,-649
44711,-10904,22640
44712,-19686,-15000
44713,17287,-14842
44714,11024,25537
44715,-17177,5808
44716,3958,-19156
44717,19596,4139
44718,-2882,660
44719,2205,-15476
44720,14997,12689
44721,-11931,18808
44722,-10957,-17016
44723,23378,-8802
44724,4688,21994
44725,-23835,-2690
44726,5575,-23509
44727,17608,10081
44728,-12894,14793
44729,-10726,-15056
44730,3251,-1463
44731,-14906,8374
44732,-9076,-20710
44733,17969,-4054
44734,-2341,28162
44735,-20924,-4489
44736,12982,-17881
44737,17845,19586
44738,-16160,9597
44739,-4939,-19393
44740,15915,-1433
44741,-3966,1352
44742,-942,-17505
44743,19119,3668
44744,-4912,17939
44745,-15342,-13920
44746,18013,-14761
44747,11339,21107
44748,-22093,7389
44749,-2712,-22190
44750,21269,5193
44751,-2173,18327
44752,-12876,-13707
44753,-747,-5162
44754,-12735,13627
44755,-12358,-15313
44756,16682,-10896
44757,5513,24967
44758,-20318,2026
44759,8177,-21854
44760,21860,8399
44761,-15037,12682
44762,-10651,-12797
44763,19449,-3793
44764,1039,3958
44765,-5969,-13980
44766,18493,-1162
44767,-1531,21007
44768,-23756,-5465
44769,8821,-18991
44770,15104,17062
44771,-17159,15942
44772,-2751,-18222
44773,23031,-2028
44774,-1519,16403
44775,-15155,-8009
44776,941,-2166
44777,-10004,19414
44778,-14144,-6904
44779,18508,-14434
44780,12784,17858
44781,-22536,2653
44782,-4809,-25386
44783,16663,5271
44784,-9912,21252
44785,-9526,-8141
44786,16808,-8403
44787,-886,1636
44788,-12688,-18376
44789,13600,-8197
44790,2797,23094
44791,-22476,759
44792,8405,-19985
44793,25391,13662
44794,-11938,16256
44795,-12107,-19240
44796,19855,-7056
44797,979,15155
44798,-20607,-3032
44799,2903,-228
44800,1130,16843
44801,-17141,-9722
44802,11024,-20236
44803,17751,15968
44804,-21715,10958
44805,-9035,-22759
44806,22403,-690
44807,-5431,21988
44808,-12392,-7091
44809,15465,-15593
44810,-3824,582
44811,-16464,-8083
44812,14759,-4259
44813,8696,16855
44814,-20302,3964
44815,-11987,-21377
44816,6003,-23020
44817,14486,-12231
44818,21021,1723
44819,17292,12905
44820,3715,18699
44821,-10570,16697
44822,-9095,-2921
44823,10048,-16158
44824,22645,-565
44825,19485,15401
44826,3620,20108
44827,-12886,22779
44828,-17096,9398
44829,-21192,-10298
44830,-12873,-17114
44831,14259,-21060
44832,13325,-13500
44833,-4389,4528
44834,1356,2823
44835,3749,-3737
44836,115,2127
44837,4599,-71
44838,-1992,-3422
44839,-3309,476
44840,8067,1215
44841,2765,3956
44842,-5323,3724
44843,2211,-617
44844,4427,1081
44845,-6049,-121
44846,-8787,2585
44847,3054,11411
44848,3572,3956
44849,-9190,-3902
44850,-3187,2926
44851,8415,4001
44852,-571,1373
44853,-5695,1950
44854,3975,-1555
44855,3967,-4725
44856,-5741,-3503
44857,-3955,-983
44858,6375,-2609
44859,5180,-5493
44860,-2515,241
44861,55,5021
44862,4069,2889
44863,403,3505
44864,-899,946
44865,1369,-3750
44866,2296,-189
44867,6169,7
44868,6793,-5241
44869,-1718,-2098
44870,-3489,1260
44871,1380,-2945
44872,255,-2622
44873,1987,236
44874,2742,-2830
44875,-2544,-4345
44876,1752,-4950
44877,5071,-5679
44878,-227,-2184
44879,-724,-5534
44880,-3080,-6567
44881,-1529,4217
44882,5338,1514
44883,-1053,-1451
44884,-3392,9025
44885,-380,684
44886,-6218,-5163
44887,1383,5857
44888,5169,-3689
44889,-7562,-5961
44890,-1425,8839
44891,1486,-1114
44892,-6551,-3511
44893,8414,8545
44894,7587,-3621
44895,-11147,-4132
44896,3274,7128
44897,10493,-7594
44898,-6875,-6097
44899,921,11128
44900,6976,-1776
44901,-8371,-6948
44902,-1485,6008
44903,5723,-2383
44904,-9018,-3336
44905,-1265,8398
44906,10672,-3602
44907,-5246,-5038
44908,-3552,10426
44909,8505,-1659
44910,-4978,-8199
44911,-4121,6266
44912,7435,-1100
44913,-5010,-660
44914,-3334,20805
44915,9968,9560
44916,-989,-7400
44917,1470,5943
44918,19524,1251
44919,5786,-15283
44920,-10462,1276
44921,3447,13263
44922,6749,-4302
44923,-9840,-6531
44924,-7557,7903
44925,2919,2795
44926,-5147,-4989
44927,-4058,5677
44928,10633,7110
44929,669,-5097
44930,-13320,-1752
44931,834,4594
44932,5628,-5724
44933,-10886,-5853
44934,-6549,7946
44935,12229,3344
44936,6365,-8262
44937,-7205,1725
44938,5395,11006
44939,15037,-2962
44940,-4596,-8941
44941,-8957,8399
44942,11633,7287
44943,7442,-12210
44944,-7971,-2970
44945,-239,11329
44946,4737,-1674
44947,2007,-3016
44948,8689,5971
44949,5360,-2848
44950,-6042,-2694
44951,742,3192
44952,10285,-6967
44953,162,-6440
44954,-9601,5488
44955,1565,5916
44956,12556,-337
44957,1935,-6305
44958,-8953,732
44959,-879,14410
44960,8405,2906
44961,4752,-13984
44962,-2606,-5223
44963,-3689,5765
44964,1451,5933
44965,7084,4298
44966,7472,-3016
44967,369,-8613
44968,-8462,-1624
44969,-8808,7820
44970,1384,7759
44971,11299,-1308
44972,5421,-9339
44973,-9481,-5831
44974,-7641,4079
44975,4836,4248
44976,5859,-4254
44977,4561,-6816
44978,6388,-6669
44979,1337,-9081
44980,-5813,-2432
44981,-10090,9256
44982,-5852,10354
44983,8560,2573
44984,10041,-9057
44985,-4012,-16698
44986,-12019,-8863
44987,-15445,5574
44988,-10649,12291
44989,5738,12908
44990,8180,10852
44991,1103,3721
44992,7024,-8979
44993,8031,-15342
44994,-4774,-5618
44995,-11910,5575
44996,-6851,8789
44997,1962,12287
44998,-445,10558
44999,-6291,651
45000,4729,-5375
45001,9041,-8393
45002,-5109,-9616
45003,-7629,-3133
45004,-7074,3541
45005,-13146,6483
45006,-38,9684
45007,15675,6740
45008,9302,-2535
45009,567,-7532
45010,-3160,-5663
45011,-6309,-471
45012,-4659,3438
45013,-4898,4022
45014,-5040,5063
45015,3713,6991
45016,11062,5552
45017,8212,-1640
45018,950,-9767
45019,-4215,-9438
45020,-5947,-4599
45021,-6915,-3760
45022,-8348,-1075
45023,-8290,3895
45024,-5465,5179
45025,-2959,6365
45026,-3151,6467
45027,-331,4995
45028,4501,7654
45029,5370,8497
45030,10141,4610
45031,14476,2268
45032,5686,315
45033,3038,253
45034,13663,2985
45035,11909,2407
45036,5239,-281
45037,11660,-4191
45038,11871,-8402
45039,3919,-6878
45040,8079,-5225
45041,13419,-7789
45042,8523,-8722
45043,8130,-7786
45044,11497,-2635
45045,6739,2452
45046,2398,-3501
45047,4565,-7401
45048,6702,-1612
45049,10384,-2858
45050,13485,-7985
45051,8299,-6635
45052,2480,-4343
45053,3216,-510
45054,5892,182
45055,7408,-8133
45056,4918,-10366
45057,2743,-5077
45058,6640,-6713
45059,5973,-8948
45060,1173,-5511
45061,3927,-4478
45062,4554,-6544
45063,653,-7786
45064,3701,-6949
45065,5018,-6295
45066,1573,-8745
45067,4572,-7643
45068,7676,-3411
45069,4647,-7213
45070,2479,-12334
45071,2655,-11327
45072,3738,-12987
45073,4671,-12342
45074,2226,-4655
45075,-3043,-4690
45076,-6689,-8205
45077,-5550,-784
45078,-3550,3587
45079,-6949,-3007
45080,-12266,-3064
45081,-12465,3436
45082,-9383,2118
45083,-9891,-1915
45084,-11843,-749
45085,-6862,-517
45086,-1948,-315
45087,-5554,7409
45088,-5468,13495
45089,-1371,8043
45090,-6906,3708
45091,-9325,6455
45092,1814,4532
45093,5968,2072
45094,-2051,6608
45095,-3367,9197
45096,3365,9415
45097,5426,9743
45098,3846,5082
45099,6087,-460
45100,6708,-4909
45101,1726,-7615
45102,2585,-1124
45103,9738,5346
45104,11029,3013
45105,10534,2987
45106,12844,7056
45107,10949,9370
45108,7970,8831
45109,8240,4315
45110,9005,3124
45111,11329,7630
45112,10415,8573
45113,3683,7404
45114,2043,8787
45115,4324,9697
45116,1658,8707
45117,-827,7498
45118,-2332,9059
45119,-6980,10180
45120,-7769,6763
45121,-4837,4598
45122,-6914,3185
45123,-8695,-1302
45124,-4840,-4070
45125,-3195,-7046
45126,-3060,-10620
45127,1125,-8897
45128,2281,-7280
45129,-537,-7373
45130,-1254,-5732
45131,-5050,-7054
45132,-8767,-7388
45133,-3535,-5319
45134,-432,-8612
45135,-2168,-9367
45136,2470,-5985
45137,3289,-7754
45138,-5106,-4008
45139,-5777,4014
45140,267,-2013
45141,1680,-9124
45142,3687,-2603
45143,8277,52
45144,7669,-6643
45145,480,-5299
45146,-5273,4289
45147,-2049,5042
45148,2792,-3103
45149,573,-6294
45150,189,-5462
45151,3261,-7045
45152,-859,-8223
45153,-6099,-7577
45154,-5227,-3761
45155,-6446,1587
45156,-8180,1732
45157,-3724,2017
45158,-804,7335
45159,-3285,10064
45160,-3285,8419
45161,580,4641
45162,2645,3832
45163,2427,11067
45164,4959,13919
45165,11302,7440
45166,13265,3543
45167,5825,-2073
45168,-1266,-10986
45169,-1079,-9773
45170,-2533,-4486
45171,-8519,-4220
45172,-10530,238
45173,-9480,6667
45174,-8143,5198
45175,-2445,4418
45176,2352,10036
45177,2390,10404
45178,5882,3344
45179,9455,-2226
45180,4550,-5499
45181,-2444,-6581
45182,-5511,-5430
45183,-4874,-6443
45184,-3611,-5353
45185,-7457,454
45186,-8798,1731
45187,-805,670
45188,3567,4959
45189,2320,6059
45190,5134,-594
45191,6001,-5452
45192,1428,-7102
45193,-1729,-9647
45194,-4028,-7915
45195,-6987,-1199
45196,-7948,929
45197,-7117,-1545
45198,-6315,305
45199,-4029,6825
45200,2403,10358
45201,7635,6245
45202,5905,-1414
45203,3170,-7656
45204,2658,-11164
45205,-356,-6848
45206,-5366,785
45207,-8232,-307
45208,-6782,-463
45209,-3944,7782
45210,-2293,10896
45211,5182,8626
45212,14467,4498
45213,10076,-5320
45214,702,-9865
45215,-918,-6217
45216,-3146,-4693
45217,-2620,-3081
45218,3014,-802
45219,-4798,812
45220,-16150,4358
45221,-8314,5378
45222,1683,7271
45223,2725,11598
45224,7524,6116
45225,8878,-4254
45226,2059,-8051
45227,-350,-8373
45228,-502,-6142
45229,-5108,-2867
45230,-9547,1080
45231,-7224,8503
45232,1673,10641
45233,7086,5897
45234,7520,2179
45235,6821,-3107
45236,-2227,-3892
45237,-10219,7507
45238,-1444,14611
45239,9670,6907
45240,10014,-2549
45241,2813,-5201
45242,-8898,-4282
45243,-12519,824
45244,-3018,8991
45245,5390,8171
45246,6419,-1343
45247,1558,-5064
45248,-4859,-2968
45249,-2130,2168
45250,6647,10559
45251,8048,8833
45252,3335,-2731
45253,-1342,-6084
45254,-6779,835
45255,-6120,9108
45256,4570,7896
45257,6938,-4133
45258,-2656,-6252
45259,-767,4480
45260,10022,7106
45261,11389,1872
45262,8175,-2563
45263,3156,-7274
45264,-2436,-5897
45265,798,3186
45266,3605,9417
45267,1450,8192
45268,6816,2005
45269,9722,-4576
45270,-349,-5833
45271,-7436,996
45272,-2807,10838
45273,5929,11247
45274,8121,73
45275,-940,-7648
45276,-8106,-3907
45277,-4152,3547
45278,-138,8211
45279,379,7492
45280,1790,-326
45281,-2144,-5648
45282,-8151,1718
45283,-2840,9377
45284,6779,5405
45285,8182,-677
45286,5753,-5259
45287,1050,-8673
45288,-7559,-2389
45289,-10890,5298
45290,-5022,4674
45291,3188,6364
45292,7757,6726
45293,5932,-2911
45294,1310,-6259
45295,-2375,1592
45296,-7339,3925
45297,-10342,942
45298,-6890,3069
45299,-842,6255
45300,5625,6416
45301,10405,7575
45302,7938,6183
45303,3726,1016
45304,5441,529
45305,4647,-948
45306,-1890,-9352
45307,-3359,-11298
45308,-3019,-6684
45309,-7248,-4996
45310,-6530,-514
45311,-4562,3788
45312,-8919,2162
45313,-6554,4949
45314,-1906,9670
45315,-6600,5636
45316,-2929,390
45317,6582,-187
45318,2399,-783
45319,1831,32
45320,9946,3176
45321,5876,1738
45322,3136,-3273
45323,13262,-2988
45324,14566,-268
45325,6713,-814
45326,5331,173
45327,6532,1017
45328,5185,-3224
45329,3558,-6764
45330,2291,-6733
45331,2146,-3931
45332,4224,337
45333,8688,-602
45334,10206,-2601
45335,5244,2073
45336,4308,5929
45337,10108,5779
45338,9556,4563
45339,4914,487
45340,6578,-1435
45341,8967,1124
45342,8451,2097
45343,7877,1438
45344,4650,1022
45345,2286,3250
45346,2763,8000
45347,-2453,8014
45348,-7871,5583
45349,-5687,3263
45350,-6312,-4275
45351,-7656,-7578
45352,-1540,-3477
45353,1076,-5007
45354,1211,-5519
45355,6750,1781
45356,6499,6025
45357,38,7743
45358,-3543,9057
45359,-5265,5841
45360,-2715,2084
45361,-932,-2319
45362,-4212,-6595
45363,-332,-4346
45364,4765,-808
45365,2289,1640
45366,3707,6889
45367,2983,8900
45368,-4664,6954
45369,-6996,4219
45370,-8250,-1725
45371,-6133,-4168
45372,3432,-1587
45373,4163,-3453
45374,4141,-5008
45375,12731,-1677
45376,11768,190
45377,6524,3396
45378,4048,8579
45379,-3637,8550
45380,-3687,5118
45381,16,317
45382,-4981,-5469
45383,-1201,-6472
45384,5291,-5063
45385,195,-6385
45386,2553,-4890
45387,9767,2443
45388,6158,8900
45389,799,7693
45390,-3258,2126
45391,-6385,1225
45392,-5070,1303
45393,-4249,-3664
45394,-1034,-5198
45395,4738,-2176
45396,2876,-2856
45397,-2103,-4063
45398,-1032,-3339
45399,4978,-3432
45400,10080,-1886
45401,9735,-550
45402,9168,-626
45403,8960,2319
45404,4512,3766
45405,3484,3435
45406,2465,8719
45407,-5663,10399
45408,-5837,4156
45409,137,4247
45410,-1584,7693
45411,-1117,5677
45412,-386,6158
45413,-7878,6453
45414,-8124,2355
45415,-2266,5770
45416,-3573,11581
45417,-2522,7957
45418,1772,7079
45419,1920,11404
45420,5735,5834
45421,8788,-3204
45422,3991,-2880
45423,4655,-1694
45424,8903,-3871
45425,4898,-2534
45426,3003,-2906
45427,5254,-6894
45428,1697,-4790
45429,485,-2613
45430,2707,-6601
45431,-2466,-4802
45432,-6726,2468
45433,-3179,5930
45434,-86,7222
45435,2543,6845
45436,6647,5799
45437,7668,3637
45438,5434,-1568
45439,3348,-1550
45440,3607,-2374
45441,2736,-10708
45442,-2446,-4896
45443,-4949,9376
45444,-1682,7393
45445,4232,2958
45446,10244,1651
45447,6761,-5245
45448,-2013,-3959
45449,-928,2499
45450,-242,3275
45451,-3035,5703
45452,4743,4175
45453,7491,-1821
45454,-1346,-508
45455,-1024,2435
45456,801,4323
45457,-1485,6286
45458,5563,921
45459,6400,-6205
45460,-3633,-7062
45461,-2623,-1649
45462,325,8049
45463,-3355,10090
45464,1596,3282
45465,6661,23
45466,1991,-2240
45467,79,-3400
45468,-489,2790
45469,-4419,5412
45470,-3792,2851
45471,-447,6813
45472,2591,8052
45473,7810,-981
45474,9318,-5422
45475,5505,-3501
45476,1398,-5021
45477,-3360,-2824
45478,-5048,4782
45479,-986,5276
45480,1668,2657
45481,2593,4416
45482,5850,2021
45483,6408,-3355
45484,1704,-2836
45485,-2969,-1485
45486,-5418,-2119
45487,-6840,190
45488,-5157,3166
45489,1119,4740
45490,7599,5446
45491,9343,2121
45492,6241,-1377
45493,5006,416
45494,10343,1323
45495,11761,-1633
45496,4270,-4611
45497,-150,-7345
45498,-2106,-5582
45499,-5429,1876
45500,-2571,4496
45501,-1341,1074
45502,-6098,-249
45503,-5003,-87
45504,-5028,-113
45505,-8825,1339
45506,-3693,1917
45507,-443,674
45508,-4224,816
45509,-845,1352
45510,1186,-666
45511,-4432,-334
45512,-4458,4826
45513,-2038,6360
45514,-2771,4081
45515,-1495,4159
45516,-2053,2522
45517,-3879,-369
45518,-1606,-334
45519,-2393,-1550
45520,-5855,-1939
45521,-3215,-123
45522,-809,-1453
45523,-4325,-1506
45524,-6064,-326
45525,-3622,-3559
45526,-2054,-5575
45527,-1889,-5707
45528,-169,-5302
45529,2919,-1019
45530,5041,785
45531,5704,1305
45532,3511,5378
45533,-1909,4822
45534,-5408,4187
45535,-5524,6638
45536,-5935,1499
45537,-5781,-1035
45538,-4161,3661
45539,-2677,307
45540,181,-3982
45541,4221,-2405
45542,5651,-3832
45543,4297,-2098
45544,3544,2701
45545,3601,-77
45546,2009,-1779
45547,808,4096
45548,2247,7515
45549,1555,5886
45550,-2753,5972
45551,-4630,7927
45552,-3406,5034
45553,-3333,-1911
45554,-2139,-5688
45555,3288,-5867
45556,7174,-3320
45557,6298,1591
45558,6131,3097
45559,6350,1606
45560,4352,3694
45561,4047,7112
45562,2594,5308
45563,-3366,-815
45564,-3736,-5064
45565,4140,-4541
45566,7250,-1071
45567,1434,2698
45568,-4111,4698
45569,-5342,4173
45570,-4548,260
45571,128,-4287
45572,6392,-1655
45573,5147,4594
45574,-1813,4558
45575,-5409,2017
45576,-2817,-251
45577,4311,-3507
45578,8062,-685
45579,4099,4898
45580,-382,5142
45581,-4343,6147
45582,-7888,6210
45583,-4694,-1621
45584,-697,-7421
45585,206,-3432
45586,5344,3737
45587,5802,6859
45588,-3580,3952
45589,-5386,-1902
45590,-915,-6287
45591,-3082,-6576
45592,-516,-3325
45593,9388,76
45594,8634,4180
45595,-623,7473
45596,-5047,4147
45597,-4868,-662
45598,-1146,-2119
45599,3041,-5468
45600,1264,-5459
45601,-1257,3111
45602,-986,7273
45603,-4358,1556
45604,-7409,-2152
45605,-2374,284
45606,4351,1378
45607,5721,452
45608,4504,2705
45609,2220,5175
45610,-2632,4193
45611,-5921,2375
45612,-2967,-1106
45613,2573,-4376
45614,5385,-1459
45615,5402,2952
45616,3823,4098
45617,-267,5480
45618,-5012,4513
45619,-2902,-1241
45620,4319,-4346
45621,4516,-1028
45622,492,3331
45623,3,4729
45624,-3230,3488
45625,-5294,-993
45626,789,-5803
45627,2567,-4885
45628,-211,-3071
45629,2938,-4902
45630,2125,-2279
45631,-5107,1859
45632,-5335,-1586
45633,-679,-3718
45634,2986,-684
45635,6440,-2133
45636,3827,-4895
45637,-3777,-1125
45638,-5908,4220
45639,-3816,2997
45640,-4345,-4370
45641,-5003,-8452
45642,-1267,-5488
45643,4103,-2559
45644,5001,-490
45645,862,4218
45646,-3703,7645
45647,-5980,6470
45648,-5792,1998
45649,-4033,-1553
45650,-2086,-940
45651,438,-1385
45652,3018,-3476
45653,3654,302
45654,2520,5181
45655,-967,4789
45656,-4518,3064
45657,-1322,-867
45658,4114,-4102
45659,3448,365
45660,2472,4378
45661,2799,3483
45662,-1779,4105
45663,-5277,2174
45664,-1606,-3181
45665,3965,-2576
45666,5355,3043
45667,510,5401
45668,-4029,1067
45669,-1225,-3586
45670,3594,182
45671,3875,5008
45672,-459,2890
45673,-5114,958
45674,-3624,-960
45675,1283,-4877
45676,1764,-1757
45677,-1549,3079
45678,-2910,-1396
45679,1997,-4496
45680,7745,1287
45681,3917,4661
45682,-3600,1055
45683,-2146,-2726
45684,4640,-2539
45685,5505,1027
45686,-485,2525
45687,-3212,-1335
45688,2254,-2331
45689,6824,3406
45690,3427,4675
45691,-1948,-1346
45692,-823,-2948
45693,3976,2065
45694,2738,4712
45695,-2154,1204
45696,-1269,-4003
45697,2881,-3360
45698,3069,3337
45699,-366,4785
45700,-2001,-2415
45701,688,-4949
45702,2537,1624
45703,-202,4356
45704,-3318,-1029
45705,-1230,-4124
45706,4776,-176
45707,4775,3965
45708,-1771,2129
45709,-2532,-2422
45710,1628,-3791
45711,3449,-1229
45712,4161,2863
45713,494,2571
45714,-4003,-3199
45715,1059,-4531
45716,6214,-499
45717,2888,1147
45718,54,2386
45719,-1055,2517
45720,-2079,-2502
45721,1759,-5013
45722,5572,114
45723,2343,5581
45724,-3568,3154
45725,-4554,-3727
45726,435,-3406
45727,3387,4
45728,347,-3239
45729,-1726,-3627
45730,-2310,1124
45731,-3825,-173
45732,213,-2784
45733,5614,508
45734,1613,4448
45735,-3906,4100
45736,-2723,-689
45737,-35,-2498
45738,2871,2796
45739,4207,5220
45740,69,1482
45741,-2909,-1297
45742,-878,-2804
45743,1163,-3781
45744,2652,-1167
45745,2344,3365
45746,-2032,3773
45747,-3848,-1234
45748,1356,-4287
45749,6723,-1669
45750,5609,839
45751,207,1300
45752,-3010,1045
45753,-1865,-1560
45754,800,-3041
45755,2767,242
45756,2521,3563
45757,-1024,3360
45758,-3842,6
45759,-1200,-3607
45760,2419,-850
45761,1095,4744
45762,-1748,3171
45763,-3007,-257
45764,-2593,283
45765,2964,-1083
45766,8280,-1665
45767,3553,2777
45768,-3151,5132
45769,-2345,2275
45770,355,-2854
45771,2439,-4420
45772,3175,2558
45773,-2257,6942
45774,-6847,-310
45775,-1896,-5772
45776,5216,-1405
45777,5314,4039
45778,-619,4813
45779,-4709,604
45780,-1147,-4359
45781,3613,-1884
45782,1719,5248
45783,-2464,4119
45784,-2234,-3780
45785,2341,-3137
45786,4803,4576
45787,-193,5398
45788,-5107,1534
45789,-1327,-198
45790,4441,-1074
45791,3438,1490
45792,-1838,4269
45793,-3208,-411
45794,1416,-3284
45795,3409,2249
45796,-1172,3938
45797,-3559,-1237
45798,969,-2486
45799,5400,1954
45800,1856,4797
45801,-4405,1809
45802,-1293,-2655
45803,4451,-655
45804,142,4384
45805,-4311,2288
45806,-364,-2531
45807,2471,-366
45808,-53,3227
45809,-3094,881
45810,-1191,-2424
45811,5127,-330
45812,4174,4266
45813,-3547,2419
45814,-1540,-2297
45815,4989,2513
45816,854,6113
45817,-3112,-2016
45818,512,-3172
45819,114,2743
45820,-649,-289
45821,3194,-80
45822,716,4389
45823,-3710,-65
45824,-2053,-291
45825,-1602,3877
45826,-772,-511
45827,1974,-1554
45828,1077,1808
45829,344,334
45830,-641,625
45831,-1570,977
45832,2286,-187
45833,1516,1707
45834,-2150,664
45835,801,-867
45836,316,988
45837,-1844,309
45838,1224,-56
45839,442,1
45840,-527,-566
45841,757,1894
45842,-791,549
45843,717,-805
45844,-731,3398
45845,-5119,731
45846,687,-1767
45847,3164,2635
45848,-1371,-528
45849,1694,-2227
45850,1264,3389
45851,-2158,1516
45852,2616,-24
45853,1310,1901
45854,-2058,-2236
45855,3550,-945
45856,1163,5202
45857,-4915,1594
45858,1275,-2963
45859,4140,1217
45860,-2383,5207
45861,-1987,1618
45862,3953,-1675
45863,2810,3140
45864,-3297,4522
45865,-3424,-1079
45866,1597,1326
45867,145,6020
45868,-5402,930
45869,-2408,-3042
45870,4222,-156
45871,2540,3008
45872,-2348,2858
45873,-628,-1766
45874,4192,-3084
45875,3089,2982
45876,-2625,4117
45877,-4112,-1081
45878,-579,-1726
45879,2932,269
45880,4254,1543
45881,1110,4081
45882,-2885,2453
45883,-144,-2211
45884,3497,463
45885,640,5017
45886,-1897,1445
45887,273,-2121
45888,2428,708
45889,883,2373
45890,-2233,-839
45891,-329,-3392
45892,3310,-353
45893,-283,3195
45894,-2580,275
45895,2838,-1125
45896,2889,3496
45897,-2136,1850
45898,-33,-3778
45899,2953,-445
45900,-189,3383
45901,-1688,-805
45902,1640,-1520
45903,3911,4695
45904,1769,4350
45905,154,-2902
45906,2413,-1003
45907,1129,5489
45908,-2973,483
45909,-1427,-3845
45910,-425,751
45911,-1589,-510
45912,2050,-1910
45913,1094,3398
45914,-4519,2011
45915,-697,-488
45916,3004,2888
45917,-1941,1390
45918,-2092,-433
45919,1513,2478
45920,-426,1831
45921,-913,-518
45922,2245,-760
45923,1284,-29
45924,-807,1756
45925,1612,1345
45926,3325,-91
45927,1674,1201
45928,754,1787
45929,818,698
45930,1248,1052
45931,1056,1899
45932,-644,756
45933,512,59
45934,1716,1851
45935,-960,735
45936,567,-1228
45937,2679,2065
45938,-1008,1902
45939,274,-1411
45940,2837,1256
45941,-497,1107
45942,1315,-1204
45943,2634,2254
45944,-1692,556
45945,2020,-3000
45946,4251,659
45947,-2142,-398
45948,431,-2685
45949,4155,1928
45950,-1730,1624
45951,-794,-517
45952,3224,2622
45953,-1100,1646
45954,-688,-879
45955,3695,498
45956,836,-454
45957,173,-1687
45958,3341,510
45959,-578,1715
45960,-3970,196
45961,1200,-1630
45962,3420,139
45963,-1479,3733
45964,-2353,2341
45965,2091,-698
45966,3040,565
45967,715,2828
45968,390,2913
45969,1168,801
45970,741,-500
45971,-637,1563
45972,-1742,1401
45973,-390,-1719
45974,3078,-606
45975,3203,2645
45976,-1433,2012
45977,-2437,-775
45978,1811,-897
45979,1536,1352
45980,-1961,581
45981,-472,-1792
45982,3189,-538
45983,4195,2212
45984,785,3296
45985,-2023,355
45986,2358,-2762
45987,2705,784
45988,-2989,1482
45989,166,-2134
45990,2963,1327
45991,-551,1849
45992,605,-1566
45993,-2115,8
45994,-485,-3277
45995,12535,4619
45996,-1988,20666
45997,-22717,-2038
45998,6114,-17007
45999,22776,25083
46000,-10743,26216
46001,-6480,-27431
46002,24617,-15487
46003,-1535,26073
46004,-22962,2329
46005,7518,-16206
46006,3385,6306
46007,-23142,-5515
46008,4411,-22348
46009,15401,8410
46010,-26295,11785
46011,-14692,-16980
46012,28032,9067
46013,-1651,32592
46014,-23621,-11163
46015,23166,-21497
46016,24453,18070
46017,-15390,11459
46018,3618,-3356
46019,16525,21528
46020,-14195,10594
46021,3675,-25524
46022,29384,-3843
46023,-10559,21272
46024,-22847,-12326
46025,17319,-21944
46026,13163,17181
46027,-12364,10936
46028,-520,-21493
46029,-737,-6828
46030,-17735,-2718
46031,3377,-20815
46032,20805,11715
46033,-8806,29996
46034,-12442,-15099
46035,23571,-13803
46036,10845,25279
46037,-19543,-530
46038,8571,-26457
46039,16821,7655
46040,-20718,19046
46041,-3430,2261
46042,19619,18484
46043,-21947,18253
46044,-16256,-21342
46045,32660,-10150
46046,4241,26543
46047,-23627,-5638
46048,16005,-20509
46049,16098,31645
46050,-15933,19691
46051,-2153,-27851
46052,-791,1965
46053,-28032,12759
46054,-7125,-23203
46055,24594,5061
46056,-1710,30607
46057,-14049,-16214
46058,24878,-26381
46059,16420,8138
46060,-28129,-6715
46061,-3192,-30798
46062,28453,-249
46063,-1668,22722
46064,-1632,3633
46065,20631,5109
46066,-12542,14014
46067,-21311,-16698
46068,18263,-14460
46069,2929,29035
46070,-23689,8959
46071,16913,-25325
46072,31290,10615
46073,-14965,21194
46074,-16835,-16650
46075,9445,-1982
46076,-10655,20217
46077,-4029,-9290
46078,37791,-2921
46079,2983,25132
46080,-33041,-11676
46081,19555,-28253
46082,21877,16526
46083,-28404,12536
46084,2879,-13350
46085,21724,11838
46086,-21212,15716
46087,-492,-2347
46088,19344,16174
46089,-28411,6757
46090,-12224,-27548
46091,31213,3671
46092,-10761,29384
46093,-25193,-17403
46094,22182,-20611
46095,8936,27857
46096,-23977,4605
46097,-3023,-30437
46098,-2143,7100
46099,-23988,11007
46100,3291,-24840
46101,23669,6803
46102,-15892,29414
46103,-22058,-17778
46104,24711,-14609
46105,11914,28609
46106,-28103,2132
46107,7954,-24436
46108,30842,12169
46109,-10733,20597
46110,-1847,-2562
46111,23778,15792
46112,-15565,17346
46113,-13004,-27087
46114,32756,-12846
46115,-102,31400
46116,-30351,-3965
46117,18100,-29720
46118,23586,19200
46119,-23823,20035
46120,-18464,-17998
46121,-927,4828
46122,-22194,11630
46123,-9544,-24566
46124,26459,1661
46125,-1354,34122
46126,-28488,-13007
46127,15404,-26541
46128,21744,28137
46129,-25647,19322
46130,-4525,-29195
46131,28573,-2101
46132,-6364,28395
46133,-3534,-4172
46134,26600,-2162
46135,-13026,24298
46136,-21754,-11503
46137,34377,-21481
46138,15344,25614
46139,-35148,4082
46140,1332,-33790
46141,31728,12454
46142,-8091,27175
46143,-19933,-15329
46144,1423,1598
46145,-13457,18205
46146,-14557,-25661
46147,22053,-15537
46148,5693,33337
46149,-30406,1395
46150,8825,-34323
46151,29116,11344
46152,-22083,25567
46153,-16191,-21554
46154,27279,-10659
46155,3144,26521
46156,-6725,2502
46157,25863,-715
46158,-1581,27121
46159,-29461,-12559
46160,16886,-33935
46161,23322,25117
46162,-25583,17762
46163,-9040,-38492
46164,26621,-6323
46165,-5516,25521
46166,-20188,-7373
46167,6877,1083
46168,-11470,22394
46169,-23879,-16174
46170,22307,-21057
46171,16660,26778
46172,-34113,12623
46173,-6162,-28861
46174,31408,4704
46175,-9735,28556
46176,-23992,-21815
46177,15699,-23303
46178,11810,26058
46179,-3054,4233
46180,21909,-15628
46181,10397,28015
46182,-26945,10390
46183,3031,-31444
46184,29617,15414
46185,-20198,31308
46186,-25365,-22336
46187,32251,-7391
46188,13155,27584
46189,-30435,-3073
46190,1342,-3749
46191,3753,23678
46192,-30630,-10135
46193,7671,-26396
46194,30509,25449
46195,-19328,23943
46196,-8258,-30409
46197,35357,-7882
46198,-6170,35430
46199,-34615,-6029
46200,13487,-27358
46201,21803,17935
46202,-5075,8248
46203,17456,-21386
46204,18313,14520
46205,-30387,13310
46206,-12091,-31356
46207,36788,11
46208,-2270,31264
46209,-31940,-17613
46210,18202,-25169
46211,17815,22411
46212,-23845,13426
46213,1727,-5170
46214,12223,23672
46215,-25247,11739
46216,1557,-27830
46217,32213,3148
46218,-21022,28012
46219,-31650,-21776
46220,28560,-25959
46221,17133,24903
46222,-32232,6781
46223,-5046,-24692
46224,25628,4769
46225,2705,-2233
46226,7489,-29545
46227,21338,16532
46228,-17518,31353
46229,-19688,-26088
46230,28588,-10334
46231,5851,40503
46232,-30854,543
46233,13243,-31247
46234,21571,11399
46235,-23521,19843
46236,949,-1588
46237,23198,18772
46238,-24334,15469
46239,-14821,-27401
46240,35997,-8270
46241,4524,30840
46242,-27542,-8493
46243,13983,-28584
46244,19320,23798
46245,-22861,18022
46246,-8580,-28414
46247,21076,-5991
46248,-3326,4878
46249,-5162,-27646
46250,22766,744
46251,-7506,31434
46252,-25584,-13817
46253,27802,-22971
46254,22122,23148
46255,-33469,9482
46256,-3349,-23497
46257,30481,7782
46258,-6322,26852
46259,-251,1963
46260,26981,12457
46261,-12833,22771
46262,-22206,-19286
46263,23354,-15833
46264,3316,33291
46265,-33675,5544
46266,11984,-35160
46267,33780,7568
46268,-22492,24407
46269,-23875,-18928
46270,21682,-14073
46271,-886,4939
46272,-14797,-20314
46273,28783,-5837
46274,7641,31888
46275,-34565,-6476
46276,10965,-34053
46277,26390,21010
46278,-26678,26060
46279,-13374,-28724
46280,26155,-5769
46281,4230,33237
46282,933,-3614
46283,22278,-7403
46284,-8590,28100
46285,-25290,-4763
46286,20237,-23555
46287,21126,28363
46288,-25725,19746
46289,-2733,-29942
46290,37831,483
46291,-3095,28063
46292,-27134,-12714
46293,9185,-16894
46294,-597,8085
46295,-18406,-16404
46296,19052,-16087
46297,8579,29407
46298,-35440,6975
46299,-181,-35293
46300,29254,8451
46301,-13199,32073
46302,-14948,-18003
46303,22219,-14848
46304,9132,20379
46305,240,-4429
46306,26315,-5768
46307,5170,31428
46308,-28700,3174
46309,8065,-26655
46310,28825,17286
46311,-18721,23699
46312,-18322,-26343
46313,24963,-12974
46314,1306,29564
46315,-24505,3087
46316,6948,-24584
46317,2085,-1214
46318,-19508,-6101
46319,15458,-22832
46320,17084,15750
46321,-30615,22779
46322,-9832,-23240
46323,33125,-1902
46324,75,32495
46325,-24470,-14593
46326,10229,-25747
46327,16183,19041
46328,-2480,980
46329,15489,-14864
46330,14322,27970
46331,-21019,12796
46332,-2012,-33508
46333,28483,2588
46334,-12620,30604
46335,-26523,-18291
46336,24468,-23037
46337,16791,27236
46338,-23196,13150
46339,-1043,-24021
46340,5999,-1884
46341,-24057,2688
46342,1073,-20651
46343,26528,10986
46344,-14240,24749
46345,-18395,-26249
46346,27368,-17755
46347,10279,28113
46348,-27001,-3271
46349,2558,-26560
46350,20254,9307
46351,-3252,564
46352,12976,-22970
46353,22760,10979
46354,-21400,15060
46355,-14761,-24886
46356,29328,-4724
46357,-2349,31504
46358,-31288,-2941
46359,14290,-22087
46360,22848,18661
46361,-15078,13990
46362,-8346,-22851
46363,749,-248
46364,-19188,10885
46365,331,-24825
46366,27055,-2532
46367,-5265,31786
46368,-21188,-12745
46369,16121,-25967
46370,11223,21680
46371,-25773,9592
46372,-3195,-19950
46373,24026,5035
46374,567,1297
46375,3894,-25789
46376,22686,3953
46377,-11706,21658
46378,-21419,-16169
46379,22489,-10710
46380,11724,29507
46381,-24681,4503
46382,5857,-27846
46383,25847,8008
46384,-11595,21130
46385,-17215,-13019
46386,1562,-581
46387,-14230,17404
46388,-8567,-16157
46389,25810,-10578
46390,5615,24899
46391,-25790,-3619
46392,6210,-22221
46393,19444,18989
46394,-17716,17539
46395,-7694,-17582
46396,22662,-6400
46397,-2377,-155
46398,-9327,-21806
46399,19280,-3036
46400,-2877,21508
46401,-23902,-9377
46402,16704,-21329
46403,20378,17312
46404,-23481,12045
46405,-9106,-23243
46406,24195,587
46407,-3340,23133
46408,-22159,-5192
46409,780,-1131
46410,-5498,17265
46411,-15046,-15882
46412,16902,-18882
46413,11262,23222
46414,-27394,6744
46415,-393,-24184
46416,29021,7958
46417,-9092,21843
46418,-14415,-12509
46419,18557,-16120
46420,880,-1879
46421,-8341,-12332
46422,24004,-2410
46423,8149,22380
46424,-22476,-540
46425,7933,-22248
46426,21308,11290
46427,-16893,18452
46428,-15614,-17047
46429,17449,-4250
46430,4336,21842
46431,-15855,-714
46432,1437,-1118
46433,-1234,19966
46434,-16808,-6888
46435,10807,-17145
46436,18271,20964
46437,-18972,12731
46438,-5931,-21673
46439,25587,378
46440,-5013,20092
46441,-18673,-6927
46442,10528,-12068
46443,-616,2977
46444,-13196,-11886
46445,18258,-11958
46446,13494,16100
46447,-21780,2129
46448,-3652,-21808
46449,20719,8667
46450,-6701,20772
46451,-12622,-15276
46452,20466,-11247
46453,9875,16980
46454,-18274,2590
46455,770,-2216
46456,5143,20156
46457,-17802,2021
46458,6657,-20493
46459,23985,9560
46460,-16237,16944
46461,-14983,-19491
46462,22335,-9110
46463,1089,22906
46464,-19729,281
46465,5301,-17277
46466,963,2591
46467,-13444,-5698
46468,12611,-15266
46469,13731,16871
46470,-17983,17319
46471,-4399,-16973
46472,23756,-1541
46473,510,22508
46474,-16553,-6836
46475,11419,-18381
46476,10896,11053
46477,-17410,11080
46478,-1990,-922
46479,12075,12876
46480,-12748,2496
46481,-1438,-22058
46482,22898,2394
46483,-8718,21351
46484,-19058,-11802
46485,16738,-12267
46486,7338,24015
46487,-17387,6500
46488,1109,-21402
46489,423,-612
46490,-19250,-2175
46491,4776,-20009
46492,19585,12134
46493,-12338,22907
46494,-10472,-18163
46495,22509,-12542
46496,4936,19153
46497,-19101,-2990
46498,8749,-18018
46499,16494,10680
46500,-9869,12872
46501,2749,-1735
46502,14692,13902
46503,-16319,9525
46504,-10544,-20728
46505,20397,-2604
46506,-5865,24161
46507,-23096,-7322
46508,12871,-19701
46509,10888,13591
46510,-17271,4118
46511,-3432,-20975
46512,-959,102
46513,-19286,4294
46514,5933,-15665
46515,25341,5112
46516,-9434,19326
46517,-17027,-11876
46518,18592,-10886
46519,8967,21556
46520,-24496,5453
46521,-2847,-19557
46522,20479,6844
46523,-2094,19619
46524,-2694,-2935
46525,11325,4203
46526,-12632,11999
46527,-12032,-14793
46528,20953,-6549
46529,3955,21102
46530,-17501,-5800
46531,12983,-20836
46532,18416,14788
46533,-12143,12762
46534,-10557,-11799
46535,-1941,6792
46536,-14072,8881
46537,-2049,-18034
46538,14942,-878
46539,-12100,19352
46540,-23928,-9682
46541,13746,-15890
46542,12736,15732
46543,-25890,9396
46544,-6835,-16287
46545,23282,-737
46546,-2482,16204
46547,-5442,2902
46548,18446,8255
46549,-8995,19026
46550,-21374,-9682
46551,23185,-16348
46552,17254,16156
46553,-23764,1886
46554,429,-25165
46555,24177,5017
46556,-7032,15301
46557,-11119,-14092
46558,6250,-2018
46559,-12233,13274
46560,-9343,-14888
46561,22619,-10367
46562,2261,24191
46563,-24647,6764
46564,11465,-16028
46565,23203,14014
46566,-18567,17549
46567,-13594,-21418
46568,17599,-9813
46569,3243,22468
46570,-825,4214
46571,16670,-128
46572,-4653,18941
46573,-15703,-11106
46574,16998,-25169
46575,11821,19425
46576,-22448,14337
46577,-2847,-22191
46578,24659,5142
46579,-2523,22886
46580,-18708,-5604
46581,-1204,2928
46582,-13126,15471
46583,-19010,-14415
46584,18399,-9560
46585,12232,24034
46586,-25627,2713
46587,1752,-25329
46588,24983,5271
46589,-14428,18070
46590,-14988,-19367
46591,20702,-12965
46592,7427,21457
46593,-2401,-2585
46594,20421,-13704
46595,-930,23384
46596,-31699,4809
46597,3479,-25112
46598,23385,14293
46599,-17646,18262
46600,-14458,-23928
46601,27582,-6741
46602,6435,14390
46603,-23071,-8821
46604,892,2270
46605,1826,22207
46606,-11261,-11439
46607,20484,-23453
46608,19703,17390
46609,-23371,17570
46610,-3212,-20630
46611,28311,-4626
46612,-13033,26051
46613,-27473,-2413
46614,18333,-14632
46615,15527,15780
46616,-11170,1126
46617,13501,-15695
46618,14606,19442
46619,-26716,9487
46620,-8037,-27106
46621,33230,7089
46622,3501,24379
46623,-16412,-19826
46624,19728,-16038
46625,9445,18714
46626,-25866,10734
46627,1537,8861
46628,14730,23831
46629,-15107,1308
46630,4750,-19943
46631,20862,8479
46632,-28442,17348
46633,-27635,-21074
46634,27948,-10623
46635,16337,32240
46636,-16032,1092
46637,7384,-31335
46638,16530,1983
46639,-1531,-578
46640,13610,-17524
46641,16931,23278
46642,-21017,17590
46643,-14040,-31722
46644,24664,-2131
46645,-6307,30308
46646,-43078,-8764
46647,-1974,-13229
46648,14921,21362
46649,-19205,7383
46650,-1490,-5217
46651,16817,23253
46652,-21876,8721
46653,-11902,-32064
46654,28546,-1164
46655,-2987,32093
46656,-20179,-10191
46657,23336,-21311
46658,14066,20345
46659,-24771,5142
46660,919,-23120
46661,23763,1972
46662,714,1005
46663,7839,-18037
46664,21306,13652
46665,-19745,19631
46666,-27353,-24939
46667,23157,-12386
46668,9410,27273
46669,-33303,-4522
46670,1028,-32562
46671,21181,8498
46672,-10922,28118
46673,4116,9719
46674,16640,20642
46675,-24063,15777
46676,-12280,-25753
46677,28757,-9809
46678,-6764,31276
46679,-35163,-1624
46680,13499,-27994
46681,26619,10192
46682,-20202,11809
46683,-13171,-17012
46684,26001,-609
46685,10458,-485
46686,2513,-28198
46687,24983,933
46688,-5212,27934
46689,-29300,-15073
46690,15149,-22134
46691,17402,27656
46692,-22016,14568
46693,733,-30584
46694,17938,-9871
46695,-17536,11845
46696,-5733,-6218
46697,26827,6712
46698,-10405,15917
46699,-29670,-24159
46700,21653,-18234
46701,19905,28857
46702,-30548,5230
46703,-633,-27551
46704,39995,13470
46705,-4013,30371
46706,-17609,-8120
46707,17715,-9115
46708,-6439,2492
46709,-16607,-23418
46710,29796,-11542
46711,6933,30619
46712,-32715,2188
46713,17056,-32117
46714,32601,13683
46715,-21838,28869
46716,-14996,-22167
46717,15991,-15062
46718,-8451,19873
46719,-5374,-5019
46720,30277,-5230
46721,551,26272
46722,-30570,-12562
46723,18059,-39529
46724,27292,17252
46725,-30517,24285
46726,-10109,-22711
46727,35231,1744
46728,-10398,31475
46729,-24169,-9477
46730,23477,-22954
46731,977,3074
46732,-20407,-11594
46733,28248,-14970
46734,17840,27165
46735,-28243,14238
46736,9350,-33016
46737,38220,-5906
46738,-8555,18353
46739,-20282,-23095
46740,12723,-15529
46741,9318,27007
46742,7122,4001
46743,29822,-9886
46744,4638,16627
46745,-29995,-7751
46746,8968,-34194
46747,30940,10824
46748,-21019,32718
46749,-20797,-11724
46750,37348,-16840
46751,18789,24168
46752,-29175,8574
46753,-4076,-22105
46754,7720,8942
46755,-21657,7791
46756,8463,-29337
46757,33359,12918
46758,-21433,35414
46759,-22706,-32435
46760,35069,-24736
46761,9713,30974
46762,-22070,-7380
46763,27663,-25701
46764,32202,19168
46765,-9136,1142
46766,18808,-16930
46767,30628,28350
46768,-29754,18923
46769,-20873,-26754
46770,40330,5751
46771,10438,41107
46772,-28460,-6896
46773,9913,-35511
46774,6713,10060
46775,-31572,16109
46776,-1666,-23794
46777,9839,-4993
46778,-27071,9706
46779,888,-30198
46780,30525,-8187
46781,-19081,28176
46782,-26209,-21573
46783,27059,-18127
46784,16522,46816
46785,-16978,10415
46786,13412,-33582
46787,25275,10044
46788,-12589,5566
46789,2381,-25960
46790,33480,20571
46791,-8433,29641
46792,-20269,-35429
46793,28708,-25489
46794,4617,27423
46795,-36782,-3372
46796,12990,-32218
46797,33236,12182
46798,-22361,17276
46799,-27365,-14792
46800,2051,10295
46801,-18870,14020
46802,-29273,-31367
46803,2608,-2754
46804,-6057,38282
46805,-29346,-14348
46806,12761,-32318
46807,31933,24880
46808,-17924,17670
46809,-16398,-29678
46810,20057,-17938
46811,5102,728
46812,8957,-7093
46813,30428,10909
46814,-6632,21217
46815,-18642,-19655
46816,31129,-20164
46817,23921,35370
46818,-29388,14325
46819,-12832,-38901
46820,33071,6041
46821,11080,34736
46822,-20263,-14110
46823,-1507,-355
46824,-2955,22671
46825,-14960,-32112
46826,19164,-18973
46827,10897,43448
46828,-37882,1334
46829,-1052,-35765
46830,35415,13397
46831,-21501,19266
46832,-33059,-8048
46833,10464,8675
46834,-8637,3162
46835,-16729,-28581
46836,25041,-7272
46837,4544,23607
46838,-33258,-7416
46839,5696,-28489
46840,28730,22354
46841,-5432,40023
46842,1017,-16371
46843,30483,-18326
46844,1409,20403
46845,-26713,-1145
46846,-3224,1426
46847,-5712,39121
46848,-25000,-1958
46849,15039,-30684
46850,26109,15542
46851,-32876,-1682
46852,-17013,-42068
46853,35627,8522
46854,-12881,35243
46855,-38753,-10276
46856,19138,-12092
46857,10253,8256
46858,-21346,-16632
46859,16874,-13212
46860,9513,29723
46861,-33767,11685
46862,4753,-27987
46863,30225,7355
46864,-24857,30331
46865,-27302,-18066
46866,28860,-19974
46867,15074,24695
46868,-23126,15847
46869,5994,5570
46870,16493,21688
46871,-18856,-9689
46872,3672,-31394
46873,26841,14047
46874,-24853,20202
46875,-19830,-26460
46876,41420,-12400
46877,10069,30716
46878,-27048,7071
46879,14919,-23396
46880,2637,-1711
46881,-37789,2488
46882,6604,-13137
46883,20365,10674
46884,-32714,16062
46885,-8499,-19852
46886,42548,-5039
46887,2106,28309
46888,-29200,-5066
46889,9758,-26013
46890,14168,13568
46891,-11399,21944
46892,7909,3041
46893,10615,20357
46894,-25045,11813
46895,-7263,-30148
46896,22641,-1399
46897,-14582,37962
46898,-25134,-8978
46899,24130,-26714
46900,22762,15877
46901,-13840,-5702
46902,-4480,-34978
46903,1414,1826
46904,-18547,1803
46905,7499,-20598
46906,36255,19622
46907,-9292,29819
46908,-27661,-23999
46909,23209,-18939
46910,10145,27804
46911,-31718,8115
46912,7436,-19923
46913,19447,13210
46914,-19558,25947
46915,10179,4342
46916,27696,20649
46917,-28251,19865
46918,-21106,-23736
46919,25069,-2677
46920,-5677,40077
46921,-25355,-3653
46922,20436,-27416
46923,20992,26502
46924,-22088,24000
46925,-13216,-20794
46926,6613,4
46927,-14978,9447
46928,-7325,-28685
46929,21029,-8071
46930,-10384,23644
46931,-30078,-16062
46932,15325,-20277
46933,15375,25974
46934,-23432,6915
46935,4901,-23371
46936,33851,8497
46937,1990,16876
46938,-1530,-5388
46939,16950,15219
46940,-10441,26547
46941,-12330,-10033
46942,31416,-6388
46943,13396,30636
46944,-30970,1051
46945,-1258,-36876
46946,22154,2180
46947,-13881,25576
46948,-15036,-162
46949,4856,8669
46950,-15864,10826
46951,-3623,-24572
46952,36542,-5504
46953,3888,29837
46954,-32570,-5745
46955,9121,-24494
46956,25095,16733
46957,-16491,17046
46958,-12675,-22835
46959,14156,-16139
46960,-6111,12766
46961,-7731,7584
46962,26360,7768
46963,7189,22980
46964,-25501,-5058
46965,6533,-29196
46966,17524,11052
46967,-25665,22872
46968,-16242,-11299
46969,23777,8538
46970,4690,25930
46971,-13043,-15188
46972,7558,-8461
46973,-4261,24644
46974,-19247,-10031
46975,15281,-22927
46976,19175,19716
46977,-17943,5395
46978,-1997,-31342
46979,23614,1094
46980,-9674,20489
46981,-19915,-21527
46982,13018,-20070
46983,9618,22377
46984,-1548,6893
46985,16441,-12303
46986,2416,16656
46987,-26602,2481
46988,-2943,-26281
46989,15386,16256
46990,-15854,29171
46991,-12357,-19124
46992,26418,-9610
46993,7465,21566
46994,-24591,1398
46995,-2964,3662
46996,1023,27743
46997,-13776,4388
46998,18266,-9947
46999,27503,19630
47000,-12837,9783
47001,-5164,-27368
47002,21998,-2192
47003,-6298,26989
47004,-23420,-8973
47005,4516,-17656
47006,14399,16274
47007,8692,-1604
47008,17354,-17884
47009,5266,17416
47010,-23425,7002
47011,-5660,-23761
47012,25750,12901
47013,-1493,27599
47014,-24322,-14696
47015,6831,-10406
47016,8229,16283
47017,-19898,535
47018,-7048,2598
47019,-1801,25677
47020,-18888,1064
47021,9383,-23039
47022,26671,10127
47023,-16235,22570
47024,-18579,-14154
47025,23121,-10911
47026,7539,21104
47027,-18321,4636
47028,15836,-11218
47029,29677,7973
47030,-2582,-5259
47031,2330,-22010
47032,19252,12964
47033,-9147,18623
47034,-11937,-19849
47035,22003,-8729
47036,4573,14797
47037,-21591,-13170
47038,6314,-16998
47039,9129,15786
47040,-18330,8264
47041,-29,-2900
47042,11332,19255
47043,-16753,5811
47044,-3578,-24223
47045,23260,3090
47046,-6438,26276
47047,-17421,-4680
47048,22426,-9201
47049,15628,20750
47050,-23889,4356
47051,-4077,-22380
47052,22061,-254
47053,-1955,2248
47054,29,-21979
47055,22890,3859
47056,-5721,18895
47057,-15890,-22776
47058,22912,-14735
47059,5087,25101
47060,-30497,-2321
47061,7990,-20433
47062,25212,17043
47063,-11117,17806
47064,-345,-5997
47065,14371,5391
47066,-21818,4851
47067,-16086,-13934
47068,22388,6561
47069,1285,25039
47070,-18898,-9541
47071,16403,-20367
47072,20576,20499
47073,-15880,16587
47074,-7382,-20843
47075,17787,-8335
47076,4220,2357
47077,9283,-15653
47078,29936,8195
47079,-3574,26175
47080,-22165,-12631
47081,19787,-14051
47082,13428,21203
47083,-26716,3661
47084,50,-15847
47085,22926,7751
47086,-5132,5448
47087,1370,-11023
47088,17932,12465
47089,-14575,19418
47090,-17010,-14851
47091,25134,-14464
47092,12791,13625
47093,-21923,-1157
47094,6032,-20876
47095,22871,4333
47096,-15923,15945
47097,-13302,-4193
47098,19404,-1239
47099,1253,1922
47100,-3085,-20094
47101,28687,-8029
47102,4806,20128
47103,-24734,-4166
47104,12572,-20277
47105,19401,14660
47106,-16846,12193
47107,1557,-24142
47108,23219,-5013
47109,-3631,22363
47110,3684,924
47111,27383,683
47112,-5170,19717
47113,-18859,-6677
47114,20444,-17308
47115,12514,15462
47116,-29028,125
47117,-7353,-31033
47118,22122,5125
47119,-9975,25881
47120,-17706,-12145
47121,18162,-16027
47122,4786,3336
47123,-15366,-13855
47124,13943,-7315
47125,2556,27929
47126,-31090,6962
47127,6873,-22071
47128,27110,9769
47129,-18356,15248
47130,-17110,-23442
47131,15990,-8191
47132,3086,21108
47133,1528,-2
47134,25432,2574
47135,5851,22715
47136,-14185,-13509
47137,18864,-31410
47138,20544,14389
47139,-26134,17810
47140,-12215,-22224
47141,28270,-5929
47142,-3218,25413
47143,-21867,-460
47144,14137,-19192
47145,-303,-2487
47146,-24325,-10695
47147,16447,-12377
47148,17882,23930
47149,-26480,12288
47150,-4153,-30081
47151,23904,-684
47152,-11194,28241
47153,-15648,-10067
47154,16273,-10038
47155,6091,24318
47156,1547,308
47157,28436,-12399
47158,7494,19944
47159,-26696,1825
47160,6079,-25162
47161,27041,12474
47162,-12400,20248
47163,-12400,-23679
47164,26408,-13174
47165,8422,20915
47166,-20750,-4265
47167,689,-23075
47168,1574,2459
47169,-19569,-4763
47170,6654,-22850
47171,16813,12632
47172,-23138,18521
47173,-10743,-27780
47174,26347,-9621
47175,-10798,29998
47176,-36636,-5880
47177,9201,-19211
47178,23010,17104
47179,777,-197
47180,16143,-16372
47181,15131,22241
47182,-22009,13413
47183,-4429,-23823
47184,30724,7913
47185,-4703,28347
47186,-23485,-21451
47187,20640,-27547
47188,15632,21906
47189,-22956,10594
47190,-4195,-25326
47191,5007,-1648
47192,-20948,4243
47193,2792,-23325
47194,24495,5957
47195,-20380,23824
47196,-26092,-23001
47197,25689,-12088
47198,13365,32384
47199,-28376,-2786
47200,1056,-24672
47201,26574,12438
47202,1247,-850
47203,8679,-24715
47204,20363,16267
47205,-17123,22721
47206,-11968,-25183
47207,30091,-9915
47208,2048,32404
47209,-27238,-1208
47210,14611,-28384
47211,23673,12326
47212,-15367,14471
47213,-8691,-17931
47214,4531,4610
47215,-22208,9824
47216,-9579,-27561
47217,25878,-41
47218,-6558,33135
47219,-28932,-14836
47220,19373,-25968
47221,19244,23550
47222,-27532,10911
47223,-3741,-24297
47224,27084,-3712
47225,-392,524
47226,3312,-21788
47227,23301,3405
47228,-13156,23585
47229,-23209,-14676
47230,23235,-16662
47231,16022,28081
47232,-25716,7599
47233,-2353,-29194
47234,26892,11071
47235,-5012,24824
47236,-19917,-19353
47237,1083,-618
47238,-10813,24635
47239,-13629,-23849
47240,23952,-19902
47241,7708,33791
47242,-31700,2237
47243,10045,-29922
47244,31513,17218
47245,-25618,19555
47246,-18580,-24162
47247,29487,-9179
47248,-708,5187
47249,-13655,-22191
47250,27025,-2307
47251,1888,31627
47252,-30375,-7813
47253,15494,-27439
47254,21716,25717
47255,-28668,23322
47256,-9349,-29473
47257,31651,-6996
47258,-1540,26785
47259,-23933,-3231
47260,3077,-991
47261,-9006,24207
47262,-23903,-11727
47263,20693,-21391
47264,21287,25701
47265,-30106,8634
47266,-5632,-31345
47267,32844,6878
47268,-8746,26639
47269,-20109,-19646
47270,16958,-22336
47271,-1867,3710
47272,-15084,-16722
47273,25223,-12965
47274,10591,27873
47275,-33374,4733
47276,1780,-29388
47277,29746,12502
47278,-21015,26537
47279,-28768,-20532
47280,23129,-10761
47281,9413,23469
47282,-28186,501
47283,-1422,-1362
47284,3220,25348
47285,-23964,-6955
47286,13113,-27820
47287,32247,23583
47288,-21907,26972
47289,-12961,-26770
47290,33952,-8522
47291,-2643,32557
47292,-25079,-2126
47293,14803,-22707
47294,1911,6603
47295,-21179,-6326
47296,21931,-19019
47297,24199,21056
47298,-29686,11132
47299,-12246,-33479
47300,35140,2019
47301,-237,32921
47302,-30606,-16725
47303,16611,-23878
47304,22277,21070
47305,-22682,9034
47306,-4662,-4847
47307,11796,28128
47308,-24121,10509
47309,642,-31080
47310,35642,4036
47311,-18899,27489
47312,-29611,-21407
47313,30218,-19393
47314,11246,28717
47315,-29173,2357
47316,3928,-30374
47317,7589,3845
47318,-25351,1816
47319,4235,-27994
47320,25483,11084
47321,-22012,28727
47322,-19301,-25404
47323,34947,-18215
47324,7961,31854
47325,-35334,1365
47326,10202,-31536
47327,27309,7663
47328,-19220,19082
47329,-2648,-3243
47330,23456,15457
47331,-20066,11234
47332,-14988,-31433
47333,32959,-3669
47334,-399,37512
47335,-29862,-9068
47336,17563,-24261
47337,20623,31716
47338,-20331,17062
47339,-5333,-27680
47340,4961,1469
47341,-24769,7983
47342,-1593,-27831
47343,33163,810
47344,-12180,29178
47345,-34299,-17231
47346,21102,-26223
47347,19498,21882
47348,-29142,9908
47349,-2500,-27281
47350,25627,1654
47351,-6630,24195
47352,3272,112
47353,26626,12426
47354,-16502,26473
47355,-21435,-21175
47356,28594,-22745
47357,5792,32536
47358,-33962,7229
47359,7992,-34488
47360,28800,11119
47361,-16480,24107
47362,-21823,-18403
47363,1152,-478
47364,-16259,17163
47365,-8654,-18438
47366,33395,-4287
47367,7721,29410
47368,-31863,-10041
47369,9997,-29926
47370,26832,21423
47371,-22553,24757
47372,-13688,-24040
47373,23483,-9230
47374,1479,26176
47375,1079,-2242
47376,30412,-8564
47377,-2541,25611
47378,-26362,-5111
47379,21556,-30619
47380,23254,22247
47381,-27642,16415
47382,-7388,-36947
47383,30962,394
47384,-5931,31616
47385,-27098,-9975
47386,1651,270
47387,-9076,25048
47388,-20167,-21717
47389,18188,-27109
47390,10271,25506
47391,-31855,7689
47392,-441,-31590
47393,30463,6751
47394,-14186,27925
47395,-23930,-19423
47396,20450,-20846
47397,15431,19213
47398,-2439,3775
47399,20283,-4534
47400,5575,29255
47401,-28839,1850
47402,7135,-34751
47403,30266,14503
47404,-20045,26433
47405,-20194,-30941
47406,28800,-14304
47407,5743,30951
47408,-24150,5191
47409,6420,-1466
47410,-1184,24298
47411,-26600,-7546
47412,13995,-28089
47413,22942,19243
47414,-27264,21039
47415,-9907,-26135
47416,33870,-5300
47417,-556,28426
47418,-26019,-10999
47419,12049,-23209
47420,19506,16817
47421,-1873,930
47422,15506,-18877
47423,15617,22780
47424,-22900,14567
47425,-5564,-32364
47426,29849,-667
47427,-10490,28019
47428,-27083,-12492
47429,25789,-10586
47430,16626,26684
47431,-25470,7437
47432,1152,-5874
47433,5340,21443
47434,-31453,1785
47435,-803,-30073
47436,29661,9050
47437,-14146,25942
47438,-18675,-25319
47439,26758,-18403
47440,7457,30811
47441,-30293,3115
47442,715,-24949
47443,24867,11440
47444,2487,5871
47445,9466,-23940
47446,19479,10491
47447,-19905,19516
47448,-17277,-25702
47449,31278,-7627
47450,6353,29004
47451,-28457,-9167
47452,16069,-25831
47453,24020,15038
47454,-19084,13306
47455,-1029,-3795
47456,14412,21246
47457,-21030,13172
47458,-3435,-24306
47459,31167,-103
47460,-8358,27489
47461,-27128,-11104
47462,18083,-20588
47463,14362,21186
47464,-28499,9616
47465,-9355,-22593
47466,22858,-380
47467,2467,1626
47468,460,-25036
47469,20970,6216
47470,-8817,28257
47471,-21213,-17959
47472,24381,-18219
47473,14861,28508
47474,-25676,7060
47475,4623,-26189
47476,21099,5388
47477,-12897,18993
47478,2572,-1722
47479,22468,12795
47480,-17609,15465
47481,-17434,-23521
47482,28157,-13700
47483,6658,23891
47484,-32158,-3913
47485,2762,-24988
47486,23537,17462
47487,-15798,20494
47488,-10820,-18344
47489,22970,-8544
47490,-2715,2046
47491,-13953,-22023
47492,19933,-1568
47493,-345,30197
47494,-25430,-5297
47495,16809,-22902
47496,18599,18730
47497,-25853,13040
47498,-5598,-23518
47499,22155,1883
47500,-2935,24686
47501,1924,-169
47502,24113,5017
47503,-7458,17592
47504,-22369,-16648
47505,16631,-18021
47506,12182,23382
47507,-26759,8866
47508,-2001,-23511
47509,28221,6013
47510,-9129,24125
47511,-18979,-10607
47512,16561,-17098
47513,-518,1593
47514,-17315,-11080
47515,21040,-7917
47516,11890,21230
47517,-26409,1454
47518,4878,-23928
47519,22763,12684
47520,-18439,22837
47521,-13432,-19027
47522,21145,-8287
47523,7573,23911
47524,347,453
47525,18552,-4637
47526,-3541,21772
47527,-25004,-1977
47528,11692,-19221
47529,22359,19500
47530,-20262,14680
47531,-10846,-28365
47532,27486,-8298
47533,-826,22205
47534,-22959,-4691
47535,7996,-15962
47536,987,3628
47537,-17033,-10423
47538,16466,-17597
47539,13436,16702
47540,-27942,10561
47541,-5865,-24670
47542,22830,1669
47543,-8010,25515
47544,-13734,-13069
47545,16736,-16703
47546,9926,15900
47547,-550,-56
47548,18990,-7657
47549,7164,22038
47550,-22199,5145
47551,1825,-21032
47552,23469,9927
47553,-11654,16850
47554,-16811,-19699
47555,20371,-7827
47556,7462,24666
47557,-16934,2725
47558,6164,-17600
47559,4664,670
47560,-17394,-5233
47561,8323,-18809
47562,17039,10718
47563,-19869,15803
47564,-7834,-19659
47565,28669,-4238
47566,3167,24780
47567,-21240,-6606
47568,6354,-17193
47569,14188,13614
47570,-50,1431
47571,14146,-11361
47572,11559,18249
47573,-18371,8568
47574,-2867,-23702
47575,22895,1932
47576,-6260,22283
47577,-16755,-10133
47578,17733,-12285
47579,9589,20343
47580,-17786,7772
47581,194,-18384
47582,1954,-2397
47583,-22343,690
47584,1125,-16460
47585,22378,7684
47586,-11512,20419
47587,-13551,-17920
47588,21933,-13334
47589,4354,22707
47590,-23689,-1012
47591,2542,-20634
47592,17035,8432
47593,-54,4007
47594,8441,-14645
47595,12596,10983
47596,-14291,13804
47597,-6761,-18383
47598,21494,-2627
47599,-924,26247
47600,-19377,-3503
47601,13389,-22246
47602,17719,11135
47603,-12415,11518
47604,-6584,-17007
47605,148,-1919
47606,-18104,6474
47607,167,-17416
47608,24641,2147
47609,-5832,24720
47610,-19733,-11753
47611,14719,-17063
47612,10337,20810
47613,-21415,6690
47614,-3919,-16713
47615,15951,3048
47616,-1845,-2162
47617,3283,-18960
47618,16653,9574
47619,-10474,18133
47620,-12878,-15768
47621,22807,-8210
47622,9768,22939
47623,-19594,2519
47624,4769,-18632
47625,17063,7947
47626,-11594,12836
47627,-12736,-10871
47628,357,2562
47629,-12666,11204
47630,-7036,-17743
47631,17638,-7005
47632,951,22008
47633,-19724,-5800
47634,9398,-18894
47635,18803,16823
47636,-13739,11286
47637,-4406,-17590
47638,20333,-3860
47639,-1987,1244
47640,-3722,-15250
47641,21004,3861
47642,-2168,17489
47643,-17494,-15369
47644,15993,-18041
47645,12030,18446
47646,-18559,5807
47647,-238,-23890
47648,16305,3863
47649,-9434,20415
47650,-14533,-8245
47651,2699,-1794
47652,-6465,14897
47653,-7928,-12216
47654,16710,-8586
47655,5938,24141
47656,-20686,2113
47657,3748,-18347
47658,20402,11790
47659,-14245,13732
47660,-16826,-13869
47661,14362,-9220
47662,3201,-389
47663,-14429,-17414
47664,4847,-27000
47665,17440,-14690
47666,14933,1659
47667,13878,14765
47668,324,23576
47669,-13100,18222
47670,-13169,-882
47671,-14874,-16994
47672,-4850,-23115
47673,17773,-17964
47674,11056,2659
47675,-14829,19006
47676,-19153,7268
47677,-15471,-12897
47678,-8377,-16594
47679,12276,-14415
47680,12597,-12340
47681,-5410,-6078
47682,-3547,-2318
47683,2260,838
47684,-800,1623
47685,354,-3610
47686,-1725,2157
47687,-2319,7252
47688,2894,-5478
47689,2754,-3320
47690,2508,10718
47691,-459,2106
47692,-5711,-6333
47693,1211,2391
47694,5640,7329
47695,-2253,5258
47696,-4259,2884
47697,2208,4574
47698,4673,6991
47699,-1252,2192
47700,-4160,130
47701,-114,4057
47702,-923,3094
47703,-737,-2095
47704,2698,-3846
47705,921,2099
47706,1859,5519
47707,605,1866
47708,-2981,4413
47709,2290,6288
47710,-1310,3224
47711,-8158,6891
47712,0,7593
47713,3558,3424
47714,3513,-784
47715,4204,-7536
47716,-1951,-1522
47717,2975,6537
47718,3896,586
47719,-8210,1200
47720,-777,-358
47721,1263,-4403
47722,-9689,8446
47723,5463,2167
47724,9460,-12246
47725,-5456,8196
47726,8237,8776
47727,9175,-16079
47728,-13745,-1741
47729,-1258,13199
47730,14717,-4712
47731,404,-5815
47732,79,6683
47733,10598,-736
47734,726,-12033
47735,-6554,-4766
47736,9581,7031
47737,16570,-483
47738,-6205,-4641
47739,-10519,10600
47740,13193,5565
47741,5364,-9592
47742,-12042,-117
47743,1854,1882
47744,1131,-4543
47745,-8901,3732
47746,4117,777
47747,1288,-4899
47748,-10092,3557
47749,3178,1726
47750,8429,130
47751,-2263,6865
47752,-2521,1603
47753,1006,-2895
47754,-1643,1415
47755,-1984,1697
47756,1417,-1469
47757,-1539,-2823
47758,-3233,2949
47759,5336,5606
47760,3726,-2928
47761,-4545,-6572
47762,-777,-5677
47763,-66,-2865
47764,-254,2994
47765,5402,-2156
47766,4165,-2242
47767,5540,6251
47768,1859,-1685
47769,-9435,-1669
47770,1671,7549
47771,9498,-1472
47772,1641,-185
47773,11581,5223
47774,7626,-4382
47775,-8931,4089
47776,4398,8251
47777,5316,-4528
47778,-4448,4325
47779,13433,2888
47780,13591,-11324
47781,3380,711
47782,11437,-966
47783,370,-8692
47784,-4300,9532
47785,8628,3630
47786,-4088,-8115
47787,-4284,7575
47788,11063,3788
47789,173,-1043
47790,2450,10026
47791,9646,-690
47792,-7144,-3531
47793,-3178,5690
47794,4480,-3410
47795,-5518,1088
47796,2874,6443
47797,5087,-8749
47798,-5855,-2727
47799,1332,8138
47800,1957,1062
47801,-2833,3885
47802,3197,3235
47803,-464,-3809
47804,-882,2214
47805,3571,2250
47806,-5750,-1928
47807,-7936,-433
47808,-4425,-2862
47809,-3291,1996
47810,7348,5091
47811,3152,-3199
47812,-10675,1271
47813,-2620,6303
47814,1358,-1145
47815,-5181,-2704
47816,-2092,-4665
47817,-2683,-2570
47818,194,7193
47819,8953,1955
47820,2164,1728
47821,-893,12165
47822,5679,2941
47823,3066,-856
47824,3050,5837
47825,-198,-2345
47826,-6631,2303
47827,4234,8862
47828,1994,-4275
47829,-10754,4213
47830,5480,11394
47831,7890,-8886
47832,-12150,-1625
47833,64,11401
47834,11553,-6247
47835,-165,-1479
47836,7577,12820
47837,8971,-2321
47838,-12500,-2496
47839,-5814,9153
47840,12713,-6164
47841,-1127,-11769
47842,-12284,7003
47843,4788,5461
47844,9515,-11053
47845,-7192,-6753
47846,-4853,3109
47847,8005,-4446
47848,-3547,-8766
47849,-11532,3920
47850,5584,9245
47851,11262,-4025
47852,-1995,-11398
47853,-8639,756
47854,-2365,10405
47855,10246,1365
47856,8444,-6551
47857,-7570,1119
47858,-2533,6010
47859,9633,-20
47860,-5784,-995
47861,-15306,5237
47862,3675,7879
47863,12965,2981
47864,79,-7331
47865,-8723,-8258
47866,-273,5550
47867,12232,6584
47868,6816,-7025
47869,-6125,147
47870,1709,15638
47871,14282,3539
47872,4583,-12517
47873,-8068,-3789
47874,-2236,8263
47875,7786,4692
47876,3129,-4224
47877,-9127,-3629
47878,-3731,5050
47879,14619,2615
47880,11961,-9732
47881,-3548,-5835
47882,70,7866
47883,8638,3606
47884,1547,-7768
47885,-6045,-2642
47886,-2413,8440
47887,4644,5342
47888,6923,-6139
47889,3307,-6075
47890,-4056,4508
47891,-8385,7228
47892,824,2399
47893,11867,479
47894,4604,-2771
47895,-4925,-8302
47896,-1189,-7029
47897,3711,813
47898,8516,5793
47899,10317,3383
47900,326,798
47901,-8239,3663
47902,-8292,6684
47903,-3470,7817
47904,7207,3963
47905,8639,-8922
47906,-4291,-15355
47907,-11823,-7503
47908,-10172,51
47909,-4593,6733
47910,4125,12363
47911,8679,5215
47912,8307,-5112
47913,3486,-6840
47914,-6820,-4170
47915,-7547,3268
47916,6397,8342
47917,14824,1884
47918,7787,-5681
47919,-4156,-5371
47920,-9137,2969
47921,-3369,12738
47922,7358,8021
47923,10149,-5577
47924,-1323,-7671
47925,-11023,-1136
47926,-2980,4764
47927,7534,5171
47928,5002,-5151
47929,646,-9621
47930,-395,4025
47931,-2318,12355
47932,4504,6669
47933,17356,4494
47934,14708,1168
47935,-69,-7054
47936,-7140,-1087
47937,-5408,10496
47938,1193,4294
47939,6548,-5704
47940,-1035,-3621
47941,-10448,2171
47942,-4920,7712
47943,4717,6925
47944,8027,-4301
47945,7838,-10487
47946,2071,-7997
47947,-7392,-5113
47948,-10259,2967
47949,-2767,10031
47950,6450,4639
47951,8364,-2872
47952,4572,-5951
47953,-2925,-6894
47954,-8635,-117
47955,-1752,8521
47956,6615,7838
47957,5229,4638
47958,7732,1457
47959,9216,-7865
47960,-1114,-10579
47961,-5395,3306
47962,-2380,14309
47963,-2478,10746
47964,4363,6665
47965,11342,5284
47966,7895,-1761
47967,6900,-8930
47968,3645,-9826
47969,-9083,-8008
47970,-13144,-3669
47971,-7873,3583
47972,-4366,8392
47973,2738,6757
47974,8109,-703
47975,1556,-7417
47976,-6671,-5944
47977,-4804,-1232
47978,4908,-2160
47979,8632,-3699
47980,157,1898
47981,-2019,7993
47982,8246,4338
47983,8498,-3576
47984,-3899,-3615
47985,-9676,-328
47986,-7274,-446
47987,-6923,4821
47988,-5702,12588
47989,4821,10211
47990,12730,4505
47991,3715,1060
47992,-6337,-3363
47993,-8548,-2078
47994,-16100,3161
47995,-17916,4714
47996,-2574,6504
47997,10134,4940
47998,11410,-3500
47999,6740,-8853
48000,-4063,-8153
48001,-11957,-3045
48002,-8516,5271
48003,955,9549
48004,9429,7443
48005,10759,758
48006,4099,-5521
48007,-3632,-2225
48008,-7148,6202
48009,-3075,11195
48010,6966,11755
48011,10183,2423
48012,989,-10424
48013,-4774,-11614
48014,-660,-7288
48015,-2453,-4624
48016,-5789,2652
48017,4690,9218
48018,11589,3925
48019,3761,-6014
48020,-1221,-5158
48021,-3628,1807
48022,-9390,2750
48023,-5752,5733
48024,4765,9508
48025,6203,-1053
48026,998,-11358
48027,-1476,-6383
48028,-3337,1043
48029,-4410,7013
48030,2550,8337
48031,9493,-2543
48032,3360,-9500
48033,-6217,-3714
48034,-8074,2495
48035,-4290,7525
48036,3372,10105
48037,7364,4911
48038,3035,-1738
48039,-828,-4457
48040,-2906,-3916
48041,-5933,-1810
48042,-5545,1005
48043,-2626,7105
48044,1387,10080
48045,7770,3349
48046,11621,-1276
48047,10137,610
48048,6813,-1483
48049,6161,-4497
48050,10413,-1519
48051,11933,-2
48052,4345,-4007
48053,-792,-4727
48054,2597,-598
48055,287,-3525
48056,-8450,-10841
48057,-8890,-5860
48058,-6074,5120
48059,-9154,7248
48060,-9465,6465
48061,-4321,6766
48062,110,6473
48063,1490,9106
48064,-472,7754
48065,1210,18
48066,6913,-4302
48067,4224,-8260
48068,-2325,-9470
48069,-2838,125
48070,-5054,3899
48071,-8554,-519
48072,-4809,6399
48073,990,13028
48074,3899,6579
48075,6289,268
48076,5527,-5743
48077,-800,-9987
48078,-6243,-2543
48079,-7935,3970
48080,-10611,4232
48081,-8168,7000
48082,3761,3619
48083,9262,-4103
48084,4730,-5346
48085,1630,-7950
48086,-4990,-8053
48087,-12280,75
48088,-2830,1920
48089,13644,638
48090,14856,2315
48091,4821,-3310
48092,-1331,-6943
48093,-3863,-2289
48094,-7430,932
48095,-5594,7896
48096,-304,12607
48097,-2403,6702
48098,-2681,6902
48099,5896,7392
48100,9045,-3377
48101,5963,-6880
48102,4358,-5474
48103,152,-8205
48104,-4128,-2355
48105,-4894,1906
48106,-6082,-2231
48107,-4860,4381
48108,1028,12209
48109,7587,5365
48110,9273,-1508
48111,-477,-2448
48112,-12978,-1931
48113,-11202,3606
48114,-633,8755
48115,4998,6354
48116,6960,1347
48117,6974,-2660
48118,2659,-6038
48119,-3400,-5607
48120,-8191,265
48121,-7320,6078
48122,2445,6029
48123,9299,910
48124,3102,-5814
48125,-4193,-8710
48126,-4472,-3087
48127,-4807,5025
48128,-3551,8240
48129,3309,7894
48130,8298,4494
48131,6851,-646
48132,2151,-3587
48133,-2049,-3221
48134,-2233,2394
48135,3254,6571
48136,10423,221
48137,10171,-4845
48138,1426,-2552
48139,-5393,-3662
48140,-6991,-2567
48141,-5242,4899
48142,2004,7776
48143,8465,5920
48144,7005,-149
48145,1397,-8705
48146,-6064,-6443
48147,-9545,3552
48148,-65,9919
48149,11002,11827
48150,8421,4332
48151,1559,-6115
48152,763,-5867
48153,-2618,-3223
48154,-9192,-1836
48155,-4304,4113
48156,7447,4402
48157,6908,-441
48158,-1041,1357
48159,-2980,1121
48160,-4418,-4456
48161,-7958,-2068
48162,-6913,5009
48163,-3363,7754
48164,-660,9512
48165,3471,8572
48166,8136,3750
48167,9157,179
48168,4603,-5692
48169,-2543,-9731
48170,-6280,-991
48171,-3741,7964
48172,1093,6752
48173,2977,6226
48174,4021,5334
48175,6238,-1857
48176,4809,-7451
48177,-165,-6769
48178,-5019,-561
48179,-8171,7475
48180,-3224,9455
48181,7918,4890
48182,10999,-281
48183,4691,-3321
48184,-2057,-5862
48185,-6578,-6854
48186,-8102,-1072
48187,-6467,6494
48188,-738,8727
48189,8464,8108
48190,9760,1479
48191,-1297,-5829
48192,-9686,574
48193,-6844,9458
48194,538,8859
48195,6539,4474
48196,7082,-4076
48197,2358,-7470
48198,-546,118
48199,-2188,2138
48200,-5388,2672
48201,-2402,8799
48202,3710,5347
48203,411,-681
48204,-5902,-500
48205,-6829,-4695
48206,-7708,-4615
48207,-8551,2682
48208,-7213,4889
48209,-4942,8989
48210,-871,12647
48211,1658,6986
48212,3232,5224
48213,7894,4493
48214,7825,-4184
48215,1838,-4651
48216,-292,1573
48217,-2009,-435
48218,-7238,-2121
48219,-8154,2321
48220,-3652,7621
48221,392,11486
48222,2186,8978
48223,3335,4354
48224,5681,4630
48225,7206,1868
48226,4683,-3073
48227,649,-2788
48228,-1708,-4718
48229,-3797,-7779
48230,-5441,-3556
48231,-4406,872
48232,-2912,2232
48233,-4250,3736
48234,-6405,3070
48235,-5358,5220
48236,-1322,9729
48237,1955,6864
48238,3284,4142
48239,3953,5515
48240,4484,1386
48241,6194,936
48242,7184,7399
48243,3778,3734
48244,1628,-3345
48245,5777,-1446
48246,9975,-1525
48247,9967,-4045
48248,6001,-2905
48249,-424,-4912
48250,-3217,-6800
48251,-3606,-3459
48252,-7480,-3047
48253,-8200,-4572
48254,-4282,-2302
48255,-7152,228
48256,-12227,2274
48257,-7687,3327
48258,-2186,1238
48259,-3361,1364
48260,-1768,4992
48261,3349,6544
48262,2357,6119
48263,-137,4532
48264,5051,2511
48265,9979,5071
48266,6790,9888
48267,3801,8877
48268,6340,4130
48269,9630,2270
48270,9991,1342
48271,6766,-1152
48272,4743,-2150
48273,5499,-4172
48274,2211,-8757
48275,-902,-6496
48276,-44,651
48277,-4609,-130
48278,-7629,-4585
48279,-647,-4264
48280,2331,-3191
48281,-489,-4108
48282,-531,-5112
48283,-979,-3194
48284,-831,365
48285,-854,-1039
48286,-4897,-3603
48287,-5661,-1563
48288,-3513,47
48289,-4258,2723
48290,-3609,7278
48291,-2376,5367
48292,-3204,2218
48293,-3944,4908
48294,-4712,5563
48295,-815,3545
48296,6391,3647
48297,6850,1644
48298,5672,-2453
48299,6801,-4422
48300,1506,-5387
48301,-4738,-5486
48302,-4608,-4884
48303,-5588,-3937
48304,-7923,1648
48305,-5522,7126
48306,707,2483
48307,6133,-4807
48308,3595,-6594
48309,-4983,-7377
48310,-7718,-3572
48311,-5480,5231
48312,-3141,6869
48313,4125,3023
48314,10050,924
48315,4772,-2786
48316,-3106,-5028
48317,-5697,-917
48318,-3316,3388
48319,4778,2108
48320,8284,-3025
48321,628,-5049
48322,-3310,-1631
48323,102,-633
48324,-763,-3295
48325,-2053,-974
48326,2978,4326
48327,7724,1801
48328,4739,-6033
48329,-4205,-6334
48330,-6696,227
48331,-126,4465
48332,1490,7738
48333,-1142,9086
48334,2409,2298
48335,7180,-4855
48336,6497,-5499
48337,10,-6471
48338,-6816,-7697
48339,-5028,-4394
48340,-926,556
48341,-484,4846
48342,4994,6344
48343,9713,2919
48344,5390,-1200
48345,2361,-3020
48346,642,-3204
48347,-5045,-1354
48348,-5655,1244
48349,-792,3630
48350,1996,5993
48351,3886,5462
48352,4086,291
48353,1377,-5786
48354,-61,-7373
48355,-1323,-3082
48356,-2027,3379
48357,3727,6451
48358,8365,2782
48359,2354,-3272
48360,-2991,-5090
48361,-1758,-3215
48362,-4301,2215
48363,-5434,8139
48364,3148,3735
48365,8807,-6074
48366,4748,-7981
48367,-1314,-5059
48368,-3996,589
48369,-1012,7285
48370,959,5659
48371,-3065,3271
48372,-1718,6639
48373,5452,3814
48374,7507,-614
48375,6935,1142
48376,2823,-1711
48377,-6322,-5028
48378,-8189,1185
48379,-3197,6827
48380,1446,6324
48381,7625,3540
48382,7141,-2068
48383,-1102,-6618
48384,-4302,-3850
48385,-5673,2805
48386,-6064,4082
48387,1087,-928
48388,3825,-3513
48389,-1863,-2587
48390,-4602,-1380
48391,-3929,4029
48392,759,8470
48393,6974,2797
48394,4072,-4999
48395,-2482,-5728
48396,-4943,-735
48397,-5191,4351
48398,235,1189
48399,3619,-6002
48400,-4032,-3815
48401,-5723,2951
48402,4593,2413
48403,7611,-2509
48404,-1156,-4805
48405,-8455,-1567
48406,-4653,5607
48407,4552,6099
48408,3872,-3765
48409,-1613,-6034
48410,2964,4276
48411,7288,3261
48412,880,-6914
48413,-3494,-724
48414,1772,7253
48415,6055,-1788
48416,997,-5037
48417,-3215,3676
48418,2913,2566
48419,5818,-5592
48420,-1540,-4904
48421,-3378,3067
48422,4164,6953
48423,6940,1864
48424,-2030,-2045
48425,-9443,3907
48426,89,8310
48427,9105,-69
48428,-220,-9160
48429,-4416,-3023
48430,6387,6696
48431,9782,-335
48432,4623,-10825
48433,2398,-3298
48434,3401,6446
48435,5254,748
48436,539,-4401
48437,-7076,1718
48438,-2041,5740
48439,6613,1060
48440,1267,-4023
48441,-6266,-1565
48442,194,4836
48443,7610,3059
48444,61,-3549
48445,-6386,154
48446,2636,6877
48447,7673,2201
48448,177,-3615
48449,-2863,267
48450,1102,5751
48451,5088,3931
48452,4827,-3108
48453,-2597,-3661
48454,-2865,3942
48455,5770,3242
48456,616,-2401
48457,-4737,3906
48458,7647,6331
48459,5844,-3459
48460,-8412,-925
48461,468,6248
48462,7344,-1563
48463,-5347,-3830
48464,-2420,3000
48465,5979,330
48466,-2486,-665
48467,-410,3370
48468,7644,-1092
48469,-1678,-2351
48470,-3750,3861
48471,5209,1664
48472,288,-2280
48473,-3893,642
48474,2434,-2111
48475,-171,-5805
48476,-4699,3073
48477,1279,7336
48478,4019,-1286
48479,1866,118
48480,4313,6724
48481,3429,-1182
48482,-3119,-5348
48483,-1909,3501
48484,4336,3046
48485,1383,-5278
48486,-3922,-3864
48487,1289,1880
48488,6931,103
48489,1871,-3942
48490,-2872,-122
48491,2246,4206
48492,6167,-827
48493,-723,-2947
48494,-5051,4641
48495,3526,5348
48496,5659,-2391
48497,-5042,-720
48498,-2824,5523
48499,7430,496
48500,1117,-3599
48501,-4612,2394
48502,968,1461
48503,-2258,-3507
48504,-4672,1992
48505,4940,3605
48506,4425,-3473
48507,-4682,-1353
48508,-1790,5036
48509,4784,1149
48510,1427,-5112
48511,-4494,-2296
48512,-2053,3699
48513,2736,741
48514,-1506,-5307
48515,-5786,-45
48516,-904,7523
48517,3186,2464
48518,2589,-5377
48519,-483,-3676
48520,-4971,2398
48521,-1662,5945
48522,6600,5059
48523,6652,-667
48524,1944,-4962
48525,-400,-218
48526,1598,6692
48527,7009,3221
48528,5234,-5031
48529,-2727,-4414
48530,-3564,2158
48531,207,5640
48532,3409,5122
48533,6330,526
48534,2623,-4255
48535,-3463,-2133
48536,-650,2699
48537,5390,3243
48538,6359,844
48539,3801,-2315
48540,-218,-3291
48541,-2064,501
48542,1078,5193
48543,4427,5479
48544,3529,193
48545,233,-4671
48546,-2491,-2097
48547,-2209,3065
48548,1949,2852
48549,5150,-1058
48550,2629,-3270
48551,-3012,-1338
48552,-5169,2108
48553,355,3882
48554,6960,3201
48555,4589,-1225
48556,-1272,-3615
48557,-3305,900
48558,-3766,2235
48559,1479,-1969
48560,8874,-2862
48561,4327,-3578
48562,-4205,-6067
48563,-4758,-3853
48564,-3904,1852
48565,-1118,6512
48566,5566,6518
48567,6792,1034
48568,3472,-3296
48569,942,-3734
48570,-3187,-2103
48571,-4491,1659
48572,1522,3085
48573,6548,28
48574,4313,-2886
48575,-942,-4085
48576,-4304,-2662
48577,-4397,1679
48578,-698,4916
48579,4835,4781
48580,6721,704
48581,3316,-3734
48582,-288,-498
48583,-1070,6392
48584,-393,6339
48585,1663,3123
48586,4319,2760
48587,4481,8
48588,1732,-5212
48589,-1849,-4524
48590,-3562,360
48591,-1548,1670
48592,1197,2181
48593,2170,3845
48594,2439,469
48595,-273,-3839
48596,-4703,-1563
48597,-4419,1771
48598,-1900,3409
48599,206,4687
48600,4508,1646
48601,4941,-1147
48602,780,-244
48603,622,-3095
48604,-420,-4102
48605,-3256,1954
48606,3315,3003
48607,10238,554
48608,5556,1490
48609,188,-2419
48610,-1165,-6491
48611,-3692,-843
48612,-2820,5217
48613,2724,5539
48614,5719,3016
48615,3746,-775
48616,902,-1618
48617,548,183
48618,342,2038
48619,-130,4914
48620,2368,4173
48621,4600,-1018
48622,3767,-3348
48623,1287,-2977
48624,-3060,-2317
48625,-3807,625
48626,976,4534
48627,2360,5378
48628,1695,1172
48629,3121,-3419
48630,197,-2639
48631,-3431,-933
48632,-1354,-1247
48633,-635,1932
48634,-1633,6141
48635,1039,5068
48636,3100,2720
48637,3111,1902
48638,3691,-1466
48639,2080,-4745
48640,-1249,-2348
48641,-2617,1468
48642,-2814,2305
48643,-2430,3212
48644,-1182,4797
48645,-385,5130
48646,775,4393
48647,3175,2193
48648,4810,-355
48649,5138,-801
48650,5220,2
48651,3584,-70
48652,-446,-1946
48653,-2456,-4487
48654,-879,-4476
48655,-386,-1718
48656,-727,435
48657,257,1931
48658,-876,4155
48659,-1803,3788
48660,380,1606
48661,-799,4207
48662,-2254,6603
48663,2858,1922
48664,5258,-748
48665,2754,631
48666,3526,-2735
48667,1995,-5029
48668,-3194,-601
48669,-2681,2653
48670,-468,3237
48671,-742,3884
48672,1889,2194
48673,4311,-447
48674,3230,-860
48675,1743,138
48676,-1295,2310
48677,-2744,5498
48678,1685,5418
48679,3659,-423
48680,-879,-5326
48681,-3677,-2924
48682,-1757,2394
48683,1777,3812
48684,4020,680
48685,1944,-2446
48686,-1727,-1142
48687,-1400,2118
48688,1855,2935
48689,3813,1542
48690,2097,-1551
48691,-1592,-3924
48692,-2736,-1652
48693,-2388,2513
48694,-1359,4310
48695,3263,2949
48696,4165,-1446
48697,-2392,-3407
48698,-4565,841
48699,-1442,4132
48700,683,2456
48701,4308,305
48702,4224,-277
48703,-2041,659
48704,-4429,2471
48705,-2673,3511
48706,1099,3879
48707,6951,2198
48708,5366,-944
48709,-2147,749
48710,-3136,6645
48711,1395,8014
48712,4021,2669
48713,1991,-3214
48714,221,-4092
48715,3469,-1505
48716,2965,273
48717,-1985,2279
48718,193,3800
48719,3084,-419
48720,-653,-5367
48721,-1230,-1304
48722,1774,5209
48723,2593,3731
48724,4307,-183
48725,4866,-1107
48726,708,-2434
48727,-2423,-1973
48728,-2482,1362
48729,-2073,2692
48730,1072,3183
48731,4424,2403
48732,1653,-2070
48733,-2493,-3505
48734,-3075,-775
48735,-3661,407
48736,-3403,1906
48737,-507,3631
48738,2192,3618
48739,3906,4337
48740,3276,3965
48741,1472,2491
48742,2857,2426
48743,3345,343
48744,701,-1947
48745,1294,-1467
48746,3362,-2929
48747,2344,-4377
48748,1505,-3386
48749,1448,-4753
48750,777,-5269
48751,965,-2154
48752,514,-1545
48753,-1504,-3039
48754,-2141,-2765
48755,-984,-927
48756,50,2828
48757,-212,5346
48758,-1727,3027
48759,-1876,357
48760,-865,1739
48761,-2679,4134
48762,-5025,3761
48763,-4006,2972
48764,-2327,4082
48765,-339,2962
48766,2314,108
48767,1704,1186
48768,586,2607
48769,2665,647
48770,3383,-133
48771,2816,-45
48772,3343,-1107
48773,2019,-465
48774,1521,169
48775,4016,-1612
48776,3501,-2594
48777,577,-1833
48778,-414,-909
48779,-1157,-502
48780,-819,-1542
48781,645,-2138
48782,-1068,-303
48783,-3472,988
48784,-2948,178
48785,-2176,-534
48786,-2213,-332
48787,-2769,572
48788,-2890,1391
48789,-706,1876
48790,525,3856
48791,287,5321
48792,2657,3072
48793,4002,1350
48794,1965,2786
48795,1258,3016
48796,1990,1939
48797,3135,2270
48798,4356,1984
48799,3062,64
48800,1882,-1491
48801,2251,-2391
48802,155,-2632
48803,-1984,-1817
48804,-1427,-1235
48805,-2152,-1124
48806,-4473,-170
48807,-4933,647
48808,-2893,999
48809,-1269,2820
48810,-2527,4047
48811,-2964,2662
48812,-805,2411
48813,-692,3223
48814,-1155,1489
48815,989,327
48816,1346,2249
48817,-1194,3152
48818,-2677,1238
48819,-2265,-769
48820,-1669,-1174
48821,-1849,-1457
48822,-381,-2411
48823,2839,-2501
48824,2992,-2319
48825,947,-2184
48826,1356,-346
48827,3505,1867
48828,3093,3130
48829,73,3639
48830,45,3442
48831,-374,2719
48832,-4295,-734
48833,-1689,-3180
48834,1338,-829
48835,-1945,-1917
48836,1562,-3191
48837,3754,363
48838,1414,-1165
48839,5907,916
48840,-36,4914
48841,-499,-4095
48842,20255,6936
48843,7236,27941
48844,-15955,-1191
48845,11483,-25024
48846,20461,2425
48847,-4544,-270
48848,8525,-15761
48849,11286,17388
48850,-19184,12364
48851,693,-31418
48852,27971,-3770
48853,-10087,26987
48854,-24381,-12944
48855,17923,-16465
48856,14588,23126
48857,-19187,10704
48858,-1042,-2605
48859,8946,21482
48860,-23884,2674
48861,-11781,-26843
48862,19171,9013
48863,-10259,25036
48864,-21108,-19497
48865,21818,-16795
48866,15297,21570
48867,-21365,-377
48868,-143,-22751
48869,19755,6103
48870,-1845,2858
48871,7257,-19660
48872,23405,9727
48873,-11649,19582
48874,-18328,-18594
48875,22294,-8361
48876,6199,22951
48877,-28147,-5592
48878,6720,-22352
48879,25759,12753
48880,-5305,15815
48881,1381,-4070
48882,9387,13754
48883,-25662,13867
48884,-13881,-18531
48885,27042,-338
48886,152,28825
48887,-24966,-6555
48888,12867,-20512
48889,16575,18005
48890,-22847,8445
48891,-8711,-19586
48892,20164,3182
48893,-1858,3430
48894,-1228,-24348
48895,26248,-166
48896,-5450,20762
48897,-30427,-12754
48898,11589,-12613
48899,14533,25697
48900,-18426,9951
48901,6675,-22519
48902,23319,-1659
48903,-8526,11930
48904,-2441,-2379
48905,15520,15727
48906,-14808,22248
48907,-18118,-18487
48908,20338,-13265
48909,6111,27522
48910,-28452,1157
48911,2519,-28008
48912,22941,14798
48913,-18247,29985
48914,-15354,-7863
48915,24381,-6188
48916,814,2376
48917,-17829,-26726
48918,15106,-9908
48919,116,33552
48920,-27794,3636
48921,14625,-23882
48922,28599,17845
48923,-15436,17317
48924,-7430,-28942
48925,19507,-10705
48926,-5035,19694
48927,-4594,2505
48928,25899,7986
48929,3791,13671
48930,-14933,-18050
48931,10828,-1215
48932,-8141,28081
48933,-33526,-17367
48934,13795,-25328
48935,22666,34575
48936,-28497,21725
48937,-11639,-25064
48938,15605,-7141
48939,-19301,-1406
48940,-5300,-18547
48941,30181,13316
48942,-18355,18270
48943,-31925,-35384
48944,32680,-18085
48945,16084,41933
48946,-40788,7319
48947,-6341,-34435
48948,16533,12096
48949,-18413,25494
48950,5160,-10795
48951,31461,9199
48952,-17526,16758
48953,-18716,-29649
48954,33620,-8654
48955,9919,41138
48956,-24777,4206
48957,16658,-27987
48958,29841,2836
48959,-14386,-863
48960,-11214,-27830
48961,16395,-10961
48962,-5162,-3328
48963,-4778,-20185
48964,36750,3767
48965,10255,25456
48966,-33307,-18365
48967,9407,-34387
48968,21507,20048
48969,-29017,21889
48970,-3623,-22023
48971,29004,5288
48972,-15038,32332
48973,-6709,-7183
48974,30009,-3628
48975,-15672,24045
48976,-27848,-15449
48977,30275,-19300
48978,16407,34556
48979,-28611,4973
48980,7277,-40909
48981,33794,13357
48982,-11929,36114
48983,-23303,-17344
48984,8846,-12349
48985,-5410,12316
48986,-13221,-19627
48987,24853,-13379
48988,6238,23119
48989,-33729,-10140
48990,7299,-30990
48991,26804,24418
48992,-22012,27831
48993,-14923,-32835
48994,26160,-20505
48995,12120,26305
48996,1445,9685
48997,14562,7351
48998,-7605,31075
48999,-20841,-8631
49000,16180,-26749
49001,16752,30165
49002,-29079,17863
49003,-8941,-42475
49004,40921,-6693
49005,7322,37068
49006,-21107,-5792
49007,19875,-22778
49008,7934,7508
49009,-26966,-10618
49010,15904,-24349
49011,16355,20142
49012,-38795,14469
49013,-182,-34823
49014,41998,-3829
49015,-10468,31564
49016,-21352,-15456
49017,14258,-23402
49018,-2805,16983
49019,-3548,-2733
49020,30580,-12049
49021,6020,27476
49022,-28253,4479
49023,7743,-33794
49024,26717,9638
49025,-23202,28998
49026,-30769,-17093
49027,22205,-5423
49028,19188,38070
49029,-11626,6001
49030,10672,-25561
49031,5516,3142
49032,-32203,-2749
49033,3191,-26033
49034,34372,13725
49035,-16261,22159
49036,-23255,-30961
49037,22479,-15028
49038,875,24916
49039,-29925,-16954
49040,445,-31198
49041,7483,17427
49042,-4703,6607
49043,24837,-18319
49044,19375,18541
49045,-30778,15103
49046,-16138,-28515
49047,17375,3591
49048,-15012,38602
49049,-23994,-13624
49050,19810,-31442
49051,15630,22534
49052,-19829,14378
49053,-14343,-25926
49054,-5747,4738
49055,-12587,19334
49056,12086,-15006
49057,32792,1749
49058,-4231,17125
49059,-22186,-25241
49060,21558,-13646
49061,19079,36374
49062,-31585,11183
49063,-12603,-20593
49064,26268,1767
49065,4476,-4478
49066,-387,-26377
49067,12065,3705
49068,-16908,12384
49069,-12294,-30739
49070,28506,-14441
49071,7329,36442
49072,-18882,2650
49073,16411,-33168
49074,23014,11022
49075,-17821,19659
49076,-21770,-12191
49077,-4868,12166
49078,-10525,16677
49079,4531,-27429
49080,28616,-5412
49081,-5115,28163
49082,-34472,-16467
49083,8893,-24004
49084,25616,29254
49085,-15531,15892
49086,-3987,-22832
49087,25854,-696
49088,-5329,1879
49089,-6146,-29184
49090,28262,-2711
49091,-4672,28988
49092,-22418,-7295
49093,31918,-19789
49094,20999,19995
49095,-34723,8914
49096,-4058,-22974
49097,26113,9022
49098,-19484,19963
49099,-28954,-25036
49100,6438,-12633
49101,-1367,20888
49102,-11545,-18144
49103,10094,-26074
49104,-2709,25668
49105,-25169,8681
49106,9100,-23396
49107,27422,19042
49108,-9559,21863
49109,-8115,-27249
49110,19032,-9911
49111,-3718,15252
49112,-9875,-14702
49113,23003,-6314
49114,9274,21595
49115,-9518,-15317
49116,21981,-29599
49117,17322,20338
49118,-23021,16468
49119,-2932,-24637
49120,30466,509
49121,2178,26096
49122,-17721,2353
49123,1543,9684
49124,-13931,23236
49125,-30722,-10975
49126,10626,-9087
49127,10974,29984
49128,-40457,7256
49129,-8898,-26886
49130,40479,1918
49131,-4351,19366
49132,-22256,-6561
49133,18383,-8974
49134,1202,994
49135,-14181,-15558
49136,26000,-6613
49137,12169,28316
49138,-32014,5123
49139,-1676,-31312
49140,29842,6805
49141,-3409,28905
49142,-12403,-16037
49143,21814,-16601
49144,13297,13773
49145,-16617,-5586
49146,-5548,-2476
49147,-4257,28423
49148,-19401,-3700
49149,10863,-27582
49150,23577,14048
49151,-19146,13101
49152,-15119,-24802
49153,14880,-496
49154,-15136,28395
49155,-27441,-1952
49156,10501,-16641
49157,8330,319
49158,-9148,-14093
49159,18102,-21205
49160,25224,16475
49161,-9844,18383
49162,-7559,-12555
49163,20495,8473
49164,1884,23885
49165,-10825,-16033
49166,27945,-15988
49167,23321,21240
49168,-21122,12216
49169,-1919,1890
49170,17834,20371
49171,-14693,5780
49172,-2331,-19139
49173,18787,-2295
49174,-25693,6470
49175,-27383,-15470
49176,21782,-5709
49177,4058,23649
49178,-24355,5872
49179,4294,-16028
49180,5476,2942
49181,-21868,-380
49182,-4323,-12028
49183,7154,26439
49184,-24677,28608
49185,-13364,-26524
49186,30458,-12878
49187,4048,33258
49188,-28798,79
49189,14991,-30093
49190,27628,7197
49191,-14462,22576
49192,785,4526
49193,22066,9125
49194,-12253,-615
49195,-1633,-28345
49196,34562,-3079
49197,459,27336
49198,-18677,-6177
49199,20693,-16127
49200,14434,23075
49201,-17635,11634
49202,-6283,-19657
49203,-12025,-4053
49204,-33110,-4462
49205,2353,-18106
49206,26268,12187
49207,-15392,18588
49208,-19614,-21750
49209,27329,-13576
49210,16862,23367
49211,-22779,4143
49212,-1980,-18167
49213,21893,11720
49214,1792,23397
49215,5454,-395
49216,19171,10170
49217,-11667,22222
49218,-15803,-16358
49219,22053,-20238
49220,6360,22846
49221,-23659,3549
49222,7313,-27840
49223,20538,12095
49224,-11071,20311
49225,-9314,-16603
49226,3415,3696
49227,-14696,17005
49228,-7422,-19371
49229,19888,-4851
49230,-603,22791
49231,-22015,-12896
49232,8794,-18980
49233,11109,23725
49234,-27173,13803
49235,-8385,-18412
49236,24854,396
49237,-3457,17629
49238,-8655,3845
49239,18755,8405
49240,-8968,13482
49241,-21025,-9529
49242,27515,-2342
49243,18885,28845
49244,-25295,5439
49245,2367,-24084
49246,24847,8467
49247,-14213,22441
49248,-20995,-10411
49249,1244,-6974
49250,-11745,7327
49251,-7600,-17787
49252,20739,-12872
49253,-3130,19547
49254,-28164,-3211
49255,9900,-28487
49256,22254,5684
49257,-14271,17749
49258,-9283,-13328
49259,13751,-6595
49260,394,17761
49261,2907,11359
49262,18790,19551
49263,-6825,28794
49264,-18267,-11097
49265,19212,-23181
49266,17701,21108
49267,-22614,16653
49268,-8829,-18658
49269,21034,2767
49270,-1496,20610
49271,-13472,-3673
49272,3061,-609
49273,-12418,10456
49274,-16549,-16587
49275,20422,-15231
49276,11292,22634
49277,-27261,7341
49278,-4010,-25609
49279,22112,6020
49280,-7014,23424
49281,-14456,-16595
49282,9232,-10757
49283,2714,23438
49284,-1083,173
49285,17420,-6776
49286,699,26506
49287,-21418,3762
49288,10039,-23534
49289,23805,14474
49290,-16346,18279
49291,-14967,-19954
49292,24738,627
49293,10237,27970
49294,-15846,1228
49295,541,-705
49296,-3797,20890
49297,-17144,-5076
49298,15027,-18216
49299,20686,22006
49300,-16568,17850
49301,-3155,-25307
49302,22107,-2485
49303,-13468,28532
49304,-26791,-9022
49305,11726,-16918
49306,13706,21930
49307,-1757,6810
49308,17458,-11632
49309,7819,18960
49310,-28232,6008
49311,-5108,-25374
49312,24117,10103
49313,-8802,24484
49314,-15589,-17736
49315,21260,-11725
49316,6133,20053
49317,-22545,4533
49318,-1417,1166
49319,-265,23268
49320,-15701,1067
49321,18682,-19122
49322,29401,17110
49323,-18997,19560
49324,-16911,-25707
49325,25360,-7760
49326,6856,31650
49327,-19834,-2696
49328,9422,-20582
49329,22736,14158
49330,2752,-1902
49331,9942,-22633
49332,11411,19886
49333,-20682,17791
49334,-10805,-28516
49335,24970,-4957
49336,-2093,24521
49337,-25993,-9176
49338,14163,-15963
49339,16847,14596
49340,-18834,11950
49341,1253,7495
49342,12997,22718
49343,-23310,1981
49344,-7386,-25506
49345,27558,4972
49346,-5629,25121
49347,-18019,-14411
49348,24228,-16434
49349,12594,27108
49350,-24380,10796
49351,4412,-22728
49352,27460,529
49353,704,2797
49354,6244,-22121
49355,21563,5782
49356,-16250,23291
49357,-21367,-15702
49358,24562,-11732
49359,6037,23469
49360,-32665,-6343
49361,5062,-32171
49362,22567,13124
49363,-15220,31822
49364,-1880,4770
49365,20632,13905
49366,-15054,14279
49367,-13743,-24283
49368,23435,-4355
49369,-7089,36169
49370,-35663,-2673
49371,13474,-22218
49372,26919,25330
49373,-23238,16700
49374,-15109,-24857
49375,21219,-5708
49376,-4898,1312
49377,-8915,-25419
49378,29017,1806
49379,1067,27507
49380,-24042,-18473
49381,24987,-28569
49382,16875,22567
49383,-33345,11096
49384,2531,-30170
49385,29363,-881
49386,-9802,21024
49387,1910,-4254
49388,24517,6523
49389,-20625,17047
49390,-25400,-17490
49391,27173,-7012
49392,13807,30806
49393,-27134,-2163
49394,3809,-30444
49395,27536,14185
49396,-12787,26038
49397,-16697,-16178
49398,16389,-14232
49399,-1168,2614
49400,-7037,-21151
49401,28565,-10136
49402,404,28583
49403,-36361,-1693
49404,14076,-30280
49405,29035,15810
49406,-24190,20722
49407,-10157,-26355
49408,29332,-5034
49409,5596,26251
49410,689,-5776
49411,23403,-1611
49412,-6615,28753
49413,-24962,-10468
49414,18997,-29739
49415,18237,22967
49416,-28674,19727
49417,-5488,-27423
49418,29359,-2239
49419,-13857,28086
49420,-26779,-5456
49421,17538,-14744
49422,1180,4942
49423,-20813,-14050
49424,24767,-13094
49425,18837,24697
49426,-33133,2248
49427,-2187,-31987
49428,31191,14188
49429,-15076,32716
49430,-21401,-23102
49431,23291,-19785
49432,12149,22964
49433,-5226,-1552
49434,20105,-14354
49435,3364,21879
49436,-28993,1684
49437,10835,-31107
49438,31811,10736
49439,-21321,23430
49440,-21208,-24739
49441,27943,-9988
49442,3035,31990
49443,-29173,-321
49444,3566,-23950
49445,353,2999
49446,-26380,-11251
49447,11827,-26910
49448,24174,20657
49449,-22642,21927
49450,-5312,-32345
49451,36627,-7951
49452,-2471,35407
49453,-29513,-6937
49454,13902,-25558
49455,23133,13463
49456,-566,814
49457,19061,-15271
49458,18749,23379
49459,-24424,11718
49460,-5169,-32891
49461,32353,2379
49462,-11647,32551
49463,-29410,-17721
49464,24431,-24783
49465,17224,28059
49466,-23272,15652
49467,-2951,-23723
49468,-2879,-3781
49469,-32770,570
49470,2210,-23229
49471,30767,9014
49472,-15922,27820
49473,-22239,-21047
49474,27156,-16346
49475,8564,29117
49476,-34849,-1637
49477,-1551,-26658
49478,24539,11560
49479,-3262,2874
49480,6614,-23977
49481,22272,15870
49482,-17645,22297
49483,-13203,-30256
49484,34680,-13429
49485,4341,32774
49486,-31008,-2064
49487,17625,-26438
49488,28498,17626
49489,-22322,14970
49490,-15691,-22184
49491,4840,3560
49492,-24673,14112
49493,-11843,-25543
49494,29311,-3330
49495,-3967,30332
49496,-29507,-18550
49497,18860,-30929
49498,19680,26203
49499,-27607,16884
49500,-3838,-23664
49501,29276,-1608
49502,922,3831
49503,4620,-24607
49504,30055,2808
49505,-9708,29349
49506,-26945,-12628
49507,23645,-16564
49508,15635,33853
49509,-32868,12513
49510,-2779,-30242
49511,32155,9937
49512,-5135,24910
49513,-20151,-21031
49514,2030,-2227
49515,-12249,25246
49516,-10625,-19933
49517,30200,-14622
49518,8854,32407
49519,-34245,-5161
49520,5803,-33382
49521,28490,18427
49522,-22214,24081
49523,-16591,-16440
49524,24466,-8044
49525,-1832,-1071
49526,-10436,-24696
49527,25821,-2336
49528,1656,29041
49529,-27526,-11667
49530,15357,-32037
49531,24640,24004
49532,-22352,23719
49533,-12031,-31565
49534,25712,-5634
49535,1020,32360
49536,-20355,-1361
49537,3983,-726
49538,-5492,25263
49539,-21482,-12351
49540,20968,-21761
49541,20746,27055
49542,-37140,11667
49543,-12935,-29731
49544,35174,2335
49545,-5315,22912
49546,-19519,-15647
49547,21528,-19062
49548,803,1145
49549,-19261,-18701
49550,23497,-11018
49551,14502,31552
49552,-30224,6722
49553,2769,-32317
49554,31604,6864
49555,-18220,23448
49556,-25437,-22040
49557,29033,-12503
49558,15416,23407
49559,-25923,-1172
49560,2586,-5041
49561,9769,28060
49562,-27729,-3051
49563,-916,-35358
49564,25547,14075
49565,-19592,27646
49566,-15098,-25772
49567,30048,-12731
49568,-219,32207
49569,-24204,-533
49570,10966,-25505
49571,207,5231
49572,-22985,-5559
49573,18405,-21389
49574,23892,20434
49575,-26847,14300
49576,-9627,-33811
49577,31974,-1041
49578,-8203,34693
49579,-31636,-11049
49580,21286,-21543
49581,24278,21480
49582,-20311,14510
49583,-3737,852
49584,10525,26934
49585,-20667,8839
49586,2787,-27994
49587,35175,8891
49588,-12447,33382
49589,-24876,-16581
49590,27103,-19949
49591,11770,26670
49592,-26251,6002
49593,1062,-23905
49594,3811,5025
49595,-25057,-763
49596,5544,-27239
49597,25784,12248
49598,-21001,26162
49599,-20872,-23654
49600,28831,-12053
49601,8048,31329
49602,-28750,1654
49603,8146,-22882
49604,20524,8897
49605,-17790,14562
49606,825,657
49607,23631,16836
49608,-17328,10460
49609,-11245,-23146
49610,33106,-2945
49611,569,30471
49612,-27572,-5136
49613,13615,-23907
49614,14904,21327
49615,-19208,16123
49616,-5467,-22177
49617,2093,2434
49618,-21052,8365
49619,-1755,-30391
49620,24363,-4117
49621,-10252,29928
49622,-23783,-12646
49623,23602,-21584
49624,20060,26206
49625,-27643,11472
49626,-6032,-28387
49627,25252,39
49628,-4758,23984
49629,-2640,484
49630,23987,7392
49631,-9580,19756
49632,-20087,-18062
49633,24460,-17721
49634,8917,27379
49635,-28186,3625
49636,7305,-28822
49637,26825,14913
49638,-11364,24399
49639,-13553,-17338
49640,3196,-2568
49641,-18318,14875
49642,-11237,-15659
49643,26648,-1881
49644,3993,29906
49645,-27286,-6585
49646,9820,-26526
49647,21936,18845
49648,-20633,19699
49649,-11740,-24633
49650,21585,-9547
49651,3054,21518
49652,234,-778
49653,23398,-1913
49654,-5104,22181
49655,-24111,-7587
49656,19909,-20775
49657,20936,25231
49658,-24484,15298
49659,-5754,-25672
49660,26937,4088
49661,-4437,21519
49662,-18975,-10858
49663,3603,2367
49664,-10083,21752
49665,-15645,-14170
49666,20867,-15215
49667,10787,25452
49668,-25812,5926
49669,2129,-28496
49670,24124,5779
49671,-14726,25147
49672,-17019,-14663
49673,20584,-13483
49674,13161,18394
49675,1915,-1715
49676,21209,-9324
49677,2466,21699
49678,-25513,259
49679,7385,-23944
49680,24360,18164
49681,-15208,20387
49682,-13833,-25621
49683,20785,-8249
49684,1864,20254
49685,-19038,-3277
49686,3066,1346
49687,-2526,24405
49688,-19367,-5666
49689,10930,-20934
49690,17075,17339
49691,-21234,15586
49692,-9537,-20881
49693,24253,-1382
49694,-975,24401
49695,-20262,-7793
49696,11463,-16487
49697,19238,14052
49698,1384,902
49699,12192,-12045
49700,9635,19481
49701,-18740,8380
49702,-652,-25525
49703,24553,3715
49704,-10650,20650
49705,-18611,-15176
49706,23385,-9931
49707,8904,20128
49708,-22738,6475
49709,3510,513
49710,7552,17787
49711,-16220,-1975
49712,7716,-20804
49713,18215,11542
49714,-18897,19537
49715,-12157,-19144
49716,23408,-10121
49717,4007,25539
49718,-20862,-581
49719,4512,-23280
49720,16456,6598
49721,-1357,4191
49722,9607,-14902
49723,15497,12920
49724,-16892,13181
49725,-9327,-23625
49726,24957,-3490
49727,-1770,24808
49728,-22701,-6527
49729,14486,-16435
49730,14842,13401
49731,-14106,9414
49732,2562,-3
49733,6792,18955
49734,-19995,6934
49735,-914,-18844
49736,24321,7535
49737,-6153,23202
49738,-16359,-15199
49739,18710,-16203
49740,10802,19749
49741,-22622,4211
49742,-1669,-16050
49743,21699,6462
49744,442,-670
49745,2350,-20359
49746,18336,10276
49747,-8984,17713
49748,-15129,-19784
49749,18230,-8546
49750,4595,21365
49751,-20115,-4055
49752,7989,-19151
49753,15121,9056
49754,-10734,11111
49755,2231,-2305
49756,12634,14705
49757,-14337,13514
49758,-5152,-16806
49759,25354,-5395
49760,1045,19597
49761,-21024,-7549
49762,10944,-19498
49763,14771,16417
49764,-19183,12371
49765,-5689,-17204
49766,20342,-3850
49767,-850,-339
49768,-5011,-19655
49769,14965,2194
49770,-6214,18412
49771,-16284,-14229
49772,19051,-14056
49773,12354,21923
49774,-19034,7988
49775,4173,-20582
49776,18995,1976
49777,-8046,18779
49778,-874,2142
49779,14424,8351
49780,-13597,15509
49781,-13523,-11240
49782,20730,-8711
49783,4822,18900
49784,-21751,-1979
49785,7171,-21247
49786,20450,11023
49787,-11654,15868
49788,-8125,-14374
49789,17406,-8358
49790,-92,1312
49791,-7408,-14204
49792,17669,1958
49793,637,22928
49794,-21990,-8165
49795,11996,-20134
49796,17781,16440
49797,-20491,10810
49798,-7103,-21452
49799,20104,11
49800,1208,19538
49801,2100,-2647
49802,19398,2600
49803,-5549,16252
49804,-15756,-11550
49805,15595,-12127
49806,8777,22787
49807,-22381,9683
49808,-1376,-15846
49809,21451,7245
49810,-7676,17175
49811,-13896,-8073
49812,13854,-9392
49813,53,-1274
49814,-11235,-15873
49815,19682,-9072
49816,7125,16322
49817,-24878,-327
49818,6343,-20297
49819,20493,10413
49820,-14038,19321
49821,-4204,-14893
49822,18940,-5430
49823,67,19958
49824,1848,-2025
49825,17520,-3584
49826,-7832,21450
49827,-17593,-468
49828,15571,-16246
49829,13828,14116
49830,-18959,8743
49831,-4715,-21262
49832,21711,-3136
49833,-2557,14867
49834,-15488,-7563
49835,8603,-12933
49836,-1527,1433
49837,-14938,-8107
49838,15689,-7566
49839,10114,20660
49840,-26072,11870
49841,-2945,-17252
49842,19743,6814
49843,-13114,25099
49844,-16698,-12926
49845,13046,-17629
49846,6743,13473
49847,-196,708
49848,19260,-7392
49849,7502,16757
49850,-17651,474
49851,5697,-19276
49852,21846,13210
49853,-13804,18199
49854,-16328,-16187
49855,20341,-3626
49856,4759,23978
49857,-20149,1279
49858,3955,-15904
49859,-154,-1362
49860,-21612,-11259
49861,11684,-18027
49862,17286,16570
49863,-28888,14363
49864,-11267,-24591
49865,30503,-2685
49866,1673,26601
49867,-17101,-7475
49868,13828,-12662
49869,13274,19617
49870,-3876,3015
49871,11844,-7737
49872,8463,23185
49873,-20465,7408
49874,-4057,-27198
49875,21902,3764
49876,-9125,28085
49877,-21059,-8531
49878,19966,-18054
49879,13741,13297
49880,-21066,3657
49881,-3180,-19769
49882,1501,-349
49883,-21644,3544
49884,7444,-15278
49885,25943,10684
49886,-15714,24303
49887,-14004,-17412
49888,20451,-11577
49889,-5434,27590
49890,-26905,47
49891,6449,-21273
49892,12377,8415
49893,-5499,-3591
49894,15499,-22924
49895,20586,13128
49896,-16189,13757
49897,-7380,-23680
49898,29427,214
49899,1507,28838
49900,-28703,-7658
49901,9105,-16952
49902,22035,22998
49903,-15399,12671
49904,-13534,-17208
49905,2113,10062
49906,-14352,15065
49907,-2185,-26867
49908,19516,-11202
49909,-12055,20096
49910,-22422,-14801
49911,20330,-19645
49912,14950,24676
49913,-23456,10974
49914,983,-17464
49915,27216,3493
49916,-5808,556
49917,-8320,-18562
49918,18153,14179
49919,-11625,26747
49920,-21376,-19852
49921,28953,-15366
49922,14867,33371
49923,-33527,7422
49924,-2132,-31374
49925,23927,8120
49926,-9608,20014
49927,-13292,-20971
49928,-1868,-4289
49929,-19835,18558
49930,-4687,-12971
49931,28550,-1451
49932,-1302,32005
49933,-30026,-2304
49934,15348,-19095
49935,34336,20878
49936,-13827,14175
49937,-16722,-21634
49938,13833,-8093
49939,-2369,-974
49940,-388,-24564
49941,26089,586
49942,-8409,33875
49943,-27831,-10231
49944,24985,-31340
49945,22631,24416
49946,-32158,19844
49947,-10643,-29533
49948,27260,447
49949,-3081,22945
49950,-12825,-14065
49951,10864,2938
49952,-12918,27620
49953,-23298,-18714
49954,20421,-21723
49955,12800,25391
49956,-26049,2432
49957,5850,-30124
49958,28481,6931
49959,-13016,19774
49960,-7763,-17630
49961,28543,-15594
49962,165,5088
49963,-12233,-13610
49964,29841,-11243
49965,11953,20334
49966,-31113,-2843
49967,4672,-27774
49968,27809,18709
49969,-18436,30809
49970,-17471,-16274
49971,30874,-6371
49972,16343,20117
49973,-17835,-6822
49974,350,-691
49975,288,29158
49976,-20124,-6770
49977,15665,-25901
49978,26734,24232
49979,-27063,19340
49980,-9861,-35825
49981,39354,-11298
49982,-3749,34072
49983,-28288,1932
49984,11930,-17000
49985,-2643,7437
49986,-21981,-10906
49987,18709,-19303
49988,14570,22135
49989,-24761,5118
49990,5378,-34784
49991,38930,10974
49992,-2036,37651
49993,-22216,-17964
49994,18361,-28112
49995,13522,11394
49996,-24409,6381
