Sample_Index,Value
0,0
1,-4345
2,-8691
3,0
4,0
5,0
6,-6518
7,-4345
8,0
9,0
10,-17383
11,-15645
12,-2543
13,-12215
14,-16514
15,-8479
16,-5425
17,-18458
18,-11646
19,-6313
20,-10173
21,-17821
22,-8335
23,-6768
24,-15709
25,-12981
26,-7310
27,-8071
28,-13375
29,-12112
30,-4989
31,-708
32,-2687
33,-9026
34,-11864
35,-13851
36,-23228
37,-13940
38,-12108
39,-4198
40,-16249
41,-7998
42,-4939
43,-12230
44,-8275
45,-12721
46,-10403
47,-6721
48,-21532
49,-6457
50,-1588
51,-9303
52,-6837
53,-2021
54,-7000
55,-9553
56,-11944
57,-14733
58,-1347
59,-8775
60,-11183
61,-11243
62,-12018
63,-1728
64,-7824
65,-8561
66,-12904
67,-11882
68,-7040
69,-21755
70,11861
71,11768
72,-9861
73,-18471
74,-4543
75,-8672
76,-16685
77,32767
78,-14114
79,2732
80,-28039
81,5606
82,19688
83,2724
84,10893
85,16077
86,7901
87,4821
88,-1716
89,3134
90,4247
91,460
92,2357
93,2843
94,875
95,2222
96,2414
97,1414
98,2364
99,1889
100,2019
101,2699
102,1915
103,1909
104,1654
105,2206
106,2208
107,1487
108,32767
109,6098
110,2280
111,3949
112,408
113,1281
114,2216
115,1495
116,3827
117,68
118,-264
119,5109
120,2532
121,2031
122,1931
123,1015
124,3369
125,1306
126,30195
127,1728
128,4593
129,5227
130,-1948
131,905
132,3632
133,574
134,2203
135,2216
136,1965
137,3914
138,959
139,1500
140,2606
141,1500
142,3903
143,665
144,481
145,12079
146,10603
147,7391
148,-1334
149,-1509
150,1788
151,10026
152,10381
153,1035
154,56
155,2890
156,610
157,2015
158,2690
159,-4157
160,-2426
161,1691
162,3763
163,5532
164,1832
165,356
166,4315
167,-705
168,1697
169,21388
170,15375
171,7998
172,20638
173,12760
174,406
175,2759
176,2720
177,132
178,2779
179,1363
180,1438
181,3932
182,2117
183,2838
184,583
185,1086
186,27524
187,7253
188,1869
189,1007
190,2850
191,3105
192,1660
193,1337
194,2294
195,1431
196,2190
197,4249
198,-109
199,-246
200,4943
201,8438
202,708
203,2916
204,2745
205,-2513
206,-322
207,3138
208,2593
209,2387
210,1032
211,1624
212,2015
213,1530
214,24200
215,9476
216,1712
217,2737
218,1496
219,1318
220,4330
221,2261
222,1113
223,1093
224,2288
225,2482
226,1924
227,5208
228,24
229,3505
230,23198
231,-32768
232,-963
233,3333
234,3561
235,1818
236,5009
237,-639
238,-203
239,6231
240,-34
241,-829
242,6624
243,3756
244,1088
245,1960
246,925
247,3477
248,3357
249,-287
250,624
251,3715
252,1287
253,650
254,3922
255,2430
256,393
257,2203
258,2144
259,2582
260,2489
261,510
262,2764
263,8066
264,16813
265,10245
266,946
267,1381
268,11269
269,2879
270,-3550
271,17840
272,5727
273,3250
274,487
275,4122
276,17155
277,-17175
278,-6485
279,-7698
280,-162
281,5569
282,-152
283,9873
284,5841
285,3212
286,596
287,-238
288,29770
289,7408
290,469
291,6770
292,1932
293,-853
294,24892
295,10150
296,-1493
297,-263
298,10104
299,4758
300,-2103
301,3109
302,5181
303,389
304,3722
305,1577
306,-3183
307,2024
308,5098
309,2082
310,21254
311,12054
312,16702
313,19328
314,5570
315,-6803
316,5021
317,2634
318,6810
319,-1404
320,-1408
321,24998
322,5518
323,3437
324,572
325,14632
326,12808
327,-2415
328,-167
329,8491
330,474
331,1403
332,-106
333,-598
334,5118
335,97
336,2924
337,20223
338,16483
339,12294
340,18474
341,10583
342,4167
343,-2028
344,5930
345,5182
346,-1249
347,-293
348,283
349,3192
350,3181
351,4071
352,6812
353,-249
354,-3538
355,4926
356,23071
357,9247
358,2250
359,21795
360,18036
361,14095
362,6158
363,3898
364,2741
365,12668
366,12610
367,6432
368,24913
369,8146
370,5804
371,19241
372,4254
373,5041
374,32767
375,8788
376,14650
377,19188
378,18834
379,10456
380,-4114
381,-1147
382,10319
383,5764
384,-246
385,3960
386,32767
387,6844
388,224
389,21509
390,17426
391,18849
392,10490
393,11314
394,32767
395,7739
396,-3951
397,-1064
398,8010
399,-2509
400,1715
401,17794
402,17360
403,15255
404,19724
405,7505
406,31653
407,9255
408,-126
409,-486
410,1449
411,20494
412,18124
413,10527
414,14256
415,19041
416,12274
417,14254
418,2939
419,-726
420,23371
421,10497
422,26222
423,13725
424,16518
425,17537
426,24440
427,9315
428,2141
429,18767
430,19386
431,15707
432,32767
433,-4155
434,7755
435,12024
436,16763
437,14871
438,20210
439,14941
440,23609
441,17074
442,14907
443,-32768
444,1429
445,14370
446,14972
447,18704
448,11404
449,18920
450,16927
451,17296
452,18861
453,14927
454,24290
455,-20665
456,2983
457,19055
458,15161
459,15795
460,14167
461,19137
462,18138
463,17255
464,18813
465,19182
466,-32768
467,4673
468,13640
469,15924
470,14658
471,15755
472,20720
473,12569
474,20353
475,14651
476,19354
477,19634
478,32767
479,2329
480,12477
481,19323
482,12622
483,20626
484,16307
485,15860
486,16755
487,23304
488,15794
489,4246
490,5055
491,15656
492,17622
493,14235
494,15704
495,16172
496,17722
497,18066
498,16786
499,16552
500,19471
501,32767
502,-646
503,22684
504,11566
505,18774
506,15114
507,18874
508,14476
509,18090
510,20248
511,13662
512,32767
513,-1908
514,17688
515,16312
516,13636
517,21941
518,13294
519,18973
520,16336
521,17183
522,19237
523,17718
524,-32768
525,1032
526,17948
527,14634
528,14423
529,16833
530,17659
531,16466
532,16510
533,21849
534,15833
535,-6120
536,2067
537,16766
538,16534
539,15592
540,16388
541,15813
542,17751
543,15212
544,20890
545,17689
546,18031
547,32767
548,1928
549,16181
550,12360
551,19143
552,15961
553,19170
554,13965
555,19876
556,15894
557,21607
558,-8412
559,3497
560,17815
561,13873
562,18126
563,15190
564,16313
565,18419
566,17494
567,16282
568,18960
569,17014
570,29166
571,-1530
572,15358
573,14193
574,15549
575,16557
576,17182
577,17502
578,18496
579,18785
580,16635
581,32767
582,471
583,16483
584,15750
585,16020
586,17549
587,16086
588,18093
589,14803
590,17657
591,21216
592,13433
593,32767
594,-1387
595,16297
596,15444
597,13220
598,18531
599,15710
600,16783
601,15542
602,21237
603,14557
604,32767
605,-1569
606,16194
607,16019
608,15227
609,16272
610,17935
611,15995
612,17008
613,18418
614,18224
615,19389
616,-32768
617,343
618,19247
619,15176
620,16029
621,16017
622,15525
623,17597
624,17282
625,20299
626,16607
627,-10386
628,715
629,14943
630,15665
631,15199
632,20392
633,13906
634,18080
635,16619
636,17341
637,20081
638,18197
639,32767
640,-1043
641,16914
642,16165
643,14860
644,15194
645,17708
646,14514
647,19848
648,20078
649,15998
650,-32768
651,2206
652,18130
653,14705
654,17665
655,15201
656,17088
657,17642
658,15847
659,19034
660,19267
661,16839
662,32767
663,-49
664,14034
665,16353
666,14893
667,17220
668,16812
669,14335
670,19241
671,20539
672,14733
673,-32768
674,18
675,14488
676,18206
677,15233
678,16698
679,16991
680,16720
681,15942
682,19370
683,15252
684,21779
685,32767
686,-198
687,17421
688,15378
689,15065
690,16462
691,18653
692,14827
693,20491
694,17159
695,17150
696,32767
697,508
698,15689
699,16985
700,13931
701,16057
702,18641
703,15303
704,19288
705,18068
706,18493
707,17200
708,32767
709,98
710,14008
711,17312
712,14174
713,19579
714,14808
715,15748
716,20719
717,17570
718,17495
719,32767
720,-599
721,13264
722,20048
723,11727
724,19042
725,16972
726,17480
727,16318
728,18405
729,19313
730,17821
731,32767
732,2256
733,20108
734,12990
735,14577
736,20000
737,14018
738,18314
739,18072
740,18725
741,17755
742,32767
743,-1518
744,17544
745,17142
746,13997
747,18378
748,14614
749,17892
750,17274
751,16466
752,19487
753,17502
754,29021
755,1947
756,15750
757,14470
758,14904
759,16664
760,16342
761,17891
762,16965
763,23441
764,16353
765,23334
766,2110
767,18063
768,13995
769,15541
770,16073
771,15382
772,23081
773,11646
774,25891
775,14494
776,21799
777,-24606
778,2890
779,14342
780,15068
781,16472
782,15164
783,18700
784,15090
785,22400
786,20223
787,13617
788,-32768
789,-45
790,16591
791,12798
792,17717
793,15520
794,16676
795,18855
796,15475
797,21219
798,14762
799,22366
800,32767
801,1326
802,14069
803,17337
804,14279
805,16311
806,19004
807,14484
808,20197
809,18358
810,19413
811,341
812,6245
813,13117
814,16213
815,16728
816,14572
817,19064
818,14629
819,19409
820,17940
821,17384
822,21966
823,32767
824,23
825,15443
826,17650
827,11928
828,21037
829,16185
830,16961
831,19253
832,18388
833,17796
834,26024
835,2765
836,13416
837,15439
838,16054
839,16155
840,18157
841,15141
842,21306
843,14625
844,18718
845,17855
846,32767
847,-681
848,22154
849,12130
850,13611
851,19872
852,15660
853,16903
854,18303
855,21753
856,15249
857,32767
858,334
859,14764
860,18010
861,13004
862,19555
863,15544
864,17730
865,16666
866,17822
867,19100
868,15862
869,32767
870,203
871,16554
872,16061
873,14365
874,16851
875,19045
876,14400
877,17120
878,21696
879,15049
880,-2732
881,2131
882,18377
883,13529
884,15656
885,16911
886,17210
887,17601
888,16546
889,19779
890,15946
891,17035
892,-23684
893,-2140
894,16906
895,15032
896,15077
897,16096
898,18633
899,14832
900,19007
901,19807
902,16217
903,-32768
904,1796
905,17545
906,14275
907,15677
908,16189
909,16175
910,18455
911,14913
912,21789
913,13010
914,19517
915,32767
916,213
917,13794
918,16673
919,14418
920,16066
921,20159
922,13069
923,21537
924,17371
925,15704
926,-21269
927,2547
928,13340
929,16559
930,14765
931,15960
932,19553
933,13646
934,20719
935,14603
936,18488
937,20611
938,32767
939,1561
940,14342
941,18515
942,12350
943,18555
944,16299
945,16282
946,18540
947,18313
948,18982
949,-554
950,3735
951,12591
952,18772
953,14260
954,15865
955,20160
956,14020
957,18281
958,19029
959,19203
960,18216
961,-32768
962,-703
963,20633
964,15451
965,12722
966,21532
967,15024
968,16767
969,17807
970,21249
971,13610
972,-32768
973,-1436
974,15687
975,20361
976,11559
977,18196
978,18430
979,14855
980,16827
981,17294
982,20652
983,16787
984,32767
985,769
986,16333
987,16657
988,14331
989,17323
990,15286
991,20019
992,15651
993,21801
994,15280
995,32767
996,-92
997,18964
998,14097
999,15880
1000,17409
1001,16076
1002,17196
1003,16422
1004,19432
1005,20697
1006,14540
1007,32767
1008,-896
1009,17317
1010,14869
1011,13437
1012,18898
1013,18502
1014,15564
1015,16687
1016,17822
1017,20056
1018,-32768
1019,2143
1020,17297
1021,14806
1022,17079
1023,14173
1024,20059
1025,15627
1026,16606
1027,17835
1028,17442
1029,19092
1030,30252
1031,2706
1032,13069
1033,19192
1034,13407
1035,17934
1036,15516
1037,17301
1038,19166
1039,18844
1040,14672
1041,-32768
1042,399
1043,16044
1044,15811
1045,13826
1046,18603
1047,16217
1048,15944
1049,17544
1050,17533
1051,21185
1052,16653
1053,32767
1054,656
1055,18845
1056,14927
1057,13038
1058,18184
1059,12989
1060,18895
1061,17961
1062,18353
1063,17652
1064,32767
1065,199
1066,14905
1067,18591
1068,12114
1069,16543
1070,17526
1071,15238
1072,18697
1073,16187
1074,21788
1075,15363
1076,19002
1077,-2007
1078,16544
1079,15929
1080,17487
1081,15573
1082,13402
1083,21493
1084,13426
1085,18867
1086,17515
1087,32767
1088,-29
1089,19583
1090,16490
1091,12384
1092,18377
1093,16753
1094,18501
1095,13474
1096,17325
1097,25628
1098,12875
1099,30343
1100,2170
1101,13553
1102,14119
1103,16831
1104,16605
1105,16957
1106,19557
1107,14369
1108,21969
1109,14446
1110,32767
1111,1800
1112,17828
1113,14433
1114,18361
1115,15637
1116,14535
1117,23646
1118,11989
1119,22097
1120,15496
1121,15863
1122,32767
1123,-2278
1124,14681
1125,15421
1126,15657
1127,14875
1128,18155
1129,12471
1130,22925
1131,17876
1132,14351
1133,-32768
1134,-1177
1135,17094
1136,14609
1137,15214
1138,14920
1139,17223
1140,16977
1141,16404
1142,20201
1143,17622
1144,18272
1145,-32768
1146,1218
1147,12702
1148,12695
1149,14809
1150,16839
1151,18624
1152,13306
1153,25547
1154,14857
1155,16383
1156,-32768
1157,3735
1158,13153
1159,17687
1160,17105
1161,13897
1162,18431
1163,14019
1164,23159
1165,13578
1166,15821
1167,27662
1168,32767
1169,-943
1170,15919
1171,17576
1172,12291
1173,23921
1174,12675
1175,17534
1176,25224
1177,14903
1178,22585
1179,18120
1180,2188
1181,15590
1182,14302
1183,14866
1184,18871
1185,17665
1186,12158
1187,16806
1188,16499
1189,18892
1190,20442
1191,-32768
1192,1872
1193,21984
1194,11978
1195,16740
1196,17840
1197,14289
1198,20536
1199,13592
1200,19839
1201,16903
1202,32767
1203,781
1204,16852
1205,16961
1206,13101
1207,19679
1208,13762
1209,15742
1210,19863
1211,14941
1212,22214
1213,15416
1214,32767
1215,-3061
1216,21781
1217,11843
1218,16852
1219,16092
1220,15596
1221,17463
1222,16656
1223,22218
1224,13214
1225,32767
1226,-1630
1227,29908
1228,10952
1229,13616
1230,20511
1231,13675
1232,21474
1233,14406
1234,14344
1235,20973
1236,16523
1237,-32768
1238,2327
1239,22393
1240,11633
1241,14795
1242,17071
1243,20221
1244,17012
1245,13219
1246,22203
1247,13251
1248,32767
1249,-3768
1250,23112
1251,9768
1252,19939
1253,16933
1254,12878
1255,19142
1256,12305
1257,19621
1258,14692
1259,18579
1260,32767
1261,1623
1262,14810
1263,12089
1264,19608
1265,12376
1266,23916
1267,11973
1268,19248
1269,24480
1270,12877
1271,-32768
1272,743
1273,23395
1274,9734
1275,20079
1276,11721
1277,22087
1278,17043
1279,14115
1280,20655
1281,14247
1282,23198
1283,32767
1284,-298
1285,15634
1286,13951
1287,16840
1288,12769
1289,19837
1290,14893
1291,18325
1292,22312
1293,13821
1294,-28100
1295,4441
1296,12101
1297,15844
1298,19097
1299,12807
1300,20053
1301,12789
1302,18102
1303,20617
1304,12943
1305,32767
1306,32767
1307,172
1308,14371
1309,20647
1310,12175
1311,20613
1312,21777
1313,11079
1314,21055
1315,13934
1316,24720
1317,30907
1318,2237
1319,12288
1320,18007
1321,13934
1322,15420
1323,22769
1324,13266
1325,24630
1326,13062
1327,21318
1328,18438
1329,32767
1330,1235
1331,16597
1332,14848
1333,14831
1334,19792
1335,14402
1336,18436
1337,20882
1338,12976
1339,22096
1340,32767
1341,1900
1342,10893
1343,19654
1344,12429
1345,16047
1346,21254
1347,12006
1348,22813
1349,12810
1350,30265
1351,10436
1352,19139
1353,-4750
1354,23796
1355,9251
1356,19008
1357,18128
1358,11127
1359,22728
1360,13877
1361,27075
1362,14836
1363,-17228
1364,1570
1365,21445
1366,10549
1367,15282
1368,18953
1369,12664
1370,22346
1371,13157
1372,21722
1373,24242
1374,9764
1375,32767
1376,3440
1377,15523
1378,11622
1379,25553
1380,10004
1381,19741
1382,17763
1383,15237
1384,20337
1385,13460
1386,-14124
1387,-3717
1388,18726
1389,15510
1390,16041
1391,12579
1392,16119
1393,15367
1394,12992
1395,23804
1396,15422
1397,17225
1398,-32768
1399,2126
1400,10653
1401,15681
1402,17749
1403,12790
1404,22035
1405,12820
1406,19175
1407,22562
1408,14540
1409,-32768
1410,-1055
1411,17780
1412,11177
1413,20302
1414,13883
1415,22459
1416,12626
1417,15088
1418,23543
1419,15096
1420,17569
1421,32767
1422,-3885
1423,10540
1424,16940
1425,14015
1426,14956
1427,17449
1428,17114
1429,20913
1430,17540
1431,11982
1432,-32768
1433,-966
1434,20443
1435,13576
1436,14478
1437,17745
1438,20472
1439,13665
1440,14580
1441,21527
1442,17669
1443,21798
1444,32767
1445,1877
1446,13357
1447,21446
1448,13138
1449,18622
1450,11827
1451,17248
1452,20682
1453,16419
1454,17811
1455,24742
1456,1420
1457,12155
1458,18197
1459,17923
1460,13926
1461,17725
1462,13356
1463,19502
1464,16597
1465,19005
1466,18173
1467,32767
1468,1083
1469,11453
1470,18886
1471,12743
1472,22428
1473,12474
1474,18710
1475,19846
1476,15620
1477,18680
1478,32767
1479,-75
1480,15550
1481,18989
1482,12590
1483,19443
1484,13083
1485,17981
1486,15505
1487,16812
1488,22635
1489,20029
1490,25519
1491,5365
1492,16078
1493,14290
1494,19120
1495,14566
1496,15741
1497,16974
1498,21177
1499,15240
1500,15175
1501,32767
1502,-3082
1503,17336
1504,17275
1505,13647
1506,15807
1507,15073
1508,21866
1509,14625
1510,18319
1511,20337
1512,15320
1513,-7159
1514,4470
1515,9654
1516,12964
1517,18957
1518,15453
1519,14818
1520,19597
1521,17004
1522,19184
1523,16023
1524,32767
1525,-1370
1526,21222
1527,13230
1528,16498
1529,15380
1530,18369
1531,14852
1532,15961
1533,22595
1534,14568
1535,26064
1536,10713
1537,5284
1538,11438
1539,15784
1540,13941
1541,15897
1542,18344
1543,14161
1544,24064
1545,16660
1546,16671
1547,-32768
1548,378
1549,15695
1550,11348
1551,19827
1552,11623
1553,10207
1554,10938
1555,14099
1556,13210
1557,9002
1558,13397
1559,32459
1560,8017
1561,10787
1562,15459
1563,7304
1564,17630
1565,10924
1566,14177
1567,10405
1568,11144
1569,11652
1570,29146
1571,12711
1572,15231
1573,-32768
1574,-5706
1575,-9856
1576,9644
1577,1356
1578,2811
1579,9830
1580,-639
1581,-4204
1582,11686
1583,-16873
1584,-14064
1585,-1732
1586,-14073
1587,8715
1588,-11752
1589,-32768
1590,-1501
1591,-19190
1592,955
1593,-2970
1594,-16128
1595,-5551
1596,-13645
1597,-7908
1598,13004
1599,-21281
1600,-4419
1601,-22041
1602,17899
1603,-8469
1604,-11922
1605,3402
1606,4035
1607,-12622
1608,-32768
1609,-2715
1610,-15189
1611,-21306
1612,-7669
1613,-15536
1614,-18234
1615,-10069
1616,-25755
1617,8846
1618,31419
1619,-5798
1620,-12367
1621,-13438
1622,-21352
1623,-11446
1624,-13026
1625,-12557
1626,-23482
1627,-12726
1628,-32768
1629,-3846
1630,-9643
1631,-32081
1632,-9107
1633,-21543
1634,-9533
1635,-18360
1636,-18370
1637,-12711
1638,-20702
1639,-29692
1640,6448
1641,-11056
1642,-10640
1643,-14390
1644,-23903
1645,-2703
1646,-10539
1647,-16783
1648,-32768
1649,-745
1650,-32768
1651,-17219
1652,-8072
1653,-15561
1654,-12670
1655,-25071
1656,-15061
1657,-14025
1658,-17463
1659,-4988
1660,-29856
1661,-5850
1662,-32768
1663,-7410
1664,-26863
1665,-4456
1666,-16702
1667,-16489
1668,-14026
1669,-16665
1670,-32768
1671,-1995
1672,-32768
1673,-8362
1674,-14865
1675,-1288
1676,-17478
1677,-5802
1678,-23912
1679,-19560
1680,275
1681,-13204
1682,7022
1683,-6270
1684,-32768
1685,-4656
1686,-9975
1687,-14497
1688,6529
1689,-6780
1690,32767
1691,-1209
1692,-26114
1693,-15044
1694,-6023
1695,-8569
1696,-168
1697,9378
1698,-32768
1699,-2919
1700,9274
1701,32767
1702,-8888
1703,2169
1704,-9911
1705,-2568
1706,-32768
1707,-1939
1708,13557
1709,14239
1710,202
1711,-4202
1712,5685
1713,-10916
1714,16766
1715,5053
1716,-11685
1717,-5461
1718,32767
1719,1179
1720,32767
1721,-12951
1722,694
1723,-32768
1724,-16864
1725,4141
1726,-5514
1727,-32768
1728,-528
1729,-5200
1730,2944
1731,-2419
1732,-22859
1733,-10452
1734,-15245
1735,12576
1736,-4810
1737,-3012
1738,11235
1739,29523
1740,-5904
1741,-19814
1742,-2843
1743,3323
1744,5975
1745,6310
1746,9787
1747,-1745
1748,-12477
1749,9619
1750,32767
1751,8922
1752,5135
1753,22013
1754,541
1755,9087
1756,641
1757,3922
1758,14516
1759,4511
1760,-915
1761,-32768
1762,-4136
1763,-11353
1764,-4406
1765,32767
1766,-741
1767,-11030
1768,-11818
1769,-32768
1770,-2059
1771,-32768
1772,3038
1773,-7032
1774,-6598
1775,4908
1776,10383
1777,5830
1778,25372
1779,11110
1780,21581
1781,2255
1782,28588
1783,-15930
1784,-1414
1785,1707
1786,27374
1787,2921
1788,-21330
1789,-7895
1790,-17547
1791,32767
1792,6385
1793,12106
1794,-32768
1795,-2132
1796,-32768
1797,-1816
1798,-25904
1799,-1741
1800,25293
1801,8131
1802,-16224
1803,18404
1804,16597
1805,-19024
1806,13560
1807,1582
1808,-32768
1809,-5764
1810,32767
1811,32767
1812,1873
1813,32767
1814,5705
1815,-27943
1816,-10554
1817,-1116
1818,-14928
1819,-5823
1820,32767
1821,10307
1822,-14958
1823,-1838
1824,28869
1825,9551
1826,-19920
1827,-11436
1828,-5946
1829,-30693
1830,-5219
1831,7657
1832,5057
1833,8189
1834,6510
1835,-8149
1836,-32768
1837,-2615
1838,-8719
1839,-12128
1840,10953
1841,8128
1842,32767
1843,7298
1844,-10221
1845,-24090
1846,-18616
1847,6423
1848,5305
1849,-32768
1850,-2509
1851,32767
1852,9982
1853,-1844
1854,9183
1855,29173
1856,3256
1857,3830
1858,12227
1859,-809
1860,-18250
1861,-3975
1862,32767
1863,-6
1864,8463
1865,-18202
1866,10250
1867,5552
1868,11270
1869,11870
1870,10734
1871,-32768
1872,-4829
1873,-13321
1874,-6703
1875,-25295
1876,-32768
1877,-4632
1878,-7193
1879,-19857
1880,-1209
1881,32767
1882,4105
1883,12513
1884,-10236
1885,-3766
1886,32767
1887,-1381
1888,-7726
1889,-25952
1890,-2169
1891,-10509
1892,-9268
1893,12849
1894,3718
1895,-17034
1896,-10004
1897,-30069
1898,-15163
1899,-8096
1900,-4685
1901,17190
1902,23233
1903,1375
1904,-19795
1905,5174
1906,-6119
1907,-19312
1908,2232
1909,3768
1910,7540
1911,-14826
1912,-8411
1913,9075
1914,-1868
1915,-13662
1916,-32768
1917,-2603
1918,-20324
1919,-6320
1920,-19064
1921,-262
1922,12748
1923,9181
1924,12090
1925,23512
1926,-32768
1927,934
1928,13770
1929,-10696
1930,-1520
1931,20647
1932,-2153
1933,-17254
1934,30983
1935,8740
1936,7796
1937,32767
1938,1207
1939,-32768
1940,437
1941,3626
1942,15930
1943,-32768
1944,903
1945,300
1946,-10747
1947,-11608
1948,-3604
1949,-8835
1950,-10027
1951,25754
1952,-32768
1953,-5931
1954,-8080
1955,-19846
1956,-26818
1957,-17875
1958,-7017
1959,-1660
1960,-32768
1961,9411
1962,-7556
1963,2894
1964,-15554
1965,-8747
1966,-17060
1967,32767
1968,-4907
1969,-13429
1970,-26116
1971,-18746
1972,-11303
1973,32767
1974,-879
1975,-25921
1976,-5164
1977,-16707
1978,-13359
1979,-7873
1980,-30229
1981,-16977
1982,-13929
1983,-12814
1984,10246
1985,1407
1986,-32353
1987,3826
1988,-30711
1989,-6129
1990,-16715
1991,-8403
1992,-26552
1993,2710
1994,-11787
1995,1198
1996,-30414
1997,-7723
1998,10838
1999,-9522
2000,-18539
2001,-10759
2002,-13068
2003,-25142
2004,-5275
2005,-8562
2006,-24625
2007,-32768
2008,-2872
2009,-12909
2010,-18903
2011,-9626
2012,-10204
2013,7491
2014,153
2015,32767
2016,-8796
2017,8628
2018,-19222
2019,-3175
2020,-22071
2021,-12934
2022,-27783
2023,26151
2024,939
2025,-10373
2026,32767
2027,-12538
2028,-31643
2029,137
2030,-8329
2031,-32768
2032,12454
2033,-20576
2034,1070
2035,-17539
2036,1201
2037,-28367
2038,-5052
2039,-32768
2040,-8141
2041,1488
2042,-1338
2043,-27300
2044,-14567
2045,-748
2046,-32768
2047,-3939
2048,-4981
2049,-17765
2050,-31556
2051,21769
2052,-6769
2053,17456
2054,-1908
2055,-1400
2056,-32768
2057,-4200
2058,-14438
2059,-14403
2060,-12480
2061,-19461
2062,32767
2063,1852
2064,-4016
2065,9778
2066,-2615
2067,-14103
2068,16579
2069,591
2070,8486
2071,-12559
2072,-30647
2073,-5672
2074,-4183
2075,-32768
2076,-6971
2077,-15584
2078,-1552
2079,11338
2080,-32768
2081,43
2082,-14968
2083,-22864
2084,32767
2085,371
2086,-9771
2087,26053
2088,6426
2089,-8674
2090,435
2091,32767
2092,696
2093,1563
2094,-32768
2095,-12901
2096,-2639
2097,-14640
2098,10790
2099,1922
2100,2983
2101,5805
2102,274
2103,32767
2104,9448
2105,-20144
2106,-37
2107,20070
2108,1353
2109,-32768
2110,-12009
2111,-5873
2112,-2030
2113,-32768
2114,2821
2115,-20161
2116,-5198
2117,-32768
2118,-5767
2119,-18905
2120,-15151
2121,11796
2122,2484
2123,-11349
2124,-32768
2125,-1927
2126,32767
2127,1250
2128,32767
2129,32767
2130,-390
2131,11749
2132,-6203
2133,10620
2134,6706
2135,18450
2136,8622
2137,15794
2138,8053
2139,10674
2140,15167
2141,901
2142,13730
2143,-4241
2144,12841
2145,6506
2146,32767
2147,2675
2148,32767
2149,11125
2150,-15377
2151,-353
2152,-12094
2153,445
2154,19909
2155,-783
2156,-14683
2157,-2
2158,32767
2159,-14364
2160,318
2161,-5180
2162,-4744
2163,-12316
2164,19362
2165,3306
2166,-13053
2167,23819
2168,5058
2169,23911
2170,14264
2171,32767
2172,-66
2173,-4669
2174,-464
2175,15202
2176,24393
2177,-6130
2178,2672
2179,10301
2180,18475
2181,15149
2182,18326
2183,10053
2184,7019
2185,4718
2186,-6253
2187,-4557
2188,-22014
2189,6354
2190,-20419
2191,-1735
2192,-30942
2193,-14906
2194,1676
2195,-11144
2196,32166
2197,8254
2198,-4208
2199,2099
2200,-12331
2201,-11185
2202,-12864
2203,-9774
2204,-7126
2205,-2874
2206,5295
2207,10944
2208,7385
2209,-6038
2210,30416
2211,17015
2212,1156
2213,20057
2214,3394
2215,-27012
2216,4821
2217,-6003
2218,-32768
2219,-11338
2220,3663
2221,5913
2222,-6088
2223,-5083
2224,-24503
2225,-32768
2226,-3420
2227,10368
2228,23111
2229,-22152
2230,4601
2231,7983
2232,4193
2233,24978
2234,8245
2235,-32768
2236,4945
2237,964
2238,7124
2239,-13655
2240,-3222
2241,-18521
2242,-11510
2243,14608
2244,12189
2245,-32768
2246,-5179
2247,-3227
2248,-11892
2249,-11247
2250,13545
2251,-17231
2252,-7773
2253,-27509
2254,-9175
2255,26866
2256,8713
2257,9516
2258,32248
2259,26989
2260,3386
2261,6955
2262,12361
2263,-1905
2264,28067
2265,-2733
2266,-32768
2267,-4912
2268,11633
2269,-32328
2270,10943
2271,5273
2272,8045
2273,32767
2274,6396
2275,7734
2276,791
2277,-1829
2278,-26306
2279,-2379
2280,13104
2281,15460
2282,6668
2283,-4192
2284,-4931
2285,-32768
2286,653
2287,-1880
2288,1367
2289,-2735
2290,-3108
2291,517
2292,-16222
2293,-13647
2294,32767
2295,2878
2296,-20006
2297,11294
2298,7243
2299,-12937
2300,3585
2301,1655
2302,-9632
2303,-18041
2304,3118
2305,-12014
2306,-9414
2307,-32768
2308,29361
2309,-5062
2310,-1714
2311,-21543
2312,-9744
2313,-32768
2314,-3772
2315,-12933
2316,-32768
2317,15132
2318,-5471
2319,-32768
2320,-2887
2321,-32768
2322,-6900
2323,-13721
2324,-385
2325,32767
2326,215
2327,9165
2328,-32768
2329,-3598
2330,-31497
2331,-18747
2332,-3320
2333,12130
2334,11074
2335,1541
2336,9619
2337,-128
2338,6251
2339,9313
2340,-32112
2341,-4990
2342,-32768
2343,-2612
2344,19793
2345,-32768
2346,-1496
2347,-12703
2348,10372
2349,-1977
2350,-1246
2351,26120
2352,7188
2353,4996
2354,13103
2355,-17567
2356,-9291
2357,14188
2358,1006
2359,-13340
2360,23555
2361,3610
2362,-1391
2363,-22645
2364,-19573
2365,-8512
2366,-23637
2367,-5251
2368,32767
2369,490
2370,-21960
2371,32767
2372,9221
2373,-5077
2374,-10825
2375,-4125
2376,23394
2377,12701
2378,-32768
2379,6168
2380,9258
2381,-6940
2382,7480
2383,1452
2384,-32768
2385,5957
2386,-12372
2387,-10408
2388,28209
2389,11926
2390,29402
2391,-15567
2392,-10837
2393,-7660
2394,5030
2395,20760
2396,8623
2397,-25343
2398,-8225
2399,-30156
2400,-3063
2401,-3521
2402,-28433
2403,-4508
2404,-4551
2405,-32768
2406,-2469
2407,1095
2408,2211
2409,-4187
2410,-5669
2411,7152
2412,-7703
2413,-23401
2414,-32768
2415,2637
2416,-10072
2417,-8852
2418,12666
2419,3783
2420,4172
2421,864
2422,-32768
2423,-799
2424,-11978
2425,-3891
2426,14873
2427,-16605
2428,-6743
2429,9641
2430,-31326
2431,2166
2432,-2078
2433,-14365
2434,-2696
2435,-1827
2436,7548
2437,20118
2438,3708
2439,-32768
2440,-3769
2441,-10043
2442,-32768
2443,-4616
2444,-28668
2445,-11625
2446,-17591
2447,-32768
2448,-8877
2449,-32768
2450,1516
2451,-3071
2452,2074
2453,3359
2454,32767
2455,-6128
2456,-13506
2457,-14963
2458,-6578
2459,-16098
2460,-11470
2461,-12751
2462,-32768
2463,-5705
2464,-24265
2465,-13130
2466,-11429
2467,-14459
2468,-3358
2469,-4442
2470,-7171
2471,-32768
2472,-22202
2473,-15990
2474,-13500
2475,-10591
2476,-19513
2477,-18712
2478,-10976
2479,-24367
2480,-15894
2481,-12971
2482,-12361
2483,-12263
2484,-18176
2485,-10530
2486,-25815
2487,-11667
2488,-32768
2489,-6259
2490,-32768
2491,-5273
2492,9191
2493,-4793
2494,-16087
2495,-28120
2496,-9865
2497,-20566
2498,-14527
2499,-32768
2500,-8413
2501,-18731
2502,-32768
2503,-5984
2504,-23206
2505,-8889
2506,-32768
2507,-2812
2508,-17792
2509,-13300
2510,-6174
2511,-4969
2512,-16826
2513,-27369
2514,-8461
2515,-18852
2516,-4905
2517,-32768
2518,-15154
2519,-7971
2520,-16159
2521,-13765
2522,-14916
2523,-13238
2524,-16426
2525,-32768
2526,-2284
2527,-10959
2528,-21732
2529,-15225
2530,-20071
2531,-10473
2532,-22651
2533,-18703
2534,-15752
2535,-20072
2536,-16110
2537,-11431
2538,-10479
2539,-19495
2540,-10639
2541,-22733
2542,-11047
2543,-18825
2544,-18013
2545,-20730
2546,-16706
2547,-18988
2548,-26094
2549,-12822
2550,-16683
2551,-8456
2552,-22803
2553,-15449
2554,-23223
2555,-7951
2556,-13740
2557,-21987
2558,-14735
2559,-31886
2560,-8600
2561,-24119
2562,-13100
2563,-20497
2564,-8910
2565,-32768
2566,-11199
2567,-28528
2568,-12677
2569,-12847
2570,-233
2571,-28118
2572,-1522
2573,-15970
2574,-9114
2575,-17807
2576,-17160
2577,-19494
2578,-9460
2579,-4063
2580,-28757
2581,-8989
2582,-17485
2583,-10702
2584,-17067
2585,-16534
2586,-3975
2587,-8324
2588,-10877
2589,-6832
2590,-3520
2591,-4360
2592,-6412
2593,-7460
2594,-30088
2595,-6737
2596,-1786
2597,-9593
2598,-1738
2599,-1049
2600,-5660
2601,1565
2602,5876
2603,-20567
2604,-337
2605,-22657
2606,-5226
2607,4473
2608,741
2609,-3903
2610,-8066
2611,3262
2612,4193
2613,-6721
2614,-6832
2615,8571
2616,6313
2617,-20561
2618,-8540
2619,6029
2620,2624
2621,-2239
2622,11441
2623,7923
2624,-8991
2625,1708
2626,10836
2627,-4300
2628,-4341
2629,-4232
2630,45
2631,19446
2632,-5597
2633,-8872
2634,-2011
2635,10143
2636,-1176
2637,-3862
2638,2084
2639,-2379
2640,-6172
2641,-673
2642,2387
2643,2449
2644,3472
2645,-4306
2646,-2730
2647,4444
2648,-2637
2649,-13478
2650,-19771
2651,-9593
2652,3888
2653,6502
2654,7488
2655,4150
2656,-678
2657,1761
2658,11430
2659,908
2660,-3548
2661,1582
2662,-6303
2663,-4915
2664,255
2665,-5806
2666,2304
2667,12953
2668,4723
2669,-18214
2670,19193
2671,9617
2672,15278
2673,4370
2674,-32768
2675,-2491
2676,6629
2677,1788
2678,-26260
2679,6161
2680,4171
2681,12925
2682,1464
2683,-5457
2684,-3777
2685,13178
2686,-5474
2687,-20377
2688,-8764
2689,16135
2690,1361
2691,3066
2692,-5646
2693,-5985
2694,6498
2695,4892
2696,-5815
2697,-4676
2698,-13389
2699,-2234
2700,10930
2701,189
2702,-5594
2703,6773
2704,10520
2705,-4811
2706,812
2707,5448
2708,2290
2709,-5086
2710,3324
2711,9208
2712,7580
2713,7635
2714,6200
2715,6851
2716,10604
2717,5510
2718,12382
2719,28496
2720,-5623
2721,10971
2722,13750
2723,14823
2724,-32473
2725,401
2726,14517
2727,10623
2728,32767
2729,-1640
2730,16632
2731,-32568
2732,-644
2733,4455
2734,9641
2735,13137
2736,15951
2737,16288
2738,17068
2739,18742
2740,14030
2741,27499
2742,12553
2743,-32768
2744,1634
2745,16015
2746,14602
2747,17897
2748,16808
2749,15269
2750,19433
2751,14575
2752,19942
2753,19324
2754,16079
2755,32767
2756,1171
2757,15413
2758,13997
2759,14807
2760,17003
2761,20334
2762,12718
2763,21020
2764,20736
2765,14614
2766,-32768
2767,884
2768,16398
2769,17380
2770,14863
2771,14974
2772,18377
2773,17736
2774,16024
2775,17856
2776,17325
2777,19801
2778,32767
2779,907
2780,19729
2781,12648
2782,13868
2783,18630
2784,17488
2785,15532
2786,18649
2787,21463
2788,15535
2789,1643
2790,2141
2791,11253
2792,17094
2793,15329
2794,16908
2795,15842
2796,16400
2797,19306
2798,20018
2799,16364
2800,17909
2801,32767
2802,1972
2803,16138
2804,14514
2805,12841
2806,19847
2807,18102
2808,12502
2809,26873
2810,15258
2811,18475
2812,32767
2813,1327
2814,13246
2815,17109
2816,15218
2817,17223
2818,17003
2819,15511
2820,20748
2821,21236
2822,14983
2823,32767
2824,-13556
2825,-1582
2826,26393
2827,9850
2828,16543
2829,16181
2830,19231
2831,12462
2832,17436
2833,24174
2834,14974
2835,32767
2836,8
2837,14595
2838,17927
2839,13858
2840,17681
2841,16217
2842,15549
2843,18725
2844,15409
2845,25784
2846,13765
2847,-32768
2848,674
2849,14431
2850,13352
2851,15687
2852,15502
2853,17918
2854,16854
2855,16576
2856,29230
2857,11253
2858,-32768
2859,769
2860,7805
2861,19641
2862,12852
2863,19056
2864,13897
2865,21786
2866,14096
2867,22354
2868,13720
2869,18492
2870,32767
2871,2043
2872,19670
2873,12806
2874,15467
2875,15325
2876,27646
2877,7953
2878,20560
2879,16479
2880,21493
2881,32767
2882,3467
2883,18942
2884,12346
2885,17210
2886,15381
2887,19538
2888,14692
2889,19447
2890,13872
2891,23149
2892,15463
2893,32767
2894,3543
2895,8643
2896,21159
2897,10775
2898,19387
2899,15931
2900,16171
2901,17803
2902,22189
2903,16015
2904,-32768
2905,4170
2906,6497
2907,21660
2908,10890
2909,21665
2910,14654
2911,16078
2912,17543
2913,16524
2914,16105
2915,22842
2916,32767
2917,-1619
2918,15610
2919,15951
2920,15704
2921,14566
2922,23696
2923,10820
2924,24826
2925,15191
2926,23863
2927,-32768
2928,-484
2929,22646
2930,14097
2931,15712
2932,18850
2933,16458
2934,15616
2935,25386
2936,11352
2937,29396
2938,10538
2939,32767
2940,-114
2941,23356
2942,6922
2943,11072
2944,21994
2945,12378
2946,22228
2947,12875
2948,26620
2949,12407
2950,-32768
2951,803
2952,17942
2953,15422
2954,13034
2955,24699
2956,11035
2957,18725
2958,14038
2959,21485
2960,18483
2961,20077
2962,-32768
2963,2132
2964,32767
2965,4783
2966,20290
2967,12762
2968,21327
2969,14682
2970,19710
2971,21268
2972,14892
2973,-14910
2974,-3597
2975,32767
2976,7026
2977,20207
2978,14001
2979,17903
2980,17837
2981,16956
2982,19812
2983,18401
2984,11036
2985,-32768
2986,2356
2987,11923
2988,20674
2989,11595
2990,20803
2991,16349
2992,18326
2993,15216
2994,20680
2995,15381
2996,32767
2997,2321
2998,12197
2999,15855
3000,18824
3001,11585
3002,15324
3003,25400
3004,8537
3005,23943
3006,14267
3007,27554
3008,32767
3009,1941
3010,15003
3011,18851
3012,15350
3013,13684
3014,32067
3015,7566
3016,17122
3017,13521
3018,27968
3019,32767
3020,4394
3021,13141
3022,12034
3023,19062
3024,13735
3025,20946
3026,14363
3027,18349
3028,16726
3029,18567
3030,18410
3031,32767
3032,3399
3033,9395
3034,21579
3035,11245
3036,18333
3037,17022
3038,15307
3039,19744
3040,20882
3041,16626
3042,-32768
3043,4321
3044,14423
3045,14338
3046,12819
3047,20274
3048,18859
3049,14329
3050,28506
3051,10116
3052,17931
3053,16593
3054,-32768
3055,190
3056,18727
3057,15124
3058,14247
3059,20183
3060,14404
3061,15636
3062,11999
3063,11594
3064,17957
3065,-32768
3066,-1218
3067,24854
3068,12643
3069,17158
3070,16181
3071,16746
3072,14485
3073,20743
3074,14941
3075,23188
3076,13632
3077,-27684
3078,3571
3079,21509
3080,13896
3081,12327
3082,27765
3083,9797
3084,20286
3085,15499
3086,19973
3087,16612
3088,29221
3089,1933
3090,15946
3091,16981
3092,8929
3093,30510
3094,10142
3095,25385
3096,12969
3097,19513
3098,25308
3099,10249
3100,32767
3101,1963
3102,23695
3103,9186
3104,20142
3105,13884
3106,21138
3107,12056
3108,23266
3109,22642
3110,10977
3111,-18596
3112,-3619
3113,21009
3114,10873
3115,19247
3116,14203
3117,18591
3118,17389
3119,16888
3120,18582
3121,19243
3122,10573
3123,-32768
3124,3449
3125,15656
3126,14903
3127,31516
3128,6953
3129,26938
3130,13062
3131,20935
3132,27759
3133,8029
3134,-32768
3135,-57
3136,13203
3137,18288
3138,13234
3139,19459
3140,12603
3141,24424
3142,12959
3143,16901
3144,22026
3145,20750
3146,-24054
3147,6032
3148,12219
3149,15536
3150,17172
3151,9571
3152,22397
3153,13375
3154,21557
3155,18419
3156,17937
3157,-11745
3158,1272
3159,9935
3160,9208
3161,32134
3162,9183
3163,19437
3164,13888
3165,17081
3166,16313
3167,17943
3168,20649
3169,-32768
3170,-1165
3171,10424
3172,23675
3173,9233
3174,19215
3175,15029
3176,16491
3177,20484
3178,14440
3179,19337
3180,-17715
3181,2724
3182,11455
3183,22815
3184,11653
3185,16596
3186,16353
3187,19905
3188,17200
3189,14392
3190,12432
3191,15805
3192,23112
3193,1889
3194,21447
3195,10243
3196,21399
3197,17483
3198,14340
3199,14323
3200,27264
3201,10941
3202,29865
3203,32624
3204,2902
3205,17454
3206,17979
3207,14914
3208,20684
3209,9231
3210,12293
3211,20660
3212,11529
3213,26672
3214,11521
3215,-16679
3216,-3438
3217,24726
3218,9667
3219,8954
3220,25480
3221,12687
3222,14596
3223,20607
3224,20059
3225,16853
3226,32767
3227,-4068
3228,15013
3229,20365
3230,12899
3231,17574
3232,14590
3233,17689
3234,15542
3235,22600
3236,32767
3237,6029
3238,-32768
3239,-2775
3240,21518
3241,10350
3242,18074
3243,13638
3244,18742
3245,12990
3246,20795
3247,23610
3248,10536
3249,32767
3250,271
3251,22185
3252,11776
3253,22762
3254,13871
3255,15768
3256,24566
3257,9202
3258,17252
3259,18112
3260,12797
3261,-32768
3262,3042
3263,15545
3264,18792
3265,15917
3266,12361
3267,17339
3268,15277
3269,17614
3270,22950
3271,13074
3272,32767
3273,-1808
3274,15970
3275,10422
3276,21061
3277,14407
3278,14603
3279,17058
3280,15381
3281,15148
3282,19307
3283,18667
3284,32767
3285,-598
3286,16407
3287,16456
3288,12005
3289,14773
3290,17969
3291,16155
3292,24909
3293,11602
3294,26534
3295,9258
3296,3955
3297,15242
3298,11656
3299,19244
3300,13329
3301,16948
3302,14519
3303,19778
3304,17591
3305,18368
3306,23160
3307,14576
3308,5576
3309,12366
3310,21154
3311,10001
3312,24751
3313,14178
3314,20643
3315,18186
3316,16271
3317,24577
3318,25882
3319,4743
3320,10033
3321,17055
3322,12776
3323,21455
3324,15223
3325,15386
3326,22119
3327,13574
3328,21709
3329,17237
3330,-32768
3331,319
3332,25157
3333,12102
3334,16164
3335,16846
3336,15060
3337,15476
3338,17769
3339,14864
3340,23229
3341,32767
3342,-2645
3343,15794
3344,17430
3345,11902
3346,16237
3347,16472
3348,15963
3349,19298
3350,14242
3351,22988
3352,14303
3353,-32768
3354,-2650
3355,21651
3356,11180
3357,13701
3358,18935
3359,14394
3360,18814
3361,14941
3362,22886
3363,14410
3364,32767
3365,474
3366,13422
3367,14803
3368,13660
3369,18819
3370,18011
3371,19830
3372,14065
3373,22577
3374,19636
3375,14294
3376,-32768
3377,159
3378,18067
3379,17250
3380,13240
3381,17820
3382,22005
3383,12858
3384,17803
3385,22322
3386,11277
3387,32767
3388,512
3389,15726
3390,15642
3391,17083
3392,14140
3393,19149
3394,16880
3395,13594
3396,18459
3397,19513
3398,13661
3399,-32768
3400,2824
3401,13608
3402,16420
3403,16239
3404,17415
3405,15163
3406,15974
3407,17450
3408,23000
3409,15442
3410,21592
3411,4115
3412,15868
3413,15005
3414,14025
3415,17881
3416,14945
3417,19250
3418,13194
3419,26046
3420,12815
3421,28256
3422,32767
3423,1143
3424,15602
3425,16482
3426,14799
3427,15388
3428,20363
3429,13678
3430,20203
3431,15282
3432,21410
3433,32767
3434,408
3435,17395
3436,13822
3437,19004
3438,14747
3439,18372
3440,14558
3441,22060
3442,15132
3443,16947
3444,20043
3445,-9184
3446,3212
3447,13879
3448,17644
3449,13424
3450,18888
3451,15418
3452,17716
3453,17506
3454,17579
3455,19771
3456,-11915
3457,4104
3458,13128
3459,16637
3460,13119
3461,18463
3462,20143
3463,14899
3464,15328
3465,19741
3466,14876
3467,21384
3468,32767
3469,-987
3470,20015
3471,14389
3472,14198
3473,16981
3474,17442
3475,15304
3476,19456
3477,13240
3478,24141
3479,32767
3480,22
3481,20431
3482,12220
3483,18556
3484,14281
3485,18608
3486,13627
3487,21862
3488,15259
3489,20629
3490,14653
3491,32767
3492,46
3493,12934
3494,18587
3495,12043
3496,21832
3497,13527
3498,19725
3499,16898
3500,18501
3501,17516
3502,-32768
3503,3200
3504,12375
3505,18640
3506,12026
3507,19943
3508,16871
3509,16521
3510,16541
3511,18871
3512,18952
3513,14519
3514,3511
3515,-2472
3516,17487
3517,14993
3518,16032
3519,15421
3520,19837
3521,14967
3522,19294
3523,16778
3524,19472
3525,-32768
3526,1580
3527,19171
3528,13756
3529,16638
3530,16780
3531,16835
3532,15306
3533,18698
3534,16412
3535,21297
3536,14353
3537,32767
3538,-2252
3539,14188
3540,17414
3541,12961
3542,18018
3543,15814
3544,18116
3545,14653
3546,22934
3547,15496
3548,32767
3549,-1718
3550,13777
3551,19547
3552,11911
3553,20682
3554,12934
3555,23164
3556,13315
3557,19175
3558,18570
3559,17446
3560,32767
3561,-1141
3562,18226
3563,13114
3564,16470
3565,16893
3566,16372
3567,16524
3568,19903
3569,17753
3570,17563
3571,32767
3572,-1262
3573,20201
3574,11590
3575,18189
3576,16236
3577,16322
3578,18101
3579,17244
3580,16963
3581,21655
3582,14306
3583,20082
3584,2537
3585,12616
3586,15801
3587,14215
3588,17286
3589,17452
3590,16919
3591,17062
3592,20326
3593,13775
3594,-32768
3595,1850
3596,15340
3597,18136
3598,16093
3599,14570
3600,16187
3601,17373
3602,16068
3603,18918
3604,14863
3605,24297
3606,32767
3607,1400
3608,15563
3609,15074
3610,15865
3611,12612
3612,20130
3613,13726
3614,24240
3615,14071
3616,19789
3617,32767
3618,512
3619,14807
3620,16354
3621,15840
3622,14548
3623,17724
3624,13941
3625,20411
3626,17549
3627,18725
3628,19768
3629,32767
3630,3452
3631,12192
3632,19456
3633,12329
3634,20514
3635,15040
3636,16405
3637,22496
3638,14885
3639,18340
3640,28817
3641,3860
3642,11111
3643,19839
3644,13939
3645,18432
3646,15820
3647,17297
3648,17574
3649,18117
3650,16741
3651,20376
3652,32767
3653,1208
3654,16215
3655,15511
3656,15716
3657,18781
3658,15940
3659,15842
3660,19509
3661,16465
3662,18009
3663,32767
3664,-4
3665,15715
3666,18296
3667,12565
3668,19181
3669,14658
3670,15668
3671,20367
3672,13444
3673,25774
3674,13431
3675,-32768
3676,206
3677,18132
3678,14625
3679,12615
3680,19864
3681,14763
3682,18062
3683,16346
3684,25204
3685,12604
3686,23891
3687,-2990
3688,17018
3689,15543
3690,14940
3691,17325
3692,13768
3693,19032
3694,18655
3695,15966
3696,21696
3697,15492
3698,32767
3699,-876
3700,19998
3701,11515
3702,17656
3703,15680
3704,16367
3705,18457
3706,17052
3707,22162
3708,15886
3709,32767
3710,-67
3711,18551
3712,12282
3713,20438
3714,14171
3715,17614
3716,17840
3717,15574
3718,19325
3719,16704
3720,18435
3721,-22961
3722,1874
3723,18407
3724,14288
3725,15078
3726,18005
3727,17662
3728,14233
3729,18701
3730,20053
3731,16926
3732,4020
3733,2601
3734,16778
3735,13699
3736,18483
3737,14488
3738,16035
3739,17215
3740,16284
3741,18470
3742,16160
3743,20286
3744,-32768
3745,417
3746,14587
3747,15946
3748,14463
3749,14597
3750,21385
3751,13813
3752,21326
3753,18580
3754,17177
3755,20906
3756,3546
3757,12201
3758,13983
3759,17617
3760,14752
3761,19038
3762,15371
3763,18069
3764,17768
3765,16619
3766,22773
3767,32767
3768,581
3769,13252
3770,20591
3771,12997
3772,17937
3773,16032
3774,15176
3775,19898
3776,17592
3777,19916
3778,16206
3779,4122
3780,13007
3781,16824
3782,15202
3783,18348
3784,16950
3785,15965
3786,19696
3787,14931
3788,21598
3789,14728
3790,32767
3791,1023
3792,19021
3793,15584
3794,13073
3795,20655
3796,14631
3797,19828
3798,14898
3799,20441
3800,18762
3801,32767
3802,1458
3803,16126
3804,16973
3805,13673
3806,19820
3807,14008
3808,17215
3809,18763
3810,16992
3811,20366
3812,14133
3813,32767
3814,-1453
3815,18129
3816,13847
3817,17040
3818,15072
3819,16459
3820,17249
3821,15590
3822,21529
3823,16578
3824,-32768
3825,-643
3826,18997
3827,12885
3828,15723
3829,17606
3830,16435
3831,18614
3832,15011
3833,15530
3834,24370
3835,13818
3836,32767
3837,436
3838,15385
3839,16168
3840,13551
3841,17637
3842,16564
3843,17985
3844,16271
3845,22008
3846,16482
3847,-32158
3848,1279
3849,20320
3850,11563
3851,19576
3852,13249
3853,16511
3854,18198
3855,14307
3856,29402
3857,12011
3858,20484
3859,-28016
3860,3111
3861,13438
3862,16796
3863,15181
3864,15862
3865,18431
3866,13921
3867,22511
3868,17670
3869,14900
3870,-32768
3871,-220
3872,16126
3873,14464
3874,13111
3875,19919
3876,17325
3877,14022
3878,17339
3879,17784
3880,18027
3881,23824
3882,10075
3883,4027
3884,13899
3885,23772
3886,10423
3887,17336
3888,18722
3889,14483
3890,20353
3891,15118
3892,20069
3893,-32768
3894,901
3895,11183
3896,22327
3897,12777
3898,16710
3899,17547
3900,13544
3901,21302
3902,15856
3903,19641
3904,15421
3905,32692
3906,-4044
3907,17801
3908,15224
3909,14640
3910,17806
3911,16099
3912,17850
3913,16352
3914,17474
3915,8601
3916,32767
3917,-245
3918,15646
3919,17835
3920,11214
3921,20466
3922,14341
3923,19428
3924,12233
3925,17445
3926,20957
3927,18694
3928,32767
3929,1087
3930,17449
3931,13321
3932,16968
3933,15967
3934,16277
3935,19138
3936,12876
3937,19962
3938,15919
3939,32767
3940,7
3941,18131
3942,14587
3943,13650
3944,19360
3945,11557
3946,17908
3947,14733
3948,18532
3949,18557
3950,14024
3951,-32768
3952,-279
3953,11353
3954,12042
3955,16686
3956,17006
3957,16154
3958,17373
3959,16065
3960,19034
3961,15597
3962,-32768
3963,-3122
3964,25252
3965,8719
3966,12961
3967,17970
3968,16683
3969,19721
3970,11606
3971,24072
3972,15330
3973,26981
3974,-32768
3975,4983
3976,11789
3977,17487
3978,15845
3979,14189
3980,22709
3981,12746
3982,24309
3983,11363
3984,19425
3985,32767
3986,44
3987,14337
3988,14965
3989,19289
3990,11940
3991,24283
3992,11536
3993,20214
3994,16446
3995,18380
3996,15288
3997,32767
3998,1795
3999,11553
4000,21271
4001,9697
4002,22026
4003,9862
4004,13090
4005,19225
4006,16043
4007,18338
4008,-14893
4009,4702
4010,10823
4011,24974
4012,8778
4013,17320
4014,14810
4015,16037
4016,18921
4017,16662
4018,16947
4019,22164
4020,32767
4021,561
4022,14490
4023,15869
4024,11723
4025,16014
4026,17269
4027,15398
4028,17288
4029,15354
4030,19634
4031,27287
4032,-7219
4033,15628
4034,14168
4035,15049
4036,17548
4037,14584
4038,14686
4039,21359
4040,15908
4041,31296
4042,8248
4043,-1758
4044,-3216
4045,14329
4046,18539
4047,10812
4048,23245
4049,13893
4050,28072
4051,9196
4052,24434
4053,12092
4054,32767
4055,837
4056,11816
4057,15702
4058,15756
4059,16232
4060,14204
4061,27924
4062,8961
4063,19149
4064,23668
4065,11380
4066,-31676
4067,2756
4068,17494
4069,10936
4070,30875
4071,3843
4072,21464
4073,12811
4074,21711
4075,16137
4076,16294
4077,11546
4078,3276
4079,19549
4080,8576
4081,23252
4082,14452
4083,14326
4084,15988
4085,21075
4086,16615
4087,19962
4088,15760
4089,-32768
4090,-2545
4091,-5521
4092,11581
4093,12123
4094,22219
4095,13735
4096,18218
4097,15524
4098,28749
4099,10754
4100,-32768
4101,-1625
4102,4204
4103,16887
4104,12789
4105,13721
4106,17253
4107,19117
4108,18060
4109,19955
4110,14099
4111,23104
4112,27423
4113,5060
4114,12967
4115,12907
4116,14953
4117,18007
4118,21773
4119,10702
4120,32767
4121,8175
4122,23851
4123,29724
4124,7414
4125,7381
4126,17134
4127,15547
4128,14130
4129,23142
4130,11177
4131,21397
4132,13261
4133,18656
4134,17433
4135,-32768
4136,1606
4137,17554
4138,18249
4139,11753
4140,32767
4141,8638
4142,19248
4143,16857
4144,20780
4145,17524
4146,32767
4147,-4036
4148,7276
4149,26443
4150,7116
4151,16811
4152,11494
4153,17795
4154,14443
4155,20068
4156,13465
4157,23716
4158,-1802
4159,-5747
4160,22594
4161,12497
4162,19320
4163,14433
4164,14934
4165,18854
4166,16860
4167,24931
4168,19781
4169,26534
4170,2973
4171,16351
4172,14908
4173,13387
4174,22887
4175,14080
4176,20236
4177,17040
4178,12721
4179,28210
4180,7472
4181,-32768
4182,-703
4183,32353
4184,8834
4185,16847
4186,18886
4187,11756
4188,24871
4189,13421
4190,23116
4191,12671
4192,32767
4193,474
4194,12158
4195,15024
4196,16138
4197,23837
4198,10761
4199,25461
4200,10862
4201,22951
4202,14352
4203,20322
4204,-32768
4205,-1038
4206,22817
4207,6478
4208,32767
4209,4009
4210,16032
4211,14342
4212,19340
4213,22355
4214,14006
4215,-32768
4216,141
4217,32767
4218,4002
4219,24725
4220,9729
4221,12377
4222,21610
4223,13552
4224,24825
4225,14393
4226,23115
4227,-32768
4228,-333
4229,12131
4230,15587
4231,11020
4232,24097
4233,15554
4234,18685
4235,18482
4236,16630
4237,13807
4238,-32768
4239,2818
4240,7712
4241,14637
4242,15558
4243,15870
4244,16620
4245,17571
4246,18055
4247,29863
4248,7935
4249,24955
4250,-32768
4251,739
4252,18327
4253,11637
4254,18113
4255,17667
4256,18928
4257,10542
4258,32767
4259,4222
4260,19781
4261,32767
4262,3374
4263,14827
4264,19476
4265,14899
4266,15382
4267,30891
4268,5713
4269,18762
4270,15227
4271,22572
4272,16166
4273,32767
4274,-5049
4275,10866
4276,32767
4277,2213
4278,32767
4279,6849
4280,26263
4281,12847
4282,18736
4283,22483
4284,14943
4285,19887
4286,4761
4287,22367
4288,15481
4289,17312
4290,16262
4291,14325
4292,18499
4293,18366
4294,26994
4295,9570
4296,-28644
4297,-3796
4298,22176
4299,13089
4300,17075
4301,18619
4302,12742
4303,32767
4304,2982
4305,17707
4306,20671
4307,20677
4308,4115
4309,14361
4310,15385
4311,13164
4312,17836
4313,20342
4314,13402
4315,26155
4316,8311
4317,32767
4318,11297
4319,32767
4320,2282
4321,12337
4322,21040
4323,15094
4324,14852
4325,15412
4326,29561
4327,8324
4328,28666
4329,9991
4330,-32768
4331,2202
4332,20022
4333,18544
4334,10030
4335,32767
4336,6245
4337,26097
4338,10753
4339,29902
4340,6919
4341,21089
4342,32767
4343,3184
4344,2476
4345,4805
4346,29093
4347,12138
4348,19896
4349,13906
4350,14244
4351,21519
4352,20019
4353,-32768
4354,864
4355,32767
4356,3001
4357,17487
4358,15894
4359,16255
4360,23980
4361,14259
4362,24644
4363,13809
4364,14429
4365,-32768
4366,1103
4367,2808
4368,14237
4369,15902
4370,15038
4371,19221
4372,17024
4373,22337
4374,17651
4375,9733
4376,32767
4377,898
4378,13132
4379,15573
4380,12297
4381,17426
4382,18806
4383,16095
4384,12813
4385,27215
4386,12099
4387,25990
4388,32767
4389,731
4390,15029
4391,17614
4392,13625
4393,15013
4394,16145
4395,14822
4396,29261
4397,9612
4398,15991
4399,-32768
4400,1944
4401,10263
4402,13212
4403,20580
4404,2441
4405,20040
4406,7157
4407,11552
4408,14589
4409,9571
4410,18818
4411,25259
4412,10474
4413,6965
4414,28167
4415,6451
4416,11929
4417,15307
4418,15447
4419,6500
4420,14557
4421,11693
4422,32767
4423,10161
4424,-5581
4425,-32768
4426,-5855
4427,-18556
4428,-20323
4429,-8371
4430,-14794
4431,-32768
4432,4409
4433,-15032
4434,-18335
4435,2386
4436,-32768
4437,770
4438,-7400
4439,666
4440,-1458
4441,-10167
4442,-4764
4443,-21127
4444,-7981
4445,-18598
4446,-5946
4447,-32768
4448,-1511
4449,-18621
4450,32767
4451,-160
4452,-24170
4453,-3417
4454,3516
4455,-5865
4456,32767
4457,1434
4458,-17515
4459,277
4460,-3125
4461,2343
4462,21886
4463,-13799
4464,9876
4465,1416
4466,-17145
4467,-8996
4468,-4424
4469,-32768
4470,-4859
4471,-12400
4472,32767
4473,8904
4474,-4352
4475,11080
4476,8712
4477,-18314
4478,22072
4479,-3346
4480,-14124
4481,-16915
4482,-5139
4483,-11125
4484,-32768
4485,-446
4486,-16063
4487,1719
4488,13220
4489,-27381
4490,4930
4491,12551
4492,-8115
4493,-5415
4494,-23534
4495,-1649
4496,3423
4497,17867
4498,17990
4499,-22337
4500,-2998
4501,11978
4502,2241
4503,-27049
4504,32767
4505,772
4506,-32768
4507,-4170
4508,-18687
4509,-11591
4510,5676
4511,1646
4512,-32768
4513,-1036
4514,2829
4515,-15261
4516,-14303
4517,-32768
4518,943
4519,-21552
4520,-10495
4521,8259
4522,32767
4523,2168
4524,20714
4525,24675
4526,385
4527,-32768
4528,-1242
4529,-26255
4530,-9780
4531,-6592
4532,-16490
4533,-8415
4534,-18340
4535,22115
4536,-8136
4537,-32768
4538,-8220
4539,1192
4540,-18904
4541,-11134
4542,-19673
4543,-23485
4544,-32412
4545,-2335
4546,-23106
4547,-3066
4548,-32768
4549,-5101
4550,-20402
4551,3810
4552,881
4553,-5969
4554,11648
4555,3043
4556,9120
4557,-32768
4558,-2429
4559,-200
4560,28105
4561,18926
4562,2501
4563,-21469
4564,-24272
4565,-11859
4566,7643
4567,-6537
4568,11998
4569,-12937
4570,-17701
4571,-18429
4572,-13584
4573,-32768
4574,-21252
4575,-11908
4576,-2937
4577,-2442
4578,-13075
4579,-19547
4580,-4174
4581,-32768
4582,-2802
4583,-7163
4584,-9826
4585,-22558
4586,-6718
4587,-28250
4588,-5341
4589,-16585
4590,15734
4591,7744
4592,10269
4593,-32768
4594,3344
4595,-4554
4596,-32768
4597,-11010
4598,-2181
4599,-1391
4600,-17199
4601,10128
4602,4279
4603,-7785
4604,148
4605,30633
4606,4005
4607,32767
4608,3676
4609,-10979
4610,-32768
4611,-32768
4612,-9005
4613,-12446
4614,8537
4615,-2424
4616,5491
4617,-3727
4618,28577
4619,7532
4620,32767
4621,5329
4622,-8271
4623,-2828
4624,-5683
4625,-1492
4626,18655
4627,13993
4628,-12990
4629,-4738
4630,-32768
4631,539
4632,-9330
4633,-31268
4634,-5052
4635,-16612
4636,-12263
4637,-16115
4638,-12168
4639,-22067
4640,-16923
4641,-11811
4642,25058
4643,10774
4644,8169
4645,-32768
4646,15562
4647,2410
4648,18325
4649,567
4650,-32768
4651,-16354
4652,32767
4653,6557
4654,535
4655,-25285
4656,-23771
4657,7317
4658,-8681
4659,-17736
4660,1849
4661,-6246
4662,-32768
4663,-14705
4664,17745
4665,32767
4666,968
4667,-32768
4668,-2498
4669,-673
4670,-9712
4671,-32379
4672,-24592
4673,-10601
4674,3742
4675,-9491
4676,484
4677,525
4678,-279
4679,-24504
4680,-4798
4681,-14942
4682,-14425
4683,-1175
4684,-16999
4685,-25162
4686,-8269
4687,32767
4688,-471
4689,-18124
4690,7526
4691,-18896
4692,-17115
4693,-32768
4694,2852
4695,-16213
4696,-12657
4697,-31229
4698,3385
4699,-4488
4700,-23912
4701,-8816
4702,-22207
4703,-12221
4704,-32768
4705,-3339
4706,-11940
4707,-15510
4708,-12157
4709,-11970
4710,-16143
4711,-7840
4712,-12309
4713,4971
4714,-23079
4715,-2016
4716,-16070
4717,-18066
4718,-16867
4719,-5679
4720,-14393
4721,-18992
4722,-8507
4723,-12642
4724,-9729
4725,26048
4726,-4926
4727,-13700
4728,-32768
4729,-3038
4730,-27571
4731,-10671
4732,-23383
4733,-29445
4734,-3054
4735,-29475
4736,-4394
4737,-22967
4738,-15978
4739,-11347
4740,-17910
4741,-32768
4742,-2248
4743,-17765
4744,-4272
4745,-5976
4746,-16167
4747,-9782
4748,-15411
4749,-10910
4750,-9285
4751,-20936
4752,-21480
4753,-5847
4754,-13986
4755,-12574
4756,-17646
4757,-17567
4758,-4405
4759,-13628
4760,-14766
4761,-21588
4762,-9939
4763,-18508
4764,-20524
4765,-14894
4766,-15662
4767,-32768
4768,-5059
4769,-5186
4770,-14626
4771,-10049
4772,-19106
4773,-20222
4774,-10275
4775,-22911
4776,-12473
4777,-17892
4778,-26093
4779,-13989
4780,10754
4781,-32768
4782,-2132
4783,-32768
4784,-7518
4785,-17207
4786,-12019
4787,-21220
4788,-15186
4789,-32768
4790,15921
4791,-4553
4792,-27487
4793,-9691
4794,-30109
4795,-11768
4796,-14481
4797,-10174
4798,-22794
4799,-22971
4800,-13924
4801,-21344
4802,-32768
4803,-1459
4804,11886
4805,-6533
4806,-15035
4807,-766
4808,-14326
4809,-3112
4810,-23935
4811,-18772
4812,-15638
4813,-32768
4814,-10409
4815,6365
4816,-10462
4817,6848
4818,-11224
4819,-15607
4820,-31967
4821,-7351
4822,-32768
4823,-3510
4824,-10559
4825,-12559
4826,744
4827,-30269
4828,2074
4829,-8966
4830,-19077
4831,-19376
4832,-24536
4833,-11374
4834,-10074
4835,-16625
4836,-25217
4837,-9116
4838,-25899
4839,-6319
4840,-26630
4841,-7576
4842,-26093
4843,-8163
4844,-10131
4845,-32681
4846,-1858
4847,6479
4848,-14197
4849,-5957
4850,-28717
4851,-19488
4852,-8006
4853,-12938
4854,-19089
4855,-17684
4856,-32768
4857,-8616
4858,-5589
4859,-32768
4860,-3407
4861,-27377
4862,-18681
4863,-10263
4864,-32768
4865,-5550
4866,-16258
4867,-13264
4868,-21938
4869,-32768
4870,-6301
4871,-32768
4872,-7495
4873,-13561
4874,-14204
4875,-19436
4876,-14852
4877,-19278
4878,-15788
4879,-23310
4880,-30420
4881,-7440
4882,10242
4883,7388
4884,-25720
4885,-13318
4886,-8821
4887,-10888
4888,-20708
4889,-16189
4890,-18020
4891,-10827
4892,-19620
4893,-18984
4894,-27022
4895,-6781
4896,-26039
4897,-11347
4898,-15128
4899,-14000
4900,-27335
4901,-10546
4902,-32768
4903,-9136
4904,-10015
4905,3283
4906,4368
4907,-14873
4908,-18154
4909,-25748
4910,-16835
4911,-12000
4912,-12160
4913,-21164
4914,-18734
4915,-14772
4916,-27426
4917,-32768
4918,4569
4919,-17855
4920,-25587
4921,-6700
4922,-14658
4923,-19724
4924,-14789
4925,-11448
4926,-15485
4927,-23830
4928,-8351
4929,-10255
4930,-11271
4931,-14061
4932,-32768
4933,-12287
4934,-10178
4935,-23661
4936,-11293
4937,-23188
4938,-13968
4939,-21475
4940,-19493
4941,-11870
4942,-13845
4943,-13804
4944,4641
4945,-21095
4946,-3129
4947,-15026
4948,-17962
4949,-21749
4950,-10023
4951,-28392
4952,-9141
4953,-32768
4954,-3662
4955,-18066
4956,-21040
4957,-20174
4958,-21550
4959,-13642
4960,-13021
4961,-12743
4962,-19444
4963,-17097
4964,-8737
4965,-20600
4966,-12727
4967,-9013
4968,-11189
4969,-23638
4970,-10132
4971,-9843
4972,-17052
4973,-11268
4974,-32768
4975,-14080
4976,-7738
4977,-22350
4978,-9803
4979,-15757
4980,-7535
4981,-11492
4982,-16314
4983,-5788
4984,-1809
4985,-32768
4986,-7376
4987,-12093
4988,-4640
4989,-24707
4990,-11765
4991,-21105
4992,-29565
4993,-13258
4994,8480
4995,-32768
4996,-1761
4997,-10561
4998,-22585
4999,-11094
5000,-4840
5001,-387
5002,-9415
5003,-3591
5004,-10679
5005,-7189
5006,3343
5007,-6073
5008,-811
5009,-11184
5010,-9355
5011,-1041
5012,-1865
5013,-462
5014,-5484
5015,-5669
5016,1735
5017,5135
5018,-7519
5019,-6381
5020,-32768
5021,-4807
5022,-3974
5023,8865
5024,471
5025,-3748
5026,-8796
5027,-944
5028,-7007
5029,-8392
5030,-5241
5031,-19168
5032,-8672
5033,-10224
5034,-14145
5035,-22398
5036,2411
5037,-841
5038,-5110
5039,3926
5040,-12789
5041,-5738
5042,15158
5043,-2358
5044,-5642
5045,-711
5046,-15416
5047,-2512
5048,-5341
5049,-7714
5050,2701
5051,-32768
5052,-3988
5053,-5296
5054,7567
5055,356
5056,-7319
5057,-11977
5058,-11266
5059,7268
5060,-2652
5061,-10530
5062,-118
5063,-799
5064,-5043
5065,-12288
5066,-16451
5067,-14723
5068,-2018
5069,9045
5070,-29477
5071,-2712
5072,-31845
5073,-5822
5074,7010
5075,-5274
5076,-7768
5077,292
5078,-19621
5079,-7270
5080,-10452
5081,-1088
5082,-5301
5083,-10135
5084,-4916
5085,-4682
5086,-5976
5087,-5952
5088,-3666
5089,-12620
5090,-9424
5091,-12342
5092,-8913
5093,1256
5094,-3045
5095,-9211
5096,-5519
5097,-1208
5098,5296
5099,-4166
5100,-8209
5101,-17129
5102,-11643
5103,-1122
5104,-5855
5105,-3768
5106,-5839
5107,-12633
5108,-6253
5109,-1016
5110,-3915
5111,-10180
5112,-8686
5113,-4952
5114,-16744
5115,-12459
5116,8653
5117,195
5118,-6863
5119,-3772
5120,-9836
5121,-6307
5122,3984
5123,2348
5124,-8788
5125,-23938
5126,-9583
5127,2190
5128,-9774
5129,-9636
5130,2889
5131,-6222
5132,-9813
5133,7083
5134,-28352
5135,-4965
5136,-26731
5137,-5222
5138,6292
5139,-29074
5140,-5473
5141,-485
5142,-8358
5143,-32768
5144,-11702
5145,5815
5146,-8646
5147,-9826
5148,-4144
5149,-17852
5150,-10990
5151,32767
5152,1775
5153,-8378
5154,-2507
5155,11090
5156,-5945
5157,-1203
5158,-26424
5159,-6129
5160,8478
5161,-6023
5162,-7627
5163,-22484
5164,-5770
5165,-5602
5166,-9623
5167,-10418
5168,4506
5169,2953
5170,-25486
5171,-11864
5172,-10642
5173,-9123
5174,-4918
5175,-6999
5176,-21596
5177,-6847
5178,-9302
5179,-25506
5180,-10809
5181,-252
5182,-7042
5183,-10869
5184,-12494
5185,-4892
5186,-2489
5187,-17919
5188,8227
5189,16362
5190,12971
5191,2048
5192,-19772
5193,-32768
5194,-5124
5195,-19224
5196,-7288
5197,-32768
5198,-10183
5199,-17024
5200,-14688
5201,-7807
5202,-32768
5203,-5225
5204,-30619
5205,-12931
5206,-19718
5207,-19938
5208,-14023
5209,-13315
5210,-14074
5211,-14905
5212,-22549
5213,-17310
5214,-23650
5215,-11173
5216,-25419
5217,-18727
5218,-11931
5219,-14464
5220,-15772
5221,-29520
5222,-7655
5223,-29324
5224,-8276
5225,-32768
5226,-6225
5227,-18409
5228,-22006
5229,-13250
5230,-14193
5231,-20639
5232,-31678
5233,-7858
5234,-15995
5235,-11622
5236,-18018
5237,-20834
5238,-20074
5239,-17697
5240,-8234
5241,-18990
5242,-19600
5243,-13988
5244,-25560
5245,-11037
5246,-10156
5247,-13857
5248,-32768
5249,-8623
5250,2305
5251,-7810
5252,-18168
5253,-4915
5254,-2780
5255,21981
5256,1616
5257,-32768
5258,-6088
5259,-27083
5260,-10501
5261,-14236
5262,-13068
5263,3545
5264,-8800
5265,-16320
5266,-12498
5267,-24650
5268,-15378
5269,-10274
5270,-12153
5271,-30272
5272,-21317
5273,-32768
5274,-4837
5275,-15925
5276,-12168
5277,-16054
5278,-12441
5279,-21549
5280,-11803
5281,-32768
5282,-6299
5283,-15809
5284,-16653
5285,-32768
5286,-1526
5287,-10622
5288,-18039
5289,-17879
5290,-11239
5291,-11787
5292,-26022
5293,-32768
5294,-12932
5295,-17415
5296,-2821
5297,-9001
5298,-28116
5299,-8346
5300,-14818
5301,-14822
5302,-10736
5303,-22842
5304,-19132
5305,-8986
5306,-7538
5307,11493
5308,-27470
5309,-4117
5310,-10748
5311,-18423
5312,-8474
5313,-15609
5314,-14467
5315,-24259
5316,-15206
5317,-18519
5318,-19660
5319,-23340
5320,-5252
5321,-13435
5322,-22619
5323,-6637
5324,-32768
5325,-6770
5326,-23726
5327,-14876
5328,-15280
5329,-17568
5330,-13355
5331,-32768
5332,-2490
5333,-13662
5334,-32768
5335,-3058
5336,-15002
5337,-18397
5338,-12396
5339,-22325
5340,-14801
5341,-10512
5342,-13142
5343,3741
5344,-32768
5345,-6483
5346,-32768
5347,-9791
5348,-32768
5349,-5986
5350,-19892
5351,27384
5352,-1077
5353,-18332
5354,-6411
5355,-13142
5356,-13711
5357,-19597
5358,-7635
5359,-12461
5360,-16033
5361,-29286
5362,-4675
5363,-12985
5364,-11410
5365,-24523
5366,-3608
5367,-6911
5368,-7742
5369,-17226
5370,-21381
5371,-14183
5372,-11288
5373,-15112
5374,-10593
5375,-13749
5376,-18747
5377,-32768
5378,-964
5379,-32768
5380,110
5381,-15790
5382,-20460
5383,-7361
5384,-8674
5385,-32768
5386,-7984
5387,-27754
5388,-14495
5389,-32768
5390,-4234
5391,-25156
5392,-5291
5393,-11065
5394,-15367
5395,-23026
5396,-11772
5397,-17071
5398,-32768
5399,-6285
5400,-32768
5401,-5592
5402,-18773
5403,-11866
5404,-13648
5405,-25205
5406,-21402
5407,-11282
5408,-32768
5409,-4701
5410,-13650
5411,-22220
5412,-26131
5413,-2320
5414,-8663
5415,-20581
5416,-11498
5417,-29668
5418,-3090
5419,14269
5420,-442
5421,-6546
5422,-32124
5423,-22113
5424,-11041
5425,-12516
5426,4616
5427,8463
5428,-3437
5429,1627
5430,-7573
5431,889
5432,23382
5433,5836
5434,6189
5435,25616
5436,8299
5437,-28891
5438,452
5439,-2202
5440,-7590
5441,-6384
5442,-20572
5443,-12096
5444,12141
5445,-3864
5446,-10366
5447,6059
5448,-9760
5449,-21063
5450,-32768
5451,-1176
5452,-17112
5453,-1110
5454,-9849
5455,-20651
5456,-5531
5457,-6246
5458,-30038
5459,-27202
5460,7285
5461,-6082
5462,-11294
5463,-32768
5464,-8991
5465,4851
5466,-13151
5467,-9873
5468,8893
5469,3536
5470,32767
5471,-4423
5472,-7312
5473,-32540
5474,1908
5475,1365
5476,273
5477,-29579
5478,-782
5479,20062
5480,12683
5481,-9842
5482,17284
5483,-2664
5484,11307
5485,11007
5486,-7239
5487,32767
5488,3892
5489,22901
5490,26685
5491,15965
5492,5480
5493,11112
5494,-17422
5495,-4891
5496,30921
5497,9965
5498,-26900
5499,-5759
5500,32767
5501,-8996
5502,-1444
5503,-12672
5504,-10760
5505,11759
5506,8538
5507,24039
5508,4951
5509,-7991
5510,-5027
5511,-4754
5512,-31470
5513,-15394
5514,-3972
5515,12643
5516,8362
5517,16102
5518,24814
5519,6483
5520,-1735
5521,-32768
5522,-100
5523,-6590
5524,5297
5525,2182
5526,15043
5527,32767
5528,-4474
5529,-2803
5530,4160
5531,25
5532,-32768
5533,-10006
5534,-2497
5535,-15190
5536,-10620
5537,-32768
5538,4423
5539,-846
5540,6049
5541,-5189
5542,-11372
5543,-26929
5544,-1329
5545,15687
5546,-11201
5547,-9675
5548,-32768
5549,-6516
5550,-8044
5551,14380
5552,-8060
5553,-11563
5554,20703
5555,624
5556,-32768
5557,-997
5558,-275
5559,-14405
5560,13020
5561,-4438
5562,-32768
5563,-32768
5564,5657
5565,-24147
5566,-1804
5567,21233
5568,23389
5569,-10
5570,-1876
5571,10823
5572,695
5573,-5229
5574,9247
5575,32767
5576,-2646
5577,12061
5578,-7966
5579,9943
5580,5783
5581,-8640
5582,12143
5583,14111
5584,1845
5585,12088
5586,14315
5587,20177
5588,12945
5589,16940
5590,22103
5591,10268
5592,16855
5593,28450
5594,12704
5595,-32768
5596,2021
5597,16681
5598,14516
5599,16325
5600,14725
5601,16595
5602,18204
5603,14600
5604,21764
5605,17650
5606,20971
5607,32767
5608,-158
5609,13065
5610,19138
5611,13140
5612,14069
5613,19733
5614,14840
5615,18880
5616,19557
5617,18170
5618,32767
5619,-564
5620,15562
5621,13050
5622,17764
5623,11930
5624,21111
5625,13404
5626,17624
5627,18908
5628,21885
5629,15409
5630,-10920
5631,3345
5632,11860
5633,20352
5634,13329
5635,16064
5636,21194
5637,15388
5638,16882
5639,16633
5640,25227
5641,-7570
5642,6142
5643,17889
5644,14862
5645,13589
5646,17773
5647,16245
5648,17654
5649,17473
5650,20564
5651,14482
5652,23122
5653,-3038
5654,1933
5655,18023
5656,14940
5657,15148
5658,18409
5659,17741
5660,14155
5661,22012
5662,14870
5663,21172
5664,32767
5665,266
5666,17005
5667,14580
5668,13108
5669,17844
5670,15597
5671,18273
5672,18736
5673,17842
5674,13243
5675,16156
5676,32767
5677,-1676
5678,15273
5679,17650
5680,11543
5681,22705
5682,12223
5683,21519
5684,15645
5685,18952
5686,19642
5687,10838
5688,3192
5689,13829
5690,18395
5691,13065
5692,20832
5693,14524
5694,16212
5695,19979
5696,17500
5697,20498
5698,13021
5699,32767
5700,-1964
5701,22214
5702,13225
5703,14142
5704,20158
5705,14190
5706,20793
5707,15366
5708,18669
5709,19486
5710,32767
5711,2120
5712,19390
5713,13590
5714,15782
5715,18790
5716,16169
5717,16806
5718,18562
5719,15985
5720,23937
5721,14352
5722,-23497
5723,2725
5724,15304
5725,15989
5726,15861
5727,15864
5728,16296
5729,19466
5730,15940
5731,23736
5732,12317
5733,-32768
5734,680
5735,22257
5736,13888
5737,17401
5738,14313
5739,17178
5740,18912
5741,13590
5742,21145
5743,17408
5744,15631
5745,32767
5746,1
5747,17591
5748,14313
5749,16421
5750,13897
5751,19605
5752,15157
5753,19053
5754,21723
5755,14306
5756,-32768
5757,67
5758,16000
5759,13589
5760,16520
5761,15938
5762,17485
5763,17323
5764,15668
5765,19030
5766,18672
5767,16780
5768,32767
5769,1477
5770,14039
5771,19598
5772,12520
5773,18049
5774,16901
5775,15924
5776,20163
5777,17061
5778,17513
5779,-32768
5780,3454
5781,16365
5782,15715
5783,16747
5784,15348
5785,19831
5786,14236
5787,18802
5788,16550
5789,16403
5790,23536
5791,-17696
5792,3478
5793,14040
5794,19206
5795,13366
5796,18283
5797,15258
5798,18400
5799,18184
5800,18196
5801,19145
5802,12863
5803,5449
5804,11392
5805,20073
5806,13930
5807,18210
5808,17323
5809,15701
5810,18777
5811,13147
5812,20322
5813,19450
5814,32767
5815,-844
5816,19231
5817,12082
5818,15914
5819,18321
5820,16235
5821,15265
5822,20256
5823,17876
5824,17296
5825,-7739
5826,-1636
5827,23916
5828,14208
5829,12549
5830,17359
5831,17455
5832,17162
5833,16583
5834,16326
5835,19292
5836,15166
5837,-32768
5838,-185
5839,15774
5840,17453
5841,13049
5842,18710
5843,16557
5844,16839
5845,20643
5846,15800
5847,12324
5848,32767
5849,-3053
5850,13982
5851,15540
5852,14840
5853,16869
5854,16513
5855,17239
5856,14940
5857,25101
5858,13362
5859,16831
5860,32767
5861,895
5862,19938
5863,15075
5864,14291
5865,16778
5866,19608
5867,13068
5868,23512
5869,16868
5870,16335
5871,24809
5872,2673
5873,16697
5874,15696
5875,14971
5876,13144
5877,21403
5878,16745
5879,16878
5880,14824
5881,20588
5882,16415
5883,-32768
5884,3472
5885,12288
5886,22213
5887,12756
5888,16459
5889,17178
5890,15047
5891,24780
5892,13842
5893,20115
5894,32767
5895,-810
5896,9079
5897,16327
5898,15888
5899,17935
5900,16417
5901,13025
5902,21110
5903,13539
5904,24689
5905,12978
5906,28661
5907,7768
5908,12401
5909,19901
5910,12284
5911,17486
5912,17920
5913,14003
5914,23102
5915,13596
5916,22844
5917,31844
5918,3851
5919,12795
5920,19465
5921,10035
5922,18066
5923,13745
5924,19258
5925,11132
5926,9467
5927,30480
5928,14174
5929,23576
5930,4129
5931,15707
5932,15814
5933,14649
5934,18044
5935,12021
5936,26400
5937,13606
5938,18145
5939,13336
5940,32767
5941,766
5942,11079
5943,23013
5944,10217
5945,30986
5946,8726
5947,21702
5948,14025
5949,16333
5950,18978
5951,16373
5952,-32768
5953,-4235
5954,-12428
5955,3513
5956,21303
5957,15299
5958,14682
5959,15811
5960,16872
5961,18438
5962,16711
5963,-32768
5964,-3685
5965,21806
5966,14978
5967,12455
5968,19769
5969,13528
5970,17158
5971,17076
5972,19594
5973,14001
5974,11061
5975,-32768
5976,-844
5977,17314
5978,14237
5979,14505
5980,17279
5981,16565
5982,13884
5983,21887
5984,1133
5985,10997
5986,32767
5987,2764
5988,16266
5989,10106
5990,23503
5991,10527
5992,24959
5993,10975
5994,13666
5995,25150
5996,16592
5997,12704
5998,32767
5999,4094
6000,9908
6001,21749
6002,8992
6003,18249
6004,21081
6005,13002
6006,17813
6007,18109
6008,17905
6009,32767
6010,4118
6011,12560
6012,17238
6013,14351
6014,10311
6015,18479
6016,21440
6017,13469
6018,15939
6019,14166
6020,28867
6021,32767
6022,629
6023,10878
6024,15876
6025,16613
6026,13401
6027,20260
6028,10968
6029,25946
6030,17494
6031,24279
6032,32767
6033,3033
6034,15326
6035,16621
6036,14841
6037,13821
6038,16032
6039,17180
6040,18767
6041,15047
6042,21595
6043,4150
6044,32767
6045,-849
6046,17602
6047,18237
6048,9394
6049,21862
6050,16643
6051,20888
6052,8723
6053,19695
6054,10155
6055,17776
6056,4643
6057,11048
6058,12093
6059,19853
6060,18584
6061,13012
6062,11794
6063,20982
6064,14841
6065,18781
6066,16458
6067,32767
6068,-1872
6069,20153
6070,7767
6071,12520
6072,-1282
6073,9522
6074,17782
6075,16770
6076,21858
6077,13202
6078,-32768
6079,53
6080,27174
6081,3779
6082,12068
6083,28564
6084,8315
6085,21202
6086,16790
6087,14623
6088,30820
6089,9941
6090,-32768
6091,-3289
6092,25284
6093,11075
6094,13053
6095,15330
6096,17556
6097,18210
6098,14914
6099,31089
6100,10893
6101,-32768
6102,-2236
6103,16246
6104,11506
6105,15816
6106,20586
6107,11548
6108,22371
6109,14115
6110,21685
6111,12991
6112,18598
6113,32767
6114,3276
6115,11768
6116,14587
6117,23144
6118,12341
6119,30234
6120,4126
6121,15207
6122,11513
6123,7836
6124,-21045
6125,3816
6126,20188
6127,10595
6128,24250
6129,10870
6130,19824
6131,15972
6132,16153
6133,18009
6134,20565
6135,17180
6136,7925
6137,5252
6138,9364
6139,32767
6140,855
6141,19974
6142,14472
6143,13359
6144,19056
6145,15153
6146,23071
6147,32767
6148,3465
6149,11273
6150,14358
6151,18163
6152,14427
6153,14686
6154,19702
6155,13490
6156,26738
6157,14826
6158,20356
6159,560
6160,-1693
6161,11566
6162,21568
6163,12238
6164,19982
6165,17885
6166,12354
6167,32245
6168,10006
6169,32579
6170,32767
6171,-2332
6172,17092
6173,11366
6174,14612
6175,16408
6176,16831
6177,18885
6178,24213
6179,7306
6180,21780
6181,15937
6182,7759
6183,8077
6184,11499
6185,17777
6186,15106
6187,21400
6188,14240
6189,22355
6190,7934
6191,17091
6192,22699
6193,9969
6194,8273
6195,16008
6196,21404
6197,8183
6198,24799
6199,13189
6200,15664
6201,18885
6202,13517
6203,18903
6204,20972
6205,32767
6206,3217
6207,21183
6208,13113
6209,13988
6210,13873
6211,12189
6212,15154
6213,20895
6214,15851
6215,18328
6216,32767
6217,-3093
6218,22999
6219,13213
6220,13006
6221,17118
6222,13832
6223,21752
6224,12995
6225,22672
6226,22342
6227,10095
6228,-32768
6229,-3171
6230,13549
6231,13266
6232,15473
6233,14008
6234,27414
6235,10659
6236,26884
6237,15411
6238,18043
6239,-32768
6240,669
6241,10411
6242,20221
6243,16239
6244,15302
6245,20002
6246,16215
6247,14661
6248,23496
6249,8517
6250,12958
6251,32767
6252,4860
6253,16467
6254,13517
6255,18012
6256,12014
6257,32767
6258,476
6259,21476
6260,17123
6261,15701
6262,32767
6263,3254
6264,13854
6265,17205
6266,27950
6267,5684
6268,25295
6269,18166
6270,11651
6271,24317
6272,19887
6273,11360
6274,-1354
6275,-7775
6276,1986
6277,4785
6278,-7144
6279,9369
6280,30456
6281,9675
6282,23926
6283,15734
6284,19747
6285,-32768
6286,-3922
6287,-3413
6288,15705
6289,11480
6290,14989
6291,20802
6292,12547
6293,19905
6294,23066
6295,15898
6296,14826
6297,14201
6298,1014
6299,13098
6300,14195
6301,16767
6302,16905
6303,16305
6304,20937
6305,32767
6306,5546
6307,32767
6308,-9514
6309,6601
6310,15575
6311,16419
6312,11765
6313,23052
6314,12810
6315,17788
6316,26758
6317,6358
6318,14541
6319,24172
6320,32767
6321,-1232
6322,18670
6323,14272
6324,13775
6325,32767
6326,4950
6327,22691
6328,5552
6329,13942
6330,25033
6331,23497
6332,5113
6333,12514
6334,18655
6335,12280
6336,23005
6337,13466
6338,20886
6339,12028
6340,15331
6341,24275
6342,12847
6343,-32768
6344,-317
6345,23709
6346,11548
6347,18863
6348,14974
6349,13510
6350,19428
6351,12296
6352,29811
6353,13945
6354,-32768
6355,784
6356,20676
6357,13895
6358,11796
6359,19681
6360,11987
6361,24501
6362,17458
6363,15462
6364,20663
6365,13120
6366,-32768
6367,-648
6368,17157
6369,19549
6370,14617
6371,17979
6372,26646
6373,6212
6374,25387
6375,20797
6376,9262
6377,32767
6378,182
6379,20364
6380,14504
6381,17395
6382,16939
6383,18883
6384,10960
6385,6654
6386,32767
6387,6136
6388,16845
6389,32767
6390,-382
6391,14184
6392,14728
6393,13895
6394,10663
6395,32437
6396,7660
6397,29257
6398,10797
6399,17804
6400,-32768
6401,4090
6402,14832
6403,15069
6404,25168
6405,7337
6406,22689
6407,13044
6408,21702
6409,14421
6410,17253
6411,22071
6412,21984
6413,4770
6414,7049
6415,16666
6416,17367
6417,17784
6418,15974
6419,13700
6420,19616
6421,16359
6422,32767
6423,-185
6424,9819
6425,7207
6426,11536
6427,18027
6428,14924
6429,18731
6430,18493
6431,23050
6432,10797
6433,18675
6434,20226
6435,15130
6436,7620
6437,13919
6438,16404
6439,15377
6440,21533
6441,15071
6442,19961
6443,11791
6444,10452
6445,32492
6446,22700
6447,3548
6448,16522
6449,17491
6450,14007
6451,18838
6452,15280
6453,13547
6454,27495
6455,9115
6456,17658
6457,21734
6458,-32768
6459,130
6460,26211
6461,12063
6462,13657
6463,25142
6464,7647
6465,27690
6466,11580
6467,19720
6468,17552
6469,-3105
6470,-4093
6471,29741
6472,12773
6473,10695
6474,22652
6475,11371
6476,19746
6477,14932
6478,24796
6479,13153
6480,18825
6481,-32768
6482,1931
6483,21994
6484,9404
6485,14916
6486,17101
6487,19658
6488,13332
6489,23183
6490,16778
6491,19600
6492,32767
6493,89
6494,19306
6495,11811
6496,13821
6497,18045
6498,15887
6499,19630
6500,17591
6501,17790
6502,23002
6503,10876
6504,-32768
6505,-2044
6506,14993
6507,14812
6508,15675
6509,17147
6510,17990
6511,16501
6512,15350
6513,28866
6514,8885
6515,-32768
6516,-657
6517,16500
6518,17127
6519,13553
6520,16445
6521,16519
6522,16417
6523,16234
6524,20015
6525,15365
6526,17367
6527,32767
6528,-1621
6529,11834
6530,23707
6531,10619
6532,15605
6533,16945
6534,16873
6535,16497
6536,19041
6537,20389
6538,32767
6539,1888
6540,19421
6541,10140
6542,18902
6543,13460
6544,17757
6545,17403
6546,17624
6547,17561
6548,25035
6549,13312
6550,32767
6551,3902
6552,13873
6553,15183
6554,16641
6555,16123
6556,17368
6557,16906
6558,15914
6559,19116
6560,15812
6561,-32768
6562,18
6563,14121
6564,16326
6565,12524
6566,22095
6567,14011
6568,21470
6569,14820
6570,18150
6571,18794
6572,20206
6573,32767
6574,-865
6575,14105
6576,15221
6577,18461
6578,14092
6579,20694
6580,12546
6581,23204
6582,15074
6583,21348
6584,26170
6585,3992
6586,20179
6587,12205
6588,18502
6589,14527
6590,18771
6591,12980
6592,20775
6593,15039
6594,20263
6595,16315
6596,32767
6597,1565
6598,12972
6599,18055
6600,12555
6601,18287
6602,14681
6603,17097
6604,18912
6605,18691
6606,16395
6607,-32768
6608,66
6609,14118
6610,17642
6611,13694
6612,16159
6613,16799
6614,16816
6615,16717
6616,19733
6617,16976
6618,19828
6619,32767
6620,-1340
6621,16255
6622,13069
6623,16322
6624,15903
6625,19244
6626,15216
6627,21726
6628,15088
6629,23273
6630,32767
6631,2311
6632,16270
6633,15411
6634,13654
6635,15622
6636,19782
6637,15073
6638,19057
6639,16653
6640,22729
6641,14385
6642,-32768
6643,779
6644,18042
6645,17477
6646,12950
6647,20646
6648,14125
6649,18117
6650,14330
6651,27086
6652,10265
6653,32767
6654,741
6655,14187
6656,24418
6657,9776
6658,18525
6659,15425
6660,19490
6661,14334
6662,18093
6663,20671
6664,14891
6665,32767
6666,-189
6667,16655
6668,13196
6669,17838
6670,12568
6671,20952
6672,12083
6673,20167
6674,18906
6675,19899
6676,-32768
6677,180
6678,19860
6679,15927
6680,13652
6681,16006
6682,16827
6683,16687
6684,20910
6685,14087
6686,25701
6687,12010
6688,32767
6689,457
6690,15187
6691,16228
6692,12811
6693,19734
6694,13243
6695,21684
6696,17311
6697,17946
6698,17145
6699,-32768
6700,16
6701,19033
6702,14419
6703,14541
6704,21397
6705,14109
6706,21191
6707,13711
6708,22822
6709,17268
6710,15337
6711,-25131
6712,3099
6713,15994
6714,14255
6715,17451
6716,15397
6717,19399
6718,14006
6719,23655
6720,14134
6721,19640
6722,-32768
6723,990
6724,17245
6725,16814
6726,16795
6727,12888
6728,21703
6729,13567
6730,16695
6731,17073
6732,18244
6733,19589
6734,32767
6735,1995
6736,13847
6737,17777
6738,12197
6739,18762
6740,14333
6741,16602
6742,20029
6743,19390
6744,14680
6745,-32768
6746,2800
6747,8738
6748,15557
6749,14361
6750,17781
6751,17038
6752,16391
6753,16167
6754,21551
6755,17443
6756,22170
6757,32767
6758,756
6759,16872
6760,13789
6761,13773
6762,18518
6763,18925
6764,14416
6765,27134
6766,13841
6767,19911
6768,32767
6769,-123
6770,16588
6771,14067
6772,17486
6773,13370
6774,24128
6775,11738
6776,26295
6777,10531
6778,21956
6779,16768
6780,-32768
6781,-405
6782,15846
6783,19069
6784,11335
6785,26299
6786,12155
6787,17848
6788,16143
6789,26241
6790,11391
6791,32767
6792,-752
6793,13574
6794,15724
6795,12662
6796,19705
6797,14280
6798,18799
6799,15521
6800,17681
6801,19244
6802,17933
6803,32767
6804,-817
6805,24075
6806,10362
6807,18874
6808,14713
6809,18400
6810,15425
6811,15950
6812,23671
6813,14834
6814,-32768
6815,-1211
6816,18922
6817,14754
6818,17369
6819,14729
6820,15876
6821,17813
6822,20003
6823,14281
6824,27635
6825,12489
6826,-32768
6827,892
6828,18249
6829,13458
6830,17077
6831,15932
6832,18653
6833,16430
6834,15622
6835,29843
6836,11129
6837,-4459
6838,2500
6839,15829
6840,14073
6841,15508
6842,19401
6843,13363
6844,26144
6845,12504
6846,22627
6847,14449
6848,20929
6849,-32768
6850,2263
6851,17466
6852,14427
6853,15248
6854,17771
6855,18890
6856,12344
6857,21104
6858,20091
6859,15609
6860,-18923
6861,2619
6862,16689
6863,15108
6864,16276
6865,16080
6866,16124
6867,16311
6868,20183
6869,15538
6870,16248
6871,21947
6872,32767
6873,4594
6874,13994
6875,18048
6876,10059
6877,18765
6878,18427
6879,14265
6880,21974
6881,16436
6882,20272
6883,32767
6884,1643
6885,14782
6886,16868
6887,14616
6888,15899
6889,17145
6890,15304
6891,21413
6892,15091
6893,19310
6894,19087
6895,-32768
6896,-82
6897,17242
6898,13864
6899,11670
6900,22430
6901,17310
6902,15123
6903,21051
6904,16887
6905,19310
6906,32767
6907,2294
6908,15584
6909,16710
6910,13333
6911,19111
6912,17374
6913,14861
6914,19259
6915,15106
6916,21371
6917,16828
6918,32767
6919,314
6920,20518
6921,14364
6922,15454
6923,14839
6924,17098
6925,19307
6926,13789
6927,20256
6928,18649
6929,-6074
6930,2722
6931,15716
6932,16141
6933,14511
6934,18286
6935,15888
6936,17338
6937,17468
6938,16972
6939,20109
6940,16008
6941,-4016
6942,-2368
6943,14689
6944,12503
6945,17145
6946,17123
6947,13161
6948,18351
6949,17658
6950,22021
6951,18026
6952,28913
6953,4564
6954,13764
6955,10904
6956,18524
6957,18828
6958,14435
6959,17985
6960,14915
6961,22510
6962,15443
6963,21834
6964,28476
6965,3109
6966,17248
6967,14972
6968,15641
6969,12420
6970,23584
6971,14305
6972,19587
6973,16498
6974,17146
6975,-32768
6976,-978
6977,17949
6978,12649
6979,20888
6980,15864
6981,15681
6982,15980
6983,16270
6984,21490
6985,19213
6986,13172
6987,-32768
6988,3049
6989,10112
6990,16864
6991,14512
6992,23301
6993,11752
6994,16953
6995,18102
6996,21689
6997,18236
6998,-15716
6999,6838
7000,16293
7001,15000
7002,12734
7003,17010
7004,23022
7005,14035
7006,13574
7007,20811
7008,14882
7009,15513
7010,32767
7011,-3070
7012,16355
7013,23332
7014,10428
7015,14696
7016,19852
7017,16284
7018,15990
7019,15800
7020,18512
7021,32767
7022,2920
7023,17543
7024,15118
7025,15408
7026,16824
7027,14462
7028,11370
7029,22685
7030,13396
7031,32767
7032,9590
7033,32767
7034,-1852
7035,21237
7036,13388
7037,15709
7038,13937
7039,19349
7040,16797
7041,15458
7042,27676
7043,10385
7044,32767
7045,-348
7046,16925
7047,17182
7048,10312
7049,23742
7050,10934
7051,32767
7052,4817
7053,26083
7054,14352
7055,17006
7056,32767
7057,-1490
7058,18945
7059,14239
7060,11683
7061,14858
7062,21928
7063,13260
7064,15934
7065,17687
7066,18042
7067,4653
7068,1689
7069,17703
7070,11926
7071,24568
7072,13696
7073,14983
7074,14630
7075,18497
7076,17707
7077,17156
7078,16938
7079,32767
7080,-4033
7081,2527
7082,16210
7083,12795
7084,14354
7085,17228
7086,17471
7087,17518
7088,16717
7089,23002
7090,7190
7091,5304
7092,18618
7093,11108
7094,19442
7095,11980
7096,17844
7097,15787
7098,17895
7099,16292
7100,16152
7101,32767
7102,1629
7103,9232
7104,10165
7105,14626
7106,16530
7107,15675
7108,15277
7109,19849
7110,15510
7111,18517
7112,18921
7113,32767
7114,2896
7115,12303
7116,16541
7117,16152
7118,16038
7119,19237
7120,10481
7121,25975
7122,15247
7123,15494
7124,21551
7125,32767
7126,-4686
7127,8339
7128,32767
7129,4829
7130,32767
7131,11181
7132,10786
7133,18674
7134,17091
7135,27679
7136,-1800
7137,5159
7138,12010
7139,29541
7140,7169
7141,20671
7142,15537
7143,20487
7144,15576
7145,11932
7146,20322
7147,14975
7148,19444
7149,-4490
7150,25028
7151,10758
7152,12257
7153,27296
7154,9099
7155,17669
7156,16270
7157,27979
7158,12012
7159,32767
7160,-2506
7161,12839
7162,21896
7163,13303
7164,23203
7165,8744
7166,19168
7167,13952
7168,14666
7169,-32768
7170,1910
7171,32767
7172,3121
7173,10595
7174,18449
7175,15362
7176,12648
7177,16296
7178,13897
7179,12823
7180,28088
7181,16992
7182,-7899
7183,4640
7184,15540
7185,21063
7186,13034
7187,21445
7188,8344
7189,32767
7190,6318
7191,14888
7192,16350
7193,19963
7194,32767
7195,2673
7196,12543
7197,6940
7198,32411
7199,7754
7200,28274
7201,10960
7202,13654
7203,32767
7204,8344
7205,-32768
7206,-3759
7207,-2304
7208,10837
7209,18842
7210,12773
7211,15390
7212,28121
7213,11460
7214,19968
7215,16353
7216,21233
7217,-32768
7218,4096
7219,18818
7220,8493
7221,13306
7222,15177
7223,27579
7224,8370
7225,28796
7226,14664
7227,14207
7228,-32768
7229,189
7230,16583
7231,12993
7232,25875
7233,8538
7234,21855
7235,14504
7236,14017
7237,31114
7238,5750
7239,32767
7240,-18574
7241,4009
7242,11825
7243,16609
7244,16050
7245,17298
7246,22219
7247,8862
7248,32767
7249,10467
7250,15027
7251,-32768
7252,-1413
7253,8851
7254,15424
7255,14582
7256,10148
7257,32767
7258,4902
7259,4448
7260,21230
7261,6669
7262,9482
7263,32178
7264,7511
7265,10585
7266,25118
7267,2612
7268,16012
7269,10369
7270,2953
7271,14938
7272,7989
7273,15055
7274,19727
7275,4703
7276,4740
7277,7369
7278,-3894
7279,-11846
7280,-9353
7281,3058
7282,-4731
7283,-3715
7284,15863
7285,-32768
7286,711
7287,-32768
7288,-1460
7289,21467
7290,6194
7291,-15137
7292,-131
7293,10699
7294,-10875
7295,-9453
7296,-9740
7297,-4280
7298,-6251
7299,-32768
7300,-8619
7301,-10463
7302,-8477
7303,18723
7304,2753
7305,14751
7306,8907
7307,18652
7308,13603
7309,11201
7310,-28157
7311,-2794
7312,32767
7313,4267
7314,-32768
7315,7021
7316,-32768
7317,-5714
7318,-8010
7319,32767
7320,-1578
7321,-20255
7322,-12050
7323,-16647
7324,-25031
7325,-5994
7326,-16551
7327,-1085
7328,-9713
7329,-18747
7330,-8118
7331,-10148
7332,-2273
7333,7862
7334,-13806
7335,-12958
7336,-14584
7337,-26996
7338,-13575
7339,-21401
7340,-17427
7341,17305
7342,-1677
7343,-28937
7344,-11406
7345,-20180
7346,-8980
7347,-18341
7348,-15777
7349,-21801
7350,-14356
7351,-21224
7352,-5623
7353,-16529
7354,-15318
7355,-32768
7356,-4495
7357,-12980
7358,-17928
7359,-25098
7360,-12825
7361,-16154
7362,-11036
7363,-15329
7364,-23410
7365,-12442
7366,-16221
7367,-12991
7368,-11863
7369,-24825
7370,-17753
7371,-10538
7372,-11652
7373,-23720
7374,-13239
7375,-32768
7376,-7757
7377,-26839
7378,32767
7379,2
7380,1873
7381,-7784
7382,-18056
7383,-28076
7384,-3182
7385,-20305
7386,-9124
7387,-24650
7388,-16055
7389,-32768
7390,-3404
7391,-32768
7392,-4852
7393,-27080
7394,-12104
7395,-13992
7396,-31879
7397,-11384
7398,-15339
7399,-32768
7400,-9210
7401,-17436
7402,-3753
7403,-5977
7404,-7310
7405,1952
7406,-15511
7407,-2752
7408,-23368
7409,-1648
7410,32767
7411,-46
7412,32767
7413,-2369
7414,-15283
7415,-12102
7416,-10631
7417,-19498
7418,-18982
7419,-10944
7420,-20937
7421,-22676
7422,-11689
7423,-15577
7424,-32768
7425,-2292
7426,-13002
7427,-32768
7428,-3470
7429,-14256
7430,-15805
7431,-18042
7432,-25135
7433,-1034
7434,-23721
7435,-14805
7436,15659
7437,-4751
7438,-19759
7439,-18101
7440,-14949
7441,-14825
7442,-17837
7443,-15069
7444,-24482
7445,-10335
7446,-19015
7447,-12840
7448,-31049
7449,-10029
7450,-17928
7451,-20882
7452,-31102
7453,-8110
7454,-14312
7455,-8647
7456,-18364
7457,-19243
7458,-16274
7459,-12210
7460,-14358
7461,-6436
7462,4486
7463,-32768
7464,-5769
7465,4236
7466,-6449
7467,-8988
7468,-15630
7469,-15083
7470,16739
7471,670
7472,-11238
7473,2454
7474,-12115
7475,-13227
7476,-18064
7477,-10427
7478,-10092
7479,-13220
7480,-18707
7481,-30559
7482,-9836
7483,-3031
7484,-9964
7485,-12848
7486,-7447
7487,6839
7488,-20252
7489,-5783
7490,-32768
7491,4278
7492,-3637
7493,-5416
7494,-10567
7495,-4724
7496,-13676
7497,-11364
7498,-9836
7499,-10188
7500,-7719
7501,-842
7502,-4937
7503,-12373
7504,-32675
7505,-8233
7506,-2491
7507,-12830
7508,-7376
7509,-6717
7510,-3867
7511,-22456
7512,-12120
7513,-13551
7514,-7835
7515,-1869
7516,-32768
7517,-4568
7518,-11670
7519,-17205
7520,-9550
7521,-10092
7522,-8704
7523,-25962
7524,-10602
7525,-5864
7526,-22566
7527,-13927
7528,-9609
7529,-20988
7530,-13653
7531,-7123
7532,-7777
7533,-10831
7534,-15363
7535,-19314
7536,-9025
7537,1149
7538,4719
7539,-25076
7540,-3872
7541,-23261
7542,-2583
7543,-5818
7544,-16849
7545,-7252
7546,-5248
7547,-15895
7548,-9147
7549,-17024
7550,-15491
7551,-12151
7552,-10180
7553,-10683
7554,-19397
7555,-13863
7556,-19459
7557,-12196
7558,-11293
7559,-16869
7560,-15164
7561,-26929
7562,-9265
7563,2327
7564,-5352
7565,-17688
7566,-14201
7567,-13082
7568,-27045
7569,-14406
7570,-15844
7571,-9617
7572,-10926
7573,-32768
7574,-7187
7575,-14406
7576,-15884
7577,-15355
7578,-21062
7579,-32768
7580,-2526
7581,-17852
7582,-12906
7583,-32768
7584,-4443
7585,-32768
7586,-10966
7587,5062
7588,-4132
7589,-16035
7590,-28644
7591,-12749
7592,-14509
7593,-5763
7594,19547
7595,962
7596,-2631
7597,-10391
7598,-20919
7599,-12544
7600,-26254
7601,-10803
7602,-14152
7603,-12101
7604,-20088
7605,-9296
7606,-32768
7607,-4643
7608,-32768
7609,-6313
7610,-32768
7611,-4090
7612,-8273
7613,-23466
7614,-10729
7615,-15647
7616,-20718
7617,-10596
7618,-31077
7619,-15984
7620,-8285
7621,-13058
7622,-18810
7623,-6353
7624,32767
7625,32767
7626,6013
7627,-3604
7628,-7309
7629,-22381
7630,-22033
7631,-8976
7632,1923
7633,-32768
7634,156
7635,-13301
7636,-12953
7637,-11183
7638,-4719
7639,-3220
7640,-18578
7641,-18109
7642,-15680
7643,-10587
7644,-10475
7645,-32121
7646,-10384
7647,-4897
7648,-11441
7649,-23233
7650,-19295
7651,-6985
7652,-9624
7653,-6725
7654,-32768
7655,-9087
7656,-3664
7657,-15225
7658,-11346
7659,-14248
7660,-13918
7661,-1437
7662,-16384
7663,-6195
7664,-14719
7665,-16328
7666,-29003
7667,-4381
7668,-9153
7669,-13305
7670,-25010
7671,-6291
7672,-22696
7673,-8755
7674,-14557
7675,-15532
7676,-19158
7677,-17472
7678,-16989
7679,-13775
7680,-14645
7681,-16363
7682,4927
7683,-5846
7684,-20575
7685,-12611
7686,-18802
7687,-29980
7688,-13236
7689,-29717
7690,-5977
7691,-10363
7692,-14161
7693,-11448
7694,-26740
7695,-7843
7696,-7217
7697,-15821
7698,-13034
7699,-3905
7700,-5141
7701,-2555
7702,-24110
7703,-8934
7704,-3797
7705,-11473
7706,-22561
7707,-10225
7708,-11376
7709,-13493
7710,-14158
7711,-32768
7712,-1053
7713,-14137
7714,-16752
7715,-25167
7716,-9605
7717,-21814
7718,-12871
7719,-17891
7720,-19974
7721,-13197
7722,-8116
7723,-32768
7724,-5402
7725,-13958
7726,-20285
7727,-9208
7728,-11449
7729,-17538
7730,-19604
7731,-20331
7732,-32768
7733,-9424
7734,-26483
7735,-4841
7736,-24168
7737,-6902
7738,-14388
7739,-12309
7740,-27599
7741,-10289
7742,-19065
7743,-10216
7744,-19112
7745,-20220
7746,-17576
7747,-5775
7748,-25972
7749,-10630
7750,-17613
7751,10941
7752,-186
7753,197
7754,-3206
7755,-8330
7756,2350
7757,32767
7758,459
7759,-9282
7760,-17451
7761,-12167
7762,-11094
7763,-13945
7764,-27345
7765,-8914
7766,-20976
7767,-6578
7768,-13079
7769,-25170
7770,-12999
7771,-8173
7772,-23356
7773,-5424
7774,-15493
7775,-15094
7776,-18723
7777,-6627
7778,-7353
7779,-10593
7780,-16837
7781,-16189
7782,-15284
7783,-14260
7784,1815
7785,-2333
7786,-8849
7787,-9348
7788,-10912
7789,-17549
7790,-7538
7791,-9732
7792,-13937
7793,-9765
7794,-10733
7795,-12415
7796,-7077
7797,-5700
7798,-32768
7799,-1790
7800,7639
7801,-14131
7802,-12442
7803,-14052
7804,-10396
7805,-5384
7806,-13699
7807,-3930
7808,-3920
7809,-305
7810,-27774
7811,-7362
7812,-8502
7813,-7439
7814,-3255
7815,-32768
7816,-3129
7817,-7504
7818,-11436
7819,-9554
7820,-5402
7821,-1468
7822,-12303
7823,-15672
7824,-6465
7825,-31549
7826,-6044
7827,-32768
7828,-4217
7829,4301
7830,-5902
7831,-13291
7832,-18509
7833,-3800
7834,-9613
7835,-11229
7836,-6629
7837,8618
7838,-32768
7839,-1585
7840,-1134
7841,-10539
7842,4665
7843,-5428
7844,-16342
7845,-4571
7846,1430
7847,-11062
7848,-2151
7849,-444
7850,-19001
7851,-2248
7852,-23880
7853,-8697
7854,-9328
7855,-13136
7856,-32164
7857,-9333
7858,-11862
7859,-8981
7860,-14246
7861,-32768
7862,-3357
7863,-32768
7864,-6193
7865,-30204
7866,-12296
7867,-32768
7868,-3882
7869,-21621
7870,-14146
7871,-18178
7872,-12761
7873,-14317
7874,-25733
7875,-8576
7876,-30262
7877,-4180
7878,-19216
7879,-9522
7880,-15462
7881,-7364
7882,-28361
7883,-5741
7884,-23230
7885,-11568
7886,-14865
7887,-27147
7888,-11506
7889,-17471
7890,-9373
7891,-32768
7892,-9255
7893,-22468
7894,-18968
7895,-15640
7896,-3112
7897,-24143
7898,-29783
7899,-147
7900,-928
7901,-15587
7902,-10132
7903,-16294
7904,-17205
7905,-9090
7906,-17125
7907,-19637
7908,-14775
7909,-21524
7910,-16944
7911,-11195
7912,-514
7913,-4530
7914,-24287
7915,-11394
7916,-12158
7917,-5339
7918,-32768
7919,-4845
7920,-11874
7921,-13694
7922,-11259
7923,32767
7924,7155
7925,10410
7926,-10246
7927,-10295
7928,-20088
7929,-5269
7930,8288
7931,21488
7932,-2967
7933,-15900
7934,-15038
7935,-14325
7936,-14902
7937,-25535
7938,-10963
7939,-9300
7940,-15680
7941,-12010
7942,-12445
7943,-20308
7944,-8805
7945,-2829
7946,-22769
7947,-10059
7948,-22274
7949,-17989
7950,-15681
7951,-16736
7952,-10735
7953,-12893
7954,-11914
7955,-12238
7956,-16681
7957,-25478
7958,-9001
7959,-21081
7960,-8672
7961,-12613
7962,-22720
7963,-11747
7964,-29032
7965,-2951
7966,2383
7967,-10296
7968,-6123
7969,-12007
7970,-4756
7971,-24434
7972,-1914
7973,-27146
7974,-2117
7975,8574
7976,-1337
7977,-1623
7978,-32301
7979,-12468
7980,-3574
7981,-1481
7982,-1951
7983,958
7984,32767
7985,-4088
7986,-7562
7987,-18144
7988,-3099
7989,-6293
7990,-13496
7991,-9960
7992,-14839
7993,2351
7994,3468
7995,-13009
7996,-2018
7997,-3939
7998,-4813
7999,-19071
8000,-9210
8001,-1749
8002,-5702
8003,-582
8004,-4293
8005,-3767
8006,-8562
8007,-13226
8008,2859
8009,6211
8010,-21328
8011,-9715
8012,-7039
8013,-9811
8014,-2785
8015,-8128
8016,-12196
8017,-3851
8018,-8548
8019,-10812
8020,-4517
8021,-6428
8022,-13538
8023,-17985
8024,-1470
8025,79
8026,-27615
8027,65
8028,7692
8029,-32768
8030,-4293
8031,366
8032,-2744
8033,-21842
8034,-5963
8035,989
8036,-19919
8037,-10207
8038,12308
8039,-12617
8040,6022
8041,8291
8042,5326
8043,-20516
8044,-9004
8045,-20633
8046,-14354
8047,776
8048,-1176
8049,-7368
8050,-9911
8051,-8606
8052,-27630
8053,-10942
8054,1687
8055,-13278
8056,-11627
8057,-18515
8058,5075
8059,6419
8060,-15780
8061,-8509
8062,-32768
8063,2880
8064,-2396
8065,-22538
8066,4510
8067,-3993
8068,-16298
8069,-18796
8070,-5381
8071,9126
8072,-5005
8073,-8968
8074,-16870
8075,-5800
8076,-7970
8077,-9725
8078,-13115
8079,-32768
8080,-12064
8081,-7507
8082,-12656
8083,-18640
8084,-10534
8085,-12273
8086,-11148
8087,-9813
8088,-24436
8089,-11728
8090,-2306
8091,-13184
8092,-18642
8093,-22124
8094,-12772
8095,-4435
8096,-7789
8097,-16235
8098,-12523
8099,-15004
8100,-13280
8101,-17742
8102,-20763
8103,-10844
8104,-7159
8105,-27574
8106,-9444
8107,-17380
8108,-12656
8109,-12448
8110,-18172
8111,-18625
8112,-11834
8113,-10569
8114,-26258
8115,-12903
8116,-22030
8117,-7221
8118,-9611
8119,-2559
8120,-17324
8121,-16827
8122,-28925
8123,-11224
8124,-5911
8125,-32768
8126,-7995
8127,-13197
8128,-21139
8129,-8357
8130,-27332
8131,-10104
8132,-19455
8133,-12187
8134,-18760
8135,-11114
8136,-22803
8137,-9966
8138,-13704
8139,-18994
8140,-9908
8141,-16360
8142,-14515
8143,-32768
8144,-9475
8145,-20246
8146,-9570
8147,-20872
8148,-29416
8149,-5227
8150,-13467
8151,-20188
8152,-18658
8153,-17029
8154,-12157
8155,-14390
8156,-24248
8157,-12046
8158,-29043
8159,-14027
8160,-32768
8161,-2324
8162,-18462
8163,-8888
8164,-13091
8165,-10306
8166,-14967
8167,-15077
8168,-16390
8169,-21190
8170,-11435
8171,-11724
8172,-22807
8173,-7600
8174,-16388
8175,-13573
8176,-32768
8177,-10405
8178,-12262
8179,-11045
8180,-28074
8181,-6582
8182,-12129
8183,-28459
8184,-3451
8185,-12307
8186,-16910
8187,-32768
8188,-7545
8189,-22122
8190,-11422
8191,-21769
8192,-11980
8193,-32412
8194,-3351
8195,-13714
8196,-22241
8197,-13735
8198,-25788
8199,-9802
8200,-28506
8201,-14518
8202,-1199
8203,-1258
8204,-31163
8205,-12029
8206,-23298
8207,-14298
8208,-27208
8209,-8745
8210,-13704
8211,-16455
8212,-20864
8213,-17034
8214,-11149
8215,-7627
8216,1127
8217,32767
8218,5025
8219,-32768
8220,-7384
8221,-28332
8222,-8850
8223,-13766
8224,-16583
8225,-7130
8226,32767
8227,9092
8228,2052
8229,-22980
8230,-19052
8231,-11301
8232,-10134
8233,-14115
8234,-16713
8235,-12239
8236,-21221
8237,-15300
8238,-20511
8239,-9301
8240,-32768
8241,-3878
8242,-4809
8243,-24610
8244,-9997
8245,-19797
8246,-10354
8247,-18664
8248,-19277
8249,-11493
8250,-21958
8251,-9064
8252,-18668
8253,2631
8254,-7197
8255,-32768
8256,-12518
8257,4204
8258,-8283
8259,-20197
8260,-16410
8261,-26212
8262,-8669
8263,-32768
8264,-5600
8265,-15019
8266,-15732
8267,-30655
8268,-11254
8269,-25324
8270,-11092
8271,-32768
8272,-4120
8273,-21780
8274,-12835
8275,32767
8276,-685
8277,-15256
8278,-13164
8279,-12853
8280,-8285
8281,1853
8282,-12669
8283,-10632
8284,-30784
8285,-4817
8286,-13338
8287,-8899
8288,-23224
8289,-14997
8290,-13047
8291,-15090
8292,-19815
8293,-17610
8294,-18590
8295,-12589
8296,-13767
8297,-19565
8298,13805
8299,-4013
8300,-14517
8301,-18158
8302,-17381
8303,-8345
8304,-24376
8305,-10043
8306,-24827
8307,-15567
8308,-30215
8309,-10947
8310,-29685
8311,-2976
8312,-5449
8313,-14677
8314,-13132
8315,-11109
8316,-3998
8317,-32768
8318,-3595
8319,-9457
8320,-11670
8321,32767
8322,533
8323,-1757
8324,-32768
8325,-5650
8326,-15365
8327,-5160
8328,-31311
8329,-10592
8330,-8451
8331,-9680
8332,-24094
8333,-8381
8334,-8414
8335,-3191
8336,-9336
8337,-5021
8338,-32768
8339,-13543
8340,-20245
8341,-6327
8342,-4408
8343,-2738
8344,19181
8345,-5026
8346,-8363
8347,2349
8348,-3106
8349,-7056
8350,-6737
8351,-12339
8352,-10969
8353,-32768
8354,-9943
8355,-15582
8356,-15345
8357,-13559
8358,-25993
8359,-29449
8360,-7097
8361,-5300
8362,-14069
8363,-16726
8364,-25530
8365,-10821
8366,-13131
8367,-32768
8368,-5944
8369,-18743
8370,-6712
8371,-15875
8372,-29616
8373,-20788
8374,-7104
8375,-13344
8376,-9659
8377,-18999
8378,-32768
8379,-1535
8380,-9770
8381,-11676
8382,-10867
8383,-23148
8384,-10054
8385,-27144
8386,-8472
8387,-4869
8388,-20476
8389,-14089
8390,-24279
8391,-4853
8392,-13821
8393,-30684
8394,-8327
8395,-5523
8396,-27565
8397,-11339
8398,-8193
8399,-10132
8400,-10290
8401,-21334
8402,-13976
8403,-9850
8404,-16978
8405,-16036
8406,-10143
8407,-13818
8408,-12503
8409,-21936
8410,-13525
8411,-10846
8412,-8468
8413,-32768
8414,-12394
8415,-15351
8416,-9968
8417,-17490
8418,-5026
8419,-15118
8420,-18268
8421,-12420
8422,-17898
8423,-12539
8424,-32768
8425,-5561
8426,-12424
8427,-10018
8428,-13497
8429,-10645
8430,-27170
8431,-21430
8432,-14961
8433,-6882
8434,-10938
8435,-7778
8436,-9926
8437,-26061
8438,-6924
8439,-11704
8440,-9795
8441,-14058
8442,-8731
8443,-15090
8444,-13427
8445,-4374
8446,-15005
8447,-32768
8448,-4463
8449,-3300
8450,-12148
8451,-6003
8452,-6141
8453,-6097
8454,-10639
8455,-17098
8456,1136
8457,-14205
8458,-2050
8459,-21236
8460,-5000
8461,-11075
8462,-4187
8463,-6228
8464,-9260
8465,-13406
8466,-2832
8467,-13219
8468,-6084
8469,6260
8470,-9875
8471,16477
8472,-1498
8473,1827
8474,8070
8475,20873
8476,16215
8477,14453
8478,15103
8479,18097
8480,18179
8481,15981
8482,32767
8483,-450
8484,18197
8485,15103
8486,14775
8487,14144
8488,22717
8489,13182
8490,20653
8491,14991
8492,18451
8493,32767
8494,2362
8495,15631
8496,19127
8497,11236
8498,16791
8499,18032
8500,17132
8501,19785
8502,15748
8503,19427
8504,16152
8505,32767
8506,633
8507,15218
8508,19148
8509,13369
8510,16650
8511,16403
8512,18585
8513,17091
8514,17610
8515,17441
8516,32767
8517,503
8518,14691
8519,15214
8520,14324
8521,21280
8522,14492
8523,17859
8524,14906
8525,18541
8526,23772
8527,11823
8528,-32768
8529,-544
8530,14432
8531,15771
8532,16446
8533,14608
8534,20392
8535,13466
8536,20336
8537,18787
8538,17952
8539,32767
8540,-134
8541,18347
8542,15538
8543,15236
8544,17040
8545,15983
8546,17700
8547,15917
8548,17689
8549,19906
8550,16739
8551,32767
8552,1128
8553,18296
8554,11666
8555,20434
8556,14173
8557,16762
8558,17908
8559,18966
8560,22250
8561,15098
8562,-12395
8563,1762
8564,14825
8565,15886
8566,15000
8567,15929
8568,18567
8569,13814
8570,17788
8571,17344
8572,18161
8573,15864
8574,32767
8575,-1509
8576,18443
8577,16486
8578,12119
8579,18459
8580,15072
8581,17644
8582,18292
8583,17918
8584,20764
8585,32767
8586,2521
8587,14534
8588,19406
8589,12100
8590,19325
8591,14996
8592,17389
8593,16150
8594,16757
8595,22029
8596,16397
8597,32767
8598,-904
8599,19984
8600,13664
8601,14975
8602,18234
8603,15342
8604,19134
8605,16209
8606,20056
8607,18650
8608,32767
8609,-353
8610,15939
8611,18138
8612,13122
8613,18783
8614,15420
8615,17548
8616,17004
8617,17208
8618,22683
8619,11897
8620,32767
8621,-924
8622,17788
8623,12538
8624,18239
8625,15350
8626,17849
8627,15287
8628,18412
8629,19539
8630,16615
8631,-32768
8632,526
8633,21229
8634,14827
8635,15841
8636,18453
8637,15458
8638,17437
8639,15796
8640,21106
8641,15573
8642,16424
8643,5725
8644,2680
8645,13605
8646,16468
8647,15319
8648,14543
8649,18529
8650,14112
8651,20566
8652,17818
8653,16539
8654,32767
8655,1195
8656,18998
8657,13178
8658,19306
8659,12332
8660,17613
8661,17421
8662,15252
8663,21956
8664,17454
8665,18778
8666,29423
8667,3683
8668,10879
8669,16731
8670,15987
8671,16165
8672,17966
8673,15231
8674,21922
8675,17016
8676,15600
8677,32767
8678,1384
8679,14000
8680,17158
8681,12370
8682,16536
8683,19450
8684,16062
8685,19260
8686,16367
8687,17324
8688,20348
8689,32767
8690,-238
8691,13304
8692,15908
8693,14853
8694,19961
8695,16209
8696,15126
8697,21292
8698,14752
8699,20722
8700,32767
8701,2253
8702,12766
8703,24241
8704,9082
8705,20019
8706,18349
8707,12917
8708,20043
8709,16841
8710,17961
8711,19792
8712,32767
8713,1034
8714,17347
8715,15520
8716,12083
8717,26768
8718,11705
8719,18241
8720,16760
8721,19880
8722,18312
8723,32767
8724,882
8725,11535
8726,24862
8727,11108
8728,18401
8729,16024
8730,17476
8731,17640
8732,14431
8733,27115
8734,12901
8735,32767
8736,788
8737,19842
8738,13491
8739,12886
8740,21199
8741,15020
8742,16601
8743,16900
8744,23161
8745,15403
8746,32767
8747,222
8748,16358
8749,15630
8750,16290
8751,17901
8752,14129
8753,21257
8754,12986
8755,17538
8756,20944
8757,15545
8758,32767
8759,1119
8760,24558
8761,9309
8762,19060
8763,15496
8764,16395
8765,17846
8766,15863
8767,22679
8768,15337
8769,-32768
8770,1682
8771,23005
8772,10853
8773,19350
8774,14580
8775,17757
8776,17978
8777,15730
8778,19532
8779,17578
8780,18196
8781,17810
8782,3572
8783,12456
8784,16783
8785,14847
8786,18333
8787,16500
8788,15367
8789,18182
8790,23558
8791,13884
8792,-32768
8793,4301
8794,11318
8795,15210
8796,18324
8797,13618
8798,18315
8799,16351
8800,15486
8801,22758
8802,13396
8803,26805
8804,32767
8805,987
8806,22431
8807,11924
8808,16626
8809,15709
8810,20177
8811,13575
8812,22893
8813,13710
8814,25033
8815,31273
8816,1528
8817,13942
8818,15477
8819,17567
8820,13598
8821,19664
8822,15181
8823,18635
8824,13266
8825,24244
8826,14331
8827,32767
8828,1813
8829,13608
8830,17025
8831,14171
8832,21584
8833,14169
8834,16935
8835,16727
8836,20108
8837,20008
8838,1611
8839,2123
8840,13991
8841,23067
8842,11063
8843,26872
8844,9996
8845,17753
8846,15428
8847,16804
8848,24424
8849,13706
8850,-6529
8851,-709
8852,25922
8853,10682
8854,18037
8855,13874
8856,18402
8857,14899
8858,17841
8859,19208
8860,20511
8861,32767
8862,674
8863,18120
8864,13699
8865,16916
8866,13450
8867,18737
8868,14295
8869,18416
8870,18155
8871,22858
8872,12990
8873,-32768
8874,299
8875,14645
8876,15645
8877,13377
8878,17770
8879,18458
8880,16319
8881,14851
8882,25719
8883,12405
8884,32767
8885,903
8886,17242
8887,13846
8888,16217
8889,18073
8890,13212
8891,22761
8892,11063
8893,32767
8894,9644
8895,24416
8896,-32768
8897,-736
8898,24968
8899,13415
8900,16887
8901,12819
8902,24894
8903,11235
8904,22417
8905,18074
8906,15975
8907,-32768
8908,1402
8909,18713
8910,11425
8911,21660
8912,11839
8913,21679
8914,13083
8915,21025
8916,15100
8917,18255
8918,23567
8919,32767
8920,1059
8921,9924
8922,25719
8923,10003
8924,19072
8925,17913
8926,13913
8927,21021
8928,19219
8929,17306
8930,-32768
8931,4168
8932,9612
8933,20608
8934,11696
8935,21813
8936,14016
8937,15479
8938,19873
8939,18656
8940,14106
8941,27557
8942,19792
8943,3733
8944,15466
8945,16181
8946,14569
8947,14824
8948,19947
8949,17693
8950,16137
8951,10766
8952,32767
8953,32767
8954,652
8955,16998
8956,20432
8957,10453
8958,21126
8959,18314
8960,12803
8961,24659
8962,11148
8963,24779
8964,11434
8965,32767
8966,-2085
8967,18755
8968,14397
8969,12194
8970,20861
8971,11931
8972,25047
8973,13482
8974,23648
8975,14244
8976,-8607
8977,2996
8978,13305
8979,26741
8980,7804
8981,32767
8982,9774
8983,18750
8984,13006
8985,21249
8986,19876
8987,16197
8988,28051
8989,2672
8990,20419
8991,11759
8992,19103
8993,13137
8994,22255
8995,15394
8996,16133
8997,22051
8998,14584
8999,-32768
9000,-2576
9001,27099
9002,11211
9003,17198
9004,15760
9005,18201
9006,14718
9007,17977
9008,20936
9009,22708
9010,13896
9011,-32768
9012,388
9013,11411
9014,20031
9015,11179
9016,20428
9017,18463
9018,14900
9019,17002
9020,30226
9021,8485
9022,-32768
9023,-150
9024,12926
9025,15747
9026,22443
9027,7149
9028,17619
9029,16938
9030,15418
9031,22991
9032,12297
9033,20955
9034,32767
9035,2615
9036,11660
9037,17002
9038,13497
9039,16296
9040,24461
9041,9489
9042,22149
9043,13988
9044,24258
9045,-32768
9046,-329
9047,15936
9048,14565
9049,24724
9050,8134
9051,20721
9052,14827
9053,17782
9054,17555
9055,19140
9056,21141
9057,21488
9058,6791
9059,8822
9060,22341
9061,11322
9062,20593
9063,13909
9064,18376
9065,16511
9066,19719
9067,17472
9068,-32768
9069,1504
9070,12521
9071,23347
9072,8953
9073,17549
9074,19942
9075,17199
9076,16856
9077,14023
9078,17149
9079,17340
9080,32767
9081,-729
9082,16551
9083,15450
9084,15199
9085,18050
9086,17384
9087,19341
9088,6740
9089,12427
9090,23322
9091,-32768
9092,1339
9093,21258
9094,22522
9095,6566
9096,24693
9097,3854
9098,17783
9099,14796
9100,18695
9101,21018
9102,14771
9103,-32768
9104,1833
9105,12430
9106,16604
9107,12927
9108,18203
9109,10572
9110,23203
9111,16380
9112,25200
9113,13737
9114,12358
9115,-6967
9116,13642
9117,19742
9118,9269
9119,24572
9120,11703
9121,26208
9122,12679
9123,18463
9124,18885
9125,18639
9126,-32768
9127,-1239
9128,28085
9129,9820
9130,20761
9131,15372
9132,19416
9133,16400
9134,16382
9135,28290
9136,5091
9137,-32768
9138,-2205
9139,19552
9140,12150
9141,18810
9142,14526
9143,17286
9144,24209
9145,10745
9146,20889
9147,16379
9148,21202
9149,-32768
9150,2531
9151,16953
9152,12357
9153,27876
9154,8271
9155,23482
9156,11817
9157,11878
9158,32767
9159,7403
9160,-32595
9161,4636
9162,13276
9163,17490
9164,22498
9165,12788
9166,16155
9167,18123
9168,12795
9169,18656
9170,19520
9171,17014
9172,32767
9173,1281
9174,11438
9175,13925
9176,11165
9177,14990
9178,18238
9179,14407
9180,21378
9181,14741
9182,22053
9183,32767
9184,1743
9185,13265
9186,8412
9187,25390
9188,10584
9189,14966
9190,19764
9191,17244
9192,18770
9193,14131
9194,24642
9195,32767
9196,2749
9197,10041
9198,15875
9199,12373
9200,24254
9201,13971
9202,17255
9203,30803
9204,8855
9205,20292
9206,32767
9207,2287
9208,13540
9209,20649
9210,14442
9211,17951
9212,17203
9213,15367
9214,27399
9215,6987
9216,13226
9217,25219
9218,32767
9219,-1261
9220,27445
9221,13104
9222,11856
9223,18057
9224,15186
9225,14638
9226,23662
9227,15062
9228,29900
9229,32767
9230,1669
9231,17567
9232,15527
9233,16176
9234,16765
9235,15629
9236,13101
9237,16223
9238,14002
9239,23902
9240,14724
9241,10987
9242,-3607
9243,19955
9244,11825
9245,12364
9246,25670
9247,10692
9248,16059
9249,20131
9250,25374
9251,12909
9252,31503
9253,-7116
9254,10460
9255,22446
9256,12067
9257,16198
9258,15417
9259,19090
9260,14130
9261,23455
9262,18344
9263,13970
9264,-32768
9265,118
9266,20980
9267,13068
9268,16691
9269,14631
9270,21799
9271,12086
9272,17600
9273,32767
9274,7774
9275,-32768
9276,-3180
9277,28923
9278,11863
9279,22367
9280,14673
9281,16901
9282,19629
9283,12956
9284,21256
9285,12468
9286,12023
9287,-32768
9288,1437
9289,12687
9290,23282
9291,12546
9292,15912
9293,20222
9294,10539
9295,16742
9296,20346
9297,10087
9298,1841
9299,4315
9300,10362
9301,14509
9302,21758
9303,8901
9304,14980
9305,18055
9306,16322
9307,23161
9308,12184
9309,25463
9310,32767
9311,129
9312,15565
9313,18271
9314,10988
9315,15950
9316,17717
9317,16706
9318,17536
9319,15570
9320,21193
9321,-19091
9322,3082
9323,12954
9324,11835
9325,17146
9326,14925
9327,17955
9328,14091
9329,22615
9330,14118
9331,21473
9332,15343
9333,32767
9334,2606
9335,11851
9336,21466
9337,13098
9338,16938
9339,18634
9340,18059
9341,15507
9342,22557
9343,16239
9344,-5344
9345,6690
9346,13084
9347,18802
9348,15009
9349,22247
9350,12451
9351,17442
9352,16507
9353,19897
9354,13280
9355,20152
9356,32767
9357,-499
9358,23168
9359,11444
9360,15478
9361,16799
9362,15653
9363,15214
9364,22576
9365,16952
9366,16721
9367,19932
9368,-2294
9369,19795
9370,15637
9371,13770
9372,19026
9373,15559
9374,14381
9375,17452
9376,20032
9377,19546
9378,13261
9379,32767
9380,-626
9381,15633
9382,15984
9383,13894
9384,16881
9385,16095
9386,18687
9387,15016
9388,26470
9389,12077
9390,32767
9391,1400
9392,16175
9393,16079
9394,12312
9395,19944
9396,16025
9397,16858
9398,15860
9399,23655
9400,13842
9401,17399
9402,32767
9403,707
9404,17662
9405,15983
9406,15844
9407,14469
9408,20057
9409,16238
9410,18030
9411,18862
9412,16602
9413,-32768
9414,1872
9415,19563
9416,14773
9417,19907
9418,12804
9419,20523
9420,14098
9421,17858
9422,17014
9423,18998
9424,16666
9425,32767
9426,1653
9427,12730
9428,18747
9429,13098
9430,14322
9431,18069
9432,16604
9433,17877
9434,22212
9435,12806
9436,32767
9437,39
9438,14533
9439,18837
9440,11438
9441,20120
9442,15240
9443,17104
9444,16646
9445,19019
9446,18402
9447,19011
9448,32767
9449,-467
9450,20284
9451,13341
9452,14559
9453,15662
9454,17462
9455,17202
9456,22364
9457,14417
9458,21158
9459,32767
9460,-484
9461,19261
9462,12849
9463,17964
9464,14758
9465,19910
9466,15074
9467,18698
9468,19047
9469,14730
9470,17563
9471,-4241
9472,1408
9473,14357
9474,17042
9475,13900
9476,18546
9477,16209
9478,17881
9479,15711
9480,23688
9481,13587
9482,6494
9483,2837
9484,16397
9485,16690
9486,12811
9487,19546
9488,15266
9489,17764
9490,15230
9491,19677
9492,17521
9493,20226
9494,32767
9495,2604
9496,20131
9497,11976
9498,17376
9499,14754
9500,19024
9501,14507
9502,23040
9503,13271
9504,21489
9505,32767
9506,-1001
9507,21000
9508,13176
9509,17769
9510,14477
9511,18908
9512,14051
9513,21298
9514,14229
9515,20939
9516,17444
9517,32767
9518,755
9519,10031
9520,19630
9521,12660
9522,22321
9523,13269
9524,20892
9525,14266
9526,22274
9527,15781
9528,32767
9529,527
9530,12471
9531,20240
9532,13287
9533,16248
9534,17346
9535,19835
9536,14572
9537,20360
9538,14527
9539,22563
9540,32767
9541,20
9542,21122
9543,14760
9544,14404
9545,18489
9546,16827
9547,14673
9548,22003
9549,15718
9550,19938
9551,32767
9552,491
9553,17416
9554,15953
9555,16549
9556,15696
9557,18571
9558,15993
9559,17832
9560,17399
9561,19931
9562,15712
9563,32767
9564,302
9565,17321
9566,15906
9567,13741
9568,17923
9569,15185
9570,20067
9571,14125
9572,23921
9573,15384
9574,32767
9575,520
9576,16062
9577,18990
9578,12037
9579,18616
9580,14011
9581,20055
9582,15501
9583,17604
9584,22101
9585,15694
9586,-32768
9587,151
9588,18345
9589,11624
9590,18482
9591,14726
9592,18372
9593,16103
9594,17689
9595,22255
9596,12345
9597,32767
9598,-2706
9599,19841
9600,10590
9601,24836
9602,12894
9603,17191
9604,16141
9605,18250
9606,17180
9607,20455
9608,15472
9609,-32768
9610,3478
9611,13650
9612,16418
9613,15185
9614,16315
9615,15876
9616,17868
9617,18742
9618,18563
9619,14297
9620,32767
9621,1045
9622,15084
9623,15445
9624,17379
9625,14951
9626,16117
9627,19529
9628,13834
9629,20391
9630,15797
9631,26085
9632,32767
9633,590
9634,16264
9635,13986
9636,14019
9637,17153
9638,16952
9639,11986
9640,25145
9641,15512
9642,17861
9643,-32768
9644,1338
9645,18667
9646,11708
9647,20322
9648,13160
9649,19691
9650,14399
9651,20013
9652,16552
9653,20340
9654,20110
9655,-31138
9656,3162
9657,15024
9658,18503
9659,11325
9660,22475
9661,15785
9662,16994
9663,18556
9664,19867
9665,16793
9666,32767
9667,-140
9668,11501
9669,18761
9670,15307
9671,16014
9672,16972
9673,16356
9674,19779
9675,13862
9676,16762
9677,21072
9678,32767
9679,-785
9680,22413
9681,14007
9682,13392
9683,20708
9684,14717
9685,16736
9686,16813
9687,17225
9688,18775
9689,32767
9690,-581
9691,15488
9692,17374
9693,13859
9694,18011
9695,15780
9696,16276
9697,18478
9698,14154
9699,25036
9700,13016
9701,32767
9702,-691
9703,16849
9704,16966
9705,12146
9706,20309
9707,15121
9708,18204
9709,16206
9710,22289
9711,13981
9712,32767
9713,-621
9714,17566
9715,16523
9716,12889
9717,19162
9718,13183
9719,22223
9720,14883
9721,19146
9722,22027
9723,14142
9724,-32768
9725,-969
9726,15852
9727,14194
9728,16096
9729,17771
9730,17724
9731,15961
9732,16579
9733,23078
9734,13533
9735,32767
9736,156
9737,17548
9738,12119
9739,17853
9740,19327
9741,12972
9742,20566
9743,14811
9744,19211
9745,19314
9746,15328
9747,-32768
9748,1343
9749,13647
9750,16406
9751,15422
9752,15306
9753,19981
9754,14231
9755,16457
9756,24350
9757,13978
9758,-32768
9759,1155
9760,15945
9761,14856
9762,18123
9763,13958
9764,17886
9765,13702
9766,16281
9767,21972
9768,15777
9769,19635
9770,2070
9771,2180
9772,13465
9773,18536
9774,12654
9775,16241
9776,18502
9777,15134
9778,19526
9779,18939
9780,17446
9781,-32768
9782,2285
9783,12758
9784,17524
9785,15058
9786,16672
9787,16921
9788,15477
9789,17120
9790,20296
9791,15913
9792,19478
9793,32767
9794,-2304
9795,16770
9796,18234
9797,12899
9798,17605
9799,16223
9800,15656
9801,23215
9802,12877
9803,30570
9804,27088
9805,3750
9806,12506
9807,19043
9808,13025
9809,19729
9810,15992
9811,15494
9812,19639
9813,14509
9814,24357
9815,13539
9816,32767
9817,-263
9818,19185
9819,14807
9820,13770
9821,18418
9822,14124
9823,26404
9824,10596
9825,22518
9826,17438
9827,32767
9828,828
9829,14357
9830,18110
9831,12229
9832,25252
9833,10611
9834,18303
9835,18332
9836,17017
9837,23513
9838,12202
9839,-32768
9840,606
9841,21695
9842,13335
9843,17941
9844,14819
9845,14817
9846,23083
9847,10470
9848,23897
9849,14613
9850,-32768
9851,-720
9852,24451
9853,9157
9854,16682
9855,17075
9856,16174
9857,17289
9858,14613
9859,21863
9860,15060
9861,17293
9862,-7196
9863,3477
9864,15131
9865,15302
9866,14477
9867,14257
9868,19264
9869,14287
9870,19914
9871,18228
9872,16606
9873,-32768
9874,-232
9875,20796
9876,13419
9877,18300
9878,13398
9879,19099
9880,14305
9881,13760
9882,22910
9883,14479
9884,20620
9885,25666
9886,5478
9887,9661
9888,18568
9889,13630
9890,21081
9891,13899
9892,14206
9893,19156
9894,22646
9895,12720
9896,-32768
9897,1432
9898,13645
9899,16337
9900,14203
9901,15316
9902,29817
9903,9579
9904,16360
9905,20282
9906,16175
9907,20987
9908,32767
9909,433
9910,13110
9911,26977
9912,8770
9913,21159
9914,14152
9915,16666
9916,21730
9917,13797
9918,22532
9919,32767
9920,-5668
9921,11693
9922,23249
9923,12617
9924,16162
9925,14519
9926,16598
9927,18486
9928,16259
9929,25470
9930,11094
9931,32767
9932,-2914
9933,14953
9934,18118
9935,11723
9936,22727
9937,13192
9938,19401
9939,15893
9940,19388
9941,-1438
9942,32767
9943,790
9944,17233
9945,17873
9946,10941
9947,20503
9948,13537
9949,21407
9950,14011
9951,20326
9952,19783
9953,15945
9954,32767
9955,2600
9956,14845
9957,16372
9958,15639
9959,14409
9960,13400
9961,19542
9962,16145
9963,16302
9964,23636
9965,32767
9966,1451
9967,19539
9968,13254
9969,18428
9970,11612
9971,14082
9972,17336
9973,15553
9974,17403
9975,19952
9976,15569
9977,-32768
9978,1410
9979,9670
9980,12001
9981,17347
9982,16545
9983,15432
9984,19443
9985,13415
9986,23908
9987,12144
9988,-32768
9989,-1067
9990,15540
9991,10584
9992,9058
9993,22587
9994,13764
9995,20341
9996,11329
9997,30694
9998,8166
9999,19091
10000,22553
10001,24377
10002,11379
10003,3572
10004,32767
10005,1352
10006,32767
10007,-379
10008,6074
10009,8476
10010,21324
10011,5205
10012,32379
10013,16630
10014,10150
10015,-8258
10016,-7902
10017,24136
10018,8289
10019,8402
10020,32767
10021,4239
10022,-6501
10023,2528
10024,32767
10025,5093
10026,-24430
10027,11461
10028,27124
10029,-1139
10030,32767
10031,7776
10032,3918
10033,6824
10034,9040
10035,30981
10036,21468
10037,-32768
10038,2413
10039,32767
10040,-5269
10041,32767
10042,1149
10043,22214
10044,-5185
10045,27371
10046,4608
10047,32767
10048,19842
10049,-4380
10050,32767
10051,4119
10052,4548
10053,15535
10054,14717
10055,6010
10056,30301
10057,6727
10058,16674
10059,32767
10060,6212
10061,24354
10062,10132
10063,18385
10064,5131
10065,-32768
10066,-797
10067,19841
10068,-2118
10069,4731
10070,31894
10071,5561
10072,21841
10073,18865
10074,1989
10075,8610
10076,32767
10077,-10468
10078,6315
10079,10301
10080,2207
10081,32767
10082,9596
10083,19610
10084,25447
10085,3798
10086,-4678
10087,-12622
10088,-12368
10089,11751
10090,1906
10091,12933
10092,5966
10093,12440
10094,-8831
10095,27226
10096,6573
10097,-6575
10098,18372
10099,-32768
10100,-2460
10101,6233
10102,27275
10103,5397
10104,32767
10105,-2839
10106,5077
10107,30177
10108,-10626
10109,14199
10110,5489
10111,13628
10112,8012
10113,8009
10114,13992
10115,5401
10116,-32768
10117,-3539
10118,32767
10119,-1074
10120,14950
10121,10255
10122,-21069
10123,1153
10124,-1304
10125,11112
10126,5745
10127,32767
10128,-344
10129,17279
10130,11990
10131,26316
10132,4709
10133,23239
10134,9254
10135,32767
10136,-4231
10137,11560
10138,6390
10139,22994
10140,27355
10141,6205
10142,7638
10143,17941
10144,-32768
10145,5781
10146,16720
10147,-7349
10148,21925
10149,5241
10150,30772
10151,9485
10152,9207
10153,-9676
10154,20226
10155,4908
10156,-3695
10157,32767
10158,-15
10159,6867
10160,32583
10161,7206
10162,30115
10163,15536
10164,-11521
10165,6774
10166,28552
10167,-20535
10168,9392
10169,-14308
10170,8073
10171,16615
10172,9894
10173,32767
10174,15265
10175,-16285
10176,21648
10177,13657
10178,-19939
10179,10195
10180,32767
10181,1553
10182,10635
10183,14396
10184,2017
10185,20569
10186,27146
10187,32767
10188,3904
10189,32767
10190,3983
10191,21876
10192,-26141
10193,-333
10194,22847
10195,1127
10196,12396
10197,23209
10198,14900
10199,18226
10200,12380
10201,28955
10202,8280
10203,15424
10204,16966
10205,14052
10206,8884
10207,7730
10208,32767
10209,-4264
10210,-952
10211,6639
10212,-2890
10213,7139
10214,12814
10215,22819
10216,-3080
10217,150
10218,278
10219,-32768
10220,-2833
10221,-2114
10222,14492
10223,-3831
10224,6344
10225,12049
10226,32767
10227,-712
10228,3028
10229,14952
10230,5149
10231,32767
10232,156
10233,21839
10234,32767
10235,-3010
10236,18199
10237,-32768
10238,-716
10239,-10400
10240,13075
10241,2522
10242,31291
10243,13312
10244,32767
10245,11363
10246,-4262
10247,32767
10248,5802
10249,-6305
10250,16640
10251,10750
10252,-129
10253,5611
10254,32767
10255,-7331
10256,21745
10257,-5114
10258,32767
10259,3510
10260,4874
10261,15677
10262,12757
10263,7430
10264,11059
10265,32767
10266,8713
10267,7031
10268,16514
10269,13957
10270,27604
10271,3861
10272,15228
10273,22438
10274,11561
10275,17974
10276,12042
10277,-32768
10278,7118
10279,12672
10280,5395
10281,18750
10282,-4121
10283,-4618
10284,20713
10285,19347
10286,4070
10287,7246
10288,27571
10289,25843
10290,7628
10291,9502
10292,-25688
10293,-7826
10294,11364
10295,3060
10296,-15172
10297,32767
10298,32767
10299,934
10300,30015
10301,6090
10302,570
10303,7361
10304,32767
10305,-2753
10306,12650
10307,11728
10308,20061
10309,32767
10310,2195
10311,32767
10312,15950
10313,-11116
10314,7810
10315,19069
10316,4088
10317,26234
10318,10678
10319,-5693
10320,14526
10321,-9113
10322,4272
10323,13893
10324,23551
10325,16631
10326,10287
10327,32767
10328,4388
10329,-10708
10330,1195
10331,10308
10332,25317
10333,4867
10334,29427
10335,15463
10336,21350
10337,10474
10338,16810
10339,-21164
10340,11255
10341,-499
10342,-20812
10343,-1831
10344,19074
10345,3341
10346,32767
10347,2575
10348,22828
10349,12793
10350,-5673
10351,6634
10352,-8041
10353,-25017
10354,-7455
10355,-32768
10356,-3603
10357,16237
10358,19519
10359,32767
10360,-4042
10361,22587
10362,8903
10363,-10653
10364,27514
10365,4690
10366,-4869
10367,24027
10368,6445
10369,-32768
10370,-4866
10371,-1048
10372,3252
10373,11439
10374,32767
10375,7341
10376,12518
10377,-8845
10378,20224
10379,4250
10380,32767
10381,3217
10382,8008
10383,-6927
10384,-12418
10385,-26143
10386,-14348
10387,32767
10388,-1088
10389,-21959
10390,-5472
10391,13815
10392,31186
10393,7775
10394,32767
10395,1650
10396,13445
10397,6081
10398,22266
10399,6341
10400,12578
10401,20474
10402,3342
10403,24644
10404,12382
10405,32767
10406,-3231
10407,13745
10408,-7715
10409,5032
10410,13859
10411,6869
10412,12173
10413,-20047
10414,-2141
10415,12168
10416,16994
10417,20412
10418,23939
10419,12469
10420,29305
10421,9990
10422,15973
10423,32767
10424,5428
10425,3419
10426,12921
10427,13274
10428,14863
10429,15211
10430,14168
10431,23070
10432,7445
10433,12060
10434,16889
10435,6936
10436,18498
10437,9071
10438,32767
10439,9873
10440,28771
10441,6005
10442,16020
10443,3403
10444,13173
10445,20082
10446,20892
10447,10814
10448,8923
10449,32767
10450,3070
10451,21196
10452,11133
10453,12685
10454,14307
10455,20126
10456,3925
10457,9224
10458,14865
10459,26860
10460,32767
10461,746
10462,23892
10463,9846
10464,18175
10465,14231
10466,17645
10467,18244
10468,-3176
10469,9473
10470,23650
10471,-32768
10472,2427
10473,13917
10474,12257
10475,19741
10476,17313
10477,2790
10478,21073
10479,23253
10480,2859
10481,18040
10482,11157
10483,6319
10484,32767
10485,12214
10486,447
10487,20172
10488,5040
10489,6608
10490,17702
10491,6981
10492,21113
10493,7495
10494,32767
10495,1423
10496,14655
10497,21237
10498,26006
10499,14659
10500,8971
10501,14718
10502,6345
10503,11254
10504,20568
10505,16838
10506,-22737
10507,3121
10508,11008
10509,19285
10510,15710
10511,9081
10512,17581
10513,15938
10514,9529
10515,10107
10516,24498
10517,3639
10518,32767
10519,7827
10520,17522
10521,24687
10522,7312
10523,11119
10524,13343
10525,17301
10526,15273
10527,18310
10528,14027
10529,13778
10530,32767
10531,22192
10532,191
10533,31789
10534,808
10535,11645
10536,12656
10537,13307
10538,7453
10539,21715
10540,8142
10541,32767
10542,10487
10543,6651
10544,16308
10545,9463
10546,14215
10547,17367
10548,15794
10549,18768
10550,14533
10551,21139
10552,-32768
10553,844
10554,5722
10555,15536
10556,16152
10557,16765
10558,15770
10559,12120
10560,20566
10561,16375
10562,32767
10563,-4328
10564,832
10565,16394
10566,16678
10567,8588
10568,18279
10569,13024
10570,14865
10571,16785
10572,15505
10573,18345
10574,18253
10575,-12068
10576,-64
10577,18573
10578,13460
10579,12040
10580,16659
10581,14475
10582,7289
10583,8719
10584,13061
10585,20654
10586,6847
10587,25646
10588,18855
10589,18297
10590,10880
10591,13121
10592,15599
10593,12672
10594,21530
10595,12347
10596,20432
10597,16038
10598,9058
10599,32767
10600,9794
10601,9522
10602,19241
10603,18444
10604,9619
10605,32767
10606,10713
10607,16147
10608,14464
10609,6442
10610,32767
10611,3587
10612,-32768
10613,16903
10614,13881
10615,2092
10616,4511
10617,4241
10618,19032
10619,14195
10620,13597
10621,32767
10622,-3924
10623,12238
10624,16608
10625,18784
10626,16407
10627,26133
10628,17681
10629,25441
10630,17516
10631,12024
10632,-4901
10633,3165
10634,14963
10635,10627
10636,21387
10637,16815
10638,9555
10639,15883
10640,17746
10641,15623
10642,22529
10643,23343
10644,-27507
10645,4332
10646,15076
10647,22373
10648,10261
10649,24520
10650,4153
10651,6923
10652,24033
10653,-2956
10654,13937
10655,7356
10656,32767
10657,8040
10658,5354
10659,26981
10660,8890
10661,6109
10662,13983
10663,10156
10664,15178
10665,12036
10666,23308
10667,5701
10668,-2402
10669,14226
10670,17215
10671,1150
10672,17525
10673,6667
10674,25926
10675,14071
10676,18568
10677,14428
10678,1960
10679,-18824
10680,1279
10681,-32768
10682,1357
10683,10593
10684,8540
10685,16218
10686,10651
10687,23317
10688,16012
10689,12416
10690,3453
10691,1220
10692,11231
10693,10639
10694,23495
10695,9599
10696,18629
10697,9888
10698,22157
10699,11928
10700,19289
10701,9494
10702,32767
10703,15840
10704,13405
10705,8803
10706,12158
10707,13160
10708,13187
10709,10100
10710,9579
10711,22037
10712,11926
10713,32767
10714,-993
10715,10313
10716,15478
10717,17746
10718,19552
10719,24346
10720,12275
10721,16004
10722,17280
10723,18989
10724,29153
10725,9672
10726,11261
10727,17563
10728,17817
10729,19456
10730,16915
10731,23056
10732,25177
10733,5604
10734,19998
10735,12415
10736,21066
10737,29559
10738,28977
10739,30552
10740,2592
10741,-32768
10742,4970
10743,4968
10744,15449
10745,-7086
10746,10342
10747,7610
10748,22840
10749,-1333
10750,7257
10751,32767
10752,16713
10753,-6769
10754,32767
10755,9842
10756,8316
10757,5638
10758,4424
10759,7683
10760,25457
10761,13185
10762,22590
10763,24040
10764,6424
10765,16403
10766,31277
10767,16312
10768,-1972
10769,32767
10770,1633
10771,18519
10772,16257
10773,22036
10774,14056
10775,16903
10776,19790
10777,8670
10778,15075
10779,13951
10780,21877
10781,16081
10782,-32768
10783,-2748
10784,10061
10785,12591
10786,22979
10787,12419
10788,17836
10789,17942
10790,13758
10791,21414
10792,15642
10793,-6573
10794,4182
10795,15589
10796,11473
10797,21143
10798,9222
10799,13043
10800,23400
10801,7144
10802,22836
10803,16302
10804,24499
10805,-32768
10806,-411
10807,10363
10808,12697
10809,13004
10810,19955
10811,11020
10812,19625
10813,15123
10814,18859
10815,19342
10816,-18606
10817,-2366
10818,16887
10819,15320
10820,17641
10821,15155
10822,16881
10823,21620
10824,14280
10825,13695
10826,27677
10827,4529
10828,-6975
10829,-9142
10830,19546
10831,12129
10832,16973
10833,27907
10834,7559
10835,14375
10836,27942
10837,18766
10838,13126
10839,-25518
10840,-5832
10841,15931
10842,13326
10843,19209
10844,22226
10845,12797
10846,9366
10847,16409
10848,12172
10849,17095
10850,19453
10851,-31882
10852,1925
10853,21613
10854,14708
10855,21204
10856,12324
10857,19052
10858,17764
10859,16973
10860,18914
10861,18132
10862,-22007
10863,653
10864,7849
10865,29731
10866,9442
10867,29709
10868,17350
10869,6588
10870,11307
10871,15045
10872,15097
10873,18601
10874,113
10875,-6901
10876,16943
10877,15170
10878,12889
10879,18360
10880,22143
10881,22982
10882,16612
10883,20278
10884,14869
10885,878
10886,-4373
10887,12839
10888,16530
10889,15108
10890,16946
10891,17496
10892,16736
10893,20039
10894,15334
10895,20055
10896,16155
10897,32767
10898,-3436
10899,14164
10900,17050
10901,14457
10902,14813
10903,18458
10904,18170
10905,14546
10906,21836
10907,10485
10908,-9992
10909,-13059
10910,21671
10911,11148
10912,17169
10913,17997
10914,15221
10915,19144
10916,15495
10917,16011
10918,17157
10919,28491
10920,31831
10921,-359
10922,13647
10923,17815
10924,22791
10925,13252
10926,11521
10927,15735
10928,14055
10929,21340
10930,18453
10931,32767
10932,3407
10933,17806
10934,12290
10935,15633
10936,18542
10937,16718
10938,17322
10939,10926
10940,13152
10941,18468
10942,22060
10943,-26331
10944,5641
10945,12089
10946,25806
10947,7158
10948,11961
10949,19133
10950,25695
10951,6439
10952,12215
10953,12239
10954,32767
10955,1381
10956,12538
10957,12037
10958,13261
10959,18545
10960,15428
10961,13571
10962,12983
10963,15766
10964,16165
10965,24160
10966,-26445
10967,2721
10968,26377
10969,14143
10970,24058
10971,15801
10972,15363
10973,18166
10974,11681
10975,13304
10976,8182
10977,-26733
10978,1082
10979,13727
10980,14968
10981,11175
10982,12526
10983,16509
10984,12755
10985,12805
10986,4202
10987,13851
10988,15869
10989,3450
10990,5902
10991,13237
10992,15250
10993,19377
10994,12921
10995,16292
10996,22572
10997,13358
10998,18550
10999,12155
11000,24474
11001,3556
11002,23232
11003,10077
11004,11375
11005,12352
11006,12705
11007,10833
11008,11699
11009,17575
11010,25008
11011,13767
11012,-32768
11013,-2486
11014,16059
11015,14829
11016,14869
11017,21829
11018,11219
11019,17204
11020,13114
11021,14422
11022,15791
11023,32767
11024,4590
11025,29583
11026,7106
11027,14247
11028,10908
11029,15254
11030,11989
11031,7001
11032,11823
11033,16602
11034,14374
11035,32767
11036,869
11037,25196
11038,11468
11039,16060
11040,14914
11041,24344
11042,15626
11043,10721
11044,28766
11045,11147
11046,32767
11047,-102
11048,22804
11049,13144
11050,21125
11051,16726
11052,12949
11053,16969
11054,12051
11055,17283
11056,14166
11057,17029
11058,32767
11059,3353
11060,16600
11061,17346
11062,19210
11063,13581
11064,18019
11065,16533
11066,15571
11067,16835
11068,17284
11069,-32768
11070,-1718
11071,27146
11072,12074
11073,15409
11074,19619
11075,17989
11076,17459
11077,14740
11078,8527
11079,13985
11080,12983
11081,32767
11082,1746
11083,16465
11084,12292
11085,16186
11086,14719
11087,16863
11088,15098
11089,5066
11090,15467
11091,9149
11092,9510
11093,4658
11094,16760
11095,16717
11096,14688
11097,15844
11098,16529
11099,16748
11100,20229
11101,13953
11102,16254
11103,14684
11104,-32768
11105,1741
11106,21887
11107,15125
11108,13218
11109,13033
11110,18312
11111,12151
11112,13986
11113,22568
11114,14845
11115,32767
11116,1325
11117,16906
11118,16708
11119,9869
11120,32767
11121,7450
11122,16938
11123,24308
11124,10868
11125,16945
11126,13510
11127,32767
11128,9314
11129,18556
11130,13683
11131,10944
11132,14490
11133,20327
11134,23086
11135,14095
11136,18959
11137,24981
11138,-4398
11139,-110
11140,1883
11141,13431
11142,25757
11143,6936
11144,13121
11145,13766
11146,20897
11147,19134
11148,19068
11149,22110
11150,3779
11151,9023
11152,16521
11153,29748
11154,5814
11155,12053
11156,14686
11157,14492
11158,24268
11159,21832
11160,14080
11161,-6739
11162,3934
11163,7133
11164,27671
11165,12230
11166,10981
11167,25262
11168,12204
11169,12299
11170,25420
11171,11674
11172,7928
11173,-6136
11174,-9789
11175,1915
11176,18045
11177,6056
11178,17560
11179,18527
11180,12201
11181,14048
11182,14268
11183,-26564
11184,-2220
11185,4601
11186,13666
11187,21651
11188,7030
11189,24635
11190,11574
11191,13002
11192,23312
11193,5773
11194,12591
11195,12086
11196,10232
11197,32767
11198,144
11199,32767
11200,9697
11201,-11965
11202,19667
11203,8266
11204,4869
11205,8051
11206,883
11207,3486
11208,32767
11209,2963
11210,32767
11211,4560
11212,-32768
11213,-5186
11214,-32768
11215,-13831
11216,28949
11217,15038
11218,-8631
11219,1141
11220,24155
11221,-1022
11222,6373
11223,-32768
11224,-9390
11225,-11325
11226,32767
11227,-2687
11228,4093
11229,-7747
11230,4365
11231,20696
11232,29390
11233,11509
11234,-1938
11235,32767
11236,1962
11237,-3306
11238,-32768
11239,954
11240,23368
11241,6359
11242,8352
11243,32767
11244,16130
11245,-10591
11246,8985
11247,-83
11248,-5636
11249,2095
11250,-12079
11251,7735
11252,12862
11253,4400
11254,20984
11255,27623
11256,3435
11257,-32768
11258,-6661
11259,-6075
11260,31186
11261,27283
11262,23630
11263,-1578
11264,-29780
11265,-1152
11266,32767
11267,20632
11268,15021
11269,32767
11270,4118
11271,10976
11272,-13910
11273,-14438
11274,-14215
11275,16601
11276,249
11277,32767
11278,6586
11279,-8309
11280,-10595
11281,-14805
11282,-20525
11283,-13641
11284,-7209
11285,-32768
11286,1860
11287,11203
11288,6123
11289,23835
11290,-1048
11291,32767
11292,7749
11293,10779
11294,6377
11295,2984
11296,9890
11297,6456
11298,15800
11299,5204
11300,26694
11301,10235
11302,14186
11303,-2805
11304,1967
11305,9276
11306,18119
11307,14732
11308,14689
11309,19241
11310,16502
11311,32767
11312,483
11313,14810
11314,15215
11315,14418
11316,20258
11317,15760
11318,17994
11319,16297
11320,23140
11321,15216
11322,32767
11323,974
11324,15240
11325,15658
11326,14878
11327,18686
11328,14592
11329,21100
11330,14359
11331,18783
11332,17962
11333,17172
11334,-32768
11335,965
11336,21016
11337,11745
11338,18411
11339,14108
11340,18911
11341,13981
11342,20006
11343,20208
11344,15228
11345,32767
11346,1805
11347,16443
11348,12085
11349,18842
11350,17634
11351,14280
11352,17691
11353,14686
11354,22934
11355,14550
11356,17289
11357,32767
11358,2423
11359,14432
11360,15812
11361,13062
11362,15673
11363,22933
11364,12139
11365,19125
11366,20436
11367,18170
11368,-32768
11369,3060
11370,16713
11371,13445
11372,16524
11373,14243
11374,17624
11375,16686
11376,17084
11377,19715
11378,15033
11379,21267
11380,-32768
11381,-191
11382,16387
11383,16169
11384,12844
11385,17798
11386,17890
11387,15710
11388,19174
11389,17633
11390,18188
11391,32767
11392,3269
11393,27660
11394,4612
11395,14448
11396,16228
11397,14948
11398,18576
11399,14130
11400,16924
11401,21207
11402,16184
11403,-25495
11404,1665
11405,21234
11406,12936
11407,14742
11408,15090
11409,20639
11410,14447
11411,17043
11412,19286
11413,15326
11414,-32768
11415,1149
11416,18235
11417,15096
11418,16435
11419,15909
11420,15245
11421,16126
11422,17351
11423,20387
11424,17901
11425,15412
11426,32767
11427,-104
11428,12836
11429,13875
11430,15049
11431,18812
11432,19117
11433,12041
11434,19052
11435,24054
11436,12491
11437,-32768
11438,1195
11439,13910
11440,13735
11441,17913
11442,16588
11443,15656
11444,19412
11445,14111
11446,20516
11447,15324
11448,24066
11449,32767
11450,1418
11451,13993
11452,15006
11453,13845
11454,17159
11455,16903
11456,16069
11457,23432
11458,14173
11459,22412
11460,-32308
11461,3312
11462,15489
11463,15107
11464,17738
11465,14575
11466,17560
11467,13043
11468,19386
11469,21946
11470,13956
11471,20715
11472,32767
11473,3895
11474,11667
11475,22315
11476,10107
11477,23558
11478,15286
11479,13239
11480,22250
11481,15062
11482,25242
11483,-11313
11484,4303
11485,12692
11486,19381
11487,10853
11488,17507
11489,16057
11490,14652
11491,25679
11492,13026
11493,21191
11494,18373
11495,32767
11496,590
11497,19176
11498,15851
11499,10970
11500,20490
11501,13441
11502,23030
11503,17119
11504,14229
11505,23790
11506,-17444
11507,3196
11508,14396
11509,15847
11510,12694
11511,26693
11512,11455
11513,18157
11514,21367
11515,14687
11516,24160
11517,11653
11518,32767
11519,-3048
11520,20747
11521,12166
11522,15534
11523,18275
11524,14620
11525,22205
11526,12975
11527,20548
11528,26467
11529,-2101
11530,4471
11531,14874
11532,18035
11533,11968
11534,24155
11535,11973
11536,19094
11537,14334
11538,19984
11539,18510
11540,13967
11541,32767
11542,-1620
11543,26258
11544,10320
11545,18150
11546,12552
11547,16579
11548,17853
11549,14562
11550,19829
11551,17390
11552,32767
11553,-3475
11554,25365
11555,9664
11556,18643
11557,19446
11558,11946
11559,17110
11560,16242
11561,23000
11562,14892
11563,16903
11564,-31353
11565,3165
11566,17329
11567,10913
11568,20081
11569,13487
11570,21205
11571,14335
11572,16267
11573,24791
11574,13759
11575,-32768
11576,-1050
11577,19974
11578,11501
11579,15571
11580,18380
11581,14576
11582,24872
11583,10185
11584,23342
11585,15069
11586,18303
11587,32767
11588,374
11589,15048
11590,12423
11591,20730
11592,11901
11593,21545
11594,12524
11595,26878
11596,10881
11597,21149
11598,32767
11599,1137
11600,14705
11601,13777
11602,15947
11603,13985
11604,19047
11605,17778
11606,12958
11607,25501
11608,16601
11609,16995
11610,32767
11611,924
11612,15105
11613,20729
11614,10725
11615,23285
11616,10611
11617,18048
11618,18416
11619,15090
11620,19200
11621,32767
11622,4591
11623,11180
11624,18453
11625,15664
11626,13831
11627,20348
11628,12757
11629,19003
11630,16429
11631,21166
11632,21095
11633,32767
11634,898
11635,11516
11636,21272
11637,11005
11638,19487
11639,13996
11640,21822
11641,14394
11642,14001
11643,21897
11644,32767
11645,2080
11646,13064
11647,22216
11648,12893
11649,12444
11650,32767
11651,7526
11652,23899
11653,13005
11654,22695
11655,10351
11656,14647
11657,-3558
11658,31433
11659,12145
11660,11086
11661,24792
11662,12330
11663,22892
11664,11106
11665,32011
11666,11348
11667,-32768
11668,241
11669,18471
11670,13925
11671,13763
11672,23795
11673,11035
11674,21506
11675,14863
11676,16865
11677,19984
11678,15852
11679,32767
11680,2864
11681,19536
11682,10730
11683,16675
11684,13961
11685,17662
11686,16200
11687,18269
11688,24173
11689,11893
11690,32767
11691,1688
11692,16286
11693,18239
11694,13142
11695,18649
11696,14764
11697,21370
11698,12776
11699,16188
11700,28606
11701,10393
11702,32767
11703,3136
11704,10531
11705,11506
11706,17690
11707,16088
11708,21167
11709,13595
11710,13544
11711,25220
11712,12727
11713,25171
11714,5268
11715,19862
11716,13595
11717,17449
11718,16685
11719,15478
11720,18855
11721,17468
11722,20694
11723,18282
11724,16120
11725,-32768
11726,1344
11727,13672
11728,18806
11729,12392
11730,17585
11731,19533
11732,11281
11733,19096
11734,24838
11735,16238
11736,-32768
11737,3982
11738,13405
11739,16076
11740,17080
11741,13118
11742,17290
11743,21504
11744,12291
11745,20411
11746,15941
11747,17609
11748,32767
11749,1826
11750,15409
11751,13739
11752,17607
11753,15584
11754,15213
11755,18545
11756,19265
11757,16564
11758,25543
11759,18198
11760,5721
11761,7953
11762,23207
11763,11608
11764,17312
11765,18418
11766,15418
11767,17764
11768,15708
11769,19240
11770,18939
11771,14522
11772,-3736
11773,13184
11774,18719
11775,13258
11776,24484
11777,13383
11778,19700
11779,16660
11780,18582
11781,16093
11782,32767
11783,872
11784,14938
11785,16457
11786,15524
11787,16395
11788,17044
11789,13653
11790,20974
11791,14342
11792,19488
11793,19516
11794,32767
11795,3163
11796,24054
11797,9211
11798,18524
11799,17319
11800,15422
11801,15565
11802,21489
11803,13999
11804,22632
11805,32767
11806,1470
11807,16003
11808,15992
11809,14051
11810,15661
11811,17716
11812,15831
11813,23316
11814,13220
11815,21156
11816,13540
11817,-32768
11818,-874
11819,20787
11820,8417
11821,22341
11822,11923
11823,25011
11824,11134
11825,16142
11826,28980
11827,9796
11828,32767
11829,2900
11830,15666
11831,15798
11832,14945
11833,18145
11834,13941
11835,23040
11836,15491
11837,16463
11838,20863
11839,15010
11840,-31262
11841,2769
11842,17248
11843,16610
11844,14100
11845,18291
11846,19725
11847,12719
11848,21751
11849,17003
11850,17580
11851,32767
11852,3694
11853,15248
11854,14094
11855,18227
11856,12692
11857,22298
11858,14380
11859,18131
11860,17650
11861,17228
11862,17519
11863,32767
11864,167
11865,16978
11866,13176
11867,15583
11868,15790
11869,19346
11870,13343
11871,18832
11872,20371
11873,17194
11874,32767
11875,4277
11876,16534
11877,14628
11878,15148
11879,15761
11880,18753
11881,15027
11882,21420
11883,12075
11884,17288
11885,15907
11886,-29533
11887,-2677
11888,18711
11889,15060
11890,13048
11891,19318
11892,17209
11893,15355
11894,18415
11895,20015
11896,17150
11897,32767
11898,1426
11899,17509
11900,13083
11901,17349
11902,15801
11903,15987
11904,15821
11905,20322
11906,15874
11907,20173
11908,16119
11909,32767
11910,-1630
11911,21112
11912,12551
11913,16395
11914,15959
11915,15599
11916,18508
11917,15947
11918,21022
11919,15226
11920,-32768
11921,81
11922,19555
11923,14734
11924,16578
11925,16075
11926,15425
11927,17082
11928,15691
11929,21332
11930,16523
11931,15718
11932,32767
11933,-2592
11934,17113
11935,16614
11936,13757
11937,15756
11938,19511
11939,14847
11940,17406
11941,20578
11942,16026
11943,-32768
11944,229
11945,20434
11946,13290
11947,16463
11948,15019
11949,18605
11950,14982
11951,16638
11952,21311
11953,16396
11954,17000
11955,32767
11956,591
11957,14097
11958,17217
11959,13981
11960,16504
11961,18532
11962,15267
11963,17496
11964,23242
11965,14763
11966,7469
11967,2830
11968,13597
11969,14982
11970,17512
11971,15738
11972,17967
11973,14547
11974,16819
11975,22626
11976,16608
11977,17138
11978,32767
11979,-2136
11980,15381
11981,16866
11982,13012
11983,17687
11984,17549
11985,15224
11986,19574
11987,17707
11988,18585
11989,-32768
11990,1825
11991,17478
11992,13364
11993,16504
11994,15818
11995,18387
11996,17532
11997,15553
11998,17993
11999,19544
12000,17285
12001,32767
12002,968
12003,17440
12004,13943
12005,15437
12006,17876
12007,16240
12008,17472
12009,16880
12010,20394
12011,16868
12012,-21501
12013,1712
12014,18196
12015,15078
12016,14233
12017,17900
12018,17067
12019,17440
12020,16144
12021,18327
12022,20792
12023,15174
12024,-32768
12025,-1653
12026,16790
12027,13063
12028,17326
12029,16290
12030,16349
12031,17906
12032,17719
12033,20040
12034,16117
12035,-32768
12036,1308
12037,18763
12038,15207
12039,14737
12040,18408
12041,14307
12042,21802
12043,13099
12044,21998
12045,13727
12046,20139
12047,32767
12048,1144
12049,15836
12050,15732
12051,15893
12052,14952
12053,20512
12054,11656
12055,20999
12056,18842
12057,16787
12058,-32768
12059,393
12060,19631
12061,12569
12062,15798
12063,16451
12064,18511
12065,14942
12066,17733
12067,20041
12068,17226
12069,18438
12070,32767
12071,407
12072,14285
12073,15333
12074,14391
12075,17776
12076,17574
12077,16088
12078,20974
12079,15056
12080,16052
12081,32767
12082,-67
12083,16097
12084,15661
12085,17978
12086,13945
12087,18461
12088,15658
12089,18859
12090,18784
12091,17006
12092,17753
12093,32767
12094,-182
12095,14716
12096,18915
12097,12604
12098,20139
12099,15094
12100,17249
12101,22677
12102,14328
12103,19277
12104,32767
12105,1928
12106,13326
12107,19420
12108,14349
12109,16833
12110,17761
12111,16501
12112,18474
12113,16150
12114,21326
12115,13805
12116,29577
12117,-4344
12118,15975
12119,14414
12120,16539
12121,17555
12122,14472
12123,19442
12124,13555
12125,20092
12126,16619
12127,32767
12128,1648
12129,13346
12130,18421
12131,14071
12132,17798
12133,14455
12134,18642
12135,16944
12136,16072
12137,23684
12138,14772
12139,-32768
12140,1010
12141,18987
12142,14424
12143,14344
12144,17271
12145,16695
12146,14886
12147,18682
12148,21259
12149,13414
12150,20029
12151,-3623
12152,18570
12153,13129
12154,15467
12155,19082
12156,14377
12157,19523
12158,16114
12159,16931
12160,21123
12161,17064
12162,32767
12163,833
12164,18690
12165,13651
12166,15997
12167,17699
12168,16822
12169,17137
12170,16836
12171,22986
12172,11776
12173,32767
12174,-2279
12175,18295
12176,12980
12177,18983
12178,15734
12179,14365
12180,19715
12181,15000
12182,21228
12183,17435
12184,16779
12185,32767
12186,1021
12187,13672
12188,15894
12189,17403
12190,14838
12191,19886
12192,11881
12193,22411
12194,19221
12195,15563
12196,10609
12197,2874
12198,14856
12199,14188
12200,20105
12201,12643
12202,20153
12203,13312
12204,18378
12205,17457
12206,17322
12207,20405
12208,32767
12209,2656
12210,12802
12211,19258
12212,12768
12213,19488
12214,17963
12215,13394
12216,22614
12217,17854
12218,15688
12219,32767
12220,1348
12221,13081
12222,16400
12223,17982
12224,13902
12225,18913
12226,12973
12227,21773
12228,15802
12229,18131
12230,18566
12231,32767
12232,1536
12233,16364
12234,20954
12235,10291
12236,21989
12237,15717
12238,15977
12239,20195
12240,16977
12241,20296
12242,32767
12243,3102
12244,13241
12245,20166
12246,12422
12247,17055
12248,17265
12249,15568
12250,21332
12251,14085
12252,19678
12253,21361
12254,32767
12255,1178
12256,20039
12257,13535
12258,15290
12259,18836
12260,14088
12261,19134
12262,15545
12263,20048
12264,18017
12265,32767
12266,745
12267,16339
12268,17209
12269,12970
12270,22189
12271,12797
12272,17608
12273,18481
12274,16042
12275,26746
12276,10879
12277,32767
12278,-928
12279,18674
12280,10646
12281,18835
12282,16258
12283,17822
12284,17346
12285,13871
12286,27039
12287,13763
12288,32767
12289,1431
12290,18944
12291,13683
12292,14136
12293,19770
12294,15482
12295,18997
12296,18057
12297,16561
12298,20213
12299,13961
12300,-32768
12301,-473
12302,20560
12303,15291
12304,16172
12305,13082
12306,19634
12307,17661
12308,13570
12309,22469
12310,14798
12311,-32768
12312,462
12313,19347
12314,10779
12315,20763
12316,14202
12317,17336
12318,17208
12319,15932
12320,22172
12321,16088
12322,15135
12323,-32768
12324,2204
12325,15183
12326,14962
12327,17605
12328,14138
12329,20473
12330,14615
12331,18426
12332,18725
12333,16710
12334,-32768
12335,211
12336,13361
12337,13915
12338,16092
12339,16775
12340,17360
12341,16107
12342,15454
12343,18048
12344,15705
12345,20777
12346,32767
12347,-3127
12348,13695
12349,19068
12350,12284
12351,16982
12352,20338
12353,15101
12354,20148
12355,17251
12356,20663
12357,-32768
12358,1500
12359,15822
12360,17287
12361,12658
12362,16745
12363,19368
12364,12240
12365,24047
12366,13524
12367,20490
12368,16301
12369,32767
12370,-360
12371,16606
12372,15695
12373,14280
12374,18723
12375,14639
12376,26310
12377,7654
12378,19043
12379,19380
12380,-32768
12381,3695
12382,15514
12383,20782
12384,11588
12385,20257
12386,15637
12387,15984
12388,18011
12389,19369
12390,17748
12391,15913
12392,32767
12393,-721
12394,21188
12395,11896
12396,18110
12397,14060
12398,18328
12399,18047
12400,15134
12401,20146
12402,16511
12403,-32768
12404,-864
12405,27623
12406,10712
12407,17588
12408,15027
12409,18443
12410,16549
12411,17228
12412,16233
12413,22848
12414,12514
12415,-32768
12416,-537
12417,14683
12418,16100
12419,15042
12420,14558
12421,20473
12422,14604
12423,16423
12424,27526
12425,10944
12426,-32768
12427,1077
12428,16329
12429,15341
12430,15832
12431,15834
12432,17302
12433,16807
12434,13075
12435,27756
12436,13235
12437,22235
12438,32767
12439,197
12440,15862
12441,15214
12442,16753
12443,14161
12444,19953
12445,14706
12446,17905
12447,15677
12448,21957
12449,32767
12450,1407
12451,17361
12452,12861
12453,15950
12454,14476
12455,22147
12456,13282
12457,18023
12458,18536
12459,15888
12460,23328
12461,12111
12462,3067
12463,10032
12464,27083
12465,10381
12466,18030
12467,16337
12468,16117
12469,22581
12470,15358
12471,19741
12472,-32768
12473,2159
12474,13115
12475,16882
12476,14623
12477,15708
12478,18328
12479,15828
12480,19060
12481,16091
12482,20572
12483,14487
12484,32767
12485,-148
12486,16415
12487,18617
12488,12113
12489,21228
12490,14352
12491,17683
12492,15891
12493,14684
12494,20832
12495,-32768
12496,-247
12497,18602
12498,16744
12499,13152
12500,17447
12501,16227
12502,15821
12503,18773
12504,16380
12505,18717
12506,15435
12507,32767
12508,-455
12509,21087
12510,12465
12511,16282
12512,17071
12513,13852
12514,17035
12515,16259
12516,25235
12517,13240
12518,32767
12519,-24
12520,16355
12521,15603
12522,12552
12523,20358
12524,13236
12525,19107
12526,15054
12527,19683
12528,17908
12529,18960
12530,-32768
12531,1484
12532,14515
12533,13367
12534,15937
12535,14376
12536,18999
12537,15834
12538,20253
12539,19563
12540,13965
12541,-32367
12542,-3523
12543,22666
12544,12009
12545,17221
12546,14342
12547,16183
12548,19842
12549,14633
12550,22501
12551,14821
12552,16288
12553,-32768
12554,5885
12555,11473
12556,18754
12557,15157
12558,16875
12559,19060
12560,14541
12561,23008
12562,20322
12563,10636
12564,-32768
12565,-360
12566,15336
12567,14300
12568,17160
12569,16678
12570,15737
12571,17568
12572,12749
12573,21298
12574,16873
12575,24097
12576,5589
12577,7998
12578,12949
12579,17977
12580,13446
12581,17494
12582,19202
12583,10322
12584,25595
12585,14433
12586,18507
12587,32767
12588,1280
12589,14002
12590,18419
12591,12083
12592,14248
12593,19745
12594,15664
12595,19420
12596,15615
12597,18498
12598,20124
12599,-32768
12600,-596
12601,16150
12602,16326
12603,13040
12604,23109
12605,14875
12606,19356
12607,15324
12608,19655
12609,20110
12610,13083
12611,6138
12612,10568
12613,22514
12614,12573
12615,18480
12616,15832
12617,16339
12618,19604
12619,14436
12620,18197
12621,16962
12622,-21256
12623,2037
12624,18651
12625,13709
12626,15386
12627,19655
12628,15110
12629,17518
12630,17388
12631,18999
12632,14851
12633,32767
12634,-2954
12635,19343
12636,15955
12637,15309
12638,17484
12639,13859
12640,19971
12641,13171
12642,15999
12643,28099
12644,12648
12645,32767
12646,762
12647,19386
12648,13291
12649,13333
12650,15825
12651,12185
12652,20838
12653,13852
12654,28796
12655,14593
12656,32679
12657,2920
12658,23765
12659,10109
12660,16612
12661,15123
12662,15201
12663,17805
12664,14073
12665,22065
12666,17389
12667,16321
12668,-32768
12669,635
12670,18041
12671,12914
12672,14902
12673,15727
12674,21065
12675,12790
12676,17478
12677,25356
12678,14466
12679,-32768
12680,3152
12681,13009
12682,15921
12683,17517
12684,14274
12685,14263
12686,18654
12687,18049
12688,20699
12689,12701
12690,15031
12691,32767
12692,1467
12693,14723
12694,19278
12695,14709
12696,15666
12697,18796
12698,15691
12699,19803
12700,16945
12701,16211
12702,-16985
12703,3209
12704,15120
12705,14447
12706,19804
12707,12785
12708,22649
12709,11688
12710,21082
12711,15493
12712,15104
12713,21954
12714,32767
12715,34
12716,13551
12717,18794
12718,8364
12719,15776
12720,17467
12721,16527
12722,20857
12723,11861
12724,21116
12725,32767
12726,991
12727,14794
12728,14848
12729,14667
12730,15581
12731,18780
12732,14095
12733,28343
12734,8138
12735,16911
12736,19939
12737,32767
12738,-2523
12739,10957
12740,23490
12741,10915
12742,19327
12743,15428
12744,19241
12745,19254
12746,13908
12747,23709
12748,32767
12749,729
12750,11805
12751,19005
12752,12248
12753,20987
12754,14498
12755,16319
12756,21136
12757,14121
12758,19088
12759,17804
12760,32767
12761,406
12762,25435
12763,10024
12764,18932
12765,13496
12766,16536
12767,22668
12768,9983
12769,20753
12770,15079
12771,32767
12772,-2453
12773,20521
12774,14068
12775,11046
12776,18484
12777,10401
12778,16166
12779,15391
12780,22677
12781,16152
12782,15173
12783,-32768
12784,-3269
12785,20755
12786,12657
12787,16769
12788,14452
12789,17028
12790,18603
12791,14143
12792,25659
12793,9617
12794,32767
12795,383
12796,26454
12797,10884
12798,16745
12799,17935
12800,15357
12801,20894
12802,14430
12803,19843
12804,15102
12805,20632
12806,-32768
12807,2969
12808,11851
12809,16759
12810,15201
12811,15626
12812,17349
12813,17154
12814,13669
12815,29041
12816,8501
12817,-32768
12818,1141
12819,14514
12820,14574
12821,19076
12822,13188
12823,18299
12824,14988
12825,15558
12826,21915
12827,13703
12828,19053
12829,32767
12830,4026
12831,12478
12832,18136
12833,13083
12834,15240
12835,19359
12836,12641
12837,21638
12838,15690
12839,24060
12840,31284
12841,3348
12842,16113
12843,15229
12844,13924
12845,13448
12846,18359
12847,15914
12848,18136
12849,15655
12850,15973
12851,22445
12852,32767
12853,2303
12854,10424
12855,18705
12856,13889
12857,20421
12858,15042
12859,11393
12860,28137
12861,14236
12862,25998
12863,2094
12864,6344
12865,12368
12866,19751
12867,12753
12868,14067
12869,23882
12870,13053
12871,23961
12872,14096
12873,24684
12874,17336
12875,32767
12876,907
12877,16600
12878,16496
12879,14026
12880,18066
12881,13392
12882,20599
12883,17935
12884,13576
12885,25321
12886,32767
12887,-391
12888,16776
12889,13917
12890,14502
12891,19039
12892,14473
12893,11240
12894,23388
12895,14907
12896,24810
12897,12170
12898,32767
12899,-1355
12900,23213
12901,13024
12902,16116
12903,18841
12904,12850
12905,19344
12906,16053
12907,22448
12908,14751
12909,15902
12910,-3372
12911,22908
12912,12687
12913,15278
12914,17298
12915,15536
12916,19019
12917,15128
12918,20154
12919,19343
12920,15060
12921,-32768
12922,-2383
12923,15266
12924,11865
12925,17224
12926,16152
12927,14062
12928,19909
12929,17393
12930,24747
12931,11732
12932,-32768
12933,-3247
12934,18661
12935,13830
12936,17511
12937,16481
12938,13893
12939,23013
12940,12066
12941,26875
12942,15345
12943,16451
12944,-32768
12945,2058
12946,11105
12947,15218
12948,16496
12949,12886
12950,23231
12951,12158
12952,28290
12953,13013
12954,19850
12955,32767
12956,1280
12957,14816
12958,14048
12959,18022
12960,15513
12961,15442
12962,20050
12963,13988
12964,20740
12965,20671
12966,15963
12967,32767
12968,1354
12969,19703
12970,14604
12971,15842
12972,19614
12973,14045
12974,17844
12975,4642
12976,10311
12977,10723
12978,32767
12979,6739
12980,12087
12981,7991
12982,15478
12983,10402
12984,14050
12985,12570
12986,11493
12987,10674
12988,11890
12989,13978
12990,-10371
12991,-32768
12992,-2932
12993,-11182
12994,-32768
12995,2886
12996,-32768
12997,-1842
12998,-7213
12999,-32768
13000,32431
13001,7381
13002,6928
13003,32767
13004,1125
13005,-2993
13006,10153
13007,-32768
13008,-5706
13009,32767
13010,3168
13011,32767
13012,8016
13013,-25608
13014,-6165
13015,-3888
13016,14831
13017,-9513
13018,-16927
13019,-4106
13020,-16084
13021,6711
13022,-16625
13023,-10820
13024,31873
13025,1787
13026,-16628
13027,-5795
13028,-11753
13029,-25290
13030,-10042
13031,-19732
13032,-11266
13033,-20154
13034,-11641
13035,-22342
13036,-32768
13037,3592
13038,-11194
13039,-11571
13040,-18890
13041,-14948
13042,-20725
13043,-7971
13044,-27369
13045,-13075
13046,-11988
13047,-17645
13048,-15233
13049,428
13050,-32768
13051,-5939
13052,-19417
13053,-23701
13054,-3685
13055,-25939
13056,-4804
13057,-26774
13058,-8192
13059,-32768
13060,-7575
13061,-10810
13062,-22738
13063,-9971
13064,-12234
13065,-27583
13066,-9685
13067,-10876
13068,-32768
13069,-12175
13070,-25707
13071,-7584
13072,-20952
13073,-7826
13074,-14017
13075,-12722
13076,-12738
13077,-32768
13078,-7388
13079,-12904
13080,-18650
13081,-20346
13082,-21259
13083,-1383
13084,-26275
13085,-4714
13086,-28914
13087,-8332
13088,-26342
13089,-16292
13090,-25872
13091,-22490
13092,-8848
13093,32767
13094,-70
13095,-13381
13096,-8307
13097,-18985
13098,-13004
13099,31236
13100,-2082
13101,-32768
13102,-5954
13103,-18676
13104,-12730
13105,-7872
13106,-15050
13107,-14156
13108,-6772
13109,-13676
13110,-5393
13111,-21556
13112,-8201
13113,-14950
13114,-18792
13115,-21516
13116,29284
13117,-10005
13118,-7013
13119,15827
13120,6532
13121,4263
13122,-32768
13123,-1024
13124,-13870
13125,-15441
13126,27830
13127,15620
13128,4874
13129,-18007
13130,-25056
13131,3206
13132,-8794
13133,-32768
13134,-2309
13135,-6925
13136,-32768
13137,-16147
13138,6488
13139,-5136
13140,-32768
13141,1555
13142,-7490
13143,-29002
13144,-14825
13145,-20803
13146,-32768
13147,3259
13148,-15316
13149,-11056
13150,-31813
13151,-5581
13152,-12498
13153,32767
13154,1120
13155,32767
13156,2166
13157,-1114
13158,-14277
13159,-2039
13160,-32768
13161,-6198
13162,-11078
13163,6328
13164,-9709
13165,-15869
13166,-32768
13167,3760
13168,-12809
13169,-12258
13170,32767
13171,13
13172,1459
13173,-24422
13174,-10799
13175,32767
13176,-8725
13177,-10666
13178,32767
13179,6495
13180,10182
13181,7729
13182,868
13183,909
13184,-12651
13185,-2752
13186,-23578
13187,-8046
13188,-32768
13189,11070
13190,14777
13191,-21582
13192,5600
13193,6481
13194,5519
13195,25796
13196,-32768
13197,-227
13198,10906
13199,10
13200,7342
13201,-9844
13202,-11198
13203,-8360
13204,4420
13205,-11068
13206,7030
13207,16479
13208,-1788
13209,8721
13210,7128
13211,23179
13212,16042
13213,20986
13214,9190
13215,-13336
13216,-832
13217,2410
13218,-14260
13219,-7504
13220,-14277
13221,-23411
13222,25915
13223,3880
13224,-1478
13225,797
13226,32767
13227,5753
13228,-25652
13229,-10007
13230,-19349
13231,10007
13232,13720
13233,26206
13234,-7212
13235,2687
13236,-3844
13237,-15063
13238,-21504
13239,14500
13240,3277
13241,-30804
13242,1987
13243,-13706
13244,4033
13245,-1642
13246,959
13247,457
13248,-15340
13249,-3685
13250,21863
13251,6786
13252,29501
13253,8450
13254,-3068
13255,5808
13256,10832
13257,17305
13258,-12546
13259,-12241
13260,6724
13261,1753
13262,1269
13263,-3407
13264,1906
13265,16983
13266,25552
13267,4752
13268,-32768
13269,-1311
13270,32767
13271,5614
13272,12380
13273,23469
13274,12729
13275,32767
13276,-10025
13277,10631
13278,5674
13279,20057
13280,32767
13281,733
13282,25456
13283,23768
13284,-6637
13285,7352
13286,-32768
13287,-3118
13288,-5968
13289,-2496
13290,32364
13291,-11140
13292,-7892
13293,-24785
13294,4795
13295,-8399
13296,-32768
13297,996
13298,8503
13299,14504
13300,18359
13301,2092
13302,20004
13303,32767
13304,-4134
13305,7874
13306,2434
13307,5599
13308,-6615
13309,9360
13310,-2161
13311,-3227
13312,-4493
13313,499
13314,19010
13315,8024
13316,3758
13317,12361
13318,-20637
13319,-3230
13320,-2508
13321,-24712
13322,-17361
13323,11628
13324,4788
13325,4611
13326,-4817
13327,32767
13328,4957
13329,6375
13330,28569
13331,9927
13332,8071
13333,7035
13334,12648
13335,-12007
13336,10754
13337,4921
13338,12891
13339,-5977
13340,9388
13341,12784
13342,19408
13343,2624
13344,-5084
13345,29659
13346,2147
13347,18675
13348,25635
13349,6506
13350,-4923
13351,-14912
13352,386
13353,5600
13354,32099
13355,4085
13356,-4420
13357,-32768
13358,7625
13359,-3675
13360,3198
13361,9945
13362,-4109
13363,-13361
13364,-22013
13365,9203
13366,3629
13367,-2841
13368,12062
13369,10857
13370,11447
13371,5396
13372,-5130
13373,-32768
13374,7023
13375,-5476
13376,-14687
13377,-10129
13378,-32314
13379,10517
13380,32767
13381,5195
13382,32767
13383,7679
13384,13782
13385,-4021
13386,-2646
13387,-4332
13388,1611
13389,-32768
13390,-3414
13391,-22813
13392,-26677
13393,-4890
13394,29807
13395,2800
13396,32767
13397,5801
13398,19611
13399,12712
13400,-23312
13401,-9954
13402,-4661
13403,9391
13404,7575
13405,-1638
13406,-32768
13407,2419
13408,9533
13409,11118
13410,-4324
13411,-16459
13412,3554
13413,-13115
13414,-2554
13415,11062
13416,7587
13417,2229
13418,-7484
13419,27395
13420,10729
13421,32767
13422,-2598
13423,-6306
13424,-14701
13425,-20237
13426,14843
13427,4906
13428,11429
13429,18649
13430,12326
13431,-13367
13432,3687
13433,8856
13434,-256
13435,6444
13436,-32768
13437,-1249
13438,-15707
13439,-18617
13440,-11428
13441,-23751
13442,-8929
13443,32767
13444,-507
13445,-10294
13446,-8701
13447,-20853
13448,-3085
13449,32767
13450,29433
13451,4265
13452,28243
13453,17063
13454,19361
13455,-32768
13456,-1652
13457,32767
13458,1813
13459,-8713
13460,22892
13461,2041
13462,-32768
13463,-32768
13464,-2736
13465,-32768
13466,-9662
13467,32767
13468,-6716
13469,-9439
13470,12208
13471,20628
13472,4068
13473,11837
13474,-3592
13475,-22521
13476,973
13477,-9438
13478,-32768
13479,-6405
13480,-12085
13481,-9700
13482,-21681
13483,-10210
13484,-22817
13485,-987
13486,-4416
13487,-15721
13488,-11675
13489,-10778
13490,-14487
13491,-17500
13492,-6563
13493,-18242
13494,-32768
13495,8084
13496,-9856
13497,-18865
13498,-7434
13499,-20235
13500,-20755
13501,-11630
13502,-32768
13503,-11961
13504,14142
13505,-32768
13506,-946
13507,-30771
13508,3739
13509,32767
13510,-1721
13511,-24333
13512,-11650
13513,-18528
13514,-13764
13515,-9007
13516,-13106
13517,-17088
13518,-11596
13519,-27082
13520,19975
13521,-3860
13522,-24562
13523,-10405
13524,-27658
13525,-11031
13526,136
13527,-20425
13528,-9062
13529,-24755
13530,-10849
13531,-32418
13532,32767
13533,2865
13534,-22237
13535,-2420
13536,-17964
13537,-15575
13538,-9510
13539,-20395
13540,-13066
13541,-17223
13542,-27745
13543,3614
13544,-7608
13545,-15667
13546,-17566
13547,-13463
13548,-20901
13549,-12297
13550,26021
13551,-1396
13552,-3634
13553,-27040
13554,-7069
13555,-32768
13556,-11100
13557,-13137
13558,-20743
13559,-27205
13560,-6925
13561,-17966
13562,-30009
13563,5095
13564,-13548
13565,-5755
13566,-22791
13567,-5894
13568,-21851
13569,-7259
13570,-11737
13571,-18623
13572,-20857
13573,-13492
13574,-32355
13575,-4843
13576,-22737
13577,-5497
13578,-16774
13579,-13649
13580,-21653
13581,-8056
13582,-23648
13583,-13395
13584,-19604
13585,-19775
13586,-32768
13587,-32768
13588,-1543
13589,-3982
13590,-2661
13591,-19109
13592,-16522
13593,20486
13594,-7220
13595,-18057
13596,-12004
13597,-18501
13598,-14099
13599,-8657
13600,-32768
13601,235
13602,-16899
13603,32767
13604,1224
13605,-11071
13606,6460
13607,7819
13608,32767
13609,1011
13610,-11171
13611,-6085
13612,-32768
13613,-8882
13614,-32768
13615,2813
13616,-220
13617,18022
13618,-25716
13619,-10434
13620,-13897
13621,-25544
13622,9109
13623,32767
13624,-198
13625,22940
13626,-2459
13627,-11038
13628,-18579
13629,8994
13630,-9840
13631,-14962
13632,-32768
13633,1516
13634,-32768
13635,1075
13636,-16144
13637,-9123
13638,2299
13639,-20619
13640,-762
13641,-19359
13642,-17494
13643,6553
13644,-30050
13645,-11472
13646,-18066
13647,-678
13648,-7436
13649,-16000
13650,-11901
13651,-16385
13652,-17312
13653,-7767
13654,-18731
13655,-17097
13656,-29938
13657,-11586
13658,-10585
13659,24416
13660,-3756
13661,-23466
13662,-8332
13663,-16266
13664,-25458
13665,-12144
13666,-13556
13667,-15659
13668,-30862
13669,4956
13670,32767
13671,2157
13672,-19085
13673,-26918
13674,-32768
13675,1052
13676,-21278
13677,1456
13678,-14888
13679,-8568
13680,11253
13681,-4391
13682,-22549
13683,-16786
13684,-29035
13685,-9760
13686,-6793
13687,-4807
13688,6661
13689,-21327
13690,-32768
13691,32767
13692,-4908
13693,-1402
13694,-13216
13695,-13066
13696,-30025
13697,-10470
13698,-10420
13699,-24360
13700,-5764
13701,-19298
13702,-19344
13703,-32768
13704,-4610
13705,-21410
13706,-4830
13707,-6658
13708,16963
13709,-1855
13710,-8256
13711,-26554
13712,-14941
13713,-25215
13714,-13093
13715,5840
13716,-7953
13717,-9000
13718,-15568
13719,-12119
13720,-32768
13721,-2827
13722,-32768
13723,-5650
13724,-23634
13725,11272
13726,1658
13727,32767
13728,2284
13729,-4773
13730,-29845
13731,-13064
13732,13706
13733,7762
13734,-4135
13735,-5273
13736,-32768
13737,-8351
13738,-15419
13739,-12335
13740,-31201
13741,7444
13742,3856
13743,-17334
13744,-17610
13745,-10947
13746,-5901
13747,6308
13748,13120
13749,-4720
13750,3062
13751,-10457
13752,-12257
13753,-32768
13754,-4153
13755,32767
13756,8578
13757,22595
13758,16156
13759,3353
13760,29310
13761,2229
13762,-32768
13763,2144
13764,-10892
13765,-12419
13766,-25815
13767,-10293
13768,-14017
13769,-13302
13770,-15405
13771,-20112
13772,32767
13773,-2034
13774,-5717
13775,-16869
13776,-10758
13777,-21789
13778,-7069
13779,-13357
13780,-17880
13781,32767
13782,457
13783,-32768
13784,-6770
13785,-16181
13786,-15625
13787,-19499
13788,-9209
13789,-14949
13790,-20437
13791,-12789
13792,-14844
13793,-8877
13794,-21702
13795,-11136
13796,14017
13797,-9472
13798,6582
13799,-6991
13800,-9878
13801,-5450
13802,5345
13803,-21526
13804,-24487
13805,-20256
13806,-3170
13807,-2083
13808,-15604
13809,-18565
13810,-31327
13811,-2567
13812,-12268
13813,-4640
13814,-21607
13815,-10940
13816,-29174
13817,-11098
13818,-3450
13819,16452
13820,5827
13821,32767
13822,1500
13823,-14070
13824,-23229
13825,-4974
13826,-32768
13827,56
13828,-7481
13829,-32494
13830,1053
13831,28405
13832,10446
13833,-31813
13834,-3528
13835,-32768
13836,-13082
13837,32767
13838,3702
13839,14999
13840,12001
13841,1593
13842,-32768
13843,-4045
13844,8308
13845,24308
13846,-1337
13847,-32768
13848,-1720
13849,-8048
13850,-32768
13851,6877
13852,-8976
13853,-7558
13854,-12761
13855,-32034
13856,119
13857,-60
13858,-14294
13859,-5865
13860,7952
13861,4224
13862,-5202
13863,31405
13864,17996
13865,16214
13866,9676
13867,179
13868,2927
13869,-12858
13870,1152
13871,-19638
13872,-14311
13873,-10645
13874,-6215
13875,7351
13876,-12545
13877,-12095
13878,-9805
13879,-32768
13880,-23690
13881,2215
13882,-15009
13883,-1707
13884,19118
13885,32767
13886,-9708
13887,1504
13888,-29845
13889,-12184
13890,-17062
13891,31466
13892,-1604
13893,-7813
13894,18695
13895,2195
13896,-8743
13897,-32768
13898,32386
13899,-617
13900,-3677
13901,-2003
13902,-1045
13903,-2587
13904,10766
13905,-2688
13906,-32768
13907,-670
13908,3101
13909,28853
13910,-2236
13911,-9711
13912,-17411
13913,-25389
13914,32767
13915,-258
13916,-8995
13917,-32768
13918,-32768
13919,-7241
13920,8359
13921,-18851
13922,-21434
13923,-17961
13924,8438
13925,4278
13926,32767
13927,-2947
13928,81
13929,21052
13930,14749
13931,558
13932,-4163
13933,-14618
13934,-15203
13935,9767
13936,10134
13937,16046
13938,1211
13939,888
13940,11469
13941,-13289
13942,-32768
13943,1492
13944,-2341
13945,1900
13946,12074
13947,-11510
13948,-15068
13949,3417
13950,22850
13951,11861
13952,30356
13953,6411
13954,3806
13955,-8844
13956,-1457
13957,770
13958,23974
13959,-8331
13960,3532
13961,5944
13962,13633
13963,-4157
13964,-6239
13965,-9835
13966,18060
13967,2619
13968,-5682
13969,-18146
13970,32767
13971,4665
13972,4793
13973,-3715
13974,-32768
13975,-4251
13976,-30313
13977,-8118
13978,-10182
13979,-6655
13980,-32768
13981,-6734
13982,-12539
13983,24079
13984,32767
13985,-2465
13986,-947
13987,11020
13988,5489
13989,32767
13990,8215
13991,3564
13992,-12321
13993,-8222
13994,-9242
13995,-12454
13996,-17677
13997,-4949
13998,32177
13999,19909
14000,6934
14001,-27797
14002,-10088
14003,-12685
14004,-15355
14005,1579
14006,2122
14007,13408
14008,8953
14009,-5051
14010,25122
14011,4984
14012,-32768
14013,-3103
14014,-31826
14015,-2207
14016,7550
14017,-20595
14018,-8071
14019,32767
14020,1095
14021,50
14022,12572
14023,32767
14024,2133
14025,11174
14026,32767
14027,17493
14028,-6135
14029,-2984
14030,8910
14031,6415
14032,-32768
14033,4740
14034,9548
14035,-18184
14036,22950
14037,7591
14038,17762
14039,-8924
14040,3178
14041,-6669
14042,-245
14043,10288
14044,32382
14045,1299
14046,1776
14047,-32768
14048,-2728
14049,7951
14050,3835
14051,-32768
14052,8594
14053,-32768
14054,-2464
14055,-31994
14056,2249
14057,-382
14058,32767
14059,6610
14060,24912
14061,12616
14062,-18947
14063,22728
14064,-1391
14065,-22384
14066,-7075
14067,5728
14068,-15609
14069,-11674
14070,-7207
14071,-21429
14072,-7128
14073,19739
14074,-8406
14075,-8274
14076,7683
14077,-8882
14078,10723
14079,-6372
14080,-19030
14081,32767
14082,1123
14083,-14256
14084,-32768
14085,32767
14086,-4463
14087,-7001
14088,8876
14089,-1783
14090,9579
14091,6874
14092,-16885
14093,-9347
14094,7461
14095,32767
14096,14751
14097,6360
14098,8094
14099,-28956
14100,6164
14101,10475
14102,-17025
14103,19864
14104,5792
14105,19432
14106,15928
14107,28691
14108,7905
14109,-8145
14110,-15363
14111,1750
14112,15920
14113,17649
14114,-32768
14115,-43
14116,4398
14117,16752
14118,-32768
14119,-1592
14120,32767
14121,9467
14122,3317
14123,-11819
14124,815
14125,4288
14126,-23957
14127,3578
14128,15581
14129,-32768
14130,-5501
14131,4639
14132,-15037
14133,-15439
14134,-32175
14135,9380
14136,32767
14137,-563
14138,7510
14139,2247
14140,4211
14141,20914
14142,32767
14143,-1874
14144,9986
14145,32767
14146,5545
14147,8762
14148,5478
14149,13603
14150,13239
14151,1637
14152,10970
14153,17106
14154,16861
14155,14903
14156,15654
14157,17484
14158,16641
14159,17900
14160,19768
14161,16325
14162,23181
14163,-32768
14164,2596
14165,17317
14166,15685
14167,14110
14168,17653
14169,17269
14170,16415
14171,20620
14172,18376
14173,14613
14174,32767
14175,1035
14176,17531
14177,15008
14178,15912
14179,15998
14180,18254
14181,16405
14182,17345
14183,19500
14184,16182
14185,18018
14186,32767
14187,183
14188,17073
14189,16754
14190,13631
14191,18002
14192,16811
14193,12776
14194,19346
14195,21948
14196,14185
14197,32767
14198,752
14199,11762
14200,16854
14201,17444
14202,13857
14203,17317
14204,16931
14205,17016
14206,19000
14207,15930
14208,25296
14209,32767
14210,-642
14211,13817
14212,17286
14213,15314
14214,16084
14215,17765
14216,17286
14217,17376
14218,17008
14219,19757
14220,32767
14221,1368
14222,18017
14223,13203
14224,19504
14225,16030
14226,17412
14227,16741
14228,18937
14229,13752
14230,24634
14231,15314
14232,32767
14233,626
14234,12923
14235,17638
14236,13557
14237,17722
14238,16185
14239,17203
14240,24138
14241,9157
14242,16485
14243,32767
14244,2363
14245,10837
14246,19065
14247,15830
14248,14523
14249,19438
14250,15660
14251,17740
14252,16146
14253,17281
14254,17852
14255,32767
14256,-1702
14257,17461
14258,15498
14259,13362
14260,16995
14261,17624
14262,12822
14263,24424
14264,15370
14265,20977
14266,32767
14267,2771
14268,13700
14269,19379
14270,12842
14271,15233
14272,17765
14273,16088
14274,19217
14275,15546
14276,21046
14277,15556
14278,32767
14279,-1979
14280,15358
14281,15377
14282,14124
14283,17147
14284,12090
14285,19493
14286,19223
14287,19121
14288,17654
14289,32767
14290,1637
14291,10556
14292,22950
14293,10507
14294,22891
14295,14362
14296,17803
14297,18048
14298,17830
14299,19664
14300,15916
14301,32767
14302,-354
14303,27342
14304,10131
14305,18711
14306,16254
14307,17278
14308,17453
14309,16584
14310,20501
14311,15142
14312,-32768
14313,795
14314,17886
14315,16567
14316,14997
14317,19403
14318,14514
14319,19177
14320,16206
14321,14485
14322,21916
14323,14987
14324,-32768
14325,1117
14326,19886
14327,11705
14328,15970
14329,17291
14330,16629
14331,17555
14332,15349
14333,24319
14334,15476
14335,-32768
14336,2155
14337,20349
14338,13223
14339,16326
14340,14724
14341,16156
14342,17824
14343,17212
14344,18635
14345,15727
14346,16426
14347,12962
14348,1627
14349,17317
14350,14265
14351,13388
14352,15274
14353,21274
14354,15038
14355,19448
14356,20193
14357,15368
14358,-32768
14359,1915
14360,15665
14361,12909
14362,18943
14363,13731
14364,18089
14365,15715
14366,18078
14367,21236
14368,15071
14369,21723
14370,4406
14371,4181
14372,14109
14373,19310
14374,11470
14375,18519
14376,18851
14377,15537
14378,20816
14379,15689
14380,19201
14381,-6869
14382,4640
14383,11980
14384,15124
14385,16388
14386,14926
14387,20937
14388,11855
14389,21853
14390,14552
14391,16362
14392,22444
14393,32767
14394,-235
14395,16031
14396,18535
14397,10348
14398,20356
14399,15351
14400,18693
14401,19064
14402,15930
14403,20332
14404,32767
14405,1659
14406,15948
14407,15593
14408,13508
14409,18974
14410,15160
14411,15194
14412,19119
14413,16797
14414,20907
14415,15192
14416,32767
14417,110
14418,19836
14419,15039
14420,12300
14421,22631
14422,13439
14423,20655
14424,15211
14425,20206
14426,18694
14427,32767
14428,1935
14429,19263
14430,15532
14431,13245
14432,20511
14433,13288
14434,20548
14435,15698
14436,17193
14437,19722
14438,15532
14439,23351
14440,-1814
14441,19862
14442,13052
14443,15589
14444,15856
14445,16508
14446,18630
14447,15006
14448,22578
14449,13840
14450,32767
14451,-673
14452,21585
14453,11511
14454,15750
14455,20323
14456,15024
14457,17946
14458,16222
14459,18782
14460,20391
14461,11733
14462,-30886
14463,-2666
14464,17432
14465,13725
14466,16320
14467,14057
14468,23772
14469,13169
14470,18122
14471,19766
14472,13876
14473,-32768
14474,3160
14475,19506
14476,11925
14477,22857
14478,12621
14479,19816
14480,16126
14481,14824
14482,23758
14483,13644
14484,22369
14485,-32768
14486,1253
14487,13428
14488,19607
14489,15724
14490,13229
14491,20956
14492,11558
14493,25764
14494,13890
14495,23062
14496,32767
14497,4356
14498,13627
14499,12788
14500,18292
14501,12880
14502,19772
14503,15321
14504,18044
14505,18048
14506,16363
14507,19134
14508,32767
14509,478
14510,12267
14511,14827
14512,14320
14513,18874
14514,16070
14515,18989
14516,15143
14517,15030
14518,25313
14519,-32768
14520,2413
14521,14072
14522,18580
14523,12038
14524,21193
14525,14886
14526,15493
14527,18230
14528,17961
14529,16857
14530,17538
14531,32767
14532,56
14533,21598
14534,13082
14535,15674
14536,16747
14537,13195
14538,19833
14539,17308
14540,17274
14541,18710
14542,32767
14543,1251
14544,21187
14545,13319
14546,12901
14547,22829
14548,16422
14549,11728
14550,20451
14551,15138
14552,27133
14553,10817
14554,-32768
14555,-3607
14556,16923
14557,12736
14558,15878
14559,16370
14560,14838
14561,14880
14562,16297
14563,25032
14564,10830
14565,-2084
14566,-7066
14567,16998
14568,13984
14569,13694
14570,20637
14571,11691
14572,21981
14573,14109
14574,27724
14575,12627
14576,17267
14577,32767
14578,-85
14579,20277
14580,12945
14581,14832
14582,15913
14583,22084
14584,11929
14585,25634
14586,15702
14587,15471
14588,-32768
14589,1526
14590,22428
14591,11010
14592,23067
14593,10776
14594,25375
14595,-790
14596,11454
14597,19615
14598,15945
14599,17128
14600,32767
14601,1981
14602,12853
14603,17605
14604,12701
14605,19846
14606,16854
14607,15446
14608,13633
14609,19265
14610,17000
14611,32767
14612,7452
14613,10409
14614,20706
14615,12029
14616,15787
14617,18473
14618,15966
14619,16810
14620,19661
14621,16934
14622,23767
14623,32767
14624,-699
14625,18497
14626,15006
14627,14845
14628,18053
14629,12581
14630,15778
14631,24607
14632,13619
14633,28523
14634,1953
14635,4378
14636,12087
14637,15976
14638,13704
14639,13957
14640,19244
14641,16864
14642,23830
14643,10323
14644,21992
14645,14500
14646,-32768
14647,79
14648,22286
14649,15393
14650,14151
14651,26620
14652,8564
14653,25848
14654,-857
14655,18654
14656,16132
14657,-32768
14658,-1417
14659,16985
14660,16119
14661,12672
14662,30780
14663,6077
14664,21044
14665,10221
14666,16493
14667,18480
14668,19361
14669,32767
14670,3650
14671,16307
14672,10101
14673,22071
14674,9105
14675,18116
14676,12491
14677,20759
14678,19386
14679,15506
14680,-32768
14681,3131
14682,22301
14683,1956
14684,15001
14685,11742
14686,23485
14687,14218
14688,16840
14689,17154
14690,27875
14691,9865
14692,-32768
14693,-496
14694,14628
14695,15785
14696,9216
14697,19741
14698,15326
14699,18993
14700,16235
14701,29716
14702,6542
14703,-32768
14704,1880
14705,7297
14706,24280
14707,14489
14708,17670
14709,17841
14710,18436
14711,11406
14712,28823
14713,10071
14714,23461
14715,25110
14716,5147
14717,11494
14718,16467
14719,15149
14720,13637
14721,23946
14722,12919
14723,17948
14724,17237
14725,14570
14726,32767
14727,2984
14728,19841
14729,11552
14730,31586
14731,7790
14732,23433
14733,15454
14734,20412
14735,14432
14736,18618
14737,18190
14738,32767
14739,3638
14740,5084
14741,13551
14742,-1190
14743,19085
14744,13010
14745,17135
14746,23495
14747,15903
14748,18728
14749,-20564
14750,5384
14751,4916
14752,16164
14753,14216
14754,19676
14755,11105
14756,25126
14757,12885
14758,19768
14759,17538
14760,7178
14761,19650
14762,2132
14763,19513
14764,11743
14765,15980
14766,17468
14767,15964
14768,23211
14769,18340
14770,14530
14771,32767
14772,-4754
14773,9445
14774,20947
14775,12900
14776,18500
14777,18673
14778,13093
14779,11305
14780,32767
14781,3308
14782,32767
14783,6215
14784,32767
14785,359
14786,11422
14787,15859
14788,14148
14789,21004
14790,16591
14791,18494
14792,14381
14793,21430
14794,15284
14795,-32768
14796,2033
14797,14620
14798,30765
14799,6247
14800,32767
14801,5463
14802,20297
14803,14458
14804,20499
14805,19689
14806,17797
14807,32767
14808,1165
14809,32767
14810,-750
14811,21675
14812,12224
14813,21024
14814,10601
14815,15749
14816,24811
14817,15008
14818,-32768
14819,-1855
14820,28006
14821,10419
14822,18075
14823,13844
14824,18927
14825,16986
14826,22644
14827,16642
14828,16436
14829,13650
14830,-32768
14831,963
14832,14734
14833,22865
14834,10886
14835,18299
14836,18548
14837,13829
14838,18866
14839,26474
14840,9957
14841,-32768
14842,612
14843,15197
14844,15069
14845,17188
14846,18162
14847,11178
14848,32767
14849,4942
14850,32767
14851,4519
14852,20390
14853,-21243
14854,7389
14855,14549
14856,22849
14857,11575
14858,15453
14859,24639
14860,8286
14861,19808
14862,12558
14863,20093
14864,25984
14865,3451
14866,17176
14867,9209
14868,21395
14869,13774
14870,16979
14871,15724
14872,17839
14873,16991
14874,15761
14875,23042
14876,5102
14877,8074
14878,6326
14879,31976
14880,2485
14881,15233
14882,18542
14883,15829
14884,27080
14885,14559
14886,27152
14887,-26212
14888,7261
14889,10732
14890,13750
14891,13965
14892,19252
14893,17476
14894,15386
14895,19366
14896,20951
14897,11613
14898,23920
14899,-32768
14900,63
14901,19237
14902,14433
14903,13831
14904,17974
14905,16957
14906,18979
14907,7022
14908,5907
14909,32767
14910,-11731
14911,5776
14912,20060
14913,15461
14914,18286
14915,22240
14916,9784
14917,6820
14918,32767
14919,4703
14920,21281
14921,15906
14922,-32768
14923,-2491
14924,24662
14925,13021
14926,14699
14927,28665
14928,5177
14929,21665
14930,18136
14931,24879
14932,7114
14933,32767
14934,-1308
14935,21049
14936,-8286
14937,3905
14938,32583
14939,9824
14940,17232
14941,15433
14942,17162
14943,15886
14944,18732
14945,-32768
14946,-503
14947,32767
14948,5894
14949,16304
14950,14525
14951,15055
14952,16329
14953,21701
14954,17752
14955,22344
14956,14051
14957,-2161
14958,22231
14959,11558
14960,14344
14961,16150
14962,19459
14963,24605
14964,11683
14965,15965
14966,6612
14967,6570
14968,-32768
14969,-1408
14970,13853
14971,15123
14972,16123
14973,20225
14974,18416
14975,14555
14976,11658
14977,32767
14978,4981
14979,32767
14980,2962
14981,20322
14982,12844
14983,18392
14984,15867
14985,12974
14986,26263
14987,6956
14988,27892
14989,15840
14990,16127
14991,32767
14992,1492
14993,8461
14994,20519
14995,14388
14996,12075
14997,25526
14998,11192
14999,21349
15000,16058
15001,16210
15002,32767
15003,-108
15004,7120
15005,9615
15006,25585
15007,10353
15008,18840
15009,19616
15010,14188
15011,20871
15012,17179
15013,32767
15014,2805
15015,18708
15016,4099
15017,23076
15018,12858
15019,17072
15020,18879
15021,14681
15022,17441
15023,16431
15024,17902
15025,-32768
15026,3337
15027,12661
15028,20514
15029,10865
15030,17096
15031,21114
15032,13457
15033,24085
15034,15808
15035,17118
15036,21181
15037,18073
15038,1449
15039,19005
15040,12634
15041,20424
15042,17154
15043,13120
15044,18165
15045,17791
15046,13115
15047,20273
15048,31644
15049,-4088
15050,17220
15051,20252
15052,9110
15053,23328
15054,16237
15055,12089
15056,24717
15057,9627
15058,29739
15059,12571
15060,32767
15061,2367
15062,16698
15063,14706
15064,12159
15065,24570
15066,10160
15067,21400
15068,12580
15069,23052
15070,14146
15071,32767
15072,325
15073,12546
15074,23088
15075,10013
15076,18608
15077,16777
15078,19853
15079,13164
15080,21089
15081,18531
15082,16295
15083,-6819
15084,2369
15085,21828
15086,11177
15087,17960
15088,12800
15089,18821
15090,12877
15091,22791
15092,19705
15093,14452
15094,32767
15095,-3468
15096,13620
15097,16163
15098,18723
15099,13770
15100,17283
15101,16488
15102,18536
15103,12737
15104,27937
15105,11274
15106,32767
15107,-224
15108,12631
15109,20085
15110,10441
15111,11583
15112,26901
15113,11821
15114,16697
15115,27395
15116,9016
15117,-32768
15118,-1932
15119,14562
15120,16444
15121,13382
15122,16956
15123,14348
15124,17327
15125,13181
15126,25665
15127,15779
15128,20708
15129,32767
15130,2023
15131,14221
15132,17013
15133,14874
15134,13842
15135,17882
15136,15542
15137,21348
15138,16293
15139,19835
15140,32767
15141,-979
15142,14203
15143,11811
15144,22160
15145,13277
15146,18010
15147,17944
15148,20600
15149,11805
15150,23947
15151,11288
15152,32767
15153,1114
15154,15135
15155,16815
15156,13848
15157,20293
15158,15493
15159,18597
15160,18060
15161,19641
15162,15637
15163,-32768
15164,1834
15165,14583
15166,15637
15167,14794
15168,18074
15169,13978
15170,21678
15171,14216
15172,18554
15173,14892
15174,24860
15175,32767
15176,1759
15177,23133
15178,11441
15179,16410
15180,17173
15181,18349
15182,12850
15183,22862
15184,16222
15185,21271
15186,32767
15187,271
15188,19562
15189,13692
15190,17674
15191,13948
15192,19476
15193,14329
15194,19368
15195,13932
15196,19976
15197,16330
15198,-32768
15199,-596
15200,17260
15201,15170
15202,12907
15203,17481
15204,15390
15205,19536
15206,14207
15207,24621
15208,14015
15209,32767
15210,2307
15211,11203
15212,20005
15213,11457
15214,19875
15215,13170
15216,19317
15217,14410
15218,18320
15219,18536
15220,22607
15221,32767
15222,443
15223,23784
15224,11628
15225,16907
15226,16577
15227,20123
15228,12532
15229,22481
15230,16928
15231,24317
15232,27857
15233,2754
15234,17338
15235,14176
15236,18774
15237,15037
15238,19228
15239,14677
15240,21005
15241,11989
15242,23939
15243,13631
15244,32767
15245,250
15246,17367
15247,15350
15248,15428
15249,17257
15250,15140
15251,18757
15252,13867
15253,21605
15254,12540
15255,32767
15256,942
15257,15819
15258,17607
15259,12748
15260,19442
15261,12241
15262,22984
15263,13727
15264,18803
15265,16802
15266,19604
15267,32767
15268,-254
15269,18420
15270,13314
15271,15789
15272,14254
15273,19526
15274,14792
15275,17185
15276,18906
15277,18269
15278,32767
15279,498
15280,20579
15281,13923
15282,16455
15283,16366
15284,16402
15285,17052
15286,16611
15287,17102
15288,22972
15289,14641
15290,-1541
15291,3158
15292,12630
15293,17379
15294,13848
15295,18807
15296,13693
15297,24433
15298,13768
15299,25015
15300,13572
15301,-31279
15302,3426
15303,12755
15304,15742
15305,15554
15306,22167
15307,13115
15308,21266
15309,14527
15310,22981
15311,13768
15312,21395
15313,-32768
15314,1183
15315,19899
15316,13741
15317,17191
15318,12626
15319,24508
15320,11070
15321,20903
15322,16860
15323,19982
15324,-32768
15325,993
15326,19896
15327,12388
15328,20039
15329,13182
15330,21170
15331,13329
15332,19178
15333,14838
15334,21982
15335,16029
15336,32767
15337,4245
15338,10562
15339,22365
15340,10676
15341,18365
15342,14045
15343,18556
15344,15601
15345,21863
15346,15612
15347,-3893
15348,5212
15349,10911
15350,20190
15351,11684
15352,18688
15353,17451
15354,15186
15355,16121
15356,20015
15357,14696
15358,29110
15359,23773
15360,1574
15361,18101
15362,13820
15363,16881
15364,15517
15365,17788
15366,15560
15367,18738
15368,16697
15369,21535
15370,-32768
15371,1955
15372,17973
15373,16959
15374,16026
15375,15970
15376,20191
15377,13938
15378,20430
15379,13464
15380,26949
15381,11641
15382,32767
15383,-2655
15384,16055
15385,15051
15386,15054
15387,19957
15388,14147
15389,18884
15390,15230
15391,21160
15392,16097
15393,32767
15394,716
15395,13169
15396,22521
15397,11446
15398,21989
15399,12162
15400,23743
15401,11755
15402,21242
15403,18420
15404,17055
15405,32767
15406,-1298
15407,23548
15408,10945
15409,21224
15410,10894
15411,20030
15412,15504
15413,18822
15414,17770
15415,18430
15416,32767
15417,-2441
15418,27523
15419,8574
15420,19490
15421,13809
15422,15986
15423,17730
15424,17575
15425,19021
15426,21407
15427,12367
15428,-11973
15429,2694
15430,13591
15431,15844
15432,15969
15433,17641
15434,18578
15435,14492
15436,15967
15437,29984
15438,11137
15439,-32768
15440,1777
15441,16420
15442,14195
15443,18438
15444,13737
15445,18310
15446,17014
15447,13451
15448,27579
15449,13632
15450,21698
15451,32767
15452,1771
15453,16024
15454,15066
15455,16064
15456,15307
15457,22138
15458,12303
15459,24576
15460,14870
15461,18266
15462,-32768
15463,-982
15464,15664
15465,14956
15466,15608
15467,13273
15468,23574
15469,12771
15470,19189
15471,18751
15472,18505
15473,21272
15474,32767
15475,1123
15476,13717
15477,19333
15478,11824
15479,18599
15480,17079
15481,13600
15482,23653
15483,15332
15484,20207
15485,-32768
15486,1975
15487,13892
15488,18336
15489,14316
15490,14742
15491,20593
15492,15302
15493,18870
15494,16480
15495,15410
15496,23643
15497,32767
15498,676
15499,19710
15500,15232
15501,13921
15502,22038
15503,13977
15504,20633
15505,16051
15506,20547
15507,14003
15508,32767
15509,199
15510,13039
15511,19615
15512,13307
15513,17572
15514,17152
15515,17762
15516,15437
15517,16075
15518,22933
15519,15461
15520,32767
15521,-76
15522,22766
15523,11274
15524,18806
15525,15959
15526,13274
15527,19331
15528,15579
15529,25675
15530,12398
15531,32767
15532,-400
15533,15402
15534,14625
15535,16599
15536,17974
15537,15011
15538,19220
15539,14460
15540,15344
15541,24117
15542,13681
15543,30264
15544,-2166
15545,22447
15546,10915
15547,17632
15548,14702
15549,15825
15550,18609
15551,17297
15552,27834
15553,10871
15554,32767
15555,248
15556,19758
15557,13373
15558,15561
15559,18788
15560,13258
15561,25666
15562,12869
15563,20560
15564,16495
15565,17763
15566,12978
15567,3574
15568,10458
15569,14764
15570,16402
15571,14462
15572,20126
15573,14405
15574,23558
15575,15785
15576,17253
15577,-8048
15578,5709
15579,17841
15580,13297
15581,19177
15582,16073
15583,17564
15584,12926
15585,19802
15586,16406
15587,19796
15588,17663
15589,22899
15590,6329
15591,14016
15592,14469
15593,13390
15594,21042
15595,15757
15596,14543
15597,17453
15598,21810
15599,14767
15600,-32768
15601,2246
15602,11733
15603,22461
15604,8901
15605,15510
15606,18228
15607,15640
15608,17220
15609,16170
15610,14841
15611,22014
15612,32767
15613,276
15614,14992
15615,18747
15616,10127
15617,16123
15618,16080
15619,15898
15620,19658
15621,18439
15622,15433
15623,32767
15624,-2548
15625,12376
15626,15957
15627,16221
15628,17026
15629,15734
15630,16434
15631,15796
15632,18268
15633,31415
15634,8889
15635,32767
15636,2660
15637,13602
15638,16746
15639,11078
15640,20885
15641,16564
15642,16419
15643,16844
15644,19250
15645,24613
15646,-26109
15647,2147
15648,15608
15649,15888
15650,12038
15651,32767
15652,9723
15653,18675
15654,16800
15655,16462
15656,23218
15657,16007
15658,32767
15659,2278
15660,-20286
15661,-1693
15662,-17199
15663,-17598
15664,-8384
15665,-19710
15666,-10500
15667,-26716
15668,-11180
15669,-11367
15670,-12911
15671,-11382
15672,-15997
15673,-12933
15674,-32768
15675,-6006
15676,-17839
15677,-15680
15678,-25213
15679,-6940
15680,-20386
15681,-17246
15682,-12677
15683,-13083
15684,-17148
15685,-15447
15686,-12638
15687,-31484
15688,-4919
15689,-15691
15690,-15346
15691,-24455
15692,-7675
15693,-18381
15694,-22057
15695,-10609
15696,-19558
15697,-16203
15698,-11540
15699,-13563
15700,-12345
15701,1423
15702,-13382
15703,-9196
15704,-22549
15705,-14771
15706,-10479
15707,-28937
15708,-5591
15709,-20293
15710,-14686
15711,-28653
15712,-16187
15713,-8376
15714,-15781
15715,-11505
15716,-10848
15717,-32768
15718,-21778
15719,-5222
15720,32767
15721,-2397
15722,-32768
15723,-9193
15724,-8479
15725,9386
15726,-5553
15727,-10387
15728,-15526
15729,-14538
15730,-32768
15731,-6832
15732,-16739
15733,4805
15734,19265
15735,2432
15736,14361
15737,25397
15738,6777
15739,14426
15740,21109
15741,21313
15742,-4401
15743,32767
15744,7214
15745,3840
15746,26784
15747,7564
15748,-30240
15749,10129
15750,8232
15751,-10215
15752,-32768
15753,6466
15754,4146
15755,32767
15756,-2521
15757,127
15758,4736
15759,-17873
15760,-16137
15761,-19399
15762,-8205
15763,46
15764,-4340
15765,-14750
15766,-5690
15767,-5030
15768,6812
15769,-32768
15770,-5537
15771,16155
15772,-32768
15773,-2127
15774,2473
15775,12238
15776,-7594
15777,-8355
15778,-32768
15779,9475
15780,-4876
15781,-8031
15782,-3291
15783,-8838
15784,-1198
15785,-9418
15786,-13380
15787,-21137
15788,-4589
15789,-12350
15790,-32768
15791,10809
15792,-5860
15793,-25251
15794,-11192
15795,12628
15796,12448
15797,16581
15798,12735
15799,20096
15800,9941
15801,18871
15802,-69
15803,8764
15804,12794
15805,4299
15806,5180
15807,11753
15808,10567
15809,9681
15810,6028
15811,16977
15812,7887
15813,32767
15814,1833
15815,20215
15816,14998
15817,15595
15818,11382
15819,15511
15820,14785
15821,14574
15822,13194
15823,16460
15824,20454
15825,16876
15826,12689
15827,7385
15828,14610
15829,1181
15830,8486
15831,22467
15832,12998
15833,14778
15834,18610
15835,12299
15836,9567
15837,11815
15838,13284
15839,5877
15840,29141
15841,7714
15842,16385
15843,24404
15844,14877
15845,9401
15846,16846
15847,9482
15848,9732
15849,20610
15850,24261
15851,14488
15852,31253
15853,13889
15854,14978
15855,3723
15856,32767
15857,1674
15858,9347
15859,30473
15860,31062
15861,2623
15862,-21705
15863,-7148
15864,1588
15865,2095
15866,6880
15867,1247
15868,-25224
15869,-4891
15870,3419
15871,10403
15872,11431
15873,16207
15874,18718
15875,12513
15876,22057
15877,15935
15878,6127
15879,20939
15880,-5485
15881,7027
15882,32767
15883,-2293
15884,24544
15885,-1124
15886,15529
15887,13003
15888,12261
15889,20568
15890,6992
15891,14150
15892,10906
15893,20462
15894,15397
15895,32767
15896,2958
15897,22621
15898,-2527
15899,32767
15900,7291
15901,3838
15902,13017
15903,14114
15904,8751
15905,18177
15906,17419
15907,6894
15908,17024
15909,16958
15910,13168
15911,20792
15912,29313
15913,1681
15914,32767
15915,9341
15916,22842
15917,1981
15918,479
15919,-32768
15920,701
15921,19776
15922,27087
15923,4586
15924,15516
15925,22759
15926,-3570
15927,-1768
15928,5083
15929,32767
15930,-10265
15931,1977
15932,14227
15933,9860
15934,-9571
15935,32767
15936,4976
15937,10562
15938,7003
15939,32767
15940,6283
15941,5555
15942,-13325
15943,0
15944,-4763
15945,3363
15946,-16394
15947,9063
15948,7972
15949,32767
15950,4071
15951,16412
15952,7463
15953,10565
15954,9272
15955,32767
15956,6300
15957,15677
15958,18576
15959,8687
15960,23330
15961,13546
15962,13790
15963,15751
15964,13060
15965,16879
15966,23322
15967,18691
15968,29472
15969,7020
15970,19188
15971,15308
15972,21022
15973,16840
15974,16451
15975,15193
15976,16616
15977,11775
15978,32767
15979,8945
15980,32767
15981,6344
15982,17863
15983,13145
15984,15050
15985,12960
15986,12505
15987,10740
15988,17582
15989,9155
15990,23719
15991,10413
15992,27749
15993,11661
15994,15429
15995,21958
15996,10591
15997,27318
15998,7281
15999,16199
16000,14234
16001,19475
16002,11199
16003,20409
16004,18689
16005,13536
16006,14804
16007,24784
16008,10616
16009,16067
16010,24125
16011,15451
16012,30915
16013,8433
16014,20152
16015,21737
16016,10496
16017,9356
16018,9641
16019,12324
16020,11034
16021,16487
16022,15346
16023,17431
16024,18295
16025,31567
16026,6755
16027,13026
16028,19024
16029,20235
16030,15824
16031,4869
16032,-753
16033,6378
16034,10681
16035,13081
16036,-2928
16037,5220
16038,15134
16039,14194
16040,8276
16041,12721
16042,20166
16043,3782
16044,11157
16045,6365
16046,8003
16047,10507
16048,6934
16049,10200
16050,12240
16051,13525
16052,10383
16053,13964
16054,6022
16055,212
16056,8265
16057,4472
16058,4876
16059,-16559
16060,-10038
16061,2474
16062,3008
16063,7757
16064,9846
16065,4414
16066,7981
16067,7073
16068,15604
16069,12266
16070,20003
16071,10773
16072,3002
16073,18126
16074,6458
16075,18503
16076,6864
16077,15829
16078,8492
16079,9116
16080,14235
16081,32478
16082,7123
16083,7358
16084,10226
16085,10232
16086,25936
16087,10742
16088,6817
16089,-7391
16090,-5496
16091,1893
16092,-5639
16093,-2504
16094,3026
16095,854
16096,-3664
16097,1528
16098,2065
16099,-3072
16100,8953
16101,9702
16102,7357
16103,13292
16104,5082
16105,2217
16106,8305
16107,31106
16108,7243
16109,-1227
16110,-3468
16111,2103
16112,-1
16113,2886
16114,7445
16115,11825
16116,9041
16117,1380
16118,-2025
16119,-2692
16120,-1869
16121,-25
16122,-1412
16123,-1014
16124,16902
16125,15719
16126,10945
16127,1703
16128,41
16129,7737
16130,5349
16131,580
16132,3969
16133,13108
16134,7063
16135,-85
16136,9826
16137,9646
16138,-524
16139,-2158
16140,-3377
16141,-702
16142,6319
16143,4000
16144,6874
16145,11929
16146,14883
16147,15947
16148,20000
16149,21532
16150,20037
16151,8257
16152,9893
16153,19601
16154,20267
16155,21236
16156,19266
16157,12090
16158,8144
16159,10571
16160,20191
16161,32767
16162,3814
16163,17485
16164,21614
16165,9719
16166,11013
16167,32767
16168,12305
16169,8699
16170,20282
16171,15289
16172,-1503
16173,7881
16174,12320
16175,5151
16176,14566
16177,10406
16178,4941
16179,6153
16180,3525
16181,10371
16182,24732
16183,10647
16184,7595
16185,32767
16186,8714
16187,12986
16188,8703
16189,931
16190,7315
16191,13430
16192,26306
16193,15170
16194,6103
16195,5404
16196,14188
16197,18866
16198,24268
16199,2043
16200,2931
16201,9676
16202,7062
16203,8190
16204,9150
16205,12055
16206,17964
16207,11475
16208,5515
16209,11542
16210,27527
16211,15017
16212,4184
16213,4524
16214,6490
16215,6761
16216,7721
16217,-1994
16218,-6614
16219,-1853
16220,-3074
16221,-7321
16222,-8198
16223,-3615
16224,-10721
16225,-10866
16226,-8937
16227,-4138
16228,-5478
16229,-11532
16230,-3532
16231,290
16232,-10042
16233,632
16234,5551
16235,-5161
16236,-3934
16237,5937
16238,510
16239,-434
16240,15552
16241,11989
16242,841
16243,-979
16244,-25021
16245,-9675
16246,-1150
16247,-10315
16248,-9421
16249,-4125
16250,8211
16251,8631
16252,-5368
16253,-5891
16254,4915
16255,2549
16256,-7880
16257,8102
16258,3283
16259,-2000
16260,7014
16261,2749
16262,-3467
16263,539
16264,10
16265,640
16266,5243
16267,-91
16268,-2898
16269,12253
16270,4713
16271,8222
16272,3865
16273,2123
16274,7589
16275,7725
16276,31548
16277,7998
16278,6571
16279,18218
16280,25022
16281,8047
16282,10323
16283,32767
16284,2898
16285,8804
16286,8435
16287,6732
16288,10196
16289,9228
16290,14396
16291,3978
16292,4497
16293,10791
16294,9452
16295,8795
16296,10155
16297,11979
16298,10540
16299,12465
16300,14430
16301,25783
16302,8814
16303,9086
16304,5448
16305,15155
16306,10013
16307,9347
16308,16174
16309,6765
16310,9735
16311,8297
16312,10993
16313,13277
16314,13070
16315,4685
16316,3765
16317,3727
16318,1948
16319,4811
16320,10459
16321,18463
16322,8541
16323,2769
16324,3909
16325,1360
16326,-5880
16327,-5722
16328,-4795
16329,-5152
16330,-2067
16331,1320
16332,10690
16333,13139
16334,5145
16335,16274
16336,17258
16337,17954
16338,8016
16339,13619
16340,24912
16341,19043
16342,5442
16343,-11362
16344,7446
16345,1027
16346,13920
16347,6882
16348,7380
16349,10616
16350,4291
16351,32767
16352,9991
16353,7745
16354,3188
16355,32767
16356,11570
16357,13828
16358,495
16359,-3548
16360,5076
16361,294
16362,-2595
16363,7163
16364,14713
16365,-92
16366,1535
16367,5849
16368,-7764
16369,-366
16370,2437
16371,-10184
16372,-11832
16373,-1724
16374,-5746
16375,-3503
16376,8666
16377,3530
16378,-6030
16379,7967
16380,5124
16381,4250
16382,9375
16383,6229
16384,17254
16385,1581
16386,2149
16387,6499
16388,2071
16389,3800
16390,7915
16391,31921
16392,8849
16393,6483
16394,8562
16395,6691
16396,17006
16397,5284
16398,4489
16399,2074
16400,268
16401,1084
16402,2284
16403,-305
16404,-8146
16405,-8407
16406,-731
16407,-2085
16408,-5304
16409,-6303
16410,-6885
16411,-8567
16412,-7550
16413,-9115
16414,-12042
16415,-5251
16416,-11249
16417,-12093
16418,-16048
16419,-11528
16420,-4487
16421,-22749
16422,-5254
16423,961
16424,-11652
16425,-13032
16426,-10017
16427,-11253
16428,-12636
16429,-11955
16430,-17417
16431,-10298
16432,-16177
16433,-13551
16434,-16073
16435,-10779
16436,-14426
16437,-9309
16438,-17302
16439,-9376
16440,-29060
16441,-7948
16442,-16683
16443,-19070
16444,-12676
16445,-11494
16446,-17185
16447,-13490
16448,-2716
16449,-9561
16450,-10859
16451,-16476
16452,-4229
16453,-11674
16454,-10286
16455,-2246
16456,-12540
16457,144
16458,-12520
16459,-10900
16460,-15336
16461,-9441
16462,-12570
16463,-12650
16464,-32768
16465,-5699
16466,-9325
16467,-12139
16468,-11932
16469,-13078
16470,-16190
16471,-9715
16472,-15204
16473,-16014
16474,-32529
16475,-10123
16476,-17548
16477,-9136
16478,-15878
16479,-24349
16480,-15344
16481,-32304
16482,-11105
16483,-10792
16484,-24701
16485,-21934
16486,-13856
16487,-11461
16488,-10853
16489,-10709
16490,-15697
16491,-12205
16492,-13258
16493,-9598
16494,-8289
16495,-3089
16496,-42
16497,-8698
16498,-10030
16499,-9389
16500,-10693
16501,-10235
16502,-12421
16503,-13998
16504,-10984
16505,-10372
16506,-13648
16507,-11176
16508,-17900
16509,-29817
16510,-12610
16511,-10222
16512,-15905
16513,-15988
16514,-7362
16515,-12867
16516,-15714
16517,-12286
16518,-10329
16519,-16766
16520,-12107
16521,-20170
16522,-11023
16523,-4820
16524,-13246
16525,-7192
16526,-3499
16527,-11930
16528,-13015
16529,-14960
16530,-12649
16531,-9404
16532,-14543
16533,-22235
16534,-10920
16535,-11804
16536,-26041
16537,-12402
16538,-19820
16539,-11221
16540,-11455
16541,-9793
16542,-12653
16543,-13818
16544,-15683
16545,-15457
16546,-17051
16547,-29630
16548,-10341
16549,-13292
16550,-14566
16551,-26072
16552,-16105
16553,-9075
16554,-11591
16555,-26731
16556,-16503
16557,-10302
16558,-10698
16559,-12522
16560,-16046
16561,-15906
16562,-22249
16563,-8482
16564,-8176
16565,-7320
16566,-6386
16567,-4539
16568,-5609
16569,-10670
16570,-13083
16571,-12400
16572,-6318
16573,-9255
16574,-11831
16575,-10910
16576,-20228
16577,-17263
16578,-17312
16579,-9123
16580,-17808
16581,-9507
16582,-14464
16583,-9383
16584,-19543
16585,-11015
16586,-17005
16587,-12697
16588,-14106
16589,-10251
16590,-15095
16591,-11450
16592,-12185
16593,-12377
16594,-9887
16595,-23919
16596,-19466
16597,-8133
16598,-7410
16599,-10595
16600,-7754
16601,-18244
16602,-9723
16603,-9936
16604,-19270
16605,-19713
16606,-11640
16607,-6470
16608,-19468
16609,-12853
16610,-11846
16611,-12506
16612,-16052
16613,-15027
16614,-6101
16615,-10943
16616,-16791
16617,-22046
16618,-7616
16619,-6761
16620,-12440
16621,-6951
16622,-8308
16623,-11380
16624,-18512
16625,-19612
16626,-17584
16627,-10399
16628,-16575
16629,-15466
16630,-32768
16631,-7857
16632,-12332
16633,-11065
16634,-17008
16635,-7564
16636,-12086
16637,-8842
16638,-9690
16639,-5227
16640,-7217
16641,-8653
16642,-13253
16643,-20780
16644,-14671
16645,-6968
16646,1001
16647,-19790
16648,-4781
16649,-3144
16650,-14850
16651,-1359
16652,-2545
16653,-8493
16654,-7870
16655,-3417
16656,-10800
16657,-17476
16658,-16039
16659,-9561
16660,-5552
16661,-9568
16662,-21668
16663,-18451
16664,-16963
16665,-6956
16666,-8984
16667,-11231
16668,-14677
16669,-32768
16670,-10956
16671,-13201
16672,-15570
16673,-22456
16674,-13583
16675,-30922
16676,-12743
16677,-21136
16678,-14227
16679,-13297
16680,-9047
16681,-19484
16682,-18016
16683,-20304
16684,-12700
16685,-10967
16686,-6397
16687,-24184
16688,-11742
16689,-17011
16690,-32054
16691,-5542
16692,-17546
16693,-8649
16694,-6097
16695,-14691
16696,-9426
16697,-17049
16698,-29829
16699,-8673
16700,-8800
16701,-15991
16702,-24136
16703,-23321
16704,-10279
16705,-10178
16706,-17116
16707,-9771
16708,-17323
16709,-14489
16710,-12752
16711,-9403
16712,-32768
16713,-7374
16714,-16887
16715,-3584
16716,-7626
16717,-17308
16718,-13820
16719,-12643
16720,-6132
16721,-25659
16722,-8965
16723,-10889
16724,-23631
16725,-4482
16726,-8155
16727,-32768
16728,-6231
16729,-10140
16730,-14755
16731,-12052
16732,-16414
16733,-17138
16734,-10679
16735,-4032
16736,-17714
16737,-7835
16738,-17352
16739,-14041
16740,-951
16741,-7387
16742,-2953
16743,-3001
16744,-6871
16745,-7524
16746,-6074
16747,-3572
16748,-6846
16749,-23060
16750,-15497
16751,-8657
16752,-10632
16753,-16088
16754,-18103
16755,-6108
16756,-9441
16757,-4943
16758,-4049
16759,-8079
16760,-8759
16761,-2491
16762,-4023
16763,-8387
16764,-4841
16765,-4588
16766,-10295
16767,-7981
16768,-13720
16769,-20580
16770,-9352
16771,-1793
16772,-4343
16773,-14558
16774,-25055
16775,-16930
16776,-11669
16777,-8806
16778,-9038
16779,-6336
16780,-7294
16781,-15557
16782,-9694
16783,-17977
16784,-14177
16785,-29633
16786,-8009
16787,-12282
16788,-9073
16789,-11896
16790,-26940
16791,-22421
16792,-18268
16793,-10415
16794,-10107
16795,-15162
16796,-12946
16797,-13944
16798,-15052
16799,-12805
16800,-6799
16801,-9247
16802,-11948
16803,-22265
16804,-14691
16805,-24591
16806,-4894
16807,-8042
16808,-1620
16809,61
16810,-9540
16811,-3929
16812,1046
16813,-7604
16814,-16259
16815,-30783
16816,-1460
16817,-19279
16818,-6685
16819,-12464
16820,-8905
16821,-6071
16822,-5266
16823,814
16824,-5819
16825,3144
16826,13513
16827,-7926
16828,530
16829,-300
16830,-9430
16831,1401
16832,-19619
16833,3640
16834,6622
16835,-10522
16836,13142
16837,1889
16838,9166
16839,15378
16840,12136
16841,19906
16842,-32768
16843,2590
16844,15281
16845,22283
16846,10168
16847,13817
16848,20810
16849,11187
16850,19261
16851,18191
16852,17682
16853,18002
16854,32767
16855,-4508
16856,11946
16857,26659
16858,8563
16859,20153
16860,20247
16861,11126
16862,24688
16863,13578
16864,26819
16865,-32768
16866,922
16867,19366
16868,15167
16869,15576
16870,16402
16871,16131
16872,19508
16873,17542
16874,14717
16875,24809
16876,9087
16877,-3398
16878,-3676
16879,17596
16880,17092
16881,15168
16882,20638
16883,12247
16884,26458
16885,9333
16886,16840
16887,21688
16888,32767
16889,-245
16890,20533
16891,11256
16892,13789
16893,22355
16894,14197
16895,17729
16896,14445
16897,22017
16898,16899
16899,16224
16900,32767
16901,569
16902,20955
16903,12416
16904,18724
16905,13035
16906,24741
16907,10814
16908,18416
16909,17917
16910,17176
16911,32767
16912,274
16913,20698
16914,14004
16915,17561
16916,15004
16917,13116
16918,18995
16919,14333
16920,20747
16921,16190
16922,16586
16923,32295
16924,2915
16925,14136
16926,32767
16927,4385
16928,12240
16929,17385
16930,17822
16931,14764
16932,18010
16933,18476
16934,32767
16935,3667
16936,16356
16937,11772
16938,16735
16939,17690
16940,16950
16941,17206
16942,22198
16943,11264
16944,27079
16945,14168
16946,13727
16947,3096
16948,13596
16949,18613
16950,12909
16951,21346
16952,13543
16953,21077
16954,16239
16955,18496
16956,15894
16957,32767
16958,2308
16959,14070
16960,17833
16961,15056
16962,18990
16963,17759
16964,13598
16965,18059
16966,17587
16967,18527
16968,18295
16969,32767
16970,2273
16971,17821
16972,14278
16973,18399
16974,14737
16975,19663
16976,13636
16977,20171
16978,15401
16979,20876
16980,32767
16981,270
16982,23161
16983,13826
16984,13204
16985,19319
16986,15764
16987,17171
16988,15609
16989,18975
16990,18373
16991,17700
16992,29604
16993,1994
16994,13744
16995,16281
16996,16566
16997,13605
16998,21183
16999,14860
17000,22114
17001,17938
17002,15801
17003,10029
17004,3908
17005,14092
17006,16869
17007,15689
17008,14526
17009,20926
17010,13368
17011,17438
17012,17207
17013,21032
17014,16164
17015,32767
17016,3291
17017,15828
17018,17554
17019,12435
17020,15892
17021,17706
17022,14972
17023,22140
17024,18847
17025,16112
17026,-32768
17027,1396
17028,14793
17029,14155
17030,17547
17031,14801
17032,18901
17033,16423
17034,18596
17035,16623
17036,20263
17037,13065
17038,32767
17039,-4086
17040,17702
17041,14734
17042,15160
17043,17092
17044,15065
17045,18230
17046,17353
17047,18450
17048,16642
17049,32767
17050,2642
17051,15252
17052,21410
17053,12180
17054,18711
17055,14577
17056,19314
17057,14247
17058,19681
17059,19492
17060,18071
17061,32767
17062,1597
17063,17099
17064,14804
17065,14287
17066,17524
17067,16985
17068,17145
17069,16812
17070,18177
17071,15039
17072,32767
17073,-678
17074,16263
17075,16196
17076,15467
17077,15273
17078,16457
17079,17570
17080,16327
17081,16619
17082,25291
17083,17239
17084,32767
17085,-1254
17086,15891
17087,14584
17088,16335
17089,18126
17090,13343
17091,22272
17092,15086
17093,22033
17094,14910
17095,32767
17096,84
17097,20135
17098,11283
17099,14474
17100,21367
17101,14024
17102,19262
17103,14290
17104,19828
17105,19462
17106,14867
17107,-32768
17108,1218
17109,20342
17110,14697
17111,13717
17112,16512
17113,17970
17114,16464
17115,18009
17116,19692
17117,14065
17118,-32768
17119,-1416
17120,15675
17121,14579
17122,17949
17123,16265
17124,16158
17125,18255
17126,15704
17127,18504
17128,17798
17129,18427
17130,32767
17131,1765
17132,15839
17133,15524
17134,13973
17135,18152
17136,16502
17137,16312
17138,18980
17139,19879
17140,14630
17141,32767
17142,734
17143,15748
17144,17261
17145,13326
17146,15023
17147,18684
17148,14535
17149,22346
17150,12389
17151,17745
17152,17547
17153,-32768
17154,2574
17155,15626
17156,16366
17157,12628
17158,20871
17159,14982
17160,17509
17161,16052
17162,20102
17163,17168
17164,32767
17165,1386
17166,10688
17167,16049
17168,16621
17169,17551
17170,16706
17171,15021
17172,18683
17173,19845
17174,15428
17175,17588
17176,32767
17177,-1518
17178,18254
17179,13930
17180,14205
17181,18440
17182,16782
17183,15411
17184,18337
17185,17458
17186,22272
17187,32767
17188,2124
17189,12018
17190,23710
17191,12825
17192,16232
17193,18448
17194,15262
17195,19194
17196,14701
17197,24529
17198,14100
17199,32767
17200,-119
17201,21180
17202,14973
17203,13752
17204,17861
17205,16325
17206,18482
17207,15294
17208,22971
17209,15074
17210,32767
17211,912
17212,17072
17213,15264
17214,15214
17215,17929
17216,15454
17217,19694
17218,15458
17219,19359
17220,19286
17221,16401
17222,-32768
17223,1349
17224,20651
17225,12582
17226,14958
17227,19855
17228,16584
17229,17162
17230,15633
17231,20541
17232,16199
17233,32767
17234,2372
17235,18500
17236,12877
17237,17985
17238,19205
17239,13956
17240,19602
17241,15099
17242,20650
17243,18210
17244,13844
17245,-32768
17246,-454
17247,15215
17248,15993
17249,13983
17250,14729
17251,21943
17252,13021
17253,18434
17254,21609
17255,14551
17256,-25396
17257,2501
17258,11148
17259,14392
17260,16179
17261,20374
17262,14453
17263,17650
17264,16965
17265,17448
17266,17881
17267,19521
17268,-32768
17269,1364
17270,16067
17271,18516
17272,12810
17273,16365
17274,20138
17275,15626
17276,18416
17277,20353
17278,17302
17279,7466
17280,5795
17281,13121
17282,14962
17283,17050
17284,18515
17285,14306
17286,17603
17287,19249
17288,16595
17289,15322
17290,18004
17291,-32768
17292,-1893
17293,19335
17294,16362
17295,12778
17296,19805
17297,15924
17298,16146
17299,15579
17300,22252
17301,16995
17302,-32768
17303,4338
17304,14164
17305,16643
17306,14825
17307,18047
17308,17300
17309,18011
17310,15717
17311,18068
17312,16014
17313,17330
17314,32767
17315,-1155
17316,19110
17317,16131
17318,13333
17319,17424
17320,16380
17321,18483
17322,13137
17323,18348
17324,15652
17325,32767
17326,-1840
17327,12864
17328,14816
17329,14938
17330,21930
17331,12744
17332,15622
17333,16177
17334,22653
17335,17872
17336,14983
17337,32767
17338,1118
17339,17016
17340,16975
17341,13644
17342,15715
17343,23350
17344,11643
17345,19899
17346,19685
17347,19909
17348,-32570
17349,4029
17350,18829
17351,13624
17352,18034
17353,14635
17354,18066
17355,21115
17356,12305
17357,21124
17358,17846
17359,15738
17360,32767
17361,197
17362,13404
17363,20316
17364,15325
17365,12655
17366,21211
17367,14163
17368,19676
17369,17015
17370,16106
17371,32767
17372,2276
17373,14957
17374,14090
17375,15341
17376,14414
17377,20249
17378,15069
17379,15767
17380,23946
17381,16704
17382,18234
17383,32767
17384,-433
17385,15375
17386,18843
17387,13788
17388,13422
17389,24357
17390,14050
17391,18148
17392,15635
17393,18302
17394,32767
17395,-18
17396,15696
17397,19617
17398,9372
17399,17047
17400,18670
17401,12936
17402,19102
17403,16101
17404,18279
17405,18315
17406,32767
17407,-1162
17408,15726
17409,16680
17410,14999
17411,16921
17412,14422
17413,18897
17414,20278
17415,12755
17416,22737
17417,23292
17418,2083
17419,15721
17420,18443
17421,11697
17422,22832
17423,12688
17424,19008
17425,17034
17426,19011
17427,23114
17428,12201
17429,32767
17430,758
17431,21162
17432,13056
17433,14220
17434,16227
17435,13420
17436,23378
17437,14039
17438,16481
17439,28636
17440,-32768
17441,2239
17442,18570
17443,22182
17444,7694
17445,20091
17446,14319
17447,16329
17448,23084
17449,11769
17450,21940
17451,13310
17452,-32768
17453,957
17454,18720
17455,10281
17456,22199
17457,13585
17458,13831
17459,20997
17460,13111
17461,20691
17462,17740
17463,32767
17464,3268
17465,27421
17466,8363
17467,18146
17468,17097
17469,16179
17470,14674
17471,13926
17472,18987
17473,25406
17474,14597
17475,27751
17476,3839
17477,21221
17478,9490
17479,19826
17480,12393
17481,18236
17482,23010
17483,12623
17484,24599
17485,12359
17486,-15620
17487,-2622
17488,17613
17489,13316
17490,21888
17491,12352
17492,16534
17493,15021
17494,17061
17495,22129
17496,12674
17497,24724
17498,32767
17499,-4890
17500,12253
17501,14529
17502,13862
17503,19764
17504,13963
17505,14105
17506,20766
17507,11711
17508,19906
17509,32767
17510,1742
17511,16073
17512,12966
17513,16478
17514,14142
17515,26285
17516,11894
17517,14066
17518,22307
17519,14637
17520,21936
17521,32767
17522,175
17523,13169
17524,19332
17525,12233
17526,19307
17527,15522
17528,14153
17529,20771
17530,17691
17531,19691
17532,14284
17533,4822
17534,13886
17535,18992
17536,12687
17537,13586
17538,19659
17539,13398
17540,26166
17541,9534
17542,28619
17543,9147
17544,30474
17545,-3578
17546,21650
17547,13658
17548,13237
17549,23633
17550,9210
17551,25856
17552,15499
17553,22147
17554,15371
17555,32767
17556,434
17557,13839
17558,20588
17559,11212
17560,18821
17561,12523
17562,23370
17563,7776
17564,14568
17565,26122
17566,9567
17567,-32768
17568,-2475
17569,32767
17570,7887
17571,17997
17572,15009
17573,14672
17574,22342
17575,11546
17576,21519
17577,12746
17578,-32768
17579,-1015
17580,17506
17581,16711
17582,13519
17583,20756
17584,13592
17585,17411
17586,20914
17587,12737
17588,24292
17589,12256
17590,-32768
17591,1252
17592,10971
17593,9034
17594,15801
17595,15983
17596,16160
17597,15812
17598,14617
17599,22971
17600,17874
17601,32767
17602,1037
17603,14462
17604,21099
17605,10196
17606,17233
17607,14742
17608,21395
17609,15905
17610,16066
17611,16601
17612,18913
17613,22136
17614,8520
17615,9630
17616,14930
17617,7695
17618,13870
17619,18894
17620,21772
17621,14173
17622,17381
17623,14922
17624,-11769
17625,6814
17626,18087
17627,12905
17628,18534
17629,17943
17630,14383
17631,19414
17632,15176
17633,23165
17634,11529
17635,31989
17636,8394
17637,8536
17638,10899
17639,14187
17640,16279
17641,16600
17642,19859
17643,11477
17644,18106
17645,18936
17646,19163
17647,32767
17648,5598
17649,7729
17650,15937
17651,8992
17652,13669
17653,20313
17654,18570
17655,17587
17656,12262
17657,12853
17658,32767
17659,32767
17660,-2095
17661,15194
17662,19713
17663,10560
17664,23765
17665,10086
17666,15428
17667,27749
17668,10943
17669,32767
17670,18940
17671,-12812
17672,7873
17673,15481
17674,13792
17675,17894
17676,12696
17677,17075
17678,14651
17679,21589
17680,15057
17681,11031
17682,-2177
17683,-3939
17684,16561
17685,17269
17686,10268
17687,22180
17688,21818
17689,10146
17690,25828
17691,17180
17692,17446
17693,15553
17694,8987
17695,12834
17696,25144
17697,9191
17698,23011
17699,14866
17700,16310
17701,18563
17702,15040
17703,32767
17704,8974
17705,-32768
17706,-805
17707,32767
17708,5721
17709,20097
17710,10345
17711,18071
17712,15169
17713,15802
17714,17721
17715,17745
17716,32767
17717,1880
17718,14682
17719,10976
17720,16355
17721,18230
17722,14088
17723,27938
17724,7377
17725,22524
17726,14973
17727,12973
17728,-32768
17729,-4264
17730,12429
17731,11525
17732,18081
17733,12327
17734,19036
17735,9665
17736,15273
17737,26180
17738,15832
17739,-32768
17740,482
17741,23436
17742,6267
17743,24967
17744,10225
17745,16428
17746,18725
17747,14034
17748,19677
17749,20872
17750,14838
17751,-32768
17752,339
17753,13330
17754,13314
17755,17605
17756,16196
17757,31630
17758,7774
17759,28867
17760,12719
17761,14240
17762,-32768
17763,-163
17764,17805
17765,15039
17766,19378
17767,13406
17768,16538
17769,16503
17770,15120
17771,21014
17772,11831
17773,21683
17774,32767
17775,-3526
17776,11767
17777,22855
17778,10330
17779,16987
17780,17955
17781,12420
17782,28016
17783,12121
17784,22054
17785,-20806
17786,8694
17787,11593
17788,18800
17789,15568
17790,13520
17791,21237
17792,13495
17793,22604
17794,15725
17795,13448
17796,23562
17797,14114
17798,-9753
17799,16969
17800,15577
17801,14334
17802,12630
17803,18413
17804,18606
17805,16504
17806,11698
17807,32767
17808,13137
17809,5181
17810,12997
17811,13053
17812,17241
17813,15027
17814,22185
17815,12787
17816,25699
17817,13023
17818,32767
17819,8272
17820,-32768
17821,-943
17822,19454
17823,14761
17824,19594
17825,12126
17826,16245
17827,21622
17828,8548
17829,17635
17830,16852
17831,-32768
17832,-475
17833,19489
17834,16455
17835,14143
17836,22313
17837,9783
17838,20474
17839,14859
17840,14712
17841,23602
17842,15680
17843,-32768
17844,-2599
17845,20165
17846,13122
17847,25297
17848,10011
17849,15431
17850,17618
17851,16842
17852,28095
17853,9262
17854,32767
17855,-715
17856,21437
17857,10474
17858,18295
17859,13884
17860,17660
17861,17619
17862,13649
17863,22014
17864,15200
17865,14817
17866,28097
17867,3882
17868,8474
17869,22518
17870,10946
17871,16461
17872,17750
17873,13937
17874,15437
17875,20523
17876,16738
17877,-32768
17878,-729
17879,16424
17880,18375
17881,14896
17882,16990
17883,17617
17884,16182
17885,13782
17886,27462
17887,9883
17888,22764
17889,30244
17890,4809
17891,11021
17892,17012
17893,15303
17894,18267
17895,17570
17896,10051
17897,27357
17898,13257
17899,17480
17900,32767
17901,301
17902,17096
17903,14682
17904,15989
17905,14157
17906,23343
17907,10627
17908,15631
17909,19778
17910,20702
17911,14718
17912,32767
17913,-274
17914,13428
17915,22549
17916,10002
17917,21001
17918,13485
17919,17887
17920,19010
17921,15928
17922,18371
17923,-32768
17924,1111
17925,13121
17926,21806
17927,13253
17928,17543
17929,16232
17930,16893
17931,14508
17932,20076
17933,20220
17934,17367
17935,32767
17936,440
17937,19648
17938,11879
17939,15340
17940,19921
17941,13535
17942,18277
17943,18090
17944,18072
17945,20989
17946,32767
17947,453
17948,15550
17949,18877
17950,15412
17951,16782
17952,13554
17953,23406
17954,13028
17955,15108
17956,25145
17957,14236
17958,-32768
17959,1677
17960,19549
17961,14606
17962,14021
17963,20215
17964,14372
17965,20777
17966,13528
17967,22434
17968,12631
17969,32767
17970,2509
17971,15203
17972,16217
17973,14802
17974,16105
17975,15760
17976,18721
17977,15882
17978,17347
17979,20731
17980,14411
17981,-32768
17982,-1213
17983,18033
17984,13266
17985,15826
17986,17577
17987,16798
17988,15592
17989,20703
17990,16592
17991,19020
17992,-32768
17993,332
17994,20869
17995,14832
17996,15910
17997,15552
17998,17685
17999,16453
18000,17208
18001,17959
18002,19393
18003,16649
18004,32767
18005,744
18006,12916
18007,17227
18008,12937
18009,19689
18010,16917
18011,13878
18012,21484
18013,16721
18014,16102
18015,32767
18016,-5
18017,14193
18018,15100
18019,19069
18020,13716
18021,19322
18022,15948
18023,18142
18024,18084
18025,17269
18026,20012
18027,32767
18028,-49
18029,22795
18030,13431
18031,13829
18032,20067
18033,15381
18034,16163
18035,18678
18036,19757
18037,18178
18038,32767
18039,1424
18040,13929
18041,16222
18042,18516
18043,15667
18044,15142
18045,17612
18046,18227
18047,15787
18048,23040
18049,13502
18050,32767
18051,-1022
18052,16778
18053,13584
18054,14940
18055,20406
18056,14854
18057,15936
18058,19599
18059,25489
18060,12417
18061,-32768
18062,1671
18063,16586
18064,15239
18065,15059
18066,18184
18067,14666
18068,21239
18069,14209
18070,16998
18071,21141
18072,15880
18073,-32768
18074,1708
18075,19417
18076,13043
18077,14488
18078,19768
18079,18030
18080,15240
18081,19507
18082,19029
18083,15099
18084,32767
18085,136
18086,15682
18087,14877
18088,16744
18089,16651
18090,15737
18091,17387
18092,19402
18093,15535
18094,16556
18095,19933
18096,32767
18097,1015
18098,15549
18099,17642
18100,12628
18101,17596
18102,19999
18103,12637
18104,19021
18105,19720
18106,18449
18107,1466
18108,4644
18109,15764
18110,13522
18111,19716
18112,13287
18113,19317
18114,14654
18115,20035
18116,15941
18117,15069
18118,19841
18119,32767
18120,-1180
18121,17771
18122,16033
18123,15131
18124,15135
18125,20715
18126,13448
18127,23909
18128,16145
18129,18037
18130,32767
18131,-624
18132,16431
18133,11692
18134,17486
18135,14994
18136,17933
18137,16292
18138,17918
18139,22196
18140,12409
18141,23439
18142,32767
18143,-553
18144,16485
18145,15284
18146,12964
18147,18320
18148,19576
18149,13624
18150,20464
18151,19151
18152,19980
18153,32767
18154,3129
18155,13259
18156,18438
18157,12774
18158,18740
18159,14768
18160,18017
18161,17602
18162,14616
18163,21133
18164,14882
18165,32767
18166,-2571
18167,18093
18168,16521
18169,12665
18170,19680
18171,14832
18172,18655
18173,18135
18174,18087
18175,17176
18176,32767
18177,425
18178,17489
18179,13696
18180,15590
18181,17890
18182,17001
18183,14733
18184,19144
18185,16644
18186,20412
18187,16300
18188,32767
18189,91
18190,18263
18191,15922
18192,15791
18193,14613
18194,18945
18195,14784
18196,16321
18197,23790
18198,16225
18199,-32768
18200,1962
18201,18384
18202,13951
18203,14068
18204,16937
18205,18285
18206,17863
18207,14245
18208,23350
18209,14559
18210,17576
18211,-32768
18212,1445
18213,15478
18214,14034
18215,16035
18216,17562
18217,16491
18218,17166
18219,16265
18220,21831
18221,14529
18222,-32768
18223,-386
18224,20245
18225,11946
18226,15567
18227,18228
18228,13254
18229,21471
18230,12938
18231,22244
18232,14941
18233,22558
18234,-3433
18235,2287
18236,16495
18237,13251
18238,16445
18239,17272
18240,16138
18241,16335
18242,17447
18243,19973
18244,16889
18245,-32768
18246,1617
18247,17208
18248,18927
18249,10632
18250,14796
18251,21665
18252,13071
18253,19665
18254,14139
18255,20895
18256,15075
18257,32767
18258,1362
18259,12384
18260,16526
18261,15794
18262,17110
18263,16815
18264,16124
18265,20317
18266,17246
18267,17769
18268,-32768
18269,2983
18270,13103
18271,16174
18272,13833
18273,17147
18274,19315
18275,14457
18276,20216
18277,16205
18278,17767
18279,21249
18280,32767
18281,-1443
18282,15702
18283,16456
18284,15085
18285,16513
18286,15406
18287,19246
18288,17143
18289,14721
18290,22897
18291,32767
18292,733
18293,15122
18294,19529
18295,13437
18296,17868
18297,15757
18298,17249
18299,17747
18300,16225
18301,23761
18302,11723
18303,32767
18304,-732
18305,17166
18306,12850
18307,18460
18308,17194
18309,14377
18310,18135
18311,16651
18312,18118
18313,16749
18314,-22945
18315,-1165
18316,17779
18317,15882
18318,14632
18319,16985
18320,17199
18321,17438
18322,15384
18323,17554
18324,27254
18325,12039
18326,-32768
18327,345
18328,16536
18329,13016
18330,18396
18331,14946
18332,15489
18333,19025
18334,17796
18335,23775
18336,12835
18337,-32768
18338,-2878
18339,19984
18340,13825
18341,17236
18342,15276
18343,16238
18344,20797
18345,12702
18346,22859
18347,17807
18348,18818
18349,31196
18350,5110
18351,12113
18352,13578
18353,17960
18354,16069
18355,17944
18356,13446
18357,21148
18358,17205
18359,17455
18360,-32768
18361,65
18362,14389
18363,14684
18364,18784
18365,12173
18366,19607
18367,20735
18368,11643
18369,22366
18370,15418
18371,23854
18372,32767
18373,1771
18374,14766
18375,18910
18376,11982
18377,20121
18378,14703
18379,17051
18380,21825
18381,15856
18382,17385
18383,32767
18384,-1721
18385,16336
18386,13964
18387,17446
18388,12568
18389,19742
18390,15592
18391,18964
18392,14719
18393,20715
18394,17419
18395,32767
18396,1853
18397,14001
18398,16478
18399,13193
18400,21573
18401,13090
18402,17136
18403,18997
18404,17837
18405,18801
18406,32767
18407,-124
18408,11925
18409,18399
18410,14870
18411,17382
18412,14583
18413,17491
18414,18669
18415,14538
18416,22047
18417,15222
18418,32767
18419,1124
18420,15897
18421,14058
18422,17406
18423,15660
18424,15710
18425,16094
18426,19966
18427,17596
18428,17827
18429,32767
18430,-127
18431,17217
18432,15190
18433,13838
18434,19701
18435,14548
18436,18870
18437,14669
18438,16422
18439,20248
18440,17682
18441,-32768
18442,544
18443,21688
18444,12424
18445,15593
18446,15844
18447,17846
18448,15113
18449,16808
18450,21467
18451,15161
18452,32767
18453,-580
18454,16206
18455,15180
18456,18299
18457,15617
18458,13597
18459,19777
18460,16716
18461,18058
18462,18141
18463,19847
18464,-32768
18465,1340
18466,15768
18467,14922
18468,14398
18469,17861
18470,21507
18471,12413
18472,18611
18473,20897
18474,14912
18475,-32768
18476,181
18477,13754
18478,16019
18479,17736
18480,15678
18481,16919
18482,17446
18483,17075
18484,17429
18485,16751
18486,19072
18487,-32768
18488,2935
18489,15770
18490,20042
18491,9575
18492,20227
18493,17232
18494,13553
18495,22698
18496,16299
18497,17447
18498,20380
18499,3500
18500,10624
18501,19976
18502,13488
18503,21537
18504,16163
18505,15465
18506,18903
18507,8747
18508,11191
18509,11426
18510,32767
18511,6932
18512,11843
18513,13518
18514,8542
18515,12651
18516,9190
18517,13133
18518,11494
18519,8152
18520,15182
18521,32767
18522,5519
18523,7597
18524,32325
18525,5808
18526,-12018
18527,-6101
18528,19071
18529,8281
18530,-32768
18531,874
18532,-7097
18533,-12255
18534,-12819
18535,32767
18536,4201
18537,32767
18538,2617
18539,-11498
18540,-3105
18541,-17293
18542,4242
18543,-9067
18544,-3206
18545,-25137
18546,-11624
18547,-32360
18548,2414
18549,-3237
18550,-32768
18551,1952
18552,-3390
18553,32767
18554,-32768
18555,-1129
18556,-32768
18557,-2984
18558,-13515
18559,-12311
18560,4646
18561,-31135
18562,-3909
18563,-12860
18564,-32768
18565,5486
18566,-32768
18567,394
18568,32767
18569,5114
18570,19678
18571,-11049
18572,-26570
18573,-6932
18574,-32768
18575,-3582
18576,-2760
18577,-6591
18578,-16636
18579,-15116
18580,-32768
18581,-2554
18582,-7640
18583,-6091
18584,-10029
18585,32767
18586,766
18587,-9547
18588,5541
18589,-32768
18590,-5448
18591,-32768
18592,-1734
18593,-32768
18594,-26148
18595,32767
18596,-3114
18597,-9236
18598,-21554
18599,-29614
18600,-5327
18601,7562
18602,6385
18603,-11366
18604,-14431
18605,-524
18606,6662
18607,32767
18608,2294
18609,-6797
18610,-16606
18611,-7368
18612,-17810
18613,2428
18614,-31696
18615,-5961
18616,-29917
18617,6045
18618,-32768
18619,-4642
18620,13867
18621,-12275
18622,-9092
18623,-10058
18624,-12783
18625,-14168
18626,-350
18627,24885
18628,-6349
18629,2913
18630,-13394
18631,5953
18632,23480
18633,10371
18634,-17445
18635,15472
18636,7113
18637,-18793
18638,-4302
18639,-7044
18640,-14047
18641,32767
18642,7715
18643,26765
18644,-14475
18645,-1538
18646,32767
18647,17476
18648,893
18649,-32768
18650,-5435
18651,-17078
18652,11333
18653,-11717
18654,2710
18655,6659
18656,15915
18657,-5694
18658,32767
18659,-101
18660,8900
18661,-16399
18662,4625
18663,19095
18664,20422
18665,-12271
18666,-11885
18667,-32768
18668,-5808
18669,9389
18670,-23795
18671,-3186
18672,16405
18673,-5987
18674,-9268
18675,6066
18676,3804
18677,3612
18678,23214
18679,-6665
18680,32767
18681,7040
18682,2575
18683,-25789
18684,-2015
18685,-7516
18686,-19260
18687,9495
18688,10156
18689,29362
18690,11104
18691,32767
18692,3312
18693,27188
18694,808
18695,7351
18696,32767
18697,32767
18698,816
18699,3869
18700,-360
18701,32767
18702,7048
18703,32767
18704,-1666
18705,-26027
18706,-10059
18707,13422
18708,-12059
18709,-5730
18710,-29239
18711,-4741
18712,20436
18713,6778
18714,6934
18715,-11261
18716,6437
18717,1207
18718,19222
18719,10810
18720,-14141
18721,24987
18722,4815
18723,11510
18724,-9072
18725,-4524
18726,14448
18727,7471
18728,16515
18729,4516
18730,-21517
18731,9181
18732,-32768
18733,7271
18734,4737
18735,32767
18736,4673
18737,-14292
18738,-6630
18739,-22253
18740,-5539
18741,-32768
18742,-11934
18743,7077
18744,-19047
18745,5291
18746,3975
18747,1605
18748,-30301
18749,-3486
18750,-10368
18751,-1949
18752,-11304
18753,-29720
18754,9456
18755,12833
18756,8738
18757,-1276
18758,4562
18759,1759
18760,2898
18761,-16597
18762,-10210
18763,-10633
18764,-32768
18765,-2655
18766,24416
18767,3286
18768,10438
18769,789
18770,-32768
18771,32767
18772,-1497
18773,-32768
18774,-4801
18775,-32768
18776,-5243
18777,-15229
18778,-1048
18779,32767
18780,1268
18781,-18576
18782,5527
18783,14787
18784,9656
18785,16231
18786,2390
18787,11770
18788,-1321
18789,12465
18790,22969
18791,10212
18792,-32768
18793,-3100
18794,-8547
18795,-4302
18796,-24496
18797,-9673
18798,29554
18799,1175
18800,18099
18801,10914
18802,-32768
18803,-888
18804,-20713
18805,-32768
18806,1534
18807,-32768
18808,13512
18809,-1656
18810,9244
18811,24245
18812,2961
18813,5586
18814,-4979
18815,-2842
18816,16912
18817,23430
18818,-11179
18819,18505
18820,6811
18821,-4424
18822,-15715
18823,-3778
18824,-32768
18825,-10132
18826,28406
18827,21488
18828,6491
18829,-8321
18830,-7614
18831,-32768
18832,-8716
18833,-3375
18834,-2027
18835,-11648
18836,696
18837,3692
18838,16649
18839,5253
18840,-22301
18841,-2041
18842,-2741
18843,-1995
18844,32767
18845,10516
18846,10134
18847,2606
18848,-5096
18849,-17278
18850,10453
18851,10505
18852,-7783
18853,32767
18854,-7629
18855,3941
18856,18504
18857,-2587
18858,4374
18859,11442
18860,32767
18861,2658
18862,8615
18863,-13872
18864,302
18865,32767
18866,2349
18867,10380
18868,-3551
18869,-9584
18870,11380
18871,25895
18872,8965
18873,28526
18874,5492
18875,10954
18876,-15992
18877,-261
18878,17597
18879,28003
18880,7656
18881,4597
18882,-10427
18883,-14508
18884,-11943
18885,937
18886,-8995
18887,-2496
18888,-5950
18889,-8658
18890,-32768
18891,-4603
18892,27682
18893,-2165
18894,-5872
18895,-27506
18896,1331
18897,24860
18898,16089
18899,17978
18900,2008
18901,3384
18902,32144
18903,-8120
18904,-330
18905,4481
18906,-29557
18907,32767
18908,871
18909,12789
18910,-14876
18911,2029
18912,-20672
18913,373
18914,28807
18915,13398
18916,3588
18917,-11377
18918,1383
18919,32767
18920,6595
18921,10437
18922,-16900
18923,-4063
18924,-32768
18925,-1930
18926,-12821
18927,-15850
18928,-18385
18929,-20854
18930,-21935
18931,10447
18932,3181
18933,-6279
18934,-12082
18935,-5867
18936,-16444
18937,-21649
18938,-12132
18939,17600
18940,15120
18941,-16639
18942,-24500
18943,-7015
18944,-9294
18945,-32768
18946,6359
18947,-584
18948,7867
18949,9095
18950,396
18951,-11583
18952,-21954
18953,21986
18954,-1449
18955,19280
18956,-2075
18957,-17069
18958,-5229
18959,-9885
18960,-5525
18961,18606
18962,-5389
18963,-738
18964,11558
18965,2717
18966,-10781
18967,13277
18968,-179
18969,13133
18970,-5226
18971,-8873
18972,2433
18973,15778
18974,-23330
18975,7832
18976,4888
18977,2700
18978,-29132
18979,-14604
18980,-29025
18981,357
18982,-7620
18983,-32768
18984,16490
18985,-3813
18986,1686
18987,-702
18988,5686
18989,32767
18990,32767
18991,14699
18992,32767
18993,-660
18994,1927
18995,32767
18996,5768
18997,25006
18998,7597
18999,-32610
19000,-9451
19001,1766
19002,-6327
19003,-32768
19004,-13314
19005,-25251
19006,-8053
19007,-12298
19008,-5360
19009,32767
19010,2337
19011,-1906
19012,21843
19013,32767
19014,6117
19015,13066
19016,-10637
19017,-2453
19018,19750
19019,-6287
19020,-2413
19021,20579
19022,32767
19023,6567
19024,9736
19025,-10996
19026,206
19027,32767
19028,1705
19029,-32768
19030,-19675
19031,4677
19032,19985
19033,10548
19034,-32768
19035,-8591
19036,-32768
19037,-2980
19038,-3264
19039,18718
19040,18927
19041,3801
19042,4240
19043,-3556
19044,14742
19045,11004
19046,10537
19047,5248
19048,16241
19049,-31411
19050,-5078
19051,12997
19052,8888
19053,-32768
19054,3115
19055,-23138
19056,-32768
19057,-414
19058,-32768
19059,-7527
19060,32767
19061,16614
19062,7003
19063,-19789
19064,-5168
19065,32767
19066,17733
19067,-2288
19068,19153
19069,6204
19070,24167
19071,12283
19072,18951
19073,19928
19074,5153
19075,15308
19076,4117
19077,25315
19078,2964
19079,12313
19080,-32768
19081,-7519
19082,-9160
19083,-22184
19084,-6524
19085,-10311
19086,-26547
19087,32767
19088,189
19089,14554
19090,-24248
19091,-17574
19092,5041
19093,25107
19094,1896
19095,32767
19096,2202
19097,21690
19098,13435
19099,-17870
19100,19022
19101,5591
19102,-3642
19103,4279
19104,32767
19105,7688
19106,4810
19107,11025
19108,30779
19109,19230
19110,11379
19111,9165
19112,4482
19113,27509
19114,8543
19115,-6509
19116,5747
19117,-8536
19118,-9303
19119,-9955
19120,24783
19121,-8818
19122,-4327
19123,6501
19124,-9214
19125,-24160
19126,27620
19127,-10292
19128,-8465
19129,32767
19130,22969
19131,-2776
19132,8658
19133,-8283
19134,10201
19135,3214
19136,-25133
19137,3429
19138,1554
19139,15395
19140,-1777
19141,-1494
19142,-4928
19143,-32768
19144,-1115
19145,-32768
19146,-863
19147,-2657
19148,-24035
19149,3544
19150,26711
19151,4006
19152,-4363
19153,-2346
19154,-32768
19155,5276
19156,-6387
19157,3311
19158,1445
19159,6453
19160,32767
19161,-17151
19162,2684
19163,5734
19164,5078
19165,6077
19166,-1333
19167,-30894
19168,-5079
19169,-3744
19170,32767
19171,-1659
19172,11564
19173,16558
19174,32767
19175,-4051
19176,15171
19177,7011
19178,32767
19179,6064
19180,17578
19181,2384
19182,9593
19183,-11164
19184,16731
19185,22452
19186,9998
19187,11402
19188,11765
19189,20275
19190,-20539
19191,15346
19192,-32768
19193,3956
19194,31294
19195,8018
19196,6673
19197,17684
19198,15712
19199,-6219
19200,29543
19201,5692
19202,22826
19203,13032
19204,-3571
19205,-4626
19206,-11320
19207,16966
19208,15617
19209,-31779
19210,8539
19211,17881
19212,-13327
19213,6010
19214,32767
19215,32767
19216,4421
19217,-224
19218,5169
19219,17989
19220,6481
19221,14452
19222,32767
19223,-3823
19224,32767
19225,3163
19226,18726
19227,-190
19228,-13342
19229,25254
19230,19782
19231,-9476
19232,5769
19233,-32768
19234,13075
19235,1995
19236,32767
19237,239
19238,8119
19239,5590
19240,16863
19241,7615
19242,32767
19243,2692
19244,24380
19245,3980
19246,11246
19247,16941
19248,16701
19249,13221
19250,16876
19251,21865
19252,4946
19253,19664
19254,7914
19255,32767
19256,17096
19257,4614
19258,32767
19259,15892
19260,-2252
19261,-32768
19262,-2715
19263,32767
19264,12652
19265,4104
19266,22307
19267,-8455
19268,13665
19269,-2748
19270,17929
19271,3095
19272,-12881
19273,-11753
19274,24375
19275,19912
19276,32767
19277,-126
19278,3587
19279,6491
19280,-12547
19281,-13736
19282,5371
19283,1278
19284,11094
19285,-4181
19286,28622
19287,2497
19288,32767
19289,2286
19290,8915
19291,17840
19292,-15918
19293,-9561
19294,-3699
19295,-8414
19296,-32761
19297,68
19298,-1985
19299,32767
19300,-6424
19301,-1778
19302,21113
19303,4347
19304,-23562
19305,-6218
19306,13075
19307,-32768
19308,-7356
19309,3305
19310,-17943
19311,-1693
19312,-5397
19313,32767
19314,3992
19315,3079
19316,-20916
19317,-9507
19318,-32768
19319,-2128
19320,-12348
19321,-10887
19322,16216
19323,32767
19324,993
19325,-25825
19326,-12409
19327,-13837
19328,5574
19329,-9763
19330,-10395
19331,-12047
19332,3525
19333,6803
19334,11327
19335,18979
19336,-8516
19337,7846
19338,2685
19339,18778
19340,4543
19341,-15512
19342,-14241
19343,-32768
19344,-32768
19345,-149
19346,1708
19347,32767
19348,2034
19349,3089
19350,16807
19351,28
19352,-9396
19353,-18369
19354,1107
19355,3138
19356,32767
19357,9304
19358,-9179
19359,-5101
19360,-10991
19361,-32768
19362,11902
19363,692
19364,32767
19365,14756
19366,14931
19367,-9406
19368,-332
19369,-7516
19370,-896
19371,2053
19372,-4293
19373,-28430
19374,20035
19375,-342
19376,-32768
19377,-4916
19378,10565
19379,15990
19380,2047
19381,8561
19382,6998
19383,-1538
19384,-15645
19385,-7492
19386,-3646
19387,-1655
19388,1206
19389,564
19390,30276
19391,13392
19392,-12259
19393,9831
19394,32767
19395,-1904
19396,27959
19397,8257
19398,-18004
19399,6006
19400,20125
19401,6048
19402,10174
19403,32767
19404,-542
19405,10013
19406,29958
19407,5943
19408,22199
19409,14542
19410,27228
19411,13883
19412,10137
19413,14896
19414,7230
19415,17583
19416,2635
19417,25284
19418,6830
19419,7527
19420,9783
19421,17527
19422,29557
19423,-4883
19424,8798
19425,-24309
19426,9422
19427,17792
19428,7983
19429,3467
19430,8143
19431,18205
19432,18313
19433,14409
19434,30261
19435,11749
19436,2115
19437,16041
19438,-3738
19439,10853
19440,32767
19441,4650
19442,32767
19443,-12546
19444,10869
19445,22573
19446,18515
19447,-30386
19448,2343
19449,15436
19450,-11759
19451,-5902
19452,8649
19453,779
19454,-2370
19455,8904
19456,12732
19457,-8245
19458,-26283
19459,-11116
19460,17541
19461,104
19462,-15457
19463,14308
19464,2959
19465,-32768
19466,27977
19467,2689
19468,-12958
19469,15882
19470,8738
19471,-32768
19472,3486
19473,23934
19474,9431
19475,-20600
19476,-6722
19477,32767
19478,-183
19479,-11251
19480,-741
19481,-32768
19482,342
19483,15181
19484,17752
19485,32767
19486,1976
19487,-1054
19488,-94
19489,21366
19490,-32768
19491,4153
19492,3607
19493,32767
19494,-6002
19495,15309
19496,-3691
19497,14596
19498,32767
19499,-2768
19500,18380
19501,32767
19502,1781
19503,19758
19504,30966
19505,514
19506,11567
19507,-11058
19508,-614
19509,15591
19510,-5129
19511,11793
19512,14275
19513,32767
19514,14094
19515,15245
19516,32767
19517,-8808
19518,-25914
19519,-1324
19520,4815
19521,-32768
19522,16777
19523,3931
19524,-533
19525,32767
19526,-17050
19527,-2987
19528,3797
19529,-20506
19530,-15347
19531,-588
19532,-2869
19533,-32768
19534,13599
19535,4793
19536,-7782
19537,31010
19538,7913
19539,-23509
19540,-12024
19541,-7026
19542,3098
19543,4739
19544,32767
19545,2357
19546,32767
19547,5290
19548,13827
19549,11084
19550,19528
19551,-29985
19552,1425
19553,5200
19554,4896
19555,-32768
19556,-1377
19557,4602
19558,32767
19559,-3048
19560,-7974
19561,23315
19562,-4679
19563,-17547
19564,25165
19565,1176
19566,-6703
19567,24770
19568,2037
19569,-19882
19570,-5730
19571,-32768
19572,-4311
19573,-14080
19574,-9872
19575,5252
19576,23850
19577,9950
19578,-32768
19579,4469
19580,15555
19581,32767
19582,1821
19583,-7070
19584,32767
19585,9133
19586,9346
19587,-32768
19588,-3300
19589,32767
19590,2605
19591,-2378
19592,32767
19593,6154
19594,-4998
19595,-6712
19596,-30331
19597,11325
19598,5476
19599,-21378
19600,-29347
19601,916
19602,-2185
19603,15517
19604,17499
19605,6030
19606,7118
19607,5718
19608,-16556
19609,5880
19610,5562
19611,-4081
19612,-1600
19613,-19262
19614,22537
19615,2884
19616,18582
19617,-25538
19618,-3405
19619,1992
19620,-1115
19621,-13181
19622,257
19623,23438
19624,15054
19625,9387
19626,-16739
19627,-29401
19628,-4987
19629,3919
19630,-10484
19631,11438
19632,-4415
19633,32767
19634,1040
19635,-32768
19636,-7105
19637,-21839
19638,-13193
19639,13277
19640,2174
19641,-14305
19642,1491
19643,1381
19644,32767
19645,-8250
19646,-14585
19647,-5968
19648,-10748
19649,-9216
19650,-32768
19651,13343
19652,-3364
19653,-12670
19654,19573
19655,-9342
19656,-18156
19657,16548
19658,-9728
19659,-22721
19660,10810
19661,-8072
19662,-3794
19663,17295
19664,-822
19665,-15803
19666,8231
19667,9417
19668,6380
19669,-22727
19670,5746
19671,-5150
19672,-27765
19673,-14149
19674,16326
19675,-15255
19676,-16895
19677,-10238
19678,-2692
19679,7370
19680,8978
19681,-19997
19682,-2176
19683,32485
19684,2456
19685,271
19686,12215
19687,12554
19688,20513
19689,10412
19690,32543
19691,9867
19692,26490
19693,6812
19694,32767
19695,-1484
19696,21674
19697,11626
19698,12479
19699,23191
19700,14748
19701,20681
19702,11231
19703,23097
19704,21400
19705,10467
19706,-12775
19707,-3836
19708,25746
19709,10917
19710,19306
19711,17440
19712,13559
19713,27255
19714,9635
19715,32767
19716,8848
19717,-32768
19718,-231
19719,15240
19720,13343
19721,17036
19722,11182
19723,14255
19724,21694
19725,12377
19726,28473
19727,6259
19728,16036
19729,32767
19730,-4349
19731,12245
19732,16279
19733,11282
19734,18463
19735,14832
19736,13977
19737,21196
19738,14975
19739,23774
19740,-17056
19741,6362
19742,12869
19743,13231
19744,12945
19745,20006
19746,15497
19747,16406
19748,22182
19749,16486
19750,15403
19751,32767
19752,-12689
19753,5860
19754,17003
19755,16944
19756,13023
19757,19756
19758,17343
19759,15004
19760,32767
19761,4321
19762,25142
19763,-32768
19764,2065
19765,12470
19766,13982
19767,18699
19768,14223
19769,32767
19770,7028
19771,16105
19772,27891
19773,12101
19774,22971
19775,32767
19776,-1056
19777,32767
19778,10440
19779,14400
19780,20872
19781,8035
19782,20965
19783,17950
19784,19475
19785,18343
19786,32767
19787,2694
19788,23191
19789,7562
19790,8822
19791,32767
19792,8452
19793,15867
19794,14376
19795,19309
19796,28745
19797,10285
19798,-32768
19799,-2872
19800,32767
19801,6941
19802,10918
19803,21606
19804,11030
19805,28719
19806,15925
19807,17895
19808,13659
19809,-14829
19810,-5645
19811,25757
19812,12417
19813,14282
19814,17706
19815,16303
19816,22411
19817,12822
19818,32767
19819,3195
19820,12203
19821,-32768
19822,1269
19823,17221
19824,13446
19825,20898
19826,14203
19827,26377
19828,10603
19829,24524
19830,17355
19831,17719
19832,3808
19833,3778
19834,19360
19835,14711
19836,19506
19837,10933
19838,18113
19839,12717
19840,16209
19841,15483
19842,17449
19843,24229
19844,26584
19845,6564
19846,9803
19847,26314
19848,-407
19849,14671
19850,18685
19851,13655
19852,22000
19853,14714
19854,19303
19855,7336
19856,6716
19857,-1152
19858,12642
19859,13572
19860,13729
19861,15657
19862,18646
19863,18099
19864,17751
19865,22166
19866,30821
19867,17555
19868,-9506
19869,6718
19870,15447
19871,16608
19872,12897
19873,25760
19874,10929
19875,26031
19876,15536
19877,21453
19878,-32768
19879,2374
19880,10222
19881,15854
19882,14819
19883,13961
19884,24454
19885,17181
19886,21534
19887,8355
19888,12655
19889,13193
19890,-32768
19891,-2110
19892,13290
19893,14975
19894,18640
19895,26771
19896,6104
19897,16628
19898,-1487
19899,12266
19900,19659
19901,-32768
19902,-75
19903,15634
19904,25189
19905,7587
19906,18808
19907,12323
19908,14969
19909,20759
19910,12488
19911,30288
19912,9365
19913,32767
19914,1699
19915,27324
19916,4162
19917,9115
19918,20759
19919,8530
19920,21547
19921,18090
19922,22098
19923,13530
19924,-32768
19925,3862
19926,14099
19927,20980
19928,10673
19929,19182
19930,17831
19931,19517
19932,14618
19933,24329
19934,16781
19935,21460
19936,-32768
19937,-338
19938,12309
19939,10491
19940,21364
19941,11724
19942,14038
19943,23042
19944,19746
19945,32767
19946,2668
19947,32767
19948,-878
19949,16053
19950,15958
19951,14536
19952,18578
19953,20799
19954,17181
19955,11852
19956,21098
19957,17617
19958,20264
19959,32767
19960,2657
19961,17027
19962,16532
19963,13173
19964,13238
19965,29254
19966,5085
19967,21058
19968,18879
19969,11241
19970,32767
19971,-600
19972,13112
19973,18113
19974,15127
19975,14267
19976,16841
19977,12661
19978,14263
19979,21867
19980,16001
19981,20520
19982,32767
19983,-868
19984,13115
19985,18074
19986,11687
19987,12624
19988,20938
19989,15761
19990,20368
19991,18245
19992,18967
19993,-32768
19994,5436
19995,9279
19996,17294
19997,17441
19998,10525
19999,18374
20000,19850
20001,17625
20002,15208
20003,19079
20004,21410
20005,-32768
20006,1331
20007,14822
20008,17747
20009,15091
20010,16828
20011,15021
20012,19654
20013,15828
20014,15727
20015,22752
20016,-10292
20017,6758
20018,14116
20019,15911
20020,17175
20021,15087
20022,14967
20023,16621
20024,21575
20025,11893
20026,17251
20027,19060
20028,32767
20029,-1144
20030,16556
20031,14251
20032,12831
20033,19936
20034,14203
20035,19313
20036,14805
20037,15092
20038,21024
20039,32767
20040,-1009
20041,18176
20042,13685
20043,17390
20044,15608
20045,15457
20046,15764
20047,17935
20048,16614
20049,19052
20050,21868
20051,32767
20052,491
20053,21495
20054,10618
20055,16750
20056,16404
20057,14309
20058,15150
20059,21911
20060,16542
20061,22011
20062,32767
20063,764
20064,20377
20065,11402
20066,14969
20067,17174
20068,16134
20069,19286
20070,16827
20071,18263
20072,21664
20073,14069
20074,-32768
20075,618
20076,22082
20077,15162
20078,12611
20079,18307
20080,18940
20081,13844
20082,18959
20083,22449
20084,13709
20085,32767
20086,-88
20087,14052
20088,15584
20089,14029
20090,19364
20091,15497
20092,16058
20093,16218
20094,19053
20095,15214
20096,17037
20097,32767
20098,1719
20099,14017
20100,20309
20101,12874
20102,14209
20103,18663
20104,14006
20105,15856
20106,24974
20107,15097
20108,32767
20109,2165
20110,16763
20111,17041
20112,15643
20113,16408
20114,15366
20115,17474
20116,19020
20117,15564
20118,21427
20119,14867
20120,32767
20121,1047
20122,17661
20123,13692
20124,15793
20125,15051
20126,17325
20127,17684
20128,14590
20129,19835
20130,19135
20131,32767
20132,2632
20133,16086
20134,14987
20135,16697
20136,14929
20137,14989
20138,17244
20139,20849
20140,16354
20141,15752
20142,22701
20143,32767
20144,-1413
20145,17546
20146,15174
20147,15088
20148,17504
20149,16504
20150,15831
20151,21027
20152,16570
20153,20212
20154,25891
20155,4520
20156,14116
20157,15503
20158,15658
20159,15940
20160,17231
20161,15780
20162,16510
20163,18250
20164,14069
20165,18515
20166,32767
20167,1537
20168,16132
20169,13726
20170,13111
20171,18233
20172,16665
20173,16670
20174,17827
20175,17563
20176,18885
20177,32767
20178,5
20179,15825
20180,17832
20181,14272
20182,17546
20183,14699
20184,17507
20185,17378
20186,17653
20187,15450
20188,18805
20189,32767
20190,-526
20191,17433
20192,15604
20193,14511
20194,17088
20195,15415
20196,17067
20197,20167
20198,18165
20199,20626
20200,31327
20201,2819
20202,16692
20203,13569
20204,18469
20205,14502
20206,18325
20207,16483
20208,16073
20209,18137
20210,16455
20211,15884
20212,-25519
20213,-3399
20214,20227
20215,16963
20216,11089
20217,16322
20218,20305
20219,15680
20220,17893
20221,19286
20222,15673
20223,32767
20224,1407
20225,15251
20226,16578
20227,14489
20228,18218
20229,15626
20230,16530
20231,17551
20232,16285
20233,20097
20234,17112
20235,32767
20236,-2205
20237,16784
20238,15259
20239,14072
20240,15563
20241,15711
20242,18737
20243,19394
20244,16423
20245,22860
20246,32767
20247,1065
20248,16924
20249,13872
20250,13874
20251,17522
20252,17415
20253,16916
20254,15131
20255,16335
20256,22410
20257,14028
20258,32767
20259,-1196
20260,16946
20261,12398
20262,17126
20263,15050
20264,17563
20265,21136
20266,13184
20267,22515
20268,15029
20269,-32768
20270,1211
20271,17071
20272,14715
20273,16034
20274,17716
20275,16092
20276,19616
20277,15127
20278,20582
20279,16699
20280,16151
20281,32767
20282,-2417
20283,14452
20284,15969
20285,15831
20286,16817
20287,17473
20288,17146
20289,15521
20290,24407
20291,13455
20292,-32768
20293,1850
20294,17427
20295,16564
20296,14809
20297,14666
20298,17638
20299,16434
20300,15573
20301,17739
20302,20780
20303,17785
20304,16225
20305,2037
20306,10946
20307,15301
20308,15660
20309,14278
20310,18177
20311,18888
20312,15724
20313,21330
20314,12714
20315,32767
20316,946
20317,12981
20318,17102
20319,14915
20320,14735
20321,19570
20322,15003
20323,17630
20324,19908
20325,18093
20326,20617
20327,32767
20328,3332
20329,11248
20330,17778
20331,16146
20332,15586
20333,18353
20334,13997
20335,23981
20336,14870
20337,19016
20338,32767
20339,535
20340,14251
20341,15667
20342,19043
20343,12361
20344,21287
20345,14233
20346,20584
20347,14518
20348,26696
20349,12661
20350,32767
20351,19
20352,16337
20353,14787
20354,17231
20355,19188
20356,14111
20357,16782
20358,20206
20359,18105
20360,17871
20361,32767
20362,3138
20363,13453
20364,18061
20365,14532
20366,16585
20367,16227
20368,14556
20369,19102
20370,17312
20371,19700
20372,15876
20373,32767
20374,-461
20375,20565
20376,12465
20377,14973
20378,19860
20379,15590
20380,16124
20381,18546
20382,17749
20383,19032
20384,32767
20385,-481
20386,17369
20387,16929
20388,13675
20389,20152
20390,13641
20391,17871
20392,18185
20393,15322
20394,28534
20395,12128
20396,32767
20397,-847
20398,13791
20399,14639
20400,15663
20401,18199
20402,13424
20403,18777
20404,20297
20405,21250
20406,13458
20407,-32768
20408,345
20409,17140
20410,14983
20411,16856
20412,18273
20413,14198
20414,20696
20415,15580
20416,16669
20417,21675
20418,17829
20419,-18653
20420,2424
20421,16111
20422,13524
20423,18084
20424,15212
20425,20313
20426,13536
20427,17906
20428,22478
20429,15082
20430,32767
20431,282
20432,15797
20433,12251
20434,22055
20435,15510
20436,15855
20437,15916
20438,17297
20439,15986
20440,17327
20441,20125
20442,32767
20443,824
20444,18045
20445,14237
20446,14476
20447,16937
20448,19226
20449,13639
20450,21342
20451,18373
20452,14832
20453,32767
20454,1132
20455,14041
20456,14538
20457,17498
20458,13462
20459,20289
20460,15436
20461,18366
20462,16957
20463,18305
20464,19445
20465,32767
20466,861
20467,18007
20468,16227
20469,12326
20470,21107
20471,12438
20472,16688
20473,22152
20474,20542
20475,14140
20476,32767
20477,2532
20478,12423
20479,17737
20480,15879
20481,16361
20482,13872
20483,20779
20484,18756
20485,15260
20486,19174
20487,15970
20488,-32768
20489,-1056
20490,22903
20491,11809
20492,14351
20493,17933
20494,21618
20495,13889
20496,17300
20497,23930
20498,12910
20499,-32768
20500,1670
20501,17061
20502,19734
20503,12173
20504,17461
20505,15383
20506,22267
20507,15591
20508,16228
20509,23113
20510,12296
20511,-32768
20512,-2148
20513,18226
20514,15664
20515,13677
20516,17085
20517,20908
20518,14399
20519,17812
20520,24354
20521,11518
20522,32767
20523,-659
20524,14284
20525,10011
20526,17781
20527,21768
20528,11651
20529,19375
20530,14249
20531,21725
20532,19456
20533,15997
20534,32767
20535,1918
20536,17075
20537,13099
20538,17974
20539,14007
20540,23108
20541,11253
20542,18648
20543,25961
20544,13878
20545,-32768
20546,1492
20547,17526
20548,12120
20549,19784
20550,14334
20551,19960
20552,16847
20553,24098
20554,13968
20555,16260
20556,20146
20557,32767
20558,-321
20559,13571
20560,20367
20561,10560
20562,21390
20563,14495
20564,15850
20565,19929
20566,22256
20567,11057
20568,32767
20569,4461
20570,8472
20571,18275
20572,16482
20573,16789
20574,16820
20575,13989
20576,21766
20577,17892
20578,17167
20579,23509
20580,32767
20581,-378
20582,15923
20583,15155
20584,11176
20585,17610
20586,21416
20587,12769
20588,19008
20589,13327
20590,27253
20591,32767
20592,-1832
20593,14804
20594,16144
20595,17818
20596,11162
20597,23271
20598,12696
20599,22285
20600,11617
20601,32185
20602,10513
20603,3659
20604,-3862
20605,28600
20606,10906
20607,12001
20608,17926
20609,15914
20610,21670
20611,13723
20612,22529
20613,18472
20614,23833
20615,5958
20616,13631
20617,14609
20618,11701
20619,25874
20620,10546
20621,24136
20622,12063
20623,22120
20624,15453
20625,19011
20626,32767
20627,1399
20628,22579
20629,11583
20630,17622
20631,16767
20632,17822
20633,16432
20634,13890
20635,17225
20636,17443
20637,-32768
20638,-197
20639,19424
20640,13200
20641,20666
20642,14228
20643,14504
20644,17171
20645,20690
20646,18604
20647,12467
20648,13935
20649,10711
20650,-4920
20651,10374
20652,12724
20653,17201
20654,11722
20655,19888
20656,15623
20657,17120
20658,23044
20659,16645
20660,-45
20661,8159
20662,14306
20663,14133
20664,11298
20665,18947
20666,16361
20667,15891
20668,12819
20669,32767
20670,10275
20671,19587
20672,32767
20673,-3132
20674,17791
20675,16048
20676,8354
20677,13631
20678,17664
20679,16751
20680,22364
20681,18100
20682,20320
20683,-32768
20684,-2144
20685,22455
20686,11522
20687,19886
20688,11666
20689,27907
20690,11258
20691,21841
20692,14616
20693,10925
20694,30291
20695,16733
20696,2720
20697,14503
20698,16187
20699,11711
20700,31055
20701,10365
20702,17141
20703,19143
20704,20474
20705,17979
20706,-14522
20707,6340
20708,16181
20709,24259
20710,7963
20711,19871
20712,16583
20713,13634
20714,19542
20715,13890
20716,19505
20717,19026
20718,27487
20719,-8994
20720,12905
20721,20747
20722,13327
20723,11508
20724,17995
20725,18914
20726,16046
20727,17067
20728,19321
20729,21334
20730,-6999
20731,14770
20732,13685
20733,19319
20734,14693
20735,13786
20736,14324
20737,24433
20738,9784
20739,32767
20740,2338
20741,32767
20742,972
20743,12148
20744,15774
20745,13228
20746,18483
20747,19922
20748,10230
20749,32767
20750,14357
20751,15713
20752,32767
20753,-570
20754,18698
20755,13666
20756,14673
20757,13781
20758,17966
20759,19222
20760,14320
20761,16936
20762,21304
20763,11176
20764,-32768
20765,-996
20766,17250
20767,20485
20768,11345
20769,14852
20770,21459
20771,15149
20772,19222
20773,10752
20774,31315
20775,-32768
20776,1344
20777,16743
20778,19356
20779,13762
20780,22459
20781,10979
20782,16391
20783,16284
20784,18988
20785,17839
20786,22331
20787,23274
20788,8723
20789,9882
20790,12944
20791,17282
20792,18472
20793,16269
20794,15083
20795,20040
20796,21941
20797,16156
20798,-32768
20799,517
20800,18910
20801,11949
20802,32767
20803,6375
20804,16944
20805,19161
20806,13064
20807,32767
20808,4356
20809,32767
20810,-8928
20811,11181
20812,14193
20813,14643
20814,13942
20815,15549
20816,15781
20817,15169
20818,22681
20819,14750
20820,15215
20821,-32768
20822,1104
20823,6926
20824,13648
20825,16274
20826,12106
20827,27894
20828,9256
20829,26532
20830,11603
20831,16775
20832,15071
20833,32767
20834,1478
20835,9892
20836,32767
20837,3563
20838,32767
20839,11256
20840,11850
20841,32767
20842,8822
20843,23957
20844,-15645
20845,-5010
20846,20304
20847,17871
20848,7043
20849,18962
20850,16152
20851,13582
20852,30386
20853,9722
20854,19047
20855,5472
20856,3872
20857,-3549
20858,19545
20859,16144
20860,12834
20861,32646
20862,5855
20863,18641
20864,18380
20865,24325
20866,13387
20867,17911
20868,5955
20869,8679
20870,31454
20871,10638
20872,21954
20873,14114
20874,18954
20875,15691
20876,14628
20877,32767
20878,4742
20879,32767
20880,-2200
20881,28317
20882,7418
20883,15926
20884,16386
20885,17567
20886,25503
20887,7145
20888,29623
20889,4073
20890,32767
20891,-3767
20892,11625
20893,23127
20894,9963
20895,32767
20896,8199
20897,16811
20898,21122
20899,12707
20900,30725
20901,13148
20902,32767
20903,4256
20904,32767
20905,4072
20906,32767
20907,991
20908,12878
20909,18878
20910,15164
20911,32320
20912,9721
20913,-32768
20914,1171
20915,32137
20916,8946
20917,15886
20918,19607
20919,11720
20920,21584
20921,13274
20922,21162
20923,21447
20924,18570
20925,20790
20926,6762
20927,11047
20928,11051
20929,14568
20930,17982
20931,18758
20932,15962
20933,16595
20934,21384
20935,14167
20936,-32768
20937,3535
20938,14493
20939,16002
20940,24673
20941,6412
20942,15965
20943,22097
20944,13299
20945,-32768
20946,720
20947,32767
20948,-32768
20949,2364
20950,13777
20951,18016
20952,8601
20953,15846
20954,16870
20955,9633
20956,32767
20957,10421
20958,16254
20959,-31005
20960,3620
20961,20179
20962,17168
20963,25174
20964,7399
20965,25944
20966,9549
20967,22211
20968,3649
20969,15481
20970,16966
20971,-32768
20972,818
20973,16439
20974,32767
20975,2645
20976,26415
20977,12674
20978,13052
20979,25296
20980,14348
20981,28220
20982,-32768
20983,-939
20984,13353
20985,20218
20986,7501
20987,14272
20988,21996
20989,14177
20990,17535
20991,19347
20992,19479
20993,15035
20994,2798
20995,-4006
20996,17464
20997,14382
20998,17585
20999,13501
21000,18365
21001,18658
21002,16537
21003,23526
21004,-923
21005,28463
21006,4274
21007,19055
21008,13376
21009,10282
21010,29538
21011,7497
21012,19385
21013,11624
21014,12549
21015,32767
21016,2547
21017,-32768
21018,-1652
21019,25192
21020,12878
21021,13908
21022,17450
21023,14615
21024,18263
21025,13526
21026,22106
21027,18245
21028,32767
21029,3538
21030,18602
21031,15400
21032,11996
21033,29976
21034,6460
21035,23388
21036,16077
21037,22095
21038,14850
21039,8972
21040,-32768
21041,1300
21042,11561
21043,17279
21044,18695
21045,12024
21046,21790
21047,13061
21048,19974
21049,19706
21050,15950
21051,32767
21052,-1628
21053,11685
21054,11967
21055,16976
21056,17859
21057,17213
21058,15278
21059,13817
21060,22493
21061,16253
21062,14431
21063,-32768
21064,1696
21065,9052
21066,17840
21067,12070
21068,16789
21069,21459
21070,12868
21071,20261
21072,15427
21073,13317
21074,-32768
21075,-1208
21076,18125
21077,10488
21078,19359
21079,18020
21080,15647
21081,16187
21082,18567
21083,15989
21084,12884
21085,17820
21086,32767
21087,-458
21088,13579
21089,19975
21090,9051
21091,19044
21092,17311
21093,11362
21094,30106
21095,11009
21096,26402
21097,-9546
21098,4676
21099,17593
21100,15964
21101,12046
21102,18935
21103,18307
21104,11448
21105,23477
21106,13364
21107,29234
21108,12500
21109,-32768
21110,-466
21111,15666
21112,24034
21113,8916
21114,22503
21115,13690
21116,20623
21117,14915
21118,25440
21119,15684
21120,-32768
21121,3206
21122,11672
21123,21767
21124,12456
21125,19968
21126,15342
21127,17784
21128,15745
21129,15981
21130,25534
21131,15373
21132,-32768
21133,-2075
21134,23020
21135,12406
21136,17912
21137,13801
21138,20741
21139,15311
21140,17548
21141,14266
21142,19550
21143,-32768
21144,976
21145,18827
21146,14487
21147,16142
21148,18217
21149,14751
21150,16995
21151,17790
21152,15306
21153,24261
21154,14154
21155,32767
21156,-432
21157,13007
21158,14014
21159,16976
21160,15368
21161,13185
21162,19144
21163,15132
21164,20116
21165,18654
21166,32767
21167,1225
21168,15008
21169,18810
21170,15376
21171,15263
21172,16872
21173,18961
21174,16375
21175,18516
21176,16673
21177,23895
21178,-13604
21179,3548
21180,15162
21181,13749
21182,18953
21183,12811
21184,17396
21185,17857
21186,15883
21187,23084
21188,13172
21189,-26194
21190,1112
21191,20778
21192,14944
21193,16034
21194,17089
21195,19839
21196,15679
21197,21569
21198,13127
21199,21492
21200,13971
21201,-32768
21202,1649
21203,20051
21204,16563
21205,16116
21206,20135
21207,16954
21208,15905
21209,16021
21210,20330
21211,16462
21212,24549
21213,4483
21214,16054
21215,32767
21216,14822
21217,4454
21218,21670
21219,10164
21220,-15713
21221,4385
21222,19673
21223,938
21224,1746
21225,17329
21226,1151
21227,19566
21228,-2379
21229,-8236
21230,26586
21231,-3856
21232,-9774
21233,25624
21234,-2794
21235,935
21236,18562
21237,7122
21238,3882
21239,-32768
21240,-945
21241,22198
21242,23201
21243,16599
21244,14641
21245,-2720
21246,5885
21247,140
21248,32767
21249,2465
21250,-24389
21251,10203
21252,11863
21253,-16115
21254,31549
21255,8350
21256,-6618
21257,29716
21258,2406
21259,32767
21260,3255
21261,18024
21262,27602
21263,21211
21264,-5097
21265,32767
21266,-7728
21267,2372
21268,18521
21269,4321
21270,3415
21271,16196
21272,-2259
21273,18004
21274,17746
21275,536
21276,6320
21277,-32768
21278,-2703
21279,32767
21280,-155
21281,1916
21282,-2866
21283,-6330
21284,7570
21285,20093
21286,15146
21287,22404
21288,-3181
21289,15694
21290,10974
21291,3290
21292,14500
21293,2320
21294,32767
21295,3427
21296,8310
21297,29923
21298,5203
21299,2797
21300,32767
21301,3399
21302,-5705
21303,15643
21304,1952
21305,32767
21306,10090
21307,-21942
21308,9377
21309,574
21310,-9633
21311,15361
21312,-32768
21313,-3066
21314,6558
21315,-2
21316,19
21317,-6673
21318,-4406
21319,18828
21320,15958
21321,3845
21322,14525
21323,-12008
21324,1179
21325,8091
21326,6402
21327,1291
21328,32767
21329,2930
21330,21634
21331,32767
21332,-945
21333,9517
21334,-30051
21335,5356
21336,23796
21337,-4441
21338,32767
21339,1620
21340,21126
21341,1116
21342,-32768
21343,32767
21344,4049
21345,3624
21346,32767
21347,5107
21348,2852
21349,15689
21350,1793
21351,32767
21352,3342
21353,26472
21354,12551
21355,32767
21356,-9693
21357,14812
21358,31692
21359,-298
21360,-18881
21361,20175
21362,1409
21363,-1628
21364,-4803
21365,21054
21366,32767
21367,723
21368,16990
21369,-32768
21370,-4573
21371,10479
21372,1013
21373,680
21374,-9699
21375,-6814
21376,23161
21377,32767
21378,3235
21379,2176
21380,18119
21381,13721
21382,6491
21383,-4998
21384,32767
21385,1573
21386,32767
21387,7369
21388,-26360
21389,5562
21390,19585
21391,-4538
21392,3056
21393,-32768
21394,2856
21395,32767
21396,1706
21397,29902
21398,4500
21399,31981
21400,-29017
21401,-1282
21402,32767
21403,944
21404,21531
21405,2866
21406,19158
21407,-1209
21408,5625
21409,32767
21410,9075
21411,-32768
21412,5296
21413,16178
21414,17869
21415,-26073
21416,588
21417,9831
21418,9305
21419,1401
21420,24246
21421,546
21422,18830
21423,30131
21424,-4195
21425,32767
21426,-3072
21427,16500
21428,8972
21429,-296
21430,30887
21431,4476
21432,30355
21433,18204
21434,16307
21435,12113
21436,16409
21437,18810
21438,8887
21439,19882
21440,27247
21441,992
21442,-14052
21443,1211
21444,-1206
21445,19269
21446,17113
21447,13109
21448,20981
21449,15431
21450,29756
21451,1416
21452,20007
21453,-4202
21454,1555
21455,32767
21456,3012
21457,13740
21458,18809
21459,11608
21460,7750
21461,23664
21462,2638
21463,14606
21464,-8140
21465,2769
21466,32767
21467,7257
21468,9359
21469,9368
21470,-32768
21471,1979
21472,9801
21473,4104
21474,-6672
21475,17511
21476,27035
21477,1165
21478,29803
21479,14066
21480,32767
21481,3820
21482,32767
21483,25257
21484,76
21485,8501
21486,26461
21487,-2131
21488,-1338
21489,-32768
21490,-3737
21491,-16277
21492,23075
21493,5978
21494,32767
21495,3576
21496,559
21497,-1422
21498,4914
21499,1131
21500,1395
21501,32767
21502,32767
21503,4719
21504,-32768
21505,-32738
21506,198
21507,-4311
21508,-17601
21509,-6528
21510,577
21511,-1119
21512,32767
21513,2617
21514,28305
21515,832
21516,32767
21517,930
21518,10676
21519,12378
21520,5410
21521,-8687
21522,13775
21523,965
21524,-32768
21525,32767
21526,-1072
21527,5373
21528,10478
21529,4505
21530,-24346
21531,7188
21532,21658
21533,-21763
21534,1447
21535,29966
21536,-2344
21537,9660
21538,28784
21539,3509
21540,-30543
21541,-1978
21542,32767
21543,2967
21544,11387
21545,-32768
21546,-1862
21547,-5701
21548,7149
21549,-32768
21550,-9361
21551,548
21552,-17153
21553,4784
21554,1673
21555,5650
21556,-14322
21557,-628
21558,-32768
21559,-31061
21560,-5680
21561,-622
21562,4652
21563,-5361
21564,-8203
21565,-200
21566,3688
21567,25991
21568,6890
21569,9811
21570,32767
21571,17629
21572,12297
21573,-9423
21574,1083
21575,3126
21576,8609
21577,22431
21578,8665
21579,-655
21580,-3449
21581,-13232
21582,22184
21583,32767
21584,-57
21585,15394
21586,14524
21587,18185
21588,11874
21589,21138
21590,6574
21591,18913
21592,6081
21593,32767
21594,4587
21595,-15624
21596,10084
21597,23613
21598,4219
21599,16031
21600,12101
21601,5940
21602,15597
21603,9266
21604,21280
21605,31361
21606,4446
21607,-17696
21608,-3988
21609,20764
21610,9677
21611,32767
21612,2758
21613,8136
21614,32767
21615,1334
21616,32767
21617,551
21618,8036
21619,20629
21620,32767
21621,1634
21622,27238
21623,12460
21624,18255
21625,17145
21626,3039
21627,11746
21628,17132
21629,20372
21630,9264
21631,21087
21632,19324
21633,12291
21634,18241
21635,16941
21636,10503
21637,13741
21638,4490
21639,32767
21640,6085
21641,1984
21642,14361
21643,10744
21644,21331
21645,21487
21646,16290
21647,28115
21648,2414
21649,5664
21650,32767
21651,2089
21652,10726
21653,14704
21654,15676
21655,20654
21656,19135
21657,15641
21658,22707
21659,17253
21660,23301
21661,1174
21662,5492
21663,26208
21664,-20297
21665,3610
21666,8538
21667,26278
21668,10441
21669,15840
21670,24070
21671,16394
21672,-9940
21673,1473
21674,21250
21675,15004
21676,23668
21677,14773
21678,11614
21679,22722
21680,11566
21681,16069
21682,19903
21683,15097
21684,-32768
21685,-3499
21686,20280
21687,13662
21688,22268
21689,11515
21690,13206
21691,5017
21692,5412
21693,11738
21694,6624
21695,-31795
21696,-4128
21697,2650
21698,6734
21699,11787
21700,20846
21701,15577
21702,16334
21703,12148
21704,5404
21705,1543
21706,3037
21707,32767
21708,1831
21709,12385
21710,14085
21711,14660
21712,10662
21713,9049
21714,10860
21715,2517
21716,2539
21717,5383
21718,-32768
21719,428
21720,15266
21721,24026
21722,14680
21723,13055
21724,12014
21725,6414
21726,-7391
21727,-6574
21728,5458
21729,5458
21730,-32768
21731,-3495
21732,10888
21733,8695
21734,-1823
21735,6225
21736,-5597
21737,-5319
21738,977
21739,-15479
21740,114
21741,-32768
21742,-1146
21743,10302
21744,12511
21745,7739
21746,8052
21747,11749
21748,12757
21749,7856
21750,6662
21751,11748
21752,9865
21753,-32768
21754,-5473
21755,14071
21756,11494
21757,10279
21758,11688
21759,8291
21760,11316
21761,3897
21762,-7847
21763,-574
21764,-32768
21765,-6087
21766,-12105
21767,-4993
21768,5908
21769,3356
21770,-5657
21771,-807
21772,4794
21773,2961
21774,8455
21775,7917
21776,-32768
21777,-5578
21778,7771
21779,6162
21780,5843
21781,12173
21782,6509
21783,-6276
21784,6709
21785,8366
21786,12137
21787,-25608
21788,-1130
21789,15942
21790,13841
21791,13970
21792,-1013
21793,-1250
21794,3835
21795,1812
21796,6461
21797,15632
21798,15065
21799,-14636
21800,-7172
21801,19173
21802,10540
21803,16509
21804,13040
21805,13094
21806,10081
21807,13743
21808,223
21809,-6115
21810,32767
21811,4513
21812,4913
21813,16417
21814,12259
21815,2687
21816,3538
21817,12941
21818,6051
21819,7629
21820,11125
21821,6916
21822,-32768
21823,-1987
21824,18887
21825,15179
21826,30360
21827,13224
21828,1215
21829,-2396
21830,558
21831,4311
21832,1067
21833,32767
21834,4053
21835,5636
21836,2959
21837,914
21838,10378
21839,-4008
21840,89
21841,-499
21842,-23478
21843,7904
21844,9151
21845,-32768
21846,-1691
21847,13969
21848,9991
21849,-2253
21850,-3515
21851,3509
21852,1623
21853,-7792
21854,11556
21855,10692
21856,-32768
21857,-4810
21858,14292
21859,3105
21860,-9947
21861,8437
21862,4359
21863,-10888
21864,-696
21865,7788
21866,193
21867,-2531
21868,32767
21869,1966
21870,-1107
21871,-14251
21872,-4529
21873,-2514
21874,-2291
21875,-19702
21876,-3991
21877,-10185
21878,-16929
21879,-32768
21880,-2049
21881,-11256
21882,-7185
21883,3469
21884,-4297
21885,-10552
21886,8201
21887,3390
21888,2552
21889,4856
21890,2421
21891,-8533
21892,161
21893,3083
21894,5708
21895,4122
21896,3246
21897,1406
21898,-1034
21899,-8006
21900,5341
21901,9388
21902,-32768
21903,-3259
21904,8566
21905,7623
21906,-1184
21907,1151
21908,-3570
21909,-414
21910,9791
21911,-61
21912,3012
21913,10137
21914,6501
21915,-3032
21916,-2260
21917,671
21918,7180
21919,-751
21920,-9401
21921,199
21922,771
21923,3110
21924,2364
21925,-19672
21926,353
21927,-3845
21928,-3514
21929,8725
21930,-5497
21931,-7294
21932,7493
21933,8000
21934,13632
21935,7778
21936,-3396
21937,-32768
21938,-2630
21939,3601
21940,15723
21941,5826
21942,8376
21943,6783
21944,7851
21945,9833
21946,14487
21947,10127
21948,-21275
21949,-4301
21950,4243
21951,10272
21952,17516
21953,17174
21954,13030
21955,18695
21956,25140
21957,-848
21958,2854
21959,7857
21960,26787
21961,-1539
21962,11845
21963,29897
21964,9580
21965,11438
21966,21278
21967,12338
21968,15610
21969,16490
21970,17176
21971,-25724
21972,-4282
21973,7868
21974,10435
21975,8595
21976,8536
21977,14422
21978,4917
21979,11255
21980,12471
21981,18781
21982,15146
21983,-5646
21984,14064
21985,16470
21986,16454
21987,12331
21988,14775
21989,19429
21990,17698
21991,21791
21992,11983
21993,12551
21994,27640
21995,2374
21996,17491
21997,13215
21998,9592
21999,12018
22000,12345
22001,13020
22002,14135
22003,17505
22004,12925
22005,18293
22006,-14623
22007,-2596
22008,16678
22009,16690
22010,17717
22011,16650
22012,19917
22013,20418
22014,13194
22015,16257
22016,12415
22017,12855
22018,-13573
22019,9367
22020,13759
22021,16594
22022,6827
22023,7335
22024,18153
22025,19147
22026,15987
22027,15406
22028,24911
22029,268
22030,-6797
22031,5498
22032,11977
22033,13334
22034,21510
22035,12708
22036,17990
22037,17115
22038,21357
22039,16146
22040,-16664
22041,-3346
22042,15435
22043,21100
22044,14446
22045,20186
22046,16922
22047,14293
22048,12489
22049,9659
22050,16764
22051,19278
22052,10027
22053,2428
22054,14958
22055,19481
22056,16593
22057,14738
22058,16863
22059,20934
22060,17919
22061,11241
22062,18553
22063,-26001
22064,-3755
22065,14154
22066,12665
22067,19517
22068,4209
22069,9095
22070,12512
22071,3175
22072,5374
22073,7338
22074,12020
22075,-32768
22076,-2701
22077,19707
22078,11786
22079,19895
22080,11075
22081,32767
22082,8186
22083,10620
22084,16243
22085,13935
22086,-18356
22087,-6313
22088,17749
22089,14856
22090,25285
22091,14445
22092,14131
22093,14676
22094,14277
22095,12758
22096,12396
22097,-1437
22098,-32768
22099,-3011
22100,13882
22101,7050
22102,-5092
22103,9103
22104,8935
22105,-13363
22106,7456
22107,17731
22108,19315
22109,-9353
22110,6236
22111,5659
22112,3367
22113,-5721
22114,2304
22115,8257
22116,-4291
22117,1742
22118,17405
22119,19464
22120,14596
22121,-30726
22122,770
22123,14215
22124,14448
22125,19711
22126,21801
22127,15156
22128,7091
22129,6609
22130,13038
22131,11052
22132,32767
22133,156
22134,2701
22135,2971
22136,1825
22137,7234
22138,430
22139,-1347
22140,5262
22141,-2429
22142,4489
22143,5009
22144,-23471
22145,-5523
22146,12956
22147,15465
22148,10197
22149,9984
22150,6440
22151,15450
22152,8717
22153,6150
22154,7497
22155,32767
22156,2189
22157,8215
22158,14101
22159,13646
22160,12179
22161,11722
22162,18600
22163,9714
22164,1391
22165,6972
22166,8123
22167,32671
22168,2901
22169,12514
22170,18787
22171,12816
22172,10852
22173,11494
22174,12527
22175,-6183
22176,2537
22177,5722
22178,-32768
22179,-1410
22180,22473
22181,14394
22182,11929
22183,2698
22184,19630
22185,16046
22186,24900
22187,7409
22188,16861
22189,7474
22190,-31655
22191,-9369
22192,5963
22193,3309
22194,6107
22195,9354
22196,-7050
22197,371
22198,6687
22199,6593
22200,11343
22201,-4213
22202,-8828
22203,17460
22204,14762
22205,16685
22206,14364
22207,15001
22208,18448
22209,17526
22210,9242
22211,16000
22212,18776
22213,-10811
22214,-4888
22215,8738
22216,8402
22217,3597
22218,2019
22219,6653
22220,9266
22221,6429
22222,9743
22223,-330
22224,-25668
22225,-7537
22226,13460
22227,14794
22228,21527
22229,20631
22230,11587
22231,10627
22232,12069
22233,-4536
22234,4433
22235,5425
22236,-16459
22237,-1294
22238,20559
22239,20399
22240,11949
22241,18244
22242,8245
22243,9129
22244,22568
22245,21564
22246,15438
22247,2225
22248,9656
22249,11563
22250,15146
22251,20016
22252,15053
22253,13553
22254,22296
22255,14370
22256,23819
22257,15688
22258,22890
22259,-1446
22260,6572
22261,19129
22262,16901
22263,13937
22264,17616
22265,20216
22266,12795
22267,9894
22268,24534
22269,14803
22270,-20248
22271,506
22272,16340
22273,11922
22274,12720
22275,14580
22276,17471
22277,18477
22278,16088
22279,32767
22280,5441
22281,14834
22282,2384
22283,-11219
22284,21819
22285,12902
22286,16889
22287,18347
22288,11687
22289,10623
22290,18069
22291,17214
22292,19413
22293,-29233
22294,444
22295,16992
22296,11268
22297,7180
22298,13529
22299,17718
22300,21431
22301,12582
22302,14111
22303,22405
22304,16433
22305,-30581
22306,4258
22307,12706
22308,16418
22309,12013
22310,14596
22311,18489
22312,17306
22313,14577
22314,13135
22315,11484
22316,-32768
22317,-1395
22318,11312
22319,16363
22320,7092
22321,11957
22322,8565
22323,17389
22324,14438
22325,-4491
22326,2534
22327,6644
22328,32767
22329,1263
22330,12640
22331,13727
22332,4839
22333,9342
22334,14747
22335,10672
22336,13791
22337,15492
22338,20897
22339,-10706
22340,-4119
22341,15959
22342,13134
22343,17581
22344,26857
22345,14362
22346,14431
22347,15221
22348,15733
22349,15369
22350,15289
22351,32767
22352,2705
22353,14824
22354,12283
22355,8058
22356,10040
22357,9723
22358,15915
22359,16602
22360,10939
22361,6609
22362,32767
22363,2336
22364,7758
22365,21273
22366,16182
22367,17508
22368,16027
22369,5694
22370,11942
22371,18223
22372,32767
22373,15098
22374,3851
22375,-4708
22376,15816
22377,12112
22378,19303
22379,10776
22380,14465
22381,19435
22382,13108
22383,3689
22384,9617
22385,32767
22386,500
22387,15252
22388,15714
22389,15153
22390,13973
22391,18269
22392,18584
22393,30162
22394,7923
22395,16189
22396,16131
22397,-2930
22398,-10077
22399,26175
22400,8208
22401,15174
22402,11244
22403,15750
22404,26369
22405,11853
22406,20981
22407,7019
22408,-12917
22409,-13920
22410,12577
22411,7466
22412,12021
22413,-3527
22414,-2287
22415,6776
22416,-226
22417,10484
22418,19112
22419,16023
22420,32767
22421,-5143
22422,18554
22423,13365
22424,13689
22425,10896
22426,17440
22427,14097
22428,10789
22429,16218
22430,14330
22431,-17222
22432,-5354
22433,17904
22434,14294
22435,-6467
22436,12269
22437,10176
22438,19835
22439,12232
22440,21813
22441,17805
22442,26179
22443,32767
22444,1252
22445,9858
22446,10633
22447,23622
22448,6402
22449,-358
22450,6755
22451,4476
22452,18334
22453,6179
22454,-17517
22455,-7048
22456,4556
22457,12855
22458,11210
22459,14544
22460,15103
22461,13447
22462,14097
22463,16210
22464,23500
22465,12731
22466,-8633
22467,-11527
22468,13741
22469,11666
22470,14261
22471,11033
22472,16503
22473,14673
22474,15785
22475,10712
22476,5180
22477,-6286
22478,1190
22479,22199
22480,13892
22481,2041
22482,7311
22483,9429
22484,12589
22485,3809
22486,2102
22487,8531
22488,16484
22489,-27182
22490,-5040
22491,7709
22492,11565
22493,5533
22494,26492
22495,11857
22496,12317
22497,11507
22498,14104
22499,14217
22500,-12669
22501,-4375
22502,28769
22503,16516
22504,9620
22505,13417
22506,186
22507,1847
22508,12679
22509,19421
22510,-171
22511,6070
22512,32767
22513,2153
22514,16050
22515,27853
22516,-32768
22517,4248
22518,24658
22519,27808
22520,-2204
22521,17566
22522,9189
22523,-32768
22524,-1395
22525,15059
22526,17802
22527,11857
22528,18348
22529,15481
22530,22448
22531,13637
22532,19522
22533,19195
22534,17550
22535,-32768
22536,2281
22537,16500
22538,13028
22539,19654
22540,13351
22541,19128
22542,13994
22543,23176
22544,15129
22545,13913
22546,-32768
22547,-1346
22548,14480
22549,12648
22550,23600
22551,13082
22552,15807
22553,20010
22554,15024
22555,14781
22556,21949
22557,14435
22558,32767
22559,6441
22560,9377
22561,19730
22562,10533
22563,17807
22564,13489
22565,16755
22566,18048
22567,21302
22568,14300
22569,-32768
22570,3922
22571,9207
22572,15250
22573,15679
22574,13394
22575,19840
22576,16525
22577,17527
22578,15609
22579,15486
22580,26834
22581,32767
22582,1302
22583,17503
22584,13177
22585,15946
22586,16696
22587,17009
22588,14275
22589,25477
22590,15481
22591,24641
22592,-32768
22593,3578
22594,11551
22595,20890
22596,12691
22597,16957
22598,17470
22599,14686
22600,23128
22601,10605
22602,20875
22603,10807
22604,32767
22605,397
22606,24758
22607,14899
22608,12161
22609,15904
22610,4202
22611,22162
22612,13554
22613,29003
22614,11477
22615,32767
22616,-2025
22617,17238
22618,16563
22619,14726
22620,16526
22621,14358
22622,23652
22623,10767
22624,20593
22625,15411
22626,22395
22627,13900
22628,2208
22629,22060
22630,10272
22631,19094
22632,13606
22633,19443
22634,12705
22635,24585
22636,19390
22637,15129
22638,-32768
22639,-1292
22640,21008
22641,13305
22642,19598
22643,13891
22644,18570
22645,15883
22646,17009
22647,20144
22648,14457
22649,15286
22650,-32768
22651,2143
22652,12058
22653,19120
22654,13433
22655,16240
22656,22219
22657,11812
22658,21611
22659,21833
22660,11397
22661,19393
22662,3572
22663,12887
22664,17379
22665,18391
22666,15581
22667,16254
22668,18361
22669,13428
22670,18795
22671,15045
22672,25692
22673,32767
22674,2534
22675,16068
22676,14253
22677,13313
22678,15490
22679,19832
22680,13242
22681,18335
22682,16771
22683,21502
22684,32767
22685,2317
22686,9546
22687,13734
22688,15868
22689,16464
22690,15709
22691,13354
22692,22293
22693,13884
22694,20899
22695,24269
22696,25713
22697,-2577
22698,8603
22699,24503
22700,10805
22701,20863
22702,14983
22703,16968
22704,15357
22705,20793
22706,21282
22707,1131
22708,5927
22709,13007
22710,19231
22711,14405
22712,15580
22713,14843
22714,15802
22715,32767
22716,8784
22717,17893
22718,24190
22719,11630
22720,-3373
22721,32767
22722,4801
22723,17137
22724,17963
22725,13580
22726,26995
22727,8414
22728,15676
22729,19792
22730,32767
22731,-2201
22732,18092
22733,15064
22734,15525
22735,22783
22736,6858
22737,12805
22738,19772
22739,14906
22740,13301
22741,14274
22742,-32768
22743,1868
22744,15791
22745,19357
22746,11247
22747,18009
22748,14076
22749,17744
22750,15442
22751,26506
22752,7247
22753,-32768
22754,689
22755,20571
22756,12635
22757,11986
22758,26778
22759,10096
22760,18647
22761,15086
22762,24853
22763,11401
22764,20505
22765,-32768
22766,-1600
22767,20965
22768,12399
22769,13282
22770,15453
22771,22019
22772,15021
22773,17244
22774,21381
22775,18711
22776,-17906
22777,4500
22778,23798
22779,10395
22780,20049
22781,15131
22782,16061
22783,21267
22784,12529
22785,22664
22786,17509
22787,14171
22788,-32768
22789,172
22790,11861
22791,20172
22792,10342
22793,19211
22794,18191
22795,15081
22796,21704
22797,21549
22798,10436
22799,32767
22800,2802
22801,15230
22802,15806
22803,16294
22804,15862
22805,21276
22806,10139
22807,17289
22808,18759
22809,11746
22810,32767
22811,16122
22812,2933
22813,15813
22814,19191
22815,9408
22816,13442
22817,22101
22818,13767
22819,16441
22820,18835
22821,27247
22822,32767
22823,4456
22824,16564
22825,13781
22826,10645
22827,10638
22828,23243
22829,11037
22830,20129
22831,14479
22832,22812
22833,13286
22834,32767
22835,-411
22836,11243
22837,21405
22838,12294
22839,19231
22840,13735
22841,20094
22842,14440
22843,17723
22844,29046
22845,-18850
22846,4568
22847,16784
22848,14482
22849,14935
22850,19577
22851,14170
22852,11217
22853,25259
22854,14160
22855,17078
22856,17884
22857,32767
22858,-1718
22859,17696
22860,15602
22861,16966
22862,15577
22863,16832
22864,17675
22865,16131
22866,14332
22867,17214
22868,-32768
22869,285
22870,20276
22871,14306
22872,9004
22873,25490
22874,14934
22875,13134
22876,20211
22877,15176
22878,19493
22879,15154
22880,32767
22881,-1710
22882,15635
22883,14986
22884,14731
22885,15202
22886,11913
22887,21324
22888,13843
22889,19643
22890,17907
22891,-32768
22892,1549
22893,16518
22894,14471
22895,9717
22896,23184
22897,15247
22898,19730
22899,13899
22900,27410
22901,14242
22902,17125
22903,-32768
22904,-1298
22905,22455
22906,14606
22907,15506
22908,12444
22909,21373
22910,12873
22911,21711
22912,23764
22913,12071
22914,-32768
22915,-738
22916,23917
22917,11072
22918,20398
22919,12271
22920,23335
22921,15696
22922,14910
22923,21840
22924,17088
22925,13391
22926,-32768
22927,-1581
22928,9509
22929,18511
22930,13370
22931,19029
22932,15245
22933,17321
22934,21818
22935,14116
22936,16776
22937,32767
22938,-2148
22939,12333
22940,21619
22941,10368
22942,18551
22943,16795
22944,15244
22945,13752
22946,22821
22947,13254
22948,29760
22949,32767
22950,-2715
22951,15244
22952,13714
22953,16958
22954,14466
22955,17458
22956,14521
22957,24062
22958,14438
22959,28441
22960,32767
22961,869
22962,15524
22963,13490
22964,17883
22965,13055
22966,18516
22967,16859
22968,17364
22969,15391
22970,26198
22971,15187
22972,32767
22973,1747
22974,12334
22975,17780
22976,15944
22977,17338
22978,14728
22979,22609
22980,14694
22981,22693
22982,14113
22983,-32768
22984,3712
22985,12498
22986,17072
22987,16603
22988,17985
22989,14656
22990,20310
22991,13841
22992,18748
22993,18765
22994,15949
22995,32767
22996,616
22997,20555
22998,10811
22999,18274
23000,17573
23001,15936
23002,14987
23003,22001
23004,15064
23005,18316
23006,6321
23007,-3147
23008,19323
23009,15029
23010,16134
23011,14012
23012,18497
23013,16395
23014,18038
23015,12662
23016,25624
23017,15657
23018,15449
23019,4047
23020,14836
23021,18786
23022,12452
23023,21996
23024,13260
23025,18123
23026,15669
23027,22071
23028,14748
23029,32767
23030,-446
23031,12338
23032,18949
23033,13590
23034,19644
23035,13685
23036,22877
23037,13140
23038,20488
23039,16752
23040,18904
23041,32767
23042,320
23043,19613
23044,11739
23045,19761
23046,14848
23047,18871
23048,14166
23049,23107
23050,16993
23051,16531
23052,-5914
23053,-1464
23054,21537
23055,12494
23056,21932
23057,13263
23058,17691
23059,18526
23060,15567
23061,17656
23062,21215
23063,15487
23064,32767
23065,4285
23066,13859
23067,16316
23068,14140
23069,20323
23070,15043
23071,13963
23072,17649
23073,27716
23074,10304
23075,32767
23076,-1863
23077,13003
23078,18996
23079,13005
23080,18607
23081,13478
23082,20395
23083,15230
23084,16449
23085,22886
23086,15396
23087,32767
23088,2929
23089,20423
23090,13449
23091,15542
23092,16024
23093,17716
23094,14160
23095,21124
23096,19617
23097,16633
23098,-32768
23099,1018
23100,20692
23101,12045
23102,21449
23103,12463
23104,18079
23105,15912
23106,19378
23107,15858
23108,19437
23109,17049
23110,10615
23111,4307
23112,11395
23113,20515
23114,12072
23115,20949
23116,16701
23117,14537
23118,19291
23119,25091
23120,12179
23121,5421
23122,3309
23123,11917
23124,15028
23125,16618
23126,19123
23127,14785
23128,18231
23129,16651
23130,19350
23131,15748
23132,23230
23133,-6982
23134,2264
23135,18726
23136,14593
23137,15372
23138,16668
23139,18003
23140,13643
23141,21632
23142,16952
23143,19757
23144,28337
23145,1779
23146,15706
23147,12605
23148,22723
23149,10946
23150,20461
23151,14404
23152,20067
23153,17077
23154,18131
23155,18745
23156,32767
23157,2851
23158,12885
23159,20437
23160,11912
23161,19607
23162,16442
23163,16050
23164,17966
23165,21557
23166,18715
23167,-14330
23168,2197
23169,13317
23170,17887
23171,14479
23172,19078
23173,14959
23174,17210
23175,18809
23176,16362
23177,16955
23178,17079
23179,32767
23180,-1248
23181,23195
23182,13016
23183,14087
23184,16400
23185,20180
23186,15893
23187,15685
23188,18397
23189,18441
23190,-32768
23191,-153
23192,20977
23193,13652
23194,18052
23195,16439
23196,15368
23197,15837
23198,17577
23199,17101
23200,18885
23201,14883
23202,-32768
23203,-731
23204,17884
23205,15144
23206,15130
23207,16475
23208,15051
23209,17667
23210,13699
23211,24652
23212,15693
23213,32767
23214,1149
23215,17065
23216,13946
23217,15010
23218,19041
23219,13024
23220,18959
23221,14460
23222,22143
23223,15739
23224,17672
23225,32767
23226,-2600
23227,18672
23228,12176
23229,17049
23230,12977
23231,20216
23232,16504
23233,17808
23234,20214
23235,17946
23236,-32768
23237,2
23238,22330
23239,10607
23240,19410
23241,17979
23242,15103
23243,19228
23244,12825
23245,23287
23246,15816
23247,19257
23248,5405
23249,5091
23250,11863
23251,16572
23252,13925
23253,18806
23254,18553
23255,14764
23256,15664
23257,23852
23258,14388
23259,-4451
23260,3446
23261,17410
23262,12657
23263,16312
23264,16110
23265,18746
23266,14875
23267,14837
23268,22828
23269,13786
23270,24140
23271,32767
23272,1243
23273,17205
23274,14761
23275,14756
23276,15188
23277,17248
23278,14889
23279,23385
23280,14351
23281,23080
23282,32767
23283,2220
23284,16781
23285,15007
23286,15465
23287,13913
23288,19554
23289,15326
23290,16716
23291,19884
23292,19071
23293,17844
23294,32767
23295,47
23296,13387
23297,22068
23298,11012
23299,21605
23300,13852
23301,18015
23302,18386
23303,15738
23304,22386
23305,-7576
23306,1197
23307,13077
23308,21539
23309,11384
23310,18459
23311,18123
23312,15648
23313,18644
23314,16718
23315,21156
23316,14659
23317,32767
23318,-1319
23319,17505
23320,14705
23321,16228
23322,16552
23323,14998
23324,21459
23325,13928
23326,18652
23327,18236
23328,32767
23329,304
23330,15894
23331,18550
23332,12754
23333,18893
23334,14673
23335,19850
23336,14607
23337,18307
23338,22649
23339,12033
23340,32767
23341,-3529
23342,18986
23343,11993
23344,18209
23345,14617
23346,14401
23347,22981
23348,14235
23349,20435
23350,15338
23351,-640
23352,-2237
23353,21036
23354,12893
23355,17215
23356,15989
23357,16130
23358,18894
23359,13776
23360,20494
23361,19107
23362,17658
23363,32767
23364,715
23365,12549
23366,12499
23367,19109
23368,14242
23369,16997
23370,17647
23371,18035
23372,20713
23373,14016
23374,-32768
23375,-228
23376,19636
23377,15598
23378,15489
23379,14511
23380,17374
23381,20324
23382,12769
23383,22683
23384,15130
23385,23791
23386,26310
23387,4566
23388,9663
23389,18877
23390,13025
23391,16580
23392,18843
23393,14112
23394,29543
23395,10617
23396,16084
23397,-32768
23398,218
23399,13389
23400,16868
23401,16963
23402,12630
23403,22161
23404,12681
23405,22832
23406,13485
23407,19896
23408,21132
23409,32767
23410,791
23411,15835
23412,14732
23413,13890
23414,20197
23415,13405
23416,15987
23417,26092
23418,12138
23419,18800
23420,32767
23421,-1517
23422,12292
23423,22825
23424,13722
23425,14211
23426,16830
23427,16748
23428,19015
23429,15134
23430,19271
23431,19254
23432,32767
23433,-1857
23434,20292
23435,13991
23436,13603
23437,22054
23438,12750
23439,16395
23440,21085
23441,16306
23442,21259
23443,32767
23444,603
23445,11548
23446,16047
23447,14079
23448,19176
23449,13763
23450,20133
23451,14582
23452,13405
23453,27431
23454,13346
23455,32767
23456,2613
23457,17850
23458,13308
23459,16505
23460,18771
23461,14102
23462,17844
23463,18788
23464,21711
23465,14209
23466,-32768
23467,266
23468,18109
23469,17580
23470,13239
23471,19351
23472,9861
23473,32767
23474,11300
23475,14083
23476,22721
23477,18413
23478,15772
23479,6240
23480,14832
23481,12884
23482,19171
23483,13381
23484,17452
23485,16750
23486,15275
23487,28945
23488,10731
23489,-32768
23490,-270
23491,9906
23492,18189
23493,12420
23494,18077
23495,13299
23496,18672
23497,15637
23498,17767
23499,18409
23500,30164
23501,4161
23502,22550
23503,8395
23504,12267
23505,21624
23506,9697
23507,21214
23508,13944
23509,23494
23510,15018
23511,22153
23512,-32768
23513,3341
23514,12250
23515,17145
23516,16951
23517,12298
23518,21002
23519,11933
23520,24770
23521,9832
23522,15367
23523,22099
23524,32767
23525,5270
23526,13138
23527,14686
23528,13520
23529,20772
23530,15505
23531,14855
23532,17799
23533,23376
23534,13801
23535,-32768
23536,2808
23537,11712
23538,18001
23539,12554
23540,21425
23541,11553
23542,17762
23543,14400
23544,18953
23545,16343
23546,21570
23547,-32768
23548,1292
23549,20514
23550,14838
23551,13485
23552,21397
23553,16214
23554,13681
23555,20536
23556,16114
23557,27382
23558,27793
23559,-5276
23560,13643
23561,19850
23562,17657
23563,8588
23564,19039
23565,14747
23566,22085
23567,14271
23568,32767
23569,9777
23570,-32768
23571,-1671
23572,14675
23573,15418
23574,16929
23575,14825
23576,14888
23577,19744
23578,14770
23579,27926
23580,10626
23581,32767
23582,-326
23583,16556
23584,14250
23585,14822
23586,19235
23587,13506
23588,28334
23589,8849
23590,25537
23591,13871
23592,19824
23593,-32768
23594,237
23595,26671
23596,12661
23597,20350
23598,11081
23599,23840
23600,10029
23601,18970
23602,16585
23603,24058
23604,17904
23605,4065
23606,19258
23607,11430
23608,27349
23609,4018
23610,17206
23611,13553
23612,16500
23613,17781
23614,15182
23615,21387
23616,32767
23617,1640
23618,9823
23619,18445
23620,9264
23621,19897
23622,11541
23623,24991
23624,11579
23625,27193
23626,17634
23627,-21575
23628,3992
23629,3555
23630,15293
23631,12072
23632,22891
23633,15485
23634,14259
23635,16617
23636,32767
23637,6677
23638,28032
23639,-10723
23640,3920
23641,10707
23642,17346
23643,14878
23644,17251
23645,18070
23646,16801
23647,29274
23648,7217
23649,30286
23650,8379
23651,-2290
23652,21158
23653,12576
23654,17827
23655,15528
23656,21559
23657,10666
23658,26496
23659,6115
23660,19692
23661,13095
23662,32767
23663,-3732
23664,12809
23665,26254
23666,7393
23667,32767
23668,4408
23669,19786
23670,8260
23671,19462
23672,14908
23673,-22016
23674,955
23675,9723
23676,31312
23677,6712
23678,27111
23679,10645
23680,19032
23681,13347
23682,19508
23683,18442
23684,20711
23685,32767
23686,-532
23687,22430
23688,13773
23689,13091
23690,17712
23691,12612
23692,26999
23693,13663
23694,20317
23695,24887
23696,-32768
23697,2744
23698,19351
23699,13452
23700,15943
23701,19937
23702,13577
23703,20456
23704,15285
23705,17678
23706,23435
23707,10459
23708,-32768
23709,-2236
23710,15312
23711,13826
23712,17862
23713,18359
23714,13956
23715,26564
23716,8914
23717,23896
23718,-1898
23719,-32768
23720,-961
23721,30442
23722,10200
23723,14771
23724,17461
23725,8791
23726,32767
23727,2957
23728,23321
23729,4232
23730,20063
23731,32767
23732,1387
23733,19120
23734,11018
23735,32767
23736,3110
23737,24441
23738,9184
23739,25152
23740,13279
23741,15203
23742,-32768
23743,431
23744,18244
23745,16680
23746,18368
23747,12641
23748,17647
23749,14153
23750,15560
23751,16605
23752,22086
23753,16590
23754,-30262
23755,4794
23756,1581
23757,16746
23758,13197
23759,18281
23760,18273
23761,16784
23762,15076
23763,19469
23764,16621
23765,-32768
23766,1156
23767,1944
23768,11109
23769,13606
23770,16354
23771,13246
23772,19826
23773,16005
23774,21494
23775,15354
23776,21194
23777,32767
23778,-831
23779,24293
23780,13502
23781,15638
23782,19862
23783,16144
23784,10441
23785,32767
23786,1845
23787,32497
23788,32767
23789,2255
23790,13108
23791,19406
23792,10545
23793,17053
23794,21041
23795,13438
23796,24829
23797,9290
23798,23029
23799,13233
23800,32767
23801,2347
23802,14940
23803,27466
23804,6696
23805,24573
23806,10504
23807,19064
23808,17379
23809,20854
23810,11444
23811,32767
23812,-2015
23813,11228
23814,29174
23815,3220
23816,20562
23817,10098
23818,16764
23819,18454
23820,14362
23821,31716
23822,8533
23823,-25771
23824,-3555
23825,18234
23826,13430
23827,17222
23828,15684
23829,16412
23830,16593
23831,20726
23832,21474
23833,7589
23834,30999
23835,-1880
23836,29144
23837,6986
23838,22112
23839,10036
23840,26240
23841,19214
23842,11497
23843,16779
23844,20404
23845,16112
23846,32767
23847,1416
23848,16692
23849,8037
23850,18035
23851,19624
23852,11639
23853,29186
23854,9382
23855,28578
23856,7380
23857,32767
23858,-2185
23859,15701
23860,20469
23861,12409
23862,23328
23863,13114
23864,18167
23865,13734
23866,19739
23867,18037
23868,15915
23869,32767
23870,-831
23871,17010
23872,10293
23873,30731
23874,7836
23875,18204
23876,14079
23877,22510
23878,17286
23879,18019
23880,13347
23881,3730
23882,20418
23883,7796
23884,28176
23885,6282
23886,18123
23887,15585
23888,16769
23889,18127
23890,18747
23891,23864
23892,-32768
23893,2806
23894,17024
23895,12651
23896,13585
23897,20000
23898,15994
23899,17133
23900,22402
23901,18456
23902,13607
23903,-32768
23904,2136
23905,14816
23906,16869
23907,18303
23908,14331
23909,22067
23910,14371
23911,22512
23912,4605
23913,7308
23914,32767
23915,13575
23916,2936
23917,16723
23918,17394
23919,15533
23920,20184
23921,5731
23922,7858
23923,32767
23924,4717
23925,21779
23926,15582
23927,4103
23928,8917
23929,18721
23930,17462
23931,14089
23932,32767
23933,3370
23934,32767
23935,7417
23936,25684
23937,16347
23938,32767
23939,-772
23940,12854
23941,22952
23942,7716
23943,28367
23944,9944
23945,21676
23946,14476
23947,18328
23948,22909
23949,11582
23950,9929
23951,8443
23952,22741
23953,10861
23954,15736
23955,18106
23956,15046
23957,22506
23958,17933
23959,32767
23960,4301
23961,32767
23962,-1960
23963,18790
23964,18137
23965,12854
23966,23382
23967,14440
23968,18604
23969,15754
23970,19086
23971,-447
23972,18151
23973,162
23974,18573
23975,12360
23976,14951
23977,21647
23978,14992
23979,23047
23980,9801
23981,12985
23982,22262
23983,10574
23984,-32768
23985,-607
23986,17151
23987,15510
23988,12092
23989,19937
23990,12223
23991,21370
23992,11060
23993,19657
23994,22131
23995,-32768
23996,2476
23997,12155
23998,15356
23999,13275
24000,17195
24001,9793
24002,20817
24003,15444
24004,21722
24005,12008
24006,19646
24007,-32768
24008,1211
24009,14108
24010,8672
24011,26136
24012,13131
24013,21565
24014,18280
24015,19701
24016,15774
24017,13892
24018,32767
24019,2242
24020,32253
24021,6537
24022,21267
24023,16893
24024,21528
24025,29301
24026,18486
24027,21234
24028,3393
24029,18461
24030,8756
24031,16459
24032,-10024
24033,9147
24034,28725
24035,-5993
24036,17184
24037,32767
24038,4443
24039,22529
24040,13559
24041,4777
24042,32767
24043,-5353
24044,9093
24045,31854
24046,-3328
24047,23545
24048,13183
24049,6539
24050,8428
24051,-32768
24052,2464
24053,15027
24054,32767
24055,5504
24056,12457
24057,-32768
24058,-3890
24059,32767
24060,5705
24061,13250
24062,-19932
24063,3464
24064,5292
24065,32767
24066,9303
24067,12889
24068,31510
24069,5293
24070,17724
24071,-609
24072,5116
24073,-11246
24074,-1855
24075,10939
24076,22035
24077,13273
24078,11334
24079,32767
24080,-3345
24081,7685
24082,32767
24083,-1376
24084,15050
24085,-702
24086,12279
24087,8834
24088,32767
24089,-3076
24090,28122
24091,2294
24092,-2255
24093,8522
24094,-5111
24095,3403
24096,-31093
24097,5778
24098,7198
24099,-23441
24100,4701
24101,5365
24102,32767
24103,-5420
24104,-18273
24105,-7114
24106,5724
24107,16936
24108,16686
24109,15663
24110,-3367
24111,-601
24112,-9746
24113,16720
24114,18442
24115,32767
24116,6127
24117,11569
24118,-32768
24119,3084
24120,12364
24121,9337
24122,-30616
24123,4100
24124,1061
24125,32767
24126,13701
24127,4151
24128,-419
24129,7734
24130,17405
24131,-8997
24132,-5419
24133,-491
24134,21185
24135,29113
24136,10837
24137,17961
24138,-32768
24139,-861
24140,10434
24141,26693
24142,11342
24143,9701
24144,15250
24145,9865
24146,11884
24147,32665
24148,-3573
24149,27563
24150,3965
24151,18540
24152,22321
24153,-32768
24154,7657
24155,-3199
24156,-12177
24157,-10478
24158,-5757
24159,9125
24160,32767
24161,4683
24162,28818
24163,-980
24164,-4664
24165,1918
24166,-9039
24167,-8311
24168,-12168
24169,-20943
24170,-3806
24171,-25332
24172,-16650
24173,7424
24174,-14580
24175,-1090
24176,-32768
24177,-18959
24178,1778
24179,-26725
24180,-5874
24181,32767
24182,-4308
24183,-4130
24184,9125
24185,2597
24186,12426
24187,28697
24188,10663
24189,6582
24190,-5083
24191,-717
24192,-13691
24193,-3372
24194,32767
24195,-992
24196,-987
24197,6631
24198,16516
24199,4745
24200,20797
24201,6632
24202,1689
24203,-14119
24204,-510
24205,-1809
24206,-2627
24207,-2341
24208,12885
24209,8860
24210,4551
24211,6374
24212,5114
24213,19286
24214,1080
24215,-5197
24216,-13621
24217,23996
24218,11417
24219,20394
24220,-10756
24221,-9675
24222,-20178
24223,-18979
24224,-5439
24225,-15379
24226,-24252
24227,-11037
24228,32767
24229,1833
24230,31423
24231,19899
24232,5040
24233,-32768
24234,-410
24235,-27219
24236,-8139
24237,-12448
24238,-11001
24239,-16951
24240,-32768
24241,-953
24242,24293
24243,-15358
24244,-116
24245,16481
24246,-9729
24247,-1663
24248,-28708
24249,-12670
24250,-6541
24251,-32768
24252,-2072
24253,4670
24254,-4507
24255,-159
24256,-15920
24257,-17208
24258,-5265
24259,-1541
24260,-2419
24261,-2381
24262,15593
24263,6196
24264,-30211
24265,7860
24266,10015
24267,2681
24268,4674
24269,-4136
24270,32767
24271,1723
24272,13169
24273,-24967
24274,13193
24275,7236
24276,-6940
24277,-22669
24278,-13974
24279,-9204
24280,-20531
24281,3542
24282,-5153
24283,32504
24284,-12426
24285,-3418
24286,21761
24287,-3651
24288,32767
24289,334
24290,-32768
24291,2583
24292,690
24293,32767
24294,15301
24295,-2658
24296,9628
24297,-1374
24298,-32768
24299,-8982
24300,-10136
24301,-32768
24302,-3547
24303,-32768
24304,-3794
24305,-6724
24306,-16454
24307,-11993
24308,-32768
24309,-1257
24310,-9393
24311,-18885
24312,3792
24313,-29009
24314,-1579
24315,-6577
24316,-29315
24317,-6816
24318,-13952
24319,827
24320,-7210
24321,-10766
24322,-32768
24323,-1246
24324,-23327
24325,-32768
24326,-4077
24327,-20354
24328,-27686
24329,-6017
24330,-5159
24331,632
24332,4496
24333,10198
24334,3071
24335,32767
24336,5776
24337,32767
24338,700
24339,17815
24340,-1938
24341,-27151
24342,-23472
24343,-21468
24344,74
24345,16949
24346,10738
24347,11359
24348,7177
24349,20221
24350,-32768
24351,-879
24352,-2784
24353,21667
24354,7990
24355,14022
24356,-11589
24357,430
24358,6775
24359,28023
24360,7713
24361,20922
24362,-16236
24363,-618
24364,3708
24365,-10729
24366,32767
24367,5365
24368,21029
24369,4509
24370,0
24371,20982
24372,32767
24373,3903
24374,27753
24375,3402
24376,4631
24377,1176
24378,-694
24379,-25747
24380,-32768
24381,1446
24382,-24944
24383,-26159
24384,-6887
24385,-8802
24386,-7709
24387,-25521
24388,-8372
24389,-22222
24390,2738
24391,-26098
24392,-13507
24393,-25489
24394,32767
24395,3702
24396,836
24397,32767
24398,1056
24399,-30345
24400,-7031
24401,32767
24402,8249
24403,19226
24404,-13672
24405,-14453
24406,-26099
24407,-32768
24408,3555
24409,1452
24410,14411
24411,9956
24412,32767
24413,18473
24414,5214
24415,-8387
24416,7218
24417,2236
24418,6437
24419,32767
24420,-13109
24421,2430
24422,11437
24423,32767
24424,6237
24425,-32768
24426,14350
24427,374
24428,32767
24429,-6806
24430,-32768
24431,-2925
24432,-5092
24433,-1760
24434,8944
24435,8406
24436,32767
24437,7513
24438,-4659
24439,29238
24440,-1675
24441,-6735
24442,-28628
24443,-1745
24444,-9448
24445,-32768
24446,-13393
24447,-1101
24448,31140
24449,4686
24450,-15336
24451,-15647
24452,-32062
24453,-1540
24454,-32768
24455,-6913
24456,-21984
24457,32767
24458,-2196
24459,-3980
24460,-19319
24461,-290
24462,-5713
24463,-32768
24464,-4545
24465,-19143
24466,-16037
24467,-8255
24468,-6891
24469,32767
24470,6539
24471,32767
24472,919
24473,6061
24474,6454
24475,7803
24476,-26564
24477,-12383
24478,-8905
24479,-15902
24480,-7890
24481,4820
24482,-19793
24483,-5575
24484,-22168
24485,-6176
24486,32767
24487,1407
24488,-8371
24489,-27411
24490,-9988
24491,-16657
24492,32337
24493,5023
24494,6123
24495,-703
24496,10767
24497,-25438
24498,-11059
24499,-11510
24500,-21029
24501,-7001
24502,-32768
24503,-738
24504,-5378
24505,-10491
24506,-18371
24507,-5355
24508,32767
24509,6761
24510,-25608
24511,8329
24512,-25159
24513,-3008
24514,-32768
24515,506
24516,-14366
24517,28042
24518,2111
24519,5559
24520,-2372
24521,-1834
24522,32767
24523,-1529
24524,-3509
24525,-32768
24526,-8895
24527,5095
24528,-9957
24529,-32768
24530,-4330
24531,-7184
24532,-22128
24533,-17449
24534,-3485
24535,-20564
24536,834
24537,-24629
24538,-21013
24539,-13316
24540,32767
24541,13866
24542,8760
24543,-32768
24544,24002
24545,350
24546,8912
24547,-785
24548,2042
24549,-9997
24550,1734
24551,32767
24552,2976
24553,29704
24554,-235
24555,-6424
24556,32767
24557,13784
24558,-197
24559,-10195
24560,-32768
24561,-6370
24562,15176
24563,12312
24564,14042
24565,-15563
24566,10306
24567,-20270
24568,-4230
24569,-30595
24570,-2722
24571,-9736
24572,1965
24573,-1241
24574,-24728
24575,-8427
24576,-4213
24577,-10670
24578,-29549
24579,-2663
24580,-15348
24581,-15084
24582,-15743
24583,-23984
24584,-14816
24585,-32768
24586,13398
24587,2651
24588,-12427
24589,13309
24590,6441
24591,-32768
24592,1435
24593,-5403
24594,-15913
24595,-10186
24596,4136
24597,-5046
24598,14192
24599,11660
24600,-1580
24601,12824
24602,-3764
24603,16317
24604,3243
24605,-32768
24606,-10295
24607,-9172
24608,16706
24609,32742
24610,-5932
24611,-742
24612,-257
24613,15641
24614,-32768
24615,-383
24616,-21242
24617,-5682
24618,-26722
24619,-9672
24620,-103
24621,-24179
24622,-3464
24623,-32768
24624,-1630
24625,-32768
24626,-6358
24627,-18654
24628,-712
24629,-29406
24630,-17923
24631,-648
24632,-19409
24633,-10559
24634,-28557
24635,3961
24636,-11065
24637,-16197
24638,-16646
24639,-8891
24640,-8142
24641,32767
24642,996
24643,-11755
24644,3784
24645,16648
24646,-32768
24647,-4685
24648,-196
24649,-14710
24650,-22110
24651,-6639
24652,-32768
24653,-30
24654,-18585
24655,21091
24656,9994
24657,10049
24658,-12043
24659,-17217
24660,-13038
24661,-16803
24662,-10902
24663,-22409
24664,-32768
24665,-6372
24666,10454
24667,-8936
24668,-25888
24669,-25504
24670,9051
24671,-7480
24672,-11152
24673,32767
24674,2747
24675,27409
24676,-32768
24677,-489
24678,-11765
24679,9186
24680,14590
24681,15232
24682,-32768
24683,-472
24684,2056
24685,-2855
24686,9577
24687,-19995
24688,-31390
24689,1572
24690,4756
24691,19256
24692,-15606
24693,6315
24694,8485
24695,32767
24696,3032
24697,-10158
24698,32767
24699,5334
24700,32767
24701,9133
24702,-8374
24703,14615
24704,4318
24705,11935
24706,12515
24707,32767
24708,4099
24709,13559
24710,32767
24711,9360
24712,-12222
24713,-31935
24714,-5804
24715,-29077
24716,5135
24717,-24754
24718,8673
24719,-6152
24720,-15812
24721,-11947
24722,-14970
24723,2409
24724,-13889
24725,6142
24726,-8031
24727,-32768
24728,1412
24729,-9282
24730,-19592
24731,-5885
24732,-15051
24733,-14665
24734,-3319
24735,10788
24736,-10990
24737,32767
24738,5165
24739,13057
24740,-13693
24741,-10843
24742,9973
24743,-7343
24744,-2259
24745,-13466
24746,32767
24747,2111
24748,32767
24749,13054
24750,20858
24751,-9303
24752,-18175
24753,1649
24754,-32768
24755,-7812
24756,-32768
24757,-121
24758,-7824
24759,32767
24760,961
24761,-30021
24762,-7470
24763,-24160
24764,-6802
24765,-32768
24766,-2442
24767,-12664
24768,-22267
24769,-11736
24770,-32768
24771,-279
24772,-16662
24773,9625
24774,-10979
24775,-9479
24776,-16148
24777,-10115
24778,-18302
24779,-29747
24780,-8992
24781,-17270
24782,23931
24783,-6920
24784,11756
24785,-4728
24786,-32768
24787,-7764
24788,-7945
24789,-20519
24790,-12298
24791,6601
24792,5543
24793,-26441
24794,-6967
24795,-32768
24796,8144
24797,-4508
24798,10356
24799,6657
24800,-1781
24801,-32768
24802,-5409
24803,-23483
24804,-3869
24805,-12542
24806,-8721
24807,-32768
24808,-1311
24809,-32768
24810,-3480
24811,30810
24812,12315
24813,-5935
24814,-11050
24815,-18308
24816,-32768
24817,-1954
24818,-19857
24819,2891
24820,-24989
24821,-2709
24822,-14648
24823,-9211
24824,-14522
24825,-32768
24826,10563
24827,-13472
24828,13450
24829,-3785
24830,4309
24831,10709
24832,1240
24833,-10470
24834,-28263
24835,2322
24836,-7691
24837,32767
24838,-1265
24839,-19222
24840,4919
24841,-1641
24842,11974
24843,32767
24844,3601
24845,-11432
24846,-32768
24847,-8580
24848,-32768
24849,-723
24850,-8551
24851,-997
24852,5289
24853,-12690
24854,-21730
24855,-3737
24856,-13194
24857,-8146
24858,-10712
24859,-9994
24860,-15548
24861,-11026
24862,-21058
24863,-2178
24864,-32768
24865,-3484
24866,-17206
24867,-16754
24868,-21230
24869,-1570
24870,-32768
24871,-2914
24872,-10413
24873,-5738
24874,483
24875,-14756
24876,-12811
24877,-16250
24878,-4275
24879,-2788
24880,-29794
24881,-4394
24882,-2412
24883,-17099
24884,-6229
24885,-14078
24886,8127
24887,-7898
24888,-32768
24889,-4199
24890,-26103
24891,-10338
24892,-10324
24893,32767
24894,3386
24895,-12379
24896,6955
24897,14541
24898,13692
24899,-8021
24900,5045
24901,3376
24902,-10229
24903,4046
24904,-2271
24905,-16113
24906,-3925
24907,3920
24908,15181
24909,-8489
24910,-19074
24911,8974
24912,-11838
24913,-7338
24914,45
24915,-6374
24916,-29170
24917,-8650
24918,10067
24919,-12424
24920,-22164
24921,15890
24922,-6382
24923,17209
24924,-3522
24925,-32768
24926,-224
24927,-8289
24928,-32768
24929,-13624
24930,-32768
24931,-3804
24932,-21895
24933,-2146
24934,-15004
24935,-13096
24936,-7318
24937,6695
24938,7983
24939,31899
24940,-524
24941,-6009
24942,-12178
24943,-6117
24944,-23969
24945,-16857
24946,-15822
24947,3498
24948,-1753
24949,-2499
24950,5541
24951,9976
24952,4611
24953,-6353
24954,-21337
24955,-12028
24956,-32768
24957,-4776
24958,-32768
24959,-3599
24960,-32768
24961,-3003
24962,2683
24963,-9333
24964,-17560
24965,-8093
24966,-7441
24967,-5540
24968,17730
24969,-1946
24970,-31610
24971,-9751
24972,-16357
24973,21286
24974,-1839
24975,-2592
24976,-11284
24977,-9657
24978,10021
24979,-5816
24980,-27057
24981,-20824
24982,3384
24983,-1136
24984,6142
24985,-31430
24986,-4803
24987,-32768
24988,-6877
24989,-17958
24990,-9575
24991,-27134
24992,-7293
24993,-16954
24994,-5613
24995,-32768
24996,-2751
24997,7360
24998,-19910
24999,-5495
25000,-32768
25001,293
25002,-24647
25003,-6166
25004,-16538
25005,-9365
25006,-9856
25007,5946
25008,-6383
25009,-12020
25010,-32768
25011,-2798
25012,-14607
25013,-17465
25014,-6417
25015,-22213
25016,-14249
25017,-25563
25018,1630
25019,-1349
25020,32767
25021,3761
25022,32767
25023,2122
25024,-32768
25025,-8545
25026,-3058
25027,-17664
25028,-8305
25029,-32768
25030,-4814
25031,6245
25032,-11089
25033,-11033
25034,-5048
25035,-18004
25036,-9359
25037,-12023
25038,32767
25039,-3317
25040,-22223
25041,-2277
25042,-5735
25043,-16228
25044,-12959
25045,-28822
25046,4639
25047,-9492
25048,-5424
25049,1679
25050,-5488
25051,-32125
25052,-248
25053,-11941
25054,-20302
25055,-13464
25056,7809
25057,-5961
25058,19854
25059,-6189
25060,-32768
25061,9697
25062,-2618
25063,9319
25064,-11012
25065,-15133
25066,-23494
25067,-8919
25068,-17896
25069,-3897
25070,10307
25071,-5406
25072,-32768
25073,-9842
25074,-2
25075,-12195
25076,-27509
25077,-7781
25078,-9957
25079,2698
25080,-14669
25081,-9367
25082,-32768
25083,-8184
25084,-17574
25085,-9842
25086,32767
25087,-2813
25088,-23765
25089,-22465
25090,-32768
25091,1237
25092,-20587
25093,7431
25094,-1728
25095,12010
25096,967
25097,2876
25098,24649
25099,1366
25100,18143
25101,12072
25102,-7921
25103,11931
25104,9529
25105,14156
25106,-9243
25107,1261
25108,11376
25109,-16721
25110,-9397
25111,-8629
25112,-16231
25113,-9539
25114,32767
25115,-2720
25116,-95
25117,-6918
25118,-5541
25119,-4476
25120,23011
25121,-5807
25122,-16284
25123,-24544
25124,-16301
25125,-2711
25126,-13112
25127,-30689
25128,-5293
25129,-20007
25130,-4791
25131,6361
25132,2151
25133,-32768
25134,-1786
25135,7379
25136,10314
25137,-14262
25138,-13872
25139,-25043
25140,798
25141,-17124
25142,32767
25143,-3248
25144,-13787
25145,-6454
25146,21186
25147,3604
25148,-32768
25149,1453
25150,-12823
25151,-12183
25152,-6384
25153,32767
25154,3176
25155,-16625
25156,-16712
25157,-22631
25158,-7254
25159,-7834
25160,-30344
25161,-10585
25162,-11642
25163,-9003
25164,21974
25165,162
25166,32767
25167,-4433
25168,-9952
25169,-20446
25170,-10580
25171,9063
25172,-3525
25173,2598
25174,5783
25175,-2629
25176,1828
25177,3461
25178,-3651
25179,-20941
25180,1882
25181,-21889
25182,-3241
25183,13290
25184,137
25185,-17130
25186,10504
25187,32767
25188,3685
25189,280
25190,9560
25191,17480
25192,-5852
25193,-2361
25194,25103
25195,2622
25196,6836
25197,6792
25198,-23221
25199,1900
25200,23314
25201,21851
25202,-11354
25203,-7605
25204,-4250
25205,-1598
25206,16024
25207,-1280
25208,11033
25209,18452
25210,18128
25211,12313
25212,19929
25213,15840
25214,32767
25215,823
25216,12905
25217,21637
25218,11814
25219,21069
25220,13814
25221,20172
25222,14776
25223,22363
25224,13902
25225,18223
25226,32767
25227,-2065
25228,19239
25229,13385
25230,19668
25231,12558
25232,19157
25233,14809
25234,17657
25235,19685
25236,12876
25237,-23842
25238,-3216
25239,21087
25240,13363
25241,13905
25242,16538
25243,17038
25244,16739
25245,15747
25246,18370
25247,21571
25248,14521
25249,-32768
25250,1530
25251,16477
25252,17918
25253,13072
25254,17549
25255,17770
25256,17060
25257,17967
25258,16779
25259,17332
25260,-32768
25261,-1650
25262,14875
25263,14555
25264,15603
25265,16384
25266,15557
25267,20200
25268,14340
25269,20173
25270,15914
25271,18693
25272,32767
25273,2547
25274,15816
25275,15390
25276,15448
25277,15781
25278,22980
25279,11198
25280,23346
25281,14197
25282,20021
25283,32767
25284,1295
25285,25976
25286,10175
25287,23452
25288,10858
25289,18288
25290,16112
25291,17472
25292,18726
25293,21437
25294,18237
25295,-32768
25296,7029
25297,2173
25298,26566
25299,10872
25300,14475
25301,16604
25302,17996
25303,16671
25304,19468
25305,19256
25306,-32768
25307,4262
25308,14037
25309,13723
25310,13955
25311,19145
25312,18117
25313,15183
25314,16134
25315,18354
25316,21163
25317,13976
25318,-30815
25319,-964
25320,18545
25321,17817
25322,13611
25323,17664
25324,15491
25325,17829
25326,14059
25327,14226
25328,21210
25329,32767
25330,478
25331,16668
25332,16932
25333,13584
25334,17670
25335,17833
25336,16573
25337,18748
25338,14594
25339,16739
25340,17724
25341,32767
25342,1300
25343,16885
25344,15631
25345,17360
25346,13838
25347,14773
25348,18157
25349,16256
25350,18785
25351,15617
25352,32767
25353,-127
25354,19270
25355,13243
25356,16360
25357,14930
25358,17134
25359,15068
25360,17011
25361,21077
25362,17380
25363,16975
25364,32767
25365,-75
25366,12307
25367,14494
25368,14831
25369,16231
25370,17715
25371,13245
25372,24238
25373,20905
25374,13976
25375,-32768
25376,-182
25377,16372
25378,15364
25379,15651
25380,14337
25381,18832
25382,18742
25383,14996
25384,20209
25385,17317
25386,15272
25387,-32768
25388,2536
25389,13301
25390,17830
25391,16811
25392,12703
25393,21716
25394,12887
25395,22514
25396,15478
25397,18564
25398,-32768
25399,854
25400,15357
25401,18113
25402,14252
25403,13000
25404,21884
25405,8436
25406,15650
25407,16398
25408,20348
25409,19031
25410,32767
25411,1076
25412,17691
25413,13919
25414,13906
25415,15104
25416,17758
25417,12855
25418,20186
25419,15192
25420,18788
25421,32767
25422,3682
25423,8250
25424,15664
25425,12927
25426,21334
25427,13438
25428,16434
25429,19492
25430,15607
25431,23481
25432,15345
25433,32767
25434,-1168
25435,15589
25436,12736
25437,15318
25438,23118
25439,12685
25440,20585
25441,16482
25442,18871
25443,27763
25444,8930
25445,6822
25446,12299
25447,20875
25448,11817
25449,17138
25450,16624
25451,20180
25452,14550
25453,15650
25454,18655
25455,15164
25456,32767
25457,1099
25458,20670
25459,12364
25460,13555
25461,17135
25462,16867
25463,18091
25464,15762
25465,18348
25466,13464
25467,-27910
25468,-2905
25469,19718
25470,18091
25471,11074
25472,19061
25473,14646
25474,20251
25475,12861
25476,12969
25477,30386
25478,7935
25479,-32768
25480,-2127
25481,23146
25482,9528
25483,15821
25484,12950
25485,15768
25486,14756
25487,17936
25488,28562
25489,9199
25490,32767
25491,4658
25492,15967
25493,15632
25494,12341
25495,17427
25496,13204
25497,24083
25498,13342
25499,19908
25500,17808
25501,13573
25502,-32768
25503,-1243
25504,23418
25505,10524
25506,13796
25507,18322
25508,19181
25509,13998
25510,19085
25511,22179
25512,12602
25513,-32768
25514,-1607
25515,27205
25516,8927
25517,17412
25518,15948
25519,19965
25520,15622
25521,17942
25522,17287
25523,18263
25524,22477
25525,4075
25526,3617
25527,16769
25528,19051
25529,13307
25530,15665
25531,24491
25532,9938
25533,19799
25534,19378
25535,18081
25536,32767
25537,1317
25538,10590
25539,18940
25540,16134
25541,12375
25542,18655
25543,11137
25544,18157
25545,13497
25546,16024
25547,19391
25548,32767
25549,-458
25550,17786
25551,16825
25552,12002
25553,17346
25554,16427
25555,17762
25556,16820
25557,17376
25558,18968
25559,32767
25560,174
25561,12093
25562,19824
25563,12414
25564,15937
25565,21388
25566,11854
25567,24345
25568,12238
25569,16327
25570,29856
25571,32767
25572,-378
25573,16660
25574,16167
25575,12393
25576,23675
25577,12000
25578,19356
25579,16893
25580,15452
25581,32767
25582,-3206
25583,6312
25584,17283
25585,16915
25586,12737
25587,17569
25588,15209
25589,14769
25590,22780
25591,9229
25592,18080
25593,13252
25594,32767
25595,797
25596,22915
25597,12637
25598,13383
25599,17458
25600,15507
25601,19085
25602,12950
25603,23515
25604,10706
25605,32767
25606,973
25607,22208
25608,11983
25609,18027
25610,20168
25611,12379
25612,16532
25613,16077
25614,17116
25615,19285
25616,16730
25617,-32768
25618,-584
25619,20580
25620,12327
25621,14513
25622,15543
25623,20069
25624,14801
25625,12439
25626,27774
25627,13139
25628,32767
25629,-2514
25630,18407
25631,11608
25632,18420
25633,14994
25634,16881
25635,20395
25636,12190
25637,29048
25638,12605
25639,20319
25640,-32768
25641,1743
25642,13243
25643,14890
25644,13143
25645,20357
25646,20610
25647,13910
25648,18338
25649,21372
25650,15954
25651,32767
25652,891
25653,16643
25654,10937
25655,20588
25656,13964
25657,20077
25658,13552
25659,17001
25660,23966
25661,12806
25662,19999
25663,32767
25664,-3186
25665,13295
25666,19195
25667,13122
25668,17158
25669,19825
25670,13161
25671,17848
25672,18767
25673,17179
25674,-32768
25675,-2464
25676,19365
25677,11560
25678,17727
25679,16709
25680,18105
25681,16171
25682,17151
25683,21644
25684,18811
25685,13324
25686,32767
25687,-1448
25688,14518
25689,18784
25690,13506
25691,15394
25692,18706
25693,14787
25694,20933
25695,14784
25696,24020
25697,32767
25698,1620
25699,23712
25700,12972
25701,11860
25702,18746
25703,16727
25704,17572
25705,18165
25706,18540
25707,23242
25708,12512
25709,32767
25710,872
25711,15624
25712,15087
25713,18849
25714,15786
25715,14548
25716,19624
25717,15252
25718,20117
25719,20376
25720,-3570
25721,4003
25722,13658
25723,21080
25724,12385
25725,18940
25726,15353
25727,17894
25728,16963
25729,20126
25730,18445
25731,13341
25732,32767
25733,-3691
25734,16069
25735,16824
25736,17388
25737,13976
25738,18642
25739,15890
25740,19014
25741,16424
25742,17036
25743,-32768
25744,606
25745,20963
25746,13240
25747,15984
25748,15378
25749,18885
25750,13978
25751,18051
25752,18963
25753,22333
25754,15433
25755,32767
25756,-1075
25757,15668
25758,13594
25759,18617
25760,13221
25761,19996
25762,14990
25763,17682
25764,19050
25765,16814
25766,32767
25767,-198
25768,16370
25769,16574
25770,15052
25771,17122
25772,14234
25773,24635
25774,12507
25775,23338
25776,16514
25777,15052
25778,32767
25779,687
25780,18176
25781,13291
25782,16947
25783,15621
25784,16615
25785,18374
25786,20559
25787,16372
25788,17210
25789,-32768
25790,-36
25791,25249
25792,12026
25793,15403
25794,15153
25795,17672
25796,17187
25797,15395
25798,16730
25799,23649
25800,15129
25801,-32768
25802,709
25803,14453
25804,16654
25805,14933
25806,15887
25807,16230
25808,16585
25809,18965
25810,18831
25811,16196
25812,-32768
25813,-332
25814,15110
25815,18273
25816,12678
25817,16592
25818,16937
25819,16591
25820,16017
25821,19076
25822,20657
25823,17470
25824,32767
25825,718
25826,13992
25827,13183
25828,19711
25829,13267
25830,20016
25831,14486
25832,19397
25833,19654
25834,13731
25835,-19144
25836,-2155
25837,17950
25838,13591
25839,19857
25840,13127
25841,19975
25842,18207
25843,14251
25844,21586
25845,14967
25846,22723
25847,32767
25848,302
25849,12390
25850,17859
25851,13850
25852,18154
25853,17871
25854,13452
25855,22127
25856,16863
25857,15925
25858,-16376
25859,1883
25860,15342
25861,18484
25862,14716
25863,14552
25864,18061
25865,16182
25866,15585
25867,18528
25868,19045
25869,16886
25870,32767
25871,1053
25872,15179
25873,15944
25874,13938
25875,17735
25876,15740
25877,13148
25878,25001
25879,15028
25880,19316
25881,32767
25882,518
25883,13994
25884,14000
25885,16624
25886,17143
25887,16347
25888,16586
25889,18379
25890,16366
25891,18904
25892,17812
25893,32767
25894,1138
25895,12490
25896,15976
25897,13356
25898,22995
25899,13886
25900,17288
25901,19985
25902,19320
25903,16846
25904,32767
25905,3179
25906,11383
25907,19553
25908,14265
25909,18641
25910,16138
25911,19188
25912,16746
25913,15645
25914,17783
25915,18287
25916,-8729
25917,2185
25918,21650
25919,13171
25920,14721
25921,22179
25922,12985
25923,18685
25924,16758
25925,22960
25926,13374
25927,32767
25928,-291
25929,17733
25930,14947
25931,15907
25932,15217
25933,17026
25934,16511
25935,16981
25936,16021
25937,22174
25938,16348
25939,-32768
25940,663
25941,18865
25942,14485
25943,13411
25944,18740
25945,15153
25946,15133
25947,18136
25948,24666
25949,14812
25950,32767
25951,35
25952,14742
25953,15894
25954,16661
25955,16379
25956,15087
25957,19610
25958,16312
25959,17848
25960,19516
25961,17146
25962,-32768
25963,-269
25964,17271
25965,14279
25966,14506
25967,17417
25968,18817
25969,14259
25970,18744
25971,22979
25972,14773
25973,32767
25974,3615
25975,13970
25976,13941
25977,17820
25978,17113
25979,16371
25980,17948
25981,16737
25982,22697
25983,13450
25984,18014
25985,-32768
25986,2567
25987,17029
25988,16467
25989,13724
25990,15827
25991,18949
25992,15166
25993,17681
25994,21096
25995,16150
25996,12195
25997,3298
25998,14057
25999,15665
26000,16969
26001,14672
26002,16966
26003,14230
26004,19241
26005,14814
26006,16597
26007,22901
26008,32767
26009,2513
26010,15190
26011,18919
26012,11310
26013,19620
26014,17081
26015,15985
26016,19623
26017,17806
26018,22369
26019,23665
26020,3249
26021,13483
26022,13844
26023,16073
26024,16743
26025,18429
26026,14098
26027,20708
26028,16640
26029,17880
26030,19774
26031,32767
26032,-540
26033,14628
26034,20741
26035,10565
26036,20171
26037,15885
26038,16932
26039,16923
26040,19572
26041,22196
26042,-17660
26043,4192
26044,15046
26045,16427
26046,14108
26047,20255
26048,15579
26049,14424
26050,20829
26051,17034
26052,18887
26053,15119
26054,32767
26055,-1473
26056,17980
26057,14753
26058,14957
26059,18816
26060,15562
26061,17703
26062,16258
26063,21777
26064,14690
26065,32767
26066,985
26067,20012
26068,14408
26069,13271
26070,20935
26071,13944
26072,19329
26073,16265
26074,19135
26075,18082
26076,15766
26077,32767
26078,-1874
26079,21837
26080,12344
26081,16487
26082,15107
26083,17967
26084,17863
26085,14710
26086,20877
26087,17658
26088,-32768
26089,485
26090,21802
26091,11207
26092,16605
26093,15036
26094,16532
26095,18670
26096,14957
26097,21857
26098,14956
26099,17294
26100,12192
26101,1834
26102,15566
26103,16000
26104,15153
26105,16343
26106,18430
26107,15953
26108,18045
26109,22114
26110,13653
26111,-32768
26112,744
26113,16788
26114,15026
26115,14433
26116,17203
26117,18370
26118,15618
26119,16154
26120,20984
26121,16018
26122,19129
26123,32767
26124,-24
26125,12695
26126,18080
26127,13115
26128,17717
26129,17626
26130,15568
26131,18564
26132,17128
26133,18248
26134,-32768
26135,1388
26136,17180
26137,15552
26138,16057
26139,12691
26140,24705
26141,11402
26142,17745
26143,22853
26144,14673
26145,18632
26146,32767
26147,-1006
26148,13944
26149,19136
26150,12251
26151,20977
26152,13927
26153,17901
26154,18176
26155,15234
26156,23717
26157,-32768
26158,2017
26159,14781
26160,20863
26161,12326
26162,15581
26163,24483
26164,11703
26165,19385
26166,15118
26167,24084
26168,16537
26169,32767
26170,-942
26171,18392
26172,14677
26173,15426
26174,16947
26175,14434
26176,19626
26177,16730
26178,17165
26179,20111
26180,32767
26181,-562
26182,15204
26183,21593
26184,10260
26185,22769
26186,13444
26187,18728
26188,15293
26189,16099
26190,24261
26191,14005
26192,3328
26193,-1862
26194,21506
26195,12657
26196,18849
26197,15638
26198,14061
26199,19725
26200,16450
26201,17623
26202,19167
26203,32767
26204,-1525
26205,24916
26206,11353
26207,16218
26208,17280
26209,16082
26210,18753
26211,14456
26212,17749
26213,23901
26214,13853
26215,-8700
26216,2259
26217,14378
26218,13992
26219,19788
26220,11556
26221,21282
26222,14239
26223,17463
26224,18993
26225,14893
26226,-32768
26227,-2568
26228,24370
26229,14340
26230,12804
26231,17038
26232,14285
26233,22810
26234,11201
26235,27602
26236,13651
26237,22447
26238,32767
26239,-1396
26240,14337
26241,12802
26242,17906
26243,15271
26244,20240
26245,13119
26246,32767
26247,9081
26248,18842
26249,32767
26250,-96
26251,19469
26252,13549
26253,18834
26254,12547
26255,23099
26256,13333
26257,15609
26258,18592
26259,17071
26260,17407
26261,32767
26262,1219
26263,14451
26264,17446
26265,13437
26266,23483
26267,11080
26268,14219
26269,22401
26270,16896
26271,15194
26272,32767
26273,1437
26274,14424
26275,24231
26276,8271
26277,20338
26278,12336
26279,19957
26280,14255
26281,18922
26282,18166
26283,22282
26284,-21215
26285,2087
26286,19712
26287,15598
26288,13294
26289,18158
26290,14344
26291,17721
26292,18806
26293,15985
26294,22537
26295,32767
26296,-2405
26297,19736
26298,13111
26299,16044
26300,17913
26301,14865
26302,18633
26303,17252
26304,14711
26305,32119
26306,10692
26307,-32768
26308,1771
26309,11063
26310,15598
26311,14972
26312,18266
26313,16932
26314,16198
26315,18030
26316,23310
26317,12032
26318,32767
26319,-777
26320,13021
26321,17421
26322,15766
26323,20597
26324,11729
26325,25263
26326,10354
26327,21836
26328,15955
26329,19934
26330,21540
26331,3491
26332,15248
26333,10209
26334,20064
26335,11052
26336,23915
26337,11667
26338,17901
26339,21001
26340,16284
26341,-32768
26342,485
26343,19917
26344,10928
26345,26270
26346,9662
26347,19361
26348,12864
26349,22005
26350,13653
26351,23145
26352,21586
26353,-32768
26354,3721
26355,10551
26356,19758
26357,11100
26358,22652
26359,13697
26360,17129
26361,20341
26362,20276
26363,12950
26364,-32768
26365,3217
26366,11347
26367,16136
26368,17650
26369,15532
26370,16001
26371,17469
26372,17162
26373,18732
26374,15682
26375,26203
26376,32767
26377,1500
26378,15682
26379,15380
26380,14767
26381,18700
26382,16704
26383,14810
26384,28486
26385,10937
26386,32036
26387,28339
26388,2692
26389,15034
26390,15844
26391,17404
26392,15438
26393,32365
26394,6401
26395,28222
26396,9968
26397,23147
26398,16949
26399,-32768
26400,70
26401,15665
26402,26106
26403,6880
26404,29157
26405,10845
26406,20519
26407,14919
26408,20647
26409,14399
26410,32767
26411,-279
26412,10398
26413,20450
26414,11237
26415,18591
26416,13723
26417,18391
26418,19317
26419,15695
26420,22659
26421,15937
26422,-24231
26423,-3069
26424,24984
26425,14647
26426,14111
26427,19497
26428,17466
26429,16113
26430,18869
26431,18979
26432,14976
26433,16881
26434,-4405
26435,19683
26436,11312
26437,16956
26438,17825
26439,14730
26440,23380
26441,13987
26442,16055
26443,20169
26444,15192
26445,-32768
26446,1773
26447,14458
26448,18345
26449,16805
26450,14903
26451,20678
26452,15807
26453,13316
26454,32767
26455,4613
26456,-32768
26457,1087
26458,17645
26459,13268
26460,16114
26461,16112
26462,11791
26463,25117
26464,12437
26465,15887
26466,18905
26467,17777
26468,-32768
26469,786
26470,21610
26471,12976
26472,13398
26473,18059
26474,21723
26475,12901
26476,20704
26477,26436
26478,11541
26479,-32768
26480,555
26481,32767
26482,3939
26483,19670
26484,14142
26485,21706
26486,14526
26487,18501
26488,20399
26489,16081
26490,17564
26491,-32768
26492,4046
26493,5765
26494,24262
26495,10351
26496,19660
26497,21348
26498,11863
26499,25768
26500,14729
26501,15104
26502,-5311
26503,8493
26504,12494
26505,19881
26506,13716
26507,18434
26508,16525
26509,16217
26510,14055
26511,25396
26512,9928
26513,18460
26514,32767
26515,-2040
26516,14667
26517,23557
26518,11686
26519,16335
26520,18758
26521,10690
26522,23629
26523,8323
26524,27996
26525,27665
26526,6104
26527,14480
26528,16570
26529,14959
26530,11638
26531,32673
26532,10291
26533,17631
26534,17083
26535,19882
26536,17884
26537,32767
26538,-1207
26539,14827
26540,32767
26541,3686
26542,27511
26543,12000
26544,19801
26545,15881
26546,16167
26547,20261
26548,32767
26549,2741
26550,15686
26551,18933
26552,8701
26553,23254
26554,14616
26555,17729
26556,19237
26557,14456
26558,23458
26559,6128
26560,32767
26561,790
26562,17590
26563,12747
26564,22786
26565,14542
26566,16628
26567,24661
26568,9313
26569,17727
26570,15765
26571,18213
26572,-2258
26573,20364
26574,14022
26575,14641
26576,19730
26577,11033
26578,21306
26579,12416
26580,18839
26581,23810
26582,8498
26583,32767
26584,-1493
26585,19043
26586,14655
26587,14715
26588,19405
26589,13980
26590,22571
26591,9436
26592,32136
26593,11443
26594,-32768
26595,1321
26596,19590
26597,14616
26598,14149
26599,22788
26600,9447
26601,28840
26602,10024
26603,24605
26604,14674
26605,21135
26606,-32768
26607,1816
26608,13574
26609,10943
26610,22654
26611,11363
26612,22541
26613,12607
26614,22183
26615,16918
26616,18395
26617,32767
26618,2431
26619,19656
26620,12729
26621,23269
26622,10985
26623,21259
26624,15830
26625,14481
26626,17166
26627,21155
26628,16308
26629,32767
26630,-2728
26631,14416
26632,15934
26633,14253
26634,20390
26635,17357
26636,13731
26637,27923
26638,14565
26639,14340
26640,-32768
26641,551
26642,13259
26643,19380
26644,13161
26645,19572
26646,21836
26647,9378
26648,18665
26649,15170
26650,13696
26651,22091
26652,32767
26653,673
26654,19040
26655,17313
26656,11641
26657,16158
26658,20130
26659,9854
26660,25415
26661,12986
26662,26718
26663,32767
26664,2284
26665,8103
26666,18023
26667,9141
26668,11445
26669,23331
26670,13036
26671,18740
26672,15354
26673,21927
26674,15536
26675,32767
26676,275
26677,17762
26678,14538
26679,12624
26680,19264
26681,15700
26682,20308
26683,16751
26684,22190
26685,13965
26686,23144
26687,-9630
26688,8645
26689,25443
26690,11179
26691,20324
26692,12963
26693,17164
26694,20036
26695,15178
26696,24508
26697,11764
26698,-32768
26699,-1451
26700,21735
26701,13617
26702,14385
26703,16621
26704,15718
26705,16200
26706,16994
26707,14876
26708,8681
26709,29221
26710,-2583
26711,18971
26712,12237
26713,21097
26714,16079
26715,12552
26716,17048
26717,17502
26718,12999
26719,25244
26720,12383
26721,-14466
26722,5001
26723,14785
26724,13792
26725,13744
26726,18385
26727,12985
26728,22499
26729,12624
26730,32767
26731,9981
26732,32767
26733,1316
26734,13919
26735,13389
26736,14269
26737,15895
26738,12918
26739,27110
26740,10420
26741,22710
26742,13769
26743,21559
26744,-27656
26745,4066
26746,21109
26747,14233
26748,14602
26749,16263
26750,17734
26751,13139
26752,30322
26753,16367
26754,11471
26755,-32768
26756,-1581
26757,18559
26758,13440
26759,17510
26760,14001
26761,18773
26762,13672
26763,17285
26764,18757
26765,12249
26766,22824
26767,-24877
26768,4742
26769,17466
26770,16825
26771,13383
26772,18847
26773,20476
26774,11336
26775,22091
26776,19521
26777,14711
26778,-6790
26779,-833
26780,10385
26781,24852
26782,6730
26783,14296
26784,20050
26785,14687
26786,21760
26787,14025
26788,16982
26789,26881
26790,32767
26791,-2152
26792,14976
26793,16105
26794,13606
26795,19748
26796,14973
26797,12910
26798,20132
26799,18546
26800,24281
26801,32767
26802,2924
26803,12074
26804,13723
26805,18250
26806,16588
26807,13739
26808,19030
26809,18963
26810,12194
26811,20648
26812,17333
26813,32767
26814,68
26815,11953
26816,23252
26817,10153
26818,21020
26819,18188
26820,17435
26821,16644
26822,26132
26823,12852
26824,32767
26825,2782
26826,11478
26827,18446
26828,16507
26829,15910
26830,15508
26831,21305
26832,14055
26833,18842
26834,15326
26835,21565
26836,-23146
26837,-1945
26838,25543
26839,13544
26840,16489
26841,15443
26842,16092
26843,15959
26844,19951
26845,19940
26846,16051
26847,32767
26848,2129
26849,18462
26850,10875
26851,16889
26852,18674
26853,13563
26854,16492
26855,20383
26856,15443
26857,19599
26858,15311
26859,32767
26860,1130
26861,15649
26862,15097
26863,13385
26864,17845
26865,16951
26866,18161
26867,16202
26868,20528
26869,17141
26870,-4403
26871,4599
26872,13907
26873,19560
26874,12352
26875,23520
26876,11375
26877,14027
26878,10623
26879,8638
26880,13623
26881,11775
26882,32767
26883,6321
26884,11699
26885,16143
26886,7211
26887,11953
26888,11831
26889,11371
26890,12693
26891,7946
26892,12273
26893,32767
26894,11639
26895,-32768
26896,-1415
26897,32767
26898,397
26899,-39
26900,8315
26901,-24501
26902,-8881
26903,2144
26904,-1190
26905,6474
26906,-2646
26907,-4312
26908,7003
26909,32767
26910,-2191
26911,-10996
26912,-14756
26913,19781
26914,1652
26915,-32768
26916,-7189
26917,-5048
26918,7101
26919,4710
26920,-32768
26921,-5550
26922,-16312
26923,3320
26924,1884
26925,-6180
26926,-11412
26927,-32768
26928,-1921
26929,-20723
26930,-32768
26931,-4286
26932,-17176
26933,8375
26934,4773
26935,-32768
26936,-8047
26937,-5274
26938,-23683
26939,-6344
26940,-32768
26941,5216
26942,-10801
26943,18383
26944,-17567
26945,-11157
26946,9669
26947,-32768
26948,-6483
26949,-7266
26950,-7566
26951,-7568
26952,32767
26953,8143
26954,-15803
26955,-9602
26956,-32768
26957,1586
26958,2614
26959,21770
26960,-11581
26961,32767
26962,881
26963,-15640
26964,-10158
26965,-32768
26966,2043
26967,3543
26968,1619
26969,20286
26970,19643
26971,-6052
26972,14661
26973,6836
26974,-4235
26975,32767
26976,-1003
26977,-15579
26978,-32768
26979,-6653
26980,-17703
26981,598
26982,32767
26983,3936
26984,-21873
26985,-5354
26986,-8470
26987,20443
26988,-3268
26989,5657
26990,-32768
26991,-3869
26992,6589
26993,-9771
26994,-2944
26995,32767
26996,-2795
26997,-6232
26998,-12188
26999,-15337
27000,7922
27001,-13951
27002,5204
27003,-20774
27004,-5293
27005,-32768
27006,-1974
27007,9812
27008,-2738
27009,-31642
27010,12916
27011,3002
27012,32767
27013,-2293
27014,-7914
27015,24630
27016,-13896
27017,-6418
27018,-18732
27019,-1052
27020,-9135
27021,-12692
27022,-12409
27023,-19203
27024,32767
27025,-9021
27026,-11613
27027,-32768
27028,2177
27029,-28088
27030,-4484
27031,-8074
27032,-11629
27033,14916
27034,-13044
27035,-15242
27036,-31807
27037,12200
27038,-14421
27039,-6073
27040,-11470
27041,-17867
27042,-1836
27043,2122
27044,-32541
27045,-18687
27046,5883
27047,-441
27048,-1707
27049,-28884
27050,-22063
27051,3043
27052,-8656
27053,-25477
27054,11901
27055,-4004
27056,-32768
27057,5445
27058,-2885
27059,5826
27060,2917
27061,15708
27062,-27695
27063,-5919
27064,-23770
27065,27448
27066,5144
27067,-32768
27068,4041
27069,2782
27070,-27996
27071,-20188
27072,10333
27073,-1614
27074,4218
27075,32767
27076,-2320
27077,-13179
27078,-11213
27079,32767
27080,7561
27081,31633
27082,2602
27083,27153
27084,11784
27085,-5515
27086,-22994
27087,-9613
27088,12702
27089,8791
27090,-10988
27091,5321
27092,4831
27093,-32229
27094,-26727
27095,-966
27096,-32768
27097,-2554
27098,32767
27099,-3282
27100,-2660
27101,32767
27102,8157
27103,19091
27104,-8110
27105,4536
27106,-32768
27107,-32768
27108,-778
27109,8152
27110,-4406
27111,21269
27112,14262
27113,12471
27114,-10062
27115,-848
27116,-22558
27117,32767
27118,2990
27119,-6846
27120,2387
27121,3593
27122,-1995
27123,-1400
27124,-10392
27125,-5304
27126,-10141
27127,-9459
27128,9038
27129,6904
27130,32767
27131,3559
27132,7641
27133,-19822
27134,-6842
27135,-32768
27136,-9875
27137,-11491
27138,-24120
27139,8016
27140,19639
27141,-6149
27142,-32768
27143,-3384
27144,-588
27145,10317
27146,17560
27147,14317
27148,8272
27149,18982
27150,15766
27151,14988
27152,15180
27153,9687
27154,32767
27155,2677
27156,5430
27157,24924
27158,7232
27159,-10354
27160,7592
27161,-1356
27162,15762
27163,14153
27164,10099
27165,32767
27166,7464
27167,12340
27168,32154
27169,7381
27170,16156
27171,-32768
27172,8455
27173,1872
27174,-31281
27175,795
27176,-2351
27177,32767
27178,3524
27179,-14580
27180,11965
27181,7102
27182,6707
27183,12854
27184,19020
27185,-7129
27186,-7239
27187,8127
27188,2474
27189,19535
27190,6440
27191,4071
27192,32767
27193,-1672
27194,-11356
27195,-30743
27196,-2645
27197,-4907
27198,28963
27199,6720
27200,-3916
27201,-32768
27202,-350
27203,-32768
27204,-6505
27205,32767
27206,-219
27207,-6900
27208,-30764
27209,-31828
27210,-9102
27211,32767
27212,-1019
27213,-3281
27214,-12319
27215,32767
27216,1182
27217,-17816
27218,-20095
27219,-5181
27220,4354
27221,-2390
27222,-24219
27223,-15853
27224,-3699
27225,-22663
27226,11182
27227,1170
27228,-3159
27229,-616
27230,13601
27231,-9360
27232,-8087
27233,-20653
27234,-7184
27235,-9240
27236,4693
27237,-411
27238,8519
27239,10883
27240,-2827
27241,2600
27242,-1987
27243,-11006
27244,6448
27245,4496
27246,-26797
27247,9980
27248,2917
27249,-20079
27250,10544
27251,5414
27252,-10398
27253,-15741
27254,-12187
27255,-10231
27256,16070
27257,21792
27258,13561
27259,-615
27260,10977
27261,3851
27262,25263
27263,-10636
27264,5224
27265,1800
27266,4744
27267,6322
27268,-24092
27269,7292
27270,23114
27271,6732
27272,-30544
27273,1813
27274,31822
27275,8317
27276,19457
27277,23229
27278,-25822
27279,5307
27280,-5765
27281,13608
27282,4362
27283,32767
27284,2157
27285,-24835
27286,2811
27287,12389
27288,-14592
27289,11795
27290,32767
27291,-950
27292,16479
27293,11147
27294,22679
27295,-11117
27296,8795
27297,20416
27298,11114
27299,7828
27300,25170
27301,11897
27302,8401
27303,21060
27304,15390
27305,9698
27306,25384
27307,11645
27308,20088
27309,20018
27310,6383
27311,-25140
27312,-8520
27313,-30962
27314,32767
27315,807
27316,8930
27317,-32768
27318,-1035
27319,4965
27320,-3247
27321,1976
27322,32767
27323,-26837
27324,-8841
27325,-19124
27326,19017
27327,3221
27328,19401
27329,6775
27330,-10408
27331,-3384
27332,30524
27333,29192
27334,4564
27335,-7457
27336,-18845
27337,9890
27338,6661
27339,14066
27340,-2539
27341,4158
27342,22583
27343,6816
27344,-3806
27345,7835
27346,15408
27347,-32768
27348,-2775
27349,32767
27350,5706
27351,22401
27352,-9955
27353,-826
27354,32767
27355,-399
27356,-8666
27357,-14077
27358,-31930
27359,5026
27360,-3107
27361,3470
27362,5951
27363,1052
27364,32767
27365,4596
27366,9285
27367,414
27368,26008
27369,-235
27370,-20658
27371,-10204
27372,4208
27373,32767
27374,-11707
27375,6100
27376,5051
27377,-16807
27378,-2403
27379,32767
27380,-3576
27381,11931
27382,21815
27383,25183
27384,14797
27385,21808
27386,9
27387,-3540
27388,30269
27389,4632
27390,-18757
27391,-10641
27392,10988
27393,8248
27394,12207
27395,-19552
27396,-4086
27397,-29061
27398,-26810
27399,1064
27400,-32768
27401,3093
27402,3741
27403,26337
27404,15108
27405,6260
27406,-7133
27407,-16522
27408,32103
27409,1240
27410,-2005
27411,3015
27412,18827
27413,7673
27414,-32768
27415,12734
27416,6394
27417,-16733
27418,-7302
27419,-15088
27420,-15493
27421,1621
27422,2353
27423,-517
27424,-7491
27425,-19383
27426,-2178
27427,14861
27428,15501
27429,-32768
27430,-2305
27431,-32768
27432,17161
27433,4643
27434,10327
27435,-16375
27436,4949
27437,-24896
27438,-10652
27439,-13173
27440,-3803
27441,-11634
27442,9113
27443,-31932
27444,98
27445,-11346
27446,-32768
27447,-8948
27448,32767
27449,-159
27450,9814
27451,31389
27452,-5033
27453,1087
27454,-6234
27455,5724
27456,11600
27457,5544
27458,-5918
27459,868
27460,-3274
27461,10779
27462,-12464
27463,-9297
27464,24421
27465,26697
27466,11604
27467,4819
27468,-417
27469,-113
27470,-22066
27471,-32768
27472,-7541
27473,11624
27474,6899
27475,32767
27476,-1847
27477,-1567
27478,-6673
27479,24750
27480,-2128
27481,3038
27482,32389
27483,-1546
27484,24148
27485,18978
27486,-9865
27487,7507
27488,10290
27489,10099
27490,22337
27491,10095
27492,-4205
27493,13001
27494,32767
27495,-1226
27496,18798
27497,32767
27498,-1783
27499,-18002
27500,-3342
27501,-10104
27502,26177
27503,7000
27504,19668
27505,14849
27506,22725
27507,7018
27508,-6177
27509,-5132
27510,14481
27511,8630
27512,16418
27513,32767
27514,-437
27515,19338
27516,32767
27517,-4245
27518,6741
27519,4674
27520,-21384
27521,2330
27522,26089
27523,25634
27524,22087
27525,8187
27526,-30525
27527,-5291
27528,13732
27529,-32768
27530,724
27531,32767
27532,-5843
27533,1968
27534,32767
27535,-550
27536,11168
27537,16801
27538,32767
27539,2601
27540,20499
27541,5495
27542,6376
27543,18463
27544,32767
27545,3938
27546,20581
27547,18570
27548,12034
27549,12518
27550,25680
27551,-9116
27552,13362
27553,13215
27554,22402
27555,13824
27556,19191
27557,11203
27558,11834
27559,32767
27560,9207
27561,-16917
27562,32767
27563,1309
27564,20215
27565,8616
27566,-32768
27567,2899
27568,19129
27569,6056
27570,32767
27571,892
27572,12731
27573,32767
27574,959
27575,15214
27576,22377
27577,9311
27578,19910
27579,204
27580,13742
27581,11975
27582,7310
27583,10291
27584,21995
27585,313
27586,15869
27587,-6953
27588,18611
27589,10536
27590,32767
27591,-3114
27592,14557
27593,32767
27594,-7628
27595,22890
27596,32767
27597,1923
27598,-4623
27599,-12506
27600,14914
27601,-4646
27602,32767
27603,5807
27604,25218
27605,-10781
27606,4789
27607,9735
27608,-32768
27609,-3926
27610,-32768
27611,1414
27612,12111
27613,23788
27614,5986
27615,8235
27616,7236
27617,3918
27618,18259
27619,20820
27620,10861
27621,26402
27622,5302
27623,15630
27624,31991
27625,10667
27626,16943
27627,32767
27628,-2704
27629,8304
27630,31475
27631,32767
27632,2583
27633,-27575
27634,-2168
27635,32767
27636,-1460
27637,4248
27638,7924
27639,-30261
27640,7196
27641,9718
27642,30697
27643,-13023
27644,-20749
27645,-1578
27646,8962
27647,14892
27648,32767
27649,-9187
27650,-32768
27651,-1528
27652,1172
27653,10071
27654,-32768
27655,-5253
27656,-12980
27657,8408
27658,4994
27659,524
27660,-4042
27661,15885
27662,1786
27663,-32768
27664,-7890
27665,18762
27666,5395
27667,-16803
27668,-17764
27669,22538
27670,-19536
27671,21117
27672,3949
27673,10569
27674,16907
27675,2634
27676,-5542
27677,-32768
27678,1361
27679,-3989
27680,-12871
27681,6973
27682,1918
27683,-32768
27684,-3553
27685,-31143
27686,-18847
27687,4952
27688,5010
27689,26922
27690,3527
27691,-7133
27692,13998
27693,5497
27694,-12022
27695,-2349
27696,32767
27697,8832
27698,7146
27699,-6460
27700,-4756
27701,-6598
27702,2261
27703,4304
27704,-8729
27705,13070
27706,-11328
27707,-17396
27708,-7120
27709,-27686
27710,-3574
27711,111
27712,9875
27713,3363
27714,32767
27715,6397
27716,-6675
27717,-10294
27718,-6510
27719,5331
27720,-5547
27721,4678
27722,-12398
27723,-11478
27724,2293
27725,-24930
27726,-5082
27727,-11965
27728,4155
27729,-29242
27730,27001
27731,-6088
27732,-9055
27733,-32768
27734,-12654
27735,-15195
27736,-5108
27737,-695
27738,-8010
27739,10311
27740,-9498
27741,-15131
27742,10042
27743,-48
27744,29336
27745,4523
27746,-16601
27747,-22639
27748,-4806
27749,-14023
27750,-1565
27751,22020
27752,8804
27753,17932
27754,8330
27755,9067
27756,8451
27757,32767
27758,15279
27759,15933
27760,1099
27761,-3113
27762,-1988
27763,-17902
27764,-557
27765,10059
27766,18163
27767,4401
27768,-835
27769,-7475
27770,7724
27771,13089
27772,-32768
27773,-17162
27774,-4031
27775,17676
27776,7683
27777,28775
27778,-13112
27779,-6453
27780,9146
27781,32767
27782,932
27783,-6981
27784,-18194
27785,-1413
27786,2819
27787,-32768
27788,-1616
27789,26756
27790,-5778
27791,9252
27792,6926
27793,29083
27794,23822
27795,-21270
27796,7659
27797,-16459
27798,3114
27799,17050
27800,8941
27801,13560
27802,21117
27803,5068
27804,7460
27805,10740
27806,-1629
27807,-32768
27808,-5603
27809,-6069
27810,-4157
27811,-1330
27812,32767
27813,6919
27814,4476
27815,10295
27816,32767
27817,-3192
27818,32767
27819,12382
27820,1165
27821,-3834
27822,2280
27823,14699
27824,20242
27825,5903
27826,12503
27827,32767
27828,-29398
27829,3926
27830,19731
27831,-4776
27832,3840
27833,32767
27834,-30127
27835,1797
27836,27108
27837,-20968
27838,1699
27839,32767
27840,7907
27841,-7669
27842,-728
27843,-3206
27844,-32768
27845,-1448
27846,-14053
27847,-5119
27848,-8813
27849,-31328
27850,21155
27851,16398
27852,4029
27853,-32768
27854,-6607
27855,32213
27856,-3709
27857,145
27858,26351
27859,8377
27860,-24059
27861,682
27862,14153
27863,3883
27864,-266
27865,1561
27866,9702
27867,-4995
27868,-14237
27869,-2465
27870,6197
27871,-615
27872,9236
27873,32767
27874,-4952
27875,3690
27876,32767
27877,-4392
27878,7754
27879,6431
27880,7633
27881,9382
27882,-7419
27883,871
27884,-507
27885,32286
27886,21771
27887,-27322
27888,466
27889,3913
27890,-13927
27891,-956
27892,2225
27893,-1703
27894,-1311
27895,9295
27896,-176
27897,-7985
27898,-5457
27899,-6709
27900,-32768
27901,-4232
27902,21015
27903,-8671
27904,4625
27905,10605
27906,1347
27907,29255
27908,-6151
27909,-17355
27910,-32768
27911,-11230
27912,-7605
27913,-6268
27914,-28776
27915,5656
27916,8677
27917,11846
27918,-2559
27919,-27866
27920,-32768
27921,3185
27922,-3469
27923,-14269
27924,4691
27925,13313
27926,-32768
27927,-872
27928,6851
27929,10226
27930,20863
27931,-32768
27932,3879
27933,2425
27934,1355
27935,23028
27936,20435
27937,-6592
27938,-2505
27939,-18962
27940,-9487
27941,32767
27942,4051
27943,-32768
27944,-2346
27945,3616
27946,11823
27947,-18772
27948,32767
27949,1569
27950,-19410
27951,-6850
27952,-8306
27953,-32768
27954,7108
27955,-7444
27956,7392
27957,16982
27958,17433
27959,-12747
27960,-4597
27961,-4964
27962,7230
27963,1114
27964,-32768
27965,6291
27966,11034
27967,-32768
27968,2860
27969,7405
27970,18283
27971,-6014
27972,-3732
27973,232
27974,4915
27975,32767
27976,7598
27977,9388
27978,-25969
27979,-1256
27980,11412
27981,12074
27982,-16055
27983,-9328
27984,31384
27985,-6293
27986,-2531
27987,25944
27988,-12622
27989,-1385
27990,-7752
27991,-19105
27992,6007
27993,-5420
27994,-19482
27995,8742
27996,3397
27997,-3604
27998,-17002
27999,7016
28000,4297
28001,-824
28002,-2408
28003,16799
28004,-8599
28005,5177
28006,7351
28007,24681
28008,1603
28009,-3550
28010,-27890
28011,-5601
28012,13382
28013,12853
28014,-32768
28015,399
28016,-784
28017,-4918
28018,228
28019,-4437
28020,32767
28021,1749
28022,-12745
28023,-15118
28024,21450
28025,-3730
28026,-26132
28027,20189
28028,-2474
28029,-21144
28030,8932
28031,-8185
28032,-4386
28033,-3629
28034,-32768
28035,16663
28036,-5057
28037,-30495
28038,3624
28039,-8534
28040,-23390
28041,840
28042,-4973
28043,-23013
28044,8494
28045,-14274
28046,-32768
28047,-742
28048,-24853
28049,-28505
28050,2336
28051,-32768
28052,-14108
28053,547
28054,-32768
28055,598
28056,6331
28057,21847
28058,15527
28059,12863
28060,32767
28061,3311
28062,23521
28063,18163
28064,16479
28065,14773
28066,29598
28067,-1483
28068,9833
28069,16929
28070,13648
28071,28549
28072,8964
28073,23394
28074,12270
28075,14304
28076,29184
28077,12842
28078,18104
28079,2027
28080,32767
28081,4712
28082,16925
28083,16595
28084,21053
28085,12272
28086,16371
28087,25171
28088,961
28089,25449
28090,-2473
28091,24311
28092,10988
28093,15482
28094,18932
28095,15540
28096,24418
28097,9431
28098,12384
28099,30149
28100,11408
28101,-32768
28102,-2756
28103,19901
28104,11631
28105,15516
28106,14408
28107,13407
28108,16138
28109,15681
28110,27010
28111,13739
28112,32767
28113,-840
28114,16261
28115,13429
28116,16818
28117,19612
28118,12875
28119,24059
28120,10693
28121,19353
28122,14880
28123,19043
28124,-7864
28125,2439
28126,18545
28127,11354
28128,21465
28129,12338
28130,18959
28131,17485
28132,18198
28133,19807
28134,14444
28135,32767
28136,3244
28137,15980
28138,13455
28139,17004
28140,13910
28141,17830
28142,17682
28143,21426
28144,53
28145,7990
28146,22859
28147,11490
28148,4341
28149,14353
28150,19530
28151,10532
28152,26066
28153,15029
28154,18283
28155,15461
28156,28321
28157,14725
28158,-16601
28159,6380
28160,12067
28161,19229
28162,14823
28163,19579
28164,13076
28165,19196
28166,17802
28167,12365
28168,15264
28169,23691
28170,32767
28171,1266
28172,18626
28173,13223
28174,15222
28175,18182
28176,14184
28177,16319
28178,18659
28179,17894
28180,19757
28181,-32768
28182,1301
28183,16252
28184,13842
28185,15943
28186,16595
28187,16579
28188,15080
28189,19451
28190,16090
28191,24996
28192,13150
28193,32767
28194,-2767
28195,14146
28196,17574
28197,12073
28198,20352
28199,16541
28200,17346
28201,15092
28202,22502
28203,14763
28204,32767
28205,-184
28206,13345
28207,18715
28208,12392
28209,19776
28210,13492
28211,20191
28212,16015
28213,19370
28214,15988
28215,18902
28216,-32768
28217,767
28218,25424
28219,14040
28220,14058
28221,16022
28222,20553
28223,12940
28224,19566
28225,22687
28226,13736
28227,32767
28228,1922
28229,19616
28230,12479
28231,18393
28232,15400
28233,16935
28234,16655
28235,17039
28236,18705
28237,17341
28238,16645
28239,18842
28240,3564
28241,13261
28242,18795
28243,12957
28244,17752
28245,17717
28246,15390
28247,16906
28248,29182
28249,11126
28250,-32768
28251,1182
28252,14523
28253,16973
28254,14385
28255,16314
28256,17146
28257,16777
28258,15944
28259,22555
28260,13855
28261,26958
28262,32767
28263,-296
28264,19616
28265,12525
28266,16943
28267,12785
28268,22595
28269,14496
28270,17891
28271,20466
28272,17996
28273,-29110
28274,2796
28275,15434
28276,13490
28277,16515
28278,16555
28279,19148
28280,15256
28281,17959
28282,18419
28283,16963
28284,18980
28285,15819
28286,5135
28287,9999
28288,20911
28289,11046
28290,18663
28291,18842
28292,16072
28293,17293
28294,19635
28295,16231
28296,-32768
28297,4043
28298,13823
28299,19426
28300,11815
28301,21468
28302,15331
28303,15527
28304,15600
28305,20127
28306,16404
28307,19997
28308,32767
28309,1500
28310,16187
28311,15033
28312,17372
28313,14561
28314,19410
28315,13849
28316,20900
28317,12924
28318,23912
28319,32767
28320,825
28321,19262
28322,13415
28323,15813
28324,16993
28325,20368
28326,11579
28327,21914
28328,16566
28329,20294
28330,15959
28331,32767
28332,-1309
28333,14326
28334,17633
28335,12573
28336,20333
28337,13256
28338,21106
28339,16223
28340,20339
28341,18251
28342,-32768
28343,3542
28344,16460
28345,17281
28346,11909
28347,17958
28348,17606
28349,16849
28350,17698
28351,17486
28352,16031
28353,21022
28354,32767
28355,-556
28356,21694
28357,13746
28358,14958
28359,14285
28360,20034
28361,17381
28362,16756
28363,15547
28364,20827
28365,-32768
28366,-64
28367,18243
28368,15640
28369,16138
28370,17610
28371,17474
28372,15966
28373,16361
28374,17011
28375,21646
28376,14089
28377,32767
28378,1019
28379,15691
28380,17128
28381,14692
28382,15218
28383,15394
28384,18583
28385,15611
28386,22648
28387,13620
28388,32767
28389,-1189
28390,14291
28391,22291
28392,11681
28393,18025
28394,14081
28395,21331
28396,13520
28397,22633
28398,18282
28399,16766
28400,32767
28401,-634
28402,16981
28403,12921
28404,16778
28405,14868
28406,18512
28407,15484
28408,22477
28409,15803
28410,17704
28411,17450
28412,-2000
28413,21206
28414,11575
28415,21022
28416,14487
28417,17831
28418,18205
28419,14607
28420,18531
28421,20484
28422,15127
28423,32767
28424,752
28425,10584
28426,18338
28427,14570
28428,17083
28429,17684
28430,15163
28431,20667
28432,16471
28433,16531
28434,-24769
28435,1831
28436,12892
28437,19472
28438,16180
28439,15901
28440,16878
28441,19298
28442,12902
28443,18869
28444,16111
28445,21861
28446,32767
28447,875
28448,16197
28449,15489
28450,12822
28451,18844
28452,15916
28453,14347
28454,24100
28455,16826
28456,17091
28457,32767
28458,-1652
28459,15283
28460,14910
28461,15743
28462,14597
28463,19688
28464,14244
28465,20802
28466,14917
28467,23710
28468,17972
28469,32767
28470,900
28471,14690
28472,16858
28473,13089
28474,20133
28475,14058
28476,17457
28477,20145
28478,18800
28479,16530
28480,32767
28481,-225
28482,11823
28483,19588
28484,14572
28485,16186
28486,16646
28487,16862
28488,19435
28489,14978
28490,22172
28491,15997
28492,29347
28493,2330
28494,17066
28495,17693
28496,13204
28497,23037
28498,13621
28499,16565
28500,18715
28501,20673
28502,14707
28503,25528
28504,-2180
28505,18464
28506,16595
28507,13683
28508,16923
28509,15934
28510,17223
28511,17562
28512,13771
28513,24839
28514,17287
28515,14229
28516,1842
28517,18894
28518,14052
28519,15990
28520,17675
28521,15636
28522,16995
28523,16726
28524,22963
28525,13178
28526,32767
28527,-1739
28528,16170
28529,14578
28530,16796
28531,15887
28532,14751
28533,19655
28534,16454
28535,15689
28536,21749
28537,16819
28538,-32768
28539,-325
28540,17279
28541,12846
28542,17023
28543,15063
28544,16942
28545,16763
28546,16751
28547,24169
28548,12544
28549,32767
28550,156
28551,18049
28552,11598
28553,19452
28554,13643
28555,15293
28556,19543
28557,17029
28558,18127
28559,18077
28560,19793
28561,-22734
28562,2566
28563,13282
28564,17105
28565,13433
28566,17251
28567,19040
28568,14114
28569,21796
28570,17809
28571,16788
28572,17588
28573,2429
28574,14277
28575,15150
28576,20497
28577,14767
28578,18483
28579,13148
28580,19393
28581,13302
28582,14397
28583,20989
28584,-32768
28585,1021
28586,13898
28587,18486
28588,11487
28589,20678
28590,15666
28591,14520
28592,17754
28593,22586
28594,15994
28595,684
28596,5495
28597,11767
28598,15906
28599,19743
28600,12926
28601,19483
28602,13791
28603,20069
28604,16446
28605,16144
28606,20844
28607,32767
28608,-226
28609,15823
28610,21385
28611,11319
28612,19660
28613,15371
28614,15416
28615,21726
28616,18746
28617,17152
28618,32767
28619,2341
28620,16087
28621,15154
28622,14493
28623,21701
28624,13901
28625,15467
28626,20701
28627,15569
28628,19519
28629,15683
28630,-32768
28631,-225
28632,19686
28633,15814
28634,14325
28635,16012
28636,16752
28637,17993
28638,15522
28639,23635
28640,13746
28641,32767
28642,764
28643,15767
28644,16371
28645,14560
28646,21910
28647,12568
28648,21805
28649,17131
28650,13879
28651,19634
28652,14388
28653,-32768
28654,-2128
28655,16675
28656,16916
28657,16931
28658,15109
28659,18424
28660,13976
28661,17705
28662,21562
28663,15812
28664,-32768
28665,2022
28666,25072
28667,10013
28668,17161
28669,19632
28670,12598
28671,21366
28672,12921
28673,21743
28674,16310
28675,16625
28676,-19244
28677,-2768
28678,14698
28679,14240
28680,13084
28681,13466
28682,28914
28683,9764
28684,22249
28685,15451
28686,17723
28687,-32768
28688,2500
28689,16139
28690,14277
28691,18002
28692,14246
28693,22506
28694,11271
28695,20987
28696,17208
28697,13385
28698,20041
28699,32767
28700,497
28701,14996
28702,19215
28703,12217
28704,21039
28705,14060
28706,16425
28707,17043
28708,21803
28709,14913
28710,32767
28711,3184
28712,17202
28713,18613
28714,10024
28715,19528
28716,15740
28717,14666
28718,15249
28719,28342
28720,11590
28721,29752
28722,17008
28723,3163
28724,17049
28725,20953
28726,12071
28727,16502
28728,17366
28729,16363
28730,23456
28731,12489
28732,21901
28733,32767
28734,-696
28735,13173
28736,21627
28737,12921
28738,14688
28739,18114
28740,14210
28741,23174
28742,14445
28743,27986
28744,10087
28745,-9440
28746,-3681
28747,9822
28748,16696
28749,17424
28750,16790
28751,15636
28752,19659
28753,13978
28754,25889
28755,9957
28756,-21285
28757,-3732
28758,17927
28759,13946
28760,13408
28761,20623
28762,14283
28763,22789
28764,9559
28765,17038
28766,21333
28767,10343
28768,32767
28769,3189
28770,15548
28771,14314
28772,22300
28773,8599
28774,24224
28775,12339
28776,18148
28777,15154
28778,18170
28779,-32768
28780,-63
28781,22354
28782,10551
28783,20854
28784,-1159
28785,13598
28786,13744
28787,20815
28788,14210
28789,23053
28790,13621
28791,-32768
28792,-1004
28793,9046
28794,12915
28795,17350
28796,17513
28797,10183
28798,23356
28799,15427
28800,23780
28801,17499
28802,32767
28803,2721
28804,16648
28805,14832
28806,10631
28807,20292
28808,16939
28809,19458
28810,12644
28811,23723
28812,17949
28813,25837
28814,-32768
28815,4645
28816,13166
28817,17641
28818,15738
28819,15323
28820,23350
28821,11258
28822,32767
28823,6143
28824,22487
28825,4708
28826,-3205
28827,21190
28828,12286
28829,21153
28830,12780
28831,28517
28832,8067
28833,21709
28834,9387
28835,24522
28836,8461
28837,32767
28838,-422
28839,14846
28840,21286
28841,11066
28842,27590
28843,10252
28844,17804
28845,16436
28846,18734
28847,17021
28848,32767
28849,-4264
28850,7420
28851,32767
28852,3621
28853,21207
28854,5975
28855,20961
28856,11355
28857,18718
28858,24175
28859,8486
28860,4539
28861,-2120
28862,20708
28863,13822
28864,17003
28865,15219
28866,14803
28867,17810
28868,19720
28869,20072
28870,22501
28871,32767
28872,732
28873,17004
28874,15624
28875,16681
28876,15240
28877,17994
28878,16477
28879,16960
28880,16174
28881,32767
28882,5291
28883,5288
28884,-3471
28885,19328
28886,18756
28887,10372
28888,27083
28889,12502
28890,19530
28891,18800
28892,17308
28893,12077
28894,-19924
28895,-4047
28896,20547
28897,13755
28898,17279
28899,18283
28900,11685
28901,21610
28902,13355
28903,17629
28904,18326
28905,18656
28906,-32768
28907,-2496
28908,21247
28909,10501
28910,26211
28911,7553
28912,20258
28913,11394
28914,21107
28915,14024
28916,18661
28917,-32768
28918,62
28919,26011
28920,14444
28921,13626
28922,12362
28923,15941
28924,16191
28925,16940
28926,16152
28927,24538
28928,15958
28929,-1288
28930,4365
28931,-5074
28932,14470
28933,12757
28934,17382
28935,15148
28936,16700
28937,20028
28938,17964
28939,11201
28940,-32768
28941,1384
28942,8279
28943,13221
28944,21739
28945,11903
28946,21124
28947,11635
28948,16089
28949,19282
28950,9527
28951,32767
28952,-12671
28953,3914
28954,22107
28955,16644
28956,15143
28957,14104
28958,18655
28959,10813
28960,30020
28961,12167
28962,21713
28963,-13629
28964,2997
28965,12280
28966,15339
28967,15065
28968,14317
28969,15798
28970,7360
28971,20680
28972,14646
28973,18074
28974,21653
28975,32767
28976,2097
28977,15677
28978,20557
28979,9998
28980,31113
28981,7017
28982,17098
28983,12534
28984,25623
28985,12930
28986,32767
28987,-2243
28988,11017
28989,15743
28990,13400
28991,15864
28992,14021
28993,25715
28994,16322
28995,15065
28996,28084
28997,3398
28998,-32768
28999,-1946
29000,22555
29001,15333
29002,13102
29003,19281
29004,12934
29005,22610
29006,16395
29007,23403
29008,7712
29009,16293
29010,-2182
29011,16537
29012,9442
29013,27699
29014,14517
29015,16289
29016,16405
29017,15691
29018,9321
29019,25261
29020,12767
29021,32767
29022,886
29023,18046
29024,14441
29025,14971
29026,18771
29027,14469
29028,32094
29029,5148
29030,25261
29031,17316
29032,32767
29033,22
29034,32417
29035,4899
29036,16928
29037,23594
29038,5458
29039,32767
29040,6371
29041,31491
29042,12906
29043,19774
29044,32767
29045,614
29046,20094
29047,7636
29048,19330
29049,17058
29050,15555
29051,18181
29052,14235
29053,28026
29054,16000
29055,-28714
29056,3550
29057,32767
29058,5958
29059,25567
29060,10916
29061,14807
29062,21520
29063,14580
29064,18330
29065,20451
29066,15582
29067,-32768
29068,-1114
29069,1074
29070,20453
29071,10732
29072,19062
29073,17104
29074,21308
29075,15596
29076,21124
29077,8539
29078,-32768
29079,2267
29080,12729
29081,22442
29082,14451
29083,17088
29084,18040
29085,13652
29086,14889
29087,25083
29088,14065
29089,18804
29090,32767
29091,-4465
29092,14781
29093,25682
29094,7836
29095,15671
29096,23925
29097,8108
29098,32767
29099,6720
29100,27489
29101,32767
29102,701
29103,24990
29104,8481
29105,16975
29106,14012
29107,19754
29108,15753
29109,22088
29110,19996
29111,13860
29112,14841
29113,21485
29114,-10387
29115,10511
29116,32767
29117,1597
29118,23614
29119,12939
29120,23806
29121,14884
29122,17528
29123,32767
29124,3560
29125,10503
29126,8686
29127,17769
29128,14452
29129,17900
29130,13917
29131,23071
29132,14553
29133,19460
29134,24909
29135,8420
29136,4954
29137,-8496
29138,21055
29139,9810
29140,19028
29141,15272
29142,16586
29143,22484
29144,10282
29145,13788
29146,23262
29147,32767
29148,-57
29149,23420
29150,14687
29151,11769
29152,32767
29153,5906
29154,25742
29155,13142
29156,10502
29157,32767
29158,3076
29159,-32768
29160,-4479
29161,23448
29162,14150
29163,15251
29164,15774
29165,10774
29166,25130
29167,14417
29168,20102
29169,17945
29170,32767
29171,3292
29172,22615
29173,8633
29174,11312
29175,32767
29176,6018
29177,22861
29178,11427
29179,20996
29180,20553
29181,18348
29182,32767
29183,1430
29184,12713
29185,6944
29186,32767
29187,8041
29188,24812
29189,12503
29190,21866
29191,20046
29192,13971
29193,-32768
29194,2100
29195,32767
29196,4463
29197,19010
29198,13038
29199,17526
29200,19022
29201,18722
29202,19126
29203,19616
29204,17368
29205,-32768
29206,2664
29207,18583
29208,16733
29209,13991
29210,14725
29211,18537
29212,14142
29213,19117
29214,17494
29215,9547
29216,-32768
29217,889
29218,12284
29219,21391
29220,10717
29221,17833
29222,19090
29223,15171
29224,13956
29225,28947
29226,10542
29227,16562
29228,32767
29229,-4499
29230,17847
29231,12469
29232,17825
29233,15118
29234,17767
29235,9618
29236,26301
29237,14775
29238,18176
29239,32767
29240,-1664
29241,16771
29242,18419
29243,11697
29244,9820
29245,28158
29246,13074
29247,17723
29248,16898
29249,22563
29250,14104
29251,16273
29252,-8852
29253,12774
29254,20536
29255,9921
29256,21193
29257,13771
29258,16870
29259,20957
29260,21978
29261,19328
29262,14734
29263,5756
29264,9910
29265,24817
29266,10354
29267,17106
29268,15380
29269,21483
29270,13625
29271,17653
29272,22298
29273,13881
29274,32767
29275,-803
29276,20020
29277,10484
29278,19473
29279,12505
29280,16837
29281,16870
29282,22139
29283,16497
29284,15474
29285,32767
29286,-1255
29287,21507
29288,12790
29289,18816
29290,14622
29291,16386
29292,16287
29293,19777
29294,13043
29295,26293
29296,12016
29297,32767
29298,1536
29299,13166
29300,16544
29301,13460
29302,19551
29303,11656
29304,21793
29305,14752
29306,22252
29307,14104
29308,-32768
29309,-3321
29310,15776
29311,16014
29312,12252
29313,19726
29314,13150
29315,22145
29316,13489
29317,18053
29318,17695
29319,22802
29320,32767
29321,2341
29322,15859
29323,10648
29324,18055
29325,15934
29326,16561
29327,16854
29328,23873
29329,13488
29330,18635
29331,32767
29332,479
29333,17279
29334,14323
29335,17708
29336,13314
29337,20128
29338,16298
29339,18241
29340,18164
29341,21556
29342,14062
29343,32767
29344,765
29345,14396
29346,13557
29347,14533
29348,20268
29349,15060
29350,15047
29351,18427
29352,24372
29353,8982
29354,32767
29355,482
29356,12806
29357,20813
29358,11746
29359,17857
29360,15214
29361,20973
29362,14051
29363,20188
29364,15785
29365,20487
29366,32767
29367,-862
29368,21447
29369,12001
29370,16760
29371,16650
29372,19671
29373,10790
29374,25248
29375,15860
29376,18001
29377,32767
29378,-1345
29379,15923
29380,13601
29381,22194
29382,10393
29383,20395
29384,13802
29385,17970
29386,16375
29387,25106
29388,14405
29389,32767
29390,227
29391,13191
29392,18227
29393,11258
29394,20576
29395,15692
29396,17322
29397,15261
29398,27596
29399,13579
29400,-22151
29401,4255
29402,12869
29403,18451
29404,14958
29405,17828
29406,15080
29407,20271
29408,15894
29409,18736
29410,15291
29411,24856
29412,32767
29413,-1061
29414,16306
29415,15910
29416,16468
29417,19958
29418,16603
29419,12350
29420,23065
29421,15292
29422,22387
29423,17582
29424,4581
29425,16586
29426,13255
29427,18164
29428,15151
29429,19429
29430,13302
29431,25502
29432,10689
29433,21628
29434,18833
29435,-32768
29436,2496
29437,14809
29438,18810
29439,11344
29440,22813
29441,12280
29442,19488
29443,16265
29444,21231
29445,16141
29446,32767
29447,1045
29448,12219
29449,18081
29450,15635
29451,18159
29452,12329
29453,17635
29454,18872
29455,19218
29456,14908
29457,26051
29458,32767
29459,-550
29460,20165
29461,12703
29462,14895
29463,18400
29464,17611
29465,13822
29466,22624
29467,17482
29468,21209
29469,32767
29470,1822
29471,20075
29472,11792
29473,19133
29474,15703
29475,17417
29476,15004
29477,22302
29478,14397
29479,22632
29480,13201
29481,-32768
29482,120
29483,15481
29484,17661
29485,12994
29486,21364
29487,13376
29488,20371
29489,14065
29490,22806
29491,15090
29492,32767
29493,3126
29494,15347
29495,16637
29496,15762
29497,19121
29498,13776
29499,18843
29500,14790
29501,21886
29502,14348
29503,18245
29504,32767
29505,-1612
29506,19685
29507,12730
29508,20139
29509,11742
29510,22311
29511,10822
29512,22380
29513,18237
29514,20082
29515,32767
29516,1152
29517,24992
29518,8750
29519,19252
29520,11953
29521,23101
29522,12282
29523,19628
29524,18034
29525,18896
29526,16063
29527,32767
29528,2283
29529,12665
29530,18318
29531,11994
29532,17695
29533,18012
29534,18249
29535,16737
29536,20911
29537,17411
29538,-17831
29539,5193
29540,13748
29541,18961
29542,13498
29543,17509
29544,19043
29545,14904
29546,15652
29547,21219
29548,16529
29549,18807
29550,32767
29551,-127
29552,14476
29553,16202
29554,15956
29555,15073
29556,18432
29557,14640
29558,19932
29559,16698
29560,24095
29561,-32768
29562,2340
29563,16322
29564,15375
29565,15169
29566,15342
29567,22192
29568,11111
29569,26694
29570,11427
29571,23478
29572,15169
29573,32767
29574,-2901
29575,13753
29576,21907
29577,10402
29578,23560
29579,12284
29580,20037
29581,16395
29582,15175
29583,22640
29584,-32768
29585,2582
29586,11858
29587,20616
29588,10914
29589,20225
29590,14840
29591,16751
29592,16744
29593,18708
29594,19527
29595,15976
29596,32767
29597,-1609
29598,15297
29599,13964
29600,17073
29601,15482
29602,19627
29603,15723
29604,18220
29605,16326
29606,19825
29607,-32768
29608,1265
29609,19414
29610,16598
29611,13630
29612,18729
29613,16752
29614,14846
29615,20457
29616,15524
29617,25498
29618,10633
29619,32767
29620,-2906
29621,19023
29622,13621
29623,16326
29624,16330
29625,14286
29626,20407
29627,14291
29628,22839
29629,12369
29630,32767
29631,-1528
29632,18413
29633,19616
29634,12931
29635,19667
29636,13325
29637,21393
29638,13166
29639,19652
29640,20662
29641,13104
29642,32767
29643,-276
29644,17256
29645,13936
29646,16863
29647,14046
29648,18142
29649,15812
29650,17819
29651,20246
29652,14792
29653,-32334
29654,-1897
29655,26723
29656,10655
29657,20145
29658,13116
29659,17580
29660,20700
29661,12625
29662,22250
29663,17244
29664,15576
29665,32767
29666,2277
29667,11164
29668,14396
29669,17744
29670,14089
29671,21374
29672,13267
29673,21312
29674,18305
29675,15952
29676,-32768
29677,3633
29678,13283
29679,17584
29680,17220
29681,13342
29682,18628
29683,18024
29684,14711
29685,21677
29686,17083
29687,21061
29688,32767
29689,2698
29690,15484
29691,17221
29692,12139
29693,21392
29694,14534
29695,16352
29696,21865
29697,15181
29698,18885
29699,-32768
29700,122
29701,12978
29702,21001
29703,12630
29704,15332
29705,20692
29706,12706
29707,22096
29708,13611
29709,21306
29710,17200
29711,32767
29712,316
29713,16379
29714,14371
29715,13074
29716,22907
29717,14097
29718,15584
29719,24515
29720,14028
29721,21405
29722,32767
29723,-1679
29724,14503
29725,19792
29726,12785
29727,17798
29728,15607
29729,18594
29730,16941
29731,17450
29732,21705
29733,15394
29734,32767
29735,1207
29736,20300
29737,12429
29738,15491
29739,17985
29740,16473
29741,16306
29742,18027
29743,22493
29744,13346
29745,32767
29746,-1136
29747,14935
29748,16451
29749,15361
29750,16776
29751,15278
29752,19151
29753,14170
29754,21939
29755,18681
29756,16617
29757,-32768
29758,748
29759,24023
29760,10126
29761,19169
29762,14185
29763,23278
29764,12163
29765,20066
29766,22821
29767,12846
29768,-32768
29769,971
29770,18468
29771,12590
29772,22010
29773,12303
29774,16555
29775,18415
29776,12890
29777,19321
29778,20655
29779,16299
29780,-32768
29781,-231
29782,15365
29783,14481
29784,16782
29785,16843
29786,13985
29787,16855
29788,20170
29789,16014
29790,16728
29791,32767
29792,4519
29793,12226
29794,13188
29795,18160
29796,12166
29797,17754
29798,16063
29799,17620
29800,16577
29801,19981
29802,23621
29803,-7606
29804,3748
29805,17514
29806,11760
29807,13172
29808,19917
29809,16445
29810,16778
29811,18508
29812,18873
29813,19586
29814,30546
29815,3056
29816,14172
29817,16218
29818,12012
29819,18001
29820,14094
29821,19364
29822,17816
29823,16294
29824,19613
29825,20957
29826,32767
29827,-1468
29828,15468
29829,16535
29830,14019
29831,30916
29832,7714
29833,20456
29834,16023
29835,21653
29836,16540
29837,11784
29838,7399
29839,16141
29840,20293
29841,9048
29842,30070
29843,11219
29844,18571
29845,19677
29846,12095
29847,20480
29848,13672
29849,-32768
29850,-2124
29851,32767
29852,7909
29853,13418
29854,18909
29855,16523
29856,16475
29857,16803
29858,25492
29859,10245
29860,2617
29861,-6349
29862,22490
29863,13035
29864,16311
29865,15072
29866,12107
29867,20568
29868,17489
29869,19871
29870,17092
29871,15278
29872,-32768
29873,-114
29874,19812
29875,12967
29876,14612
29877,16644
29878,16294
29879,10440
29880,13534
29881,32767
29882,8593
29883,32767
29884,-524
29885,26446
29886,7494
29887,21271
29888,13710
29889,15293
29890,25174
29891,12014
29892,21629
29893,12048
29894,19462
29895,-11354
29896,1510
29897,15169
29898,15364
29899,10883
29900,11985
29901,31017
29902,13492
29903,11343
29904,21102
29905,15440
29906,1474
29907,4522
29908,10552
29909,15590
29910,19163
29911,13887
29912,14410
29913,20909
29914,14102
29915,26150
29916,11621
29917,19952
29918,32767
29919,-7061
29920,6856
29921,30556
29922,9424
29923,16702
29924,17362
29925,13836
29926,13681
29927,24028
29928,17853
29929,-20774
29930,22208
29931,5316
29932,13192
29933,16271
29934,14199
29935,19592
29936,15323
29937,24929
29938,8876
29939,15136
29940,19178
29941,32767
29942,582
29943,10988
29944,18248
29945,14584
29946,21575
29947,12841
29948,20909
29949,932
29950,11017
29951,19548
29952,-22290
29953,1873
29954,14257
29955,18838
29956,13727
29957,23949
29958,11955
29959,13311
29960,27002
29961,12718
29962,20615
29963,19205
29964,32767
29965,-643
29966,21367
29967,9005
29968,12770
29969,18245
29970,7749
29971,16584
29972,18842
29973,15845
29974,30170
29975,7820
29976,4304
29977,20687
29978,15947
29979,14714
29980,22684
29981,13393
29982,13196
29983,23997
29984,11707
29985,23912
29986,14211
29987,-19043
29988,-3295
29989,32767
29990,6847
29991,18258
29992,12522
29993,17330
29994,25243
29995,10825
29996,24937
29997,11479
29998,-32768
29999,-2053
30000,9631
30001,17450
30002,15950
30003,18093
30004,16463
30005,17591
30006,12813
30007,28542
30008,6223
30009,17993
30010,32767
30011,-303
30012,28095
30013,8905
30014,24447
30015,11915
30016,23088
30017,10460
30018,12831
30019,22717
30020,13607
30021,30789
30022,-2230
30023,27410
30024,8905
30025,30180
30026,10582
30027,17214
30028,21903
30029,13410
30030,14703
30031,16100
30032,21215
30033,32767
30034,8118
30035,13095
30036,10180
30037,-2435
30038,2422
30039,19492
30040,9914
30041,15095
30042,18990
30043,12575
30044,32767
30045,5919
30046,10471
30047,9253
30048,28966
30049,12183
30050,16446
30051,15600
30052,14808
30053,19527
30054,14506
30055,32767
30056,10714
30057,8413
30058,9636
30059,12266
30060,17602
30061,19869
30062,17881
30063,14259
30064,21111
30065,13339
30066,20338
30067,-11402
30068,8958
30069,12262
30070,16592
30071,18485
30072,15198
30073,23714
30074,13351
30075,18614
30076,1569
30077,14190
30078,15479
30079,27934
30080,8496
30081,15297
30082,21538
30083,14370
30084,32497
30085,9892
30086,7379
30087,16340
30088,-4071
30089,29358
30090,3742
30091,-32768
30092,-7896
30093,32767
30094,6114
30095,5997
30096,24279
30097,1039
30098,-5044
30099,7251
30100,-15266
30101,-16779
30102,-9636
30103,-32768
30104,-3025
30105,-32768
30106,-688
30107,10554
30108,13600
30109,-24869
30110,-2424
30111,-2296
30112,9960
30113,185
30114,-32768
30115,-1875
30116,32767
30117,7575
30118,-2940
30119,-21415
30120,3294
30121,32767
30122,1577
30123,-18907
30124,5839
30125,5697
30126,32767
30127,10558
30128,-15726
30129,11990
30130,32767
30131,1426
30132,-32768
30133,-7896
30134,-6894
30135,9260
30136,-1904
30137,-32768
30138,-12889
30139,-868
30140,-12381
30141,-31008
30142,-22989
30143,-20002
30144,4854
30145,8879
30146,4538
30147,-18185
30148,-1639
30149,-19811
30150,9246
30151,-6146
30152,22438
30153,12183
30154,11632
30155,-288
30156,-32768
30157,-5944
30158,14879
30159,2566
30160,-22951
30161,-11137
30162,-24232
30163,5901
30164,-7154
30165,-530
30166,-32768
30167,4693
30168,-192
30169,-107
30170,-32768
30171,-3208
30172,-14507
30173,9873
30174,8218
30175,13570
30176,-25133
30177,-4513
30178,32767
30179,2427
30180,-9690
30181,12437
30182,4920
30183,2518
30184,32767
30185,-8450
30186,-30533
30187,5114
30188,19909
30189,-26759
30190,-2100
30191,-9336
30192,-32768
30193,-9161
30194,-15490
30195,-29173
30196,-10076
30197,-9286
30198,-30234
30199,-5598
30200,-10063
30201,-32768
30202,-3742
30203,27912
30204,-12933
30205,-4760
30206,-6140
30207,-4479
30208,9197
30209,-9099
30210,-2182
30211,-26045
30212,10584
30213,6540
30214,8162
30215,32767
30216,1586
30217,-7172
30218,-14404
30219,946
30220,-32768
30221,-2258
30222,9870
30223,-1521
30224,16517
30225,5013
30226,32767
30227,-19665
30228,-2430
30229,647
30230,-1494
30231,2000
30232,7887
30233,29708
30234,-11073
30235,-13150
30236,-13157
30237,6474
30238,-11558
30239,-32768
30240,-1894
30241,-8412
30242,1661
30243,-1853
30244,-12964
30245,-13562
30246,14426
30247,-26259
30248,-29508
30249,2190
30250,-9259
30251,-11563
30252,-20611
30253,-15413
30254,2418
30255,-10358
30256,-20435
30257,-1742
30258,141
30259,-6738
30260,9090
30261,-278
30262,21755
30263,1121
30264,-22121
30265,8663
30266,-4864
30267,21679
30268,9861
30269,9219
30270,3524
30271,10613
30272,2848
30273,8933
30274,-1194
30275,-32768
30276,-11858
30277,-13318
30278,-22338
30279,-25823
30280,3581
30281,18795
30282,7897
30283,11390
30284,6069
30285,-32768
30286,-3516
30287,-18896
30288,1845
30289,-18662
30290,-32768
30291,-4575
30292,31896
30293,-3658
30294,1608
30295,2988
30296,-13313
30297,-619
30298,-16589
30299,2787
30300,-16255
30301,2712
30302,30485
30303,6979
30304,-32768
30305,-10067
30306,-5232
30307,-32768
30308,4249
30309,-7076
30310,-13930
30311,-32768
30312,6912
30313,-9776
30314,7745
30315,3939
30316,-20045
30317,-6670
30318,-6839
30319,-21836
30320,-5048
30321,-32768
30322,-23759
30323,-5928
30324,32767
30325,26181
30326,928
30327,5097
30328,-32768
30329,-2585
30330,-1225
30331,-32768
30332,-4468
30333,-32768
30334,-5584
30335,-17642
30336,-13943
30337,-8620
30338,-32768
30339,171
30340,-3281
30341,5796
30342,-21884
30343,-2674
30344,-32768
30345,-3768
30346,-13200
30347,-32768
30348,-1070
30349,32767
30350,-3870
30351,21747
30352,2110
30353,-15777
30354,-3498
30355,-2081
30356,-32768
30357,-4276
30358,-6547
30359,-22210
30360,-2678
30361,-8285
30362,-14045
30363,6574
30364,-15372
30365,-20128
30366,-5807
30367,-32768
30368,-7722
30369,6744
30370,-11329
30371,-32768
30372,5965
30373,-3770
30374,521
30375,14108
30376,-1957
30377,-24718
30378,-3559
30379,-32768
30380,-659
30381,27810
30382,-15698
30383,-9216
30384,27310
30385,-4177
30386,32767
30387,-257
30388,-4430
30389,-9624
30390,-19725
30391,-11796
30392,10080
30393,10697
30394,8868
30395,-4626
30396,1939
30397,10277
30398,9327
30399,-32768
30400,-10486
30401,-4636
30402,-32768
30403,-4355
30404,-728
30405,-5853
30406,-32768
30407,4760
30408,1090
30409,2358
30410,4848
30411,-27854
30412,-3320
30413,-26089
30414,6998
30415,-20042
30416,9096
30417,-12308
30418,-14059
30419,8328
30420,32767
30421,7053
30422,-9148
30423,-20978
30424,-4719
30425,3230
30426,5569
30427,32767
30428,701
30429,-6575
30430,26259
30431,-14534
30432,-32768
30433,-3577
30434,14077
30435,397
30436,32767
30437,2512
30438,-9506
30439,-2377
30440,32767
30441,2366
30442,32767
30443,-9701
30444,-3862
30445,-32768
30446,-71
30447,-3074
30448,-23644
30449,-6785
30450,-10356
30451,32767
30452,2474
30453,-12777
30454,32767
30455,182
30456,-9822
30457,-4209
30458,-758
30459,-1471
30460,1846
30461,-19428
30462,24166
30463,1552
30464,5668
30465,-32768
30466,-3552
30467,-15759
30468,6245
30469,-11543
30470,-6826
30471,-3673
30472,-1351
30473,-10066
30474,9926
30475,15680
30476,-6275
30477,16939
30478,7551
30479,-7157
30480,-18700
30481,-5845
30482,-32768
30483,-8408
30484,32767
30485,-5143
30486,-31200
30487,-18716
30488,-512
30489,-24765
30490,-8485
30491,-25974
30492,-3757
30493,-4226
30494,-21616
30495,-23279
30496,-6330
30497,26328
30498,32767
30499,2458
30500,-8545
30501,4881
30502,10801
30503,-956
30504,747
30505,-11885
30506,-24981
30507,-6358
30508,15236
30509,-49
30510,28068
30511,-1796
30512,-14145
30513,-20259
30514,1517
30515,-10284
30516,-9167
30517,-22101
30518,-8316
30519,24766
30520,6568
30521,7471
30522,1447
30523,524
30524,9813
30525,12784
30526,-26610
30527,-7184
30528,-32768
30529,-23632
30530,-866
30531,-1911
30532,-26628
30533,-31563
30534,4773
30535,-18571
30536,-8574
30537,-6114
30538,-20535
30539,-5248
30540,-32768
30541,-11183
30542,-6552
30543,-13089
30544,-8769
30545,32767
30546,-3190
30547,-475
30548,-10922
30549,-12060
30550,-8941
30551,-29680
30552,-18633
30553,-14988
30554,-32768
30555,-6939
30556,11407
30557,-17838
30558,-6703
30559,-1996
30560,-8844
30561,6131
30562,1640
30563,-26562
30564,-13077
30565,32767
30566,-7954
30567,-8125
30568,-10356
30569,-20932
30570,-24804
30571,-2773
30572,-25083
30573,-4418
30574,-32768
30575,-1047
30576,-20519
30577,1495
30578,16851
30579,18621
30580,-6465
30581,15960
30582,1248
30583,-21884
30584,-21324
30585,-2149
30586,-32768
30587,-13038
30588,32767
30589,-11206
30590,-11832
30591,-12662
30592,28285
30593,2515
30594,-8149
30595,-7209
30596,-3831
30597,-32768
30598,-9583
30599,32767
30600,-6920
30601,-21099
30602,-20416
30603,4405
30604,-9665
30605,-22364
30606,-11700
30607,-27352
30608,-3961
30609,-5025
30610,9887
30611,5524
30612,-10062
30613,-2325
30614,4799
30615,7334
30616,8014
30617,-28014
30618,12320
30619,2650
30620,20540
30621,17952
30622,27442
30623,-1520
30624,-4875
30625,12009
30626,32767
30627,6355
30628,1819
30629,-7717
30630,25575
30631,-1298
30632,-16233
30633,-26308
30634,-7972
30635,9445
30636,-7926
30637,12564
30638,-6797
30639,-4646
30640,2712
30641,-7315
30642,-8338
30643,-31911
30644,804
30645,-18956
30646,-32768
30647,-12155
30648,-11258
30649,9881
30650,-1632
30651,-7707
30652,-32768
30653,2154
30654,-3767
30655,-7505
30656,5585
30657,3077
30658,-9500
30659,-32768
30660,-4420
30661,-274
30662,-4306
30663,980
30664,-32768
30665,-459
30666,-32768
30667,-13487
30668,-32768
30669,2596
30670,-4809
30671,6532
30672,-16192
30673,-6642
30674,2970
30675,20048
30676,-7140
30677,-4063
30678,-32768
30679,-5295
30680,-21765
30681,-13570
30682,2417
30683,-10223
30684,7563
30685,15332
30686,32767
30687,-11825
30688,-1859
30689,-32768
30690,-11471
30691,32767
30692,3287
30693,458
30694,-20839
30695,12734
30696,-16808
30697,-19560
30698,-4054
30699,-31970
30700,-3596
30701,-32768
30702,-3644
30703,32767
30704,937
30705,-15818
30706,-32768
30707,3616
30708,9487
30709,-10991
30710,2589
30711,589
30712,-32768
30713,-12969
30714,14992
30715,-11714
30716,-32768
30717,-98
30718,-32768
30719,-573
30720,-32768
30721,-1197
30722,-7758
30723,-838
30724,-32768
30725,-1185
30726,-32768
30727,32767
30728,-94
30729,-32768
30730,2531
30731,-1111
30732,-32768
30733,6093
30734,-754
30735,-31823
30736,-15270
30737,6669
30738,-16963
30739,-22982
30740,-7344
30741,-13161
30742,-7586
30743,24756
30744,53
30745,32767
30746,977
30747,-27469
30748,-12053
30749,32767
30750,-10982
30751,7617
30752,8253
30753,-6498
30754,-3013
30755,-11775
30756,-8240
30757,-9335
30758,-32768
30759,5991
30760,-19348
30761,-12590
30762,-4057
30763,14402
30764,-12123
30765,32767
30766,4002
30767,-8559
30768,-32768
30769,-327
30770,6680
30771,32767
30772,-15012
30773,-32768
30774,1606
30775,-7406
30776,-8817
30777,10139
30778,7210
30779,3729
30780,3591
30781,32767
30782,13608
30783,-19637
30784,7434
30785,7307
30786,-12452
30787,-773
30788,-20571
30789,-9438
30790,8613
30791,15177
30792,3612
30793,32767
30794,5485
30795,7299
30796,18025
30797,14354
30798,-1774
30799,-4701
30800,16566
30801,2889
30802,17584
30803,1655
30804,-32768
30805,-4696
30806,32767
30807,-8386
30808,-5815
30809,-32709
30810,2929
30811,-5703
30812,27393
30813,-5622
30814,-14780
30815,-1402
30816,-32768
30817,-8695
30818,17016
30819,-6199
30820,-19832
30821,-8853
30822,19988
30823,6465
30824,2556
30825,-6882
30826,-3206
30827,-29111
30828,-27481
30829,-1129
30830,-904
30831,20818
30832,-14853
30833,-15435
30834,-13773
30835,-32768
30836,-911
30837,22982
30838,1642
30839,5160
30840,-2839
30841,26354
30842,7662
30843,-18341
30844,26307
30845,-3576
30846,-32768
30847,-430
30848,-10587
30849,-6145
30850,-32768
30851,-8408
30852,-5451
30853,-15807
30854,-32768
30855,-4141
30856,-23908
30857,-32768
30858,-306
30859,-11057
30860,364
30861,-2073
30862,-32768
30863,-10046
30864,-32768
30865,855
30866,-7536
30867,5091
30868,-12367
30869,-32768
30870,-1412
30871,-2281
30872,-443
30873,-10809
30874,-7887
30875,3153
30876,-12978
30877,-2068
30878,-3810
30879,-18175
30880,7588
30881,-9476
30882,-11631
30883,7504
30884,-1171
30885,-32768
30886,-19754
30887,24054
30888,-2348
30889,-17477
30890,-13698
30891,18901
30892,-3894
30893,-13722
30894,1332
30895,-2342
30896,-32768
30897,-19362
30898,17899
30899,4653
30900,-15410
30901,-8814
30902,-7929
30903,-29700
30904,-1838
30905,-9703
30906,-5131
30907,-6343
30908,-32768
30909,-5857
30910,32767
30911,-7886
30912,-28884
30913,11105
30914,-1508
30915,9290
30916,-8162
30917,-32768
30918,-5808
30919,-32768
30920,-9355
30921,10548
30922,-32768
30923,-5015
30924,-5398
30925,-9609
30926,32767
30927,1097
30928,3764
30929,-28502
30930,-2272
30931,-32768
30932,-741
30933,-21664
30934,-21845
30935,-917
30936,1508
30937,-21183
30938,3974
30939,1874
30940,10616
30941,-508
30942,32767
30943,8433
30944,15508
30945,-22622
30946,-3012
30947,-9292
30948,11160
30949,19801
30950,-25000
30951,-3546
30952,-24832
30953,-6919
30954,-19107
30955,-18603
30956,-14153
30957,-7250
30958,-22253
30959,26706
30960,-10012
30961,-17591
30962,7589
30963,-3329
30964,-18482
30965,-17308
30966,-4195
30967,-11713
30968,20929
30969,-31046
30970,-8603
30971,234
30972,-25342
30973,-19220
30974,1954
30975,-10174
30976,-3144
30977,-32768
30978,-23146
30979,11095
30980,-24706
30981,11225
30982,-11439
30983,-2865
30984,-18405
30985,-2966
30986,-32768
30987,-1089
30988,-25492
30989,-32617
30990,6465
30991,-13717
30992,-14415
30993,22533
30994,-12170
30995,-18847
30996,-30549
30997,-5130
30998,132
30999,-3626
31000,-32768
31001,-17734
31002,-5116
31003,-20
31004,10592
31005,3983
31006,11150
31007,7770
31008,-18913
31009,-23063
31010,-4922
31011,-32768
31012,-3260
31013,24050
31014,6227
31015,14556
31016,13018
31017,-32768
31018,-8777
31019,8407
31020,-4294
31021,-32768
31022,-2670
31023,7839
31024,-3511
31025,-4505
31026,354
31027,14714
31028,32767
31029,1843
31030,-5596
31031,-18030
31032,-28845
31033,-2715
31034,-30120
31035,-23814
31036,6040
31037,-31931
31038,-3811
31039,-7364
31040,-12573
31041,-14401
31042,-9449
31043,-7111
31044,-17293
31045,-4280
31046,-32768
31047,-28
31048,-29177
31049,-11340
31050,-17042
31051,-7385
31052,-17181
31053,31463
31054,-9713
31055,4465
31056,-1459
31057,-25713
31058,-11517
31059,-4884
31060,-27079
31061,-10037
31062,-20361
31063,-19662
31064,-11099
31065,-2229
31066,2438
31067,-32768
31068,-454
31069,-32768
31070,-13665
31071,32767
31072,-3494
31073,-17664
31074,-10850
31075,-13914
31076,-17142
31077,446
31078,-23162
31079,-6884
31080,-32438
31081,-11859
31082,-6412
31083,-15755
31084,-17315
31085,-8350
31086,-6808
31087,-25263
31088,-5481
31089,-9581
31090,-9543
31091,-6771
31092,-32768
31093,-7822
31094,-3420
31095,-14287
31096,-6783
31097,-3811
31098,-15337
31099,7519
31100,-8822
31101,-32768
31102,-332
31103,-30001
31104,1926
31105,-32768
31106,-2889
31107,-32768
31108,3498
31109,-16984
31110,-11239
31111,-9039
31112,-10445
31113,-17240
31114,-4813
31115,-27093
31116,-16895
31117,-7919
31118,-18739
31119,-4254
31120,-5609
31121,-24442
31122,1157
31123,-9076
31124,-8410
31125,-6661
31126,-23978
31127,-32768
31128,-853
31129,-25906
31130,22522
31131,-2997
31132,-12093
31133,-18777
31134,3518
31135,-1005
31136,-2148
31137,-1693
31138,-14749
31139,-32768
31140,816
31141,-6042
31142,15865
31143,-8890
31144,-10179
31145,-4712
31146,2978
31147,-32072
31148,-5182
31149,32767
31150,11019
31151,-27476
31152,9793
31153,12093
31154,-10136
31155,-8541
31156,-14309
31157,-3610
31158,-10772
31159,-18328
31160,-4723
31161,-32768
31162,-19797
31163,3002
31164,-15206
31165,29315
31166,-3696
31167,-32768
31168,165
31169,-8852
31170,-21859
31171,-5393
31172,-31121
31173,-15871
31174,423
31175,-12056
31176,-21324
31177,-9561
31178,18406
31179,14711
31180,-1869
31181,-4194
31182,-2798
31183,-4457
31184,-32768
31185,11661
31186,-9165
31187,-13027
31188,6182
31189,-31848
31190,10573
31191,-5397
31192,-22063
31193,-1708
31194,-5785
31195,-32768
31196,-815
31197,-21354
31198,-27085
31199,12938
31200,-14096
31201,9405
31202,29546
31203,12145
31204,-3492
31205,-32768
31206,-4811
31207,-32768
31208,-8561
31209,14164
31210,-14790
31211,-13466
31212,-24025
31213,-1942
31214,32767
31215,387
31216,21237
31217,4404
31218,-32768
31219,-5347
31220,32767
31221,-513
31222,-10511
31223,10905
31224,-13821
31225,-8873
31226,32767
31227,641
31228,-25063
31229,-6411
31230,15209
31231,17790
31232,-2906
31233,9410
31234,19593
31235,-29072
31236,-3157
31237,-32768
31238,-1848
31239,-24598
31240,-6082
31241,-32768
31242,-9764
31243,-17269
31244,-8203
31245,-17108
31246,1495
31247,-9162
31248,-32768
31249,-4837
31250,-5387
31251,-24552
31252,-6123
31253,-22710
31254,-25853
31255,-5001
31256,-19533
31257,-13201
31258,-3755
31259,-12076
31260,-23601
31261,-3530
31262,-18661
31263,-9556
31264,-32768
31265,-9439
31266,-29376
31267,-6504
31268,-15760
31269,-10801
31270,-7884
31271,-23122
31272,-9600
31273,-7969
31274,-26231
31275,-5392
31276,-25607
31277,-25504
31278,-132
31279,-18976
31280,-15969
31281,4699
31282,-17770
31283,-12517
31284,-3765
31285,-16029
31286,-10100
31287,-32768
31288,-10981
31289,32767
31290,-15105
31291,-15248
31292,-21824
31293,-3643
31294,-16580
31295,14191
31296,-14353
31297,32767
31298,-559
31299,-16605
31300,-32768
31301,7969
31302,-19961
31303,-32768
31304,2380
31305,-9495
31306,8595
31307,16127
31308,-11040
31309,-1326
31310,-10923
31311,-32768
31312,-1353
31313,-10140
31314,19731
31315,1601
31316,-32768
31317,6255
31318,-4971
31319,-19884
31320,26434
31321,-398
31322,-30454
31323,-13060
31324,32767
31325,-5843
31326,-3707
31327,32767
31328,-2305
31329,-4023
31330,8546
31331,-32768
31332,-1720
31333,-3380
31334,14724
31335,-9400
31336,10657
31337,5663
31338,-217
31339,-10360
31340,-32768
31341,3234
31342,-24415
31343,17702
31344,-1868
31345,-32768
31346,-17618
31347,26862
31348,4749
31349,-1833
31350,10476
31351,-3538
31352,-3829
31353,-26091
31354,3428
31355,-2473
31356,-4503
31357,20585
31358,-3387
31359,3065
31360,-11527
31361,-5727
31362,-5544
31363,-5174
31364,20786
31365,-9182
31366,-9049
31367,-12958
31368,-24437
31369,-13032
31370,-32768
31371,-2162
31372,-11510
31373,-32768
31374,4748
31375,-12665
31376,-12890
31377,-7217
31378,-10733
31379,-32768
31380,-2598
31381,-27322
31382,-18909
31383,6915
31384,-11706
31385,-1930
31386,-10281
31387,19439
31388,-10697
31389,-5319
31390,-11145
31391,-32768
31392,-9711
31393,-32768
31394,-1673
31395,-13259
31396,4525
31397,-9642
31398,-21254
31399,2921
31400,-12431
31401,-12752
31402,-32768
31403,-8738
31404,-22352
31405,19521
31406,-15280
31407,-11488
31408,10399
31409,-13377
31410,-25967
31411,-189
31412,-32768
31413,-5761
31414,-14230
31415,-16961
31416,9953
31417,-6185
31418,-31520
31419,32767
31420,-3209
31421,-32768
31422,3313
31423,-11163
31424,-9635
31425,-19351
31426,-10125
31427,-32768
31428,2495
31429,-7625
31430,-2408
31431,15117
31432,568
31433,-7728
31434,-24873
31435,6502
31436,-1166
31437,-32768
31438,-15635
31439,-6868
31440,-13187
31441,-7856
31442,11638
31443,-3104
31444,-7734
31445,16278
31446,-9310
31447,-6832
31448,7006
31449,11512
31450,-18503
31451,-6991
31452,9301
31453,13650
31454,-3175
31455,-7557
31456,1625
31457,732
31458,32767
31459,774
31460,-24670
31461,-10569
31462,14109
31463,905
31464,-1176
31465,1947
31466,-1888
31467,-999
31468,-7684
31469,19985
31470,6141
31471,-18618
31472,-17452
31473,32767
31474,1388
31475,-9698
31476,26276
31477,3578
31478,-25518
31479,-17852
31480,-2663
31481,-15059
31482,-9663
31483,32161
31484,-3013
31485,-32768
31486,663
31487,-9392
31488,32767
31489,-2838
31490,-13576
31491,14514
31492,-10190
31493,-11974
31494,-32768
31495,-964
31496,-27571
31497,17357
31498,-9021
31499,-32768
31500,4238
31501,-18705
31502,-829
31503,-697
31504,-29284
31505,-7930
31506,-16102
31507,-13997
31508,32767
31509,-6111
31510,-32768
31511,12523
31512,-7610
31513,-32768
31514,7121
31515,-15544
31516,-14365
31517,-17218
31518,-8533
31519,-26043
31520,-935
31521,-10185
31522,32767
31523,-3686
31524,-9402
31525,9354
31526,-12096
31527,32767
31528,379
31529,-17849
31530,-30428
31531,12560
31532,-13522
31533,27503
31534,70
31535,-19528
31536,13860
31537,-3888
31538,18628
31539,3894
31540,-21423
31541,-15716
31542,16433
31543,779
31544,-6475
31545,4091
31546,360
31547,-2378
31548,-3771
31549,11713
31550,-12151
31551,-10902
31552,12926
31553,5145
31554,-19313
31555,8975
31556,1754
31557,215
31558,8500
31559,-8067
31560,8200
31561,709
31562,-11884
31563,32767
31564,3483
31565,-12673
31566,8588
31567,3254
31568,-7378
31569,-2892
31570,7822
31571,-1711
31572,5610
31573,6901
31574,-1272
31575,-12090
31576,-5200
31577,3411
31578,-9192
31579,-8895
31580,7204
31581,-2802
31582,-2077
31583,15896
31584,-1816
31585,-1090
31586,-3276
31587,13770
31588,1166
31589,2151
31590,-979
31591,-4146
31592,-12340
31593,6982
31594,4163
31595,-12205
31596,12849
31597,941
31598,-8885
31599,-11401
31600,3132
31601,1431
31602,386
31603,16747
31604,-2226
31605,-8200
31606,10640
31607,2408
31608,-5369
31609,-14912
31610,6664
31611,-4225
31612,-384
31613,6147
31614,-1962
31615,8613
31616,-6098
31617,-10729
31618,12926
31619,-11878
31620,-19373
31621,16961
31622,-4044
31623,-7341
31624,10764
31625,-14003
31626,-16992
31627,5970
31628,-9859
31629,10856
31630,-1172
31631,-16523
31632,13962
31633,6967
31634,-12647
31635,3487
31636,1277
31637,-8312
31638,1179
31639,3951
31640,-3898
31641,-10971
31642,1528
31643,3278
31644,-1572
31645,7420
31646,629
31647,811
31648,3680
31649,-3288
31650,-9166
31651,276
31652,4952
31653,-3797
31654,-5435
31655,595
31656,5821
31657,-474
31658,1916
31659,6729
31660,-154
31661,-2704
31662,-265
31663,-2978
31664,-4256
31665,1530
31666,216
31667,3690
31668,6385
31669,-2211
31670,-2172
31671,-2579
31672,2145
31673,-1678
31674,-585
31675,6608
31676,-3822
31677,-6499
31678,7935
31679,4165
31680,-2948
31681,2946
31682,-105
31683,-2493
31684,-3477
31685,628
31686,220
31687,604
31688,10756
31689,-1121
31690,-11125
31691,1002
31692,1499
31693,-2166
31694,6916
31695,-5019
31696,-10511
31697,6993
31698,-1191
31699,11869
31700,2393
31701,-13514
31702,-19979
31703,9688
31704,-8543
31705,-13592
31706,5198
31707,-3756
31708,6969
31709,1295
31710,-13403
31711,19590
31712,-2692
31713,-11745
31714,2842
31715,85
31716,-4365
31717,14456
31718,-7767
31719,-16743
31720,16019
31721,-6730
31722,-22564
31723,29174
31724,-4135
31725,-2048
31726,10816
31727,-10832
31728,-8239
31729,6200
31730,-1957
31731,10721
31732,-1928
31733,-9820
31734,20932
31735,-894
31736,-12936
31737,-9399
31738,-960
31739,1696
31740,8655
31741,-6020
31742,-12117
31743,5617
31744,1007
31745,8349
31746,1096
31747,-723
31748,-17465
31749,-1068
31750,3119
31751,7520
31752,-6344
31753,-6651
31754,2578
31755,3341
31756,10265
31757,-7352
31758,-8341
31759,3467
31760,5757
31761,548
31762,6330
31763,-3582
31764,-8272
31765,-5753
31766,7680
31767,7580
31768,-5498
31769,-15950
31770,21930
31771,-1214
31772,-2255
31773,9605
31774,5103
31775,-11588
31776,-2541
31777,3231
31778,10805
31779,-7448
31780,-11926
31781,32767
31782,-2529
31783,-34
31784,10673
31785,-8392
31786,-8059
31787,4457
31788,2483
31789,9418
31790,-6289
31791,-12929
31792,32767
31793,-2617
31794,-2228
31795,14854
31796,-9888
31797,-10436
31798,16306
31799,-575
31800,-20611
31801,-4455
31802,-2008
31803,18489
31804,-719
31805,-16778
31806,-9327
31807,3508
31808,1847
31809,10442
31810,-9640
31811,-8346
31812,14985
31813,-1533
31814,652
31815,242
31816,-11352
31817,-16746
31818,5327
31819,3689
31820,8165
31821,-6248
31822,-8990
31823,25131
31824,3693
31825,1560
31826,-2961
31827,-10855
31828,-12867
31829,4942
31830,-4616
31831,-5341
31832,-1484
31833,94
31834,10774
31835,-6933
31836,-20713
31837,8441
31838,-1575
31839,-158
31840,13568
31841,-9693
31842,-8701
31843,5420
31844,2093
31845,7544
31846,-8083
31847,-10541
31848,7878
31849,-1819
31850,18351
31851,2402
31852,-9441
31853,-12526
31854,13135
31855,688
31856,1036
31857,-9022
31858,-11611
31859,15779
31860,-8168
31861,-13423
31862,18238
31863,1466
31864,-8872
31865,10132
31866,-6308
31867,-13248
31868,5905
31869,2330
31870,10222
31871,-271
31872,-3413
31873,3950
31874,-5513
31875,432
31876,10203
31877,-9396
31878,-13764
31879,5260
31880,-3062
31881,6953
31882,1510
31883,-16807
31884,32767
31885,-3467
31886,-5235
31887,12848
31888,-4129
31889,-9791
31890,12958
31891,-7941
31892,-2090
31893,4299
31894,-8877
31895,15086
31896,499
31897,-17171
31898,-100
31899,3028
31900,-3531
31901,9246
31902,-3592
31903,-13761
31904,-5490
31905,4083
31906,12385
31907,649
31908,-13350
31909,-16839
31910,366
31911,4418
31912,8791
31913,6307
31914,-3763
31915,-7042
31916,5471
31917,13331
31918,-9680
31919,-12227
31920,13814
31921,3722
31922,1682
31923,9356
31924,-10264
31925,-9274
31926,3891
31927,-2342
31928,8796
31929,71
31930,-10457
31931,2180
31932,7378
31933,249
31934,10220
31935,-6730
31936,-9922
31937,-8491
31938,936
31939,11179
31940,2943
31941,-20078
31942,32767
31943,2501
31944,-32768
31945,1078
31946,-11133
31947,-25487
31948,10510
31949,-9477
31950,-23506
31951,9377
31952,-3068
31953,32767
31954,-1189
31955,-10356
31956,-18039
31957,5142
31958,3637
31959,9714
31960,-9641
31961,-11781
31962,6957
31963,-636
31964,19527
31965,-780
31966,-15275
31967,-32768
31968,6065
31969,2044
31970,32767
31971,-4188
31972,1267
31973,14571
31974,-9248
31975,-25703
31976,30418
31977,-4492
31978,-234
31979,12449
31980,-12800
31981,-8767
31982,4849
31983,4609
31984,7333
31985,-11815
31986,-14504
31987,6928
31988,-5409
31989,-19110
31990,11300
31991,-10578
31992,-19232
31993,6614
31994,1903
31995,14589
31996,-9638
31997,-19017
31998,15159
31999,-5333
32000,-12692
32001,18180
32002,-11070
32003,-21385
32004,13511
32005,-9405
32006,-23320
32007,9373
32008,-41
32009,23105
32010,-7357
32011,-11054
32012,399
32013,5497
32014,-5762
32015,17010
32016,-10740
32017,-17999
32018,15910
32019,-4903
32020,-21149
32021,-160
32022,-5529
32023,-9393
32024,12030
32025,-10151
32026,-13772
32027,6680
32028,4393
32029,7687
32030,-9176
32031,-14940
32032,8143
32033,-308
32034,32767
32035,-1677
32036,-8738
32037,-28529
32038,6973
32039,2763
32040,32767
32041,-2905
32042,2679
32043,17837
32044,-4935
32045,-23032
32046,2902
32047,-4033
32048,-6781
32049,9857
32050,-11079
32051,-20971
32052,7318
32053,2376
32054,17949
32055,-7477
32056,-21722
32057,8870
32058,-3304
32059,-4603
32060,17048
32061,-13364
32062,-19322
32063,13545
32064,-10940
32065,-22399
32066,11938
32067,-3768
32068,19326
32069,-2526
32070,-10649
32071,-24953
32072,5919
32073,3272
32074,16034
32075,-11798
32076,-11514
32077,20135
32078,-3189
32079,2875
32080,-577
32081,-14172
32082,-30303
32083,8784
32084,2995
32085,32767
32086,1871
32087,109
32088,13026
32089,-1903
32090,-7795
32091,22124
32092,-4910
32093,687
32094,14599
32095,-15810
32096,-9628
32097,6928
32098,1177
32099,14546
32100,-10871
32101,-17636
32102,15929
32103,-5561
32104,-16037
32105,20457
32106,-12047
32107,-19517
32108,14048
32109,-11788
32110,-20979
32111,14679
32112,-5823
32113,20426
32114,-1179
32115,-9065
32116,-22949
32117,7144
32118,5536
32119,13320
32120,-11149
32121,-9819
32122,22492
32123,1299
32124,1225
32125,-9610
32126,-9380
32127,-4235
32128,7109
32129,-1837
32130,18473
32131,-11632
32132,-16419
32133,16914
32134,-9233
32135,-23904
32136,5587
32137,-2817
32138,-7139
32139,12912
32140,-12691
32141,-18740
32142,11276
32143,1342
32144,32767
32145,140
32146,2757
32147,20364
32148,-3924
32149,-32768
32150,-4415
32151,-808
32152,-4775
32153,13986
32154,-9866
32155,-18386
32156,-599
32157,1431
32158,16478
32159,-5580
32160,-18222
32161,-25557
32162,-4412
32163,-14371
32164,5841
32165,-3159
32166,-20139
32167,14430
32168,6604
32169,9661
32170,2790
32171,-253
32172,-32150
32173,-2047
32174,-885
32175,32767
32176,1353
32177,3005
32178,17839
32179,-304
32180,-8197
32181,2628
32182,-1450
32183,-4904
32184,-20628
32185,-1002
32186,-17334
32187,8745
32188,-11846
32189,-21123
32190,7149
32191,5305
32192,18246
32193,-9521
32194,-17227
32195,-13998
32196,674
32197,-3249
32198,15195
32199,-11828
32200,-16366
32201,12401
32202,1522
32203,22116
32204,-6093
32205,-13840
32206,-32768
32207,-5944
32208,-11752
32209,-20828
32210,-2893
32211,5706
32212,14110
32213,-12367
32214,-1118
32215,5685
32216,-13977
32217,32767
32218,-359
32219,-23006
32220,-25734
32221,12434
32222,3455
32223,32767
32224,1387
32225,272
32226,14360
32227,-10340
32228,-22194
32229,-2182
32230,-950
32231,-4519
32232,13861
32233,-13016
32234,-16290
32235,11122
32236,1993
32237,19293
32238,-8974
32239,-12787
32240,27358
32241,-3701
32242,-25743
32243,-14701
32244,-1104
32245,-4386
32246,32767
32247,-1185
32248,412
32249,11700
32250,-6495
32251,10425
32252,7553
32253,-24732
32254,-20457
32255,12932
32256,5123
32257,32767
32258,703
32259,2064
32260,17481
32261,-10376
32262,-21454
32263,13699
32264,-1126
32265,-2929
32266,19212
32267,-11762
32268,-16693
32269,9291
32270,968
32271,21897
32272,-10699
32273,-13685
32274,17323
32275,-6201
32276,-13249
32277,27080
32278,-2424
32279,-21490
32280,15186
32281,-9390
32282,-21082
32283,17097
32284,-4179
32285,8604
32286,9548
32287,-1343
32288,-24940
32289,7955
32290,-15282
32291,-20151
32292,7315
32293,1374
32294,18519
32295,-12338
32296,-15438
32297,15892
32298,-10591
32299,-21630
32300,15007
32301,-9359
32302,-25803
32303,641
32304,-1408
32305,-3643
32306,10796
32307,-2205
32308,25037
32309,-8121
32310,-10383
32311,-1950
32312,7711
32313,-4910
32314,16136
32315,-12602
32316,-15944
32317,12932
32318,-4317
32319,1236
32320,7078
32321,-16095
32322,-32307
32323,-3910
32324,-13718
32325,-26116
32326,13994
32327,873
32328,3505
32329,-11020
32330,-18794
32331,14054
32332,-10471
32333,-22446
32334,12989
32335,-10942
32336,-23469
32337,13370
32338,-10899
32339,-21860
32340,18976
32341,-1815
32342,8553
32343,-5877
32344,-10548
32345,-18602
32346,9116
32347,-5476
32348,32767
32349,1288
32350,-1670
32351,17540
32352,-9985
32353,-18551
32354,15709
32355,-906
32356,-32768
32357,-2372
32358,-13498
32359,-32768
32360,9746
32361,-11795
32362,-24893
32363,8998
32364,542
32365,27239
32366,-8963
32367,-10253
32368,-5509
32369,7190
32370,-3175
32371,15504
32372,-12085
32373,-17354
32374,11518
32375,-3906
32376,2225
32377,6223
32378,-15144
32379,-25003
32380,-4090
32381,-13417
32382,-26714
32383,7794
32384,751
32385,19917
32386,-11533
32387,-14425
32388,19578
32389,-5227
32390,-4678
32391,-1063
32392,-8351
32393,-29620
32394,12886
32395,-2715
32396,-31825
32397,-9171
32398,-21236
32399,3428
32400,4158
32401,-7513
32402,-31788
32403,-3114
32404,-3855
32405,3558
32406,-12186
32407,-17963
32408,16875
32409,-669
32410,-308
32411,3809
32412,-3070
32413,-17900
32414,-5558
32415,-10666
32416,-32347
32417,11496
32418,2435
32419,29006
32420,1173
32421,2044
32422,30211
32423,-8008
32424,-20913
32425,-22002
32426,-2160
32427,-5813
32428,20364
32429,-13084
32430,-17622
32431,14239
32432,-11620
32433,-19378
32434,15012
32435,-8166
32436,-6269
32437,-1789
32438,-9943
32439,-27261
32440,15806
32441,459
32442,32767
32443,4701
32444,2704
32445,22473
32446,-7029
32447,-20748
32448,-22472
32449,-2549
32450,-8566
32451,-29501
32452,5475
32453,290
32454,19704
32455,-10206
32456,-16959
32457,1494
32458,729
32459,-32768
32460,-3490
32461,-10413
32462,-32768
32463,4891
32464,-875
32465,-4045
32466,8809
32467,-2212
32468,22764
32469,-8361
32470,-16775
32471,-32768
32472,-4271
32473,-2394
32474,3653
32475,-12466
32476,-14175
32477,11585
32478,-58
32479,25662
32480,1776
32481,-32768
32482,-8739
32483,-1232
32484,-5815
32485,-26666
32486,-32768
32487,3104
32488,-236
32489,-10511
32490,-22538
32491,14180
32492,-8891
32493,-23888
32494,-6000
32495,-2692
32496,-7202
32497,13162
32498,-9044
32499,-3497
32500,-1195
32501,-12187
32502,-24784
32503,11472
32504,-4094
32505,-4882
32506,-5250
32507,-8563
32508,-26436
32509,-1914
32510,5302
32511,13591
32512,-11503
32513,-17565
32514,14187
32515,-3547
32516,5578
32517,9447
32518,-17987
32519,-27116
32520,18921
32521,-4114
32522,-3694
32523,11138
32524,-2672
32525,25172
32526,-6090
32527,-17016
32528,-32768
32529,-4821
32530,-6839
32531,29915
32532,-116
32533,-589
32534,12612
32535,-13442
32536,-19278
32537,14324
32538,-10221
32539,-7460
32540,8923
32541,-9231
32542,-19556
32543,17465
32544,1655
32545,32767
32546,887
32547,118
32548,16574
32549,-8816
32550,-22383
32551,-19083
32552,-3153
32553,-5436
32554,18051
32555,-14620
32556,-17327
32557,14867
32558,-11907
32559,-19284
32560,14918
32561,-3070
32562,32767
32563,-913
32564,-19829
32565,-28571
32566,10234
32567,-324
32568,7825
32569,3936
32570,-621
32571,20284
32572,-8398
32573,-19111
32574,-26923
32575,-6002
32576,-5281
32577,5632
32578,-13170
32579,-17008
32580,16903
32581,-6108
32582,-24090
32583,-19962
32584,1152
32585,6195
32586,-2339
32587,-25032
32588,-25457
32589,7942
32590,-2001
32591,23192
32592,-4613
32593,-11556
32594,31824
32595,-7496
32596,-22835
32597,-22220
32598,-2357
32599,-5175
32600,20838
32601,-11825
32602,-19789
32603,2442
32604,-1161
32605,-2582
32606,12960
32607,-6527
32608,32645
32609,-925
32610,-22200
32611,-27365
32612,8982
32613,-437
32614,24021
32615,-9362
32616,-16555
32617,20458
32618,-7094
32619,-21101
32620,-27843
32621,-6019
32622,-5130
32623,4387
32624,-13219
32625,-22330
32626,12301
32627,-12014
32628,-20560
32629,15471
32630,-4695
32631,32767
32632,-561
32633,-21047
32634,-32768
32635,8039
32636,-13955
32637,-22870
32638,8494
32639,847
32640,19882
32641,-9396
32642,-19727
32643,16088
32644,-5236
32645,-17673
32646,22993
32647,-10666
32648,-19567
32649,17790
32650,-8659
32651,-21236
32652,5591
32653,884
32654,32767
32655,103
32656,-23620
32657,-25417
32658,11773
32659,614
32660,32767
32661,2683
32662,-2104
32663,17410
32664,-8251
32665,-20726
32666,-25250
32667,-5584
32668,388
32669,3476
32670,-13117
32671,-22566
32672,12738
32673,-11201
32674,-21106
32675,13286
32676,-2599
32677,32767
32678,-1265
32679,-19650
32680,-28676
32681,10022
32682,13
32683,9574
32684,3887
32685,-520
32686,20009
32687,-8510
32688,-19264
32689,-25670
32690,-6254
32691,-2660
32692,5557
32693,-12376
32694,-20913
32695,14806
32696,-9340
32697,-22222
32698,6321
32699,291
32700,32767
32701,-452
32702,-23000
32703,-32768
32704,7999
32705,-13971
32706,-23215
32707,8523
32708,1223
32709,23503
32710,-7701
32711,-21566
32712,-24099
32713,-2194
32714,-4931
32715,19093
32716,-13847
32717,-17163
32718,15648
32719,-11363
32720,-18906
32721,15642
32722,-2736
32723,32767
32724,-475
32725,-19376
32726,-28101
32727,11128
32728,-647
32729,2511
32730,4964
32731,908
32732,23157
32733,-8610
32734,-15598
32735,-21745
32736,-8516
32737,-12006
32738,-31456
32739,-411
32740,1621
32741,14559
32742,-10014
32743,-19448
32744,-19880
32745,2324
32746,5122
32747,17112
32748,-14551
32749,-2243
32750,15211
32751,-18569
32752,-10895
32753,20849
32754,-1053
32755,-2437
32756,-5667
32757,-17629
32758,-32768
32759,-3402
32760,-6438
32761,31986
32762,800
32763,-5971
32764,13029
32765,-6717
32766,-16184
32767,21803
32768,-10342
32769,-23327
32770,12528
32771,-5927
32772,-19335
32773,19811
32774,-10045
32775,-24689
32776,13634
32777,-2772
32778,-32768
32779,15829
32780,-583
32781,-32768
32782,-4643
32783,-12273
32784,-31787
32785,8134
32786,1789
32787,32139
32788,-7856
32789,-15318
32790,-24449
32791,2775
32792,-8192
32793,-23827
32794,-6278
32795,-4244
32796,26964
32797,-999
32798,-2906
32799,11775
32800,-14349
32801,-18066
32802,14024
32803,-9398
32804,-4554
32805,-2057
32806,-11062
32807,-29192
32808,11876
32809,-10200
32810,-20747
32811,11960
32812,1603
32813,22537
32814,-4955
32815,-16667
32816,-32768
32817,-3468
32818,-14280
32819,9493
32820,-7345
32821,-31189
32822,-11
32823,-9165
32824,-22447
32825,15438
32826,-6284
32827,-10630
32828,-19630
32829,-2278
32830,-14136
32831,9152
32832,-14038
32833,-22752
32834,11437
32835,-12901
32836,-20034
32837,14444
32838,-5552
32839,-29420
32840,-3907
32841,-11453
32842,-32768
32843,8801
32844,-2782
32845,11183
32846,1520
32847,-13646
32848,25753
32849,-6204
32850,-11414
32851,-18319
32852,7717
32853,-4779
32854,32767
32855,-349
32856,-3538
32857,13922
32858,-11383
32859,-19021
32860,5221
32861,-32768
32862,-6060
32863,-774
32864,-13739
32865,-22468
32866,13633
32867,139
32868,29006
32869,1245
32870,-363
32871,32531
32872,-8939
32873,-10185
32874,-21800
32875,6594
32876,-9205
32877,21759
32878,-5780
32879,-13499
32880,25657
32881,-11063
32882,-15976
32883,18506
32884,-7516
32885,-19311
32886,-15568
32887,-1286
32888,-12655
32889,10728
32890,-12991
32891,-21426
32892,12878
32893,-1736
32894,32767
32895,-6175
32896,-9136
32897,-32180
32898,6117
32899,-18559
32900,-17027
32901,7433
32902,-311
32903,16526
32904,-11781
32905,-16400
32906,16435
32907,-4461
32908,-26313
32909,9825
32910,-11852
32911,-24113
32912,10688
32913,-11302
32914,-25259
32915,12438
32916,-9941
32917,-14499
32918,6741
32919,-7034
32920,-18794
32921,12700
32922,-15157
32923,-19943
32924,15362
32925,-2963
32926,32767
32927,2494
32928,979
32929,18478
32930,-9976
32931,-10768
32932,-9449
32933,5219
32934,-6240
32935,20246
32936,-12406
32937,-17257
32938,14343
32939,-10076
32940,-23084
32941,11786
32942,-5840
32943,-20208
32944,23628
32945,-149
32946,-4448
32947,13424
32948,-13151
32949,-18709
32950,13567
32951,-617
32952,32767
32953,-5793
32954,-8906
32955,-23474
32956,8150
32957,-9932
32958,24845
32959,-91
32960,-2493
32961,28616
32962,-9858
32963,-14714
32964,17809
32965,-4243
32966,-29398
32967,-29303
32968,5451
32969,-485
32970,17079
32971,-10782
32972,-21922
32973,14944
32974,-8541
32975,-24676
32976,17571
32977,-1521
32978,-14252
32979,17433
32980,-12130
32981,-20378
32982,17407
32983,-3178
32984,9807
32985,5728
32986,-246
32987,27491
32988,-2474
32989,-23900
32990,-28803
32991,8592
32992,-1251
32993,31228
32994,2199
32995,-766
32996,18049
32997,-10575
32998,-15736
32999,17638
33000,-4133
33001,-25642
33002,-21242
33003,911
33004,-5425
33005,12843
33006,-10887
33007,-17730
33008,17164
33009,-1452
33010,32767
33011,2849
33012,-13907
33013,-16016
33014,7306
33015,-16376
33016,-23878
33017,10672
33018,-13873
33019,-19475
33020,12268
33021,-3682
33022,32765
33023,-511
33024,-9282
33025,13832
33026,598
33027,-2914
33028,28912
33029,-5573
33030,-10588
33031,32767
33032,-7510
33033,-21090
33034,-20501
33035,-2108
33036,-6533
33037,20601
33038,381
33039,-2475
33040,13283
33041,-12628
33042,-20491
33043,12422
33044,-9454
33045,-25914
33046,-16172
33047,-3903
33048,-5130
33049,16674
33050,-15072
33051,-16975
33052,15186
33053,-4846
33054,2801
33055,9243
33056,-18620
33057,-1791
33058,-3604
33059,-10992
33060,-32768
33061,10002
33062,-3036
33063,-32768
33064,9030
33065,1122
33066,-32768
33067,4288
33068,-3673
33069,-22111
33070,-7529
33071,-10823
33072,-30036
33073,-277
33074,1994
33075,17866
33076,-9116
33077,-16999
33078,-19191
33079,-690
33080,-3901
33081,18699
33082,9618
33083,-1022
33084,3314
33085,-12476
33086,-18509
33087,14815
33088,-10015
33089,-19720
33090,17482
33091,-5644
33092,-8890
33093,-27331
33094,-2521
33095,-4178
33096,14147
33097,-14435
33098,-16615
33099,13005
33100,-2914
33101,32767
33102,-2469
33103,-11408
33104,-32768
33105,5998
33106,-12456
33107,-32768
33108,10728
33109,-3775
33110,-32768
33111,6039
33112,877
33113,26777
33114,-6888
33115,-9956
33116,-32768
33117,4928
33118,-19023
33119,-19555
33120,6287
33121,-1870
33122,19255
33123,-10925
33124,-18884
33125,14281
33126,-6005
33127,-19140
33128,21081
33129,-11505
33130,-20217
33131,12909
33132,-11082
33133,-23219
33134,12438
33135,-10987
33136,-23419
33137,16299
33138,-5291
33139,-31482
33140,9218
33141,-12649
33142,-21946
33143,15005
33144,-4215
33145,-5625
33146,9187
33147,-1393
33148,32767
33149,-1442
33150,-23947
33151,-31425
33152,7977
33153,-14756
33154,-19955
33155,10469
33156,-1064
33157,23879
33158,-7007
33159,-14155
33160,24431
33161,-2781
33162,-26935
33163,-32768
33164,6400
33165,-5514
33166,15330
33167,-111
33168,-17779
33169,21495
33170,-2916
33171,-12077
33172,-24388
33173,-2233
33174,-5234
33175,16384
33176,-13966
33177,-17457
33178,15747
33179,-10839
33180,-18353
33181,18270
33182,-1364
33183,32767
33184,2542
33185,-14082
33186,-15926
33187,8592
33188,-14637
33189,-20668
33190,12945
33191,-1806
33192,-31586
33193,9278
33194,-2841
33195,-32768
33196,-6010
33197,-13361
33198,-32768
33199,9165
33200,-10092
33201,1006
33202,2197
33203,-5723
33204,32767
33205,-5281
33206,-22831
33207,-31656
33208,-708
33209,-7095
33210,31739
33211,481
33212,-1209
33213,16634
33214,-13196
33215,-13738
33216,18042
33217,-6778
33218,-15811
33219,14748
33220,21578
33221,-4325
33222,-3620
33223,-11226
33224,-27385
33225,11331
33226,-9952
33227,-20883
33228,15483
33229,-3399
33230,-30412
33231,-3690
33232,-11186
33233,-31537
33234,9699
33235,-10580
33236,-23985
33237,13166
33238,-3007
33239,-16381
33240,471
33241,-5539
33242,-32768
33243,7079
33244,-11436
33245,-28786
33246,10582
33247,-453
33248,32767
33249,-3245
33250,-10492
33251,-5054
33252,6089
33253,-2852
33254,-32768
33255,6110
33256,-7570
33257,15665
33258,3278
33259,-18348
33260,-17499
33261,-580
33262,-8233
33263,32767
33264,-4160
33265,-22184
33266,-32768
33267,5517
33268,-4621
33269,17390
33270,-2181
33271,-20462
33272,15897
33273,-8185
33274,-21797
33275,13103
33276,-5812
33277,-22136
33278,20347
33279,-11980
33280,-18920
33281,12575
33282,-11506
33283,-21532
33284,11562
33285,-10494
33286,-24062
33287,-6363
33288,-2988
33289,-9314
33290,10812
33291,-14526
33292,-20673
33293,12974
33294,-11874
33295,-19611
33296,18294
33297,-2988
33298,-32768
33299,-14018
33300,-2238
33301,-14811
33302,9232
33303,-13418
33304,-21346
33305,15131
33306,-1408
33307,3939
33308,8221
33309,-2592
33310,-32768
33311,-4699
33312,-13813
33313,-26252
33314,12857
33315,3906
33316,2371
33317,-4015
33318,-6902
33319,32767
33320,-5549
33321,-22602
33322,-30236
33323,-873
33324,-10629
33325,13436
33326,-7215
33327,-3196
33328,8882
33329,-11965
33330,-15268
33331,19237
33332,-6754
33333,-27840
33334,-11527
33335,405
33336,-13644
33337,6721
33338,-3656
33339,-7180
33340,12130
33341,-14375
33342,-16716
33343,16892
33344,-5628
33345,-32768
33346,-2410
33347,-12088
33348,-28826
33349,9402
33350,-11571
33351,-25664
33352,13417
33353,-9303
33354,-7870
33355,8559
33356,-9292
33357,-19138
33358,7315
33359,-17015
33360,-22999
33361,11202
33362,-13278
33363,-20617
33364,13436
33365,-1415
33366,32767
33367,-6020
33368,-8507
33369,-32768
33370,6079
33371,-16518
33372,-23474
33373,10373
33374,-2587
33375,-3541
33376,4002
33377,-2255
33378,22937
33379,-3048
33380,-25616
33381,-26450
33382,7297
33383,-2682
33384,22105
33385,-5809
33386,-32768
33387,456
33388,-8505
33389,-25773
33390,12829
33391,-5270
33392,-19436
33393,24782
33394,-9124
33395,-20411
33396,-16092
33397,-690
33398,-6661
33399,15741
33400,-8116
33401,-17209
33402,-17638
33403,-3348
33404,-3046
33405,16075
33406,-13686
33407,-19364
33408,14304
33409,-10110
33410,-23896
33411,18379
33412,-2858
33413,-32768
33414,-15942
33415,-3993
33416,-5555
33417,16635
33418,-14079
33419,-16894
33420,17936
33421,-3126
33422,-7763
33423,8430
33424,-657
33425,-32768
33426,-4981
33427,-12034
33428,-32768
33429,11209
33430,-7906
33431,-25459
33432,2301
33433,3309
33434,22691
33435,-4970
33436,-17966
33437,-32768
33438,-4942
33439,-16827
33440,-20739
33441,7031
33442,-1064
33443,21330
33444,-10927
33445,-12488
33446,23046
33447,-4312
33448,-16592
33449,6709
33450,10080
33451,12660
33452,-1489
33453,-10924
33454,-23798
33455,14168
33456,-8613
33457,-22120
33458,16538
33459,-2742
33460,-25738
33461,-10281
33462,-23541
33463,-9623
33464,-694
33465,-12195
33466,-22552
33467,12668
33468,-7591
33469,-5513
33470,-3912
33471,-5449
33472,-28616
33473,15814
33474,-5670
33475,-13319
33476,19704
33477,-9921
33478,-17658
33479,13398
33480,1192
33481,32767
33482,-4852
33483,-7892
33484,-27064
33485,6489
33486,-16446
33487,-20916
33488,12554
33489,-3014
33490,-750
33491,2794
33492,-5059
33493,32767
33494,-1192
33495,-21050
33496,-30011
33497,8653
33498,-13678
33499,-19526
33500,17605
33501,399
33502,-2712
33503,-5695
33504,-16110
33505,31493
33506,-1506
33507,-26563
33508,-24350
33509,11281
33510,2923
33511,32767
33512,2701
33513,-839
33514,19557
33515,-7288
33516,-19968
33517,-32768
33518,-4723
33519,-8430
33520,24058
33521,-2657
33522,1850
33523,22147
33524,-12619
33525,-14426
33526,16814
33527,-8486
33528,-23322
33529,-20119
33530,128
33531,-12946
33532,-9009
33533,-4564
33534,-5476
33535,17331
33536,-14837
33537,-17765
33538,16727
33539,-5349
33540,-28540
33541,8743
33542,-12269
33543,-24499
33544,10140
33545,-11737
33546,-23430
33547,11130
33548,-11729
33549,-20597
33550,13269
33551,-7933
33552,-7004
33553,-1788
33554,-10656
33555,-25453
33556,12832
33557,-3576
33558,6595
33559,2649
33560,-4058
33561,-32768
33562,12983
33563,-2533
33564,-8388
33565,14388
33566,-12215
33567,-21521
33568,17518
33569,-765
33570,32767
33571,3805
33572,3402
33573,25739
33574,-6841
33575,-10358
33576,-18843
33577,7916
33578,-15993
33579,20873
33580,-2293
33581,-2651
33582,8084
33583,-8951
33584,-16846
33585,19176
33586,-3428
33587,-29633
33588,-25649
33589,6292
33590,-1668
33591,18646
33592,-10715
33593,-19124
33594,14854
33595,-9268
33596,-22251
33597,12124
33598,-6066
33599,-23297
33600,19308
33601,-11969
33602,-19915
33603,12746
33604,-11689
33605,-20022
33606,13519
33607,-8885
33608,-6689
33609,-2198
33610,-10697
33611,-29132
33612,11113
33613,-9829
33614,-21845
33615,13620
33616,-489
33617,-29372
33618,3234
33619,-3722
33620,-16837
33621,-24396
33622,-2443
33623,-10950
33624,11070
33625,-68
33626,32767
33627,959
33628,-205
33629,32767
33630,-2295
33631,-32768
33632,-5744
33633,-11856
33634,-6684
33635,-5590
33636,7076
33637,1292
33638,6721
33639,3269
33640,-255
33641,-22091
33642,1267
33643,-4543
33644,-21424
33645,-5886
33646,-4279
33647,32767
33648,335
33649,2471
33650,16140
33651,-12610
33652,-14118
33653,18462
33654,-7271
33655,-20217
33656,300
33657,5740
33658,-3835
33659,32767
33660,-1354
33661,-1740
33662,14485
33663,-12445
33664,-16147
33665,18667
33666,-2517
33667,-32768
33668,-10111
33669,-1772
33670,-12341
33671,9027
33672,-14049
33673,-23173
33674,12076
33675,-11915
33676,-6187
33677,6128
33678,-12692
33679,-32768
33680,7346
33681,-14646
33682,-25385
33683,11254
33684,-12495
33685,-21314
33686,13464
33687,-1092
33688,32767
33689,-5894
33690,-8769
33691,-23969
33692,8166
33693,-11431
33694,28856
33695,2735
33696,-1878
33697,29673
33698,2925
33699,-20064
33700,32767
33701,-2218
33702,-25201
33703,-26418
33704,9270
33705,-3488
33706,32767
33707,32767
33708,5480
33709,1818
33710,-9782
33711,-20013
33712,18148
33713,-3112
33714,-6014
33715,27089
33716,1189
33717,-4525
33718,13375
33719,-11341
33720,-20742
33721,15548
33722,-8037
33723,-24135
33724,-30615
33725,-2659
33726,-8151
33727,32767
33728,31210
33729,-15
33730,1427
33731,-12329
33732,-19395
33733,16041
33734,-6557
33735,-10785
33736,-21950
33737,-2486
33738,-3135
33739,15651
33740,-13547
33741,-18242
33742,15719
33743,-10047
33744,-18960
33745,18985
33746,-1269
33747,-32768
33748,-11160
33749,-695
33750,-15441
33751,5655
33752,-3737
33753,-7175
33754,11750
33755,-14207
33756,-17336
33757,16702
33758,-4276
33759,-32768
33760,-3011
33761,-9959
33762,-31599
33763,-7180
33764,-2571
33765,-11089
33766,10425
33767,-13995
33768,-21460
33769,15198
33770,-6086
33771,-30494
33772,7902
33773,-13150
33774,-25510
33775,9584
33776,-12403
33777,-25954
33778,11842
33779,-11145
33780,-8982
33781,5583
33782,-12474
33783,-32768
33784,8303
33785,-14510
33786,-21689
33787,12832
33788,-4212
33789,-31664
33790,1694
33791,-5942
33792,32767
33793,-2299
33794,-21367
33795,-29104
33796,10116
33797,3435
33798,28204
33799,1335
33800,743
33801,27903
33802,-8095
33803,-14392
33804,30073
33805,-2048
33806,-25848
33807,-24066
33808,11179
33809,-1653
33810,20561
33811,32767
33812,-32768
33813,164
33814,-5816
33815,-21519
33816,-32768
33817,-4487
33818,-18013
33819,-19804
33820,7383
33821,-4065
33822,22439
33823,-1821
33824,-2802
33825,10277
33826,-6870
33827,-25496
33828,-28109
33829,-1834
33830,-6061
33831,20608
33832,-12945
33833,-15672
33834,16727
33835,-10906
33836,-15842
33837,17219
33838,-6820
33839,-17074
33840,16568
33841,417
33842,-9155
33843,12755
33844,-4377
33845,-9925
33846,-362
33847,-10864
33848,-20919
33849,14891
33850,-6457
33851,-13788
33852,-17117
33853,-2208
33854,-12510
33855,9783
33856,-13061
33857,-23470
33858,11669
33859,-10681
33860,-23876
33861,16289
33862,-2375
33863,-13106
33864,15583
33865,-13423
33866,-21899
33867,14065
33868,-5111
33869,-24995
33870,14544
33871,-8987
33872,13238
33873,-6055
33874,-8193
33875,-24890
33876,7240
33877,-14395
33878,-20237
33879,-21028
33880,20328
33881,-252
33882,-7049
33883,-18601
33884,20413
33885,-2676
33886,-29754
33887,-23021
33888,7102
33889,-695
33890,22119
33891,-8874
33892,-17857
33893,-23935
33894,604
33895,-6467
33896,18185
33897,-3563
33898,-11833
33899,26242
33900,792
33901,-3912
33902,13723
33903,-11949
33904,-18286
33905,16770
33906,-6691
33907,-13220
33908,-21302
33909,-2743
33910,-4376
33911,15290
33912,-13565
33913,-19790
33914,14568
33915,-10305
33916,-20421
33917,17297
33918,-1654
33919,-32768
33920,-16369
33921,-1655
33922,-16257
33923,10037
33924,-11562
33925,-22019
33926,13300
33927,206
33928,-30515
33929,11015
33930,-1747
33931,-32768
33932,-5654
33933,-12989
33934,-32768
33935,9223
33936,-10495
33937,-22642
33938,10811
33939,1790
33940,28077
33941,-4772
33942,-15202
33943,-32768
33944,-4764
33945,-15188
33946,-23110
33947,14189
33948,-313
33949,3733
33950,-9164
33951,-14444
33952,22036
33953,-6946
33954,-11196
33955,-27791
33956,5839
33957,-18917
33958,-15329
33959,7047
33960,522
33961,19669
33962,-11522
33963,-12791
33964,21264
33965,-8157
33966,-11013
33967,-15853
33968,8590
33969,-1242
33970,32767
33971,742
33972,-1345
33973,17827
33974,-8012
33975,-17637
33976,25893
33977,1636
33978,-23866
33979,-29478
33980,6152
33981,-2272
33982,26293
33983,-1017
33984,-1897
33985,25671
33986,-2957
33987,-32768
33988,5106
33989,-5493
33990,-23218
33991,5327
33992,7209
33993,-3477
33994,12399
33995,-8614
33996,-17224
33997,14854
33998,1019
33999,-32768
34000,-1580
34001,-3918
34002,20665
34003,32767
34004,619
34005,-6966
34006,12944
34007,-10125
34008,-20131
34009,17331
34010,-121
34011,-32768
34012,-14024
34013,-2099
34014,-2083
34015,32767
34016,-1351
34017,-1917
34018,13327
34019,-12694
34020,-18026
34021,16945
34022,-2115
34023,-32768
34024,-13242
34025,-1604
34026,-16019
34027,9124
34028,-12656
34029,-24158
34030,12734
34031,-9947
34032,-18932
34033,15536
34034,-1536
34035,-32768
34036,43
34037,-8666
34038,-10999
34039,-895
34040,-7152
34041,-6117
34042,-2072
34043,-7201
34044,7403
34045,-26256
34046,-2620
34047,-10737
34048,9710
34049,-14093
34050,-19030
34051,17563
34052,-8492
34053,-4116
34054,3947
34055,-16202
34056,29549
34057,-2948
34058,-10979
34059,-16345
34060,7057
34061,-19134
34062,-14496
34063,16295
34064,-3872
34065,654
34066,-6521
34067,-14887
34068,30236
34069,-1632
34070,-25974
34071,-29485
34072,8433
34073,-14683
34074,-18128
34075,10273
34076,349
34077,21465
34078,-7064
34079,-13490
34080,30071
34081,-2041
34082,-25113
34083,-28430
34084,10283
34085,1646
34086,32767
34087,2812
34088,-1032
34089,18503
34090,-7818
34091,-21030
34092,-22500
34093,-3242
34094,-8854
34095,-20691
34096,4222
34097,-1840
34098,19087
34099,-13731
34100,-15255
34101,15570
34102,-11398
34103,-17915
34104,15659
34105,-8023
34106,-11782
34107,-1372
34108,-10372
34109,-27432
34110,11100
34111,-10564
34112,-21883
34113,15549
34114,-4417
34115,-28847
34116,-3991
34117,-11728
34118,-32501
34119,10289
34120,-10511
34121,-22643
34122,12738
34123,783
34124,32436
34125,-3672
34126,-15611
34127,-32768
34128,-4673
34129,-16303
34130,-24152
34131,12019
34132,-1034
34133,4196
34134,-4094
34135,-10438
34136,32767
34137,-7761
34138,-9460
34139,-32768
34140,6033
34141,-14258
34142,-24314
34143,3422
34144,-2770
34145,7248
34146,-1077
34147,-2571
34148,15281
34149,-12534
34150,-10116
34151,32767
34152,1704
34153,-18680
34154,12127
34155,1958
34156,-2656
34157,20362
34158,-3530
34159,-21154
34160,2279
34161,-2660
34162,1584
34163,22310
34164,-756
34165,-1846
34166,25229
34167,-6065
34168,-32768
34169,-7345
34170,902
34171,-8627
34172,16274
34173,-3326
34174,-3954
34175,29247
34176,802
34177,-4179
34178,12903
34179,-11728
34180,-20711
34181,14048
34182,-8819
34183,-24240
34184,-18725
34185,-3801
34186,-6609
34187,18863
34188,-14550
34189,-15471
34190,15293
34191,-11415
34192,-17573
34193,16922
34194,-7177
34195,-20706
34196,-17242
34197,-2821
34198,-4098
34199,18652
34200,-11880
34201,-19552
34202,-6332
34203,-840
34204,-6324
34205,12803
34206,-11855
34207,-21503
34208,-3653
34209,-2487
34210,-7021
34211,12308
34212,-14425
34213,-17267
34214,15252
34215,-6153
34216,-6486
34217,3741
34218,-5047
34219,-32768
34220,6991
34221,-11766
34222,-27117
34223,9311
34224,-11104
34225,-25834
34226,10667
34227,-10215
34228,-24565
34229,17032
34230,-2659
34231,-17091
34232,14102
34233,-13091
34234,-25654
34235,10968
34236,-11761
34237,-27276
34238,12843
34239,-4472
34240,3418
34241,5203
34242,-12239
34243,-32768
34244,7618
34245,-13784
34246,-23988
34247,12692
34248,-1907
34249,-28663
34250,7385
34251,-1726
34252,28860
34253,-2271
34254,-24258
34255,-28661
34256,10266
34257,1823
34258,32767
34259,1735
34260,-2215
34261,16573
34262,-9625
34263,-16681
34264,16693
34265,-3926
34266,-29785
34267,12334
34268,747
34269,-14886
34270,21813
34271,-8713
34272,-21148
34273,16050
34274,-7640
34275,-24224
34276,-22560
34277,-3633
34278,-8310
34279,18851
34280,-14995
34281,-14321
34282,16455
34283,-9491
34284,-26599
34285,-650
34286,-9182
34287,-13015
34288,8583
34289,-9649
34290,-27333
34291,15284
34292,-14201
34293,-16632
34294,14838
34295,-6350
34296,-13222
34297,769
34298,-9324
34299,-2138
34300,-3217
34301,-11079
34302,-28859
34303,11051
34304,-10895
34305,-20494
34306,14328
34307,-2685
34308,32767
34309,626
34310,-17169
34311,2466
34312,-4142
34313,-10488
34314,-28897
34315,10096
34316,2203
34317,143
34318,5954
34319,4195
34320,29790
34321,-8042
34322,-6203
34323,27572
34324,7088
34325,-17190
34326,-20382
34327,8566
34328,-1480
34329,-10097
34330,274
34331,-1859
34332,10215
34333,6036
34334,-192
34335,-32177
34336,7674
34337,-10437
34338,-25691
34339,456
34340,2131
34341,19944
34342,-7561
34343,-15252
34344,21624
34345,-3189
34346,-27110
34347,-32768
34348,6370
34349,-6665
34350,13738
34351,2914
34352,-12479
34353,-10494
34354,4659
34355,-4895
34356,21950
34357,-2904
34358,-13799
34359,18301
34360,-1158
34361,-143
34362,22078
34363,-11248
34364,-18088
34365,18271
34366,-7501
34367,-22340
34368,-32768
34369,-4638
34370,-7772
34371,4636
34372,-8181
34373,13333
34374,-2857
34375,-7398
34376,-26083
34377,13637
34378,1978
34379,-32265
34380,-32768
34381,-3569
34382,17352
34383,-1856
34384,-11421
34385,-19370
34386,17784
34387,2968
34388,-14324
34389,6735
34390,883
34391,-26645
34392,14199
34393,9171
34394,21525
34395,-3470
34396,-11294
34397,-24176
34398,13264
34399,-8922
34400,-20889
34401,7573
34402,-32768
34403,-3972
34404,-471
34405,-13490
34406,-22661
34407,13359
34408,-11084
34409,-18680
34410,14987
34411,-194
34412,31081
34413,-5738
34414,-6876
34415,-27891
34416,2930
34417,-4196
34418,-4847
34419,10736
34420,-13447
34421,-18438
34422,893
34423,248
34424,22132
34425,-6386
34426,-9510
34427,-19348
34428,6672
34429,-16749
34430,-18427
34431,8481
34432,-3563
34433,11011
34434,3445
34435,-11927
34436,30464
34437,-765
34438,-16488
34439,-4196
34440,10095
34441,1263
34442,32767
34443,379
34444,-2227
34445,16453
34446,-9954
34447,-16182
34448,17802
34449,-3761
34450,-28633
34451,-25165
34452,5790
34453,486
34454,19730
34455,-10771
34456,-16939
34457,19745
34458,-7146
34459,-21736
34460,-32768
34461,-4812
34462,-2721
34463,32767
34464,-930
34465,-2304
34466,13476
34467,-12651
34468,-17110
34469,17869
34470,-2201
34471,-32768
34472,-10507
34473,-1393
34474,-12000
34475,9916
34476,-12954
34477,-21790
34478,12651
34479,-10853
34480,-20130
34481,15673
34482,-6290
34483,-10477
34484,-24210
34485,-3081
34486,-5279
34487,14634
34488,-14302
34489,-19065
34490,14203
34491,-11071
34492,-19352
34493,17394
34494,-2403
34495,-32768
34496,-13680
34497,-1885
34498,-12843
34499,9991
34500,-13719
34501,-19808
34502,13527
34503,-2016
34504,32767
34505,-5327
34506,-8264
34507,-28285
34508,5748
34509,-15607
34510,-24366
34511,12719
34512,-9809
34513,968
34514,462
34515,-15371
34516,22863
34517,-6281
34518,-11678
34519,-32768
34520,5846
34521,-9389
34522,-24698
34523,6770
34524,-2574
34525,23690
34526,-11255
34527,-16067
34528,17232
34529,-5244
34530,-15333
34531,4791
34532,2681
34533,-4820
34534,-3046
34535,-1080
34536,-6136
34537,13813
34538,-11264
34539,-21973
34540,21438
34541,-1895
34542,-18962
34543,17130
34544,-7652
34545,-13464
34546,21928
34547,-10463
34548,-21676
34549,12872
34550,-8323
34551,-26976
34552,-20513
34553,-3434
34554,-7813
34555,17312
34556,-13400
34557,-20079
34558,13505
34559,-10706
34560,-23187
34561,17790
34562,-4275
34563,-32768
34564,7420
34565,-7359
34566,-22828
34567,17187
34568,-12484
34569,-19234
34570,15293
34571,-6169
34572,-1832
34573,2918
34574,-4453
34575,-32768
34576,7676
34577,-9923
34578,-30098
34579,-10017
34580,-2265
34581,-10217
34582,12633
34583,-11114
34584,-19835
34585,20494
34586,-2636
34587,-32768
34588,-1671
34589,-14570
34590,-22783
34591,11637
34592,-10455
34593,3457
34594,-3121
34595,-9922
34596,-4359
34597,4317
34598,-11926
34599,-32768
34600,8047
34601,-13783
34602,-22066
34603,13762
34604,88
34605,5922
34606,3374
34607,-1022
34608,-6086
34609,7378
34610,-1147
34611,-16454
34612,10288
34613,-8483
34614,32767
34615,32767
34616,4345
34617,1242
34618,-7955
34619,-19436
34620,20460
34621,-2471
34622,-31828
34623,-17401
34624,8340
34625,-5006
34626,19372
34627,-851
34628,-24185
34629,1702
34630,-8482
34631,-18818
34632,15285
34633,-3848
34634,-27461
34635,10881
34636,-2952
34637,-26016
34638,12964
34639,-8811
34640,-23063
34641,13591
34642,-8298
34643,-24034
34644,-17740
34645,-4265
34646,-8262
34647,17316
34648,-15313
34649,-16444
34650,13624
34651,-12442
34652,-18612
34653,15569
34654,-8032
34655,-10388
34656,-19288
34657,-1904
34658,-13218
34659,10734
34660,-12065
34661,-20777
34662,13123
34663,144
34664,-32768
34665,9253
34666,-1584
34667,-32768
34668,-5689
34669,-12335
34670,-29703
34671,14331
34672,1833
34673,5981
34674,-6887
34675,-16967
34676,-25588
34677,4171
34678,-8731
34679,-32768
34680,-4563
34681,-7136
34682,27857
34683,-2362
34684,750
34685,22766
34686,-12735
34687,-13663
34688,17281
34689,-9242
34690,-11631
34691,-2222
34692,8574
34693,4202
34694,1360
34695,-10647
34696,-23117
34697,15464
34698,-7869
34699,-21865
34700,18871
34701,-281
34702,-32768
34703,-18525
34704,-3666
34705,-3431
34706,13484
34707,-16749
34708,-14710
34709,14585
34710,-8113
34711,-21828
34712,-2190
34713,-5100
34714,-23485
34715,5861
34716,-6444
34717,32767
34718,19541
34719,-431
34720,32767
34721,70
34722,10486
34723,24233
34724,572
34725,14831
34726,-1599
34727,10753
34728,10298
34729,4499
34730,12385
34731,3402
34732,12019
34733,16649
34734,14914
34735,29418
34736,14640
34737,2998
34738,15661
34739,16937
34740,11589
34741,16565
34742,16134
34743,18221
34744,21477
34745,11700
34746,26290
34747,13207
34748,-1880
34749,-2678
34750,18210
34751,13696
34752,18937
34753,14229
34754,14116
34755,25014
34756,10029
34757,18781
34758,17940
34759,32767
34760,-375
34761,15889
34762,14282
34763,15726
34764,21312
34765,11332
34766,23001
34767,12743
34768,19770
34769,23794
34770,10220
34771,-32768
34772,-1875
34773,27185
34774,8574
34775,20410
34776,12274
34777,20602
34778,12216
34779,16092
34780,17797
34781,16614
34782,-3280
34783,-4758
34784,24662
34785,8398
34786,16153
34787,13217
34788,16685
34789,21726
34790,12265
34791,19839
34792,17739
34793,15328
34794,-32768
34795,586
34796,11937
34797,20189
34798,13076
34799,14553
34800,21136
34801,12976
34802,21204
34803,26711
34804,9345
34805,32767
34806,-739
34807,10326
34808,14361
34809,17401
34810,14524
34811,20547
34812,14921
34813,12398
34814,32767
34815,12243
34816,15451
34817,32767
34818,4493
34819,8681
34820,32767
34821,3762
34822,21796
34823,14701
34824,8482
34825,21813
34826,15612
34827,17094
34828,32767
34829,6009
34830,14039
34831,22825
34832,10435
34833,16212
34834,19072
34835,14297
34836,14789
34837,19351
34838,18342
34839,21794
34840,32767
34841,-2673
34842,11516
34843,32767
34844,7299
34845,9716
34846,22259
34847,14578
34848,17307
34849,18046
34850,15900
34851,8976
34852,-2760
34853,12794
34854,20255
34855,12287
34856,17411
34857,16890
34858,13529
34859,26665
34860,11064
34861,32767
34862,4392
34863,-32768
34864,-1195
34865,12718
34866,14013
34867,12196
34868,22952
34869,12211
34870,32767
34871,8254
34872,17489
34873,-934
34874,-16012
34875,-3920
34876,14684
34877,17373
34878,11659
34879,21679
34880,11671
34881,24194
34882,10248
34883,12619
34884,20521
34885,17639
34886,32767
34887,-2366
34888,29254
34889,8248
34890,29900
34891,6625
34892,14811
34893,16015
34894,18054
34895,13898
34896,18913
34897,32767
34898,475
34899,23665
34900,13599
34901,14427
34902,23287
34903,12039
34904,26096
34905,11887
34906,16671
34907,18175
34908,16584
34909,-32768
34910,-2739
34911,-8410
34912,10188
34913,11766
34914,21553
34915,14237
34916,14295
34917,22231
34918,16948
34919,13387
34920,-15370
34921,-5322
34922,32407
34923,8040
34924,19531
34925,17815
34926,13714
34927,19488
34928,15682
34929,22000
34930,14631
34931,13388
34932,-32768
34933,-2684
34934,22230
34935,11082
34936,16902
34937,15197
34938,20129
34939,13777
34940,23900
34941,15051
34942,13957
34943,32767
34944,-2174
34945,23004
34946,10193
34947,24507
34948,10604
34949,32211
34950,5570
34951,14724
34952,12450
34953,13051
34954,21388
34955,32767
34956,1494
34957,9596
34958,20284
34959,6590
34960,16098
34961,16935
34962,13515
34963,14682
34964,21299
34965,21639
34966,-32768
34967,2076
34968,11818
34969,16906
34970,10574
34971,13122
34972,16847
34973,12593
34974,20940
34975,13012
34976,16176
34977,27828
34978,7940
34979,-3360
34980,16380
34981,16554
34982,12317
34983,17615
34984,13515
34985,15695
34986,16755
34987,15132
34988,17566
34989,22949
34990,-16747
34991,6979
34992,15484
34993,16331
34994,12923
34995,17895
34996,19228
34997,13049
34998,11330
34999,28185
35000,9830
35001,32767
35002,1929
35003,21789
35004,11241
35005,19169
35006,17950
35007,15234
35008,22087
35009,8727
35010,18719
35011,9619
35012,32767
35013,-142
35014,19110
35015,17466
35016,12121
35017,31972
35018,7811
35019,26092
35020,10272
35021,8972
35022,14816
35023,26757
35024,-32768
35025,738
35026,23848
35027,7630
35028,19101
35029,-954
35030,14953
35031,18835
35032,12164
35033,32767
35034,8020
35035,32767
35036,228
35037,27996
35038,6181
35039,18834
35040,15885
35041,16309
35042,22182
35043,12688
35044,21448
35045,16470
35046,18285
35047,-32768
35048,1361
35049,17744
35050,13787
35051,13436
35052,21971
35053,12815
35054,22603
35055,15869
35056,25175
35057,11300
35058,-32768
35059,2426
35060,16807
35061,17484
35062,18727
35063,14940
35064,20191
35065,17120
35066,13693
35067,26694
35068,9441
35069,13612
35070,-32768
35071,2570
35072,10246
35073,22506
35074,13770
35075,15979
35076,29124
35077,4526
35078,27507
35079,15775
35080,15869
35081,32767
35082,-955
35083,7332
35084,24563
35085,18758
35086,7427
35087,26128
35088,1162
35089,19738
35090,16392
35091,12404
35092,23898
35093,23328
35094,-8874
35095,16651
35096,15463
35097,12783
35098,19413
35099,14746
35100,15131
35101,20511
35102,15391
35103,17215
35104,-32768
35105,3343
35106,8470
35107,13434
35108,17589
35109,18318
35110,18867
35111,12614
35112,20364
35113,21405
35114,19240
35115,17398
35116,18563
35117,3480
35118,11368
35119,20364
35120,14940
35121,17416
35122,20485
35123,14962
35124,16306
35125,15744
35126,25106
35127,32767
35128,-1854
35129,13410
35130,16059
35131,13471
35132,20743
35133,15589
35134,15803
35135,25020
35136,8901
35137,19713
35138,8445
35139,32767
35140,-920
35141,15738
35142,15907
35143,18781
35144,9627
35145,12131
35146,21150
35147,13563
35148,17361
35149,17832
35150,32767
35151,-1586
35152,19501
35153,13995
35154,16131
35155,19581
35156,6277
35157,17304
35158,23224
35159,13644
35160,24878
35161,14455
35162,32767
35163,4780
35164,13092
35165,10222
35166,22511
35167,8808
35168,17920
35169,20117
35170,15824
35171,21555
35172,20303
35173,-32768
35174,2343
35175,24370
35176,6061
35177,15719
35178,14206
35179,22661
35180,13194
35181,22015
35182,19409
35183,13545
35184,15118
35185,-32768
35186,537
35187,16742
35188,16077
35189,10374
35190,14138
35191,22760
35192,13928
35193,18739
35194,26576
35195,10220
35196,-32768
35197,-187
35198,16441
35199,14207
35200,16045
35201,18758
35202,18824
35203,15594
35204,14620
35205,23379
35206,16244
35207,14644
35208,-32768
35209,-1109
35210,14482
35211,15229
35212,15401
35213,16425
35214,21266
35215,12683
35216,17988
35217,19906
35218,16856
35219,32767
35220,263
35221,16686
35222,14130
35223,21849
35224,10532
35225,23490
35226,12549
35227,21043
35228,14608
35229,21190
35230,16182
35231,-32768
35232,62
35233,12663
35234,23291
35235,9506
35236,17531
35237,20711
35238,15949
35239,17270
35240,20594
35241,17585
35242,4113
35243,6404
35244,8234
35245,20917
35246,11333
35247,16539
35248,18943
35249,15716
35250,17155
35251,17188
35252,18868
35253,20407
35254,32767
35255,86
35256,16653
35257,15540
35258,15672
35259,15441
35260,16767
35261,13993
35262,21599
35263,14125
35264,20079
35265,2233
35266,4556
35267,15745
35268,14231
35269,16364
35270,18266
35271,15688
35272,16780
35273,18766
35274,14954
35275,19173
35276,12875
35277,32767
35278,-1091
35279,19762
35280,13689
35281,15519
35282,19361
35283,12780
35284,20868
35285,12645
35286,23924
35287,13799
35288,-32768
35289,400
35290,19149
35291,15030
35292,13694
35293,17057
35294,14991
35295,18241
35296,15296
35297,16457
35298,18980
35299,19805
35300,32767
35301,-1307
35302,17245
35303,14080
35304,17509
35305,13465
35306,18691
35307,15000
35308,20855
35309,16308
35310,18075
35311,-32768
35312,-1060
35313,20166
35314,12849
35315,14550
35316,18382
35317,19224
35318,13505
35319,19099
35320,16405
35321,25313
35322,11915
35323,-32768
35324,209
35325,16066
35326,15440
35327,16177
35328,15907
35329,15988
35330,15790
35331,17210
35332,21589
35333,12357
35334,-32768
35335,-2593
35336,20560
35337,17696
35338,13111
35339,17703
35340,16020
35341,19827
35342,13342
35343,19462
35344,15373
35345,18060
35346,22045
35347,-1720
35348,18351
35349,14056
35350,21667
35351,11886
35352,23179
35353,11048
35354,24221
35355,13955
35356,21181
35357,32767
35358,-1463
35359,23086
35360,10856
35361,19289
35362,12479
35363,17923
35364,15685
35365,14813
35366,19715
35367,22194
35368,14548
35369,32767
35370,-113
35371,14244
35372,17496
35373,11974
35374,18499
35375,16880
35376,15876
35377,16584
35378,20467
35379,18004
35380,32767
35381,4783
35382,11576
35383,13942
35384,17617
35385,15425
35386,16698
35387,19160
35388,15830
35389,20395
35390,13775
35391,24712
35392,28953
35393,2002
35394,16165
35395,15207
35396,18445
35397,14077
35398,19278
35399,13029
35400,28854
35401,13960
35402,19333
35403,32767
35404,2244
35405,15005
35406,14028
35407,20255
35408,13813
35409,19387
35410,14296
35411,22155
35412,11695
35413,24589
35414,11970
35415,32767
35416,2311
35417,13558
35418,19846
35419,11830
35420,19376
35421,15356
35422,17130
35423,16576
35424,18897
35425,15731
35426,32767
35427,1861
35428,9783
35429,20114
35430,12516
35431,19457
35432,13649
35433,17556
35434,16214
35435,19405
35436,15793
35437,25520
35438,32767
35439,1466
35440,17845
35441,13134
35442,17091
35443,16249
35444,16548
35445,14179
35446,22530
35447,16970
35448,21635
35449,32767
35450,1911
35451,15072
35452,15156
35453,14273
35454,18040
35455,16963
35456,17956
35457,17736
35458,15526
35459,26860
35460,12569
35461,-2947
35462,1414
35463,16193
35464,17961
35465,11337
35466,24879
35467,12879
35468,22782
35469,12353
35470,21855
35471,15014
35472,32767
35473,2024
35474,13304
35475,17719
35476,16279
35477,19281
35478,13984
35479,17193
35480,15121
35481,19342
35482,13987
35483,20686
35484,32767
35485,2005
35486,17344
35487,11137
35488,20679
35489,13112
35490,19468
35491,13460
35492,18947
35493,20558
35494,17674
35495,32767
35496,863
35497,17938
35498,12569
35499,18539
35500,14771
35501,15154
35502,18253
35503,15720
35504,14686
35505,26674
35506,13726
35507,-32768
35508,58
35509,18963
35510,14540
35511,13660
35512,16921
35513,17255
35514,17800
35515,16458
35516,21975
35517,15061
35518,-32768
35519,2113
35520,14431
35521,15990
35522,16123
35523,15960
35524,17336
35525,17479
35526,18073
35527,17183
35528,15007
35529,20261
35530,-32768
35531,959
35532,16787
35533,14482
35534,14865
35535,17123
35536,21189
35537,14385
35538,19622
35539,14853
35540,19939
35541,-32768
35542,2318
35543,17359
35544,15955
35545,15909
35546,13060
35547,19479
35548,14799
35549,19242
35550,17725
35551,17395
35552,16506
35553,32767
35554,-1316
35555,15501
35556,19473
35557,10518
35558,18373
35559,16377
35560,16088
35561,19779
35562,16625
35563,21254
35564,15781
35565,4265
35566,15128
35567,18029
35568,11545
35569,20161
35570,13871
35571,17693
35572,17570
35573,20125
35574,16963
35575,19630
35576,32767
35577,-1352
35578,19988
35579,14473
35580,13990
35581,17317
35582,17206
35583,18836
35584,16681
35585,16899
35586,24337
35587,20428
35588,3592
35589,14414
35590,16350
35591,14208
35592,20475
35593,15893
35594,17124
35595,16131
35596,17668
35597,20881
35598,15525
35599,-32768
35600,-450
35601,18766
35602,15200
35603,15561
35604,18195
35605,16594
35606,17403
35607,15986
35608,24055
35609,14185
35610,8792
35611,2482
35612,19498
35613,16316
35614,14159
35615,17185
35616,16315
35617,20367
35618,13077
35619,19526
35620,18770
35621,14613
35622,32767
35623,-525
35624,16076
35625,17360
35626,13995
35627,15061
35628,20156
35629,13765
35630,17343
35631,21495
35632,15284
35633,-32768
35634,-1320
35635,17627
35636,13465
35637,14407
35638,18141
35639,14272
35640,17670
35641,15430
35642,21188
35643,18220
35644,14509
35645,32767
35646,100
35647,15989
35648,13916
35649,15049
35650,16012
35651,21267
35652,13250
35653,18889
35654,16976
35655,21257
35656,32767
35657,3933
35658,14297
35659,14560
35660,16333
35661,13297
35662,19652
35663,16668
35664,19600
35665,13426
35666,21376
35667,16628
35668,-32768
35669,466
35670,13453
35671,18590
35672,13791
35673,21794
35674,15612
35675,16036
35676,19722
35677,15107
35678,20827
35679,-32768
35680,2086
35681,11339
35682,14088
35683,18207
35684,14555
35685,17863
35686,13007
35687,17699
35688,21520
35689,15551
35690,20495
35691,25627
35692,-4350
35693,19571
35694,12355
35695,15516
35696,18532
35697,16924
35698,13080
35699,25098
35700,11442
35701,29173
35702,32767
35703,-2604
35704,20132
35705,16984
35706,10002
35707,17584
35708,16099
35709,16292
35710,16994
35711,15218
35712,21817
35713,17056
35714,32767
35715,1276
35716,14853
35717,20424
35718,11296
35719,16846
35720,12853
35721,22624
35722,19472
35723,19269
35724,13651
35725,32767
35726,784
35727,16947
35728,16802
35729,12166
35730,20251
35731,19740
35732,12899
35733,14588
35734,26458
35735,13583
35736,20110
35737,32767
35738,906
35739,13651
35740,13921
35741,15513
35742,18178
35743,21220
35744,10847
35745,20946
35746,17353
35747,17367
35748,-15047
35749,3157
35750,17921
35751,16497
35752,16776
35753,10254
35754,19625
35755,19533
35756,16223
35757,10515
35758,23356
35759,14095
35760,-32768
35761,-2323
35762,11933
35763,22379
35764,12049
35765,16209
35766,10114
35767,18804
35768,19492
35769,16600
35770,13831
35771,-32768
35772,-2261
35773,10296
35774,12143
35775,21019
35776,11794
35777,21396
35778,9377
35779,15752
35780,20649
35781,20556
35782,20231
35783,30182
35784,1180
35785,18157
35786,7411
35787,22318
35788,14668
35789,23178
35790,11677
35791,32767
35792,6641
35793,31983
35794,-32768
35795,-232
35796,17224
35797,18893
35798,8393
35799,15781
35800,14923
35801,19928
35802,18771
35803,14639
35804,20938
35805,16292
35806,32767
35807,-1537
35808,13966
35809,16924
35810,11436
35811,32767
35812,8144
35813,20356
35814,18938
35815,15136
35816,17088
35817,30817
35818,5075
35819,18048
35820,13536
35821,14533
35822,19232
35823,16027
35824,17740
35825,13885
35826,16948
35827,29556
35828,7434
35829,-14883
35830,-4888
35831,27148
35832,9454
35833,13272
35834,21332
35835,13328
35836,17663
35837,16434
35838,19487
35839,14100
35840,3226
35841,-8063
35842,23216
35843,12061
35844,14438
35845,9986
35846,24251
35847,14487
35848,20163
35849,20005
35850,14235
35851,23674
35852,32767
35853,-1104
35854,9749
35855,17551
35856,14831
35857,14037
35858,16936
35859,14893
35860,15941
35861,32767
35862,7253
35863,32767
35864,2965
35865,10713
35866,14705
35867,16709
35868,11496
35869,15468
35870,21007
35871,9137
35872,28286
35873,12670
35874,23109
35875,16590
35876,8942
35877,12047
35878,17175
35879,11686
35880,13176
35881,28581
35882,13509
35883,12228
35884,17881
35885,17085
35886,-32768
35887,555
35888,14480
35889,15810
35890,23110
35891,8561
35892,21354
35893,13876
35894,14612
35895,21661
35896,10555
35897,22680
35898,32767
35899,-8812
35900,6373
35901,17552
35902,15918
35903,13306
35904,32767
35905,7567
35906,22668
35907,19350
35908,18630
35909,-32768
35910,2084
35911,9838
35912,17683
35913,11765
35914,19995
35915,17623
35916,14655
35917,17387
35918,21699
35919,8546
35920,32767
35921,17081
35922,2286
35923,15350
35924,21354
35925,7231
35926,20248
35927,12967
35928,19574
35929,11263
35930,18139
35931,16343
35932,-32768
35933,306
35934,13833
35935,16435
35936,15935
35937,19782
35938,9949
35939,23243
35940,16982
35941,16693
35942,13138
35943,17307
35944,32767
35945,1926
35946,17327
35947,14132
35948,13325
35949,32767
35950,7144
35951,16822
35952,18893
35953,20568
35954,32007
35955,-919
35956,6650
35957,13921
35958,10388
35959,6548
35960,28133
35961,14069
35962,12494
35963,25260
35964,9841
35965,20270
35966,13997
35967,6674
35968,-4221
35969,31719
35970,9434
35971,18078
35972,12966
35973,20129
35974,13019
35975,22596
35976,26564
35977,9796
35978,22009
35979,-5967
35980,11238
35981,15883
35982,14842
35983,29129
35984,8244
35985,21402
35986,13736
35987,18773
35988,22311
35989,10133
35990,-32768
35991,257
35992,10799
35993,20921
35994,14467
35995,13762
35996,23748
35997,4509
35998,20104
35999,17482
36000,17280
36001,32767
36002,3539
36003,15445
36004,17069
36005,17055
36006,16502
36007,14161
36008,32767
36009,7692
36010,32094
36011,9185
36012,13421
36013,1185
36014,8237
36015,13197
36016,14767
36017,32767
36018,3934
36019,31210
36020,10467
36021,23747
36022,19153
36023,15964
36024,-29367
36025,4895
36026,5954
36027,11050
36028,31752
36029,10194
36030,15342
36031,15659
36032,14883
36033,26108
36034,16053
36035,20576
36036,-20284
36037,-4966
36038,5180
36039,9037
36040,17491
36041,12719
36042,21184
36043,14140
36044,17683
36045,14319
36046,18593
36047,-32768
36048,-779
36049,3252
36050,15176
36051,14213
36052,13390
36053,24184
36054,12834
36055,24949
36056,8373
36057,10192
36058,32767
36059,-13331
36060,3900
36061,17381
36062,15886
36063,14045
36064,24358
36065,11713
36066,10948
36067,21476
36068,8924
36069,14205
36070,32767
36071,2529
36072,17889
36073,17277
36074,13126
36075,15553
36076,-18955
36077,5290
36078,21920
36079,16940
36080,26203
36081,11035
36082,29077
36083,-3284
36084,13057
36085,7426
36086,6571
36087,27469
36088,11813
36089,18772
36090,15408
36091,21645
36092,10398
36093,32767
36094,-22368
36095,2547
36096,32767
36097,6702
36098,12752
36099,19875
36100,17743
36101,17159
36102,19992
36103,24007
36104,10308
36105,-16747
36106,-6462
36107,25192
36108,12756
36109,15208
36110,20208
36111,14881
36112,17292
36113,15243
36114,21437
36115,14922
36116,-2394
36117,-6479
36118,17186
36119,13567
36120,20123
36121,14529
36122,17183
36123,22346
36124,10301
36125,23899
36126,22262
36127,11642
36128,32767
36129,5171
36130,10096
36131,17840
36132,16136
36133,12540
36134,14344
36135,16678
36136,19380
36137,22493
36138,12145
36139,-14086
36140,-4177
36141,32767
36142,5378
36143,32767
36144,2337
36145,15191
36146,16694
36147,8081
36148,23458
36149,16495
36150,13426
36151,32767
36152,2445
36153,4729
36154,6034
36155,32767
36156,7465
36157,27036
36158,11222
36159,13518
36160,28027
36161,11805
36162,-32768
36163,-1905
36164,-18583
36165,4747
36166,26426
36167,8266
36168,15577
36169,15578
36170,19288
36171,15031
36172,19391
36173,23797
36174,-6434
36175,9063
36176,10136
36177,14545
36178,15972
36179,18412
36180,16692
36181,19862
36182,31903
36183,5916
36184,13326
36185,-32768
36186,2773
36187,18305
36188,16040
36189,16928
36190,14112
36191,21403
36192,16713
36193,26318
36194,4446
36195,15243
36196,19859
36197,32767
36198,-3047
36199,13431
36200,30404
36201,5823
36202,29486
36203,2895
36204,13291
36205,17714
36206,9668
36207,20157
36208,32767
36209,-698
36210,16424
36211,18470
36212,8021
36213,14645
36214,23541
36215,10394
36216,18288
36217,20513
36218,23676
36219,17993
36220,32767
36221,44
36222,19085
36223,11602
36224,10000
36225,23211
36226,13221
36227,22251
36228,14374
36229,22441
36230,16644
36231,32767
36232,-4539
36233,12412
36234,23372
36235,8764
36236,24597
36237,13689
36238,19903
36239,16197
36240,22863
36241,23368
36242,10087
36243,29788
36244,-2389
36245,22364
36246,8659
36247,21045
36248,15959
36249,13913
36250,18755
36251,17714
36252,23242
36253,15444
36254,32767
36255,802
36256,21964
36257,9649
36258,32767
36259,8683
36260,15312
36261,27456
36262,9272
36263,19440
36264,18998
36265,10023
36266,-32768
36267,-108
36268,16342
36269,13766
36270,20748
36271,8609
36272,18483
36273,15870
36274,20198
36275,22715
36276,13661
36277,32767
36278,-1063
36279,21323
36280,11301
36281,18474
36282,14786
36283,11482
36284,24260
36285,16166
36286,19485
36287,16805
36288,21616
36289,-17669
36290,7570
36291,11632
36292,13764
36293,19283
36294,11580
36295,20422
36296,15211
36297,23695
36298,17485
36299,18902
36300,-32768
36301,892
36302,15561
36303,8466
36304,21995
36305,16628
36306,16861
36307,15152
36308,25091
36309,11143
36310,16071
36311,22880
36312,-32768
36313,465
36314,12495
36315,19132
36316,11690
36317,19952
36318,19066
36319,12308
36320,30232
36321,10399
36322,17806
36323,32767
36324,2236
36325,12098
36326,26573
36327,10039
36328,16406
36329,19325
36330,11545
36331,26497
36332,9742
36333,16111
36334,21558
36335,32767
36336,-730
36337,20229
36338,13887
36339,12882
36340,25021
36341,10455
36342,13996
36343,24030
36344,17224
36345,17811
36346,32767
36347,-662
36348,15249
36349,15785
36350,13269
36351,16776
36352,15174
36353,14044
36354,21536
36355,16288
36356,17699
36357,16671
36358,-32768
36359,-187
36360,18740
36361,14706
36362,11659
36363,21467
36364,16543
36365,16112
36366,17229
36367,21618
36368,18750
36369,-26483
36370,3152
36371,14651
36372,18227
36373,13311
36374,17526
36375,16910
36376,16452
36377,19214
36378,14802
36379,21592
36380,14234
36381,-32768
36382,-1037
36383,16778
36384,14897
36385,13818
36386,20583
36387,14975
36388,17491
36389,12972
36390,22174
36391,14525
36392,32767
36393,2816
36394,17008
36395,15594
36396,13442
36397,22314
36398,12542
36399,16634
36400,16394
36401,5990
36402,14381
36403,10536
36404,32142
36405,11065
36406,14716
36407,11001
36408,10648
36409,10508
36410,10647
36411,14350
36412,10361
36413,12810
36414,8529
36415,32767
36416,7753
36417,13161
36418,11665
36419,12292
36420,11270
36421,6223
36422,-32768
36423,5158
36424,6495
36425,32767
36426,-2990
36427,-1183
36428,-371
36429,-758
36430,1993
36431,19410
36432,-10255
36433,32767
36434,11936
36435,3344
36436,12046
36437,-11023
36438,-5015
36439,28598
36440,20136
36441,2319
36442,15237
36443,18167
36444,12121
36445,1290
36446,22022
36447,-2184
36448,-31617
36449,-10335
36450,-28734
36451,26924
36452,3772
36453,-9555
36454,-12329
36455,-19202
36456,-10670
36457,32767
36458,4724
36459,1729
36460,17331
36461,9949
36462,3146
36463,-15117
36464,7458
36465,11087
36466,-32768
36467,-18941
36468,-12881
36469,444
36470,751
36471,-31097
36472,-8501
36473,-17578
36474,-2014
36475,3514
36476,6086
36477,-9438
36478,-28866
36479,-10604
36480,14359
36481,10267
36482,-20599
36483,-17742
36484,-3338
36485,-6788
36486,9784
36487,-15787
36488,-11049
36489,-12534
36490,-22211
36491,-16259
36492,-17601
36493,20632
36494,-20682
36495,-30096
36496,-3657
36497,4818
36498,-17422
36499,-14579
36500,-10664
36501,-19312
36502,-7012
36503,-14868
36504,-20469
36505,-13126
36506,-18916
36507,-32768
36508,-6467
36509,-13536
36510,-18109
36511,-6333
36512,4128
36513,20851
36514,4325
36515,-32768
36516,19016
36517,-3643
36518,-19472
36519,1843
36520,-4575
36521,-5236
36522,-3974
36523,32767
36524,-4282
36525,-19921
36526,-7671
36527,-3859
36528,-16870
36529,6603
36530,-36
36531,2405
36532,4147
36533,-12914
36534,-13629
36535,-28626
36536,675
36537,-370
36538,9087
36539,-31712
36540,-5499
36541,-32768
36542,-228
36543,4782
36544,-19696
36545,-32744
36546,6548
36547,-15124
36548,-19748
36549,-15542
36550,13051
36551,-4522
36552,-304
36553,-21487
36554,-8428
36555,15007
36556,1678
36557,-21930
36558,-4854
36559,-2374
36560,-2301
36561,27284
36562,32767
36563,543
36564,-14315
36565,21146
36566,5488
36567,10309
36568,28007
36569,3537
36570,-24681
36571,-7802
36572,-32768
36573,-10171
36574,-32768
36575,-4658
36576,-12921
36577,32767
36578,-3786
36579,10321
36580,-13904
36581,-4779
36582,-6632
36583,-4515
36584,554
36585,28209
36586,-17611
36587,-4997
36588,-15527
36589,-21642
36590,11717
36591,-732
36592,-160
36593,17366
36594,-32768
36595,-2285
36596,5825
36597,19761
36598,11821
36599,32767
36600,-1110
36601,-10710
36602,-10835
36603,-14948
36604,-32768
36605,177
36606,-16646
36607,-17974
36608,-27865
36609,-3664
36610,32767
36611,1756
36612,8278
36613,2985
36614,841
36615,-1324
36616,32662
36617,32767
36618,282
36619,-1495
36620,19659
36621,-5574
36622,4576
36623,8340
36624,-32768
36625,-11557
36626,-1979
36627,-4193
36628,22117
36629,4930
36630,3342
36631,32767
36632,8105
36633,-5090
36634,-757
36635,32767
36636,10937
36637,-32768
36638,-5973
36639,-3780
36640,8727
36641,25491
36642,4708
36643,-4721
36644,7564
36645,6209
36646,-4914
36647,-12041
36648,-14734
36649,-32768
36650,-1727
36651,-5923
36652,-4765
36653,10104
36654,7079
36655,18666
36656,18879
36657,2420
36658,29866
36659,2866
36660,-13
36661,-10881
36662,2139
36663,-4941
36664,2186
36665,-17318
36666,-8769
36667,-29772
36668,-793
36669,32767
36670,-5575
36671,5081
36672,17949
36673,12172
36674,-6963
36675,32767
36676,-26544
36677,-158
36678,30378
36679,636
36680,32767
36681,7332
36682,-16964
36683,7786
36684,18691
36685,10561
36686,-6737
36687,30611
36688,8990
36689,23649
36690,4961
36691,3918
36692,21316
36693,26654
36694,6147
36695,25713
36696,15196
36697,15001
36698,21055
36699,9839
36700,12581
36701,8755
36702,12524
36703,26005
36704,-11744
36705,5041
36706,32179
36707,14028
36708,12520
36709,10817
36710,32767
36711,5568
36712,24769
36713,16108
36714,6777
36715,25536
36716,9225
36717,25469
36718,11548
36719,13546
36720,32767
36721,11620
36722,13975
36723,23197
36724,9788
36725,11954
36726,9929
36727,26026
36728,24004
36729,7204
36730,26072
36731,13056
36732,14165
36733,15692
36734,28733
36735,9969
36736,17257
36737,8187
36738,7411
36739,1112
36740,10447
36741,21739
36742,6692
36743,31061
36744,6631
36745,11275
36746,32767
36747,4170
36748,1570
36749,22408
36750,4798
36751,-9457
36752,12105
36753,8388
36754,14746
36755,32767
36756,2903
36757,-32768
36758,-4237
36759,13544
36760,14102
36761,13116
36762,20489
36763,16706
36764,11683
36765,13451
36766,32767
36767,140
36768,16738
36769,16710
36770,8984
36771,8036
36772,32767
36773,2007
36774,-32768
36775,625
36776,23270
36777,-4051
36778,-2659
36779,1142
36780,32480
36781,-1529
36782,3906
36783,14750
36784,-32768
36785,-805
36786,32767
36787,-11487
36788,-9058
36789,-18864
36790,10539
36791,12154
36792,8488
36793,24783
36794,8708
36795,11459
36796,3628
36797,25896
36798,32767
36799,2719
36800,-4667
36801,2270
36802,17587
36803,-19900
36804,17595
36805,8394
36806,5658
36807,11195
36808,32767
36809,3105
36810,-256
36811,3589
36812,9069
36813,-7117
36814,-16801
36815,-10162
36816,-32768
36817,-11272
36818,6803
36819,-1070
36820,-8605
36821,-7449
36822,-21496
36823,-32768
36824,-1176
36825,-32768
36826,-1496
36827,-1867
36828,-7294
36829,-1523
36830,14264
36831,-18758
36832,-1676
36833,-4760
36834,-4528
36835,-6579
36836,-25341
36837,-2706
36838,-15445
36839,-15119
36840,-13755
36841,-1070
36842,-4049
36843,-6575
36844,-5286
36845,-246
36846,7293
36847,-23962
36848,-25310
36849,5486
36850,-26473
36851,-17597
36852,-8406
36853,-15503
36854,32767
36855,832
36856,6328
36857,-15327
36858,-14739
36859,-6001
36860,-30690
36861,-9755
36862,-20143
36863,-3696
36864,-5470
36865,12119
36866,-11263
36867,-10966
36868,-9337
36869,-1662
36870,19872
36871,17891
36872,15429
36873,9719
36874,28717
36875,11655
36876,5333
36877,27022
36878,8578
36879,6962
36880,345
36881,8706
36882,-11804
36883,-32768
36884,-2407
36885,-13708
36886,-15592
36887,-32768
36888,2647
36889,-23894
36890,-6247
36891,-22339
36892,-13782
36893,-13307
36894,-18115
36895,-18845
36896,-10086
36897,-32768
36898,-20703
36899,-2587
36900,-26011
36901,-10146
36902,-17846
36903,-15408
36904,-10342
36905,-12800
36906,-32768
36907,-7012
36908,-23260
36909,-12424
36910,-31602
36911,-3849
36912,-13729
36913,-14399
36914,-12841
36915,-23688
36916,-13699
36917,-3168
36918,-9399
36919,-14802
36920,-427
36921,-8007
36922,-7077
36923,-12221
36924,-16254
36925,-7502
36926,-15591
36927,-9907
36928,-25313
36929,-4426
36930,-28938
36931,-8070
36932,-17627
36933,-32768
36934,-3856
36935,-11606
36936,-12087
36937,-15944
36938,-12407
36939,-22172
36940,-9814
36941,-19953
36942,-16536
36943,-26396
36944,-3590
36945,-16890
36946,-11211
36947,-15854
36948,-22592
36949,9293
36950,-29188
36951,2441
36952,-24975
36953,-11827
36954,-28908
36955,-911
36956,32767
36957,-2687
36958,-8733
36959,-30217
36960,-3309
36961,-32768
36962,-965
36963,-27726
36964,-12662
36965,-32768
36966,-2481
36967,32767
36968,-712
36969,32767
36970,-4482
36971,-18968
36972,-11051
36973,-7010
36974,-10865
36975,-9357
36976,-24033
36977,-2293
36978,-19892
36979,-15881
36980,3195
36981,-22984
36982,-32768
36983,-3521
36984,-9083
36985,22353
36986,2431
36987,-32768
36988,-7778
36989,-10425
36990,-20681
36991,32767
36992,-9581
36993,-7057
36994,-5623
36995,4187
36996,-5890
36997,-9319
36998,-5259
36999,-32768
37000,-5263
37001,-27279
37002,-5402
37003,-7145
37004,7072
37005,-469
37006,-32768
37007,2004
37008,-5285
37009,5847
37010,1718
37011,-11289
37012,-32768
37013,-2297
37014,-29553
37015,-6909
37016,-5198
37017,16306
37018,25173
37019,20922
37020,32767
37021,3022
37022,1509
37023,4949
37024,1755
37025,-7100
37026,-32768
37027,-10682
37028,-1671
37029,-20634
37030,-11231
37031,-23413
37032,14571
37033,3126
37034,30359
37035,27635
37036,-13940
37037,-2053
37038,-22710
37039,-16495
37040,-19213
37041,-6918
37042,-25396
37043,-21078
37044,-18103
37045,-9224
37046,-20491
37047,-4130
37048,-5074
37049,11162
37050,-22630
37051,24600
37052,-1089
37053,124
37054,15566
37055,-15630
37056,-22469
37057,-32768
37058,-959
37059,3003
37060,8189
37061,-6096
37062,17229
37063,-3409
37064,-15696
37065,32767
37066,3668
37067,1600
37068,-20888
37069,-5387
37070,-18531
37071,791
37072,4991
37073,11814
37074,-6599
37075,-20168
37076,22507
37077,14253
37078,5276
37079,-5463
37080,-26117
37081,-3394
37082,29444
37083,-5446
37084,-32768
37085,1659
37086,-15278
37087,-26335
37088,-10570
37089,-14906
37090,-21302
37091,-2171
37092,-3878
37093,21667
37094,-32768
37095,-5817
37096,-32768
37097,-8273
37098,-8418
37099,26872
37100,-1270
37101,32767
37102,-496
37103,-17577
37104,23449
37105,-2203
37106,-21131
37107,-11252
37108,4570
37109,3607
37110,5139
37111,18688
37112,-32768
37113,-5975
37114,-17900
37115,-32768
37116,1653
37117,-4278
37118,-8055
37119,-11798
37120,6802
37121,-16280
37122,-4503
37123,8324
37124,22225
37125,5981
37126,6356
37127,21638
37128,29333
37129,13010
37130,-32768
37131,-6275
37132,-7507
37133,-23936
37134,-17593
37135,-15737
37136,-1540
37137,-22628
37138,-7752
37139,-26210
37140,761
37141,28138
37142,-2306
37143,-32768
37144,-5242
37145,-32768
37146,-2619
37147,-10369
37148,-32768
37149,-12893
37150,-4937
37151,11049
37152,31640
37153,2764
37154,-3530
37155,-7237
37156,665
37157,-8468
37158,11281
37159,-434
37160,-7070
37161,-12083
37162,-32768
37163,2425
37164,-31367
37165,-17451
37166,109
37167,-32768
37168,-1049
37169,-11324
37170,-15021
37171,32639
37172,-15644
37173,-7280
37174,9282
37175,-32768
37176,-1775
37177,12210
37178,11513
37179,2493
37180,29771
37181,2814
37182,-5418
37183,-22516
37184,-7923
37185,-11907
37186,-1586
37187,16893
37188,5357
37189,-7133
37190,-15019
37191,-9827
37192,-31158
37193,-13990
37194,3347
37195,-10049
37196,-29772
37197,5270
37198,-2656
37199,39
37200,-15163
37201,-5292
37202,-32768
37203,-8904
37204,-17445
37205,-5634
37206,-10191
37207,-15316
37208,-32768
37209,-3566
37210,-17621
37211,12075
37212,-7725
37213,-15905
37214,-16981
37215,-26545
37216,-2513
37217,-10870
37218,-22843
37219,-10518
37220,32767
37221,546
37222,-32768
37223,799
37224,-27160
37225,-9496
37226,-9661
37227,-24076
37228,-17656
37229,-7988
37230,-12983
37231,-27333
37232,-12244
37233,-23476
37234,8079
37235,-7190
37236,-18759
37237,-8350
37238,-18610
37239,-7388
37240,-19075
37241,-10100
37242,-32768
37243,-18973
37244,-3723
37245,-32768
37246,-4293
37247,-13419
37248,-30404
37249,4470
37250,-16305
37251,-12829
37252,-31550
37253,-32768
37254,-2898
37255,9538
37256,12397
37257,-14128
37258,6103
37259,34
37260,-18511
37261,-19141
37262,-19887
37263,-9236
37264,-21414
37265,-30870
37266,-5347
37267,-14198
37268,-19799
37269,-13886
37270,-23467
37271,-14704
37272,-9575
37273,-7321
37274,-2857
37275,-4559
37276,10450
37277,-11198
37278,-32768
37279,-9062
37280,1945
37281,-6091
37282,-32768
37283,-17398
37284,-8855
37285,-13244
37286,-19482
37287,-18582
37288,-32768
37289,-2136
37290,32767
37291,-186
37292,-32768
37293,-19341
37294,-2104
37295,2112
37296,-32768
37297,-6408
37298,-21370
37299,-22391
37300,-14646
37301,-17879
37302,-10689
37303,-32768
37304,-3007
37305,-15026
37306,-21864
37307,-32561
37308,-9061
37309,-17665
37310,-28752
37311,-12444
37312,-18520
37313,-10051
37314,-18639
37315,-13306
37316,-14429
37317,-19051
37318,-23669
37319,4411
37320,-9328
37321,-10585
37322,-16843
37323,-32768
37324,-11272
37325,-9068
37326,-18060
37327,-20104
37328,-17394
37329,-18588
37330,-17014
37331,-19556
37332,-11270
37333,-11445
37334,-20019
37335,-10538
37336,4960
37337,-9333
37338,-29796
37339,-4839
37340,-9560
37341,-32768
37342,-15224
37343,-9223
37344,-9809
37345,-24999
37346,-8437
37347,-11263
37348,-13287
37349,-17746
37350,-6490
37351,-10094
37352,-23329
37353,-22795
37354,-10941
37355,-18333
37356,-10466
37357,-12716
37358,-32768
37359,-11559
37360,-16668
37361,-18941
37362,-13190
37363,-20582
37364,-21044
37365,-16126
37366,-1686
37367,-7440
37368,-9628
37369,-7601
37370,-13319
37371,-1865
37372,-12076
37373,-281
37374,-32768
37375,-5399
37376,-27318
37377,-6443
37378,-7179
37379,-21347
37380,-13148
37381,-20004
37382,-16801
37383,-18013
37384,-10872
37385,-32142
37386,-6572
37387,-3499
37388,-24423
37389,-12244
37390,-10382
37391,-11946
37392,-30475
37393,-26450
37394,-11725
37395,-13830
37396,-8736
37397,-16230
37398,-32768
37399,-8100
37400,-25345
37401,-8914
37402,-19531
37403,-11607
37404,-25440
37405,-10412
37406,-23160
37407,-13941
37408,-17237
37409,-9123
37410,-9295
37411,-12850
37412,-14195
37413,-9135
37414,-3356
37415,8195
37416,-1287
37417,1205
37418,-6798
37419,-6099
37420,2879
37421,-9824
37422,-14563
37423,25057
37424,-19541
37425,-4396
37426,-8556
37427,-30567
37428,3249
37429,14666
37430,8542
37431,-13651
37432,-14436
37433,-2731
37434,3813
37435,-6313
37436,-6879
37437,505
37438,-4129
37439,-12895
37440,1033
37441,1641
37442,-31739
37443,-7837
37444,20356
37445,5308
37446,-7487
37447,-6524
37448,-3038
37449,-1653
37450,-3140
37451,-16088
37452,27275
37453,6969
37454,-21823
37455,618
37456,17156
37457,478
37458,-10466
37459,3185
37460,22287
37461,-516
37462,-10094
37463,-16016
37464,-4013
37465,18775
37466,9880
37467,6605
37468,893
37469,-747
37470,12553
37471,7407
37472,6768
37473,-893
37474,-11532
37475,6058
37476,1776
37477,-4701
37478,18463
37479,1536
37480,-2616
37481,4362
37482,-458
37483,32767
37484,3101
37485,-10249
37486,-17908
37487,7723
37488,3225
37489,5879
37490,7717
37491,9026
37492,9449
37493,6289
37494,1087
37495,6846
37496,-926
37497,-11255
37498,-32575
37499,-4785
37500,1499
37501,-8222
37502,3363
37503,21466
37504,3610
37505,-1284
37506,1924
37507,-952
37508,-16922
37509,747
37510,6892
37511,6887
37512,1900
37513,3683
37514,13326
37515,6784
37516,172
37517,147
37518,-82
37519,54
37520,2057
37521,-491
37522,-6418
37523,2369
37524,10194
37525,-7323
37526,-17369
37527,20799
37528,-521
37529,-6849
37530,-720
37531,460
37532,-5590
37533,-16957
37534,13436
37535,3844
37536,10887
37537,671
37538,2826
37539,14927
37540,8320
37541,3542
37542,1843
37543,-1015
37544,4635
37545,10706
37546,9366
37547,2625
37548,9082
37549,12315
37550,7621
37551,-6125
37552,5509
37553,9424
37554,-2356
37555,-4405
37556,7226
37557,-375
37558,-3482
37559,12498
37560,2806
37561,3077
37562,12258
37563,6776
37564,4511
37565,-3437
37566,1423
37567,-2345
37568,5794
37569,16984
37570,32767
37571,-8855
37572,2783
37573,8459
37574,-32768
37575,2790
37576,9636
37577,-28300
37578,6015
37579,32767
37580,-5140
37581,3570
37582,23209
37583,2283
37584,8487
37585,26285
37586,13447
37587,18148
37588,32767
37589,-1074
37590,8592
37591,21153
37592,13896
37593,16187
37594,20180
37595,11838
37596,20969
37597,16738
37598,16535
37599,17605
37600,32767
37601,-1034
37602,16838
37603,16062
37604,13003
37605,16825
37606,15662
37607,15191
37608,18366
37609,22537
37610,13812
37611,-32768
37612,1219
37613,11297
37614,18159
37615,13455
37616,17054
37617,17007
37618,16733
37619,16594
37620,19381
37621,17768
37622,21559
37623,32767
37624,-375
37625,20486
37626,14958
37627,12324
37628,20571
37629,17675
37630,18226
37631,14163
37632,18737
37633,23695
37634,20798
37635,5902
37636,18179
37637,13731
37638,16930
37639,16999
37640,16446
37641,15100
37642,20516
37643,14057
37644,24603
37645,13326
37646,32767
37647,-1609
37648,17539
37649,15010
37650,14557
37651,16935
37652,14606
37653,18802
37654,14103
37655,18127
37656,19593
37657,32767
37658,3280
37659,13154
37660,15235
37661,13733
37662,17835
37663,15977
37664,13518
37665,18525
37666,17953
37667,17771
37668,20898
37669,27598
37670,1621
37671,17929
37672,26468
37673,6470
37674,18178
37675,14845
37676,15155
37677,19304
37678,17051
37679,24525
37680,17449
37681,3177
37682,16228
37683,16214
37684,14115
37685,19426
37686,16045
37687,16108
37688,18032
37689,18380
37690,18847
37691,13138
37692,32767
37693,-566
37694,12822
37695,16521
37696,13271
37697,18482
37698,18954
37699,16525
37700,16092
37701,23700
37702,14773
37703,-1475
37704,4264
37705,17350
37706,14470
37707,16288
37708,18445
37709,15959
37710,15807
37711,19316
37712,17803
37713,15507
37714,16370
37715,-32768
37716,519
37717,21043
37718,13633
37719,15575
37720,15429
37721,18049
37722,17302
37723,17139
37724,20860
37725,15543
37726,32767
37727,3304
37728,16961
37729,12670
37730,20232
37731,14411
37732,21179
37733,13938
37734,16711
37735,17164
37736,20152
37737,16867
37738,32767
37739,-244
37740,14852
37741,14753
37742,15422
37743,15756
37744,17990
37745,16885
37746,17971
37747,17540
37748,18305
37749,32767
37750,1351
37751,17254
37752,12949
37753,14313
37754,18091
37755,16938
37756,15419
37757,18701
37758,20487
37759,16724
37760,16581
37761,32767
37762,1786
37763,14330
37764,15419
37765,15407
37766,16814
37767,17615
37768,15431
37769,16621
37770,23834
37771,14765
37772,31320
37773,3641
37774,14616
37775,17004
37776,12896
37777,18068
37778,15977
37779,15988
37780,20649
37781,15043
37782,23288
37783,18444
37784,32767
37785,1628
37786,17624
37787,18016
37788,13547
37789,16008
37790,15031
37791,19925
37792,17616
37793,16726
37794,18577
37795,-32768
37796,730
37797,16842
37798,14772
37799,17441
37800,17406
37801,15790
37802,16351
37803,18110
37804,17675
37805,21527
37806,10574
37807,32767
37808,166
37809,13632
37810,15198
37811,11487
37812,17027
37813,13314
37814,23363
37815,15111
37816,22469
37817,18247
37818,6662
37819,4717
37820,19686
37821,16446
37822,11277
37823,20310
37824,14753
37825,22567
37826,13350
37827,18093
37828,20557
37829,17951
37830,-27974
37831,3034
37832,17154
37833,15537
37834,16220
37835,13753
37836,16848
37837,19742
37838,18249
37839,16997
37840,15371
37841,32767
37842,-1106
37843,17549
37844,10965
37845,20705
37846,11810
37847,23400
37848,16571
37849,15450
37850,24042
37851,11746
37852,32767
37853,32767
37854,34
37855,16027
37856,14591
37857,13895
37858,19387
37859,13407
37860,12163
37861,22317
37862,21874
37863,11279
37864,-32768
37865,343
37866,13599
37867,20983
37868,10995
37869,18628
37870,12769
37871,24172
37872,12541
37873,18243
37874,18412
37875,15052
37876,32767
37877,-4
37878,18138
37879,19979
37880,13759
37881,13857
37882,18193
37883,16590
37884,13910
37885,11183
37886,29424
37887,32767
37888,-3069
37889,10992
37890,14501
37891,18950
37892,14834
37893,15533
37894,13731
37895,18474
37896,19266
37897,28633
37898,8191
37899,32767
37900,76
37901,8919
37902,18319
37903,11649
37904,24379
37905,13055
37906,23745
37907,11462
37908,21789
37909,13618
37910,32767
37911,1030
37912,15420
37913,19072
37914,14521
37915,13184
37916,19729
37917,17881
37918,14917
37919,14870
37920,21912
37921,13998
37922,-8660
37923,-2236
37924,16414
37925,15815
37926,15670
37927,14367
37928,16593
37929,15461
37930,19434
37931,19867
37932,10479
37933,-32768
37934,-3324
37935,15706
37936,14128
37937,21073
37938,20613
37939,12874
37940,14267
37941,14774
37942,16962
37943,18637
37944,20391
37945,32767
37946,-2191
37947,14928
37948,15057
37949,16401
37950,19235
37951,16542
37952,13500
37953,15994
37954,26036
37955,15104
37956,-32768
37957,2912
37958,13717
37959,25339
37960,9349
37961,21714
37962,10744
37963,24561
37964,10650
37965,32767
37966,9139
37967,26640
37968,-3973
37969,6670
37970,13741
37971,13139
37972,15947
37973,21776
37974,14503
37975,16123
37976,23981
37977,13901
37978,10989
37979,-32768
37980,130
37981,13535
37982,12714
37983,15943
37984,17566
37985,15289
37986,17176
37987,17786
37988,16100
37989,18269
37990,20409
37991,-12760
37992,4885
37993,14781
37994,23488
37995,10593
37996,20901
37997,19309
37998,11001
37999,17325
38000,26035
38001,12204
38002,-32768
38003,-1933
38004,16776
38005,18464
38006,17078
38007,8936
38008,22830
38009,14944
38010,15900
38011,18337
38012,14589
38013,26693
38014,32767
38015,-1371
38016,15039
38017,15779
38018,15283
38019,12586
38020,22527
38021,9827
38022,24806
38023,11751
38024,30457
38025,3537
38026,-2963
38027,14065
38028,16811
38029,9817
38030,20537
38031,16430
38032,16578
38033,15484
38034,14709
38035,31074
38036,8378
38037,32767
38038,-158
38039,20043
38040,13620
38041,14468
38042,21491
38043,15148
38044,21588
38045,10681
38046,22407
38047,11672
38048,32767
38049,-2390
38050,14354
38051,20601
38052,11892
38053,22772
38054,9095
38055,27697
38056,15404
38057,12841
38058,32767
38059,6776
38060,-32768
38061,-1100
38062,15601
38063,12559
38064,21329
38065,10485
38066,19157
38067,12559
38068,20576
38069,24795
38070,7651
38071,-32768
38072,-1712
38073,32767
38074,7156
38075,18355
38076,21322
38077,11597
38078,21286
38079,11140
38080,15296
38081,21458
38082,10255
38083,-32768
38084,-2466
38085,16497
38086,10393
38087,19952
38088,12692
38089,19301
38090,14250
38091,21730
38092,19171
38093,13051
38094,-25973
38095,-3538
38096,16284
38097,17312
38098,14107
38099,19255
38100,15690
38101,16486
38102,20369
38103,17485
38104,13961
38105,17838
38106,32767
38107,-1546
38108,14694
38109,16027
38110,15339
38111,12121
38112,20788
38113,13338
38114,19335
38115,19246
38116,13141
38117,32767
38118,5740
38119,21638
38120,8370
38121,32767
38122,6725
38123,26261
38124,13191
38125,12322
38126,25018
38127,8982
38128,27060
38129,32767
38130,-232
38131,6491
38132,32767
38133,1894
38134,20853
38135,16282
38136,12625
38137,25787
38138,11863
38139,25786
38140,32767
38141,-2576
38142,6953
38143,21255
38144,15106
38145,16844
38146,13014
38147,13915
38148,19578
38149,15966
38150,23048
38151,14495
38152,25211
38153,-5368
38154,15386
38155,14902
38156,14690
38157,24780
38158,9658
38159,22685
38160,6758
38161,9824
38162,32767
38163,-307
38164,7370
38165,21209
38166,10204
38167,16179
38168,16547
38169,20461
38170,19735
38171,15414
38172,12578
38173,26066
38174,11299
38175,32767
38176,508
38177,20220
38178,17607
38179,12426
38180,19704
38181,11756
38182,32767
38183,5754
38184,24337
38185,14696
38186,32767
38187,-2345
38188,15072
38189,10951
38190,18559
38191,22211
38192,9727
38193,21384
38194,14201
38195,15549
38196,26066
38197,9787
38198,-4028
38199,3555
38200,6748
38201,7808
38202,28985
38203,6228
38204,18577
38205,12434
38206,25204
38207,16839
38208,17684
38209,32767
38210,904
38211,24956
38212,4717
38213,11462
38214,16465
38215,23537
38216,12427
38217,18967
38218,15932
38219,20926
38220,18099
38221,-32768
38222,-73
38223,11372
38224,12894
38225,17694
38226,14778
38227,21495
38228,15232
38229,16472
38230,14272
38231,9769
38232,-1419
38233,-2410
38234,10596
38235,22056
38236,16028
38237,14972
38238,24876
38239,10880
38240,21793
38241,13869
38242,21049
38243,15675
38244,-32768
38245,-3131
38246,6938
38247,12997
38248,15320
38249,14977
38250,25883
38251,7064
38252,27231
38253,5562
38254,17708
38255,-6056
38256,8221
38257,17901
38258,11472
38259,25523
38260,8634
38261,32535
38262,5764
38263,12419
38264,25125
38265,16831
38266,18047
38267,-30448
38268,-2620
38269,10960
38270,32767
38271,4735
38272,16452
38273,18407
38274,21670
38275,12670
38276,21018
38277,18804
38278,32767
38279,9606
38280,388
38281,24119
38282,13080
38283,17742
38284,20486
38285,9227
38286,16957
38287,21061
38288,15159
38289,13586
38290,11772
38291,-4454
38292,16300
38293,12897
38294,18440
38295,23265
38296,11371
38297,16749
38298,14350
38299,13489
38300,19704
38301,28205
38302,-7434
38303,10678
38304,16450
38305,15155
38306,16045
38307,13609
38308,18673
38309,13372
38310,8758
38311,22738
38312,14530
38313,32767
38314,2608
38315,17126
38316,16670
38317,14911
38318,10991
38319,11003
38320,22568
38321,10967
38322,16245
38323,19130
38324,32767
38325,-2663
38326,12709
38327,30503
38328,6919
38329,28116
38330,11546
38331,16446
38332,16473
38333,13402
38334,20234
38335,18560
38336,-32768
38337,-2389
38338,16702
38339,10962
38340,14306
38341,18453
38342,19879
38343,11783
38344,20707
38345,18425
38346,15716
38347,-32768
38348,-2651
38349,18652
38350,13573
38351,19607
38352,11081
38353,15098
38354,21836
38355,16218
38356,20801
38357,15976
38358,11006
38359,-32768
38360,-689
38361,18068
38362,13524
38363,16086
38364,17636
38365,15224
38366,17750
38367,15952
38368,24709
38369,9906
38370,32767
38371,-1162
38372,23479
38373,10424
38374,18895
38375,16484
38376,16676
38377,19536
38378,10306
38379,26782
38380,11987
38381,24365
38382,19250
38383,5491
38384,14473
38385,15747
38386,13829
38387,14411
38388,23928
38389,10609
38390,17181
38391,20081
38392,15821
38393,32767
38394,-2131
38395,15016
38396,16821
38397,14762
38398,15053
38399,16479
38400,17332
38401,17965
38402,14247
38403,18993
38404,22577
38405,32767
38406,-1558
38407,16610
38408,15965
38409,12222
38410,21622
38411,13524
38412,19462
38413,17950
38414,18967
38415,19932
38416,32767
38417,-1451
38418,14356
38419,16256
38420,15976
38421,16852
38422,16937
38423,18094
38424,15739
38425,18322
38426,16197
38427,23275
38428,32767
38429,2510
38430,18171
38431,13491
38432,15965
38433,17912
38434,16021
38435,19072
38436,13841
38437,16689
38438,21880
38439,32767
38440,1041
38441,14163
38442,17077
38443,15295
38444,17773
38445,14300
38446,17696
38447,16881
38448,16890
38449,19662
38450,18060
38451,-32768
38452,1544
38453,16037
38454,17641
38455,14032
38456,19608
38457,13391
38458,20099
38459,14092
38460,19753
38461,20367
38462,32767
38463,3050
38464,11245
38465,18207
38466,13487
38467,19317
38468,14762
38469,19146
38470,14694
38471,23905
38472,15307
38473,22777
38474,-32768
38475,1105
38476,22011
38477,12881
38478,14968
38479,16632
38480,16583
38481,19131
38482,14977
38483,18729
38484,16689
38485,32767
38486,-876
38487,17718
38488,14231
38489,14673
38490,19694
38491,15611
38492,15597
38493,20155
38494,15758
38495,18655
38496,18569
38497,-116
38498,3969
38499,12805
38500,19942
38501,11817
38502,24729
38503,13982
38504,15126
38505,20111
38506,18629
38507,15655
38508,32767
38509,-453
38510,20561
38511,15802
38512,13417
38513,16219
38514,16344
38515,19435
38516,15713
38517,16823
38518,16417
38519,19277
38520,32767
38521,-625
38522,14639
38523,17661
38524,12798
38525,19095
38526,15692
38527,14535
38528,18502
38529,21830
38530,14897
38531,32767
38532,2741
38533,16806
38534,12726
38535,18755
38536,15772
38537,16148
38538,16676
38539,16954
38540,17361
38541,20800
38542,19808
38543,-32768
38544,1210
38545,18251
38546,16375
38547,12612
38548,18803
38549,15675
38550,16254
38551,18146
38552,20606
38553,17755
38554,32767
38555,-26
38556,12900
38557,18813
38558,11631
38559,23420
38560,13293
38561,19162
38562,17329
38563,18634
38564,18049
38565,17735
38566,31461
38567,4113
38568,15102
38569,12864
38570,17853
38571,15678
38572,15925
38573,16803
38574,20276
38575,17044
38576,18462
38577,-32768
38578,-96
38579,22983
38580,13874
38581,15644
38582,16117
38583,18778
38584,13463
38585,18525
38586,22200
38587,13480
38588,18763
38589,-24124
38590,1137
38591,17316
38592,14445
38593,16055
38594,15932
38595,18778
38596,14871
38597,19461
38598,18059
38599,17985
38600,32767
38601,1145
38602,11760
38603,18109
38604,12605
38605,20197
38606,14653
38607,16862
38608,17759
38609,16816
38610,17057
38611,15774
38612,-11247
38613,-3767
38614,19415
38615,14016
38616,14013
38617,17246
38618,18027
38619,17955
38620,16212
38621,18492
38622,19429
38623,-32768
38624,1006
38625,21977
38626,14352
38627,13233
38628,17574
38629,16614
38630,16712
38631,16058
38632,20591
38633,16722
38634,16186
38635,-10565
38636,-1028
38637,14879
38638,20126
38639,14001
38640,16248
38641,15503
38642,18081
38643,17639
38644,20702
38645,17844
38646,32767
38647,-991
38648,14366
38649,15562
38650,15328
38651,17356
38652,16807
38653,15269
38654,16769
38655,17150
38656,25175
38657,10738
38658,32767
38659,-799
38660,13628
38661,17410
38662,15491
38663,15344
38664,16458
38665,16111
38666,19700
38667,22513
38668,15108
38669,-32768
38670,-609
38671,21065
38672,14945
38673,14161
38674,14154
38675,17809
38676,18410
38677,16459
38678,21686
38679,16868
38680,15514
38681,527
38682,-3358
38683,15160
38684,15875
38685,14783
38686,16918
38687,15264
38688,17584
38689,18955
38690,15507
38691,22320
38692,-32768
38693,1380
38694,18962
38695,15148
38696,14591
38697,18443
38698,16095
38699,18569
38700,14066
38701,21909
38702,17144
38703,16284
38704,32767
38705,912
38706,15285
38707,14228
38708,14324
38709,18517
38710,17692
38711,13884
38712,21235
38713,18121
38714,15283
38715,-32768
38716,-1175
38717,19059
38718,14602
38719,18040
38720,13044
38721,20638
38722,14466
38723,16853
38724,21910
38725,13523
38726,20782
38727,32767
38728,3623
38729,12529
38730,15961
38731,15857
38732,15128
38733,16167
38734,14936
38735,24001
38736,16888
38737,16930
38738,32767
38739,1590
38740,10236
38741,19694
38742,14607
38743,14772
38744,21374
38745,12083
38746,19025
38747,18439
38748,18969
38749,18820
38750,32767
38751,115
38752,16303
38753,15956
38754,12771
38755,19818
38756,15303
38757,16488
38758,19715
38759,17733
38760,17320
38761,-32768
38762,-660
38763,14968
38764,17707
38765,14963
38766,16940
38767,16394
38768,17447
38769,19598
38770,14036
38771,20808
38772,17635
38773,32767
38774,40
38775,19180
38776,14552
38777,13326
38778,20450
38779,16135
38780,16179
38781,20007
38782,17186
38783,18163
38784,32767
38785,761
38786,16032
38787,19934
38788,11685
38789,18750
38790,13005
38791,20573
38792,16898
38793,15233
38794,21808
38795,17230
38796,32767
38797,1487
38798,15470
38799,15078
38800,15655
38801,18403
38802,15964
38803,17073
38804,16946
38805,24149
38806,15563
38807,32767
38808,1825
38809,16264
38810,15392
38811,16420
38812,16288
38813,15056
38814,21389
38815,15530
38816,19298
38817,17759
38818,17738
38819,-32768
38820,1583
38821,19506
38822,10679
38823,18402
38824,14675
38825,18647
38826,15425
38827,18564
38828,20591
38829,18067
38830,32767
38831,3274
38832,16173
38833,13782
38834,19866
38835,13884
38836,16499
38837,19812
38838,15293
38839,16241
38840,18230
38841,18739
38842,-32768
38843,347
38844,16001
38845,14746
38846,14941
38847,19425
38848,16653
38849,15131
38850,18524
38851,24888
38852,10923
38853,32767
38854,-205
38855,14333
38856,13731
38857,16857
38858,17190
38859,15737
38860,17636
38861,17103
38862,16581
38863,17007
38864,21202
38865,30591
38866,3122
38867,16472
38868,16275
38869,12316
38870,17808
38871,17716
38872,16295
38873,18724
38874,17996
38875,18203
38876,29867
38877,3711
38878,12608
38879,16747
38880,15750
38881,15941
38882,16224
38883,16801
38884,21982
38885,14858
38886,18750
38887,17462
38888,32767
38889,336
38890,16865
38891,14193
38892,14111
38893,20493
38894,15070
38895,17212
38896,17265
38897,21658
38898,14895
38899,32767
38900,259
38901,13882
38902,16351
38903,15215
38904,18506
38905,17310
38906,15647
38907,17078
38908,15764
38909,21570
38910,16184
38911,97
38912,1881
38913,18166
38914,14882
38915,15639
38916,18524
38917,16244
38918,15876
38919,17065
38920,20624
38921,15601
38922,32767
38923,-2241
38924,16577
38925,13551
38926,17936
38927,15789
38928,13981
38929,18183
38930,17812
38931,19313
38932,16033
38933,18541
38934,24580
38935,3485
38936,15187
38937,15391
38938,15781
38939,15730
38940,19173
38941,13284
38942,17847
38943,28831
38944,10818
38945,32767
38946,2747
38947,18365
38948,13550
38949,17196
38950,12896
38951,20461
38952,16730
38953,14617
38954,23152
38955,16468
38956,20268
38957,-32768
38958,1835
38959,15847
38960,21998
38961,10850
38962,15500
38963,23029
38964,12171
38965,20715
38966,15638
38967,18256
38968,32767
38969,2078
38970,11796
38971,14486
38972,14878
38973,14554
38974,21119
38975,13172
38976,20368
38977,17247
38978,15056
38979,20673
38980,32767
38981,243
38982,15136
38983,13984
38984,14750
38985,21439
38986,17302
38987,13134
38988,19188
38989,17275
38990,26211
38991,2859
38992,3264
38993,16137
38994,18890
38995,11327
38996,18122
38997,14889
38998,14337
38999,26929
39000,12835
39001,18819
39002,23739
39003,-32768
39004,1016
39005,16433
39006,21969
39007,9747
39008,17066
39009,13541
39010,21690
39011,14063
39012,19557
39013,18714
39014,32767
39015,-2189
39016,9954
39017,18026
39018,12319
39019,24071
39020,14064
39021,13867
39022,18185
39023,17142
39024,24635
39025,12023
39026,30263
39027,-4346
39028,23240
39029,11145
39030,15612
39031,14899
39032,15484
39033,18371
39034,14815
39035,23478
39036,12665
39037,28851
39038,-4323
39039,16577
39040,19655
39041,12771
39042,18977
39043,14030
39044,23381
39045,10483
39046,19396
39047,26915
39048,12214
39049,-32768
39050,-2313
39051,16539
39052,16544
39053,16363
39054,13934
39055,19376
39056,15958
39057,13421
39058,22883
39059,14302
39060,-32768
39061,1241
39062,16675
39063,11435
39064,19120
39065,15095
39066,17580
39067,18507
39068,14102
39069,17180
39070,27183
39071,11433
39072,-8829
39073,-4443
39074,14978
39075,14690
39076,16096
39077,13633
39078,24219
39079,10957
39080,27543
39081,15651
39082,19367
39083,-29070
39084,4352
39085,11898
39086,14322
39087,15769
39088,15994
39089,18422
39090,13000
39091,17980
39092,17277
39093,16863
39094,15769
39095,32767
39096,2615
39097,11537
39098,20834
39099,13440
39100,15967
39101,17686
39102,16174
39103,18640
39104,22163
39105,12133
39106,32767
39107,4257
39108,11209
39109,16593
39110,18215
39111,11651
39112,20317
39113,12081
39114,27955
39115,10681
39116,21192
39117,13791
39118,32767
39119,-880
39120,17880
39121,15721
39122,11359
39123,24440
39124,11543
39125,19263
39126,20204
39127,13805
39128,21563
39129,13330
39130,3341
39131,16179
39132,15524
39133,24651
39134,10341
39135,19660
39136,14803
39137,24426
39138,13572
39139,19520
39140,15091
39141,29831
39142,-2256
39143,18535
39144,14470
39145,12443
39146,23227
39147,11808
39148,17864
39149,23382
39150,20990
39151,7725
39152,32767
39153,1330
39154,15201
39155,21755
39156,11893
39157,21403
39158,18016
39159,14638
39160,15186
39161,14816
39162,32660
39163,9241
39164,15322
39165,-3258
39166,29645
39167,6668
39168,25449
39169,13711
39170,15143
39171,21988
39172,12055
39173,21204
39174,12302
39175,32767
39176,-1112
39177,20093
39178,14000
39179,15373
39180,17366
39181,17098
39182,18961
39183,26047
39184,9116
39185,25923
39186,10152
39187,-32768
39188,1470
39189,13156
39190,13065
39191,16215
39192,15100
39193,15493
39194,17631
39195,17527
39196,27731
39197,10110
39198,-27641
39199,-3073
39200,19941
39201,13713
39202,15532
39203,15015
39204,16883
39205,21003
39206,14848
39207,18504
39208,24732
39209,15904
39210,-32121
39211,4686
39212,8508
39213,18376
39214,14588
39215,15772
39216,22050
39217,9998
39218,27047
39219,15998
39220,14434
39221,-32768
39222,-1032
39223,18598
39224,12950
39225,27059
39226,11091
39227,14034
39228,23351
39229,15078
39230,19380
39231,17690
39232,16183
39233,32767
39234,210
39235,7138
39236,22959
39237,13237
39238,21885
39239,13649
39240,13986
39241,24034
39242,16563
39243,14691
39244,13315
39245,6816
39246,10459
39247,25556
39248,5915
39249,20268
39250,13961
39251,20573
39252,17015
39253,15260
39254,3088
39255,15241
39256,20547
39257,10276
39258,13013
39259,23102
39260,6200
39261,12471
39262,11241
39263,10552
39264,10812
39265,10158
39266,14954
39267,29987
39268,11293
39269,9596
39270,-32768
39271,-5852
39272,31685
39273,12886
39274,11150
39275,9477
39276,16363
39277,6083
39278,-32768
39279,-5970
39280,-14143
39281,-10638
39282,24209
39283,4526
39284,-6643
39285,-13871
39286,-32768
39287,9452
39288,7497
39289,12477
39290,18746
39291,-11390
39292,-14163
39293,5241
39294,-17151
39295,-22692
39296,-2292
39297,28204
39298,1944
39299,-32768
39300,-8200
39301,-9209
39302,32767
39303,2399
39304,-843
39305,-32768
39306,-900
39307,-10864
39308,-14960
39309,-18187
39310,32767
39311,-7647
39312,-16528
39313,-22310
39314,-6704
39315,8599
39316,-8738
39317,-14417
39318,-10561
39319,-16212
39320,-23841
39321,-13771
39322,-25103
39323,-4009
39324,-17920
39325,32767
39326,-1027
39327,16142
39328,-11197
39329,-8077
39330,-15173
39331,-16877
39332,-19364
39333,-6204
39334,-13962
39335,-15363
39336,27237
39337,-3898
39338,-12162
39339,-31183
39340,-7134
39341,-19921
39342,-18191
39343,-21725
39344,-14053
39345,-16847
39346,-12201
39347,3252
39348,-5138
39349,-22553
39350,-28931
39351,-7195
39352,-24076
39353,-8734
39354,-19766
39355,-15855
39356,-15144
39357,-19026
39358,-11580
39359,32767
39360,425
39361,-10755
39362,-18746
39363,-11769
39364,-8216
39365,-30678
39366,5393
39367,-5483
39368,-16599
39369,-27246
39370,-10586
39371,-32768
39372,-4711
39373,-13582
39374,-11725
39375,-20889
39376,-12723
39377,-21641
39378,-16243
39379,-29206
39380,-20564
39381,-12358
39382,-9215
39383,-6000
39384,-8647
39385,-10582
39386,-24151
39387,-10995
39388,-22944
39389,-10291
39390,-15827
39391,-18370
39392,-15220
39393,-14388
39394,-20375
39395,-30700
39396,17311
39397,-782
39398,-29132
39399,-9436
39400,-24911
39401,6702
39402,-5505
39403,-971
39404,32767
39405,24071
39406,-5777
39407,4425
39408,-32768
39409,-19794
39410,4160
39411,-21363
39412,-7263
39413,-16893
39414,-13411
39415,27979
39416,-4797
39417,-5424
39418,-32768
39419,-14957
39420,6795
39421,5691
39422,-5475
39423,-13161
39424,10882
39425,5048
39426,-8095
39427,3582
39428,-3296
39429,-32768
39430,12539
39431,-5612
39432,-5978
39433,-9331
39434,-16068
39435,-1132
39436,-2457
39437,-22954
39438,6246
39439,10960
39440,-2334
39441,28459
39442,3996
39443,-25775
39444,14677
39445,17456
39446,3373
39447,9317
39448,16100
39449,8890
39450,9058
39451,-21602
39452,-16918
39453,-7569
39454,15449
39455,22920
39456,-14344
39457,-14640
39458,-1832
39459,-29095
39460,23827
39461,3544
39462,-14713
39463,-479
39464,32767
39465,4071
39466,-32768
39467,13655
39468,-2417
39469,-12985
39470,-32768
39471,-32768
39472,706
39473,16805
39474,6630
39475,-25762
39476,6118
39477,-4121
39478,6020
39479,2132
39480,-32768
39481,-5737
39482,-4038
39483,-16484
39484,-1576
39485,-32768
39486,-1385
39487,11535
39488,531
39489,19826
39490,6003
39491,9849
39492,-7831
39493,-14558
39494,11451
39495,7655
39496,7896
39497,11628
39498,8189
39499,-1028
39500,14740
39501,-4612
39502,32767
39503,2509
39504,-7888
39505,7201
39506,11858
39507,-32768
39508,22139
39509,88
39510,12517
39511,7861
39512,4908
39513,-11938
39514,-24380
39515,-32768
39516,292
39517,5162
39518,31752
39519,-1612
39520,-5816
39521,-32768
39522,-497
39523,32767
39524,2303
39525,-28515
39526,-10346
39527,-20478
39528,9392
39529,-13461
39530,-2966
39531,32767
39532,111
39533,2366
39534,9825
39535,558
39536,32767
39537,4449
39538,-3646
39539,1412
39540,-15397
39541,-5331
39542,-3551
39543,3052
39544,-7598
39545,-12737
39546,-2529
39547,32767
39548,8993
39549,-7730
39550,-32768
39551,-6797
39552,-19098
39553,-10238
39554,-31604
39555,-11274
39556,-3939
39557,-9970
39558,-32768
39559,-6995
39560,24543
39561,-3392
39562,-6949
39563,-11361
39564,-14320
39565,-10463
39566,-4489
39567,-26291
39568,-13131
39569,-8330
39570,-32768
39571,-2673
39572,18880
39573,-22650
39574,-5195
39575,-22810
39576,-11454
39577,-4501
39578,19246
39579,2871
39580,31830
39581,-2995
39582,-23458
39583,-7322
39584,-25463
39585,-1619
39586,-22791
39587,-13327
39588,-15509
39589,-6616
39590,14146
39591,47
39592,-8072
39593,-31958
39594,4022
39595,-4144
39596,32767
39597,337
39598,-11844
39599,15448
39600,3019
39601,-14309
39602,-32768
39603,-22216
39604,-7514
39605,-32768
39606,1928
39607,-5153
39608,24929
39609,-23776
39610,-3515
39611,10969
39612,6574
39613,-3340
39614,-19686
39615,-10967
39616,-14594
39617,-6436
39618,-18616
39619,-20142
39620,-29256
39621,-6024
39622,-21022
39623,-13636
39624,-4837
39625,-13322
39626,-10547
39627,-14857
39628,-12165
39629,-22271
39630,-9172
39631,-24478
39632,-15964
39633,-21496
39634,-10016
39635,-32500
39636,-6177
39637,-28960
39638,-12295
39639,-23254
39640,-18107
39641,-22122
39642,-16649
39643,-8298
39644,-10853
39645,-28100
39646,-12952
39647,-13906
39648,-3532
39649,-9754
39650,-7034
39651,-26580
39652,-11340
39653,-32768
39654,-3505
39655,-11610
39656,-23397
39657,-11238
39658,-25051
39659,-3541
39660,-32768
39661,-6999
39662,-20415
39663,-9610
39664,-13667
39665,-13358
39666,-7093
39667,-3812
39668,-9298
39669,13771
39670,5455
39671,16344
39672,5448
39673,-13804
39674,-3254
39675,847
39676,-15098
39677,-4269
39678,-24567
39679,-10837
39680,-24865
39681,-22177
39682,1580
39683,-21611
39684,-14752
39685,-27095
39686,-11513
39687,-15304
39688,-29985
39689,-13564
39690,-14264
39691,-17736
39692,-19053
39693,32767
39694,-2237
39695,-16118
39696,-15412
39697,-11836
39698,-26210
39699,-10149
39700,-32768
39701,-6376
39702,32767
39703,2875
39704,11925
39705,-8882
39706,-8040
39707,-7111
39708,21829
39709,-778
39710,-23495
39711,-32768
39712,2495
39713,-12852
39714,-13747
39715,10004
39716,-11109
39717,-9239
39718,-2201
39719,-32768
39720,1715
39721,-32768
39722,7485
39723,-7697
39724,-21334
39725,-21202
39726,5324
39727,31776
39728,-1290
39729,-9558
39730,-15360
39731,-32768
39732,5285
39733,-13949
39734,-21701
39735,-11732
39736,-15869
39737,-2506
39738,-12731
39739,32767
39740,-4285
39741,-22848
39742,-9589
39743,-19468
39744,-12614
39745,-17470
39746,-6991
39747,-32768
39748,-971
39749,-15217
39750,-32768
39751,-321
39752,-19190
39753,-17984
39754,-10042
39755,-10789
39756,-32768
39757,-3001
39758,-23541
39759,-9257
39760,-16373
39761,-736
39762,-32768
39763,-2089
39764,-14173
39765,-32768
39766,-1253
39767,-14562
39768,-4354
39769,-9213
39770,-32768
39771,-15048
39772,8791
39773,7742
39774,-5379
39775,-25742
39776,-3198
39777,-15436
39778,-13453
39779,-19587
39780,-9748
39781,-17050
39782,-8281
39783,-13310
39784,-16553
39785,-32768
39786,19728
39787,32767
39788,-258
39789,-16396
39790,-22509
39791,11631
39792,2207
39793,6546
39794,5398
39795,32767
39796,27343
39797,5524
39798,32767
39799,18018
39800,18326
39801,-7631
39802,10598
39803,-32768
39804,1859
39805,-11362
39806,-32768
39807,4759
39808,-2989
39809,13134
39810,10388
39811,-18332
39812,-575
39813,23865
39814,-4826
39815,-1269
39816,-27000
39817,-9907
39818,3634
39819,3782
39820,-6275
39821,29488
39822,-3377
39823,-2130
39824,15163
39825,-13029
39826,-18415
39827,-7213
39828,32767
39829,231
39830,32767
39831,-164
39832,-11387
39833,-4201
39834,-32768
39835,-23303
39836,-3629
39837,-32768
39838,-11440
39839,11651
39840,-25646
39841,-4236
39842,16969
39843,-29782
39844,-7022
39845,-32768
39846,5314
39847,-2576
39848,32767
39849,-3974
39850,-19707
39851,-14566
39852,-16425
39853,-25854
39854,-3995
39855,-9102
39856,-18640
39857,22741
39858,-500
39859,20592
39860,-3425
39861,-1906
39862,19976
39863,21661
39864,-1692
39865,7931
39866,10948
39867,-32768
39868,-579
39869,-22828
39870,10834
39871,30279
39872,3105
39873,-32768
39874,444
39875,-4139
39876,-29230
39877,4180
39878,7513
39879,-21601
39880,-12773
39881,19443
39882,-8899
39883,-8617
39884,18190
39885,12300
39886,-32768
39887,4138
39888,3901
39889,32767
39890,-1531
39891,-8350
39892,-3264
39893,32767
39894,-3795
39895,-14405
39896,-12269
39897,32175
39898,-6019
39899,-17307
39900,4939
39901,-4374
39902,-3438
39903,954
39904,-32768
39905,-7055
39906,-24748
39907,-32768
39908,-6646
39909,-3222
39910,32767
39911,708
39912,-14777
39913,-111
39914,32767
39915,13577
39916,912
39917,1496
39918,-179
39919,-6570
39920,5637
39921,8588
39922,-9737
39923,-15738
39924,26142
39925,-8411
39926,-10180
39927,-9490
39928,-9713
39929,5784
39930,-22749
39931,-8738
39932,-9579
39933,-87
39934,-17603
39935,3179
39936,13998
39937,6795
39938,-4860
39939,15507
39940,3008
39941,-19572
39942,-9537
39943,-25066
39944,-21580
39945,-9269
39946,-3690
39947,-20760
39948,-5796
39949,-27471
39950,-9812
39951,-12809
39952,17539
39953,12772
39954,-24809
39955,-14018
39956,4147
39957,-763
39958,20415
39959,1318
39960,7844
39961,5810
39962,-14618
39963,-11026
39964,-21718
39965,-3241
39966,-28208
39967,-9507
39968,26520
39969,3504
39970,-11424
39971,-8601
39972,7061
39973,22899
39974,-32768
39975,3625
39976,3463
39977,-20767
39978,-11622
39979,3976
39980,11160
39981,25991
39982,-9281
39983,-20869
39984,-4584
39985,7981
39986,32767
39987,-7772
39988,11216
39989,-1002
39990,-5827
39991,-32768
39992,-689
39993,-23857
39994,-327
39995,20678
39996,4631
39997,32181
39998,9408
39999,10435
40000,32767
40001,4405
40002,-4602
40003,2837
40004,4543
40005,-9958
40006,-27206
40007,-32768
40008,-641
40009,-17662
40010,-9285
40011,-9209
40012,26110
40013,-1130
40014,12921
40015,3591
40016,-13243
40017,-6725
40018,-27163
40019,-7128
40020,7369
40021,24991
40022,-10042
40023,-10334
40024,10253
40025,-1490
40026,-10662
40027,-14946
40028,-14580
40029,-23174
40030,-13386
40031,-989
40032,20272
40033,-3895
40034,-4603
40035,-3325
40036,14629
40037,-8943
40038,-3663
40039,16708
40040,17688
40041,10249
40042,32767
40043,-10887
40044,-8941
40045,6945
40046,11476
40047,-1832
40048,-10382
40049,-1533
40050,-32768
40051,-11729
40052,-1249
40053,-1707
40054,-32768
40055,-5261
40056,-17168
40057,14019
40058,-8215
40059,-18051
40060,15643
40061,-17609
40062,-7184
40063,32767
40064,-2207
40065,-27535
40066,-6078
40067,-18059
40068,-21472
40069,-5910
40070,-26022
40071,-4567
40072,-23031
40073,-6659
40074,-15838
40075,-23218
40076,-10030
40077,-19343
40078,-14920
40079,-16101
40080,-17932
40081,-10306
40082,-12507
40083,-24337
40084,32767
40085,-2606
40086,-21766
40087,-16752
40088,-8576
40089,-13251
40090,-20456
40091,-8383
40092,-18303
40093,-21981
40094,-10061
40095,-17694
40096,7231
40097,-16854
40098,-11593
40099,-17155
40100,-21129
40101,-10012
40102,-12849
40103,-22671
40104,-15302
40105,-20185
40106,-11022
40107,-32768
40108,-8115
40109,-13656
40110,-30787
40111,-17643
40112,-5065
40113,-12718
40114,4
40115,-19240
40116,-11789
40117,-24523
40118,-32768
40119,-3383
40120,-23515
40121,-9225
40122,-25035
40123,-7956
40124,-6456
40125,-32768
40126,-10538
40127,-12422
40128,-16339
40129,-14582
40130,-28588
40131,-20263
40132,-5704
40133,-13304
40134,-23864
40135,-20847
40136,-4129
40137,-1922
40138,-18927
40139,-13292
40140,-12387
40141,-32768
40142,-9283
40143,-13775
40144,-17795
40145,-14772
40146,-15915
40147,-14061
40148,-27654
40149,-7126
40150,-7542
40151,-13505
40152,-12745
40153,-26803
40154,-10739
40155,-12311
40156,-24376
40157,720
40158,-6135
40159,-12440
40160,-9394
40161,-14721
40162,-21560
40163,-15748
40164,32767
40165,3077
40166,13
40167,-19551
40168,-8825
40169,-24946
40170,-5907
40171,-18924
40172,-12722
40173,-8938
40174,-14500
40175,-19230
40176,-32768
40177,-5670
40178,32767
40179,2748
40180,6350
40181,-24108
40182,-12228
40183,-16785
40184,-7177
40185,-10009
40186,-10555
40187,-22549
40188,-19634
40189,-20866
40190,-11625
40191,-14710
40192,-5524
40193,-32768
40194,-1627
40195,-1524
40196,-23106
40197,-9767
40198,-8564
40199,-32768
40200,-7905
40201,-24691
40202,-18575
40203,-23059
40204,478
40205,899
40206,-14477
40207,-6979
40208,-22471
40209,-14012
40210,-23036
40211,-15030
40212,-26642
40213,-11614
40214,-12461
40215,-10071
40216,-32768
40217,-5743
40218,-2356
40219,-13259
40220,-7451
40221,-1149
40222,-25407
40223,-5610
40224,-15010
40225,20
40226,-6492
40227,-12724
40228,-7821
40229,-21151
40230,-18980
40231,-571
40232,-15012
40233,-15553
40234,-14611
40235,-9245
40236,-12119
40237,-12023
40238,-10718
40239,-11683
40240,-27657
40241,-6309
40242,-10351
40243,-11486
40244,-6268
40245,-32320
40246,-14714
40247,-11960
40248,-5137
40249,-20848
40250,-13005
40251,-13795
40252,-1534
40253,-5609
40254,-10307
40255,-6434
40256,-32768
40257,-8369
40258,-4707
40259,3775
40260,-32768
40261,-166
40262,-9769
40263,-24171
40264,-6896
40265,313
40266,-12490
40267,-13320
40268,-32768
40269,-2119
40270,-11649
40271,-9045
40272,-17688
40273,-11616
40274,-17613
40275,-10841
40276,8839
40277,32767
40278,7079
40279,-5932
40280,-17544
40281,-20848
40282,-8975
40283,-9465
40284,-29326
40285,-6308
40286,-11929
40287,-19172
40288,-12181
40289,-15891
40290,-18473
40291,-19797
40292,-10133
40293,-14188
40294,-8970
40295,-17205
40296,-17808
40297,-22813
40298,-10761
40299,-16967
40300,-10688
40301,-11167
40302,-32768
40303,-8681
40304,-10258
40305,-12327
40306,-23206
40307,-1668
40308,3521
40309,-6540
40310,-9682
40311,-11067
40312,-32768
40313,-1325
40314,-6656
40315,-7405
40316,-1985
40317,-32768
40318,-3789
40319,-32768
40320,-6583
40321,-8436
40322,-19615
40323,-13726
40324,-8444
40325,-32768
40326,-16008
40327,-9722
40328,-7860
40329,-2903
40330,-32768
40331,-4668
40332,-32768
40333,-4821
40334,-20386
40335,-27264
40336,-18934
40337,-13016
40338,-13692
40339,-1844
40340,-6416
40341,-28882
40342,-8405
40343,-12236
40344,-22417
40345,-15436
40346,-17634
40347,-20040
40348,-20519
40349,-11623
40350,-24433
40351,-11496
40352,-11094
40353,-13246
40354,-23774
40355,-28135
40356,-9714
40357,-11558
40358,-17559
40359,-22837
40360,-32768
40361,-7402
40362,-18632
40363,-6015
40364,-8487
40365,-17055
40366,-13717
40367,-20991
40368,-8095
40369,-32768
40370,-9247
40371,-32768
40372,-7932
40373,-13193
40374,-9840
40375,-46
40376,-5136
40377,-21687
40378,-7486
40379,-8122
40380,-9056
40381,-17178
40382,-17292
40383,-31052
40384,-4835
40385,-16780
40386,-32768
40387,-833
40388,-12600
40389,-13107
40390,-24865
40391,-9439
40392,-15754
40393,-9910
40394,-32768
40395,-10992
40396,-17139
40397,-19659
40398,-14221
40399,-31738
40400,-8213
40401,-15141
40402,-11383
40403,-13789
40404,-32768
40405,-2726
40406,-12794
40407,-12783
40408,-32768
40409,-15812
40410,-12270
40411,-8274
40412,-14509
40413,-8102
40414,6180
40415,-4056
40416,-32768
40417,-777
40418,-6259
40419,-19940
40420,-8986
40421,-28969
40422,-11433
40423,-11393
40424,-14521
40425,-18868
40426,8458
40427,11118
40428,-2478
40429,5992
40430,2610
40431,6681
40432,20997
40433,12104
40434,17935
40435,15316
40436,23378
40437,10447
40438,18847
40439,18019
40440,32767
40441,632
40442,12643
40443,21549
40444,12655
40445,25030
40446,9728
40447,22381
40448,11512
40449,14329
40450,25925
40451,13422
40452,32767
40453,-1763
40454,13511
40455,21548
40456,16226
40457,13838
40458,15178
40459,17042
40460,16470
40461,19517
40462,15514
40463,32767
40464,-319
40465,14488
40466,18149
40467,12620
40468,19384
40469,14321
40470,15174
40471,19620
40472,15438
40473,23367
40474,14516
40475,32767
40476,4337
40477,14956
40478,13084
40479,15588
40480,17364
40481,12871
40482,16791
40483,24456
40484,13759
40485,24024
40486,32767
40487,2229
40488,16556
40489,14465
40490,13673
40491,21100
40492,12980
40493,21783
40494,15948
40495,18355
40496,19910
40497,18220
40498,-32768
40499,3867
40500,14475
40501,14781
40502,15565
40503,15748
40504,20365
40505,14600
40506,18310
40507,18763
40508,17034
40509,-32768
40510,-143
40511,16338
40512,15639
40513,16648
40514,15662
40515,15313
40516,19458
40517,15456
40518,23170
40519,15328
40520,27574
40521,-32768
40522,485
40523,23219
40524,9115
40525,17712
40526,16539
40527,16516
40528,16853
40529,18646
40530,19241
40531,14226
40532,-32768
40533,-813
40534,18111
40535,15060
40536,16301
40537,15166
40538,16811
40539,16930
40540,15333
40541,16462
40542,18661
40543,17822
40544,-32768
40545,1160
40546,19579
40547,13937
40548,15223
40549,19232
40550,13704
40551,16482
40552,16497
40553,26891
40554,11442
40555,-32768
40556,2328
40557,14604
40558,19263
40559,14207
40560,15994
40561,16820
40562,18244
40563,14298
40564,22950
40565,15394
40566,24188
40567,17767
40568,3495
40569,17548
40570,14005
40571,13900
40572,19007
40573,17086
40574,15928
40575,19376
40576,17997
40577,20896
40578,-7246
40579,3991
40580,15477
40581,14221
40582,20368
40583,14915
40584,17875
40585,16127
40586,20034
40587,14928
40588,16529
40589,20842
40590,32767
40591,978
40592,13643
40593,18890
40594,13521
40595,18836
40596,14893
40597,18008
40598,17198
40599,18499
40600,18134
40601,7228
40602,4373
40603,13849
40604,15953
40605,15901
40606,15175
40607,17720
40608,17513
40609,16450
40610,17104
40611,17928
40612,22660
40613,32767
40614,9
40615,18524
40616,15950
40617,14110
40618,16475
40619,17555
40620,15686
40621,18395
40622,19127
40623,17385
40624,32767
40625,1513
40626,13357
40627,15704
40628,16768
40629,15921
40630,16297
40631,16819
40632,17381
40633,18797
40634,20110
40635,16590
40636,-32768
40637,416
40638,16540
40639,16872
40640,13582
40641,19503
40642,15515
40643,18870
40644,17666
40645,19759
40646,17113
40647,-5040
40648,2951
40649,20215
40650,15034
40651,14432
40652,21816
40653,13937
40654,16814
40655,17913
40656,16073
40657,21291
40658,16159
40659,-32768
40660,173
40661,18979
40662,12582
40663,18422
40664,14780
40665,21034
40666,13780
40667,16335
40668,23420
40669,16597
40670,32767
40671,1290
40672,19993
40673,11562
40674,20053
40675,13970
40676,19699
40677,16901
40678,13100
40679,22909
40680,18237
40681,15348
40682,-32768
40683,-943
40684,16523
40685,17833
40686,12469
40687,18927
40688,16397
40689,16286
40690,17972
40691,21139
40692,16263
40693,32767
40694,-2303
40695,14331
40696,17962
40697,12828
40698,17407
40699,19297
40700,14268
40701,18142
40702,19051
40703,15904
40704,19159
40705,32767
40706,329
40707,16831
40708,16972
40709,14147
40710,17921
40711,20389
40712,14332
40713,19032
40714,18732
40715,19699
40716,-13211
40717,5143
40718,17529
40719,16502
40720,11924
40721,19291
40722,16457
40723,17169
40724,19085
40725,15076
40726,19058
40727,15988
40728,-32768
40729,-329
40730,19807
40731,17948
40732,13729
40733,13826
40734,19639
40735,14937
40736,17438
40737,20283
40738,15211
40739,32767
40740,-707
40741,15295
40742,15203
40743,14755
40744,23128
40745,9710
40746,21900
40747,15463
40748,17561
40749,19373
40750,14709
40751,32767
40752,-1589
40753,14059
40754,12230
40755,17060
40756,16931
40757,15557
40758,16351
40759,13804
40760,23321
40761,19592
40762,-32768
40763,1275
40764,22284
40765,15410
40766,12651
40767,17869
40768,13624
40769,17908
40770,21341
40771,15438
40772,13783
40773,25943
40774,32767
40775,2696
40776,15594
40777,12914
40778,23861
40779,10434
40780,17924
40781,16548
40782,20685
40783,16050
40784,18152
40785,-32768
40786,-898
40787,24874
40788,10155
40789,19659
40790,15270
40791,19772
40792,12189
40793,19659
40794,18620
40795,21549
40796,12623
40797,32767
40798,2964
40799,8310
40800,21558
40801,12436
40802,17890
40803,17800
40804,12765
40805,17064
40806,24140
40807,12119
40808,-32768
40809,-2175
40810,23586
40811,18422
40812,9520
40813,16662
40814,19911
40815,11576
40816,18073
40817,12711
40818,13922
40819,21602
40820,32767
40821,-3480
40822,14647
40823,18553
40824,12111
40825,18225
40826,15596
40827,16240
40828,17552
40829,24088
40830,14852
40831,32767
40832,2777
40833,23206
40834,11421
40835,15515
40836,16086
40837,17645
40838,12591
40839,16787
40840,16594
40841,24968
40842,12151
40843,32767
40844,698
40845,13985
40846,14469
40847,10637
40848,20282
40849,15969
40850,15105
40851,18526
40852,19107
40853,23715
40854,32767
40855,723
40856,14955
40857,16810
40858,13431
40859,23199
40860,10564
40861,22519
40862,13661
40863,16351
40864,14763
40865,17788
40866,-32768
40867,872
40868,30500
40869,11147
40870,15313
40871,10956
40872,12730
40873,17761
40874,15065
40875,18140
40876,18044
40877,32767
40878,-246
40879,14749
40880,15031
40881,14908
40882,15338
40883,21458
40884,12725
40885,17443
40886,17355
40887,18679
40888,19207
40889,27985
40890,1626
40891,15816
40892,21180
40893,10104
40894,17513
40895,16050
40896,16670
40897,16870
40898,18994
40899,11648
40900,23410
40901,-2485
40902,16504
40903,14856
40904,17842
40905,9593
40906,15910
40907,16146
40908,21959
40909,18527
40910,13414
40911,18235
40912,32767
40913,-734
40914,17824
40915,13947
40916,23212
40917,11913
40918,26681
40919,11443
40920,20727
40921,16357
40922,16061
40923,-32768
40924,-1038
40925,15400
40926,15500
40927,16372
40928,15676
40929,20332
40930,14424
40931,18744
40932,17043
40933,18516
40934,19331
40935,-32768
40936,2308
40937,13002
40938,29983
40939,3537
40940,23619
40941,15379
40942,13332
40943,12252
40944,24902
40945,14724
40946,32767
40947,5887
40948,11858
40949,17648
40950,12665
40951,17241
40952,11934
40953,20180
40954,19849
40955,10462
40956,17901
40957,18205
40958,-31734
40959,4013
40960,13742
40961,21102
40962,10667
40963,20681
40964,13260
40965,17743
40966,18842
40967,23446
40968,12969
40969,20303
40970,6027
40971,19217
40972,9736
40973,24450
40974,11942
40975,17818
40976,17657
40977,15305
40978,16281
40979,22928
40980,17916
40981,25475
40982,2154
40983,19710
40984,13071
40985,15861
40986,17310
40987,15829
40988,29651
40989,7753
40990,23623
40991,12297
40992,31657
40993,3436
40994,13616
40995,17482
40996,17937
40997,15998
40998,12787
40999,25171
41000,15046
41001,12127
41002,22808
41003,14148
41004,-32768
41005,824
41006,17107
41007,12395
41008,19810
41009,15702
41010,11445
41011,21852
41012,12969
41013,19791
41014,13609
41015,28941
41016,-4989
41017,14824
41018,7717
41019,10719
41020,18022
41021,15982
41022,17162
41023,17821
41024,16347
41025,26727
41026,8092
41027,-24696
41028,-5465
41029,19593
41030,15794
41031,8656
41032,21385
41033,17773
41034,15867
41035,28195
41036,14047
41037,12792
41038,32767
41039,-2550
41040,21275
41041,13007
41042,16080
41043,16844
41044,16925
41045,16087
41046,14662
41047,32767
41048,6145
41049,21012
41050,32767
41051,2335
41052,16424
41053,14533
41054,16645
41055,19619
41056,20226
41057,7624
41058,23978
41059,17592
41060,15341
41061,-32768
41062,579
41063,23205
41064,10455
41065,32767
41066,4208
41067,27999
41068,10501
41069,18177
41070,14117
41071,22693
41072,19049
41073,-32768
41074,4453
41075,12266
41076,32767
41077,3677
41078,17773
41079,19685
41080,15129
41081,26906
41082,8990
41083,13234
41084,-32768
41085,8840
41086,1640
41087,16420
41088,14342
41089,15447
41090,14285
41091,17816
41092,16114
41093,20889
41094,19394
41095,14757
41096,-2975
41097,-1834
41098,11977
41099,32767
41100,4646
41101,16889
41102,18423
41103,16693
41104,17252
41105,19091
41106,32767
41107,-21222
41108,5844
41109,13325
41110,27101
41111,8555
41112,19243
41113,16768
41114,14472
41115,32767
41116,3685
41117,20589
41118,16698
41119,-14522
41120,-2971
41121,18924
41122,16271
41123,12974
41124,16502
41125,16393
41126,22557
41127,16694
41128,11391
41129,14839
41130,32767
41131,-1476
41132,20667
41133,13083
41134,11000
41135,32767
41136,347
41137,15166
41138,21874
41139,13882
41140,32767
41141,6877
41142,-32768
41143,382
41144,22964
41145,10320
41146,14057
41147,14670
41148,15097
41149,20177
41150,15752
41151,21665
41152,13587
41153,32767
41154,-1402
41155,26729
41156,3550
41157,10549
41158,12847
41159,23189
41160,16486
41161,13108
41162,12985
41163,24963
41164,5561
41165,-32768
41166,863
41167,18111
41168,14254
41169,29223
41170,6850
41171,23525
41172,14154
41173,15809
41174,32767
41175,6409
41176,-32768
41177,-2798
41178,28816
41179,8719
41180,13195
41181,22132
41182,20274
41183,12387
41184,14087
41185,24382
41186,11664
41187,15226
41188,30980
41189,8048
41190,12976
41191,19103
41192,13791
41193,14996
41194,19764
41195,16560
41196,18475
41197,16934
41198,18783
41199,-32768
41200,-448
41201,7442
41202,10648
41203,26819
41204,5448
41205,25514
41206,6915
41207,21430
41208,12233
41209,22893
41210,18904
41211,21588
41212,-1578
41213,10901
41214,23621
41215,11088
41216,10936
41217,19437
41218,17101
41219,24776
41220,20181
41221,14491
41222,-32768
41223,1157
41224,20662
41225,16031
41226,12765
41227,16644
41228,16196
41229,20424
41230,15469
41231,17225
41232,20101
41233,16414
41234,32767
41235,-623
41236,11931
41237,31631
41238,7887
41239,20902
41240,13956
41241,24494
41242,9184
41243,13475
41244,22953
41245,31706
41246,4322
41247,19888
41248,14235
41249,19368
41250,14844
41251,14768
41252,13946
41253,27311
41254,9657
41255,17836
41256,21037
41257,32767
41258,-1797
41259,21424
41260,13405
41261,17751
41262,16856
41263,7875
41264,25652
41265,13391
41266,21525
41267,19094
41268,32767
41269,2222
41270,20965
41271,7470
41272,8831
41273,23159
41274,14342
41275,17678
41276,13554
41277,28319
41278,13525
41279,23594
41280,13209
41281,-3471
41282,32767
41283,8006
41284,14902
41285,20154
41286,12504
41287,25885
41288,17073
41289,19408
41290,12298
41291,-11426
41292,-4056
41293,18867
41294,14848
41295,18090
41296,16198
41297,13557
41298,18933
41299,19273
41300,26571
41301,8303
41302,16421
41303,-27934
41304,3930
41305,18507
41306,13658
41307,17702
41308,15278
41309,15721
41310,16347
41311,12546
41312,30113
41313,9785
41314,32767
41315,1390
41316,14273
41317,22211
41318,11690
41319,16351
41320,22682
41321,8175
41322,14125
41323,20168
41324,20587
41325,19472
41326,32316
41327,-971
41328,14122
41329,12154
41330,20680
41331,12893
41332,19774
41333,14604
41334,19487
41335,16820
41336,17288
41337,32767
41338,3704
41339,13100
41340,17283
41341,16874
41342,11930
41343,18049
41344,19440
41345,15072
41346,19048
41347,20036
41348,18629
41349,19312
41350,2228
41351,12440
41352,15871
41353,14662
41354,16018
41355,17946
41356,16232
41357,21109
41358,18295
41359,19232
41360,30697
41361,2660
41362,10198
41363,18967
41364,13341
41365,15892
41366,18401
41367,16078
41368,16453
41369,17616
41370,14603
41371,23805
41372,31341
41373,4394
41374,21811
41375,12293
41376,17639
41377,16477
41378,14798
41379,20467
41380,13591
41381,19838
41382,13413
41383,32767
41384,-1167
41385,19109
41386,12709
41387,19069
41388,12973
41389,20039
41390,15919
41391,14889
41392,17911
41393,19186
41394,16776
41395,32767
41396,1272
41397,19317
41398,14554
41399,12346
41400,21647
41401,13661
41402,17678
41403,18550
41404,20394
41405,16233
41406,2069
41407,1755
41408,14744
41409,18354
41410,12179
41411,18974
41412,16586
41413,18587
41414,14411
41415,25071
41416,14958
41417,18915
41418,-27048
41419,3416
41420,13807
41421,13714
41422,15540
41423,16930
41424,15623
41425,16756
41426,22299
41427,21224
41428,12970
41429,32767
41430,896
41431,16698
41432,14594
41433,16119
41434,14003
41435,23456
41436,14747
41437,18044
41438,15150
41439,19857
41440,18174
41441,-24296
41442,1610
41443,16952
41444,17046
41445,11220
41446,20275
41447,16222
41448,18463
41449,13693
41450,27284
41451,13205
41452,32767
41453,-1007
41454,11870
41455,16916
41456,16290
41457,17267
41458,13198
41459,21106
41460,15018
41461,20800
41462,15320
41463,19473
41464,32767
41465,1995
41466,19305
41467,13094
41468,15810
41469,16471
41470,18787
41471,14202
41472,19171
41473,18474
41474,20403
41475,14295
41476,3345
41477,15924
41478,12823
41479,19897
41480,14210
41481,17399
41482,16713
41483,22022
41484,13978
41485,21447
41486,18616
41487,-20202
41488,1772
41489,15780
41490,17204
41491,14563
41492,14455
41493,19576
41494,17090
41495,14673
41496,23346
41497,15464
41498,-5555
41499,2984
41500,12712
41501,15496
41502,13846
41503,22121
41504,12926
41505,21154
41506,16247
41507,17955
41508,19353
41509,16547
41510,-32768
41511,-985
41512,20426
41513,13009
41514,16034
41515,17037
41516,15601
41517,15816
41518,20861
41519,17321
41520,15591
41521,32767
41522,-1236
41523,17202
41524,14023
41525,16612
41526,17979
41527,16798
41528,15136
41529,18738
41530,16986
41531,16695
41532,15436
41533,-32768
41534,1239
41535,13766
41536,18732
41537,12365
41538,17873
41539,15479
41540,17279
41541,17195
41542,24087
41543,14280
41544,32767
41545,2508
41546,15984
41547,14870
41548,14916
41549,19297
41550,13533
41551,18114
41552,15655
41553,20303
41554,17803
41555,20134
41556,32767
41557,2315
41558,19043
41559,14041
41560,14237
41561,16390
41562,19920
41563,13693
41564,21663
41565,15963
41566,23067
41567,-9777
41568,2240
41569,16238
41570,12753
41571,18349
41572,16033
41573,18576
41574,13619
41575,22887
41576,13795
41577,20505
41578,17095
41579,32767
41580,-3007
41581,19148
41582,14159
41583,13272
41584,23445
41585,11735
41586,20956
41587,14878
41588,17941
41589,20843
41590,32767
41591,1230
41592,16082
41593,17712
41594,11983
41595,20588
41596,14968
41597,16343
41598,15370
41599,17818
41600,22333
41601,13448
41602,32767
41603,-196
41604,16202
41605,15580
41606,15048
41607,15835
41608,15940
41609,21191
41610,12612
41611,21569
41612,17831
41613,-32768
41614,1718
41615,17529
41616,14124
41617,16534
41618,17694
41619,15773
41620,20198
41621,14848
41622,18593
41623,17770
41624,17288
41625,-32768
41626,21
41627,24741
41628,11656
41629,20089
41630,12492
41631,17414
41632,16961
41633,17268
41634,22426
41635,14937
41636,32767
41637,1285
41638,15468
41639,16093
41640,15340
41641,16690
41642,17662
41643,14707
41644,16185
41645,22901
41646,17100
41647,16373
41648,32767
41649,1315
41650,19691
41651,12891
41652,20414
41653,12409
41654,18655
41655,16148
41656,17583
41657,21219
41658,13140
41659,32767
41660,-186
41661,19082
41662,14250
41663,17476
41664,13143
41665,16842
41666,18788
41667,13076
41668,21713
41669,15901
41670,24012
41671,32767
41672,2265
41673,14178
41674,15205
41675,16564
41676,16235
41677,17093
41678,14900
41679,20227
41680,17659
41681,18555
41682,-32768
41683,400
41684,17543
41685,13987
41686,17551
41687,14403
41688,18460
41689,17074
41690,17252
41691,19550
41692,18288
41693,19210
41694,32767
41695,2184
41696,14227
41697,15861
41698,15308
41699,19006
41700,18138
41701,14575
41702,21979
41703,15997
41704,17872
41705,32767
41706,2384
41707,11205
41708,17376
41709,16820
41710,14365
41711,19596
41712,14757
41713,18911
41714,17539
41715,18771
41716,17007
41717,32767
41718,-592
41719,18433
41720,14897
41721,13313
41722,23051
41723,13069
41724,18183
41725,19231
41726,15874
41727,24734
41728,15602
41729,3757
41730,15267
41731,19916
41732,11906
41733,19670
41734,13898
41735,18942
41736,15774
41737,15884
41738,25600
41739,12821
41740,32767
41741,-66
41742,14034
41743,16861
41744,14434
41745,18114
41746,13770
41747,20683
41748,14896
41749,27607
41750,11348
41751,32767
41752,1657
41753,14965
41754,17305
41755,14983
41756,17836
41757,13695
41758,20527
41759,15106
41760,18142
41761,19828
41762,15644
41763,32767
41764,-522
41765,19495
41766,12666
41767,15444
41768,17153
41769,19599
41770,14481
41771,18301
41772,21075
41773,14797
41774,32767
41775,381
41776,18499
41777,12833
41778,17657
41779,15307
41780,13727
41781,23864
41782,13483
41783,18362
41784,19712
41785,17134
41786,-32768
41787,1582
41788,16091
41789,14299
41790,16536
41791,16492
41792,16401
41793,14982
41794,20050
41795,22104
41796,13664
41797,32767
41798,67
41799,17043
41800,13819
41801,16672
41802,13948
41803,17409
41804,16347
41805,18802
41806,17424
41807,16439
41808,23915
41809,20289
41810,2905
41811,15183
41812,16337
41813,14086
41814,18320
41815,17976
41816,14058
41817,21083
41818,18840
41819,15687
41820,-32768
41821,-53
41822,14014
41823,16839
41824,15375
41825,15796
41826,17257
41827,14512
41828,18749
41829,17256
41830,15690
41831,21069
41832,32767
41833,277
41834,14135
41835,15064
41836,15766
41837,17924
41838,18427
41839,14347
41840,19637
41841,17621
41842,21404
41843,32767
41844,4006
41845,15124
41846,16831
41847,15536
41848,15513
41849,16197
41850,17526
41851,17738
41852,16265
41853,17606
41854,19552
41855,-32768
41856,-402
41857,18057
41858,17072
41859,11799
41860,18512
41861,18229
41862,17237
41863,16331
41864,19895
41865,14338
41866,32767
41867,-4583
41868,13334
41869,13875
41870,16514
41871,16507
41872,15130
41873,17038
41874,17420
41875,19473
41876,20417
41877,14810
41878,32767
41879,4193
41880,17036
41881,12965
41882,14971
41883,16305
41884,20444
41885,13056
41886,20464
41887,19506
41888,17110
41889,32767
41890,1305
41891,17246
41892,13550
41893,18202
41894,13698
41895,17206
41896,18985
41897,17154
41898,14424
41899,18286
41900,16378
41901,-32768
41902,-128
41903,16025
41904,19322
41905,13864
41906,14486
41907,19131
41908,13214
41909,21948
41910,15617
41911,21221
41912,32767
41913,3510
41914,11691
41915,12635
41916,18806
41917,14511
41918,22332
41919,11231
41920,14575
41921,20149
41922,14106
41923,24060
41924,32767
41925,1068
41926,13320
41927,17276
41928,10529
41929,23533
41930,15183
41931,11261
41932,29478
41933,12178
41934,25843
41935,32767
41936,2202
41937,10866
41938,15966
41939,28385
41940,11729
41941,3733
41942,22053
41943,22019
41944,-2432
41945,7796
41946,30459
41947,-882
41948,-13166
41949,-19686
41950,-2684
41951,21209
41952,1755
41953,-4323
41954,8236
41955,-32768
41956,-23253
41957,-2941
41958,6562
41959,31882
41960,-7577
41961,2051
41962,5884
41963,8460
41964,-4503
41965,17319
41966,2305
41967,8833
41968,1788
41969,-5320
41970,-7696
41971,-13144
41972,-32768
41973,-30333
41974,-3348
41975,2999
41976,2587
41977,8992
41978,32767
41979,5480
41980,5063
41981,11085
41982,32767
41983,6473
41984,-5590
41985,-5384
41986,25163
41987,10302
41988,-32768
41989,1841
41990,-3849
41991,30957
41992,1311
41993,-18296
41994,-7676
41995,2800
41996,5883
41997,29729
41998,7543
41999,-1320
42000,-32768
42001,-5029
42002,-7199
42003,-15411
42004,-7619
42005,-19460
42006,31977
42007,5268
42008,-32768
42009,5674
42010,-9537
42011,-993
42012,18945
42013,-17675
42014,-5741
42015,-32768
42016,4046
42017,-32768
42018,-459
42019,1496
42020,8518
42021,32767
42022,-351
42023,-5835
42024,9013
42025,12941
42026,8601
42027,30446
42028,2429
42029,39
42030,4168
42031,1634
42032,18653
42033,11635
42034,29864
42035,5421
42036,16323
42037,-6690
42038,32767
42039,4255
42040,4807
42041,3652
42042,6514
42043,-7181
42044,-11725
42045,3987
42046,14166
42047,14142
42048,5508
42049,-5152
42050,-10313
42051,21628
42052,1917
42053,4564
42054,-29932
42055,4068
42056,4725
42057,32767
42058,8663
42059,6229
42060,4675
42061,-283
42062,20795
42063,6550
42064,7648
42065,-1086
42066,-11168
42067,-5904
42068,-4362
42069,316
42070,2601
42071,-32768
42072,-19204
42073,7726
42074,-2203
42075,-7495
42076,-16592
42077,-3849
42078,13496
42079,6283
42080,-5854
42081,-5732
42082,1949
42083,-2471
42084,-14089
42085,-22501
42086,-22784
42087,-3592
42088,7202
42089,14783
42090,8575
42091,5439
42092,-8683
42093,14283
42094,-205
42095,3215
42096,-32768
42097,995
42098,8679
42099,11569
42100,27842
42101,-32768
42102,2335
42103,13180
42104,13397
42105,-6000
42106,-15355
42107,-32768
42108,1808
42109,-9329
42110,-28892
42111,-2580
42112,-16336
42113,-17543
42114,16127
42115,-10250
42116,2914
42117,-12256
42118,-17652
42119,-11563
42120,13468
42121,9321
42122,9137
42123,-565
42124,-11654
42125,-21679
42126,-32768
42127,-17268
42128,-4531
42129,15313
42130,-912
42131,-3979
42132,-283
42133,-5140
42134,-7444
42135,5939
42136,-16957
42137,-4502
42138,5662
42139,32767
42140,-868
42141,2954
42142,32767
42143,2094
42144,-4390
42145,-17694
42146,32767
42147,3389
42148,-14328
42149,-17093
42150,-2853
42151,87
42152,-19077
42153,-933
42154,-2483
42155,-32768
42156,9800
42157,2797
42158,-3026
42159,-11403
42160,18066
42161,8616
42162,1517
42163,-23041
42164,32767
42165,228
42166,-779
42167,-6090
42168,-28474
42169,-5155
42170,-894
42171,-6931
42172,-7865
42173,32767
42174,17862
42175,16217
42176,-5066
42177,6109
42178,-32768
42179,1781
42180,3937
42181,10332
42182,3295
42183,-12458
42184,8397
42185,2564
42186,-4014
42187,18913
42188,934
42189,11030
42190,-3883
42191,-807
42192,-4486
42193,-2121
42194,14071
42195,32767
42196,3840
42197,-6002
42198,-1201
42199,-32768
42200,1343
42201,-7855
42202,-6271
42203,3782
42204,-19986
42205,6764
42206,4130
42207,-14938
42208,-2565
42209,3935
42210,32767
42211,32767
42212,13041
42213,3304
42214,1224
42215,-32768
42216,-4045
42217,29042
42218,5772
42219,-19337
42220,8424
42221,1525
42222,-10828
42223,-32768
42224,7133
42225,9644
42226,19333
42227,32767
42228,-15641
42229,-522
42230,2013
42231,30131
42232,2480
42233,-7403
42234,2945
42235,-19830
42236,-9967
42237,-3479
42238,10455
42239,11613
42240,20913
42241,902
42242,-7420
42243,-21831
42244,3487
42245,17091
42246,27350
42247,-19955
42248,1541
42249,10317
42250,4814
42251,-188
42252,2451
42253,3375
42254,-15523
42255,-19868
42256,13531
42257,-8587
42258,8592
42259,14152
42260,-7150
42261,-2873
42262,32767
42263,1924
42264,2289
42265,9176
42266,-31059
42267,-2124
42268,17555
42269,2370
42270,-13558
42271,-4426
42272,19707
42273,-25684
42274,-18270
42275,480
42276,5849
42277,-3298
42278,32767
42279,-1632
42280,-226
42281,11956
42282,-7157
42283,19919
42284,2475
42285,-15774
42286,17772
42287,-1704
42288,-32768
42289,-3414
42290,-13398
42291,-7666
42292,2271
42293,6729
42294,-928
42295,566
42296,257
42297,-32768
42298,-1803
42299,-4879
42300,-6497
42301,-32768
42302,-12570
42303,21305
42304,1355
42305,-22995
42306,-3179
42307,-23381
42308,-8604
42309,-19615
42310,-21015
42311,32767
42312,3502
42313,-7270
42314,-32768
42315,-5428
42316,19323
42317,4102
42318,-9914
42319,-8832
42320,-27408
42321,-14634
42322,-12526
42323,-5993
42324,32767
42325,9388
42326,-8094
42327,-14153
42328,-4036
42329,-32768
42330,-5112
42331,-32768
42332,-3
42333,7206
42334,15705
42335,-18210
42336,-8455
42337,11170
42338,-3175
42339,-7368
42340,-6530
42341,-1762
42342,-32768
42343,-8132
42344,-25167
42345,21100
42346,1692
42347,-8693
42348,-32768
42349,290
42350,-14647
42351,-25539
42352,-5854
42353,-24644
42354,-12358
42355,-18233
42356,-17729
42357,-16580
42358,-11690
42359,-10325
42360,-15472
42361,-13037
42362,32767
42363,3446
42364,-16647
42365,-7096
42366,-16929
42367,-9591
42368,10087
42369,-5826
42370,-11850
42371,-23710
42372,-17830
42373,-859
42374,-11427
42375,-15286
42376,2719
42377,-13836
42378,-18162
42379,-9704
42380,-26074
42381,-13444
42382,15326
42383,8870
42384,29407
42385,-21087
42386,-7612
42387,-30334
42388,11078
42389,-8888
42390,7731
42391,-2474
42392,-32768
42393,-934
42394,-9157
42395,-32768
42396,-6524
42397,3182
42398,26380
42399,5033
42400,-6808
42401,-4073
42402,-5435
42403,445
42404,14088
42405,-916
42406,-11093
42407,-31330
42408,-19291
42409,-1123
42410,-3459
42411,-17346
42412,-8468
42413,-1703
42414,32767
42415,-576
42416,-5485
42417,-32768
42418,-5130
42419,32767
42420,6683
42421,10322
42422,15379
42423,16228
42424,-4253
42425,-14116
42426,-12376
42427,-11075
42428,-5194
42429,5829
42430,32767
42431,31185
42432,5535
42433,-2550
42434,-7827
42435,-10961
42436,-12010
42437,-8573
42438,-23423
42439,-4633
42440,-3658
42441,-26864
42442,23395
42443,25377
42444,1244
42445,5657
42446,613
42447,-8469
42448,-16966
42449,-1864
42450,32767
42451,4083
42452,31688
42453,-408
42454,-9504
42455,-16132
42456,-3189
42457,-7754
42458,-22589
42459,-821
42460,4136
42461,-32768
42462,-3095
42463,5805
42464,32767
42465,19960
42466,-4890
42467,-9069
42468,-2133
42469,-7787
42470,-25510
42471,-8067
42472,13253
42473,3752
42474,32767
42475,4736
42476,1859
42477,-6215
42478,353
42479,23556
42480,-9160
42481,-5184
42482,-32768
42483,32767
42484,-9623
42485,-1585
42486,23271
42487,-2990
42488,-21333
42489,2436
42490,2487
42491,-8587
42492,10998
42493,9069
42494,-7000
42495,-4834
42496,-3847
42497,-32768
42498,6632
42499,2185
42500,-32768
42501,1941
42502,11390
42503,-17534
42504,-3819
42505,2742
42506,-12888
42507,-7586
42508,21066
42509,8174
42510,1035
42511,8495
42512,9485
42513,32767
42514,1180
42515,8575
42516,-8334
42517,-3526
42518,-32768
42519,-3670
42520,-7045
42521,-5961
42522,24752
42523,11601
42524,12553
42525,-1799
42526,-6180
42527,-17997
42528,-10341
42529,29200
42530,-19583
42531,-7041
42532,-24412
42533,-2943
42534,13183
42535,9619
42536,-32768
42537,3015
42538,2218
42539,-9483
42540,-12452
42541,-15703
42542,-14797
42543,-3121
42544,-3902
42545,4206
42546,-9940
42547,-15369
42548,-13259
42549,14671
42550,6628
42551,9940
42552,-14222
42553,-6796
42554,1597
42555,2508
42556,2128
42557,32767
42558,32767
42559,-2306
42560,-16437
42561,-5070
42562,2407
42563,18083
42564,1545
42565,-32768
42566,-11051
42567,-8937
42568,28734
42569,-23196
42570,12541
42571,1212
42572,8295
42573,14985
42574,16250
42575,32767
42576,1355
42577,-2525
42578,-6727
42579,26463
42580,-1249
42581,-27187
42582,4841
42583,-5797
42584,-32768
42585,-5056
42586,-13925
42587,-9314
42588,-29214
42589,-32768
42590,-8389
42591,6670
42592,4891
42593,-495
42594,-8533
42595,-23505
42596,-9195
42597,-19085
42598,-3495
42599,-415
42600,7461
42601,22457
42602,5540
42603,-5676
42604,-9402
42605,-16199
42606,-32768
42607,2158
42608,7234
42609,-22629
42610,-10402
42611,-32768
42612,-9518
42613,-17611
42614,716
42615,3342
42616,-4403
42617,-32768
42618,-2177
42619,-2872
42620,17595
42621,10761
42622,32767
42623,1
42624,7547
42625,8787
42626,-3053
42627,32767
42628,2458
42629,15225
42630,3567
42631,-18629
42632,-11291
42633,-12300
42634,-14189
42635,-32768
42636,4754
42637,-15314
42638,25083
42639,-10096
42640,-9593
42641,-19598
42642,4816
42643,-2441
42644,-2018
42645,-17668
42646,6501
42647,18077
42648,-32768
42649,-129
42650,3731
42651,-8372
42652,-9435
42653,32767
42654,-32768
42655,-1423
42656,-32768
42657,-32768
42658,-2411
42659,9451
42660,-12759
42661,-5945
42662,-22170
42663,-7810
42664,-1868
42665,-175
42666,25360
42667,32767
42668,960
42669,9562
42670,-18114
42671,-15013
42672,4352
42673,10030
42674,7613
42675,20689
42676,12803
42677,-7680
42678,-4808
42679,32767
42680,2069
42681,-9381
42682,-524
42683,2076
42684,247
42685,16373
42686,-693
42687,-7649
42688,1002
42689,1577
42690,-32768
42691,1221
42692,-9358
42693,-7802
42694,5631
42695,7415
42696,-20812
42697,-10088
42698,5131
42699,26320
42700,17795
42701,4545
42702,-4876
42703,1469
42704,4879
42705,-3517
42706,4202
42707,17728
42708,14128
42709,9500
42710,-32768
42711,885
42712,3398
42713,2072
42714,32767
42715,2889
42716,17781
42717,7057
42718,32767
42719,-1770
42720,-16
42721,-7139
42722,-16512
42723,-6874
42724,8484
42725,32767
42726,1490
42727,-24727
42728,-1042
42729,12230
42730,-13060
42731,-13104
42732,-23331
42733,-32768
42734,9249
42735,2077
42736,3416
42737,-3045
42738,-7729
42739,1332
42740,32767
42741,16441
42742,2700
42743,22250
42744,32767
42745,-1231
42746,-5791
42747,-3127
42748,-4000
42749,-1428
42750,6003
42751,-9462
42752,-5888
42753,12395
42754,3590
42755,157
42756,6294
42757,32767
42758,1937
42759,-5040
42760,-32768
42761,-7678
42762,6524
42763,-10241
42764,-5678
42765,-32768
42766,4600
42767,13748
42768,5329
42769,-3266
42770,-32768
42771,13605
42772,6621
42773,-8834
42774,-5914
42775,-11307
42776,4803
42777,3392
42778,-12978
42779,-13770
42780,-13239
42781,2979
42782,-25424
42783,-3244
42784,-31723
42785,-697
42786,-32768
42787,-2992
42788,-16494
42789,-7357
42790,5583
42791,-12298
42792,8710
42793,31501
42794,-5554
42795,-32768
42796,564
42797,11193
42798,11987
42799,12288
42800,-32768
42801,-1750
42802,32767
42803,4815
42804,6184
42805,482
42806,-7052
42807,-9727
42808,-7820
42809,1542
42810,32767
42811,20391
42812,18116
42813,18047
42814,-4774
42815,-9936
42816,3234
42817,-9864
42818,-14967
42819,-9092
42820,-3858
42821,29774
42822,-19855
42823,-7049
42824,-17293
42825,-6757
42826,2951
42827,-7862
42828,-14897
42829,1944
42830,4559
42831,11644
42832,28229
42833,-8766
42834,-4093
42835,2335
42836,-17357
42837,1406
42838,3270
42839,-14341
42840,10188
42841,8461
42842,32767
42843,857
42844,-21122
42845,-18618
42846,7278
42847,-9190
42848,-32768
42849,14334
42850,672
42851,-4276
42852,-4516
42853,-32768
42854,-9164
42855,-32768
42856,552
42857,-27553
42858,-1209
42859,10366
42860,17947
42861,-6005
42862,-13709
42863,32767
42864,-156
42865,-6425
42866,-7879
42867,7812
42868,11289
42869,-24438
42870,-14605
42871,-6022
42872,-12589
42873,-32768
42874,-32768
42875,-3304
42876,8350
42877,-10848
42878,-352
42879,24727
42880,-3351
42881,-8346
42882,32767
42883,6175
42884,-22360
42885,-3679
42886,-1798
42887,-32768
42888,-6338
42889,-10726
42890,13434
42891,-19615
42892,-7784
42893,-6733
42894,-2140
42895,-32768
42896,-277
42897,8117
42898,8107
42899,6541
42900,2447
42901,-8114
42902,-23856
42903,-19994
42904,-4224
42905,-28381
42906,-5586
42907,-784
42908,-1367
42909,17438
42910,22920
42911,16944
42912,29831
42913,-1884
42914,-6739
42915,-15193
42916,-29050
42917,1096
42918,-32768
42919,-3626
42920,-2597
42921,7612
42922,-9404
42923,-19952
42924,-10618
42925,-4674
42926,-32768
42927,-4318
42928,-32768
42929,8785
42930,2509
42931,-13905
42932,2272
42933,-3747
42934,-32768
42935,-7427
42936,12231
42937,8565
42938,-1711
42939,-4840
42940,-25470
42941,-8890
42942,32767
42943,-241
42944,-7435
42945,-24135
42946,-32768
42947,-10741
42948,8903
42949,531
42950,4428
42951,32767
42952,2650
42953,-8168
42954,-4531
42955,-32768
42956,-3199
42957,-23386
42958,-4327
42959,4295
42960,32767
42961,13904
42962,3936
42963,-728
42964,-29916
42965,13970
42966,12993
42967,-32768
42968,497
42969,1468
42970,-5879
42971,7794
42972,-4127
42973,-5521
42974,7181
42975,24645
42976,-11519
42977,-5356
42978,-32768
42979,-12813
42980,-7460
42981,29157
42982,9650
42983,10015
42984,3015
42985,-14087
42986,-5829
42987,22541
42988,1082
42989,-15611
42990,-11866
42991,-12355
42992,-7197
42993,-2342
42994,32767
42995,-240
42996,21763
42997,10228
42998,28044
42999,5795
43000,-140
43001,-32768
43002,-5747
43003,15023
43004,13928
43005,12639
43006,-4432
43007,-658
43008,2334
43009,-18080
43010,-4833
43011,-6646
43012,-4871
43013,-2404
43014,-19365
43015,-3591
43016,-19116
43017,-2879
43018,-18299
43019,1624
43020,-3894
43021,18938
43022,1631
43023,-4286
43024,22541
43025,13029
43026,-32768
43027,-913
43028,6779
43029,29208
43030,18718
43031,1099
43032,-10499
43033,-1537
43034,-8063
43035,30555
43036,-4826
43037,-5845
43038,-5906
43039,-14004
43040,32767
43041,4784
43042,3652
43043,1603
43044,9614
43045,-5606
43046,-10906
43047,5174
43048,-13934
43049,878
43050,-32768
43051,-5337
43052,24729
43053,-32768
43054,-1238
43055,-32768
43056,-2483
43057,23174
43058,115
43059,12799
43060,-2209
43061,12428
43062,3733
43063,-11515
43064,-32768
43065,8594
43066,-9057
43067,-12295
43068,-24823
43069,6983
43070,-4411
43071,-12633
43072,11677
43073,-7892
43074,-8637
43075,-32768
43076,-18830
43077,2754
43078,-3908
43079,-18626
43080,-17619
43081,-32768
43082,-20282
43083,-3849
43084,25187
43085,31812
43086,-4576
43087,8521
43088,702
43089,11525
43090,26145
43091,11966
43092,1873
43093,-4471
43094,11561
43095,-2034
43096,-11502
43097,-10520
43098,21405
43099,1010
43100,-8279
43101,-14511
43102,4464
43103,17529
43104,30771
43105,-9607
43106,-7048
43107,-21649
43108,1844
43109,-5911
43110,-29689
43111,-761
43112,24737
43113,18973
43114,-30794
43115,-1296
43116,-4644
43117,18760
43118,-3124
43119,-14344
43120,30892
43121,-1046
43122,-16148
43123,-11493
43124,-23234
43125,-958
43126,2542
43127,11325
43128,3326
43129,-8220
43130,7445
43131,24432
43132,-32768
43133,968
43134,30520
43135,12230
43136,-4251
43137,-28910
43138,-9456
43139,-8296
43140,32767
43141,1263
43142,7862
43143,2388
43144,16157
43145,7767
43146,-2013
43147,8000
43148,13820
43149,16452
43150,16279
43151,14344
43152,20528
43153,14231
43154,32767
43155,578
43156,17580
43157,12989
43158,18318
43159,14815
43160,14131
43161,19069
43162,16202
43163,21280
43164,16336
43165,17567
43166,32767
43167,1228
43168,13046
43169,14753
43170,15516
43171,17444
43172,17572
43173,14207
43174,20208
43175,18372
43176,17768
43177,-8407
43178,1395
43179,21084
43180,11089
43181,17477
43182,14676
43183,19131
43184,16039
43185,18601
43186,15169
43187,18737
43188,20938
43189,-32768
43190,2517
43191,15950
43192,14214
43193,15776
43194,17412
43195,17332
43196,15297
43197,20055
43198,16465
43199,20521
43200,-18922
43201,6093
43202,10770
43203,20808
43204,13096
43205,18938
43206,16802
43207,13730
43208,21477
43209,15063
43210,16843
43211,17758
43212,32767
43213,-3080
43214,22107
43215,12121
43216,13875
43217,19203
43218,14574
43219,17248
43220,18044
43221,18556
43222,21791
43223,31399
43224,2679
43225,18596
43226,16658
43227,12184
43228,17062
43229,17195
43230,15102
43231,19730
43232,15392
43233,22718
43234,16647
43235,-9467
43236,-1664
43237,17388
43238,16329
43239,11265
43240,19272
43241,15576
43242,16426
43243,18325
43244,20315
43245,17640
43246,32767
43247,2033
43248,15107
43249,16606
43250,15806
43251,17852
43252,15022
43253,19901
43254,15234
43255,17630
43256,17266
43257,16503
43258,-32768
43259,-530
43260,19315
43261,13493
43262,16720
43263,16218
43264,20164
43265,14907
43266,17162
43267,17281
43268,16762
43269,32767
43270,725
43271,21920
43272,13366
43273,16321
43274,19043
43275,14305
43276,17437
43277,17124
43278,19101
43279,17210
43280,17259
43281,-32768
43282,1983
43283,14526
43284,16908
43285,14495
43286,15975
43287,18096
43288,14149
43289,17560
43290,24747
43291,13671
43292,32767
43293,-197
43294,16336
43295,14684
43296,15203
43297,16045
43298,16726
43299,17620
43300,17183
43301,19264
43302,17091
43303,16837
43304,32767
43305,-1875
43306,17405
43307,16513
43308,13558
43309,16540
43310,19092
43311,15031
43312,21067
43313,17914
43314,16177
43315,-32768
43316,-72
43317,20591
43318,12909
43319,17749
43320,15000
43321,18730
43322,15786
43323,18021
43324,17628
43325,18581
43326,17633
43327,32767
43328,807
43329,15920
43330,14834
43331,16939
43332,15917
43333,17908
43334,14047
43335,21482
43336,16248
43337,19403
43338,-32768
43339,2477
43340,14624
43341,19213
43342,14257
43343,15806
43344,15923
43345,17749
43346,16154
43347,20419
43348,16770
43349,18160
43350,32767
43351,-496
43352,15962
43353,16624
43354,13604
43355,16760
43356,17549
43357,14927
43358,21647
43359,14565
43360,21495
43361,-32768
43362,447
43363,17225
43364,15734
43365,12960
43366,15995
43367,17688
43368,15597
43369,19437
43370,15669
43371,20657
43372,18572
43373,32767
43374,526
43375,14305
43376,16866
43377,14811
43378,17399
43379,15474
43380,18159
43381,19583
43382,17027
43383,20630
43384,32767
43385,1020
43386,14972
43387,16812
43388,14543
43389,17802
43390,17161
43391,16313
43392,17510
43393,18514
43394,20107
43395,14316
43396,32767
43397,-355
43398,19030
43399,12496
43400,18234
43401,16949
43402,14414
43403,18638
43404,16649
43405,19481
43406,16102
43407,-32768
43408,1206
43409,17924
43410,15664
43411,15205
43412,17246
43413,16170
43414,17903
43415,15855
43416,18191
43417,22003
43418,15388
43419,32767
43420,447
43421,17697
43422,12846
43423,14767
43424,16373
43425,16946
43426,16517
43427,19113
43428,19129
43429,14825
43430,32767
43431,-828
43432,16010
43433,15044
43434,17599
43435,12716
43436,16563
43437,20469
43438,15330
43439,17811
43440,19313
43441,17312
43442,32767
43443,1384
43444,14145
43445,15234
43446,14604
43447,15768
43448,20875
43449,13095
43450,20250
43451,20622
43452,14842
43453,32767
43454,1638
43455,18651
43456,12663
43457,18064
43458,14128
43459,18133
43460,18374
43461,15457
43462,19098
43463,17669
43464,20457
43465,-7980
43466,4227
43467,13552
43468,17399
43469,14679
43470,16814
43471,19030
43472,14467
43473,20315
43474,19550
43475,15858
43476,-32768
43477,2122
43478,15303
43479,16043
43480,16733
43481,14342
43482,17407
43483,17092
43484,17754
43485,15052
43486,18360
43487,18724
43488,32767
43489,561
43490,14186
43491,17356
43492,12897
43493,18325
43494,17224
43495,16706
43496,20026
43497,16793
43498,18148
43499,4001
43500,1708
43501,13870
43502,16360
43503,13011
43504,18751
43505,14912
43506,17529
43507,18662
43508,17598
43509,18774
43510,20139
43511,-8624
43512,3221
43513,14943
43514,17216
43515,14079
43516,19811
43517,14440
43518,17249
43519,19472
43520,18422
43521,19181
43522,32767
43523,3336
43524,12548
43525,17660
43526,15364
43527,17194
43528,17431
43529,15295
43530,20656
43531,13908
43532,20332
43533,16741
43534,32767
43535,-62
43536,19048
43537,12532
43538,15017
43539,20229
43540,15533
43541,18742
43542,14937
43543,22976
43544,15020
43545,-32768
43546,-268
43547,16500
43548,16357
43549,13635
43550,18292
43551,14495
43552,17016
43553,17828
43554,18493
43555,18206
43556,16501
43557,-32768
43558,160
43559,22827
43560,12370
43561,16074
43562,18458
43563,17667
43564,15086
43565,17749
43566,21179
43567,15640
43568,32767
43569,-440
43570,18354
43571,13340
43572,17664
43573,14868
43574,15722
43575,21294
43576,14596
43577,19126
43578,18639
43579,16242
43580,-32768
43581,380
43582,15164
43583,14408
43584,15959
43585,15261
43586,19521
43587,15057
43588,19240
43589,19115
43590,16816
43591,10448
43592,2790
43593,15391
43594,16544
43595,16102
43596,15665
43597,18181
43598,16555
43599,18642
43600,16409
43601,17182
43602,19957
43603,-32768
43604,1265
43605,15000
43606,17045
43607,14808
43608,15945
43609,19600
43610,14442
43611,19931
43612,19230
43613,17181
43614,-32768
43615,2593
43616,11889
43617,17423
43618,15201
43619,14889
43620,20726
43621,14324
43622,19092
43623,15428
43624,18656
43625,21204
43626,19598
43627,4097
43628,16068
43629,19177
43630,10954
43631,21450
43632,14396
43633,17435
43634,20660
43635,16336
43636,22321
43637,32767
43638,2930
43639,12420
43640,16157
43641,14573
43642,17524
43643,16337
43644,15221
43645,21486
43646,14925
43647,21696
43648,14124
43649,32767
43650,-1690
43651,18845
43652,15861
43653,12108
43654,19672
43655,16157
43656,19185
43657,15020
43658,22000
43659,15199
43660,32767
43661,1813
43662,13305
43663,17940
43664,14259
43665,21670
43666,12812
43667,19738
43668,14624
43669,19586
43670,16038
43671,20035
43672,32767
43673,998
43674,22452
43675,12458
43676,15456
43677,17232
43678,14764
43679,21183
43680,15211
43681,18251
43682,18068
43683,-32768
43684,-236
43685,27566
43686,10513
43687,16756
43688,15240
43689,19069
43690,14828
43691,21243
43692,15313
43693,24548
43694,12152
43695,-32768
43696,594
43697,16442
43698,15838
43699,14005
43700,16393
43701,17575
43702,16625
43703,17349
43704,21883
43705,13961
43706,-32768
43707,-2253
43708,20307
43709,11695
43710,16303
43711,17215
43712,14138
43713,20054
43714,14355
43715,26767
43716,12475
43717,18732
43718,17408
43719,-1146
43720,20793
43721,12840
43722,17892
43723,15206
43724,22577
43725,12381
43726,26080
43727,14063
43728,19149
43729,32767
43730,422
43731,19612
43732,12283
43733,18593
43734,12644
43735,17595
43736,16498
43737,18726
43738,15939
43739,17065
43740,17837
43741,32767
43742,2491
43743,13301
43744,21445
43745,10117
43746,22338
43747,13822
43748,17519
43749,14587
43750,22350
43751,16863
43752,32767
43753,2590
43754,13498
43755,20164
43756,11467
43757,18614
43758,14465
43759,16763
43760,18530
43761,18027
43762,18446
43763,18036
43764,-1076
43765,-5542
43766,21841
43767,12646
43768,17025
43769,15826
43770,17566
43771,16685
43772,17341
43773,18415
43774,20748
43775,32767
43776,-1265
43777,17936
43778,13967
43779,15178
43780,16498
43781,17027
43782,17733
43783,18835
43784,14817
43785,32767
43786,5588
43787,-32768
43788,-592
43789,18508
43790,14451
43791,16326
43792,17825
43793,13948
43794,29823
43795,8594
43796,25659
43797,11900
43798,32767
43799,629
43800,15020
43801,17217
43802,12077
43803,29349
43804,9091
43805,26144
43806,12398
43807,17547
43808,14790
43809,21992
43810,32767
43811,1025
43812,20359
43813,10876
43814,28568
43815,5835
43816,18877
43817,13322
43818,22079
43819,15415
43820,20878
43821,-32768
43822,635
43823,27016
43824,9989
43825,22407
43826,10699
43827,16996
43828,17200
43829,14927
43830,21055
43831,18671
43832,16472
43833,-32768
43834,355
43835,10348
43836,17124
43837,13379
43838,19395
43839,16597
43840,16007
43841,23136
43842,16633
43843,14666
43844,-32768
43845,707
43846,13548
43847,19891
43848,16303
43849,13188
43850,19909
43851,17035
43852,15104
43853,25047
43854,5957
43855,31288
43856,32767
43857,-813
43858,19958
43859,13074
43860,16010
43861,21043
43862,16147
43863,8455
43864,32767
43865,11587
43866,20194
43867,32767
43868,1058
43869,16816
43870,21827
43871,10122
43872,10442
43873,28015
43874,11860
43875,20061
43876,13890
43877,19397
43878,19818
43879,32767
43880,1174
43881,14984
43882,24686
43883,6938
43884,24500
43885,13065
43886,20881
43887,16280
43888,17484
43889,21409
43890,32767
43891,3754
43892,9688
43893,19619
43894,13383
43895,18698
43896,13691
43897,19379
43898,17392
43899,18075
43900,16905
43901,15888
43902,15957
43903,-5173
43904,19896
43905,12944
43906,15101
43907,16849
43908,18486
43909,17902
43910,20041
43911,16610
43912,13857
43913,15994
43914,5340
43915,21347
43916,12763
43917,15124
43918,19435
43919,14987
43920,16742
43921,19007
43922,13914
43923,32767
43924,7786
43925,32767
43926,1165
43927,13870
43928,13778
43929,18590
43930,15325
43931,12740
43932,31291
43933,9037
43934,23587
43935,12420
43936,32767
43937,1382
43938,22276
43939,7613
43940,12962
43941,26880
43942,7543
43943,28430
43944,9500
43945,23680
43946,14585
43947,21796
43948,-32768
43949,406
43950,15599
43951,7599
43952,22058
43953,14229
43954,19935
43955,14826
43956,21169
43957,17503
43958,21815
43959,-32768
43960,1710
43961,17100
43962,14214
43963,21560
43964,14906
43965,15764
43966,17306
43967,17524
43968,19577
43969,14685
43970,16862
43971,-32768
43972,56
43973,14042
43974,13719
43975,14422
43976,17894
43977,17311
43978,20235
43979,16013
43980,13204
43981,9116
43982,-32768
43983,3750
43984,13284
43985,13286
43986,17810
43987,16059
43988,18927
43989,15801
43990,17174
43991,23796
43992,11269
43993,25024
43994,32767
43995,1518
43996,21210
43997,10894
43998,16960
43999,15465
44000,9322
44001,6231
44002,20566
44003,18781
44004,18895
44005,32767
44006,6475
44007,4864
44008,18242
44009,18108
44010,10508
44011,32767
44012,6898
44013,20554
44014,14989
44015,20802
44016,18605
44017,32767
44018,127
44019,10617
44020,25193
44021,8644
44022,21876
44023,13474
44024,20164
44025,15491
44026,23415
44027,16871
44028,-32768
44029,3380
44030,10689
44031,23915
44032,9360
44033,27091
44034,12196
44035,18076
44036,18723
44037,14115
44038,18486
44039,14026
44040,27602
44041,3633
44042,24243
44043,11214
44044,16117
44045,18929
44046,17377
44047,21607
44048,9102
44049,15739
44050,22981
44051,7063
44052,5928
44053,22629
44054,14427
44055,16224
44056,20703
44057,11474
44058,19190
44059,21949
44060,10546
44061,22723
44062,14159
44063,32767
44064,-553
44065,15041
44066,13814
44067,17916
44068,14369
44069,16281
44070,18780
44071,14620
44072,26551
44073,12042
44074,-32768
44075,454
44076,31358
44077,4116
44078,10886
44079,32767
44080,8764
44081,21225
44082,14571
44083,18714
44084,19100
44085,17550
44086,32767
44087,486
44088,19005
44089,11961
44090,15254
44091,18029
44092,18795
44093,14488
44094,20526
44095,20521
44096,16921
44097,-32768
44098,-263
44099,21635
44100,8119
44101,21322
44102,12764
44103,19915
44104,15650
44105,16531
44106,20554
44107,11840
44108,11625
44109,-32768
44110,2475
44111,15164
44112,18434
44113,13525
44114,14601
44115,32767
44116,8566
44117,24547
44118,13229
44119,18442
44120,-32768
44121,2842
44122,14804
44123,20702
44124,10283
44125,18077
44126,18643
44127,12797
44128,16425
44129,19528
44130,14709
44131,22532
44132,32767
44133,1550
44134,14945
44135,22340
44136,9032
44137,14987
44138,16250
44139,15691
44140,21887
44141,13182
44142,22997
44143,32767
44144,1850
44145,10507
44146,14496
44147,18572
44148,15104
44149,15564
44150,17275
44151,18231
44152,14643
44153,21093
44154,12608
44155,32767
44156,1813
44157,9927
44158,26415
44159,9099
44160,22965
44161,14984
44162,19197
44163,10327
44164,12785
44165,27850
44166,-29279
44167,4069
44168,13369
44169,18223
44170,12986
44171,21670
44172,15764
44173,18752
44174,15949
44175,22086
44176,19183
44177,10197
44178,32767
44179,-665
44180,15319
44181,17733
44182,17119
44183,18234
44184,11651
44185,19411
44186,18546
44187,17121
44188,19434
44189,32767
44190,2478
44191,16228
44192,17106
44193,12299
44194,22029
44195,12861
44196,17065
44197,16176
44198,16154
44199,26554
44200,10889
44201,32767
44202,-922
44203,17969
44204,11906
44205,16508
44206,15678
44207,13054
44208,19667
44209,18886
44210,20810
44211,13610
44212,32767
44213,-3301
44214,21252
44215,12522
44216,11646
44217,21748
44218,11282
44219,23463
44220,11279
44221,23727
44222,13532
44223,13887
44224,-31533
44225,3237
44226,19466
44227,12413
44228,18679
44229,13869
44230,19241
44231,14341
44232,24495
44233,16847
44234,14687
44235,-32768
44236,-376
44237,15695
44238,19842
44239,14085
44240,14693
44241,21312
44242,15770
44243,13871
44244,21386
44245,17539
44246,15788
44247,-32768
44248,753
44249,15149
44250,18161
44251,11088
44252,21894
44253,14257
44254,14391
44255,21211
44256,20050
44257,12265
44258,-32768
44259,1136
44260,11996
44261,22988
44262,8692
44263,19226
44264,18502
44265,14747
44266,15466
44267,18765
44268,15799
44269,22637
44270,32767
44271,827
44272,13954
44273,16278
44274,12819
44275,14417
44276,23203
44277,11841
44278,24637
44279,14250
44280,26175
44281,-1644
44282,3673
44283,11472
44284,15590
44285,17043
44286,13588
44287,17215
44288,15781
44289,20502
44290,14152
44291,23571
44292,13569
44293,32767
44294,-546
44295,15415
44296,18789
44297,14869
44298,18609
44299,14261
44300,21801
44301,15777
44302,19476
44303,15127
44304,32767
44305,3204
44306,13007
44307,17693
44308,14565
44309,18357
44310,14021
44311,22035
44312,14185
44313,17857
44314,17131
44315,20915
44316,32767
44317,1464
44318,15043
44319,13134
44320,19569
44321,15846
44322,17369
44323,13786
44324,21182
44325,16937
44326,16828
44327,32767
44328,-264
44329,19266
44330,15095
44331,13401
44332,17910
44333,15475
44334,17099
44335,17030
44336,16305
44337,20016
44338,15793
44339,32767
44340,-1627
44341,16322
44342,12893
44343,14250
44344,20788
44345,13697
44346,18036
44347,19124
44348,19470
44349,13799
44350,32767
44351,-716
44352,14162
44353,18163
44354,12796
44355,18893
44356,13859
44357,22349
44358,14625
44359,19499
44360,15912
44361,20104
44362,32767
44363,1024
44364,19382
44365,12083
44366,19034
44367,15504
44368,21091
44369,13376
44370,21105
44371,17754
44372,17097
44373,32767
44374,1283
44375,16566
44376,14740
44377,18871
44378,14440
44379,17933
44380,17712
44381,16987
44382,15525
44383,19117
44384,16084
44385,17136
44386,-1219
44387,15271
44388,19238
44389,11110
44390,20608
44391,14477
44392,17248
44393,16215
44394,24093
44395,11630
44396,32767
44397,-1082
44398,14781
44399,15955
44400,13166
44401,19874
44402,14480
44403,19524
44404,13833
44405,22096
44406,15593
44407,20056
44408,32767
44409,1112
44410,16612
44411,12072
44412,16370
44413,16774
44414,20294
44415,13406
44416,20496
44417,21446
44418,14466
44419,-32768
44420,244
44421,21485
44422,12134
44423,18739
44424,14673
44425,17403
44426,17105
44427,18344
44428,18149
44429,16753
44430,19668
44431,12403
44432,5492
44433,11021
44434,18797
44435,12962
44436,18906
44437,18101
44438,14465
44439,17471
44440,19443
44441,16873
44442,-5531
44443,3510
44444,12482
44445,13794
44446,15505
44447,19163
44448,16171
44449,17279
44450,16578
44451,19261
44452,14063
44453,24730
44454,32767
44455,1801
44456,23478
44457,13075
44458,13651
44459,15259
44460,20125
44461,14324
44462,19341
44463,16437
44464,19739
44465,-32768
44466,1461
44467,18611
44468,13384
44469,16681
44470,14570
44471,19510
44472,14014
44473,22561
44474,14404
44475,21023
44476,15706
44477,32767
44478,-971
44479,12265
44480,19047
44481,12123
44482,21102
44483,13841
44484,19177
44485,17002
44486,21967
44487,15853
44488,-1759
44489,2682
44490,11411
44491,21672
44492,10947
44493,19127
44494,16547
44495,17042
44496,19091
44497,17262
44498,17131
44499,19595
44500,32767
44501,-56
44502,21471
44503,12765
44504,17257
44505,16145
44506,19090
44507,15200
44508,16333
44509,16126
44510,19327
44511,-32768
44512,768
44513,17779
44514,15791
44515,15834
44516,20292
44517,16328
44518,13352
44519,20558
44520,15575
44521,21648
44522,13597
44523,32767
44524,884
44525,16890
44526,14172
44527,15731
44528,19092
44529,14068
44530,19173
44531,14981
44532,28994
44533,10695
44534,32767
44535,-583
44536,16569
44537,16249
44538,14128
44539,19201
44540,13336
44541,21595
44542,13621
44543,20355
44544,21328
44545,14952
44546,-32768
44547,-1360
44548,22126
44549,13012
44550,16346
44551,13614
44552,21819
44553,13509
44554,20428
44555,18657
44556,14921
44557,-32768
44558,-1425
44559,19107
44560,10927
44561,19493
44562,15250
44563,18017
44564,17171
44565,16338
44566,19141
44567,17160
44568,14322
44569,-13011
44570,3481
44571,13170
44572,16974
44573,14930
44574,17338
44575,17630
44576,16304
44577,19191
44578,19324
44579,15990
44580,-32768
44581,1996
44582,14296
44583,18447
44584,14595
44585,16826
44586,17297
44587,16083
44588,16086
44589,18477
44590,17706
44591,17452
44592,32767
44593,-32
44594,15703
44595,17557
44596,12252
44597,15621
44598,16717
44599,15091
44600,21050
44601,15310
44602,19206
44603,-32768
44604,770
44605,13530
44606,16223
44607,17332
44608,14474
44609,18966
44610,12887
44611,22189
44612,15520
44613,18206
44614,22120
44615,32767
44616,220
44617,14684
44618,17771
44619,12266
44620,20554
44621,15209
44622,16070
44623,21033
44624,17181
44625,19918
44626,32767
44627,2014
44628,12164
44629,20028
44630,13867
44631,18022
44632,16357
44633,15886
44634,18886
44635,16326
44636,21116
44637,14126
44638,32767
44639,-1056
44640,18670
44641,13943
44642,16286
44643,16781
44644,16297
44645,17283
44646,20030
44647,19284
44648,13929
44649,6056
44650,1011
44651,15953
44652,18347
44653,15567
44654,16351
44655,18219
44656,16554
44657,15494
44658,15696
44659,22453
44660,14999
44661,32767
44662,233
44663,21853
44664,13303
44665,16079
44666,14631
44667,16816
44668,16571
44669,18350
44670,21177
44671,15167
44672,32767
44673,-1108
44674,17316
44675,13782
44676,16672
44677,17739
44678,16937
44679,18852
44680,13892
44681,20043
44682,18889
44683,16703
44684,32767
44685,700
44686,14883
44687,13143
44688,17380
44689,15589
44690,18251
44691,13627
44692,22189
44693,19168
44694,14143
44695,-32768
44696,-791
44697,17498
44698,13902
44699,17286
44700,14619
44701,17606
44702,18036
44703,15380
44704,21991
44705,14902
44706,21590
44707,32767
44708,3412
44709,11426
44710,17450
44711,14152
44712,17290
44713,18467
44714,13595
44715,26577
44716,13904
44717,16977
44718,32767
44719,3069
44720,11714
44721,15188
44722,17362
44723,13768
44724,19092
44725,15457
44726,17132
44727,19852
44728,17625
44729,17946
44730,32767
44731,322
44732,13079
44733,20949
44734,10808
44735,22766
44736,15395
44737,14196
44738,24003
44739,15660
44740,21493
44741,15677
44742,3999
44743,15192
44744,18140
44745,13918
44746,15295
44747,16580
44748,17620
44749,17749
44750,16605
44751,20470
44752,13062
44753,32767
44754,-3793
44755,16315
44756,17080
44757,12672
44758,21616
44759,13647
44760,17320
44761,18128
44762,20537
44763,12807
44764,32767
44765,684
44766,13440
44767,15152
44768,14844
44769,19797
44770,14641
44771,16907
44772,18249
44773,13829
44774,24002
44775,15427
44776,32767
44777,-123
44778,24116
44779,10474
44780,18561
44781,14731
44782,15229
44783,22631
44784,12846
44785,31345
44786,10676
44787,32767
44788,1291
44789,24399
44790,10825
44791,17914
44792,16375
44793,13011
44794,24609
44795,14347
44796,18300
44797,23200
44798,12394
44799,27676
44800,2998
44801,12431
44802,14863
44803,16321
44804,15903
44805,17198
44806,17858
44807,16566
44808,26520
44809,10916
44810,-32768
44811,2092
44812,13954
44813,13811
44814,15302
44815,13935
44816,12417
44817,12576
44818,11022
44819,9016
44820,13172
44821,11559
44822,32767
44823,8465
44824,12203
44825,10138
44826,13994
44827,8669
44828,12255
44829,11749
44830,8722
44831,13843
44832,4257
44833,473
44834,-32768
44835,-9709
44836,32196
44837,-8044
44838,-17606
44839,-19087
44840,-2053
44841,21307
44842,12915
44843,-16328
44844,4287
44845,2850
44846,-3460
44847,-13474
44848,-17548
44849,3909
44850,-32768
44851,-7483
44852,32767
44853,3216
44854,1053
44855,-5760
44856,-15766
44857,-8594
44858,6076
44859,-6557
44860,-32768
44861,-8715
44862,-14150
44863,18291
44864,32767
44865,2264
44866,27353
44867,539
44868,-7646
44869,-32768
44870,-11981
44871,14028
44872,-7182
44873,22880
44874,-7019
44875,-13106
44876,12738
44877,4543
44878,-32768
44879,-181
44880,-4060
44881,-19896
44882,-14017
44883,-32768
44884,-2697
44885,31497
44886,1653
44887,-14052
44888,-15249
44889,-11007
44890,-16337
44891,-32768
44892,-3938
44893,-3195
44894,-23440
44895,-8820
44896,-18626
44897,-10325
44898,-23918
44899,-9883
44900,-26590
44901,-9303
44902,-27508
44903,-13951
44904,-7630
44905,-19269
44906,-11656
44907,-23876
44908,-10401
44909,-19164
44910,-14735
44911,-20083
44912,-12941
44913,-7092
44914,-4167
44915,-21803
44916,-20056
44917,2319
44918,-5186
44919,-19894
44920,-23866
44921,-13251
44922,-28315
44923,-10769
44924,-18481
44925,-32768
44926,-59
44927,-17658
44928,-9478
44929,-32768
44930,-6651
44931,-32768
44932,-8262
44933,-10839
44934,-20466
44935,-12877
44936,-19548
44937,-15375
44938,-10252
44939,-13430
44940,-25466
44941,-13684
44942,-15035
44943,-16686
44944,-28691
44945,-12321
44946,-32768
44947,-14473
44948,5972
44949,-26778
44950,-12570
44951,-27981
44952,-4280
44953,-27271
44954,-8662
44955,-30353
44956,-8242
44957,-31377
44958,-11855
44959,-10706
44960,-27182
44961,-10467
44962,-31256
44963,-12725
44964,-14096
44965,-9062
44966,-14318
44967,-14792
44968,-17205
44969,-10083
44970,-22153
44971,-12022
44972,-14674
44973,-16859
44974,-19284
44975,-21894
44976,-15074
44977,-5306
44978,2674
44979,-10129
44980,-24534
44981,-7264
44982,-6182
44983,-22560
44984,-9826
44985,-12024
44986,-12872
44987,-13145
44988,-8576
44989,-18118
44990,-4077
44991,21313
44992,-4820
44993,-2066
44994,-32768
44995,-9401
44996,-9306
44997,-11387
44998,4075
44999,28739
45000,10424
45001,1017
45002,-19032
45003,-14658
45004,-13660
45005,55
45006,-23551
45007,-9079
45008,-19155
45009,-20909
45010,-11165
45011,-14870
45012,-12384
45013,-821
45014,-1542
45015,-14990
45016,-6436
45017,-15798
45018,-14197
45019,-8156
45020,-11301
45021,-2649
45022,-5877
45023,-8583
45024,-6638
45025,-6866
45026,309
45027,-9433
45028,-5515
45029,-491
45030,-8602
45031,-3541
45032,-4468
45033,900
45034,498
45035,-313
45036,-10077
45037,-2115
45038,-3962
45039,-13515
45040,6589
45041,518
45042,-5921
45043,624
45044,8508
45045,15531
45046,-28451
45047,-405
45048,15454
45049,-361
45050,-3140
45051,-3573
45052,-13613
45053,20825
45054,1796
45055,-7076
45056,-4858
45057,1808
45058,2982
45059,-2901
45060,-12276
45061,8031
45062,-1450
45063,-8879
45064,6808
45065,3104
45066,-7481
45067,6127
45068,10612
45069,-9330
45070,-4331
45071,599
45072,748
45073,1450
45074,3741
45075,-13684
45076,-993
45077,-22294
45078,-15487
45079,10794
45080,-1695
45081,-8353
45082,1097
45083,6665
45084,-1885
45085,360
45086,5153
45087,-3280
45088,-2823
45089,-6652
45090,14276
45091,-1351
45092,-32768
45093,-10143
45094,15863
45095,613
45096,-10894
45097,-2557
45098,-4235
45099,-15256
45100,-6741
45101,-12148
45102,32767
45103,3488
45104,-3939
45105,174
45106,2911
45107,3606
45108,2704
45109,-7710
45110,-2509
45111,3104
45112,1686
45113,11576
45114,3681
45115,-2804
45116,4773
45117,5997
45118,1985
45119,4506
45120,5223
45121,-1174
45122,4915
45123,8252
45124,12643
45125,6127
45126,1760
45127,8467
45128,3615
45129,-6593
45130,-3114
45131,-4642
45132,-3244
45133,8743
45134,6580
45135,-2750
45136,14974
45137,130
45138,-21772
45139,-15333
45140,32767
45141,191
45142,24976
45143,5515
45144,-9352
45145,-22995
45146,-9738
45147,-10445
45148,-7701
45149,-6874
45150,-1129
45151,4753
45152,-8358
45153,-8019
45154,-6986
45155,-12835
45156,451
45157,-9739
45158,-8203
45159,2482
45160,1150
45161,-15995
45162,-8060
45163,2704
45164,-1679
45165,-11433
45166,-5408
45167,-21889
45168,-9469
45169,93
45170,-13043
45171,-5294
45172,-7280
45173,-8793
45174,933
45175,-15862
45176,-5714
45177,73
45178,-20202
45179,-8237
45180,-14286
45181,-15302
45182,-6678
45183,2408
45184,1177
45185,-12943
45186,-1927
45187,-32768
45188,-2973
45189,4174
45190,-21141
45191,-6459
45192,-11538
45193,-4715
45194,-5548
45195,-17458
45196,-4349
45197,6191
45198,-5187
45199,-11587
45200,-8937
45201,-11448
45202,-22477
45203,-10310
45204,-1985
45205,-8198
45206,-21884
45207,2077
45208,650
45209,-12470
45210,-3523
45211,-13088
45212,-7685
45213,-16373
45214,-17002
45215,-5907
45216,-8304
45217,-2766
45218,20349
45219,-1028
45220,-484
45221,-8975
45222,-21691
45223,-36
45224,-13053
45225,-15480
45226,-15787
45227,-4964
45228,-940
45229,-15165
45230,-6193
45231,-10246
45232,-13647
45233,-13405
45234,-8197
45235,-11828
45236,-28933
45237,-6107
45238,-11166
45239,-18620
45240,-15273
45241,-22330
45242,-10397
45243,-6729
45244,-21272
45245,-13265
45246,-24125
45247,-18833
45248,-15673
45249,-31721
45250,-4120
45251,-3197
45252,-32768
45253,-10728
45254,-15785
45255,-8176
45256,-18785
45257,-19636
45258,-20477
45259,-14047
45260,-5798
45261,-8112
45262,-10537
45263,-14205
45264,-15513
45265,-4923
45266,-678
45267,3987
45268,-18227
45269,-7630
45270,-29683
45271,-13503
45272,-10789
45273,-10305
45274,-23958
45275,-18163
45276,-12520
45277,-26217
45278,-8661
45279,-1280
45280,-32768
45281,-5148
45282,-12455
45283,-12957
45284,-18250
45285,-12588
45286,-11197
45287,-10106
45288,-18827
45289,-7830
45290,-8972
45291,-16078
45292,-4604
45293,-24874
45294,-14162
45295,-27174
45296,592
45297,5428
45298,-7715
45299,-17679
45300,-9690
45301,-2534
45302,721
45303,-17450
45304,-2069
45305,-5886
45306,-8641
45307,-1258
45308,-3767
45309,-7483
45310,-11708
45311,-13388
45312,4937
45313,-7724
45314,-9653
45315,12249
45316,27741
45317,-809
45318,-12843
45319,7829
45320,876
45321,-637
45322,-20882
45323,3201
45324,3273
45325,-3823
45326,3361
45327,1707
45328,-12279
45329,-7023
45330,-2907
45331,4717
45332,16775
45333,-1253
45334,-2578
45335,19023
45336,7172
45337,-4492
45338,-1410
45339,-12667
45340,-3932
45341,4312
45342,2133
45343,-1183
45344,1045
45345,14067
45346,2258
45347,10336
45348,9218
45349,2453
45350,13432
45351,2262
45352,17970
45353,7590
45354,68
45355,14057
45356,6439
45357,14523
45358,5105
45359,7587
45360,7250
45361,22927
45362,-1027
45363,14746
45364,15611
45365,21187
45366,2752
45367,2454
45368,15435
45369,7545
45370,11470
45371,7526
45372,29226
45373,-3116
45374,-2696
45375,5989
45376,2780
45377,12444
45378,8156
45379,13251
45380,5640
45381,-32768
45382,473
45383,10298
45384,13070
45385,-13970
45386,8767
45387,9260
45388,10668
45389,11699
45390,30739
45391,3941
45392,-1337
45393,13315
45394,11324
45395,17188
45396,-7696
45397,-14693
45398,4026
45399,9587
45400,4166
45401,2343
45402,-216
45403,5452
45404,11716
45405,1726
45406,4639
45407,9299
45408,12582
45409,-24414
45410,2192
45411,-207
45412,-2140
45413,7714
45414,8229
45415,-18790
45416,-665
45417,193
45418,-10430
45419,859
45420,-14078
45421,-13836
45422,-8986
45423,4707
45424,-541
45425,-2057
45426,-6593
45427,-1257
45428,-9065
45429,-5195
45430,1322
45431,-17464
45432,-12999
45433,-12302
45434,-7480
45435,-6179
45436,-6870
45437,-4897
45438,-17274
45439,-4052
45440,-2197
45441,-4572
45442,-22974
45443,-7294
45444,-6295
45445,-23645
45446,-3764
45447,-15406
45448,-32768
45449,-21293
45450,-3924
45451,3565
45452,-17293
45453,-11674
45454,-32768
45455,-9461
45456,-5735
45457,4772
45458,-19866
45459,-8840
45460,-18670
45461,-22695
45462,-5512
45463,4656
45464,-32768
45465,-8550
45466,-28966
45467,-9908
45468,-3124
45469,3447
45470,6119
45471,-9158
45472,-5163
45473,-18356
45474,-4966
45475,-1133
45476,-14555
45477,-18785
45478,-10902
45479,-13225
45480,-20171
45481,315
45482,-9345
45483,-10824
45484,-19780
45485,-17273
45486,-901
45487,-5763
45488,-9815
45489,-20510
45490,-5951
45491,-6583
45492,-11108
45493,6537
45494,370
45495,-4000
45496,-20800
45497,-10324
45498,-7145
45499,-18048
45500,-12692
45501,19245
45502,3212
45503,-496
45504,87
45505,-1686
45506,-12021
45507,-32768
45508,2334
45509,-32768
45510,-9778
45511,-2946
45512,-9213
45513,-7216
45514,6648
45515,-4826
45516,7837
45517,12068
45518,4541
45519,3614
45520,-2026
45521,-9259
45522,28736
45523,-4198
45524,-3640
45525,13753
45526,6344
45527,572
45528,5591
45529,28458
45530,4961
45531,1066
45532,10996
45533,17577
45534,6720
45535,-2976
45536,14435
45537,7463
45538,-14414
45539,20406
45540,11601
45541,12059
45542,-963
45543,3504
45544,16670
45545,-13398
45546,-15091
45547,9640
45548,-884
45549,722
45550,10246
45551,1202
45552,1737
45553,27424
45554,6999
45555,12010
45556,8672
45557,13316
45558,3592
45559,-3978
45560,8784
45561,4154
45562,1510
45563,22830
45564,6145
45565,17461
45566,9220
45567,32767
45568,7952
45569,3004
45570,14734
45571,18393
45572,10841
45573,13835
45574,22965
45575,10952
45576,15299
45577,6169
45578,6723
45579,18024
45580,15004
45581,6132
45582,3711
45583,29560
45584,10545
45585,5765
45586,7812
45587,3224
45588,29029
45589,14968
45590,13833
45591,-4403
45592,10524
45593,6148
45594,7289
45595,20750
45596,14312
45597,16946
45598,28625
45599,5644
45600,-5364
45601,-4523
45602,-1960
45603,24485
45604,6105
45605,-21934
45606,-3761
45607,-3123
45608,8463
45609,9485
45610,16263
45611,7934
45612,23571
45613,10677
45614,11063
45615,10907
45616,6006
45617,12730
45618,10035
45619,32767
45620,8321
45621,12306
45622,23839
45623,1800
45624,11757
45625,12985
45626,15967
45627,6303
45628,-16353
45629,5352
45630,6662
45631,-4524
45632,10110
45633,22828
45634,21426
45635,-741
45636,-10518
45637,-25511
45638,-7448
45639,-1183
45640,13594
45641,2677
45642,9177
45643,19150
45644,7426
45645,20180
45646,5350
45647,4872
45648,11820
45649,15871
45650,1831
45651,27193
45652,2179
45653,17603
45654,9515
45655,12437
45656,10892
45657,32767
45658,4630
45659,22622
45660,9760
45661,-3172
45662,15360
45663,9496
45664,27759
45665,13023
45666,11849
45667,16166
45668,22320
45669,19072
45670,17001
45671,7497
45672,27401
45673,9208
45674,10366
45675,12923
45676,17804
45677,3965
45678,18560
45679,11399
45680,10544
45681,14565
45682,25831
45683,17442
45684,11245
45685,10389
45686,32767
45687,12582
45688,17353
45689,7048
45690,10466
45691,13934
45692,8600
45693,8679
45694,7656
45695,32767
45696,10005
45697,14017
45698,16851
45699,12006
45700,18483
45701,8052
45702,26194
45703,10402
45704,21118
45705,11655
45706,15154
45707,8924
45708,32767
45709,13706
45710,13829
45711,14359
45712,10213
45713,23545
45714,5767
45715,17282
45716,12357
45717,15425
45718,20841
45719,6192
45720,12932
45721,9129
45722,15745
45723,14628
45724,20928
45725,13885
45726,25259
45727,17483
45728,-17973
45729,-7379
45730,-27179
45731,5571
45732,23826
45733,8609
45734,18754
45735,13003
45736,30528
45737,18878
45738,7656
45739,1246
45740,32767
45741,7234
45742,14131
45743,7310
45744,17952
45745,12051
45746,14843
45747,18124
45748,15622
45749,9621
45750,8107
45751,32767
45752,7070
45753,19537
45754,12165
45755,19396
45756,8439
45757,17074
45758,15195
45759,16679
45760,25769
45761,9098
45762,15598
45763,19055
45764,-3876
45765,3437
45766,982
45767,24712
45768,12934
45769,7924
45770,12368
45771,3677
45772,21198
45773,9073
45774,17847
45775,18335
45776,19522
45777,11133
45778,20726
45779,17191
45780,18155
45781,18751
45782,12654
45783,15100
45784,16695
45785,17991
45786,10182
45787,15973
45788,16672
45789,29422
45790,1918
45791,12764
45792,14014
45793,24014
45794,15109
45795,14986
45796,16538
45797,18936
45798,24530
45799,8074
45800,14637
45801,18772
45802,27974
45803,10876
45804,17714
45805,14029
45806,31223
45807,17794
45808,13274
45809,16692
45810,20373
45811,8443
45812,11345
45813,23792
45814,26986
45815,4227
45816,12936
45817,21875
45818,18359
45819,4073
45820,32767
45821,1660
45822,12372
45823,20499
45824,3825
45825,-8323
45826,32767
45827,6082
45828,20577
45829,-19828
45830,9306
45831,1804
45832,-6409
45833,13960
45834,16055
45835,16621
45836,17211
45837,9545
45838,-3183
45839,2311
45840,-7255
45841,-2380
45842,32767
45843,3636
45844,2659
45845,10961
45846,32767
45847,7588
45848,15640
45849,8765
45850,11368
45851,23068
45852,-9941
45853,16321
45854,1850
45855,12729
45856,11970
45857,17854
45858,20934
45859,12900
45860,12965
45861,17183
45862,-2893
45863,16760
45864,12799
45865,25682
45866,-11365
45867,4516
45868,18892
45869,21564
45870,12873
45871,14687
45872,18197
45873,29398
45874,5994
45875,20771
45876,14980
45877,19008
45878,32767
45879,9835
45880,2869
45881,15207
45882,17572
45883,23837
45884,10708
45885,11721
45886,31920
45887,13794
45888,14520
45889,13927
45890,13924
45891,10923
45892,17795
45893,17700
45894,21084
45895,3958
45896,11132
45897,27892
45898,9901
45899,21774
45900,14999
45901,29139
45902,13510
45903,6352
45904,6864
45905,-11945
45906,17433
45907,7958
45908,32314
45909,12526
45910,-32768
45911,8801
45912,9035
45913,12352
45914,12473
45915,32767
45916,-547
45917,29832
45918,14276
45919,-9339
45920,18819
45921,29853
45922,5745
45923,9597
45924,10385
45925,-15445
45926,-7257
45927,16977
45928,9638
45929,-14063
45930,-68
45931,4635
45932,32767
45933,-27817
45934,2309
45935,32767
45936,7241
45937,6777
45938,26924
45939,7582
45940,7850
45941,32767
45942,-4688
45943,8874
45944,28926
45945,5253
45946,13230
45947,-1026
45948,13922
45949,9931
45950,31131
45951,32767
45952,-417
45953,32767
45954,29289
45955,3633
45956,-32768
45957,-8050
45958,8711
45959,31975
45960,7366
45961,26459
45962,8518
45963,13986
45964,8396
45965,-11635
45966,6006
45967,16738
45968,1972
45969,-26779
45970,-25616
45971,5123
45972,6366
45973,19810
45974,9763
45975,10157
45976,29158
45977,15985
45978,15277
45979,15884
45980,14726
45981,19176
45982,9920
45983,7196
45984,18307
45985,28624
45986,6261
45987,20425
45988,9920
45989,23268
45990,10791
45991,28999
45992,-1577
45993,-12852
45994,10985
45995,3783
45996,10817
45997,15823
45998,21225
45999,8188
46000,18766
46001,10165
46002,15940
46003,15750
46004,19420
46005,19314
46006,32767
46007,3908
46008,18141
46009,21524
46010,8429
46011,21364
46012,6864
46013,15157
46014,20075
46015,13338
46016,17755
46017,26361
46018,7273
46019,3147
46020,26632
46021,8453
46022,14566
46023,18014
46024,15893
46025,15900
46026,21760
46027,22737
46028,10207
46029,-4529
46030,-6430
46031,14790
46032,14411
46033,12935
46034,22986
46035,12293
46036,17128
46037,22207
46038,11723
46039,25989
46040,10512
46041,19039
46042,-2578
46043,16293
46044,18479
46045,12811
46046,21892
46047,17772
46048,14764
46049,11537
46050,22249
46051,10830
46052,-32768
46053,824
46054,21873
46055,14739
46056,14084
46057,17287
46058,10232
46059,32767
46060,2466
46061,15319
46062,18831
46063,21637
46064,32767
46065,-3205
46066,17359
46067,12049
46068,19641
46069,11688
46070,19351
46071,8404
46072,15476
46073,21228
46074,18788
46075,32767
46076,5652
46077,30590
46078,4390
46079,26012
46080,11261
46081,17106
46082,21766
46083,13410
46084,31978
46085,9204
46086,14778
46087,32767
46088,1023
46089,12030
46090,16559
46091,14343
46092,16983
46093,17197
46094,17164
46095,16291
46096,20677
46097,13818
46098,-27398
46099,3661
46100,15494
46101,17493
46102,12508
46103,20171
46104,16065
46105,15946
46106,18151
46107,17630
46108,13448
46109,24680
46110,32767
46111,677
46112,21067
46113,12461
46114,14804
46115,18110
46116,17689
46117,13979
46118,19705
46119,16683
46120,20883
46121,-32768
46122,2668
46123,16423
46124,15684
46125,13491
46126,17541
46127,17655
46128,13892
46129,19249
46130,16653
46131,17867
46132,16381
46133,32767
46134,2895
46135,14137
46136,19475
46137,9126
46138,23596
46139,13369
46140,17971
46141,16289
46142,20822
46143,18301
46144,-32768
46145,1608
46146,12189
46147,18920
46148,12517
46149,19168
46150,14274
46151,19573
46152,15153
46153,21287
46154,15413
46155,18449
46156,32767
46157,-1555
46158,16494
46159,13878
46160,14662
46161,17986
46162,18939
46163,12735
46164,25120
46165,16434
46166,20919
46167,10344
46168,4569
46169,15052
46170,15953
46171,16571
46172,14765
46173,21203
46174,15123
46175,18003
46176,14837
46177,19851
46178,14533
46179,32767
46180,-1080
46181,15112
46182,17985
46183,14210
46184,15250
46185,15510
46186,18950
46187,14415
46188,18368
46189,14845
46190,32767
46191,1386
46192,11476
46193,20389
46194,11018
46195,22441
46196,13751
46197,15105
46198,16183
46199,17792
46200,19213
46201,18285
46202,32767
46203,-808
46204,20531
46205,10819
46206,17142
46207,14814
46208,20348
46209,13570
46210,20260
46211,18161
46212,17957
46213,32767
46214,2548
46215,16619
46216,15311
46217,14957
46218,13726
46219,15833
46220,16846
46221,21993
46222,14723
46223,22718
46224,15572
46225,-32768
46226,-1182
46227,17994
46228,12918
46229,17482
46230,17857
46231,12646
46232,22870
46233,14442
46234,24092
46235,12778
46236,32767
46237,1066
46238,17053
46239,16050
46240,14130
46241,20532
46242,16970
46243,15554
46244,16373
46245,18302
46246,15868
46247,23544
46248,32767
46249,2574
46250,20958
46251,12003
46252,18667
46253,12989
46254,19528
46255,14142
46256,25247
46257,12122
46258,19820
46259,-25168
46260,-1104
46261,19699
46262,15134
46263,17512
46264,12890
46265,17006
46266,14079
46267,18544
46268,15696
46269,18884
46270,19418
46271,32767
46272,2506
46273,13524
46274,15559
46275,14797
46276,16951
46277,17248
46278,15601
46279,19303
46280,20074
46281,13839
46282,-32768
46283,2321
46284,11323
46285,19727
46286,12475
46287,14893
46288,18955
46289,15849
46290,13740
46291,23185
46292,15503
46293,27039
46294,16973
46295,4535
46296,17015
46297,12935
46298,14683
46299,17472
46300,19327
46301,15171
46302,22764
46303,15139
46304,20510
46305,-32768
46306,2758
46307,14682
46308,19147
46309,16573
46310,13968
46311,19186
46312,15656
46313,19663
46314,14985
46315,20759
46316,15474
46317,32767
46318,-1514
46319,12340
46320,20396
46321,10401
46322,25537
46323,12451
46324,17722
46325,17004
46326,17649
46327,17021
46328,32767
46329,817
46330,11374
46331,22138
46332,11262
46333,20172
46334,14345
46335,17458
46336,16293
46337,17884
46338,20845
46339,17167
46340,32767
46341,-866
46342,20078
46343,11799
46344,17334
46345,14027
46346,17068
46347,18467
46348,17047
46349,17713
46350,19654
46351,32767
46352,1682
46353,18110
46354,14665
46355,15673
46356,15751
46357,15899
46358,17471
46359,18414
46360,15406
46361,24695
46362,13549
46363,32767
46364,121
46365,13332
46366,15792
46367,14177
46368,21057
46369,14061
46370,18694
46371,15318
46372,23200
46373,13363
46374,32767
46375,-502
46376,19683
46377,15419
46378,15765
46379,16614
46380,13607
46381,21571
46382,14188
46383,18201
46384,19121
46385,19206
46386,32767
46387,650
46388,19700
46389,11341
46390,18732
46391,15937
46392,19447
46393,12943
46394,18948
46395,21069
46396,14034
46397,-32768
46398,1557
46399,20477
46400,14986
46401,14267
46402,15784
46403,17598
46404,16273
46405,18284
46406,16530
46407,17872
46408,17785
46409,32767
46410,383
46411,12606
46412,14956
46413,15792
46414,15552
46415,19764
46416,13412
46417,21932
46418,20453
46419,13363
46420,-32768
46421,-2080
46422,9441
46423,17064
46424,17147
46425,15714
46426,16849
46427,16218
46428,18739
46429,19608
46430,14006
46431,23685
46432,32767
46433,1186
46434,18128
46435,15346
46436,12134
46437,20990
46438,16756
46439,14661
46440,20917
46441,17963
46442,20216
46443,32767
46444,2568
46445,13678
46446,17935
46447,13771
46448,17163
46449,14481
46450,17823
46451,16138
46452,14490
46453,20660
46454,17139
46455,32767
46456,1081
46457,19994
46458,13155
46459,14475
46460,17727
46461,16404
46462,17084
46463,17239
46464,20192
46465,18063
46466,32767
46467,2392
46468,12285
46469,15517
46470,15092
46471,21566
46472,12575
46473,18364
46474,20004
46475,14193
46476,23560
46477,12782
46478,32767
46479,-808
46480,20014
46481,10131
46482,16451
46483,16661
46484,17636
46485,17411
46486,13562
46487,23472
46488,13811
46489,32767
46490,-588
46491,16249
46492,14731
46493,15364
46494,18349
46495,14142
46496,21907
46497,16327
46498,16045
46499,17586
46500,20992
46501,-30042
46502,2706
46503,17859
46504,14100
46505,18511
46506,13429
46507,17795
46508,17241
46509,22322
46510,15416
46511,14484
46512,-32768
46513,-95
46514,17138
46515,11114
46516,20220
46517,17792
46518,15210
46519,15894
46520,15924
46521,22012
46522,14206
46523,18581
46524,32767
46525,2610
46526,10822
46527,15836
46528,14022
46529,17651
46530,17712
46531,12689
46532,17940
46533,23224
46534,19279
46535,-32768
46536,4918
46537,14351
46538,21048
46539,9295
46540,15137
46541,20213
46542,17762
46543,12075
46544,27073
46545,12309
46546,24285
46547,32767
46548,-4190
46549,16689
46550,15588
46551,12396
46552,20430
46553,12739
46554,16388
46555,17408
46556,24840
46557,14524
46558,32767
46559,3108
46560,17225
46561,12175
46562,16803
46563,16273
46564,14211
46565,12599
46566,17774
46567,17186
46568,21849
46569,14411
46570,30359
46571,-4387
46572,14401
46573,16405
46574,11006
46575,21103
46576,14836
46577,18717
46578,14590
46579,18930
46580,20158
46581,-32768
46582,836
46583,14761
46584,18072
46585,13365
46586,16990
46587,17376
46588,17119
46589,17149
46590,15949
46591,17342
46592,18224
46593,32767
46594,2462
46595,14752
46596,12459
46597,21077
46598,14741
46599,18310
46600,15263
46601,16331
46602,30801
46603,7842
46604,-32768
46605,548
46606,15462
46607,8935
46608,20597
46609,15303
46610,21477
46611,12651
46612,13874
46613,17076
46614,14098
46615,18319
46616,26722
46617,6493
46618,14455
46619,14230
46620,17406
46621,12704
46622,22504
46623,8678
46624,17596
46625,20597
46626,12976
46627,-32768
46628,-2079
46629,28674
46630,12204
46631,15642
46632,9445
46633,15526
46634,17161
46635,14299
46636,32767
46637,8290
46638,32767
46639,-32768
46640,1225
46641,12872
46642,18214
46643,13198
46644,23040
46645,13315
46646,12241
46647,32767
46648,3974
46649,21369
46650,32767
46651,1120
46652,20540
46653,11966
46654,19788
46655,15271
46656,23063
46657,11624
46658,22008
46659,15652
46660,18441
46661,16852
46662,32767
46663,-932
46664,13338
46665,15423
46666,13060
46667,23096
46668,15623
46669,13323
46670,17837
46671,23310
46672,13151
46673,-32768
46674,-1898
46675,15940
46676,17371
46677,16213
46678,14142
46679,15583
46680,18110
46681,18887
46682,16515
46683,18747
46684,11573
46685,-989
46686,-6369
46687,19658
46688,15128
46689,14362
46690,21188
46691,13092
46692,21510
46693,12308
46694,22449
46695,1528
46696,32767
46697,2917
46698,23884
46699,8592
46700,23084
46701,13972
46702,17837
46703,19340
46704,10671
46705,23500
46706,26231
46707,13329
46708,-5304
46709,4053
46710,15143
46711,17502
46712,16442
46713,13321
46714,17805
46715,16450
46716,22255
46717,20905
46718,7100
46719,32767
46720,3315
46721,20097
46722,12671
46723,13210
46724,23184
46725,13591
46726,26401
46727,10932
46728,17830
46729,22163
46730,12533
46731,32767
46732,1622
46733,10766
46734,17024
46735,17745
46736,11800
46737,14024
46738,27596
46739,10484
46740,26258
46741,10399
46742,-32768
46743,-3341
46744,31602
46745,8381
46746,15234
46747,18687
46748,14251
46749,28268
46750,8162
46751,22612
46752,16283
46753,23391
46754,16716
46755,8328
46756,10617
46757,14779
46758,14793
46759,16626
46760,16037
46761,21883
46762,19642
46763,9404
46764,16807
46765,32767
46766,3615
46767,10496
46768,19896
46769,17980
46770,10044
46771,15441
46772,22256
46773,13798
46774,32767
46775,5891
46776,23773
46777,32767
46778,-833
46779,15405
46780,15916
46781,10566
46782,17350
46783,17351
46784,11046
46785,32767
46786,5722
46787,23112
46788,24508
46789,8020
46790,10336
46791,21339
46792,9386
46793,18089
46794,20341
46795,12653
46796,17701
46797,17050
46798,18430
46799,14434
46800,-32768
46801,7015
46802,9465
46803,32767
46804,962
46805,19717
46806,16292
46807,14315
46808,27720
46809,12424
46810,21353
46811,32767
46812,-5687
46813,5216
46814,25256
46815,12457
46816,12482
46817,15096
46818,22478
46819,13748
46820,18595
46821,14146
46822,15610
46823,-32768
46824,-1171
46825,6012
46826,21494
46827,9004
46828,20088
46829,18415
46830,15186
46831,20238
46832,12162
46833,-19060
46834,22195
46835,4751
46836,21407
46837,18774
46838,11250
46839,20383
46840,12407
46841,13546
46842,3115
46843,6601
46844,26921
46845,13213
46846,-32768
46847,-1312
46848,27345
46849,11858
46850,19485
46851,7492
46852,11433
46853,17537
46854,16857
46855,16201
46856,22565
46857,28287
46858,135
46859,21296
46860,11195
46861,15178
46862,19187
46863,15824
46864,12429
46865,20714
46866,15052
46867,21053
46868,17915
46869,-32768
46870,892
46871,9636
46872,10919
46873,16937
46874,15105
46875,16824
46876,12478
46877,23243
46878,20061
46879,11905
46880,32767
46881,-704
46882,32767
46883,11114
46884,8851
46885,29297
46886,8404
46887,26212
46888,16149
46889,18219
46890,22629
46891,13235
46892,-32768
46893,4245
46894,14400
46895,15199
46896,23402
46897,8820
46898,26479
46899,11912
46900,22371
46901,6978
46902,6410
46903,32767
46904,1823
46905,13331
46906,9143
46907,22513
46908,13582
46909,20938
46910,16618
46911,15637
46912,21971
46913,15275
46914,12562
46915,-32768
46916,1309
46917,16520
46918,18778
46919,17818
46920,10498
46921,27467
46922,11444
46923,16989
46924,17796
46925,22235
46926,32767
46927,3466
46928,9893
46929,22693
46930,10776
46931,13126
46932,23035
46933,13543
46934,20821
46935,15661
46936,11884
46937,32767
46938,8366
46939,2279
46940,13006
46941,29724
46942,6663
46943,16295
46944,17431
46945,14599
46946,28561
46947,12252
46948,29738
46949,-22811
46950,8958
46951,12089
46952,11683
46953,21345
46954,15089
46955,21633
46956,14661
46957,21746
46958,15103
46959,19908
46960,7123
46961,7758
46962,-5984
46963,16488
46964,14136
46965,15101
46966,23644
46967,10067
46968,29373
46969,3540
46970,14432
46971,11579
46972,30407
46973,4174
46974,19080
46975,13614
46976,17027
46977,22640
46978,10101
46979,22955
46980,16740
46981,12456
46982,20653
46983,14192
46984,32767
46985,-3886
46986,18629
46987,10936
46988,17559
46989,12370
46990,11142
46991,22253
46992,13725
46993,21410
46994,15494
46995,-32768
46996,-1939
46997,32156
46998,2285
46999,9624
47000,32767
47001,9005
47002,21816
47003,13124
47004,19030
47005,23763
47006,12065
47007,-32768
47008,-3572
47009,20815
47010,12936
47011,17372
47012,11291
47013,16609
47014,14922
47015,32767
47016,10281
47017,14408
47018,-14764
47019,-4625
47020,23463
47021,11943
47022,15153
47023,17234
47024,20684
47025,14094
47026,19736
47027,20520
47028,6097
47029,8452
47030,-32768
47031,2451
47032,14648
47033,19266
47034,13086
47035,16781
47036,26488
47037,7045
47038,23799
47039,13322
47040,15685
47041,32767
47042,1124
47043,21474
47044,12368
47045,17440
47046,14989
47047,26064
47048,7847
47049,15691
47050,16620
47051,18556
47052,17669
47053,32767
47054,1543
47055,16233
47056,20275
47057,9704
47058,17709
47059,17227
47060,14005
47061,23174
47062,12225
47063,25184
47064,32767
47065,6221
47066,6518
47067,14663
47068,6592
47069,15268
47070,17878
47071,13761
47072,15564
47073,21982
47074,16121
47075,19474
47076,32767
47077,-4615
47078,9828
47079,20246
47080,16701
47081,16569
47082,16785
47083,14717
47084,29293
47085,10794
47086,32767
47087,6918
47088,7826
47089,15625
47090,18640
47091,12801
47092,26253
47093,10239
47094,17105
47095,16155
47096,14846
47097,24920
47098,4498
47099,32767
47100,-809
47101,11777
47102,25005
47103,13202
47104,16916
47105,16983
47106,19435
47107,11515
47108,17029
47109,16968
47110,-32768
47111,-527
47112,22736
47113,17649
47114,11215
47115,23403
47116,9291
47117,15411
47118,21873
47119,14092
47120,21847
47121,14942
47122,32767
47123,-611
47124,21426
47125,9019
47126,15175
47127,20765
47128,13931
47129,18093
47130,14265
47131,27735
47132,13858
47133,-32768
47134,105
47135,17775
47136,11016
47137,9069
47138,25331
47139,12894
47140,21579
47141,14598
47142,18527
47143,20247
47144,13038
47145,-32768
47146,-1409
47147,19569
47148,11977
47149,17408
47150,15978
47151,21943
47152,12571
47153,27847
47154,15258
47155,12637
47156,-32768
47157,-504
47158,25277
47159,13258
47160,17138
47161,14823
47162,21653
47163,13252
47164,15741
47165,22680
47166,15419
47167,15713
47168,32767
47169,1740
47170,14696
47171,18404
47172,11946
47173,16493
47174,18456
47175,11739
47176,14677
47177,29038
47178,12676
47179,-32768
47180,-313
47181,14576
47182,18120
47183,17282
47184,12035
47185,19119
47186,13172
47187,15987
47188,21188
47189,18179
47190,16508
47191,32767
47192,-505
47193,15018
47194,16083
47195,12467
47196,15666
47197,19544
47198,14070
47199,18853
47200,20040
47201,13504
47202,-32768
47203,-593
47204,16492
47205,15918
47206,15722
47207,15178
47208,16413
47209,20581
47210,13488
47211,20792
47212,20755
47213,17569
47214,17132
47215,4330
47216,14418
47217,18524
47218,13060
47219,17363
47220,17202
47221,17966
47222,17012
47223,20415
47224,15630
47225,32767
47226,243
47227,16268
47228,14166
47229,17070
47230,15474
47231,15290
47232,20401
47233,15575
47234,15601
47235,19597
47236,13330
47237,32767
47238,480
47239,13676
47240,15101
47241,13932
47242,18735
47243,16158
47244,15042
47245,17695
47246,18380
47247,16094
47248,32767
47249,2215
47250,14915
47251,14876
47252,16716
47253,16710
47254,15256
47255,15829
47256,19327
47257,16515
47258,20213
47259,19255
47260,32767
47261,1708
47262,16779
47263,14796
47264,15408
47265,16969
47266,17007
47267,15295
47268,20677
47269,15561
47270,17291
47271,21377
47272,2988
47273,13342
47274,16430
47275,14998
47276,19500
47277,14967
47278,15961
47279,16628
47280,20955
47281,17511
47282,14572
47283,32767
47284,-842
47285,16333
47286,13928
47287,13139
47288,19960
47289,18393
47290,14460
47291,17642
47292,22559
47293,14217
47294,32767
47295,4545
47296,11171
47297,15576
47298,15468
47299,15459
47300,16160
47301,18561
47302,14455
47303,20723
47304,16305
47305,19806
47306,32767
47307,-1381
47308,20150
47309,13364
47310,15001
47311,16496
47312,15866
47313,16465
47314,19845
47315,17538
47316,16249
47317,32767
47318,2993
47319,15223
47320,17114
47321,12954
47322,19018
47323,13872
47324,20288
47325,15799
47326,17411
47327,20298
47328,15839
47329,32767
47330,774
47331,18856
47332,11455
47333,17244
47334,15253
47335,20057
47336,17125
47337,12842
47338,24594
47339,14301
47340,32767
47341,1950
47342,15704
47343,14559
47344,16997
47345,14284
47346,19379
47347,19691
47348,15244
47349,18988
47350,18319
47351,17429
47352,-32768
47353,758
47354,16254
47355,17556
47356,14233
47357,16904
47358,16535
47359,15444
47360,19737
47361,17888
47362,17691
47363,32767
47364,373
47365,18785
47366,10011
47367,19088
47368,13388
47369,18403
47370,14998
47371,17784
47372,20013
47373,18864
47374,15890
47375,-32768
47376,1026
47377,19869
47378,16589
47379,11372
47380,20000
47381,16763
47382,13990
47383,20687
47384,16484
47385,19094
47386,32767
47387,1072
47388,13898
47389,15360
47390,17068
47391,14430
47392,17584
47393,17129
47394,16770
47395,17271
47396,18265
47397,20455
47398,32767
47399,-2636
47400,12125
47401,17776
47402,13660
47403,17829
47404,17229
47405,14694
47406,19836
47407,17078
47408,22144
47409,832
47410,4531
47411,14899
47412,15052
47413,17714
47414,14764
47415,20494
47416,13869
47417,20641
47418,16245
47419,18719
47420,17175
47421,32767
47422,609
47423,14767
47424,17679
47425,13253
47426,18911
47427,16106
47428,17390
47429,13619
47430,15197
47431,19834
47432,32767
47433,1995
47434,11980
47435,18195
47436,15992
47437,17869
47438,14798
47439,16831
47440,16635
47441,17931
47442,21027
47443,14584
47444,32767
47445,-3019
47446,20087
47447,13175
47448,15384
47449,15692
47450,18843
47451,14919
47452,16574
47453,18660
47454,19482
47455,32767
47456,865
47457,17972
47458,16051
47459,13562
47460,18023
47461,16964
47462,17578
47463,18011
47464,14255
47465,21333
47466,17295
47467,32767
47468,-1733
47469,19181
47470,12843
47471,17051
47472,15468
47473,16243
47474,20516
47475,15725
47476,21169
47477,15508
47478,-32768
47479,1861
47480,18128
47481,13867
47482,15976
47483,21588
47484,12294
47485,22398
47486,12879
47487,19684
47488,19605
47489,14870
47490,32767
47491,2259
47492,20039
47493,11462
47494,19830
47495,14462
47496,18482
47497,15068
47498,20255
47499,17949
47500,15539
47501,-32768
47502,393
47503,21978
47504,11573
47505,19656
47506,15214
47507,16049
47508,20196
47509,13602
47510,19221
47511,20398
47512,15344
47513,32767
47514,1370
47515,12734
47516,15878
47517,14361
47518,18213
47519,15527
47520,15208
47521,21073
47522,17311
47523,15705
47524,-32768
47525,-475
47526,13844
47527,15235
47528,17299
47529,12990
47530,20084
47531,13834
47532,18338
47533,21246
47534,16261
47535,22033
47536,32767
47537,2245
47538,14108
47539,19349
47540,11856
47541,20310
47542,18359
47543,14483
47544,22011
47545,13933
47546,21369
47547,32767
47548,218
47549,15323
47550,17611
47551,17844
47552,13699
47553,21168
47554,13292
47555,19450
47556,14681
47557,25883
47558,14058
47559,32767
47560,-671
47561,15233
47562,17576
47563,13006
47564,19966
47565,12352
47566,20162
47567,17756
47568,21066
47569,14856
47570,32767
47571,-1038
47572,14508
47573,18372
47574,14028
47575,17686
47576,16946
47577,19803
47578,14400
47579,16447
47580,20133
47581,16738
47582,32767
47583,-1816
47584,23437
47585,11706
47586,17254
47587,16633
47588,15137
47589,18083
47590,16496
47591,19762
47592,17943
47593,32767
47594,-2009
47595,17252
47596,14567
47597,16132
47598,15307
47599,14156
47600,22946
47601,12324
47602,21563
47603,20749
47604,14999
47605,32767
47606,-1588
47607,18006
47608,12204
47609,16751
47610,18333
47611,17448
47612,15540
47613,17778
47614,22659
47615,16784
47616,-32768
47617,1975
47618,16355
47619,15945
47620,16720
47621,13767
47622,16873
47623,21116
47624,16592
47625,17457
47626,18079
47627,17949
47628,-32768
47629,2215
47630,14484
47631,17483
47632,14144
47633,17625
47634,16675
47635,14019
47636,24378
47637,15404
47638,15205
47639,32767
47640,2464
47641,11660
47642,21029
47643,10876
47644,16789
47645,18353
47646,18948
47647,13545
47648,24059
47649,12693
47650,23316
47651,32767
47652,1885
47653,16153
47654,13406
47655,12780
47656,20581
47657,18421
47658,13102
47659,19897
47660,15670
47661,21146
47662,32767
47663,-2085
47664,10949
47665,13362
47666,19120
47667,8359
47668,10081
47669,10863
47670,25099
47671,7180
47672,8145
47673,13555
47674,32767
47675,7465
47676,10614
47677,15402
47678,7480
47679,15733
47680,1682
47681,-32768
47682,-8731
47683,6780
47684,23033
47685,3056
47686,-12450
47687,-2251
47688,-3751
47689,5118
47690,5429
47691,32767
47692,3569
47693,-14485
47694,-936
47695,24525
47696,10444
47697,-17418
47698,-1459
47699,32767
47700,8987
47701,-17795
47702,5656
47703,14852
47704,6684
47705,30456
47706,605
47707,586
47708,5045
47709,-11198
47710,22421
47711,2633
47712,-18676
47713,-19260
47714,-19881
47715,-5410
47716,-32768
47717,-2772
47718,-26569
47719,2395
47720,32767
47721,3209
47722,-3366
47723,-32768
47724,-6344
47725,1922
47726,-13846
47727,-10802
47728,-21460
47729,-18156
47730,-13709
47731,-32768
47732,1229
47733,-10918
47734,-15190
47735,-21792
47736,-51
47737,-7662
47738,-23132
47739,-8932
47740,-16820
47741,-22509
47742,-13920
47743,-32768
47744,-8368
47745,-6758
47746,-22064
47747,-14342
47748,-6810
47749,-32768
47750,-3457
47751,19349
47752,26642
47753,10522
47754,-12323
47755,48
47756,2127
47757,-10528
47758,-12405
47759,-9826
47760,-28263
47761,-10290
47762,10957
47763,3918
47764,-1781
47765,-8029
47766,-2433
47767,9581
47768,-32768
47769,-3597
47770,-19900
47771,-13955
47772,4196
47773,1153
47774,-20354
47775,-1432
47776,-18228
47777,-22735
47778,1287
47779,-6532
47780,-10629
47781,32767
47782,-1503
47783,-22749
47784,-5381
47785,-19413
47786,-11617
47787,-15087
47788,-12716
47789,-32768
47790,700
47791,-18290
47792,-10672
47793,-21228
47794,-8036
47795,-7661
47796,-13509
47797,-9830
47798,-27125
47799,-11251
47800,-32768
47801,7978
47802,-18138
47803,-12604
47804,-13426
47805,-9651
47806,2860
47807,-3525
47808,13017
47809,-21415
47810,-6835
47811,-32768
47812,-4533
47813,-23861
47814,-30630
47815,-4888
47816,12311
47817,-8991
47818,-6311
47819,-13252
47820,25478
47821,3256
47822,-30478
47823,-23808
47824,8218
47825,-18821
47826,-5646
47827,-12347
47828,-27945
47829,-4896
47830,-15835
47831,-17061
47832,-13973
47833,-18510
47834,-13313
47835,-32768
47836,712
47837,-26843
47838,-5499
47839,-19060
47840,-7012
47841,-19471
47842,-13255
47843,-32768
47844,-8571
47845,-25674
47846,-28851
47847,-686
47848,-16706
47849,-13474
47850,-19149
47851,-15385
47852,-17707
47853,-23109
47854,-13451
47855,-17870
47856,-11969
47857,-11916
47858,-17434
47859,-10835
47860,-4895
47861,-3023
47862,-32161
47863,-8957
47864,-30815
47865,-7783
47866,-28525
47867,-6277
47868,-23733
47869,-19462
47870,-6745
47871,-17447
47872,-19076
47873,-25895
47874,-17824
47875,-15740
47876,-29925
47877,-8992
47878,-26294
47879,-6587
47880,-12687
47881,-32768
47882,-7725
47883,-13430
47884,-20138
47885,-20388
47886,-12947
47887,-18071
47888,-13297
47889,-7904
47890,-4600
47891,1203
47892,-32768
47893,-3459
47894,-21124
47895,-9676
47896,8464
47897,30253
47898,2388
47899,-4564
47900,32767
47901,1661
47902,-3784
47903,-9892
47904,-18011
47905,-11105
47906,-11689
47907,-13240
47908,-12923
47909,-17860
47910,-8653
47911,-14545
47912,-16022
47913,-11502
47914,-16644
47915,-13816
47916,-13191
47917,-8688
47918,-18501
47919,-24663
47920,-11566
47921,-10652
47922,-17716
47923,-15871
47924,-24451
47925,-11757
47926,-30773
47927,-10680
47928,-21807
47929,-8375
47930,-1275
47931,489
47932,-19086
47933,-5165
47934,-3659
47935,-32768
47936,-16760
47937,-10077
47938,-31283
47939,-8049
47940,-32768
47941,-6118
47942,-14519
47943,-17443
47944,-15904
47945,-5118
47946,-10434
47947,-14998
47948,-11337
47949,-15203
47950,-21352
47951,-12742
47952,-11310
47953,-15165
47954,-13796
47955,-16948
47956,-11584
47957,-3666
47958,-7930
47959,-8791
47960,-16323
47961,-26380
47962,-5727
47963,1412
47964,-17367
47965,-5833
47966,-16389
47967,-7964
47968,-5578
47969,-14041
47970,-6714
47971,-17652
47972,-9795
47973,-17162
47974,-14882
47975,-17873
47976,-12787
47977,-14372
47978,9928
47979,96
47980,32767
47981,1301
47982,-14951
47983,-13569
47984,-27463
47985,-6249
47986,631
47987,-9319
47988,-5430
47989,-16211
47990,-10321
47991,-3776
47992,-1950
47993,-3499
47994,-3905
47995,-975
47996,-32768
47997,-10753
47998,-11207
47999,-10871
48000,-19047
48001,-9718
48002,-15416
48003,-16299
48004,-9989
48005,-10898
48006,-22980
48007,-27952
48008,-7459
48009,-7860
48010,-10626
48011,-16313
48012,-17209
48013,-6752
48014,8806
48015,-9406
48016,-14265
48017,-10693
48018,-10266
48019,-29180
48020,-16546
48021,-22136
48022,1269
48023,-10019
48024,-12603
48025,-28102
48026,-9280
48027,-9369
48028,-32481
48029,-4762
48030,-12498
48031,-15411
48032,-13976
48033,-23712
48034,-11075
48035,-11596
48036,-10527
48037,-12836
48038,-32768
48039,-12659
48040,-7097
48041,-8120
48042,-8757
48043,-11136
48044,-6099
48045,-17890
48046,-6210
48047,3375
48048,-6861
48049,-6424
48050,5881
48051,2210
48052,-23788
48053,-17943
48054,31206
48055,-12484
48056,-3026
48057,-7185
48058,-22342
48059,362
48060,1246
48061,-9738
48062,-11909
48063,-1764
48064,4566
48065,-32768
48066,-1397
48067,-7862
48068,-10823
48069,-32768
48070,-4451
48071,8515
48072,-15527
48073,-7024
48074,-13162
48075,-17693
48076,-10288
48077,-10354
48078,-23072
48079,-9928
48080,1138
48081,-5965
48082,-32768
48083,-8292
48084,-10271
48085,-7625
48086,-10225
48087,-11442
48088,-32768
48089,-2609
48090,1700
48091,-30668
48092,-13175
48093,-20497
48094,-6388
48095,-9923
48096,-7446
48097,9690
48098,438
48099,-11765
48100,-16181
48101,-8827
48102,-943
48103,-9015
48104,-26343
48105,-12221
48106,9324
48107,-15221
48108,-7392
48109,-17538
48110,-12051
48111,-32768
48112,-3114
48113,-8589
48114,-21611
48115,-12708
48116,-12968
48117,-8707
48118,-13992
48119,-14326
48120,-12120
48121,-9187
48122,-24228
48123,-10720
48124,-22772
48125,-9561
48126,-15310
48127,-13412
48128,-4699
48129,-13120
48130,-9883
48131,-13270
48132,-23039
48133,-17031
48134,-19622
48135,-7262
48136,-10839
48137,-7224
48138,-32768
48139,-7766
48140,-3684
48141,-16109
48142,-13635
48143,-8790
48144,-15130
48145,-13590
48146,-13720
48147,-13916
48148,-16686
48149,-7321
48150,-10066
48151,-25425
48152,-2225
48153,-17965
48154,-4910
48155,-22419
48156,-11515
48157,-12223
48158,32767
48159,4933
48160,8048
48161,-6768
48162,-12917
48163,-8945
48164,-5137
48165,-7860
48166,-12286
48167,-6814
48168,-17175
48169,-10184
48170,-25197
48171,-12062
48172,-12619
48173,-4852
48174,-3566
48175,-16718
48176,-8299
48177,-12808
48178,-23092
48179,-5967
48180,-9259
48181,-18190
48182,-8042
48183,-18527
48184,-15462
48185,-4711
48186,-12617
48187,-12323
48188,-11704
48189,-10103
48190,-11883
48191,-26798
48192,-10562
48193,-11183
48194,-14503
48195,-15374
48196,-15188
48197,-12264
48198,-32768
48199,-1688
48200,2726
48201,-8565
48202,-18669
48203,-32768
48204,-2093
48205,6149
48206,-1006
48207,-13016
48208,-5142
48209,-6719
48210,-5913
48211,-9122
48212,-6411
48213,-5629
48214,-15054
48215,-19950
48216,10411
48217,13523
48218,339
48219,-8245
48220,-13062
48221,-5913
48222,-4395
48223,-11803
48224,-3008
48225,-7136
48226,-17116
48227,-23467
48228,-5402
48229,-1073
48230,-11859
48231,-17589
48232,-9420
48233,-756
48234,3749
48235,-5276
48236,-8155
48237,-9587
48238,-8986
48239,656
48240,-15192
48241,-1943
48242,6391
48243,-695
48244,-23509
48245,8318
48246,958
48247,-3778
48248,-1830
48249,-21961
48250,-3968
48251,-9324
48252,-3966
48253,1817
48254,-515
48255,-5920
48256,-1514
48257,-5748
48258,-6179
48259,1558
48260,-8904
48261,-9099
48262,2049
48263,9741
48264,-12694
48265,77
48266,7761
48267,4229
48268,-12321
48269,-4507
48270,-1668
48271,-7598
48272,-5822
48273,-2906
48274,-8296
48275,-8997
48276,-32768
48277,2458
48278,4419
48279,27629
48280,13362
48281,-11310
48282,209
48283,-5153
48284,-32768
48285,11293
48286,-945
48287,-6422
48288,-8107
48289,-6373
48290,-5574
48291,-1048
48292,13652
48293,-3059
48294,387
48295,-15989
48296,-8228
48297,-5070
48298,-11893
48299,-2218
48300,-16655
48301,-11177
48302,-824
48303,-3404
48304,-10724
48305,-10129
48306,-32768
48307,-5332
48308,-7137
48309,-13024
48310,-9406
48311,-18156
48312,-6463
48313,-25143
48314,-4534
48315,-18450
48316,-16248
48317,-13467
48318,-17281
48319,-14773
48320,-7133
48321,-26811
48322,-22643
48323,32767
48324,-1244
48325,-20271
48326,-3769
48327,-7751
48328,-16284
48329,-16656
48330,-16794
48331,-26023
48332,-2135
48333,4638
48334,-32768
48335,-6524
48336,-1905
48337,-17430
48338,-7266
48339,-3411
48340,-32768
48341,-3091
48342,-7272
48343,-7949
48344,-15614
48345,-15904
48346,-9158
48347,-10851
48348,-7224
48349,-24609
48350,-5224
48351,-4791
48352,-21948
48353,-11814
48354,-3359
48355,-14783
48356,-11999
48357,-8039
48358,-9751
48359,-32768
48360,-10856
48361,864
48362,-13162
48363,-4169
48364,-32768
48365,-7899
48366,-8354
48367,-21956
48368,-22364
48369,-9163
48370,-6708
48371,17719
48372,-5444
48373,-16785
48374,-9798
48375,4515
48376,-24072
48377,-6663
48378,-12356
48379,-15942
48380,-12429
48381,-10601
48382,-12910
48383,-19131
48384,-12636
48385,-14717
48386,-1999
48387,10128
48388,-173
48389,-28119
48390,-7029
48391,-13153
48392,-8734
48393,-17533
48394,-19340
48395,-15938
48396,-18438
48397,-9594
48398,-32768
48399,-2021
48400,-21442
48401,-14142
48402,-17671
48403,-8090
48404,-28092
48405,-9125
48406,-17910
48407,-16177
48408,-24288
48409,-13117
48410,7055
48411,-5862
48412,-19058
48413,-32768
48414,-7502
48415,-20534
48416,-18933
48417,-9132
48418,-21868
48419,-8333
48420,-24438
48421,-17777
48422,-9595
48423,-13631
48424,-21791
48425,-4534
48426,-19838
48427,-15865
48428,-17272
48429,-24148
48430,-2083
48431,-12273
48432,-13091
48433,11198
48434,8729
48435,-19333
48436,-20802
48437,-9906
48438,-17381
48439,-15549
48440,-27308
48441,-11331
48442,-22262
48443,-9356
48444,-32768
48445,-9651
48446,-14204
48447,-12812
48448,-32768
48449,-21660
48450,-8496
48451,-10482
48452,-18347
48453,-22211
48454,-15171
48455,-12712
48456,-32768
48457,-4135
48458,-10557
48459,-23916
48460,-8374
48461,-23081
48462,-14373
48463,-14661
48464,-29614
48465,-9082
48466,-8283
48467,-13047
48468,-7379
48469,-32768
48470,-9177
48471,-15319
48472,-32768
48473,-9704
48474,11145
48475,-7468
48476,-15331
48477,-12038
48478,-30389
48479,14290
48480,3279
48481,-32768
48482,-9988
48483,-23098
48484,-12997
48485,-15823
48486,-14935
48487,-8004
48488,-4666
48489,-25120
48490,-24297
48491,-9026
48492,-12480
48493,-32768
48494,-6739
48495,-18376
48496,-17822
48497,-10809
48498,-13498
48499,-13303
48500,-32768
48501,-8964
48502,-32768
48503,-95
48504,-14072
48505,-12402
48506,-18189
48507,-16282
48508,-15822
48509,-18778
48510,-16103
48511,-17917
48512,-20724
48513,-25187
48514,-7656
48515,-15908
48516,-13191
48517,-28071
48518,-11475
48519,-15319
48520,-11089
48521,-11663
48522,-11976
48523,-14801
48524,-19409
48525,-32768
48526,-855
48527,-12199
48528,-17190
48529,-23777
48530,-21646
48531,-11213
48532,-8342
48533,-13196
48534,-19699
48535,-21363
48536,-24208
48537,-7317
48538,-6790
48539,-15735
48540,-20796
48541,-26596
48542,-6957
48543,-5984
48544,-25719
48545,-13136
48546,-19878
48547,-14939
48548,-17880
48549,-10533
48550,-13882
48551,-21391
48552,-7399
48553,-23810
48554,-7666
48555,-17888
48556,-21480
48557,-19397
48558,-3623
48559,11780
48560,2647
48561,-10679
48562,-13174
48563,-5873
48564,-22208
48565,-9298
48566,-10300
48567,-14184
48568,-19702
48569,-11557
48570,-16550
48571,-11172
48572,-24061
48573,-8172
48574,-12275
48575,-20116
48576,-10231
48577,-14855
48578,-14414
48579,-10191
48580,-10935
48581,-19120
48582,-32768
48583,-982
48584,-1840
48585,-16342
48586,-5887
48587,-10677
48588,-13467
48589,-12716
48590,-22757
48591,-18074
48592,-15096
48593,-116
48594,-23559
48595,-10838
48596,-12476
48597,-11686
48598,-13352
48599,-7587
48600,-15691
48601,-8988
48602,-8092
48603,-3946
48604,-3937
48605,-17090
48606,-14123
48607,-4780
48608,6396
48609,-32768
48610,-1614
48611,-27857
48612,-10695
48613,-13610
48614,-9756
48615,-18686
48616,-27162
48617,32767
48618,4291
48619,1399
48620,-9196
48621,-16921
48622,-7915
48623,-11411
48624,-14267
48625,-12535
48626,-14442
48627,-2747
48628,-25992
48629,-7667
48630,-18772
48631,-12702
48632,15469
48633,-14323
48634,-320
48635,-9519
48636,-13168
48637,-3354
48638,-12763
48639,-9367
48640,-26568
48641,-15403
48642,-2497
48643,-3683
48644,-5597
48645,-2769
48646,-4950
48647,-14299
48648,-8724
48649,-1304
48650,2674
48651,-504
48652,-30553
48653,-1845
48654,5889
48655,-1220
48656,-32768
48657,-6942
48658,2660
48659,4121
48660,-27668
48661,2731
48662,1502
48663,-32768
48664,-7545
48665,11710
48666,-8517
48667,-7290
48668,-28407
48669,-12323
48670,-12085
48671,649
48672,-18592
48673,-9534
48674,-3522
48675,11058
48676,10423
48677,-359
48678,-13029
48679,-26313
48680,-11847
48681,-13400
48682,-27480
48683,-10762
48684,-14761
48685,-19863
48686,-26132
48687,-14176
48688,-11590
48689,-8560
48690,-23374
48691,-10370
48692,-13794
48693,-15651
48694,-5853
48695,-16239
48696,-15203
48697,-17704
48698,-14170
48699,-16019
48700,-17023
48701,-9666
48702,-2407
48703,8382
48704,-1435
48705,-7985
48706,-15215
48707,-8028
48708,-10749
48709,6698
48710,-3837
48711,-9037
48712,-21271
48713,-22179
48714,-7698
48715,16852
48716,10606
48717,13891
48718,-9585
48719,-21176
48720,-10005
48721,-31105
48722,-2350
48723,-5800
48724,-15475
48725,-2706
48726,-29921
48727,-12987
48728,-17777
48729,-5809
48730,-14615
48731,-7890
48732,-32525
48733,-10293
48734,-15291
48735,-5238
48736,-6390
48737,-14730
48738,-9513
48739,-2360
48740,840
48741,4825
48742,-4387
48743,-10969
48744,-27414
48745,6773
48746,998
48747,-5535
48748,-1708
48749,-1584
48750,-2412
48751,10643
48752,-2516
48753,-5874
48754,-3337
48755,-7001
48756,-5945
48757,526
48758,12295
48759,24129
48760,-13610
48761,775
48762,4720
48763,92
48764,-7430
48765,-10773
48766,-22321
48767,10326
48768,9123
48769,-15182
48770,-3856
48771,487
48772,-4158
48773,2755
48774,7782
48775,-2905
48776,-4370
48777,-23163
48778,-22361
48779,-9222
48780,7828
48781,9570
48782,-32768
48783,-2811
48784,4573
48785,6792
48786,-1594
48787,-4751
48788,-3715
48789,-19208
48790,-4255
48791,1032
48792,-13968
48793,-8485
48794,12707
48795,3942
48796,-8022
48797,-1811
48798,-2783
48799,-10741
48800,-14129
48801,-1843
48802,-13888
48803,-13218
48804,-696
48805,-3107
48806,-4044
48807,-2621
48808,-5671
48809,-12525
48810,1520
48811,5770
48812,-13461
48813,-1481
48814,13178
48815,-29643
48816,4514
48817,10600
48818,13907
48819,14773
48820,5743
48821,818
48822,11386
48823,9469
48824,1090
48825,-13308
48826,23378
48827,4127
48828,4664
48829,14469
48830,128
48831,3253
48832,10943
48833,16650
48834,32767
48835,-9736
48836,12671
48837,15332
48838,-25307
48839,3978
48840,20918
48841,2655
48842,3014
48843,10762
48844,29688
48845,9469
48846,22105
48847,4609
48848,4001
48849,13192
48850,15788
48851,10458
48852,19120
48853,15012
48854,17989
48855,18589
48856,15222
48857,21602
48858,32767
48859,29
48860,16161
48861,13606
48862,15820
48863,13593
48864,15337
48865,17883
48866,18086
48867,17325
48868,16321
48869,18240
48870,32767
48871,614
48872,14361
48873,19140
48874,14676
48875,17409
48876,17331
48877,12904
48878,21274
48879,13917
48880,29676
48881,-234
48882,3585
48883,9870
48884,21662
48885,12021
48886,16308
48887,18750
48888,17684
48889,16592
48890,16153
48891,19712
48892,15318
48893,32767
48894,1446
48895,16129
48896,20525
48897,11199
48898,31496
48899,9595
48900,24501
48901,10981
48902,16350
48903,21347
48904,32767
48905,-52
48906,14071
48907,17560
48908,18171
48909,14015
48910,16939
48911,17453
48912,15856
48913,13515
48914,32767
48915,7877
48916,32767
48917,347
48918,30913
48919,7844
48920,20640
48921,13534
48922,14440
48923,24895
48924,11203
48925,22614
48926,13894
48927,32767
48928,-2403
48929,27965
48930,4299
48931,31274
48932,5982
48933,13203
48934,22752
48935,10689
48936,20005
48937,22014
48938,27991
48939,-7416
48940,16376
48941,7814
48942,20626
48943,9435
48944,21603
48945,14316
48946,18505
48947,20573
48948,20405
48949,11323
48950,8162
48951,6262
48952,20353
48953,11782
48954,16713
48955,14259
48956,29202
48957,10215
48958,17071
48959,1259
48960,7543
48961,25886
48962,-32768
48963,3567
48964,9219
48965,20700
48966,7925
48967,18028
48968,18663
48969,13848
48970,25067
48971,12391
48972,13907
48973,32767
48974,4564
48975,14026
48976,15627
48977,13555
48978,16189
48979,22061
48980,11420
48981,19479
48982,16581
48983,21598
48984,32767
48985,4048
48986,8350
48987,14503
48988,19949
48989,10041
48990,19194
48991,13339
48992,17720
48993,15208
48994,18330
48995,19410
48996,14389
48997,-8519
48998,8635
48999,24367
49000,12399
49001,13669
49002,17558
49003,12869
49004,18178
49005,19066
49006,26851
49007,11335
49008,32767
49009,2446
49010,16965
49011,18555
49012,10322
49013,19403
49014,14301
49015,20207
49016,20909
49017,16668
49018,10355
49019,32767
49020,2032
49021,20054
49022,17063
49023,13306
49024,21064
49025,12583
49026,18084
49027,18179
49028,9080
49029,32767
49030,5281
49031,32767
49032,1431
49033,21406
49034,11911
49035,22661
49036,11811
49037,24856
49038,16031
49039,10738
49040,16805
49041,11657
49042,32767
49043,-1422
49044,19710
49045,12767
49046,18157
49047,24159
49048,7342
49049,25818
49050,12893
49051,21677
49052,19459
49053,14263
49054,-32768
49055,-1681
49056,-2097
49057,8273
49058,31785
49059,7492
49060,22615
49061,10762
49062,21092
49063,23600
49064,13007
49065,-32768
49066,-2992
49067,32767
49068,8392
49069,10657
49070,17939
49071,14400
49072,32767
49073,7397
49074,25207
49075,16020
49076,18016
49077,-32768
49078,2094
49079,4793
49080,15584
49081,16511
49082,12566
49083,25836
49084,10060
49085,30327
49086,13525
49087,15412
49088,24429
49089,3265
49090,18146
49091,16263
49092,21391
49093,8337
49094,21787
49095,11923
49096,26633
49097,12829
49098,15572
49099,12645
49100,32767
49101,4649
49102,9996
49103,10766
49104,4917
49105,15266
49106,14064
49107,12708
49108,23861
49109,9416
49110,22615
49111,17875
49112,11376
49113,12236
49114,17476
49115,3393
49116,7908
49117,23377
49118,16348
49119,17379
49120,14025
49121,20125
49122,25434
49123,-31679
49124,4044
49125,14156
49126,32767
49127,7133
49128,13301
49129,24975
49130,11339
49131,32767
49132,14838
49133,13306
49134,32767
49135,-180
49136,12034
49137,14945
49138,16022
49139,17874
49140,17126
49141,18176
49142,17474
49143,12855
49144,24720
49145,8744
49146,4781
49147,-3540
49148,25275
49149,11380
49150,18530
49151,18663
49152,13864
49153,29530
49154,6967
49155,18575
49156,21421
49157,32767
49158,-7049
49159,10043
49160,15955
49161,25020
49162,21250
49163,6830
49164,14340
49165,10606
49166,10416
49167,16883
49168,21417
49169,-32768
49170,-1726
49171,28059
49172,13780
49173,17708
49174,1549
49175,10098
49176,16911
49177,16252
49178,16612
49179,23053
49180,32767
49181,2262
49182,27814
49183,-654
49184,10438
49185,20432
49186,15578
49187,16494
49188,20082
49189,13309
49190,20032
49191,17600
49192,-32768
49193,-2826
49194,11345
49195,7468
49196,14216
49197,22005
49198,22806
49199,10835
49200,16667
49201,22388
49202,17133
49203,-22768
49204,-1254
49205,31808
49206,10454
49207,20171
49208,14173
49209,16067
49210,18161
49211,19526
49212,21967
49213,10557
49214,15508
49215,-32768
49216,2326
49217,15030
49218,18213
49219,13205
49220,19551
49221,17102
49222,13274
49223,20202
49224,17901
49225,17890
49226,15291
49227,3867
49228,16598
49229,17474
49230,15060
49231,13606
49232,21104
49233,10625
49234,14934
49235,26163
49236,12781
49237,23674
49238,26995
49239,-5961
49240,21762
49241,12035
49242,7099
49243,12253
49244,21614
49245,17700
49246,15602
49247,16701
49248,19597
49249,32767
49250,-6603
49251,12293
49252,13617
49253,16195
49254,12127
49255,15941
49256,22743
49257,15956
49258,23390
49259,18273
49260,13595
49261,-5962
49262,-3702
49263,13389
49264,22896
49265,12209
49266,18688
49267,17017
49268,23213
49269,14213
49270,17816
49271,25243
49272,32767
49273,1612
49274,12001
49275,15823
49276,17231
49277,15265
49278,18823
49279,17944
49280,16287
49281,16329
49282,26706
49283,7668
49284,32767
49285,215
49286,11533
49287,20965
49288,12381
49289,15801
49290,19418
49291,16756
49292,13746
49293,13432
49294,31365
49295,32767
49296,332
49297,20522
49298,12113
49299,13482
49300,21507
49301,12711
49302,19926
49303,10430
49304,19270
49305,22935
49306,12711
49307,32767
49308,-3888
49309,17438
49310,12148
49311,19384
49312,14246
49313,17446
49314,16766
49315,16510
49316,19696
49317,15775
49318,-32768
49319,-1048
49320,25623
49321,6817
49322,13247
49323,21045
49324,15038
49325,19356
49326,14186
49327,26434
49328,14711
49329,14571
49330,-32768
49331,-1233
49332,15078
49333,14347
49334,14618
49335,20536
49336,17275
49337,15021
49338,20798
49339,16641
49340,16639
49341,-32768
49342,-1749
49343,17638
49344,15018
49345,14767
49346,18892
49347,17429
49348,13087
49349,16805
49350,19484
49351,16425
49352,14436
49353,32767
49354,-1087
49355,17896
49356,12849
49357,18612
49358,14929
49359,19160
49360,11434
49361,17750
49362,20212
49363,12823
49364,-8447
49365,-3497
49366,20347
49367,12543
49368,19242
49369,10451
49370,17789
49371,21327
49372,11952
49373,22038
49374,17050
49375,22094
49376,-80
49377,3262
49378,14838
49379,18265
49380,12132
49381,13858
49382,22899
49383,13227
49384,18545
49385,17800
49386,19664
49387,1232
49388,3153
49389,13413
49390,14507
49391,14421
49392,14245
49393,18910
49394,15406
49395,16167
49396,18558
49397,20635
49398,18550
49399,32767
49400,1507
49401,12781
49402,17456
49403,13626
49404,17536
49405,17522
49406,16861
49407,18478
49408,16175
49409,19259
49410,-25897
49411,4235
49412,13224
49413,18671
49414,13138
49415,19780
49416,14613
49417,19882
49418,16389
49419,14064
49420,19264
49421,16242
49422,32767
49423,2378
49424,13743
49425,15465
49426,13565
49427,18005
49428,14311
49429,16535
49430,18377
49431,17896
49432,19966
49433,32767
49434,3025
49435,17318
49436,13190
49437,14156
49438,17054
49439,16875
49440,16770
49441,17828
49442,15559
49443,19039
49444,20749
49445,32767
49446,1588
49447,16959
49448,15384
49449,17459
49450,13733
49451,15182
49452,17624
49453,20087
49454,17470
49455,18888
49456,32767
49457,-200
49458,14167
49459,18730
49460,13547
49461,17374
49462,15719
49463,17158
49464,16676
49465,17838
49466,20389
49467,18198
49468,-32768
49469,-2031
49470,24263
49471,12423
49472,16909
49473,17684
49474,16179
49475,17563
49476,14291
49477,22586
49478,15031
49479,32767
49480,1663
49481,14851
49482,16698
49483,13212
49484,15416
49485,19004
49486,18131
49487,14741
49488,16474
49489,19734
49490,17189
49491,24804
49492,3359
49493,17485
49494,15743
49495,16270
49496,13860
49497,16723
49498,17852
49499,17523
49500,21720
49501,14133
49502,32767
49503,-1119
49504,14356
49505,16541
49506,17931
49507,15536
49508,13244
49509,18387
49510,19390
49511,14500
49512,22895
49513,12498
49514,32767
49515,529
49516,17457
49517,11693
49518,17068
49519,15422
49520,17763
49521,15975
49522,17740
49523,24367
49524,14038
49525,-32768
49526,823
49527,17121
49528,15485
49529,15171
49530,14612
49531,17011
49532,18345
49533,15095
49534,22063
49535,13893
49536,27454
49537,21421
49538,2513
49539,17284
49540,13828
49541,15235
49542,14302
49543,20754
49544,14206
49545,25713
49546,14732
49547,14904
49548,32767
49549,169
49550,16818
49551,12991
49552,19059
49553,15831
49554,17290
49555,17074
49556,15315
49557,16664
49558,19303
49559,15197
49560,32767
49561,2398
49562,16714
49563,13584
49564,18193
49565,14868
49566,17971
49567,15778
49568,16170
49569,23123
49570,14054
49571,32767
49572,3701
49573,12966
49574,15602
49575,16725
49576,14704
49577,18532
49578,15055
49579,18393
49580,17374
49581,16216
49582,22000
49583,32767
49584,-2278
49585,22352
49586,12166
49587,13331
49588,17596
49589,20165
49590,14514
49591,19588
49592,18477
49593,18858
49594,32767
49595,3402
49596,15450
49597,16432
49598,14391
49599,18215
49600,16618
49601,16618
49602,19159
49603,18987
49604,18832
49605,15035
49606,-32768
49607,-33
49608,22867
49609,13616
49610,12579
49611,18911
49612,18502
49613,16744
49614,16605
49615,17965
49616,17130
49617,32767
49618,2328
49619,12276
49620,21288
49621,11931
49622,20159
49623,13795
49624,16782
49625,18524
49626,17624
49627,19535
49628,17614
49629,32767
49630,-858
49631,19641
49632,13575
49633,15200
49634,17353
49635,17306
49636,15453
49637,16278
49638,19771
49639,18941
49640,32767
49641,15
49642,21244
49643,10679
49644,15361
49645,17423
49646,17131
49647,15941
49648,17536
49649,17264
49650,20089
49651,18166
49652,-32768
49653,560
49654,17087
49655,15604
49656,13687
49657,15157
49658,19563
49659,17996
49660,15643
49661,21525
49662,16603
49663,-5418
49664,3091
49665,18851
49666,13911
49667,15815
49668,17867
49669,15390
49670,19766
49671,14159
49672,22180
49673,15253
49674,18896
49675,-32768
49676,599
49677,17612
49678,14800
49679,16860
49680,13506
49681,20767
49682,13771
49683,22478
49684,18335
49685,17677
49686,-24152
49687,2258
49688,20789
49689,14567
49690,16055
49691,15892
49692,19529
49693,15306
49694,17211
49695,18516
49696,18252
49697,14648
49698,-13346
49699,-1637
49700,13012
49701,18390
49702,12899
49703,17598
49704,17600
49705,16456
49706,14535
49707,20064
49708,16026
49709,-32768
49710,2726
49711,17813
49712,12452
49713,17495
49714,13505
49715,20256
49716,15266
49717,16605
49718,21171
49719,15094
49720,22832
49721,32767
49722,-1108
49723,15161
49724,15998
49725,14065
49726,17031
49727,17225
49728,17906
49729,16937
49730,19043
49731,19870
49732,-32768
49733,2083
49734,16538
49735,18711
49736,12104
49737,18423
49738,16492
49739,15591
49740,18680
49741,16160
49742,24708
49743,11444
49744,-32768
49745,-307
49746,15638
49747,18381
49748,12491
49749,21010
49750,15606
49751,16973
49752,16859
49753,20252
49754,19316
49755,-79
49756,2864
49757,17087
49758,17472
49759,11742
49760,22680
49761,14078
49762,17126
49763,16669
49764,16603
49765,21198
49766,15081
49767,-32768
49768,634
49769,21515
49770,13311
49771,14432
49772,15505
49773,16232
49774,21049
49775,14127
49776,19027
49777,15518
49778,-2668
49779,-2390
49780,13781
49781,20382
49782,12060
49783,19820
49784,14633
49785,16466
49786,16540
49787,20314
49788,18901
49789,14831
49790,32767
49791,746
49792,13007
49793,13344
49794,15764
49795,17111
49796,16457
49797,17135
49798,17578
49799,18545
49800,17818
49801,-32768
49802,2578
49803,19432
49804,14582
49805,16533
49806,13462
49807,17392
49808,25284
49809,11188
49810,20828
49811,20234
49812,15038
49813,-32768
49814,-696
49815,15335
49816,21149
49817,11337
49818,19490
49819,15857
49820,16522
49821,21072
49822,13653
49823,16512
49824,-32768
49825,1568
49826,11592
49827,21385
49828,10061
49829,19786
49830,15494
49831,16284
49832,17210
49833,24043
49834,14605
49835,19119
49836,-29415
49837,2033
49838,13763
49839,13162
49840,13953
49841,27510
49842,12773
49843,12678
49844,22946
49845,16733
49846,22564
49847,32767
49848,-497
49849,19503
49850,16689
49851,14523
49852,13238
49853,19321
49854,17119
49855,15818
49856,14689
49857,20863
49858,20413
49859,-32768
49860,-810
49861,19630
49862,15317
49863,12141
49864,20722
49865,14467
49866,19964
49867,22078
49868,15818
49869,13612
49870,32767
49871,-496
49872,9704
49873,19713
49874,13486
49875,20430
49876,12946
49877,22536
49878,13207
49879,24417
49880,12562
49881,18560
49882,32767
49883,-80
49884,18314
49885,10509
49886,16570
49887,21375
49888,16311
49889,11021
49890,17819
49891,20124
49892,24644
49893,736
49894,4125
49895,19694
49896,19093
49897,13700
49898,13956
49899,17683
49900,16077
49901,26117
49902,9989
49903,27684
49904,15830
49905,-16414
49906,7076
49907,10012
49908,18840
49909,8139
49910,15148
49911,16125
49912,16609
49913,19256
49914,22661
49915,11053
49916,18086
49917,4723
49918,7174
49919,13292
49920,16392
49921,14614
49922,15559
49923,18120
49924,18769
49925,19968
49926,19641
49927,13183
49928,14166
49929,-2821
49930,31461
49931,8022
49932,15449
49933,18478
49934,17630
49935,10507
49936,32767
49937,12466
49938,29413
49939,-32768
49940,1665
49941,16353
49942,12681
49943,20340
49944,12204
49945,20692
49946,15025
49947,20478
49948,18716
49949,20331
49950,16198
49951,15800
49952,6319
49953,17232
49954,17370
49955,17125
49956,17588
49957,14222
49958,18178
49959,20267
49960,17940
49961,10258
49962,32767
49963,3114
49964,9293
49965,23158
49966,10661
49967,19228
49968,13304
49969,16204
49970,25562
49971,10735
49972,18765
49973,11789
49974,32767
49975,212
49976,22551
49977,11901
49978,14314
49979,18426
49980,14608
49981,15774
49982,19211
49983,20683
49984,18452
49985,12220
49986,5551
49987,15115
49988,17213
49989,16930
49990,11699
49991,15015
49992,18194
49993,18592
49994,14715
49995,32765
49996,9951
