Sample_Index,Value
0,0
1,0
2,0
3,0
4,3750
5,2578
6,3295
7,10913
8,5961
9,5258
10,8715
11,6005
12,5170
13,3354
14,2358
15,-4161
16,1669
17,-718
18,761
19,-792
20,1040
21,864
22,-3648
23,1186
24,-1202
25,2958
26,-2652
27,791
28,-513
29,820
30,2592
31,3618
32,5698
33,8510
34,8745
35,5097
36,9404
37,4321
38,5507
39,3559
40,5156
41,2124
42,4804
43,8979
44,7001
45,12172
46,8027
47,9785
48,7309
49,7265
50,-1685
51,0
52,-4600
53,1684
54,2329
55,3164
56,6782
57,2841
58,8232
59,981
60,5039
61,3208
62,2241
63,3852
64,4350
65,4921
66,6958
67,6914
68,5507
69,10224
70,1772
71,8027
72,2167
73,5581
74,2519
75,3134
76,4995
77,6752
78,7587
79,2827
80,3530
81,-2447
82,-3311
83,-4864
84,-1084
85,-2872
86,-132
87,-1407
88,834
89,4248
90,-1421
91,1171
92,-967
93,-396
94,-7017
95,-411
96,-3633
97,-4864
98,-10123
99,-6460
100,805
101,-4087
102,-1304
103,-5318
104,-3824
105,-865
106,6005
107,-2095
108,-3252
109,-8790
110,14
111,5449
112,5639
113,2241
114,-2637
115,11982
116,9799
117,15234
118,12978
119,13579
120,12319
121,11630
122,12963
123,9829
124,336
125,-5420
126,4833
127,6430
128,5961
129,-2857
130,-2461
131,-2359
132,9462
133,8613
134,-894
135,-997
136,-8995
137,-7032
138,-11265
139,-11602
140,-13843
141,-14327
142,-12818
143,-6768
144,-6578
145,-7354
146,-11807
147,-14078
148,-6827
149,-7222
150,-1480
151,-11983
152,-8760
153,-704
154,6386
155,4101
156,2622
157,2241
158,6914
159,13168
160,12084
161,11469
162,7763
163,11308
164,8642
165,11982
166,11572
167,12670
168,12553
169,13754
170,16596
171,13491
172,13139
173,11220
174,10151
175,7529
176,9814
177,5419
178,2812
179,-542
180,-909
181,73
182,1054
183,10751
184,483
185,5156
186,2622
187,468
188,351
189,-4937
190,-8863
191,-5494
192,-5274
193,-6709
194,483
195,-4073
196,5830
197,5932
198,9389
199,5346
200,6328
201,1933
202,-4439
203,-2286
204,-5875
205,-4219
206,-5538
207,-1934
208,-3179
209,3706
210,498
211,4086
212,-1846
213,-4263
214,-7574
215,-8189
216,-7413
217,-11866
218,-3443
219,-9654
220,-5010
221,-6270
222,-7237
223,-7867
224,-9683
225,-7442
226,-10445
227,-8775
228,-8731
229,-8116
230,-12891
231,-2945
232,-5992
233,732
234,-3487
235,-923
236,3310
237,-3941
238,1362
239,-2300
240,-3194
241,629
242,7324
243,-1231
244,4291
245,-1641
246,-2784
247,-2593
248,-2344
249,-1187
250,-4966
251,-586
252,-7867
253,-3648
254,-8760
255,-7691
256,-12803
257,-11514
258,-13360
259,-11661
260,-12408
261,-12891
262,-14502
263,-12774
264,-12422
265,-15645
266,-11001
267,-12393
268,-10577
269,-13785
270,-14444
271,-11866
272,-14532
273,-11529
274,-11382
275,-7720
276,-8292
277,-4952
278,-4776
279,1083
280,-2388
281,-3560
282,-3926
283,-4996
284,-59
285,-5757
286,-674
287,-7837
288,-6124
289,-4747
290,-4234
291,-3458
292,-7251
293,-3326
294,-7442
295,-5084
296,-10005
297,-8658
298,-13448
299,-9888
300,-16539
301,-11412
302,-11133
303,-10474
304,-12789
305,-13726
306,-10752
307,-13389
308,-13360
309,-12701
310,-10254
311,-13843
312,-10796
313,-13799
314,-10972
315,-15323
316,-12144
317,-9712
318,-11924
319,-8321
320,-12232
321,-10635
322,-14781
323,-13770
324,-13946
325,-15806
326,-12789
327,-10723
328,-10796
329,-10064
330,-5596
331,-10767
332,-6915
333,-13360
334,-12056
335,-17681
336,-12730
337,-14546
338,-13682
339,-12188
340,-11412
341,-7149
342,-11895
343,-7178
344,-12950
345,-4791
346,-9639
347,-7955
348,-7969
349,-12071
350,-10840
351,-9639
352,-8555
353,-9932
354,-7017
355,-10533
356,-3897
357,-6197
358,-3985
359,-7325
360,-8790
361,-7046
362,-8482
363,-6006
364,-8350
365,-10342
366,-9976
367,-9185
368,-9815
369,-12349
370,-9302
371,-10313
372,-8292
373,-9683
374,-7896
375,-12100
376,-8350
377,-11719
378,-1700
379,-9537
380,-11646
381,-11280
382,-12115
383,-8101
384,-2681
385,-6006
386,-12774
387,-8365
388,-6578
389,2460
390,-6959
391,-10357
392,-11778
393,-6783
394,1552
395,-616
396,-1260
397,-1202
398,5229
399,9975
400,12216
401,8554
402,6313
403,659
404,10371
405,13110
406,10634
407,-2667
408,-5552
409,5083
410,4350
411,6840
412,-5816
413,-10152
414,-5918
415,688
416,2519
417,-2022
418,-7574
419,-12466
420,-11500
421,-11280
422,-12657
423,-15850
424,-12159
425,-14107
426,-12745
427,-13345
428,-12291
429,-12745
430,-15484
431,-10635
432,-12027
433,-10928
434,-13946
435,-16187
436,-11763
437,-4717
438,-2945
439,-2168
440,-2212
441,73
442,8569
443,8774
444,15073
445,3383
446,7822
447,5800
448,6679
449,7133
450,10400
451,7500
452,11601
453,12246
454,15483
455,15410
456,10136
457,8217
458,-1290
459,8935
460,2124
461,2431
462,-2754
463,-1934
464,5727
465,688
466,6108
467,4218
468,4013
469,2563
470,3530
471,-2798
472,-3370
473,-7281
474,-7222
475,-8262
476,-5772
477,-293
478,-3326
479,2460
480,2211
481,9477
482,5947
483,8671
484,4365
485,2622
486,73
487,1274
488,2651
489,-2901
490,1391
491,-2901
492,4980
493,1230
494,6372
495,2695
496,2812
497,747
498,-2916
499,-1817
500,-7471
501,-4454
502,-5538
503,175
504,-5318
505,1538
506,-4131
507,-1114
508,-2315
509,-748
510,1567
511,-3209
512,2138
513,-3428
514,1274
515,4467
516,7529
517,9624
518,6049
519,5815
520,8115
521,5434
522,4614
523,9946
524,4848
525,8847
526,9492
527,16186
528,8334
529,9594
530,8437
531,7646
532,8950
533,5830
534,6914
535,2841
536,5463
537,3105
538,4614
539,-5098
540,-3106
541,-6592
542,-8409
543,-10547
544,-12027
545,-8921
546,-9610
547,-6094
548,-9478
549,-1553
550,-6153
551,-1568
552,-8482
553,-8921
554,-9742
555,-10987
556,-8116
557,-12876
558,-5171
559,-3282
560,5170
561,1699
562,6987
563,4028
564,5595
565,4482
566,4511
567,908
568,-1128
569,3237
570,-2608
571,4643
572,498
573,4643
574,4628
575,2651
576,-3677
577,-3018
578,-4058
579,-9126
580,-2872
581,-6900
582,-3838
583,-8819
584,-8965
585,-2256
586,-5142
587,-6827
588,-12173
589,-10562
590,-9830
591,-8804
592,-19615
593,-3736
594,-10679
595,-2857
596,-5508
597,-2637
598,-3472
599,-4791
600,-1685
601,-7076
602,-1553
603,-4175
604,-3926
605,-2461
606,29
607,-6460
608,1801
609,-4922
610,-3238
611,1333
612,-1509
613,1040
614,1186
615,5625
616,-601
617,3662
618,-411
619,1816
620,-3853
621,-1553
622,1127
623,-2828
624,1069
625,117
626,1362
627,2167
628,5698
629,2885
630,7412
631,2299
632,6284
633,2724
634,2563
635,2446
636,2812
637,7192
638,3061
639,8305
640,7089
641,6738
642,6342
643,4614
644,3046
645,3808
646,4614
647,2094
648,2021
649,-2901
650,6459
651,1831
652,4511
653,1728
654,996
655,205
656,1845
657,-2798
658,-6783
659,-2754
660,-3458
661,7382
662,1347
663,-396
664,-5333
665,-1451
666,3032
667,4555
668,278
669,-4673
670,-3355
671,-2754
672,5390
673,1040
674,-3370
675,-10137
676,2622
677,4291
678,5170
679,4848
680,-1026
681,7514
682,12788
683,11909
684,10458
685,13491
686,10766
687,12875
688,13256
689,11425
690,1435
691,-3296
692,2519
693,5463
694,11850
695,2255
696,3574
697,1347
698,8627
699,8847
700,5625
701,-630
702,-4131
703,-6812
704,-13140
705,-7295
706,-12203
707,-10298
708,-12159
709,-220
710,-3794
711,-1875
712,-8541
713,-9976
714,-3589
715,-3780
716,-3282
717,-9258
718,-12247
719,-6124
720,3662
721,937
722,7514
723,8554
724,13652
725,14531
726,12568
727,13037
728,10810
729,15073
730,7968
731,14985
732,10913
733,12963
734,15087
735,11323
736,16640
737,11953
738,16523
739,12363
740,11337
741,11396
742,12304
743,8774
744,8759
745,8393
746,10546
747,9228
748,10986
749,15498
750,11469
751,13227
752,11132
753,8554
754,3603
755,6738
756,2563
757,4760
758,6606
759,6796
760,12260
761,10986
762,11909
763,13007
764,10502
765,13212
766,10429
767,12685
768,13359
769,13857
770,14545
771,13696
772,13740
773,12905
774,9023
775,11162
776,11689
777,11147
778,9667
779,9125
780,8041
781,9301
782,8466
783,8144
784,8745
785,-74
786,5844
787,-293
788,2739
789,-4029
790,-835
791,1582
792,6459
793,10913
794,6196
795,8496
796,3735
797,4731
798,4995
799,13212
800,4335
801,11997
802,12070
803,11513
804,12890
805,14326
806,16684
807,10283
808,17402
809,12363
810,14311
811,9492
812,12421
813,11528
814,13886
815,14179
816,13242
817,9536
818,10795
819,12011
820,3222
821,7895
822,878
823,2314
824,952
825,-572
826,-3311
827,-4351
828,-3575
829,-3458
830,-806
831,-2154
832,4086
833,-2300
834,3764
835,-396
836,219
837,629
838,-923
839,-982
840,-1802
841,2622
842,2856
843,10385
844,7529
845,11484
846,6416
847,14472
848,9199
849,9506
850,11748
851,7207
852,11103
853,6987
854,10913
855,7104
856,10034
857,8188
858,12744
859,9096
860,8627
861,8715
862,5244
863,8847
864,3544
865,8173
866,4907
867,5083
868,5361
869,4335
870,3764
871,5522
872,2709
873,5244
874,2724
875,-1319
876,4892
877,-1495
878,5991
879,1728
880,6723
881,6694
882,8217
883,10166
884,6518
885,13198
886,7104
887,7426
888,7866
889,8935
890,5727
891,10122
892,4174
893,6708
894,7397
895,4541
896,7998
897,8671
898,11777
899,7543
900,8173
901,6547
902,5141
903,-308
904,4643
905,2578
906,3867
907,6152
908,4291
909,5756
910,7001
911,5654
912,4013
913,6914
914,11147
915,10239
916,6445
917,7587
918,3164
919,1845
920,6796
921,512
922,9360
923,4335
924,9492
925,7734
926,6005
927,7602
928,7602
929,3662
930,2666
931,4819
932,205
933,7954
934,205
935,4541
936,2988
937,3662
938,4409
939,-2330
940,-8277
941,-6460
942,-8160
943,-7955
944,131
945,-3047
946,0
947,-9244
948,-1084
949,585
950,2944
951,-2930
952,-8438
953,-8570
954,-3926
955,-162
956,-3707
957,-7105
958,-11778
959,-1246
960,1538
961,2226
962,-5875
963,-4249
964,4628
965,14560
966,12788
967,7954
968,11176
969,9873
970,13505
971,16230
972,9316
973,-1509
974,-8848
975,-6197
976,3925
977,3750
978,-4629
979,-4073
980,-6753
981,4570
982,6123
983,2958
984,-6050
985,-12994
986,-9976
987,-11426
988,-13755
989,-16802
990,-14649
991,-14810
992,-12364
993,-10738
994,-9112
995,-14459
996,-14415
997,-13565
998,-14136
999,-14825
1000,-18619
1001,-13023
1002,-11441
1003,-5040
1004,-3003
1005,307
1006,-6768
1007,-1626
1008,4335
1009,4072
1010,9887
1011,2797
1012,5185
1013,5595
1014,5668
1015,-2037
1016,6342
1017,2563
1018,9301
1019,10795
1020,12670
1021,13125
1022,9814
1023,6503
1024,-3575
1025,2504
1026,-5699
1027,-8467
1028,-8350
1029,-10591
1030,-9200
1031,-5289
1032,-5582
1033,-1480
1034,864
1035,-8511
1036,-7251
1037,-11485
1038,-9683
1039,-12906
1040,-14737
1041,-15513
1042,-13316
1043,-9302
1044,-10181
1045,-6988
1046,-8541
1047,-5084
1048,-4102
1049,-3619
1050,-7691
1051,-3897
1052,-7999
1053,-7310
1054,-6446
1055,-7339
1056,-7779
1057,-11353
1058,-7061
1059,-7706
1060,-8716
1061,-12847
1062,-12598
1063,-14576
1064,-11221
1065,-11368
1066,-10196
1067,-15601
1068,-14180
1069,-12994
1070,-13096
1071,-11075
1072,-14385
1073,-12422
1074,-13960
1075,-12510
1076,-10020
1077,-9742
1078,-7515
1079,-11646
1080,-8218
1081,-9390
1082,-6841
1083,-9844
1084,-4966
1085,-8101
1086,-1158
1087,454
1088,1625
1089,2753
1090,2446
1091,4907
1092,1054
1093,6137
1094,-3150
1095,278
1096,1259
1097,1757
1098,717
1099,4262
1100,1157
1101,5830
1102,2607
1103,-4087
1104,-3267
1105,-11236
1106,-10650
1107,-12964
1108,-9844
1109,-13155
1110,-12012
1111,-11368
1112,-12115
1113,-11529
1114,-12203
1115,-8042
1116,-11456
1117,-7383
1118,-12715
1119,-10547
1120,-11807
1121,-9976
1122,-9800
1123,-6329
1124,-5728
1125,-5142
1126,-4014
1127,-3648
1128,1713
1129,-3458
1130,2270
1131,-2037
1132,307
1133,439
1134,-2886
1135,878
1136,-4717
1137,-923
1138,-2608
1139,-3736
1140,-6841
1141,-6285
1142,-7632
1143,-2608
1144,-2901
1145,-6050
1146,-1128
1147,-6871
1148,-6841
1149,-11045
1150,-11031
1151,-13492
1152,-10650
1153,-11880
1154,-7793
1155,-8306
1156,-9903
1157,-6827
1158,-11485
1159,-7808
1160,-10196
1161,-10752
1162,-11792
1163,-9888
1164,-5948
1165,-1729
1166,-3912
1167,-1495
1168,-3545
1169,-2359
1170,-1612
1171,-5333
1172,-1172
1173,-9361
1174,-9668
1175,-9654
1176,-8907
1177,-9493
1178,-10811
1179,-4893
1180,-5977
1181,-5376
1182,-5962
1183,-1143
1184,-9024
1185,-4673
1186,-8775
1187,-7515
1188,-6768
1189,-5669
1190,-4366
1191,-1993
1192,-938
1193,-3135
1194,4628
1195,-4776
1196,-894
1197,-5992
1198,-1055
1199,-4000
1200,629
1201,3442
1202,-997
1203,483
1204,-909
1205,4277
1206,2973
1207,2695
1208,-15
1209,2036
1210,-3003
1211,-982
1212,102
1213,1640
1214,175
1215,-806
1216,-235
1217,-4615
1218,1230
1219,-4322
1220,688
1221,849
1222,-1187
1223,-5508
1224,-5582
1225,-2330
1226,-3135
1227,-4219
1228,-4996
1229,-4776
1230,-14810
1231,-1436
1232,834
1233,2314
1234,-2945
1235,-5318
1236,-2505
1237,-2505
1238,5083
1239,-4878
1240,-7735
1241,-8189
1242,1596
1243,-923
1244,4262
1245,-2330
1246,1669
1247,10693
1248,11616
1249,13696
1250,14531
1251,11674
1252,9565
1253,12685
1254,13374
1255,11909
1256,-8819
1257,-4849
1258,1625
1259,2724
1260,5859
1261,-3296
1262,-4600
1263,-5215
1264,4848
1265,878
1266,1171
1267,-9581
1268,-11895
1269,-10533
1270,-14400
1271,-12818
1272,-17066
1273,-15894
1274,-16583
1275,-9068
1276,-13770
1277,-7208
1278,-13301
1279,-16216
1280,-12789
1281,-11866
1282,-15044
1283,-12671
1284,-14356
1285,-15279
1286,131
1287,-2696
1288,1918
1289,2021
1290,4423
1291,2622
1292,5947
1293,4731
1294,4511
1295,1831
1296,-1011
1297,6445
1298,1010
1299,7924
1300,5742
1301,12172
1302,12744
1303,10546
1304,9389
1305,1962
1306,4306
1307,-2081
1308,117
1309,-3633
1310,600
1311,-5816
1312,-1568
1313,-4747
1314,-1392
1315,-1099
1316,-4307
1317,-1407
1318,-5699
1319,-2022
1320,-5406
1321,-1773
1322,-6021
1323,-6153
1324,-8277
1325,-6109
1326,-7647
1327,-6973
1328,-4234
1329,-7120
1330,1655
1331,1669
1332,7426
1333,4746
1334,8217
1335,1699
1336,1538
1337,-367
1338,776
1339,-3970
1340,-5201
1341,-674
1342,-2637
1343,1435
1344,-7383
1345,-3384
1346,-5787
1347,-5831
1348,-9346
1349,-7325
1350,-6211
1351,-7793
1352,-4878
1353,-9068
1354,-1143
1355,-6417
1356,-6548
1357,-5552
1358,-5508
1359,-5259
1360,-4834
1361,-7105
1362,-6885
1363,-5918
1364,-5245
1365,5888
1366,-440
1367,5830
1368,3266
1369,7177
1370,8217
1371,4570
1372,10078
1373,5917
1374,8071
1375,6474
1376,5742
1377,3940
1378,4511
1379,-894
1380,4614
1381,1831
1382,7236
1383,4174
1384,-586
1385,1523
1386,-4043
1387,-2842
1388,-8130
1389,-7735
1390,-7061
1391,-6387
1392,-11587
1393,-13052
1394,-15660
1395,-13287
1396,-13418
1397,-11543
1398,-8716
1399,-6944
1400,-3370
1401,-6578
1402,-3956
1403,-7105
1404,-6329
1405,-7676
1406,-7999
1407,-7369
1408,-6724
1409,-3165
1410,-4161
1411,1918
1412,-3736
1413,3266
1414,1289
1415,1083
1416,-74
1417,-879
1418,-3677
1419,351
1420,-1451
1421,-2652
1422,629
1423,-3077
1424,2666
1425,-2271
1426,263
1427,-1626
1428,-3077
1429,-7325
1430,-6651
1431,-4644
1432,-6724
1433,-4278
1434,-6607
1435,-4996
1436,-8394
1437,-3106
1438,-4878
1439,-909
1440,-1084
1441,-1436
1442,-455
1443,-5127
1444,-88
1445,-6636
1446,263
1447,-3018
1448,2988
1449,5844
1450,4541
1451,3325
1452,6005
1453,3222
1454,3911
1455,8364
1456,1596
1457,3618
1458,-425
1459,4570
1460,1289
1461,3808
1462,4599
1463,2402
1464,7573
1465,2460
1466,7998
1467,2827
1468,3925
1469,834
1470,6064
1471,-1626
1472,5346
1473,4042
1474,6079
1475,7236
1476,9711
1477,10795
1478,5317
1479,9096
1480,2578
1481,8159
1482,6752
1483,8056
1484,6547
1485,9565
1486,9565
1487,9140
1488,13813
1489,7309
1490,13344
1491,6635
1492,6752
1493,5390
1494,6679
1495,2475
1496,5874
1497,10092
1498,8159
1499,10239
1500,6123
1501,9902
1502,4848
1503,5024
1504,1977
1505,6958
1506,-2461
1507,1728
1508,908
1509,2329
1510,6240
1511,1010
1512,-499
1513,-9317
1514,-835
1515,3325
1516,5009
1517,4277
1518,-1187
1519,278
1520,9960
1521,8261
1522,2065
1523,-2344
1524,-8746
1525,5112
1526,4204
1527,6665
1528,-909
1529,1611
1530,9433
1531,13901
1532,15131
1533,13842
1534,15512
1535,13447
1536,14765
1537,13769
1538,12509
1539,-733
1540,-3296
1541,336
1542,6958
1543,10327
1544,1552
1545,-2681
1546,-6285
1547,7617
1548,3779
1549,5903
1550,-1392
1551,-5186
1552,-5040
1553,-2139
1554,-9463
1555,-11675
1556,-12847
1557,-10709
1558,-6534
1559,-6109
1560,-3267
1561,-9200
1562,-9522
1563,-8570
1564,-1583
1565,-3340
1566,-9229
1567,-9917
1568,-2901
1569,5463
1570,8364
1571,10825
1572,9799
1573,16142
1574,15014
1575,14853
1576,13242
1577,10590
1578,15161
1579,14545
1580,15190
1581,12890
1582,12949
1583,13476
1584,14018
1585,15439
1586,13286
1587,15102
1588,14589
1589,14794
1590,12700
1591,17563
1592,11250
1593,11938
1594,5961
1595,7895
1596,6562
1597,8994
1598,9653
1599,10122
1600,11601
1601,7558
1602,9477
1603,12509
1604,12246
1605,6093
1606,9594
1607,3457
1608,9125
1609,8789
1610,7529
1611,9755
1612,8789
1613,10107
1614,9638
1615,13315
1616,12377
1617,9960
1618,7133
1619,11542
1620,13564
1621,10620
1622,5361
1623,4819
1624,7587
1625,5991
1626,9990
1627,-1597
1628,6357
1629,-982
1630,776
1631,-1172
1632,87
1633,-2315
1634,1596
1635,-1128
1636,-132
1637,6943
1638,-674
1639,4365
1640,2138
1641,6093
1642,12084
1643,4277
1644,2607
1645,1435
1646,-118
1647,1157
1648,5009
1649,1582
1650,10297
1651,6357
1652,10444
1653,7148
1654,14150
1655,9433
1656,9916
1657,11689
1658,6416
1659,9887
1660,7382
1661,11601
1662,1625
1663,6577
1664,1904
1665,2753
1666,-1436
1667,351
1668,-2784
1669,-4263
1670,-1934
1671,-4146
1672,1948
1673,-4512
1674,-850
1675,-6299
1676,-7427
1677,-6167
1678,-8292
1679,-10518
1680,-8892
1681,-8775
1682,-9844
1683,-5010
1684,-6446
1685,-1407
1686,-4468
1687,-2183
1688,-6050
1689,-5215
1690,-2959
1691,-3370
1692,2094
1693,-1172
1694,43
1695,2988
1696,3676
1697,-1802
1698,2695
1699,-616
1700,1611
1701,-601
1702,-3179
1703,-4014
1704,-5450
1705,-630
1706,-2652
1707,-923
1708,-4761
1709,-1846
1710,-3296
1711,-2637
1712,-3414
1713,-5274
1714,-8013
1715,-5611
1716,-1041
1717,-7940
1718,-7691
1719,-7720
1720,-6299
1721,-5318
1722,-4468
1723,-4571
1724,-4087
1725,-1758
1726,-5845
1727,-2403
1728,-6124
1729,-2271
1730,-5552
1731,-733
1732,-5567
1733,1699
1734,-1846
1735,908
1736,2138
1737,-2681
1738,2050
1739,-5816
1740,-2974
1741,-7442
1742,-7251
1743,-14444
1744,-7867
1745,-9302
1746,-10167
1747,-7500
1748,-4659
1749,-3897
1750,-8804
1751,-3179
1752,-9537
1753,-5948
1754,-8467
1755,-8057
1756,-8467
1757,-6080
1758,-4585
1759,-4849
1760,-1011
1761,-4864
1762,-1641
1763,-7090
1764,-4952
1765,-10591
1766,-4029
1767,-8921
1768,-6314
1769,-6241
1770,-2593
1771,834
1772,-3003
1773,-513
1774,-5801
1775,-4732
1776,-8672
1777,-8013
1778,-9903
1779,-9039
1780,-13301
1781,-5860
1782,-9097
1783,-10401
1784,-6373
1785,-14869
1786,-6241
1787,-10474
1788,-4659
1789,-8365
1790,-5948
1791,-13213
1792,-8013
1793,-6182
1794,-6841
1795,-7457
1796,-15835
1797,-13653
1798,-6299
1799,-835
1800,-8013
1801,-6167
1802,-10606
1803,-6871
1804,3837
1805,-2667
1806,-9302
1807,-16934
1808,-7105
1809,0
1810,8100
1811,-5582
1812,-3926
1813,-3121
1814,8144
1815,17109
1816,13754
1817,11542
1818,8642
1819,14179
1820,12216
1821,11220
1822,-3663
1823,-8335
1824,-9390
1825,3251
1826,6254
1827,1889
1828,-1788
1829,-5977
1830,4174
1831,219
1832,6855
1833,-8379
1834,-8658
1835,-9786
1836,-10020
1837,-9991
1838,-13418
1839,-12759
1840,-15074
1841,-10196
1842,-10884
1843,-8921
1844,-12818
1845,-13580
1846,-13228
1847,-9097
1848,-10577
1849,-12510
1850,-8160
1851,-11177
1852,1757
1853,3076
1854,5581
1855,2285
1856,6826
1857,4423
1858,10297
1859,9741
1860,11777
1861,12773
1862,9858
1863,10458
1864,5932
1865,9492
1866,7265
1867,12143
1868,7939
1869,14296
1870,14223
1871,12539
1872,11835
1873,11850
1874,9199
1875,11323
1876,10532
1877,87
1878,2475
1879,-6299
1880,-616
1881,-660
1882,5170
1883,6445
1884,4101
1885,6928
1886,5170
1887,7324
1888,3984
1889,2695
1890,-1861
1891,2416
1892,629
1893,6401
1894,1054
1895,468
1896,4365
1897,146
1898,5537
1899,4511
1900,7236
1901,-909
1902,1977
1903,2915
1904,3310
1905,-835
1906,-3912
1907,-5728
1908,-1246
1909,4863
1910,454
1911,1259
1912,-6592
1913,-7852
1914,-6753
1915,-5508
1916,-6417
1917,-6167
1918,-3194
1919,-8248
1920,-4058
1921,-8160
1922,-3326
1923,-6314
1924,-118
1925,-572
1926,5273
1927,864
1928,424
1929,893
1930,1684
1931,6958
1932,3486
1933,8862
1934,4204
1935,8203
1936,8789
1937,11352
1938,7133
1939,10781
1940,8745
1941,10927
1942,11176
1943,9360
1944,10444
1945,3793
1946,8129
1947,5917
1948,5537
1949,3134
1950,3852
1951,2343
1952,-1773
1953,-865
1954,-4234
1955,-3165
1956,-2916
1957,-1861
1958,-3926
1959,659
1960,-5142
1961,-4776
1962,-5406
1963,-10987
1964,-2388
1965,-3296
1966,410
1967,-1802
1968,3017
1969,-2886
1970,1215
1971,278
1972,-1377
1973,2211
1974,1875
1975,1552
1976,2109
1977,3706
1978,-4278
1979,6606
1980,-894
1981,3544
1982,2329
1983,4335
1984,-1158
1985,498
1986,-1802
1987,-5406
1988,-5127
1989,-3677
1990,-1846
1991,-4615
1992,-1348
1993,-6182
1994,-2974
1995,-7940
1996,-8965
1997,-5552
1998,-6124
1999,-5977
2000,-6680
2001,-6153
2002,-9712
2003,-4014
2004,-5655
2005,-1890
2006,1464
2007,717
2008,-4703
2009,-2945
2010,-2417
2011,-12408
2012,-3150
2013,-7369
2014,-1202
2015,-2784
2016,-4659
2017,-4468
2018,-4908
2019,-10445
2020,-5757
2021,-4205
2022,-12305
2023,-5391
2024,-11001
2025,-8570
2026,-11456
2027,-7515
2028,-11851
2029,-6050
2030,-8160
2031,-7442
2032,-4190
2033,-6636
2034,-5669
2035,-4878
2036,-5640
2037,-10870
2038,-6841
2039,-7588
2040,-2520
2041,-3897
2042,-1421
2043,-2051
2044,820
2045,-191
2046,-2432
2047,10063
2048,-2227
2049,3164
2050,1450
2051,834
2052,336
2053,1669
2054,2124
2055,190
2056,1142
2057,-1817
2058,-1158
2059,-3780
2060,-1436
2061,-3326
2062,-894
2063,-8965
2064,-4336
2065,-2681
2066,-8570
2067,-3267
2068,-8541
2069,-1978
2070,-7500
2071,-484
2072,-2300
2073,-1407
2074,-2710
2075,-4102
2076,-6563
2077,-1070
2078,-2593
2079,-8306
2080,-13008
2081,-13873
2082,-1041
2083,-542
2084,-2432
2085,-8321
2086,-9478
2087,-3296
2088,5258
2089,2460
2090,-10928
2091,-14839
2092,-9639
2093,5053
2094,-352
2095,-3355
2096,-5230
2097,-2754
2098,8818
2099,10546
2100,8115
2101,5903
2102,7382
2103,10957
2104,13652
2105,8540
2106,2270
2107,-12261
2108,-9258
2109,-1436
2110,2006
2111,-2286
2112,-10474
2113,-7486
2114,-5084
2115,1977
2116,-5215
2117,-9668
2118,-12364
2119,-11207
2120,-12569
2121,-10152
2122,-16788
2123,-16553
2124,-14795
2125,-13111
2126,-8628
2127,-13316
2128,-14268
2129,-15308
2130,-16055
2131,-13653
2132,-13536
2133,-12349
2134,-15484
2135,-11836
2136,-9668
2137,-293
2138,-2623
2139,5083
2140,1611
2141,9829
2142,9580
2143,11850
2144,9990
2145,6914
2146,6269
2147,4145
2148,8935
2149,7192
2150,7177
2151,8422
2152,13198
2153,13110
2154,12788
2155,12729
2156,11484
2157,11835
2158,9404
2159,11660
2160,6738
2161,5874
2162,-352
2163,1728
2164,-2710
2165,4482
2166,8525
2167,5668
2168,9345
2169,4423
2170,11235
2171,9082
2172,6269
2173,2387
2174,6079
2175,3603
2176,8364
2177,8481
2178,9550
2179,7836
2180,6694
2181,9799
2182,7543
2183,12832
2184,5200
2185,8657
2186,7778
2187,11455
2188,8891
2189,6591
2190,5522
2191,5214
2192,11235
2193,8364
2194,8378
2195,424
2196,3867
2197,1816
2198,2167
2199,-2256
2200,102
2201,-381
2202,-3824
2203,3032
2204,-1334
2205,2050
2206,-411
2207,3706
2208,3837
2209,9843
2210,7587
2211,10224
2212,10634
2213,9550
2214,10839
2215,9272
2216,13447
2217,7719
2218,12890
2219,5844
2220,10166
2221,12568
2222,14384
2223,12890
2224,11279
2225,11660
2226,11748
2227,14047
2228,9653
2229,12583
2230,5507
2231,11499
2232,4614
2233,6137
2234,3383
2235,3120
2236,849
2237,-2154
2238,-1949
2239,-3458
2240,-1421
2241,-2227
2242,2651
2243,-3458
2244,2900
2245,483
2246,-1275
2247,-718
2248,-718
2249,2226
2250,1948
2251,6386
2252,1860
2253,8173
2254,3105
2255,3413
2256,2167
2257,-865
2258,717
2259,732
2260,-821
2261,-1890
2262,4702
2263,512
2264,10356
2265,7265
2266,8701
2267,6811
2268,6870
2269,2607
2270,4555
2271,1669
2272,-1524
2273,1230
2274,-3516
2275,3471
2276,-293
2277,3017
2278,-88
2279,-923
2280,-3355
2281,-4761
2282,-4234
2283,-1495
2284,219
2285,-132
2286,6855
2287,6196
2288,8012
2289,5463
2290,10649
2291,8935
2292,7558
2293,9111
2294,-674
2295,2036
2296,1845
2297,4160
2298,2666
2299,10400
2300,5610
2301,5288
2302,6123
2303,7470
2304,7265
2305,7749
2306,5273
2307,4365
2308,8540
2309,1684
2310,3955
2311,688
2312,-74
2313,395
2314,1757
2315,4467
2316,3793
2317,3354
2318,878
2319,6796
2320,2709
2321,5756
2322,1977
2323,7119
2324,2783
2325,7104
2326,9169
2327,9594
2328,10693
2329,11000
2330,12275
2331,9697
2332,9008
2333,6621
2334,11059
2335,7016
2336,11308
2337,7133
2338,6987
2339,8540
2340,4350
2341,4965
2342,4160
2343,5288
2344,2285
2345,3427
2346,-2784
2347,483
2348,-440
2349,1113
2350,6123
2351,-2125
2352,1816
2353,-4424
2354,1215
2355,-3956
2356,-2901
2357,-3604
2358,-2886
2359,-2886
2360,-660
2361,131
2362,3486
2363,2138
2364,-10547
2365,-250
2366,-2505
2367,4980
2368,-850
2369,-3062
2370,-3252
2371,1816
2372,6240
2373,2724
2374,-7808
2375,-15865
2376,-7222
2377,-4556
2378,2080
2379,-6329
2380,-1363
2381,-7002
2382,10239
2383,11572
2384,6298
2385,9448
2386,9931
2387,13095
2388,13872
2389,13198
2390,-1524
2391,-8702
2392,-4908
2393,4204
2394,5053
2395,395
2396,-10459
2397,-8423
2398,1435
2399,-1128
2400,-3458
2401,-11675
2402,-5713
2403,-11412
2404,-9126
2405,-14415
2406,-16187
2407,-14971
2408,-13345
2409,-10650
2410,-12085
2411,-14371
2412,-11719
2413,-12613
2414,-13125
2415,-13726
2416,-14034
2417,-13829
2418,-14708
2419,-12217
2420,-9244
2421,-3296
2422,1684
2423,439
2424,5551
2425,7998
2426,12583
2427,11176
2428,12553
2429,8876
2430,6137
2431,3603
2432,351
2433,6767
2434,-2168
2435,4174
2436,2534
2437,8935
2438,3149
2439,7148
2440,6855
2441,5288
2442,8349
2443,6386
2444,10283
2445,-499
2446,249
2447,-8628
2448,-7662
2449,-2652
2450,2929
2451,439
2452,-1919
2453,2592
2454,117
2455,4204
2456,-7149
2457,-2945
2458,-6871
2459,-1099
2460,-1875
2461,2636
2462,1230
2463,146
2464,6518
2465,1333
2466,6079
2467,-704
2468,-1231
2469,-6446
2470,-1773
2471,-8101
2472,-7076
2473,-10459
2474,-10459
2475,-10108
2476,-8790
2477,-5098
2478,-10533
2479,-9141
2480,-11587
2481,-12305
2482,-12540
2483,-11529
2484,-11558
2485,-14048
2486,-13843
2487,-10870
2488,-8057
2489,-12671
2490,-9126
2491,-12715
2492,-5728
2493,-10679
2494,-3926
2495,-9009
2496,-7969
2497,-4791
2498,-6006
2499,-381
2500,-2623
2501,-147
2502,-894
2503,4467
2504,-1890
2505,1567
2506,-4043
2507,-953
2508,-220
2509,-557
2510,3325
2511,-953
2512,1508
2513,-7017
2514,952
2515,-2828
2516,-264
2517,-2476
2518,-2989
2519,-5215
2520,-4219
2521,-7046
2522,-9507
2523,-5948
2524,-8892
2525,-4351
2526,-8028
2527,-5743
2528,-9288
2529,-5831
2530,-6709
2531,-6797
2532,-30
2533,-3135
2534,0
2535,-4864
2536,966
2537,-894
2538,2519
2539,-704
2540,3222
2541,937
2542,2431
2543,4160
2544,-1773
2545,1977
2546,-3340
2547,878
2548,-3619
2549,2080
2550,249
2551,1303
2552,-1304
2553,102
2554,-1612
2555,-3443
2556,-1949
2557,-5845
2558,-323
2559,-5743
2560,-923
2561,-4644
2562,-5801
2563,-6768
2564,-3077
2565,-1949
2566,-3750
2567,-396
2568,-557
2569,2197
2570,2343
2571,5844
2572,1875
2573,6562
2574,2446
2575,6533
2576,5581
2577,1230
2578,-132
2579,-1875
2580,2885
2581,805
2582,2812
2583,922
2584,5683
2585,249
2586,-2198
2587,-2095
2588,849
2589,-2447
2590,-4893
2591,-762
2592,-5479
2593,732
2594,-4483
2595,-3238
2596,-3956
2597,-1539
2598,-4556
2599,-4629
2600,-499
2601,-3267
2602,-323
2603,-3370
2604,-337
2605,-1773
2606,6562
2607,805
2608,6225
2609,1259
2610,4951
2611,7250
2612,571
2613,3017
2614,3500
2615,8173
2616,4863
2617,4716
2618,2153
2619,4482
2620,4497
2621,4804
2622,2153
2623,102
2624,1289
2625,2563
2626,5815
2627,-1334
2628,3881
2629,146
2630,1113
2631,-645
2632,-2183
2633,-191
2634,-3956
2635,-3135
2636,-3736
2637,-2432
2638,-264
2639,2460
2640,-2139
2641,6254
2642,2900
2643,4423
2644,3867
2645,2080
2646,4453
2647,527
2648,5932
2649,58
2650,-1407
2651,-4175
2652,6694
2653,7031
2654,2504
2655,-5669
2656,-4673
2657,5346
2658,3120
2659,-118
2660,-10269
2661,-1744
2662,-1187
2663,11542
2664,3706
2665,761
2666,6005
2667,7250
2668,10869
2669,12011
2670,11894
2671,10751
2672,15937
2673,15776
2674,13593
2675,14443
2676,9975
2677,-3209
2678,5522
2679,10913
2680,7250
2681,2006
2682,-5699
2683,996
2684,2021
2685,5405
2686,-2930
2687,-8145
2688,-8877
2689,-3956
2690,-4395
2691,-9551
2692,-11763
2693,-16685
2694,-11778
2695,-8013
2696,-6709
2697,-10928
2698,-12173
2699,-13755
2700,-12173
2701,-15630
2702,-14488
2703,-10210
2704,-13375
2705,-9991
2706,-5669
2707,1435
2708,-3033
2709,2548
2710,8510
2711,7910
2712,9199
2713,9946
2714,11967
2715,4291
2716,5874
2717,395
2718,8569
2719,117
2720,2739
2721,-74
2722,6166
2723,9360
2724,4511
2725,4687
2726,1816
2727,5859
2728,3398
2729,3090
2730,1010
2731,1171
2732,-8497
2733,-2388
2734,-5508
2735,-2051
2736,1171
2737,-7120
2738,-4219
2739,-5171
2740,351
2741,-7574
2742,-3135
2743,-3560
2744,-4717
2745,-923
2746,2827
2747,1831
2748,659
2749,4365
2750,4804
2751,9169
2752,981
2753,3413
2754,-6431
2755,-3018
2756,-3809
2757,-4439
2758,-6299
2759,-10049
2760,-11763
2761,-11822
2762,-3824
2763,-9712
2764,-9214
2765,-13345
2766,-11470
2767,-15132
2768,-12584
2769,-9639
2770,-10591
2771,-8101
2772,-10840
2773,-7793
2774,-12100
2775,-9844
2776,-13243
2777,-8116
2778,-12657
2779,-4410
2780,-2256
2781,-2872
2782,4555
2783,-1539
2784,5727
2785,3134
2786,5068
2787,3486
2788,8554
2789,-645
2790,3193
2791,5522
2792,3325
2793,5024
2794,1435
2795,5976
2796,292
2797,-411
2798,-7164
2799,-3384
2800,-8687
2801,-2491
2802,-5977
2803,-3179
2804,-3033
2805,-7500
2806,-6812
2807,-9039
2808,-6504
2809,-9859
2810,-7413
2811,-10269
2812,-7413
2813,-9507
2814,-7149
2815,-6739
2816,-4615
2817,-6827
2818,-6211
2819,395
2820,-6929
2821,-4131
2822,-6109
2823,-3443
2824,-1495
2825,-1905
2826,-1524
2827,512
2828,1259
2829,-6343
2830,-2696
2831,-8599
2832,-5567
2833,-11792
2834,-11001
2835,-8072
2836,-6709
2837,-6563
2838,-5464
2839,-5201
2840,-6666
2841,-2564
2842,-9888
2843,-6636
2844,-10093
2845,-8277
2846,-10694
2847,-9844
2848,-7134
2849,-10489
2850,-6343
2851,-10943
2852,-5625
2853,-8790
2854,-7266
2855,-5640
2856,-1553
2857,-3970
2858,1728
2859,-1802
2860,1201
2861,2255
2862,571
2863,4907
2864,-616
2865,2607
2866,-5406
2867,307
2868,-3985
2869,-1993
2870,-2491
2871,-3443
2872,-7398
2873,-4322
2874,-1509
2875,-7750
2876,-850
2877,-6299
2878,-469
2879,-5186
2880,-601
2881,-4161
2882,14
2883,644
2884,-1260
2885,3076
2886,3413
2887,2651
2888,-381
2889,2138
2890,776
2891,7705
2892,878
2893,4877
2894,7119
2895,8862
2896,12758
2897,9638
2898,12304
2899,9404
2900,11909
2901,10913
2902,16450
2903,14091
2904,10576
2905,11411
2906,9008
2907,7895
2908,7763
2909,9477
2910,5830
2911,12773
2912,5317
2913,10620
2914,6533
2915,8920
2916,5346
2917,3105
2918,5830
2919,3164
2920,6826
2921,7089
2922,11088
2923,7822
2924,12758
2925,10751
2926,13037
2927,7631
2928,7573
2929,9023
2930,5463
2931,10239
2932,5200
2933,11791
2934,10136
2935,11938
2936,9624
2937,4409
2938,9418
2939,13505
2940,8979
2941,1655
2942,893
2943,2695
2944,14370
2945,7045
2946,1259
2947,-7559
2948,4467
2949,10209
2950,7910
2951,1772
2952,-2388
2953,7075
2954,11396
2955,14223
2956,10913
2957,13051
2958,14882
2959,15073
2960,15410
2961,14326
2962,11835
2963,8144
2964,6328
2965,6650
2966,11528
2967,2666
2968,2885
2969,-601
2970,6445
2971,2416
2972,4321
2973,-3238
2974,-4864
2975,-3091
2976,-2535
2977,-4761
2978,-12012
2979,-5318
2980,-10401
2981,161
2982,878
2983,-3209
2984,-10123
2985,-9244
2986,-7120
2987,-9830
2988,-5933
2989,-10240
2990,-12950
2991,-1612
2992,4277
2993,7690
2994,9755
2995,7763
2996,11645
2997,12802
2998,11894
2999,16918
3000,14106
3001,14399
3002,11572
3003,14150
3004,11982
3005,12421
3006,10649
3007,12817
3008,12143
3009,13857
3010,10341
3011,7236
3012,9360
3013,10253
3014,13754
3015,12626
3016,16362
3017,10986
3018,12509
3019,10151
3020,9653
3021,12436
3022,14736
3023,10869
3024,10825
3025,11059
3026,11557
3027,14194
3028,7412
3029,11499
3030,10195
3031,12729
3032,10854
3033,8364
3034,10810
3035,11206
3036,14736
3037,14838
3038,17109
3039,15102
3040,12231
3041,8071
3042,8525
3043,10283
3044,-674
3045,2651
3046,-2842
3047,-1700
3048,922
3049,2578
3050,-5040
3051,-748
3052,-4761
3053,-4292
3054,-4556
3055,-5142
3056,893
3057,-3589
3058,1494
3059,-1392
3060,-15
3061,-2505
3062,-2974
3063,2153
3064,4541
3065,1435
3066,1948
3067,1962
3068,805
3069,5419
3070,3706
3071,7968
3072,3515
3073,6372
3074,7954
3075,9667
3076,6445
3077,7001
3078,7060
3079,2871
3080,6225
3081,-2183
3082,5712
3083,-1905
3084,-982
3085,-3926
3086,-2242
3087,-8790
3088,-7310
3089,-9463
3090,-11851
3091,-5977
3092,-12847
3093,-6929
3094,-10723
3095,-6167
3096,-9185
3097,-4600
3098,-6827
3099,-6724
3100,-5655
3101,-7852
3102,-5347
3103,-2798
3104,-3326
3105,-6739
3106,-5625
3107,-4468
3108,-4498
3109,-5010
3110,-5113
3111,-4395
3112,-894
3113,776
3114,-3663
3115,-2095
3116,-12730
3117,-7823
3118,-10503
3119,-10899
3120,-9537
3121,-9083
3122,-10840
3123,-10474
3124,-6871
3125,-7647
3126,-12320
3127,-18472
3128,-14898
3129,-11236
3130,-11705
3131,-8775
3132,-10445
3133,-11075
3134,-9566
3135,-513
3136,-8775
3137,-7120
3138,-4454
3139,-5303
3140,-10635
3141,-5801
3142,-5889
3143,-3765
3144,-44
3145,0
3146,-542
3147,-2110
3148,5068
3149,-5596
3150,-2710
3151,-9229
3152,-8628
3153,-5215
3154,-5552
3155,-11880
3156,-10093
3157,-2125
3158,-4849
3159,-5391
3160,-7676
3161,-9771
3162,-14209
3163,-9551
3164,-14268
3165,-7720
3166,-8145
3167,-11016
3168,-396
3169,-3091
3170,-4834
3171,-4820
3172,-6211
3173,-11792
3174,-8848
3175,-12042
3176,-4292
3177,-4834
3178,-7046
3179,-674
3180,1523
3181,1889
3182,-6226
3183,1230
3184,-3267
3185,-6724
3186,-8335
3187,-2989
3188,-8028
3189,-5582
3190,-909
3191,-10562
3192,-6373
3193,-8687
3194,-4468
3195,-12452
3196,-9390
3197,-10811
3198,-9463
3199,-13785
3200,-12466
3201,-6446
3202,-8482
3203,-13067
3204,-9463
3205,-10269
3206,-8160
3207,-7310
3208,-13155
3209,-6417
3210,-5010
3211,-2417
3212,-6797
3213,-8921
3214,820
3215,-8570
3216,-7515
3217,-5186
3218,-5801
3219,-7881
3220,-1348
3221,-4849
3222,-7603
3223,541
3224,-4703
3225,-11998
3226,-9273
3227,-13858
3228,-11968
3229,776
3230,-7911
3231,-11045
3232,-7823
3233,5712
3234,-2652
3235,-9419
3236,-9156
3237,-14019
3238,-8907
3239,-2051
3240,-6124
3241,-10591
3242,-3399
3243,-1084
3244,8686
3245,2651
3246,1728
3247,7778
3248,12905
3249,14472
3250,12041
3251,13359
3252,5317
3253,-3326
3254,-15
3255,7734
3256,5595
3257,-4131
3258,-9947
3259,-293
3260,1743
3261,-5230
3262,-7222
3263,-12613
3264,-8497
3265,-5596
3266,-7090
3267,-10416
3268,-12129
3269,-6182
3270,-10474
3271,-6753
3272,-7164
3273,-6666
3274,-10123
3275,-5230
3276,-3985
3277,146
3278,-14063
3279,-7544
3280,-9463
3281,3251
3282,7177
3283,-9332
3284,4013
3285,7177
3286,12451
3287,12597
3288,12744
3289,13974
3290,13168
3291,13227
3292,14267
3293,11997
3294,9594
3295,7880
3296,4291
3297,14106
3298,7382
3299,1464
3300,1186
3301,6840
3302,-2139
3303,8261
3304,12290
3305,-6460
3306,161
3307,6782
3308,2944
3309,2021
3310,11791
3311,7221
3312,13901
3313,14003
3314,5009
3315,11718
3316,13520
3317,9008
3318,5859
3319,17255
3320,4145
3321,12934
3322,8466
3323,8129
3324,6079
3325,14077
3326,10605
3327,6679
3328,5273
3329,3471
3330,13652
3331,6445
3332,1582
3333,2211
3334,6401
3335,-645
3336,-6138
3337,292
3338,219
3339,-8174
3340,-8658
3341,-10269
3342,-14532
3343,-1553
3344,-3750
3345,-1084
3346,-9419
3347,-938
3348,1523
3349,-1202
3350,58
3351,-2286
3352,2900
3353,7822
3354,13872
3355,4218
3356,15175
3357,4409
3358,3969
3359,14194
3360,5449
3361,-1846
3362,1347
3363,102
3364,6049
3365,7265
3366,-4234
3367,3867
3368,10473
3369,3940
3370,292
3371,6972
3372,1567
3373,-7544
3374,4819
3375,5126
3376,-4556
3377,-7530
3378,1772
3379,8891
3380,7836
3381,-6915
3382,981
3383,-1011
3384,-10108
3385,-323
3386,5595
3387,7880
3388,-9375
3389,7441
3390,14560
3391,13945
3392,7001
3393,292
3394,2666
3395,7163
3396,4819
3397,5625
3398,7690
3399,-7354
3400,3032
3401,-3194
3402,161
3403,1201
3404,-1465
3405,-12525
3406,-7896
3407,-8438
3408,-6446
3409,-3165
3410,-8804
3411,2299
3412,-13213
3413,-10884
3414,-8101
3415,-5391
3416,-191
3417,-997
3418,-11514
3419,-1026
3420,-5391
3421,-11353
3422,3574
3423,-118
3424,-2916
3425,-4644
3426,-3663
3427,-4073
3428,3735
3429,-11089
3430,-352
3431,4790
3432,-13770
3433,-2242
3434,-7867
3435,-1626
3436,-2168
3437,-13096
3438,-4102
3439,2753
3440,-12042
3441,-7896
3442,-2461
3443,-14898
3444,-5201
3445,-11954
3446,-14649
3447,-14693
3448,-10899
3449,-10020
3450,-8394
3451,-16421
3452,-13448
3453,3647
3454,-4175
3455,-9361
3456,-12261
3457,-11968
3458,-7120
3459,-4439
3460,-8423
3461,-455
3462,-4424
3463,-8790
3464,3237
3465,-9273
3466,2695
3467,7338
3468,-8877
3469,-13477
3470,-4659
3471,-6695
3472,908
3473,-10430
3474,-2256
3475,-2110
3476,-6695
3477,9594
3478,-7383
3479,-5230
3480,-4117
3481,-9493
3482,-10489
3483,-11998
3484,-15176
3485,2885
3486,5551
3487,-10416
3488,-12964
3489,-12920
3490,-4087
3491,-4571
3492,-6431
3493,-11924
3494,-8028
3495,-762
3496,-4937
3497,-3194
3498,-7969
3499,4277
3500,4204
3501,-4820
3502,-8233
3503,-1846
3504,-10108
3505,2373
3506,-4410
3507,-5376
3508,-1275
3509,-10884
3510,2314
3511,-8511
3512,-10533
3513,-3252
3514,-6138
3515,-11778
3516,-5289
3517,-2579
3518,-3179
3519,-12876
3520,-10679
3521,7500
3522,-10884
3523,-4175
3524,-7750
3525,-10665
3526,-4292
3527,3969
3528,-13594
3529,-15235
3530,-9668
3531,3779
3532,2138
3533,-8262
3534,-13067
3535,-7662
3536,10751
3537,659
3538,527
3539,527
3540,9228
3541,14604
3542,11894
3543,7500
3544,8056
3545,6459
3546,-4131
3547,-2095
3548,1464
3549,2812
3550,-14004
3551,-4600
3552,-9229
3553,-11983
3554,3647
3555,-9844
3556,-12627
3557,-9961
3558,-9200
3559,-11880
3560,-13682
3561,-12789
3562,-5186
3563,4599
3564,-11602
3565,-12789
3566,1127
3567,-10049
3568,-13360
3569,1713
3570,-7764
3571,-12657
3572,-10606
3573,-6768
3574,-5728
3575,-10840
3576,-3077
3577,14326
3578,5493
3579,-2183
3580,10224
3581,11865
3582,13637
3583,6899
3584,7866
3585,5830
3586,12729
3587,9594
3588,7719
3589,4819
3590,-132
3591,6049
3592,-3487
3593,6459
3594,5185
3595,4174
3596,-1846
3597,1831
3598,9067
3599,16831
3600,1757
3601,-1817
3602,15571
3603,14091
3604,13447
3605,15307
3606,16142
3607,7734
3608,13754
3609,14589
3610,12377
3611,7690
3612,9594
3613,10957
3614,4951
3615,13652
3616,14355
3617,16713
3618,11572
3619,15483
3620,3852
3621,3750
3622,14121
3623,1992
3624,2182
3625,11894
3626,13388
3627,6811
3628,14648
3629,10473
3630,12158
3631,5507
3632,8261
3633,5551
3634,5639
3635,9462
3636,-4659
3637,7177
3638,8027
3639,10063
3640,7749
3641,12202
3642,12275
3643,14765
3644,8876
3645,14106
3646,16142
3647,7236
3648,16523
3649,11513
3650,11059
3651,12949
3652,15922
3653,13447
3654,9038
3655,1289
3656,3178
3657,6489
3658,12626
3659,8100
3660,-10855
3661,9257
3662,1772
3663,10151
3664,10136
3665,366
3666,1567
3667,11923
3668,8027
3669,2329
3670,5961
3671,2622
3672,8129
3673,1816
3674,7060
3675,6005
3676,6489
3677,3574
3678,6738
3679,10341
3680,11630
3681,4306
3682,2812
3683,12363
3684,1479
3685,11000
3686,13828
3687,10649
3688,5668
3689,12377
3690,4497
3691,3413
3692,9653
3693,4365
3694,278
3695,-5918
3696,5961
3697,-3414
3698,-8365
3699,-4117
3700,219
3701,-4600
3702,-1172
3703,-4864
3704,-3443
3705,-572
3706,-7193
3707,4541
3708,10268
3709,11411
3710,-850
3711,9755
3712,14326
3713,4570
3714,1640
3715,-3282
3716,-1172
3717,5786
3718,13872
3719,3662
3720,5302
3721,-1509
3722,3940
3723,6943
3724,1728
3725,-9039
3726,-250
3727,7221
3728,-6915
3729,5507
3730,732
3731,-1744
3732,-3794
3733,4218
3734,3457
3735,2197
3736,12392
3737,7924
3738,-3941
3739,717
3740,7998
3741,-2740
3742,-132
3743,-645
3744,3530
3745,3486
3746,3559
3747,10224
3748,9624
3749,6928
3750,7661
3751,12114
3752,2915
3753,9184
3754,6870
3755,5302
3756,2299
3757,4013
3758,3808
3759,7866
3760,13095
3761,-6036
3762,-3750
3763,8349
3764,6840
3765,-5391
3766,-7149
3767,-7164
3768,5185
3769,6767
3770,1479
3771,747
3772,-1597
3773,2299
3774,6152
3775,12700
3776,-660
3777,2534
3778,5463
3779,3500
3780,6943
3781,6020
3782,-8189
3783,7192
3784,6972
3785,-12525
3786,6752
3787,366
3788,-308
3789,-2579
3790,8056
3791,9301
3792,-9141
3793,-616
3794,13784
3795,5258
3796,-3340
3797,3603
3798,2563
3799,1743
3800,-2535
3801,8261
3802,4804
3803,-5904
3804,-6988
3805,-6827
3806,-2930
3807,3559
3808,3530
3809,-8160
3810,-7999
3811,-6299
3812,8789
3813,1494
3814,-13917
3815,-1158
3816,4013
3817,0
3818,-11280
3819,-10430
3820,-6124
3821,2094
3822,-4761
3823,-11001
3824,-13697
3825,-7046
3826,-894
3827,-5435
3828,-11778
3829,-13726
3830,-2168
3831,-4571
3832,-4644
3833,-12042
3834,-10342
3835,-3355
3836,7719
3837,5332
3838,175
3839,11088
3840,11015
3841,12802
3842,13989
3843,12055
3844,-3794
3845,-835
3846,937
3847,6269
3848,8378
3849,-5318
3850,-15645
3851,-3077
3852,7617
3853,-8335
3854,-8760
3855,-12085
3856,-10181
3857,-11500
3858,-13580
3859,-14649
3860,-16128
3861,-13448
3862,-4146
3863,-3311
3864,-12686
3865,-10210
3866,-12686
3867,-7251
3868,-5215
3869,-1744
3870,-12144
3871,-12203
3872,-3545
3873,-10738
3874,-7090
3875,-12554
3876,-8218
3877,-3282
3878,1025
3879,-4820
3880,2138
3881,5419
3882,5698
3883,7617
3884,4335
3885,1025
3886,-74
3887,4658
3888,-5259
3889,-894
3890,-1509
3891,-5904
3892,-5977
3893,-5625
3894,-8907
3895,-5757
3896,-10357
3897,-11250
3898,1289
3899,-762
3900,87
3901,-6504
3902,-2564
3903,-909
3904,7558
3905,9843
3906,11762
3907,11162
3908,8466
3909,2622
3910,3427
3911,10166
3912,5229
3913,5405
3914,-3194
3915,-1553
3916,-2095
3917,-5479
3918,-1084
3919,1113
3920,292
3921,-10225
3922,-7999
3923,-6211
3924,-2168
3925,-9581
3926,-6739
3927,-11119
3928,-5816
3929,-9478
3930,-13243
3931,-7925
3932,-12100
3933,-10884
3934,-14385
3935,-9156
3936,-10459
3937,-12906
3938,-8804
3939,-11822
3940,-12203
3941,-5918
3942,-3340
3943,-13829
3944,-6343
3945,-7061
3946,5244
3947,-2886
3948,-2066
3949,-440
3950,-4996
3951,-4629
3952,3105
3953,-4776
3954,-8145
3955,1479
3956,-3077
3957,-3545
3958,-14078
3959,-11983
3960,-5669
3961,-5171
3962,-13448
3963,-12349
3964,-5098
3965,-3062
3966,2460
3967,-4249
3968,-3531
3969,-3340
3970,5112
3971,5991
3972,5830
3973,2915
3974,3823
3975,5302
3976,8598
3977,10371
3978,4731
3979,8188
3980,-1084
3981,10312
3982,5742
3983,2270
3984,2768
3985,175
3986,-3677
3987,-1758
3988,8071
3989,2021
3990,-3062
3991,-7149
3992,4262
3993,3662
3994,-1158
3995,-8145
3996,1245
3997,-2989
3998,-8204
3999,-7999
4000,-15162
4001,-6739
4002,-8145
4003,-1670
4004,-1949
4005,-5669
4006,-10635
4007,5625
4008,6401
4009,-3824
4010,-7808
4011,-2007
4012,8188
4013,3413
4014,6445
4015,-1729
4016,-1495
4017,-1583
4018,10664
4019,9814
4020,-7618
4021,-6797
4022,-1846
4023,336
4024,-6065
4025,-1934
4026,-5127
4027,-8042
4028,-11045
4029,-7369
4030,1699
4031,-352
4032,-1919
4033,-4087
4034,-6504
4035,410
4036,11572
4037,5800
4038,1669
4039,-7354
4040,2973
4041,3559
4042,-3531
4043,6108
4044,-4278
4045,-2608
4046,1450
4047,1904
4048,2402
4049,8686
4050,4057
4051,6840
4052,6430
4053,937
4054,-162
4055,-7735
4056,-1143
4057,-3985
4058,4072
4059,2958
4060,234
4061,-1158
4062,3969
4063,-5201
4064,820
4065,131
4066,-12510
4067,-3018
4068,-10796
4069,-250
4070,1552
4071,2490
4072,5244
4073,922
4074,-806
4075,5874
4076,6401
4077,9755
4078,3105
4079,-6006
4080,12231
4081,2094
4082,10019
4083,10766
4084,1787
4085,7075
4086,11132
4087,4394
4088,-88
4089,-2403
4090,-2564
4091,2460
4092,-3326
4093,-4732
4094,498
4095,8876
4096,2797
4097,-4439
4098,-3824
4099,0
4100,4086
4101,2050
4102,410
4103,-1084
4104,776
4105,-4483
4106,-1568
4107,-6050
4108,3208
4109,2490
4110,131
4111,-4322
4112,1215
4113,6533
4114,-1568
4115,3574
4116,-4483
4117,-176
4118,-9317
4119,-2520
4120,2021
4121,-191
4122,-1026
4123,1406
4124,5156
4125,-484
4126,1772
4127,-10738
4128,-15484
4129,-13184
4130,2753
4131,-7032
4132,-10108
4133,-6270
4134,-6402
4135,6621
4136,1406
4137,-13111
4138,-13638
4139,-1758
4140,-103
4141,-8218
4142,-9683
4143,4262
4144,3208
4145,7016
4146,12553
4147,7910
4148,13930
4149,11689
4150,18178
4151,8496
4152,4145
4153,4497
4154,-3209
4155,-74
4156,1523
4157,-9654
4158,-12422
4159,-10650
4160,-10284
4161,-9112
4162,-14502
4163,-15645
4164,-14913
4165,-11104
4166,-10723
4167,-14546
4168,-14693
4169,-14004
4170,-11192
4171,-7837
4172,-8511
4173,-9976
4174,-13213
4175,-11104
4176,-2154
4177,-5054
4178,-9668
4179,-16919
4180,-15616
4181,-5303
4182,-11690
4183,-9507
4184,-12818
4185,-4937
4186,644
4187,-2403
4188,-4278
4189,2666
4190,-1070
4191,4042
4192,9257
4193,-7940
4194,820
4195,-4952
4196,-455
4197,-923
4198,-4351
4199,-4307
4200,-381
4201,3735
4202,-3326
4203,-6094
4204,-3267
4205,5815
4206,-8145
4207,791
4208,-5538
4209,1171
4210,3457
4211,7089
4212,12436
4213,12539
4214,15527
4215,12465
4216,9536
4217,9902
4218,12568
4219,6284
4220,8320
4221,7236
4222,1816
4223,2768
4224,-499
4225,-3121
4226,-5552
4227,-2608
4228,-8160
4229,-5127
4230,-15572
4231,-8204
4232,-13506
4233,-11851
4234,-12525
4235,-5040
4236,-1993
4237,-6255
4238,-1158
4239,-7530
4240,-10298
4241,-6182
4242,-1158
4243,-8511
4244,-6797
4245,-6006
4246,-4102
4247,-5274
4248,-4834
4249,-1216
4250,-2740
4251,-15
4252,-6153
4253,-5801
4254,-11749
4255,-2535
4256,512
4257,-2564
4258,-3150
4259,-381
4260,966
4261,-6797
4262,-3414
4263,-15323
4264,-6504
4265,-10782
4266,-10430
4267,-7515
4268,-7852
4269,-12144
4270,-11133
4271,-6343
4272,-7149
4273,190
4274,-5054
4275,-7413
4276,-7339
4277,1025
4278,747
4279,4907
4280,3603
4281,1420
4282,629
4283,-220
4284,7294
4285,5449
4286,6752
4287,-2549
4288,5185
4289,3178
4290,-1832
4291,-4937
4292,-8438
4293,-9639
4294,-9053
4295,688
4296,-6885
4297,-10547
4298,-9815
4299,-2784
4300,-13199
4301,-1773
4302,-8130
4303,-4263
4304,-191
4305,-11617
4306,-425
4307,-1802
4308,-2300
4309,-923
4310,1552
4311,-689
4312,4204
4313,659
4314,6108
4315,5156
4316,-3311
4317,9814
4318,9155
4319,5449
4320,6401
4321,11733
4322,8159
4323,9843
4324,1860
4325,1259
4326,7939
4327,6079
4328,-8335
4329,-2403
4330,8730
4331,-616
4332,3808
4333,1713
4334,-1875
4335,747
4336,4555
4337,-557
4338,-3077
4339,3383
4340,73
4341,5244
4342,10795
4343,11352
4344,11118
4345,10678
4346,10312
4347,13227
4348,9272
4349,9711
4350,10341
4351,10766
4352,10839
4353,3559
4354,9975
4355,9902
4356,7954
4357,13315
4358,16889
4359,13403
4360,3852
4361,1347
4362,8408
4363,8027
4364,5141
4365,13535
4366,3750
4367,12070
4368,11909
4369,8452
4370,10634
4371,10766
4372,7763
4373,8583
4374,11367
4375,4160
4376,14575
4377,2226
4378,12348
4379,17094
4380,12597
4381,7368
4382,10166
4383,14589
4384,15000
4385,9711
4386,8012
4387,7983
4388,2548
4389,8056
4390,6416
4391,6650
4392,2475
4393,4775
4394,10385
4395,2827
4396,3984
4397,-469
4398,6328
4399,3427
4400,4145
4401,7470
4402,17871
4403,4057
4404,5551
4405,7792
4406,7397
4407,5800
4408,673
4409,6928
4410,10327
4411,11586
4412,12480
4413,12641
4414,9140
4415,11308
4416,7236
4417,5815
4418,5449
4419,527
4420,12128
4421,2548
4422,10488
4423,4672
4424,7456
4425,9096
4426,9243
4427,3691
4428,3193
4429,7075
4430,-1055
4431,7001
4432,9829
4433,11850
4434,4306
4435,10546
4436,8833
4437,9829
4438,5478
4439,7353
4440,9038
4441,4907
4442,9638
4443,-879
4444,380
4445,8188
4446,10444
4447,-1919
4448,4746
4449,292
4450,9360
4451,10546
4452,3002
4453,-5508
4454,-3531
4455,14384
4456,8466
4457,-4263
4458,-5845
4459,13886
4460,16025
4461,11850
4462,11381
4463,11440
4464,16860
4465,15878
4466,13447
4467,11630
4468,15029
4469,10590
4470,8554
4471,9711
4472,9755
4473,717
4474,-1773
4475,2680
4476,4497
4477,5961
4478,-8277
4479,-3897
4480,-7002
4481,-8218
4482,-9844
4483,-11880
4484,-12012
4485,-8790
4486,1948
4487,9667
4488,7851
4489,-1026
4490,4306
4491,2065
4492,5815
4493,380
4494,2343
4495,-2491
4496,-733
4497,791
4498,629
4499,3720
4500,-4322
4501,2592
4502,8115
4503,11147
4504,4160
4505,7250
4506,6679
4507,8188
4508,8437
4509,3500
4510,7148
4511,5068
4512,7353
4513,2519
4514,5844
4515,6840
4516,7500
4517,-645
4518,1655
4519,4130
4520,-2520
4521,29
4522,-3194
4523,2329
4524,2563
4525,8129
4526,5273
4527,12011
4528,12377
4529,14838
4530,13666
4531,14018
4532,12978
4533,18750
4534,15703
4535,8540
4536,10297
4537,3002
4538,2812
4539,-1846
4540,-1114
4541,1743
4542,-6973
4543,-5845
4544,-4483
4545,-7413
4546,-8702
4547,-2681
4548,-10005
4549,-8599
4550,-7720
4551,-9405
4552,-4600
4553,307
4554,-1480
4555,4570
4556,5507
4557,-1084
4558,3398
4559,-3311
4560,-1963
4561,-8804
4562,-4454
4563,-4922
4564,-6153
4565,-5889
4566,-3252
4567,-5420
4568,-10709
4569,-5538
4570,-10679
4571,-3033
4572,-12437
4573,-9273
4574,-11690
4575,-4512
4576,-4556
4577,-7486
4578,-6504
4579,-9405
4580,-6197
4581,-12715
4582,-9507
4583,-10372
4584,-10972
4585,-13301
4586,-9947
4587,-6285
4588,-5201
4589,-455
4590,-4307
4591,2783
4592,-1626
4593,-5845
4594,-2813
4595,-381
4596,-3077
4597,7207
4598,4130
4599,1083
4600,2783
4601,3911
4602,7441
4603,-1773
4604,2182
4605,-7720
4606,-7354
4607,-7588
4608,-9537
4609,-12920
4610,-10958
4611,-10591
4612,-4498
4613,-8335
4614,-12188
4615,-11250
4616,-10679
4617,-8716
4618,-12100
4619,-10123
4620,-10035
4621,-5420
4622,-4307
4623,-8614
4624,-5611
4625,-7281
4626,-7471
4627,-7662
4628,-15308
4629,-12950
4630,-12935
4631,-14693
4632,-12818
4633,-9273
4634,-11236
4635,-11192
4636,-12291
4637,-7208
4638,-12393
4639,-10738
4640,-13873
4641,-11895
4642,-11133
4643,-11836
4644,-14283
4645,-13770
4646,-11514
4647,-12671
4648,-8057
4649,-11792
4650,-7984
4651,-11456
4652,-5084
4653,-6050
4654,-10474
4655,-8995
4656,-5538
4657,-3194
4658,-12129
4659,-7735
4660,-3589
4661,-30
4662,-3165
4663,-2491
4664,-8848
4665,-5728
4666,-3721
4667,-9756
4668,-7193
4669,-3692
4670,-7779
4671,-9200
4672,-2242
4673,-13096
4674,-6534
4675,-10313
4676,0
4677,-4761
4678,-9522
4679,-10196
4680,-6226
4681,-381
4682,-2139
4683,2124
4684,-1275
4685,6123
4686,2490
4687,2197
4688,131
4689,6533
4690,4116
4691,1625
4692,4204
4693,146
4694,4526
4695,410
4696,3837
4697,8100
4698,3354
4699,-967
4700,2124
4701,-3428
4702,-2842
4703,1362
4704,-3487
4705,-1290
4706,1245
4707,3808
4708,-1158
4709,7265
4710,3544
4711,4248
4712,4423
4713,5332
4714,10927
4715,1098
4716,7148
4717,2548
4718,4526
4719,5478
4720,11440
4721,3793
4722,4936
4723,9375
4724,6445
4725,7587
4726,3881
4727,4716
4728,541
4729,9272
4730,2270
4731,8364
4732,3632
4733,4892
4734,5361
4735,87
4736,4423
4737,541
4738,1420
4739,0
4740,2988
4741,43
4742,3193
4743,-821
4744,7265
4745,1303
4746,-455
4747,1362
4748,-323
4749,5507
4750,4804
4751,6489
4752,2050
4753,5756
4754,7895
4755,13081
4756,3574
4757,805
4758,3105
4759,3281
4760,-1304
4761,-6417
4762,3427
4763,659
4764,9301
4765,43
4766,-3135
4767,-7076
4768,6914
4769,615
4770,-8101
4771,-2974
4772,1245
4773,10151
4774,-4102
4775,-5420
4776,-5596
4777,4819
4778,7456
4779,351
4780,-8775
4781,-601
4782,8642
4783,8203
4784,10795
4785,7631
4786,14033
4787,11879
4788,19101
4789,16098
4790,14604
4791,9770
4792,7236
4793,2622
4794,966
4795,2387
4796,-8072
4797,-132
4798,-7149
4799,644
4800,-3750
4801,-12759
4802,-11294
4803,-11368
4804,-12525
4805,-13726
4806,-13389
4807,-10767
4808,-938
4809,-2417
4810,4335
4811,-484
4812,4643
4813,7001
4814,7148
4815,13666
4816,908
4817,-1451
4818,-3926
4819,-528
4820,-2476
4821,-6124
4822,-15191
4823,-9668
4824,-499
4825,1391
4826,-5918
4827,-2798
4828,4804
4829,-235
4830,3984
4831,-3179
4832,-2271
4833,-44
4834,3588
4835,3823
4836,6108
4837,8408
4838,3823
4839,7558
4840,3837
4841,6958
4842,878
4843,2797
4844,996
4845,-44
4846,2944
4847,6269
4848,8554
4849,12026
4850,13007
4851,13432
4852,12099
4853,9741
4854,14560
4855,8847
4856,12993
4857,11264
4858,5244
4859,1303
4860,-455
4861,4130
4862,2768
4863,-850
4864,-8248
4865,-6622
4866,-12378
4867,-10284
4868,-10591
4869,-13975
4870,-10767
4871,-5699
4872,-1026
4873,-7076
4874,600
4875,-7632
4876,1054
4877,2285
4878,1259
4879,190
4880,-1260
4881,-4205
4882,-3179
4883,-4791
4884,-7706
4885,-5567
4886,-11368
4887,-4703
4888,-13008
4889,-11646
4890,-14664
4891,-11514
4892,-12085
4893,-16041
4894,-12994
4895,-12188
4896,-8218
4897,-10093
4898,-9126
4899,-11690
4900,-8995
4901,-10709
4902,-9874
4903,-14224
4904,-7222
4905,-8863
4906,-1875
4907,-4454
4908,-1539
4909,-440
4910,-9537
4911,-5787
4912,-10972
4913,-8584
4914,-7471
4915,-8760
4916,-6797
4917,-4834
4918,1230
4919,-455
4920,849
4921,-6167
4922,-2242
4923,-6255
4924,-5142
4925,-9756
4926,-3941
4927,-8643
4928,-8877
4929,-8013
4930,-9141
4931,-5552
4932,-10005
4933,-6373
4934,-10137
4935,-5582
4936,-11822
4937,-2667
4938,-6578
4939,-6709
4940,-4864
4941,-6314
4942,-484
4943,-4087
4944,-1480
4945,-6314
4946,-4087
4947,-10547
4948,-10503
4949,-8702
4950,-7544
4951,-9346
4952,-6329
4953,-6519
4954,-10093
4955,-10035
4956,-13213
4957,-11426
4958,-13931
4959,-8746
4960,-12173
4961,-11910
4962,-10826
4963,-12613
4964,-7515
4965,-5538
4966,-7281
4967,-8277
4968,-4161
4969,-12818
4970,-8467
4971,-5933
4972,-3882
4973,-3809
4974,-4688
4975,-5142
4976,-5376
4977,-2256
4978,-7969
4979,-4527
4980,-9800
4981,-2388
4982,-6534
4983,-5611
4984,-4717
4985,-7076
4986,-601
4987,-6373
4988,-4849
4989,-6812
4990,-8584
4991,-7706
4992,-3370
4993,-8995
4994,-4000
4995,-7955
4996,-4161
4997,-982
4998,-6006
4999,-1656
5000,-5420
5001,-3443
5002,-4029
5003,732
5004,-3516
5005,-806
5006,-1744
5007,2739
5008,1757
5009,659
5010,4277
5011,-2403
5012,263
5013,-1993
5014,-1451
5015,-4908
5016,-1509
5017,-4571
5018,-118
5019,-1334
5020,-6329
5021,-1304
5022,-2256
5023,3061
5024,-1172
5025,1962
5026,1567
5027,1772
5028,3237
5029,2988
5030,2709
5031,5522
5032,6284
5033,4965
5034,8745
5035,2197
5036,8027
5037,849
5038,7045
5039,6826
5040,3515
5041,1933
5042,4277
5043,3266
5044,6811
5045,8085
5046,3603
5047,11572
5048,7163
5049,13007
5050,7016
5051,8334
5052,7368
5053,7573
5054,9624
5055,7705
5056,9521
5057,8818
5058,12407
5059,8159
5060,9799
5061,11352
5062,10795
5063,9052
5064,11997
5065,10209
5066,3354
5067,8759
5068,11352
5069,8671
5070,6357
5071,10268
5072,12626
5073,11425
5074,9404
5075,10605
5076,7763
5077,7412
5078,6005
5079,5156
5080,10751
5081,2929
5082,14077
5083,5537
5084,10795
5085,9697
5086,9008
5087,7250
5088,7719
5089,8789
5090,512
5091,3398
5092,9946
5093,11997
5094,5537
5095,3398
5096,2050
5097,12963
5098,12568
5099,4086
5100,-6812
5101,-5552
5102,8554
5103,9404
5104,-103
5105,-7046
5106,5888
5107,17021
5108,15615
5109,11381
5110,13183
5111,14648
5112,13593
5113,19746
5114,15908
5115,14516
5116,13872
5117,13168
5118,9858
5119,11733
5120,5185
5121,-4073
5122,-6783
5123,-6636
5124,-74
5125,-12686
5126,-11382
5127,-11089
5128,73
5129,-4175
5130,-1963
5131,-14576
5132,-4659
5133,7016
5134,-2110
5135,5756
5136,5083
5137,7573
5138,9638
5139,12275
5140,10869
5141,8144
5142,2739
5143,-1934
5144,-4732
5145,-4776
5146,-3135
5147,-8116
5148,-2242
5149,1494
5150,8071
5151,1962
5152,5332
5153,3940
5154,10048
5155,11088
5156,8496
5157,8466
5158,8745
5159,14560
5160,13315
5161,13872
5162,12949
5163,15366
5164,12187
5165,12788
5166,13344
5167,9023
5168,11352
5169,12978
5170,13359
5171,10268
5172,14179
5173,14589
5174,13374
5175,14619
5176,13212
5177,15351
5178,16450
5179,16743
5180,15893
5181,14707
5182,13432
5183,12421
5184,4951
5185,12773
5186,6166
5187,5083
5188,6738
5189,6123
5190,6269
5191,7968
5192,5258
5193,1889
5194,4101
5195,1494
5196,7690
5197,922
5198,7236
5199,7851
5200,8950
5201,12714
5202,10253
5203,14355
5204,7763
5205,10590
5206,6899
5207,8320
5208,864
5209,1347
5210,-3545
5211,249
5212,-4791
5213,-9258
5214,-6006
5215,-9932
5216,-6226
5217,-8775
5218,-88
5219,-5420
5220,-4307
5221,-4131
5222,1201
5223,4042
5224,6079
5225,6035
5226,1171
5227,8349
5228,2915
5229,10356
5230,556
5231,4584
5232,-850
5233,4409
5234,351
5235,-7837
5236,-660
5237,-8160
5238,-3575
5239,-8057
5240,-6768
5241,-9009
5242,-2930
5243,-5069
5244,1757
5245,-4732
5246,-1861
5247,-2696
5248,-3238
5249,-1377
5250,-3209
5251,2036
5252,-5186
5253,-4498
5254,-4131
5255,-1597
5256,-2330
5257,-4029
5258,-5098
5259,-2549
5260,-1114
5261,-3809
5262,-2798
5263,-6446
5264,-1641
5265,-5875
5266,-4468
5267,-5845
5268,483
5269,-1187
5270,-3135
5271,58
5272,-5904
5273,-3589
5274,-10694
5275,-10767
5276,-13433
5277,-12803
5278,-10972
5279,-10181
5280,-11822
5281,-6417
5282,-4249
5283,-7515
5284,-4908
5285,-9888
5286,-8101
5287,-8614
5288,-9170
5289,-17432
5290,-6402
5291,-2081
5292,-5552
5293,-3003
5294,-6695
5295,-1334
5296,-7911
5297,-6446
5298,-10767
5299,-10416
5300,-16919
5301,-11485
5302,-14371
5303,-10709
5304,-9332
5305,-9859
5306,-9434
5307,-10342
5308,-4966
5309,-9361
5310,-7632
5311,-11441
5312,-8804
5313,-6680
5314,-5772
5315,-5362
5316,-5494
5317,-2872
5318,-7413
5319,-5611
5320,-6651
5321,-7793
5322,-12188
5323,-10474
5324,-10386
5325,-6431
5326,-3428
5327,-5743
5328,-1231
5329,-5948
5330,-6739
5331,-9551
5332,-9917
5333,-10547
5334,-9097
5335,-10152
5336,-4732
5337,-5406
5338,-162
5339,644
5340,-4073
5341,-3003
5342,-11148
5343,-4498
5344,-10123
5345,-10709
5346,-9991
5347,-10679
5348,-9551
5349,-9126
5350,-3882
5351,-7090
5352,-4087
5353,-12129
5354,-5713
5355,-11133
5356,-7837
5357,-9976
5358,-8292
5359,-6270
5360,-11514
5361,-7105
5362,-12042
5363,-10313
5364,-11675
5365,-7559
5366,-10533
5367,-7984
5368,-10694
5369,-4249
5370,-4673
5371,-6255
5372,-5728
5373,-4366
5374,-1846
5375,-7559
5376,-2242
5377,-5113
5378,-748
5379,-6270
5380,-4468
5381,-3267
5382,-2125
5383,-3428
5384,-3619
5385,-3458
5386,-7266
5387,-4278
5388,-5772
5389,-2359
5390,-8599
5391,-74
5392,-2476
5393,-4146
5394,-4043
5395,-7002
5396,3969
5397,-953
5398,-1509
5399,-2798
5400,2416
5401,-3897
5402,1010
5403,-147
5404,-469
5405,-6841
5406,-2066
5407,5361
5408,-1919
5409,-4307
5410,-10591
5411,2504
5412,4555
5413,4951
5414,-5523
5415,-6504
5416,-8072
5417,1816
5418,3969
5419,-7530
5420,-7969
5421,-2637
5422,9843
5423,4248
5424,3413
5425,-9302
5426,-3194
5427,1816
5428,4628
5429,-2667
5430,-14664
5431,3881
5432,13549
5433,17006
5434,13989
5435,13095
5436,13125
5437,12187
5438,16743
5439,18457
5440,15717
5441,10224
5442,11059
5443,11528
5444,11557
5445,-1392
5446,-2652
5447,-3794
5448,-704
5449,-3458
5450,-8687
5451,-15396
5452,-13433
5453,-7105
5454,-6783
5455,-5772
5456,-15792
5457,-748
5458,11279
5459,12465
5460,10195
5461,12553
5462,10297
5463,10517
5464,11513
5465,12099
5466,7675
5467,-6724
5468,1538
5469,-2095
5470,-3135
5471,-15806
5472,-11910
5473,-9537
5474,-4908
5475,-4146
5476,-9712
5477,-6578
5478,-7295
5479,4042
5480,6269
5481,9433
5482,1655
5483,11499
5484,11513
5485,11293
5486,8613
5487,4833
5488,12656
5489,12172
5490,14414
5491,12861
5492,11484
5493,8422
5494,13593
5495,7792
5496,10517
5497,1757
5498,2753
5499,10268
5500,11909
5501,11220
5502,12568
5503,14165
5504,14150
5505,17226
5506,12172
5507,8188
5508,7119
5509,791
5510,6899
5511,3032
5512,2724
5513,102
5514,7236
5515,4775
5516,9316
5517,2783
5518,1391
5519,-894
5520,908
5521,5932
5522,1083
5523,3808
5524,6108
5525,8540
5526,10517
5527,10004
5528,2021
5529,3662
5530,2124
5531,2709
5532,-1846
5533,-5625
5534,-7808
5535,-9903
5536,-5127
5537,-13213
5538,-9639
5539,-8819
5540,-11353
5541,-8160
5542,-6153
5543,-7090
5544,-7208
5545,-2608
5546,-1583
5547,5009
5548,131
5549,5961
5550,1333
5551,6108
5552,2197
5553,4541
5554,4746
5555,1450
5556,7426
5557,-1583
5558,-2242
5559,-6387
5560,-4849
5561,-10123
5562,-7823
5563,-9551
5564,-6241
5565,-4717
5566,-3868
5567,1010
5568,-3355
5569,1889
5570,-4234
5571,5214
5572,-74
5573,820
5574,1435
5575,1713
5576,2343
5577,2651
5578,2299
5579,-3575
5580,-1583
5581,-4864
5582,2021
5583,-4996
5584,-2564
5585,-6358
5586,-2740
5587,-6431
5588,-12393
5589,-6709
5590,-15630
5591,-9170
5592,-11001
5593,-7266
5594,-9390
5595,-10328
5596,-11426
5597,-10943
5598,-13331
5599,-12305
5600,-14561
5601,-15850
5602,-17007
5603,-16363
5604,-7457
5605,-10342
5606,-8628
5607,-6211
5608,-8072
5609,-6446
5610,-3384
5611,-6167
5612,-3047
5613,-3707
5614,-7061
5615,-4922
5616,-10650
5617,-6768
5618,-9156
5619,-8995
5620,-11485
5621,-8350
5622,-9419
5623,-11294
5624,-9830
5625,-15323
5626,-14590
5627,-14561
5628,-11705
5629,-11939
5630,-5699
5631,-10093
5632,-6900
5633,-1861
5634,-4498
5635,-3091
5636,-7178
5637,-1114
5638,-8716
5639,-4981
5640,-9595
5641,-10723
5642,-10079
5643,-8189
5644,-8907
5645,-9991
5646,-7969
5647,-7837
5648,-8570
5649,-15000
5650,-9712
5651,-13213
5652,-9830
5653,-9229
5654,-7676
5655,-3252
5656,-3663
5657,527
5658,-1963
5659,29
5660,-2842
5661,-7310
5662,-9449
5663,-5801
5664,-7735
5665,-7706
5666,-7325
5667,-1363
5668,-1114
5669,-5333
5670,-323
5671,-6636
5672,-1407
5673,-5977
5674,-1963
5675,-4703
5676,-5596
5677,-3501
5678,-2022
5679,659
5680,1787
5681,-118
5682,-10152
5683,-6211
5684,-12364
5685,-7339
5686,-11646
5687,-9229
5688,-12203
5689,-5977
5690,-1729
5691,-5655
5692,117
5693,-6944
5694,-1758
5695,-6871
5696,-1773
5697,556
5698,6723
5699,-5201
5700,-59
5701,2534
5702,-2798
5703,-748
5704,-8013
5705,-1978
5706,-6885
5707,-4732
5708,-9185
5709,-9742
5710,-6812
5711,-4615
5712,-5289
5713,-6285
5714,-6753
5715,-3970
5716,-1172
5717,-5406
5718,2006
5719,-1612
5720,2182
5721,-1436
5722,2944
5723,2255
5724,-1202
5725,-3326
5726,-8877
5727,7089
5728,336
5729,-6797
5730,-6431
5731,908
5732,-1817
5733,688
5734,-1597
5735,-4366
5736,3750
5737,1450
5738,5346
5739,747
5740,1860
5741,-1568
5742,2841
5743,6020
5744,11542
5745,-2183
5746,-4454
5747,2695
5748,4013
5749,5874
5750,-6519
5751,-9917
5752,-2066
5753,11660
5754,761
5755,-6607
5756,-2139
5757,11542
5758,14165
5759,11147
5760,14882
5761,14296
5762,15161
5763,10913
5764,15820
5765,15043
5766,16713
5767,12890
5768,6577
5769,6152
5770,-3018
5771,-8775
5772,-11690
5773,-4615
5774,-1919
5775,-1612
5776,-9332
5777,-1495
5778,190
5779,4731
5780,-1128
5781,-7999
5782,263
5783,5991
5784,16201
5785,13110
5786,16069
5787,14780
5788,16157
5789,15087
5790,15322
5791,6650
5792,-2710
5793,-1714
5794,-4820
5795,-2608
5796,-6548
5797,-7076
5798,-8218
5799,1728
5800,6987
5801,6254
5802,9096
5803,7001
5804,12333
5805,14897
5806,13007
5807,12509
5808,13198
5809,12861
5810,14970
5811,15849
5812,15820
5813,17080
5814,14091
5815,16142
5816,10019
5817,7470
5818,4570
5819,12832
5820,3735
5821,8745
5822,12026
5823,9916
5824,10766
5825,16391
5826,16889
5827,11879
5828,12333
5829,12626
5830,13403
5831,18486
5832,10151
5833,11967
5834,10268
5835,9096
5836,13315
5837,6796
5838,659
5839,5507
5840,2387
5841,11850
5842,3120
5843,7924
5844,6826
5845,9741
5846,10634
5847,9624
5848,6254
5849,10781
5850,10927
5851,8217
5852,10488
5853,9785
5854,12597
5855,4702
5856,8994
5857,732
5858,-645
5859,-6504
5860,-7281
5861,-6182
5862,-7955
5863,-7061
5864,-9083
5865,-367
5866,454
5867,4057
5868,2856
5869,10180
5870,8071
5871,9213
5872,10957
5873,5024
5874,6166
5875,4804
5876,8496
5877,6738
5878,8730
5879,1215
5880,3955
5881,-206
5882,600
5883,-1421
5884,-1055
5885,-3194
5886,-5992
5887,6518
5888,2329
5889,6694
5890,1538
5891,7412
5892,10605
5893,10927
5894,13374
5895,14252
5896,17329
5897,14384
5898,15556
5899,8891
5900,9052
5901,4379
5902,10825
5903,3310
5904,7705
5905,7016
5906,6928
5907,8701
5908,8891
5909,12670
5910,6035
5911,7895
5912,2944
5913,5698
5914,600
5915,6533
5916,6005
5917,3413
5918,6679
5919,263
5920,1948
5921,-645
5922,1362
5923,-2754
5924,-1817
5925,-5201
5926,2373
5927,-2125
5928,-2168
5929,556
5930,-176
5931,4936
5932,5024
5933,6708
5934,-147
5935,6855
5936,3032
5937,5170
5938,483
5939,-1846
5940,-3882
5941,-3926
5942,-3809
5943,-3750
5944,1669
5945,-7471
5946,-2051
5947,-7149
5948,-4615
5949,-4175
5950,-3135
5951,-5333
5952,-5889
5953,-59
5954,-1334
5955,1625
5956,292
5957,6694
5958,4731
5959,3193
5960,-2081
5961,-2403
5962,703
5963,-1993
5964,-5289
5965,-9302
5966,-4454
5967,-7647
5968,-4512
5969,-6680
5970,-3135
5971,-6124
5972,-4073
5973,-2842
5974,-4878
5975,1113
5976,-2579
5977,3925
5978,-2784
5979,585
5980,-162
5981,629
5982,-3589
5983,1669
5984,-1348
5985,-4073
5986,-2066
5987,-4571
5988,-1568
5989,-6944
5990,-4512
5991,-11441
5992,-6534
5993,-12803
5994,-3838
5995,-8350
5996,-7706
5997,717
5998,-1744
5999,498
6000,-3267
6001,1552
6002,-4849
6003,-2579
6004,-3282
6005,-2315
6006,-3062
6007,-1875
6008,-1875
6009,-396
6010,-2828
6011,-6124
6012,-4117
6013,-7325
6014,-3897
6015,-7559
6016,-6709
6017,-6534
6018,-2227
6019,-220
6020,410
6021,1772
6022,-2154
6023,1640
6024,-5069
6025,-557
6026,-7793
6027,-3033
6028,-4278
6029,-3663
6030,-1377
6031,688
6032,-1275
6033,-411
6034,2416
6035,-6167
6036,-3692
6037,-9419
6038,-4732
6039,-8394
6040,-3604
6041,-5186
6042,-5333
6043,-806
6044,-6900
6045,-4527
6046,-5567
6047,-7823
6048,-11163
6049,-4703
6050,-6724
6051,-5347
6052,-11236
6053,-8013
6054,-3472
6055,-7178
6056,-6578
6057,-10123
6058,-6973
6059,-8570
6060,-4000
6061,-10108
6062,-3282
6063,-6534
6064,-4263
6065,-10606
6066,-12627
6067,-1084
6068,-8072
6069,-8189
6070,-11954
6071,-10284
6072,-3985
6073,-3560
6074,-9756
6075,-13726
6076,-11353
6077,-2286
6078,-9478
6079,-13946
6080,-9800
6081,-8570
6082,10605
6083,8334
6084,3222
6085,6357
6086,15014
6087,13857
6088,10122
6089,7016
6090,73
6091,336
6092,-9214
6093,-7427
6094,-13096
6095,-12598
6096,-16480
6097,-16041
6098,-13624
6099,-13975
6100,-12261
6101,-14253
6102,-11382
6103,-9507
6104,-7618
6105,-12686
6106,-7588
6107,512
6108,6503
6109,5668
6110,5742
6111,7075
6112,2504
6113,8876
6114,527
6115,-7076
6116,-9463
6117,-12232
6118,-11690
6119,-8790
6120,-13433
6121,-14473
6122,-14766
6123,-10489
6124,-2857
6125,-5259
6126,263
6127,-2037
6128,3120
6129,8041
6130,11791
6131,4790
6132,8232
6133,10605
6134,10957
6135,14853
6136,8203
6137,14252
6138,10283
6139,8408
6140,5917
6141,4643
6142,205
6143,3574
6144,1845
6145,776
6146,4672
6147,5771
6148,11367
6149,12392
6150,15380
6151,15146
6152,13476
6153,11997
6154,8085
6155,12158
6156,11572
6157,5786
6158,2812
6159,4760
6160,2094
6161,9228
6162,996
6163,7836
6164,7045
6165,10004
6166,6489
6167,7001
6168,6372
6169,6328
6170,9404
6171,556
6172,6372
6173,3632
6174,7192
6175,3105
6176,3867
6177,5273
6178,-1128
6179,43
6180,-3956
6181,-2579
6182,-7339
6183,-6548
6184,-5391
6185,-2476
6186,-5098
6187,-381
6188,-5728
6189,673
6190,5112
6191,468
6192,5244
6193,4863
6194,8159
6195,6093
6196,10415
6197,3588
6198,3881
6199,-2520
6200,-1231
6201,-7076
6202,-11749
6203,-4908
6204,-9112
6205,-5889
6206,-3589
6207,908
6208,-1026
6209,2197
6210,-323
6211,1450
6212,673
6213,-1685
6214,-1231
6215,1025
6216,5668
6217,5522
6218,9067
6219,4511
6220,6313
6221,4584
6222,-1465
6223,-660
6224,-2652
6225,-3355
6226,-5655
6227,-1978
6228,-3003
6229,5083
6230,-748
6231,6210
6232,3164
6233,5625
6234,-1509
6235,58
6236,1479
6237,-1890
6238,527
6239,-4410
6240,-601
6241,-2535
6242,3486
6243,-3926
6244,2255
6245,-2623
6246,-2300
6247,-1817
6248,-7310
6249,-7750
6250,-8233
6251,-2813
6252,-6050
6253,512
6254,-2637
6255,1611
6256,29
6257,-1216
6258,-2286
6259,-1451
6260,-4058
6261,-5450
6262,-2710
6263,-10474
6264,-7940
6265,-10943
6266,-7925
6267,-8541
6268,-5098
6269,-5259
6270,-6636
6271,1523
6272,-235
6273,-1685
6274,-6578
6275,-2681
6276,-557
6277,2197
6278,-3165
6279,-499
6280,1977
6281,2402
6282,7602
6283,-5713
6284,-88
6285,-5728
6286,-4820
6287,-6504
6288,-10005
6289,-8555
6290,-10591
6291,-3487
6292,-4454
6293,-4468
6294,-2549
6295,1757
6296,-2227
6297,3383
6298,-4014
6299,380
6300,-2520
6301,1347
6302,2944
6303,14
6304,-1348
6305,703
6306,-147
6307,-3560
6308,-2154
6309,-12510
6310,-8628
6311,-9625
6312,-9200
6313,-8072
6314,-9961
6315,-8116
6316,-4820
6317,-4893
6318,-6504
6319,-1202
6320,-923
6321,498
6322,-2740
6323,2695
6324,-1348
6325,-15
6326,-1729
6327,-2989
6328,1933
6329,-3721
6330,-4043
6331,-9859
6332,-7603
6333,-9917
6334,-8101
6335,-11558
6336,-8453
6337,-9449
6338,-7413
6339,-4058
6340,-7515
6341,-3091
6342,-4454
6343,585
6344,-7427
6345,-2491
6346,-6578
6347,-1714
6348,-3384
6349,-4424
6350,-206
6351,-5933
6352,-4688
6353,-7281
6354,-6387
6355,-11910
6356,-4366
6357,-5230
6358,-7134
6359,-6329
6360,-455
6361,-1407
6362,-1963
6363,1699
6364,-3765
6365,14
6366,-9141
6367,-4688
6368,-8555
6369,-6783
6370,-8306
6371,-4849
6372,-3516
6373,-5743
6374,-1714
6375,-6724
6376,-5347
6377,-8555
6378,-2564
6379,-9273
6380,-7559
6381,-5098
6382,703
6383,161
6384,-2798
6385,-44
6386,-250
6387,1669
6388,-12994
6389,-10621
6390,-9625
6391,629
6392,-7530
6393,-12027
6394,-6446
6395,2094
6396,2416
6397,-1275
6398,-10416
6399,-12774
6400,1567
6401,-6036
6402,-12056
6403,-13565
6404,6430
6405,14970
6406,14619
6407,8056
6408,15043
6409,11616
6410,14077
6411,15043
6412,3940
6413,-586
6414,-8160
6415,-9434
6416,-10796
6417,-13052
6418,-11998
6419,-14546
6420,-12027
6421,-13492
6422,-4219
6423,-13917
6424,-13829
6425,-9830
6426,1157
6427,-3106
6428,-11558
6429,-1451
6430,1040
6431,6987
6432,9375
6433,9243
6434,5024
6435,6064
6436,2080
6437,410
6438,-10459
6439,-11895
6440,-14810
6441,-13580
6442,-11646
6443,-18721
6444,-12466
6445,-13946
6446,-8526
6447,-4747
6448,3471
6449,1289
6450,5551
6451,10517
6452,6943
6453,12744
6454,6591
6455,5786
6456,7880
6457,17724
6458,13842
6459,10327
6460,7939
6461,8173
6462,7924
6463,8027
6464,4028
6465,1962
6466,6547
6467,1757
6468,6694
6469,3032
6470,8730
6471,10458
6472,13271
6473,11704
6474,12919
6475,12246
6476,14560
6477,12143
6478,12348
6479,15380
6480,10180
6481,10678
6482,7309
6483,8598
6484,5756
6485,6943
6486,3076
6487,3911
6488,11176
6489,8979
6490,10444
6491,8027
6492,13930
6493,9140
6494,11967
6495,5595
6496,5595
6497,7133
6498,-3003
6499,4804
6500,2387
6501,4072
6502,1684
6503,6914
6504,-689
6505,5522
6506,-3428
6507,1508
6508,2211
6509,3149
6510,5800
6511,3310
6512,9521
6513,11894
6514,13227
6515,6108
6516,9199
6517,10620
6518,9785
6519,9199
6520,6914
6521,3193
6522,747
6523,2080
6524,-3267
6525,4365
6526,-2608
6527,4101
6528,2548
6529,5053
6530,2226
6531,1215
6532,2226
6533,981
6534,9770
6535,5991
6536,10488
6537,8627
6538,12524
6539,11953
6540,14238
6541,8979
6542,8613
6543,5830
6544,-982
6545,5844
6546,1245
6547,1699
6548,-2198
6549,1669
6550,966
6551,2534
6552,5507
6553,5478
6554,1787
6555,6474
6556,8833
6557,6123
6558,12290
6559,7368
6560,9521
6561,6972
6562,9272
6563,7866
6564,5463
6565,3442
6566,-1656
6567,2124
6568,-15
6569,2929
6570,3295
6571,1948
6572,-792
6573,-15
6574,-2740
6575,-1465
6576,1391
6577,-44
6578,8261
6579,1860
6580,10151
6581,4028
6582,5668
6583,3208
6584,3881
6585,219
6586,805
6587,-3018
6588,-220
6589,-967
6590,-806
6591,6547
6592,1948
6593,8305
6594,4848
6595,9799
6596,4995
6597,1728
6598,2036
6599,4511
6600,5522
6601,5214
6602,4262
6603,7060
6604,9023
6605,1186
6606,1787
6607,-2330
6608,2958
6609,937
6610,-381
6611,1611
6612,-718
6613,2358
6614,2475
6615,5844
6616,3618
6617,8745
6618,7250
6619,11704
6620,7954
6621,8349
6622,9389
6623,7045
6624,9257
6625,6240
6626,8979
6627,1025
6628,5566
6629,3002
6630,3984
6631,4541
6632,4760
6633,4672
6634,6269
6635,7353
6636,5800
6637,7309
6638,8627
6639,11528
6640,8261
6641,10883
6642,9697
6643,9916
6644,10488
6645,6562
6646,10107
6647,3676
6648,5288
6649,1962
6650,1669
6651,-792
6652,2299
6653,190
6654,629
6655,2124
6656,2871
6657,2285
6658,2680
6659,8466
6660,-1011
6661,9492
6662,1113
6663,3457
6664,3896
6665,3940
6666,2109
6667,-191
6668,-337
6669,-1861
6670,-59
6671,-2901
6672,-250
6673,1054
6674,1611
6675,-3750
6676,3442
6677,424
6678,1684
6679,2695
6680,-4703
6681,-1172
6682,-2886
6683,2973
6684,-411
6685,688
6686,-1055
6687,-235
6688,-6343
6689,-2564
6690,-674
6691,-9961
6692,-2535
6693,-4175
6694,-4439
6695,-9361
6696,-1626
6697,-1758
6698,-3633
6699,-5992
6700,3281
6701,864
6702,-3736
6703,4086
6704,-6138
6705,-3121
6706,-1729
6707,-3736
6708,-10870
6709,-7325
6710,-9097
6711,-12876
6712,-3501
6713,-3487
6714,-8116
6715,-10225
6716,-4073
6717,-6592
6718,292
6719,-9830
6720,-13096
6721,-8614
6722,14
6723,-2916
6724,-11866
6725,-8116
6726,2153
6727,11484
6728,4980
6729,7426
6730,6679
6731,14121
6732,12319
6733,7895
6734,-1993
6735,-7178
6736,-8321
6737,-10137
6738,-11133
6739,-11749
6740,-14078
6741,-17286
6742,-17769
6743,-12247
6744,-7295
6745,-12247
6746,-8775
6747,-2374
6748,-4981
6749,395
6750,-8350
6751,-1700
6752,-132
6753,5830
6754,117
6755,-220
6756,-1290
6757,3032
6758,-4131
6759,-9009
6760,-10137
6761,-15938
6762,-11631
6763,-14678
6764,-14678
6765,-14795
6766,-11338
6767,-13038
6768,-6534
6769,14
6770,439
6771,263
6772,4101
6773,4262
6774,1069
6775,4394
6776,-2754
6777,-2139
6778,-1919
6779,3588
6780,1435
6781,-6724
6782,-4615
6783,-9683
6784,-4776
6785,-13257
6786,-9947
6787,-13946
6788,-10562
6789,-9244
6790,-5215
6791,-9434
6792,-762
6793,6826
6794,7939
6795,7954
6796,4672
6797,10268
6798,2563
6799,3251
6800,878
6801,-1451
6802,-1919
6803,-455
6804,-2667
6805,-1597
6806,-2461
6807,-3531
6808,1391
6809,703
6810,5039
6811,395
6812,3427
6813,1098
6814,-1846
6815,-792
6816,-6519
6817,-7632
6818,-7911
6819,-5084
6820,-7793
6821,-6343
6822,-8350
6823,-7120
6824,-13609
6825,-8453
6826,-10972
6827,-14385
6828,-7940
6829,-13008
6830,-7837
6831,-8570
6832,-4820
6833,-4424
6834,1772
6835,-2388
6836,1875
6837,-5010
6838,-8877
6839,-1099
6840,-10196
6841,-5728
6842,-10225
6843,-9009
6844,-13301
6845,-11133
6846,-12584
6847,-10767
6848,-7105
6849,-3296
6850,-938
6851,615
6852,4848
6853,1450
6854,9184
6855,3178
6856,10708
6857,8671
6858,4189
6859,2343
6860,9404
6861,5917
6862,5712
6863,2563
6864,-835
6865,4848
6866,-5376
6867,2036
6868,-4776
6869,-1304
6870,673
6871,3735
6872,6005
6873,7558
6874,8056
6875,8554
6876,14003
6877,5932
6878,12890
6879,5976
6880,9873
6881,2695
6882,1010
6883,-850
6884,-7061
6885,-967
6886,-5992
6887,-1875
6888,-1890
6889,703
6890,249
6891,3647
6892,-3575
6893,-3794
6894,-2051
6895,-3941
6896,2490
6897,673
6898,4379
6899,3662
6900,4643
6901,5112
6902,3222
6903,1582
6904,-2403
6905,-5948
6906,-8497
6907,-11250
6908,-9229
6909,-4571
6910,-7398
6911,3662
6912,-748
6913,3471
6914,2519
6915,3720
6916,483
6917,-1714
6918,-1392
6919,-6197
6920,1523
6921,-2110
6922,-572
6923,-2725
6924,3339
6925,1201
6926,864
6927,-4307
6928,-8672
6929,-4278
6930,-7281
6931,-2637
6932,-6651
6933,-5435
6934,-2593
6935,3413
6936,644
6937,5815
6938,3178
6939,7045
6940,6196
6941,1713
6942,2182
6943,-2593
6944,-469
6945,1816
6946,3515
6947,1699
6948,322
6949,-2813
6950,-1934
6951,629
6952,-542
6953,2680
6954,-1451
6955,3369
6956,571
6957,7910
6958,615
6959,6225
6960,4775
6961,1318
6962,4731
6963,6035
6964,4526
6965,2548
6966,2753
6967,-3150
6968,175
6969,-6666
6970,-1495
6971,-3677
6972,1655
6973,-3296
6974,-777
6975,2534
6976,4291
6977,6665
6978,-1143
6979,1098
6980,1611
6981,3837
6982,-59
6983,2680
6984,2109
6985,4716
6986,5566
6987,4936
6988,4936
6989,-923
6990,5258
6991,-2579
6992,2958
6993,556
6994,-601
6995,1611
6996,1743
6997,2373
6998,4423
6999,7954
7000,1816
7001,3222
7002,-3194
7003,2080
7004,-279
7005,468
7006,-2959
7007,-3589
7008,0
7009,-3985
7010,-2696
7011,-6724
7012,-5054
7013,-7647
7014,-850
7015,-7925
7016,-5962
7017,-3340
7018,-6387
7019,-1832
7020,-3238
7021,-4146
7022,-11177
7023,-1700
7024,-2754
7025,-5918
7026,-8614
7027,-2989
7028,-2417
7029,-1568
7030,-12657
7031,-15176
7032,-1788
7033,-3267
7034,-3516
7035,-9932
7036,-8292
7037,-6285
7038,-499
7039,-7251
7040,-10709
7041,-10694
7042,-2330
7043,3046
7044,-11456
7045,-11353
7046,-3414
7047,7309
7048,8686
7049,11059
7050,9331
7051,12348
7052,14707
7053,8466
7054,7236
7055,-2916
7056,-9068
7057,-12042
7058,-13213
7059,-14166
7060,-15425
7061,-14795
7062,-16055
7063,-17901
7064,-13653
7065,-9478
7066,-14473
7067,-13697
7068,-11148
7069,-4761
7070,-9463
7071,-6973
7072,-5669
7073,1992
7074,3881
7075,3896
7076,1640
7077,1420
7078,-3780
7079,-10503
7080,-10709
7081,-14795
7082,-14371
7083,-13638
7084,-18560
7085,-16011
7086,-17110
7087,-15176
7088,-9317
7089,-191
7090,7016
7091,12216
7092,7236
7093,4130
7094,4936
7095,9829
7096,-718
7097,87
7098,-762
7099,4687
7100,8891
7101,-1304
7102,-2154
7103,-6241
7104,-2110
7105,-9317
7106,-4395
7107,-11807
7108,-4996
7109,-645
7110,205
7111,5361
7112,3398
7113,7734
7114,8129
7115,11323
7116,6328
7117,7529
7118,4013
7119,6752
7120,2358
7121,5419
7122,4760
7123,-616
7124,2724
7125,-1304
7126,3105
7127,-1597
7128,1596
7129,2446
7130,8071
7131,7573
7132,7031
7133,5170
7134,7133
7135,10649
7136,3779
7137,2299
7138,-9698
7139,-3721
7140,-10972
7141,-3370
7142,-7325
7143,-3648
7144,-3209
7145,-5684
7146,-733
7147,-2286
7148,454
7149,-3018
7150,644
7151,-3677
7152,-1612
7153,-5625
7154,3559
7155,-879
7156,-176
7157,4174
7158,-4073
7159,-777
7160,-9244
7161,-6592
7162,-8570
7163,-7999
7164,-11587
7165,-10723
7166,-8863
7167,-8892
7168,-4571
7169,-1509
7170,6870
7171,4409
7172,14941
7173,6665
7174,10986
7175,8291
7176,7207
7177,3984
7178,2080
7179,2988
7180,1816
7181,1508
7182,-733
7183,3603
7184,-264
7185,3925
7186,468
7187,205
7188,-381
7189,-2432
7190,-2945
7191,-1597
7192,6533
7193,5493
7194,11264
7195,11660
7196,18046
7197,11528
7198,13740
7199,8334
7200,6108
7201,4936
7202,-1363
7203,-748
7204,-4000
7205,1083
7206,-279
7207,5668
7208,3837
7209,4980
7210,4248
7211,6123
7212,5288
7213,5522
7214,2812
7215,1508
7216,7675
7217,-191
7218,9975
7219,9506
7220,11762
7221,11499
7222,7529
7223,10883
7224,8129
7225,1450
7226,-15
7227,1640
7228,-2242
7229,7529
7230,1625
7231,3354
7232,4995
7233,11264
7234,8613
7235,7836
7236,8466
7237,6708
7238,12407
7239,6005
7240,8012
7241,5786
7242,11132
7243,5478
7244,9624
7245,6665
7246,5214
7247,4584
7248,5800
7249,9477
7250,4204
7251,8964
7252,1699
7253,4233
7254,1157
7255,6708
7256,5361
7257,4775
7258,7851
7259,3955
7260,5551
7261,5375
7262,10561
7263,6533
7264,11059
7265,10751
7266,9990
7267,8100
7268,10092
7269,8701
7270,4116
7271,12714
7272,8437
7273,14750
7274,7866
7275,10209
7276,4921
7277,8393
7278,6987
7279,7954
7280,7324
7281,4672
7282,5610
7283,937
7284,7456
7285,7426
7286,9536
7287,9287
7288,8481
7289,4467
7290,9580
7291,6342
7292,5493
7293,9653
7294,9301
7295,10078
7296,7778
7297,10122
7298,8422
7299,8129
7300,8862
7301,8496
7302,7148
7303,5874
7304,6372
7305,4057
7306,5581
7307,3251
7308,9711
7309,5156
7310,9418
7311,5654
7312,5625
7313,6005
7314,9257
7315,10224
7316,8510
7317,13330
7318,9580
7319,10283
7320,5507
7321,12451
7322,8085
7323,10371
7324,3662
7325,6650
7326,10737
7327,6342
7328,4819
7329,3925
7330,9960
7331,6005
7332,6181
7333,2827
7334,6767
7335,7573
7336,4628
7337,3691
7338,7280
7339,11147
7340,7031
7341,6928
7342,4365
7343,11953
7344,8657
7345,9931
7346,5419
7347,5507
7348,9873
7349,2709
7350,-9332
7351,-2476
7352,7397
7353,4262
7354,7294
7355,-2637
7356,5668
7357,6298
7358,8452
7359,-3165
7360,-7032
7361,9667
7362,8261
7363,5844
7364,-1612
7365,8847
7366,13227
7367,13139
7368,15087
7369,17314
7370,15922
7371,16069
7372,15908
7373,11777
7374,14003
7375,-2667
7376,-6695
7377,-11514
7378,-7369
7379,-15074
7380,-14854
7381,-11998
7382,-11924
7383,-2989
7384,2548
7385,336
7386,-6255
7387,7280
7388,1948
7389,1962
7390,-4278
7391,117
7392,6767
7393,8452
7394,7207
7395,4409
7396,-2227
7397,-7339
7398,-8658
7399,-15176
7400,-15835
7401,-16421
7402,-14048
7403,-15411
7404,-15660
7405,-15792
7406,-10284
7407,-1773
7408,-997
7409,7368
7410,8408
7411,12875
7412,6708
7413,8496
7414,4306
7415,8100
7416,1450
7417,-1480
7418,4350
7419,-206
7420,1508
7421,-5303
7422,-6036
7423,-7471
7424,-1553
7425,-6592
7426,-7574
7427,-4922
7428,161
7429,7031
7430,4965
7431,5449
7432,5083
7433,10708
7434,7485
7435,8437
7436,8217
7437,9213
7438,5053
7439,5053
7440,3632
7441,3339
7442,-220
7443,-3150
7444,1787
7445,-3545
7446,102
7447,-3326
7448,410
7449,3720
7450,7133
7451,4643
7452,2241
7453,3618
7454,-3736
7455,-1729
7456,-10987
7457,-12452
7458,-16524
7459,-12671
7460,-12261
7461,-9039
7462,-6563
7463,-6373
7464,3383
7465,-4336
7466,-88
7467,-1231
7468,-2051
7469,-5933
7470,-4468
7471,-8292
7472,-4190
7473,-7632
7474,-3677
7475,-4249
7476,-11470
7477,-6856
7478,-14854
7479,-14224
7480,-16392
7481,-14385
7482,-13404
7483,-13082
7484,-13448
7485,-15835
7486,-12217
7487,-5157
7488,-4791
7489,-4922
7490,1772
7491,-3150
7492,-821
7493,-5816
7494,-3575
7495,-11089
7496,-9727
7497,-11910
7498,-13726
7499,-10547
7500,-12818
7501,-9874
7502,-10855
7503,-8130
7504,-13301
7505,-9698
7506,-11763
7507,-11587
7508,-11880
7509,-13082
7510,-8321
7511,-12920
7512,-6065
7513,-5816
7514,-1319
7515,-4600
7516,-3121
7517,-1714
7518,-5801
7519,-7471
7520,-8936
7521,-13125
7522,-14239
7523,-11382
7524,-14971
7525,-9317
7526,-9390
7527,-8130
7528,-8892
7529,-7955
7530,-6490
7531,-8057
7532,-8218
7533,-11705
7534,-11045
7535,-11397
7536,-8409
7537,-14415
7538,-7149
7539,-9126
7540,-2930
7541,-7647
7542,-8746
7543,-7720
7544,-12232
7545,-8453
7546,-16084
7547,-7530
7548,-12510
7549,-6607
7550,-11646
7551,-10547
7552,-7691
7553,-10606
7554,-6065
7555,-6885
7556,-5157
7557,-8262
7558,-3194
7559,-8292
7560,-2344
7561,-5347
7562,307
7563,-2139
7564,-909
7565,-1700
7566,-2769
7567,-293
7568,-4249
7569,-4073
7570,-6929
7571,-8687
7572,-8453
7573,-5743
7574,-8321
7575,-6167
7576,-3296
7577,-6036
7578,527
7579,-2154
7580,3896
7581,-572
7582,3383
7583,2255
7584,4555
7585,3295
7586,6298
7587,2109
7588,1333
7589,-1319
7590,937
7591,10371
7592,2241
7593,6342
7594,1025
7595,3706
7596,1582
7597,1215
7598,732
7599,-1788
7600,3823
7601,1333
7602,4013
7603,3149
7604,6708
7605,2885
7606,8730
7607,1406
7608,7324
7609,2636
7610,4541
7611,6650
7612,4306
7613,8232
7614,6152
7615,10708
7616,8261
7617,9946
7618,6152
7619,7485
7620,4599
7621,-645
7622,-1729
7623,-3648
7624,-572
7625,-3311
7626,4262
7627,-3326
7628,4204
7629,1801
7630,1889
7631,673
7632,-3443
7633,-1465
7634,-3047
7635,541
7636,-1070
7637,3178
7638,1538
7639,5844
7640,1948
7641,5346
7642,-2989
7643,1127
7644,-2535
7645,-4000
7646,-1099
7647,-3501
7648,-645
7649,-1934
7650,1098
7651,292
7652,3618
7653,-967
7654,366
7655,3896
7656,1962
7657,-3062
7658,-542
7659,7661
7660,-1949
7661,5683
7662,1948
7663,3413
7664,-2432
7665,-3443
7666,-601
7667,-513
7668,-6094
7669,-10884
7670,-5127
7671,-5699
7672,-264
7673,-7310
7674,-44
7675,-4058
7676,-586
7677,5053
7678,-4058
7679,-13155
7680,-8907
7681,2416
7682,-5508
7683,-9185
7684,-6036
7685,12246
7686,11967
7687,14077
7688,14487
7689,14326
7690,12846
7691,14560
7692,15541
7693,747
7694,-6314
7695,-13052
7696,-12466
7697,-15044
7698,-11866
7699,-14883
7700,-11338
7701,-7823
7702,-6299
7703,5815
7704,3251
7705,3852
7706,5405
7707,8891
7708,7075
7709,4790
7710,1201
7711,11088
7712,13652
7713,8056
7714,8598
7715,688
7716,571
7717,-8687
7718,-12554
7719,-16612
7720,-14664
7721,-14839
7722,-14561
7723,-12686
7724,-12422
7725,-4776
7726,-1714
7727,8305
7728,9125
7729,15512
7730,10312
7731,11586
7732,7543
7733,8305
7734,5463
7735,4365
7736,-2286
7737,-3121
7738,2724
7739,-250
7740,-1890
7741,-7530
7742,-2916
7743,-4732
7744,-396
7745,-5186
7746,-3428
7747,3002
7748,908
7749,4863
7750,571
7751,5815
7752,7294
7753,9858
7754,2504
7755,5786
7756,3222
7757,5361
7758,6254
7759,4555
7760,7939
7761,1464
7762,5537
7763,-1919
7764,2812
7765,805
7766,1787
7767,1655
7768,1625
7769,6313
7770,5258
7771,-909
7772,-2066
7773,-3326
7774,-8365
7775,-9815
7776,-13448
7777,-12261
7778,-10855
7779,-11661
7780,-9156
7781,-9786
7782,-5787
7783,-6827
7784,644
7785,-7061
7786,-1011
7787,-8394
7788,-5669
7789,-9375
7790,-11001
7791,-9800
7792,-13506
7793,-7120
7794,-12012
7795,-10650
7796,-14883
7797,-10796
7798,-12950
7799,-14620
7800,-15015
7801,-11119
7802,-12496
7803,-9844
7804,-6680
7805,-6680
7806,2050
7807,-2725
7808,2387
7809,-1304
7810,-2681
7811,-5845
7812,-3619
7813,-5640
7814,-8570
7815,-9039
7816,-10254
7817,-12232
7818,-11924
7819,-5962
7820,-11763
7821,-4644
7822,-8804
7823,-5274
7824,-3926
7825,-2007
7826,1538
7827,-1202
7828,1376
7829,-865
7830,1523
7831,-5728
7832,-704
7833,-1524
7834,6298
7835,-2022
7836,2666
7837,2080
7838,-3531
7839,-3472
7840,-8716
7841,-6021
7842,-6431
7843,-7164
7844,-8702
7845,-3003
7846,-5142
7847,-2667
7848,-3560
7849,-2710
7850,3955
7851,-6900
7852,-4659
7853,-6915
7854,-7002
7855,-6138
7856,-3370
7857,-11236
7858,-689
7859,-2945
7860,-5933
7861,-4952
7862,-3838
7863,-689
7864,-11631
7865,-7002
7866,-13755
7867,-8980
7868,-8658
7869,-10196
7870,-10284
7871,-6827
7872,-4791
7873,-3516
7874,-3589
7875,-6959
7876,-1509
7877,-4834
7878,2373
7879,-2344
7880,-2212
7881,-1583
7882,-528
7883,-865
7884,395
7885,629
7886,-1436
7887,3237
7888,-4864
7889,-3619
7890,-5669
7891,-5962
7892,-4791
7893,-7500
7894,-3604
7895,-3370
7896,1303
7897,-250
7898,3574
7899,1010
7900,5756
7901,2709
7902,6049
7903,2578
7904,4541
7905,5097
7906,322
7907,4248
7908,659
7909,8364
7910,4277
7911,7016
7912,6738
7913,4965
7914,7646
7915,5405
7916,3046
7917,629
7918,2973
7919,1801
7920,6518
7921,5581
7922,8540
7923,7338
7924,12011
7925,10253
7926,6123
7927,6401
7928,8847
7929,9521
7930,9711
7931,10063
7932,11616
7933,12172
7934,9902
7935,12114
7936,10810
7937,13417
7938,10004
7939,11674
7940,11557
7941,6606
7942,13593
7943,8247
7944,11982
7945,10546
7946,11879
7947,10854
7948,13417
7949,9624
7950,12041
7951,9975
7952,8657
7953,11440
7954,10590
7955,12275
7956,8173
7957,9624
7958,9169
7959,13183
7960,4716
7961,8774
7962,10605
7963,541
7964,7910
7965,4614
7966,7924
7967,7104
7968,9155
7969,10971
7970,19350
7971,8496
7972,6137
7973,9580
7974,8510
7975,7221
7976,6196
7977,10678
7978,7954
7979,14194
7980,6899
7981,14165
7982,7294
7983,7368
7984,7309
7985,1962
7986,1743
7987,-4146
7988,-1905
7989,1845
7990,7617
7991,6811
7992,8730
7993,6562
7994,11264
7995,10415
7996,12539
7997,6123
7998,-2667
7999,10312
8000,9023
8001,8569
8002,4204
8003,17109
8004,13872
8005,15468
8006,17094
8007,13344
8008,13520
8009,15922
8010,12568
8011,17241
8012,13374
8013,-3179
8014,-2696
8015,-8013
8016,-6050
8017,-9258
8018,-10606
8019,-3165
8020,-1539
8021,7529
8022,7280
8023,11293
8024,7148
8025,10883
8026,11250
8027,11484
8028,4790
8029,9184
8030,8540
8031,11645
8032,13593
8033,1918
8034,4233
8035,629
8036,-1729
8037,-13096
8038,-12876
8039,-14781
8040,-14312
8041,-9888
8042,-5303
8043,-3765
8044,3295
8045,10810
8046,10854
8047,15922
8048,14399
8049,16157
8050,15380
8051,13710
8052,12890
8053,12568
8054,10136
8055,6591
8056,9287
8057,8173
8058,12597
8059,10092
8060,12641
8061,4746
8062,10092
8063,10898
8064,9960
8065,11162
8066,11000
8067,14516
8068,13388
8069,12700
8070,9594
8071,13037
8072,12348
8073,14926
8074,15117
8075,12084
8076,14868
8077,11660
8078,12744
8079,9946
8080,10913
8081,9433
8082,14355
8083,11411
8084,13769
8085,10385
8086,11323
8087,13315
8088,11132
8089,11499
8090,8027
8091,9272
8092,4218
8093,10224
8094,585
8095,-88
8096,-1553
8097,-689
8098,161
8099,2958
8100,3076
8101,3471
8102,6855
8103,4731
8104,9213
8105,-1539
8106,1274
8107,-1788
8108,-2447
8109,-3780
8110,-5054
8111,-2959
8112,-7544
8113,-5303
8114,-6783
8115,-8292
8116,-8145
8117,-8980
8118,-13726
8119,-6314
8120,-10943
8121,-6988
8122,-5274
8123,-8379
8124,-586
8125,-1583
8126,73
8127,-909
8128,3193
8129,-2637
8130,1157
8131,-5494
8132,-7398
8133,-7706
8134,-10709
8135,-5362
8136,-12481
8137,-10005
8138,-8716
8139,-5918
8140,-6709
8141,-4058
8142,-7603
8143,-1685
8144,-5230
8145,-4131
8146,-5757
8147,-8614
8148,-1084
8149,-8174
8150,-2403
8151,-5787
8152,996
8153,732
8154,-2476
8155,-2886
8156,-3165
8157,-4834
8158,-10635
8159,-6871
8160,-12115
8161,-7750
8162,-13067
8163,-10416
8164,-14312
8165,-9156
8166,-9815
8167,-8482
8168,-3062
8169,-9375
8170,-7295
8171,-11792
8172,-6827
8173,-10709
8174,-9507
8175,-10430
8176,-3868
8177,-4996
8178,-3897
8179,-645
8180,-5816
8181,-3311
8182,-10108
8183,-9771
8184,-13931
8185,-11661
8186,-16832
8187,-12584
8188,-12159
8189,-13316
8190,-10064
8191,-9698
8192,-7793
8193,-15235
8194,-9610
8195,-15762
8196,-10503
8197,-10533
8198,-9126
8199,-12188
8200,-9126
8201,-6622
8202,-11324
8203,-6006
8204,-12012
8205,-10401
8206,-11324
8207,-11324
8208,-12569
8209,-13184
8210,-12525
8211,-15220
8212,-12378
8213,-10489
8214,-6973
8215,-10035
8216,-4556
8217,-9419
8218,-4000
8219,-10298
8220,-8233
8221,-10269
8222,-9009
8223,-7676
8224,498
8225,-1817
8226,-11016
8227,-8057
8228,-2403
8229,-821
8230,-17886
8231,-11045
8232,-3794
8233,2548
8234,-12085
8235,-13638
8236,-30
8237,-12056
8238,-9170
8239,-2388
8240,-381
8241,-8804
8242,-2535
8243,-6959
8244,-13873
8245,-6153
8246,3618
8247,-2388
8248,-16568
8249,-14092
8250,-4908
8251,-630
8252,-10254
8253,-5142
8254,-12129
8255,-8248
8256,-4351
8257,1391
8258,-19029
8259,-11221
8260,6928
8261,-6167
8262,-13609
8263,-10870
8264,2636
8265,-1011
8266,-5289
8267,-6548
8268,-2242
8269,-3501
8270,-2798
8271,1318
8272,-6417
8273,4921
8274,-2901
8275,2841
8276,-3062
8277,6196
8278,9125
8279,791
8280,-8775
8281,-9932
8282,659
8283,5361
8284,585
8285,-12085
8286,-1773
8287,-118
8288,1757
8289,-704
8290,4145
8291,-2447
8292,805
8293,6401
8294,468
8295,1274
8296,-601
8297,8056
8298,3574
8299,512
8300,1933
8301,5991
8302,2651
8303,-1685
8304,-3882
8305,5053
8306,-6900
8307,-14664
8308,6752
8309,9448
8310,834
8311,-11148
8312,6738
8313,10898
8314,2651
8315,-6211
8316,-8394
8317,-176
8318,-250
8319,4921
8320,3369
8321,11118
8322,15146
8323,15600
8324,14780
8325,15205
8326,17314
8327,12436
8328,13212
8329,7851
8330,8540
8331,-4483
8332,-11910
8333,-14913
8334,-12525
8335,-13931
8336,-2769
8337,-5596
8338,-13213
8339,3120
8340,7558
8341,13154
8342,7719
8343,9726
8344,8818
8345,12744
8346,6621
8347,1948
8348,4013
8349,11938
8350,3881
8351,-11968
8352,2739
8353,-7676
8354,-10372
8355,-12042
8356,-9229
8357,-15367
8358,-17549
8359,-2535
8360,1450
8361,-14429
8362,-2505
8363,12070
8364,4863
8365,12172
8366,13696
8367,16069
8368,7031
8369,3881
8370,7412
8371,8686
8372,3867
8373,-14869
8374,-3223
8375,4951
8376,527
8377,5024
8378,11015
8379,-4849
8380,5742
8381,-59
8382,-4615
8383,11967
8384,8232
8385,2548
8386,10327
8387,16435
8388,6474
8389,3442
8390,3793
8391,9653
8392,12026
8393,11953
8394,-1041
8395,9272
8396,13359
8397,-132
8398,4980
8399,9726
8400,13798
8401,-1246
8402,-2696
8403,5361
8404,8437
8405,14179
8406,10209
8407,-6446
8408,673
8409,14838
8410,-1392
8411,-6592
8412,-15
8413,6005
8414,-1290
8415,-5992
8416,-1172
8417,8422
8418,11645
8419,10722
8420,7236
8421,9331
8422,7426
8423,-4717
8424,5405
8425,-3736
8426,-3575
8427,-6109
8428,-15865
8429,-9024
8430,-5933
8431,-5171
8432,-5289
8433,-3868
8434,-8834
8435,-6021
8436,-6182
8437,-2608
8438,-6299
8439,-11470
8440,-1334
8441,-8555
8442,-1714
8443,9726
8444,2050
8445,-6490
8446,6987
8447,2226
8448,-792
8449,-3223
8450,-6285
8451,-10328
8452,-1202
8453,2753
8454,-8174
8455,-1246
8456,-11792
8457,-4190
8458,-1612
8459,-542
8460,-8863
8461,-12056
8462,-5040
8463,5625
8464,-7398
8465,-6636
8466,-1832
8467,-14356
8468,58
8469,2724
8470,-2330
8471,-3135
8472,-2051
8473,-645
8474,-3692
8475,-4146
8476,2065
8477,-8804
8478,-13448
8479,-13228
8480,-12525
8481,-4351
8482,-8995
8483,-14151
8484,-12364
8485,-8819
8486,-14839
8487,-13125
8488,-12085
8489,-12144
8490,-3794
8491,-11001
8492,-9698
8493,-12818
8494,-1070
8495,908
8496,-12115
8497,-3458
8498,-10826
8499,-13536
8500,-8643
8501,-11324
8502,-12085
8503,-14180
8504,-13667
8505,-10459
8506,-13169
8507,-13448
8508,-5933
8509,1889
8510,-923
8511,-11998
8512,-8848
8513,-9654
8514,1069
8515,-12510
8516,-11631
8517,-13492
8518,-2110
8519,6723
8520,-11661
8521,-8423
8522,-13023
8523,-16304
8524,-10079
8525,-13228
8526,-14004
8527,-8101
8528,-19761
8529,-13038
8530,-8628
8531,-3765
8532,10693
8533,-10606
8534,-10884
8535,-323
8536,-3047
8537,-9537
8538,-9068
8539,-3238
8540,-2139
8541,-16817
8542,4321
8543,-1524
8544,-12247
8545,11660
8546,-5625
8547,-7955
8548,-3458
8549,-11075
8550,-9244
8551,1479
8552,-12818
8553,-10357
8554,6606
8555,-8995
8556,-5054
8557,-132
8558,-147
8559,-15
8560,2856
8561,-5860
8562,-9581
8563,-3091
8564,4643
8565,6123
8566,10488
8567,161
8568,-13316
8569,4145
8570,5097
8571,1113
8572,-4908
8573,-2754
8574,-2315
8575,-3194
8576,-6460
8577,-835
8578,-5435
8579,-5289
8580,10839
8581,-9244
8582,-4351
8583,966
8584,-4249
8585,-6709
8586,-293
8587,10297
8588,-3458
8589,-14488
8590,11953
8591,6357
8592,-3545
8593,8906
8594,-2974
8595,0
8596,9096
8597,-2872
8598,-469
8599,-616
8600,-7750
8601,-3150
8602,3925
8603,981
8604,7177
8605,-1216
8606,1040
8607,-4673
8608,2387
8609,0
8610,1845
8611,-762
8612,-6358
8613,6459
8614,-4292
8615,-2081
8616,7368
8617,12612
8618,6870
8619,2124
8620,-7339
8621,73
8622,11337
8623,-5801
8624,-12232
8625,-1524
8626,9624
8627,5024
8628,1992
8629,2944
8630,9858
8631,8012
8632,8774
8633,-7149
8634,-10943
8635,6166
8636,12729
8637,6020
8638,747
8639,13344
8640,16640
8641,15205
8642,14575
8643,12026
8644,16376
8645,14340
8646,5961
8647,9638
8648,4951
8649,-16187
8650,-7940
8651,-7691
8652,-9668
8653,-5567
8654,5332
8655,10854
8656,249
8657,3354
8658,17373
8659,9331
8660,4790
8661,10502
8662,6811
8663,14326
8664,14033
8665,9316
8666,12377
8667,12802
8668,9550
8669,3442
8670,-13653
8671,-4087
8672,424
8673,-15484
8674,-2623
8675,-8248
8676,-10503
8677,1538
8678,2856
8679,9360
8680,14003
8681,19702
8682,13520
8683,13125
8684,14165
8685,14545
8686,11411
8687,17783
8688,6386
8689,14150
8690,12026
8691,307
8692,5654
8693,9404
8694,14399
8695,12978
8696,13374
8697,8496
8698,15249
8699,14707
8700,10795
8701,4130
8702,9418
8703,15512
8704,3955
8705,12143
8706,13901
8707,16157
8708,14370
8709,14370
8710,8994
8711,14750
8712,14648
8713,10561
8714,12495
8715,14648
8716,10048
8717,13916
8718,10649
8719,6767
8720,14458
8721,15087
8722,11381
8723,4511
8724,-3692
8725,7514
8726,12216
8727,8862
8728,-660
8729,6123
8730,43
8731,-4336
8732,2680
8733,15014
8734,9375
8735,161
8736,10019
8737,13066
8738,15336
8739,5595
8740,7749
8741,5625
8742,6416
8743,-1846
8744,1567
8745,1479
8746,-7325
8747,-1480
8748,8686
8749,7353
8750,-220
8751,12319
8752,6796
8753,-704
8754,-4571
8755,9843
8756,2373
8757,-1334
8758,-2081
8759,-4527
8760,11923
8761,9448
8762,8613
8763,629
8764,2211
8765,5932
8766,9052
8767,-2901
8768,2548
8769,-601
8770,-1465
8771,10048
8772,4804
8773,9609
8774,6093
8775,4335
8776,-1377
8777,7910
8778,4614
8779,-191
8780,6401
8781,5976
8782,-7515
8783,-5684
8784,16376
8785,15717
8786,12465
8787,10883
8788,13330
8789,9287
8790,10195
8791,6181
8792,4760
8793,1860
8794,-3780
8795,-3150
8796,-616
8797,4028
8798,-2564
8799,2651
8800,-7149
8801,-1465
8802,12729
8803,2915
8804,-10723
8805,190
8806,16757
8807,5815
8808,996
8809,2109
8810,10532
8811,11586
8812,6943
8813,3779
8814,4980
8815,-5831
8816,-13858
8817,-7310
8818,-12071
8819,-7120
8820,-10987
8821,-10137
8822,-10240
8823,-4629
8824,-4307
8825,-8423
8826,-7999
8827,5903
8828,10825
8829,-5450
8830,-11192
8831,-6431
8832,571
8833,-4512
8834,-1875
8835,-9170
8836,-6094
8837,-2183
8838,-2725
8839,-733
8840,-3941
8841,-8804
8842,-13462
8843,-7237
8844,-7618
8845,-6080
8846,-15059
8847,-6358
8848,3676
8849,-6358
8850,-4629
8851,-1480
8852,-3853
8853,-11675
8854,-1070
8855,-7618
8856,-3897
8857,-7691
8858,-5464
8859,1083
8860,1904
8861,366
8862,-2022
8863,-3487
8864,-9053
8865,-5904
8866,-7720
8867,3662
8868,-10459
8869,-3165
8870,-5552
8871,-11250
8872,-7398
8873,5625
8874,4028
8875,-5142
8876,-3018
8877,-14063
8878,-5552
8879,-748
8880,-1363
8881,-7193
8882,-12715
8883,-2886
8884,13286
8885,8378
8886,-6680
8887,-2491
8888,-14766
8889,3427
8890,1318
8891,-12276
8892,-7237
8893,-11573
8894,-6285
8895,8730
8896,-6314
8897,-8042
8898,-1480
8899,-7823
8900,1113
8901,-9185
8902,-8541
8903,-2725
8904,-7251
8905,-4219
8906,6093
8907,-7500
8908,-12569
8909,7294
8910,-8658
8911,-15323
8912,-8497
8913,2680
8914,-16290
8915,-13418
8916,-10445
8917,-11631
8918,2080
8919,-3091
8920,-12847
8921,-10709
8922,-3487
8923,-7984
8924,-6797
8925,-7383
8926,-5713
8927,-2974
8928,-15118
8929,-5464
8930,4042
8931,-8423
8932,-14078
8933,-6666
8934,-8965
8935,3662
8936,-12071
8937,-13111
8938,-4498
8939,-5142
8940,-11060
8941,-13448
8942,-11690
8943,-5831
8944,-132
8945,-9961
8946,-10826
8947,-1407
8948,4731
8949,-2754
8950,-11587
8951,-6387
8952,-12671
8953,-11587
8954,-8511
8955,-5450
8956,-2989
8957,10297
8958,10122
8959,12041
8960,17636
8961,12641
8962,13710
8963,2636
8964,-7837
8965,-15674
8966,-12144
8967,-14971
8968,-13169
8969,-13814
8970,-14429
8971,-11880
8972,-10855
8973,-12950
8974,-733
8975,7412
8976,-2798
8977,3032
8978,-6314
8979,2797
8980,1904
8981,6079
8982,1464
8983,-2242
8984,1157
8985,2958
8986,-1568
8987,-8321
8988,-9200
8989,-15044
8990,-12188
8991,-16539
8992,-13990
8993,-8204
8994,-15015
8995,-7676
8996,3164
8997,-2696
8998,3325
8999,12714
9000,2299
9001,5815
9002,8159
9003,6635
9004,-11602
9005,-4395
9006,8701
9007,10605
9008,4042
9009,-10884
9010,2666
9011,7250
9012,8334
9013,9360
9014,15146
9015,6518
9016,11572
9017,6928
9018,1640
9019,-147
9020,8583
9021,11542
9022,10737
9023,8085
9024,-2637
9025,13769
9026,15263
9027,11645
9028,6723
9029,12421
9030,15043
9031,4145
9032,10253
9033,10166
9034,13652
9035,4892
9036,12773
9037,13051
9038,8085
9039,4204
9040,10224
9041,5200
9042,8305
9043,4790
9044,-1553
9045,1054
9046,380
9047,6459
9048,58
9049,12246
9050,6840
9051,11264
9052,9931
9053,7822
9054,9960
9055,-4029
9056,5156
9057,4306
9058,-1963
9059,-9097
9060,4643
9061,-7808
9062,-11280
9063,-9844
9064,-689
9065,1245
9066,-9581
9067,2900
9068,3295
9069,3251
9070,717
9071,4877
9072,-5845
9073,-5025
9074,5566
9075,1171
9076,-11338
9077,-2945
9078,1962
9079,3325
9080,7133
9081,-3062
9082,7045
9083,2695
9084,-1026
9085,-3721
9086,-4424
9087,-6153
9088,-11250
9089,-2520
9090,5112
9091,-4087
9092,-7002
9093,3559
9094,-5640
9095,-2813
9096,-9493
9097,-10899
9098,1640
9099,-12320
9100,-8394
9101,11352
9102,4482
9103,-3165
9104,13740
9105,10693
9106,3120
9107,5126
9108,8935
9109,-806
9110,-12217
9111,3691
9112,-5171
9113,-10489
9114,-8086
9115,878
9116,-4351
9117,-6402
9118,-5347
9119,-777
9120,5507
9121,2329
9122,-3238
9123,-5391
9124,2416
9125,5288
9126,4716
9127,-3047
9128,5112
9129,4086
9130,2768
9131,3750
9132,-15
9133,-3414
9134,-2242
9135,-3047
9136,-10665
9137,-9478
9138,-6709
9139,-5303
9140,-8892
9141,-4791
9142,-8292
9143,-2417
9144,5507
9145,2651
9146,3310
9147,-2330
9148,-4278
9149,-2183
9150,-11646
9151,-9610
9152,2109
9153,-8760
9154,-6197
9155,952
9156,-7632
9157,-5816
9158,-3794
9159,-499
9160,-10811
9161,-5831
9162,-7940
9163,-4761
9164,1274
9165,-3223
9166,-3838
9167,5961
9168,-1407
9169,-1729
9170,5419
9171,-1319
9172,-2300
9173,-9258
9174,-645
9175,-2066
9176,-1758
9177,-3736
9178,-4175
9179,4775
9180,-4717
9181,-2417
9182,439
9183,-1334
9184,-7940
9185,-10503
9186,-12481
9187,-1011
9188,-4791
9189,-8804
9190,-1919
9191,-5596
9192,5683
9193,-7369
9194,-9214
9195,-3252
9196,-6417
9197,-7588
9198,-1905
9199,-10416
9200,-1875
9201,4189
9202,-1304
9203,-4190
9204,-8892
9205,-7618
9206,-10210
9207,-1377
9208,-9595
9209,-11353
9210,-9771
9211,-7647
9212,-5054
9213,-9083
9214,-15000
9215,-6226
9216,1860
9217,-9244
9218,-8145
9219,-7867
9220,-2872
9221,-4175
9222,-6534
9223,2841
9224,3295
9225,-5245
9226,-11060
9227,4174
9228,-2403
9229,-1172
9230,-7940
9231,-5259
9232,-10210
9233,-7325
9234,-7193
9235,-8174
9236,-9610
9237,-11807
9238,-1041
9239,-3267
9240,-8965
9241,-15542
9242,-8409
9243,-8116
9244,-6255
9245,-10328
9246,-3663
9247,1215
9248,-1758
9249,-6651
9250,-8145
9251,-4278
9252,-7164
9253,2006
9254,-8453
9255,-5333
9256,-5494
9257,-10167
9258,-13609
9259,-11822
9260,4526
9261,-1334
9262,-2256
9263,-13873
9264,-6841
9265,-3970
9266,-191
9267,-9170
9268,-12071
9269,-14180
9270,-3794
9271,1582
9272,-8526
9273,-499
9274,11791
9275,14619
9276,15058
9277,14516
9278,14106
9279,14531
9280,14589
9281,9389
9282,-2842
9283,-14825
9284,-12481
9285,-14239
9286,-12862
9287,-14971
9288,-11543
9289,-7090
9290,-5611
9291,3706
9292,4526
9293,2607
9294,1376
9295,1567
9296,-191
9297,8481
9298,-4102
9299,-191
9300,-3209
9301,2446
9302,5244
9303,-4058
9304,-8907
9305,-13023
9306,-7808
9307,-13726
9308,-12056
9309,-14576
9310,-10357
9311,-9800
9312,-5186
9313,2167
9314,13139
9315,8935
9316,4921
9317,14282
9318,14194
9319,9433
9320,6313
9321,-1421
9322,-6138
9323,6708
9324,6899
9325,3940
9326,-7339
9327,-5142
9328,10751
9329,11440
9330,8833
9331,-3311
9332,11455
9333,15249
9334,12685
9335,4511
9336,952
9337,6855
9338,9887
9339,6650
9340,-850
9341,11674
9342,15776
9343,14472
9344,12802
9345,15468
9346,16391
9347,12890
9348,13623
9349,7016
9350,14355
9351,13974
9352,13242
9353,9653
9354,12832
9355,6210
9356,9477
9357,8305
9358,12465
9359,8012
9360,-1099
9361,8129
9362,14516
9363,11206
9364,4628
9365,10913
9366,6357
9367,10502
9368,11206
9369,13798
9370,14326
9371,4628
9372,5478
9373,10737
9374,13081
9375,3193
9376,-1700
9377,-3897
9378,4599
9379,8393
9380,6826
9381,-2535
9382,7778
9383,10048
9384,2856
9385,10708
9386,2739
9387,5068
9388,3515
9389,6650
9390,6474
9391,9770
9392,-4805
9393,541
9394,6752
9395,10239
9396,12714
9397,2915
9398,12861
9399,11748
9400,12187
9401,6782
9402,10839
9403,8540
9404,10634
9405,8759
9406,5053
9407,6708
9408,6767
9409,8408
9410,10664
9411,9272
9412,-3077
9413,12202
9414,7016
9415,1362
9416,3222
9417,5185
9418,11074
9419,11909
9420,12626
9421,10883
9422,14531
9423,11279
9424,10883
9425,9301
9426,10341
9427,3750
9428,-396
9429,-4629
9430,-6519
9431,380
9432,5024
9433,7353
9434,4072
9435,7148
9436,3955
9437,12231
9438,6035
9439,7353
9440,922
9441,-30
9442,11499
9443,834
9444,9711
9445,3750
9446,1552
9447,7543
9448,6826
9449,893
9450,131
9451,1596
9452,-7837
9453,-12408
9454,-3487
9455,4951
9456,1289
9457,3969
9458,-235
9459,-850
9460,6723
9461,11118
9462,2958
9463,-1260
9464,9111
9465,7075
9466,8085
9467,5551
9468,2329
9469,2460
9470,7792
9471,3823
9472,7587
9473,12509
9474,2006
9475,3559
9476,4584
9477,3032
9478,-1568
9479,2695
9480,1362
9481,-2476
9482,-2828
9483,5771
9484,7895
9485,10063
9486,6943
9487,2255
9488,3632
9489,2036
9490,7133
9491,2841
9492,13959
9493,4394
9494,2622
9495,7353
9496,8466
9497,8627
9498,9829
9499,9799
9500,-982
9501,5141
9502,4453
9503,3911
9504,1333
9505,6635
9506,7807
9507,278
9508,-440
9509,4819
9510,8715
9511,1406
9512,5009
9513,8144
9514,7441
9515,3896
9516,10253
9517,6357
9518,11367
9519,5083
9520,3764
9521,12202
9522,2578
9523,6049
9524,9023
9525,2709
9526,-2974
9527,3032
9528,-2461
9529,4350
9530,3149
9531,-323
9532,4189
9533,-4556
9534,-997
9535,-2886
9536,3662
9537,-4952
9538,-2139
9539,834
9540,4394
9541,1875
9542,1948
9543,4277
9544,-5713
9545,2460
9546,2534
9547,3750
9548,-12950
9549,-762
9550,-5582
9551,-147
9552,-3165
9553,-2872
9554,-1143
9555,-2593
9556,-1041
9557,-7471
9558,-425
9559,5874
9560,-4937
9561,-13462
9562,146
9563,-1407
9564,-5069
9565,-777
9566,-6167
9567,-6812
9568,-3209
9569,-2403
9570,-15074
9571,5024
9572,-8028
9573,-8584
9574,-4893
9575,-14927
9576,-13228
9577,615
9578,1215
9579,-10328
9580,-10665
9581,-10958
9582,5053
9583,-10240
9584,-12173
9585,-9083
9586,-2417
9587,1933
9588,-10928
9589,-5933
9590,4438
9591,14223
9592,11118
9593,12216
9594,12451
9595,10561
9596,12919
9597,12993
9598,-1890
9599,-9288
9600,-12584
9601,-17652
9602,-12525
9603,-17374
9604,-14898
9605,-15191
9606,-16334
9607,-9786
9608,805
9609,-1084
9610,6914
9611,981
9612,-9244
9613,1904
9614,-5186
9615,-9712
9616,-9595
9617,-7398
9618,-10123
9619,-8599
9620,-9185
9621,-12671
9622,-13902
9623,-13697
9624,-10401
9625,-13931
9626,-19336
9627,-14839
9628,-13316
9629,-6680
9630,-14283
9631,-147
9632,8247
9633,1333
9634,-7149
9635,732
9636,776
9637,-1788
9638,-6739
9639,-6373
9640,-7061
9641,-6285
9642,-10093
9643,29
9644,6079
9645,11176
9646,1362
9647,1376
9648,5083
9649,-3501
9650,-3428
9651,-1817
9652,5039
9653,-4761
9654,-9668
9655,-3355
9656,-7530
9657,-10181
9658,-2461
9659,4042
9660,-557
9661,5566
9662,2431
9663,2783
9664,-118
9665,2797
9666,3164
9667,-2183
9668,2270
9669,-5552
9670,-8013
9671,-4878
9672,776
9673,-12481
9674,-7295
9675,-7193
9676,-6959
9677,-3135
9678,-7793
9679,-12173
9680,-10284
9681,-5757
9682,-5127
9683,-1436
9684,-777
9685,5874
9686,-7750
9687,4467
9688,3999
9689,-4454
9690,-8365
9691,-9288
9692,-7852
9693,-16890
9694,-11001
9695,-7632
9696,-3340
9697,-7354
9698,3266
9699,-4644
9700,-572
9701,-645
9702,-7808
9703,1479
9704,-2916
9705,-6680
9706,-10020
9707,-2769
9708,-5523
9709,-4849
9710,-5464
9711,-6211
9712,-1583
9713,-264
9714,8789
9715,249
9716,-865
9717,-3750
9718,-4732
9719,-8145
9720,-4600
9721,-8072
9722,-8379
9723,-1846
9724,-3575
9725,-806
9726,-6548
9727,-6871
9728,-6446
9729,-2344
9730,-3619
9731,-1714
9732,-1114
9733,5200
9734,5903
9735,3354
9736,10004
9737,6328
9738,7368
9739,4892
9740,7353
9741,9331
9742,5976
9743,-4249
9744,-3252
9745,-2447
9746,-8160
9747,-7413
9748,556
9749,4658
9750,234
9751,5522
9752,-455
9753,9638
9754,7265
9755,1933
9756,1596
9757,-176
9758,-2710
9759,-4483
9760,2387
9761,3266
9762,7778
9763,3603
9764,6752
9765,5727
9766,6298
9767,-2022
9768,-3428
9769,-4703
9770,-8013
9771,-8072
9772,-7750
9773,-3077
9774,-6812
9775,2739
9776,-1802
9777,2460
9778,1479
9779,-4366
9780,-2564
9781,-4615
9782,-7017
9783,-5347
9784,4687
9785,-1832
9786,6181
9787,-3516
9788,4907
9789,7690
9790,703
9791,-2110
9792,-6490
9793,-1539
9794,-3501
9795,-3267
9796,-8453
9797,-3384
9798,-3106
9799,-733
9800,-6226
9801,-367
9802,2329
9803,336
9804,-3545
9805,-5728
9806,3134
9807,-5625
9808,2695
9809,-3604
9810,366
9811,-2271
9812,-3077
9813,556
9814,6884
9815,4204
9816,-1656
9817,-1832
9818,-2476
9819,6181
9820,-4058
9821,-1465
9822,-8687
9823,3369
9824,3632
9825,3574
9826,820
9827,-4952
9828,3310
9829,1655
9830,600
9831,1025
9832,2651
9833,1171
9834,11513
9835,-542
9836,747
9837,4453
9838,1831
9839,3808
9840,-2051
9841,3750
9842,483
9843,-7896
9844,-8086
9845,6723
9846,-3516
9847,1127
9848,1083
9849,-8248
9850,-469
9851,1479
9852,-762
9853,58
9854,1538
9855,1435
9856,5317
9857,-2710
9858,3354
9859,1845
9860,2050
9861,7338
9862,-6592
9863,-1231
9864,-499
9865,-616
9866,-8130
9867,1743
9868,2475
9869,-8394
9870,-4908
9871,4028
9872,849
9873,-6871
9874,351
9875,-323
9876,1186
9877,-6211
9878,5551
9879,4833
9880,-6944
9881,-4263
9882,3940
9883,6562
9884,5932
9885,2241
9886,-7120
9887,-2125
9888,-3018
9889,278
9890,-9771
9891,-9874
9892,-14019
9893,-10181
9894,6240
9895,1611
9896,-10489
9897,-12554
9898,-5289
9899,-7691
9900,-2359
9901,-13990
9902,-16626
9903,-17212
9904,-11646
9905,-6739
9906,-11763
9907,-7925
9908,1230
9909,10385
9910,12597
9911,15322
9912,10971
9913,9404
9914,5419
9915,-616
9916,-8584
9917,-13565
9918,-12540
9919,-16817
9920,-13667
9921,-14136
9922,-11324
9923,-8775
9924,-2417
9925,-7588
9926,7353
9927,4614
9928,-4878
9929,-3838
9930,-3868
9931,0
9932,-10562
9933,-4952
9934,-13814
9935,-10650
9936,-12364
9937,-11763
9938,-11368
9939,-17271
9940,-14444
9941,-13345
9942,-11602
9943,-16290
9944,-13243
9945,-15542
9946,-14268
9947,-5054
9948,-250
9949,4965
9950,-3150
9951,439
9952,-528
9953,-2813
9954,-11543
9955,-1934
9956,-11104
9957,-9068
9958,-7676
9959,-6724
9960,263
9961,3222
9962,5229
9963,3544
9964,6210
9965,424
9966,791
9967,-5845
9968,-1758
9969,-8746
9970,-2959
9971,-3238
9972,-9537
9973,-3501
9974,-44
9975,7192
9976,6079
9977,11704
9978,8144
9979,12172
9980,8217
9981,8994
9982,11997
9983,8657
9984,2021
9985,6708
9986,4936
9987,-1495
9988,2680
9989,-2564
9990,-59
9991,615
9992,-440
9993,-8848
9994,-1114
9995,-2344
9996,2871
9997,3530
9998,-1626
9999,3310
10000,-1099
10001,6401
10002,4262
10003,3735
10004,-132
10005,5844
10006,4951
10007,-660
10008,-3531
10009,-10372
10010,-5201
10011,-7720
10012,-557
10013,-4878
10014,2050
10015,673
10016,5170
10017,-557
10018,-1421
10019,-3370
10020,-12276
10021,-10972
10022,-16246
10023,-10372
10024,-10914
10025,-4703
10026,-718
10027,2856
10028,-2374
10029,5405
10030,8671
10031,11528
10032,13110
10033,-264
10034,1933
10035,4467
10036,6284
10037,-1099
10038,1098
10039,-5142
10040,-1919
10041,-2637
10042,-6241
10043,-4893
10044,-4996
10045,-5245
10046,-4703
10047,-1099
10048,-6622
10049,5039
10050,5522
10051,6064
10052,7983
10053,3354
10054,4379
10055,5317
10056,14194
10057,3164
10058,6196
10059,6899
10060,5302
10061,-2579
10062,5566
10063,-499
10064,-1246
10065,3471
10066,-777
10067,8964
10068,6752
10069,5419
10070,-2242
10071,6210
10072,1596
10073,-3750
10074,-1026
10075,-2828
10076,747
10077,-733
10078,4218
10079,3764
10080,9902
10081,6958
10082,13989
10083,5361
10084,7192
10085,7001
10086,2915
10087,996
10088,-4366
10089,-2432
10090,1201
10091,4877
10092,-4468
10093,2036
10094,-44
10095,10092
10096,2109
10097,-30
10098,4877
10099,7456
10100,3925
10101,9243
10102,11250
10103,1040
10104,9843
10105,9111
10106,9228
10107,9990
10108,9521
10109,2724
10110,2021
10111,7500
10112,1479
10113,4086
10114,3002
10115,4174
10116,8583
10117,10239
10118,8422
10119,9682
10120,9096
10121,7119
10122,12524
10123,9272
10124,13872
10125,11411
10126,12055
10127,8979
10128,10297
10129,8408
10130,9887
10131,7192
10132,8393
10133,9184
10134,5009
10135,9301
10136,3706
10137,7265
10138,8276
10139,2768
10140,3266
10141,9462
10142,5434
10143,5991
10144,4130
10145,1201
10146,5976
10147,3969
10148,12041
10149,8085
10150,11455
10151,12524
10152,12451
10153,8847
10154,9711
10155,9521
10156,4995
10157,8481
10158,6152
10159,6533
10160,5961
10161,4555
10162,6899
10163,12714
10164,4453
10165,9873
10166,8393
10167,7045
10168,8862
10169,6284
10170,11645
10171,5830
10172,5903
10173,6635
10174,7119
10175,1420
10176,9536
10177,8847
10178,3852
10179,12729
10180,10048
10181,12626
10182,1230
10183,10034
10184,9667
10185,15644
10186,8803
10187,585
10188,5009
10189,6547
10190,6298
10191,2431
10192,395
10193,2109
10194,4160
10195,292
10196,9506
10197,1523
10198,-909
10199,5654
10200,15498
10201,9931
10202,-3941
10203,10473
10204,9594
10205,3603
10206,5258
10207,10136
10208,8510
10209,3281
10210,-4366
10211,-1626
10212,3881
10213,8657
10214,13432
10215,2944
10216,2666
10217,-1202
10218,12934
10219,11132
10220,-528
10221,-5084
10222,4365
10223,10971
10224,5083
10225,10473
10226,14003
10227,11440
10228,15278
10229,13916
10230,15996
10231,13227
10232,12070
10233,12802
10234,9550
10235,-6915
10236,-12598
10237,-17022
10238,-10503
10239,-5435
10240,234
10241,1113
10242,5932
10243,3574
10244,8291
10245,13857
10246,13681
10247,-367
10248,-1656
10249,8027
10250,1010
10251,3969
10252,-7002
10253,-2081
10254,-1846
10255,-6475
10256,-10928
10257,-12085
10258,-11470
10259,-13873
10260,-13228
10261,-12466
10262,-6709
10263,-8672
10264,-4043
10265,-6138
10266,2475
10267,9858
10268,8085
10269,1113
10270,-4659
10271,1289
10272,146
10273,336
10274,-7750
10275,-7442
10276,-6446
10277,4335
10278,10048
10279,6752
10280,12319
10281,13461
10282,10180
10283,4160
10284,8452
10285,-953
10286,5375
10287,-6446
10288,-8643
10289,-9039
10290,-1363
10291,-6094
10292,-1875
10293,6064
10294,3837
10295,8481
10296,9990
10297,5566
10298,7294
10299,10957
10300,13344
10301,7075
10302,1582
10303,6503
10304,9755
10305,6049
10306,234
10307,-1890
10308,307
10309,-6929
10310,2270
10311,-2681
10312,-2916
10313,-4512
10314,-14429
10315,-6680
10316,-1304
10317,-3340
10318,-8438
10319,-923
10320,-4131
10321,-3106
10322,-3692
10323,-4058
10324,-13360
10325,-10269
10326,-9668
10327,-11822
10328,-12466
10329,-12437
10330,-5127
10331,-4673
10332,-2828
10333,-5699
10334,-4190
10335,-7310
10336,-6827
10337,-8526
10338,-13067
10339,-14034
10340,-16275
10341,-13931
10342,-10357
10343,-8980
10344,-13990
10345,-10518
10346,-5406
10347,-5582
10348,-1246
10349,-3472
10350,-7017
10351,-13521
10352,-6197
10353,-14327
10354,-7208
10355,-12115
10356,-8716
10357,-11031
10358,-3589
10359,-10635
10360,-12715
10361,-11998
10362,-10503
10363,-8511
10364,-14356
10365,-10269
10366,-10591
10367,-5245
10368,-10767
10369,-4864
10370,-11749
10371,-4161
10372,-1348
10373,-10796
10374,-7515
10375,-11353
10376,-7427
10377,-16172
10378,-13360
10379,-14107
10380,-7500
10381,-13052
10382,-10811
10383,-8848
10384,-11558
10385,-5918
10386,-9185
10387,-7647
10388,-9947
10389,-8042
10390,-15997
10391,-11104
10392,-13770
10393,-15088
10394,-12334
10395,-12759
10396,-8775
10397,-9434
10398,-440
10399,-5508
10400,395
10401,14
10402,175
10403,-7369
10404,-8716
10405,-12613
10406,-14693
10407,-13609
10408,-10679
10409,-10547
10410,-9625
10411,-1949
10412,-13638
10413,-11939
10414,-5274
10415,-6797
10416,-8995
10417,-9126
10418,-6490
10419,-7354
10420,-6358
10421,-7632
10422,-1978
10423,-6270
10424,-1041
10425,-7603
10426,-9009
10427,-7793
10428,-10254
10429,-5625
10430,-13243
10431,-8160
10432,-8819
10433,-6211
10434,-5889
10435,673
10436,-7779
10437,-6724
10438,-5450
10439,-5640
10440,-4864
10441,-9815
10442,-3941
10443,-2066
10444,4995
10445,-2608
10446,7866
10447,219
10448,1977
10449,6987
10450,3442
10451,4570
10452,5786
10453,2270
10454,878
10455,10180
10456,1655
10457,8291
10458,-499
10459,3867
10460,1713
10461,1582
10462,5786
10463,-2227
10464,5932
10465,-2110
10466,12465
10467,4658
10468,5551
10469,7309
10470,6840
10471,1640
10472,-455
10473,-2491
10474,3896
10475,5478
10476,-2872
10477,8393
10478,8159
10479,9624
10480,9243
10481,9111
10482,7763
10483,1376
10484,7104
10485,5874
10486,-7852
10487,-7237
10488,2167
10489,-352
10490,4687
10491,-2168
10492,2739
10493,1860
10494,1845
10495,-235
10496,1113
10497,6064
10498,1655
10499,4013
10500,-865
10501,9975
10502,8730
10503,6240
10504,2841
10505,7294
10506,117
10507,-1158
10508,791
10509,-9551
10510,-11558
10511,673
10512,5141
10513,-12437
10514,-5464
10515,7119
10516,1772
10517,-6768
10518,1010
10519,8540
10520,-1890
10521,-4996
10522,3149
10523,5932
10524,-7032
10525,-1934
10526,-2271
10527,2065
10528,-7837
10529,-13799
10530,-10020
10531,-7750
10532,6445
10533,2460
10534,-2007
10535,-10665
10536,-6314
10537,3193
10538,10825
10539,-11207
10540,-9068
10541,1845
10542,4453
10543,5800
10544,-2989
10545,9946
10546,13886
10547,14428
10548,13491
10549,14384
10550,16318
10551,14589
10552,7749
10553,-689
10554,-7061
10555,-13038
10556,-12510
10557,-14312
10558,-8628
10559,-6167
10560,-5933
10561,-4498
10562,146
10563,4028
10564,7602
10565,5917
10566,336
10567,2021
10568,2211
10569,9008
10570,-7076
10571,-455
10572,-59
10573,2988
10574,-3501
10575,-11646
10576,-9507
10577,-6431
10578,-9786
10579,-11954
10580,-7662
10581,-6094
10582,-2007
10583,-5933
10584,4130
10585,1860
10586,7441
10587,6430
10588,-6739
10589,1186
10590,-2974
10591,-1817
10592,351
10593,2094
10594,-30
10595,7236
10596,9140
10597,11074
10598,13637
10599,13007
10600,13388
10601,10327
10602,13256
10603,2797
10604,8847
10605,-4849
10606,-5391
10607,-6153
10608,-3399
10609,-3589
10610,-6680
10611,-4439
10612,-9024
10613,5112
10614,4790
10615,9169
10616,-2886
10617,7763
10618,10898
10619,8598
10620,439
10621,-2168
10622,3735
10623,-103
10624,4101
10625,-15
10626,-1875
10627,-3267
10628,3164
10629,-1788
10630,1069
10631,1508
10632,-5201
10633,-3589
10634,-4336
10635,-4249
10636,-7750
10637,-1919
10638,-11192
10639,161
10640,-3106
10641,-6783
10642,-9126
10643,-9610
10644,-6929
10645,-8292
10646,-11485
10647,-12671
10648,-13096
10649,-9595
10650,-1963
10651,-9288
10652,1010
10653,-3282
10654,-5054
10655,-8643
10656,-12115
10657,-8350
10658,-12759
10659,-11661
10660,-17022
10661,-14971
10662,-15103
10663,-11045
10664,-10562
10665,-7369
10666,-3648
10667,-8511
10668,-5420
10669,-5625
10670,-2286
10671,-13448
10672,-5889
10673,-11602
10674,-6182
10675,-9551
10676,-12203
10677,-8482
10678,-4322
10679,-6724
10680,-9566
10681,-8394
10682,-6314
10683,-2886
10684,-7955
10685,-1612
10686,-5948
10687,-4454
10688,-4292
10689,-6255
10690,-1773
10691,-6460
10692,-879
10693,-14180
10694,-6768
10695,-6841
10696,-4615
10697,-9302
10698,-6534
10699,-3648
10700,483
10701,761
10702,1611
10703,1083
10704,-3926
10705,-337
10706,-10577
10707,-4717
10708,-10533
10709,-10328
10710,-9976
10711,-14092
10712,-7955
10713,-9595
10714,-3619
10715,-733
10716,1450
10717,1596
10718,4497
10719,-2886
10720,3808
10721,1333
10722,-264
10723,-2154
10724,-5625
10725,-14092
10726,-10650
10727,-4410
10728,-8731
10729,-5420
10730,-6578
10731,-5054
10732,-4937
10733,-1788
10734,-4615
10735,-4483
10736,-1612
10737,-9126
10738,-3077
10739,-8145
10740,-528
10741,-7632
10742,-9068
10743,-7837
10744,-6431
10745,-6871
10746,-6431
10747,-9024
10748,-7105
10749,-3545
10750,-4996
10751,5639
10752,102
10753,6416
10754,1728
10755,849
10756,1992
10757,-59
10758,-2696
10759,-4117
10760,1962
10761,-4175
10762,2358
10763,1303
10764,1625
10765,1259
10766,8525
10767,4013
10768,3735
10769,1816
10770,-4058
10771,5185
10772,2021
10773,9521
10774,5522
10775,9477
10776,8525
10777,8393
10778,8173
10779,5551
10780,5200
10781,6459
10782,5463
10783,8085
10784,12275
10785,3911
10786,12480
10787,8334
10788,9960
10789,10458
10790,5625
10791,5214
10792,4130
10793,8920
10794,7514
10795,10166
10796,2138
10797,13066
10798,12890
10799,13051
10800,8569
10801,12158
10802,10590
10803,6430
10804,7075
10805,7060
10806,12509
10807,8115
10808,10898
10809,11250
10810,11997
10811,7734
10812,10664
10813,12158
10814,13798
10815,14414
10816,14121
10817,11074
10818,10166
10819,15029
10820,12480
10821,12890
10822,10019
10823,14589
10824,9946
10825,8232
10826,12583
10827,8173
10828,11469
10829,6899
10830,10854
10831,11088
10832,14472
10833,13300
10834,12539
10835,10488
10836,13256
10837,13139
10838,8496
10839,9433
10840,5947
10841,12275
10842,12055
10843,11835
10844,6386
10845,14223
10846,15000
10847,7529
10848,5991
10849,3559
10850,-5875
10851,-645
10852,13666
10853,11909
10854,6269
10855,-6050
10856,8408
10857,10180
10858,9931
10859,4145
10860,-4644
10861,3647
10862,6694
10863,8422
10864,10532
10865,12656
10866,15292
10867,11879
10868,18603
10869,14531
10870,12758
10871,15732
10872,12993
10873,11777
10874,7485
10875,-6724
10876,-1978
10877,-3428
10878,5507
10879,7133
10880,4863
10881,1860
10882,8159
10883,9887
10884,9609
10885,10166
10886,2329
10887,7382
10888,4936
10889,9711
10890,2651
10891,1538
10892,3310
10893,4570
10894,3837
10895,-2037
10896,-4805
10897,-2242
10898,1977
10899,-6050
10900,3544
10901,-3121
10902,117
10903,6987
10904,8188
10905,5126
10906,8276
10907,6313
10908,4453
10909,175
10910,-1890
10911,7016
10912,424
10913,6738
10914,7895
10915,7338
10916,7426
10917,12114
10918,13916
10919,10546
10920,16625
10921,14106
10922,14355
10923,12978
10924,12729
10925,10400
10926,9184
10927,5566
10928,9858
10929,13007
10930,7617
10931,13286
10932,10913
10933,15761
10934,11191
10935,17841
10936,12729
10937,13520
10938,18061
10939,15351
10940,15864
10941,10693
10942,9916
10943,10737
10944,13857
10945,9697
10946,10737
10947,9990
10948,10781
10949,10986
10950,10034
10951,11967
10952,8540
10953,11572
10954,6723
10955,12641
10956,11586
10957,8613
10958,5903
10959,9228
10960,1113
10961,4614
10962,922
10963,-6226
10964,351
10965,-2300
10966,2065
10967,-2007
10968,3134
10969,2006
10970,8408
10971,5654
10972,1171
10973,3676
10974,-1158
10975,-5904
10976,-8570
10977,-10767
10978,-11470
10979,-8804
10980,-11968
10981,-9039
10982,-7369
10983,-10445
10984,-5391
10985,-3824
10986,1464
10987,-6871
10988,-7940
10989,-9009
10990,-3399
10991,-7793
10992,-5948
10993,-13257
10994,-8189
10995,-5611
10996,-4996
10997,-3326
10998,-8497
10999,-2564
11000,-6724
11001,-4585
11002,-9405
11003,-8204
11004,-9361
11005,-5992
11006,-7325
11007,-9332
11008,-8028
11009,-5113
11010,-762
11011,-13052
11012,-7500
11013,-10049
11014,-10738
11015,-11207
11016,-5596
11017,-6783
11018,-5684
11019,-7750
11020,-9083
11021,-3458
11022,-6783
11023,-3091
11024,-10826
11025,-8335
11026,-5625
11027,-6255
11028,-9463
11029,-10958
11030,-9742
11031,-14048
11032,-9156
11033,-5230
11034,-8248
11035,-9961
11036,-6124
11037,-13477
11038,-4468
11039,-9375
11040,-10650
11041,-11851
11042,-14429
11043,-11119
11044,-13565
11045,-12642
11046,-16890
11047,-11661
11048,-11954
11049,-9478
11050,-11705
11051,-10328
11052,-8863
11053,-6358
11054,-5040
11055,-4996
11056,-8321
11057,-11631
11058,-11397
11059,-10020
11060,-7647
11061,-13902
11062,-11705
11063,-15293
11064,-12598
11065,-15704
11066,-12964
11067,-10372
11068,-10474
11069,-9156
11070,-16026
11071,-7413
11072,-7310
11073,-5582
11074,-11763
11075,-6153
11076,-7369
11077,-9214
11078,-7164
11079,-12144
11080,-10840
11081,-13477
11082,-10196
11083,-13228
11084,-10562
11085,-12364
11086,-10665
11087,-8658
11088,-12276
11089,-11441
11090,-14151
11091,-9126
11092,-10606
11093,-9507
11094,-12745
11095,-17344
11096,-9581
11097,-15103
11098,-7940
11099,-10503
11100,-5611
11101,-10870
11102,-5435
11103,-6021
11104,-806
11105,-6475
11106,791
11107,-6021
11108,-8130
11109,-3443
11110,-2007
11111,-3428
11112,-9405
11113,-2403
11114,58
11115,43
11116,-6753
11117,-3077
11118,805
11119,-4263
11120,-4849
11121,-5245
11122,-6534
11123,-8379
11124,-4556
11125,-6915
11126,-982
11127,-5699
11128,-352
11129,-3985
11130,439
11131,-3370
11132,-1436
11133,-396
11134,-4014
11135,3105
11136,-1934
11137,219
11138,-2828
11139,-1597
11140,-3882
11141,-191
11142,-3692
11143,-5450
11144,-7750
11145,-6563
11146,-3135
11147,-7867
11148,-3443
11149,-879
11150,3720
11151,-5875
11152,278
11153,3208
11154,-2388
11155,3032
11156,-967
11157,-3868
11158,-5640
11159,8364
11160,1025
11161,2402
11162,3750
11163,10517
11164,3120
11165,-88
11166,3457
11167,8144
11168,4028
11169,-1495
11170,3149
11171,-5713
11172,-5918
11173,4951
11174,13007
11175,5214
11176,-59
11177,-7647
11178,1479
11179,8320
11180,6342
11181,-2374
11182,-6504
11183,6005
11184,-1290
11185,3295
11186,10297
11187,12216
11188,13593
11189,14707
11190,14853
11191,12802
11192,10078
11193,9169
11194,12392
11195,11088
11196,6005
11197,-2286
11198,43
11199,-8218
11200,-4410
11201,-1934
11202,-9976
11203,-5625
11204,-44
11205,11323
11206,5771
11207,834
11208,-3853
11209,117
11210,1596
11211,6225
11212,3632
11213,-5406
11214,1083
11215,-1480
11216,-4190
11217,-6519
11218,-5186
11219,-5538
11220,-2388
11221,-6094
11222,-4424
11223,-7090
11224,-10386
11225,3149
11226,1992
11227,2578
11228,600
11229,4189
11230,-4468
11231,-7647
11232,-3252
11233,893
11234,-557
11235,5742
11236,7104
11237,6064
11238,6987
11239,4658
11240,13784
11241,12568
11242,11953
11243,8378
11244,8569
11245,4394
11246,2622
11247,3837
11248,3852
11249,6635
11250,6284
11251,5844
11252,4467
11253,10444
11254,6123
11255,10195
11256,8554
11257,11088
11258,8364
11259,3369
11260,10385
11261,5170
11262,3706
11263,4174
11264,6958
11265,5068
11266,13315
11267,10458
11268,10209
11269,7836
11270,9052
11271,10883
11272,7573
11273,8730
11274,1699
11275,7719
11276,5141
11277,4482
11278,5917
11279,4497
11280,5317
11281,3251
11282,1479
11283,-3545
11284,-1978
11285,-5289
11286,1230
11287,4042
11288,5595
11289,-2051
11290,6533
11291,6650
11292,4760
11293,10400
11294,4306
11295,6752
11296,-601
11297,-2916
11298,-4791
11299,-1905
11300,-6138
11301,-2271
11302,-3575
11303,-2769
11304,-2168
11305,-6138
11306,-5479
11307,-9317
11308,307
11309,-5918
11310,-4512
11311,-7178
11312,-8042
11313,-6226
11314,-5201
11315,-3736
11316,-4981
11317,-4483
11318,-8687
11319,-3077
11320,-11646
11321,-4117
11322,-11031
11323,-10489
11324,-4673
11325,-2037
11326,-5948
11327,-13331
11328,-9097
11329,-8775
11330,-4190
11331,-11031
11332,-6358
11333,-8892
11334,-10313
11335,-13023
11336,-11543
11337,-10767
11338,-10196
11339,-7061
11340,-12979
11341,-5816
11342,-5684
11343,-7325
11344,-11778
11345,-9507
11346,-7457
11347,-4717
11348,-8526
11349,-8130
11350,-9302
11351,-10210
11352,-8658
11353,-9610
11354,-7237
11355,-7852
11356,-4380
11357,-7779
11358,-6768
11359,-8995
11360,-9859
11361,-8995
11362,-11001
11363,-14195
11364,-13067
11365,-14400
11366,-14605
11367,-9683
11368,-11836
11369,-11441
11370,-9493
11371,-11382
11372,-12584
11373,-13082
11374,-3238
11375,-10254
11376,-10079
11377,-12247
11378,-10372
11379,-10298
11380,-9668
11381,-14517
11382,-8892
11383,-7515
11384,-15381
11385,-9844
11386,-15396
11387,-10005
11388,-11148
11389,-12891
11390,-18458
11391,-8423
11392,-7559
11393,-6885
11394,-9083
11395,-6739
11396,-8614
11397,-11353
11398,-6739
11399,-12217
11400,-6050
11401,-6021
11402,-2535
11403,-3179
11404,-3296
11405,-484
11406,-2652
11407,-176
11408,-4952
11409,4042
11410,-3926
11411,-5113
11412,-7222
11413,-4102
11414,-5318
11415,-1363
11416,-6050
11417,-3121
11418,-1817
11419,-7134
11420,-3311
11421,-8951
11422,-1846
11423,-5728
11424,-1128
11425,-2256
11426,-4512
11427,-1583
11428,146
11429,1098
11430,2446
11431,1376
11432,-3414
11433,4716
11434,14
11435,5683
11436,966
11437,791
11438,175
11439,556
11440,1757
11441,-2813
11442,-4908
11443,-5596
11444,1245
11445,-352
11446,395
11447,-2725
11448,1025
11449,-1304
11450,-1553
11451,3266
11452,161
11453,4409
11454,-1231
11455,5214
11456,2856
11457,5375
11458,322
11459,3603
11460,1362
11461,1757
11462,-689
11463,-4351
11464,-5391
11465,1245
11466,410
11467,-4629
11468,5258
11469,483
11470,73
11471,4658
11472,6650
11473,2592
11474,498
11475,5595
11476,-586
11477,5844
11478,7441
11479,3984
11480,-7427
11481,6840
11482,13476
11483,6679
11484,-9302
11485,2343
11486,4892
11487,-7383
11488,3046
11489,3266
11490,2416
11491,5097
11492,13916
11493,3149
11494,-6592
11495,-8233
11496,1875
11497,12802
11498,4541
11499,-2579
11500,-4673
11501,1596
11502,-162
11503,13989
11504,11176
11505,-2315
11506,-8160
11507,556
11508,4145
11509,3530
11510,9770
11511,10825
11512,14179
11513,13696
11514,14399
11515,12758
11516,14794
11517,14619
11518,15117
11519,14443
11520,7514
11521,-1963
11522,-3062
11523,8935
11524,11572
11525,10781
11526,7192
11527,11484
11528,9990
11529,7104
11530,2197
11531,278
11532,4526
11533,10400
11534,17314
11535,12084
11536,10854
11537,7968
11538,12333
11539,10502
11540,13666
11541,4658
11542,-2813
11543,131
11544,4350
11545,12377
11546,2314
11547,12421
11548,10590
11549,13945
11550,12011
11551,11088
11552,6665
11553,4995
11554,6372
11555,9638
11556,8481
11557,-1363
11558,9184
11559,8818
11560,9873
11561,8935
11562,8657
11563,10634
11564,9389
11565,12553
11566,11850
11567,18105
11568,13227
11569,17094
11570,14648
11571,12949
11572,11777
11573,13256
11574,10063
11575,13491
11576,10019
11577,7895
11578,10283
11579,9785
11580,13330
11581,13549
11582,15190
11583,12041
11584,14897
11585,15966
11586,12333
11587,13564
11588,11879
11589,15292
11590,13198
11591,12216
11592,10283
11593,11601
11594,10415
11595,12128
11596,12846
11597,12290
11598,15703
11599,11689
11600,14472
11601,12612
11602,12524
11603,4848
11604,10253
11605,2856
11606,6064
11607,4936
11608,805
11609,2812
11610,3017
11611,6489
11612,8012
11613,8583
11614,3588
11615,9799
11616,7983
11617,11162
11618,2988
11619,3354
11620,278
11621,-88
11622,4174
11623,-74
11624,3808
11625,805
11626,4042
11627,2094
11628,6020
11629,43
11630,5830
11631,6049
11632,3676
11633,6137
11634,1552
11635,3457
11636,3105
11637,9345
11638,1538
11639,5507
11640,4189
11641,3032
11642,3134
11643,571
11644,-15
11645,-323
11646,3295
11647,1757
11648,5610
11649,1787
11650,3369
11651,-176
11652,4819
11653,5903
11654,6386
11655,6972
11656,2827
11657,8671
11658,2709
11659,4936
11660,3164
11661,7778
11662,3486
11663,5112
11664,-894
11665,2680
11666,1596
11667,585
11668,6372
11669,1713
11670,3354
11671,-3033
11672,1684
11673,-2608
11674,-1641
11675,-3619
11676,2080
11677,1069
11678,2841
11679,1933
11680,-4483
11681,-235
11682,-4439
11683,1406
11684,-4688
11685,-3809
11686,-5962
11687,-3912
11688,-2974
11689,-1216
11690,556
11691,-4146
11692,-2857
11693,-3794
11694,-4410
11695,-9156
11696,-4952
11697,-8292
11698,-8907
11699,-5054
11700,-6666
11701,-6915
11702,-6578
11703,-4410
11704,-3179
11705,-4996
11706,-8306
11707,-11016
11708,-8028
11709,-7149
11710,-6080
11711,-7105
11712,703
11713,-5347
11714,-5523
11715,-7911
11716,-3677
11717,-10020
11718,-6753
11719,-8936
11720,-7017
11721,-6124
11722,-8101
11723,-5098
11724,-4761
11725,-2637
11726,-7295
11727,-4322
11728,-10474
11729,-6109
11730,-7398
11731,-6050
11732,-7090
11733,-8804
11734,-2901
11735,-923
11736,-3326
11737,-8980
11738,-3443
11739,-8614
11740,-3106
11741,-8848
11742,-2725
11743,-7588
11744,-5845
11745,-2901
11746,-3868
11747,-4014
11748,-2916
11749,-3355
11750,-7076
11751,-2505
11752,-8306
11753,-4249
11754,-6211
11755,-4131
11756,-5552
11757,-4600
11758,-2286
11759,-6021
11760,-4058
11761,-6329
11762,-5962
11763,-4249
11764,-1978
11765,-5977
11766,-220
11767,-5640
11768,-337
11769,161
11770,-3340
11771,-1773
11772,-5962
11773,-1260
11774,-3604
11775,0
11776,-3619
11777,-1802
11778,-7691
11779,-6314
11780,-2183
11781,-9493
11782,-6329
11783,-10811
11784,-7251
11785,-10269
11786,-9302
11787,-13550
11788,-8672
11789,-7911
11790,-1949
11791,-7764
11792,-11294
11793,-6197
11794,-9976
11795,-3853
11796,-9097
11797,-7969
11798,-14107
11799,-5582
11800,-7955
11801,-8277
11802,-6080
11803,-6519
11804,-10093
11805,-8438
11806,-5391
11807,-9917
11808,-6153
11809,-7852
11810,-5787
11811,-10665
11812,-8116
11813,-7105
11814,-7808
11815,-8482
11816,-10987
11817,-9156
11818,-15997
11819,-7090
11820,-5538
11821,-2447
11822,-11558
11823,-7823
11824,-7105
11825,-5743
11826,1567
11827,-6329
11828,-10826
11829,-12745
11830,-5479
11831,-8028
11832,1640
11833,-2344
11834,1186
11835,1816
11836,-2037
11837,-5040
11838,-6343
11839,-2710
11840,-2505
11841,5844
11842,-1143
11843,3002
11844,-10284
11845,-8760
11846,-5611
11847,-1670
11848,-2256
11849,-7105
11850,-10621
11851,-11734
11852,-6578
11853,-10108
11854,-2476
11855,-3897
11856,5273
11857,6166
11858,2285
11859,-894
11860,-6973
11861,-4307
11862,-4878
11863,-923
11864,-5171
11865,-7793
11866,-9625
11867,-6314
11868,-5831
11869,966
11870,-1246
11871,-2710
11872,1274
11873,1552
11874,8554
11875,2636
11876,4160
11877,688
11878,5185
11879,2709
11880,6708
11881,278
11882,-909
11883,659
11884,-2447
11885,1948
11886,-3326
11887,600
11888,2197
11889,5537
11890,7529
11891,8994
11892,5888
11893,6035
11894,6416
11895,5917
11896,8876
11897,3354
11898,6474
11899,1054
11900,5463
11901,1713
11902,4248
11903,3500
11904,2094
11905,6372
11906,8408
11907,7983
11908,6928
11909,11044
11910,9199
11911,12392
11912,9741
11913,10620
11914,9902
11915,8950
11916,7104
11917,-455
11918,7104
11919,1479
11920,10795
11921,8891
11922,10429
11923,9960
11924,12143
11925,7265
11926,10913
11927,5815
11928,9228
11929,8598
11930,3735
11931,6342
11932,-542
11933,1318
11934,-1729
11935,1303
11936,1816
11937,278
11938,-323
11939,-850
11940,-1949
11941,4423
11942,732
11943,-191
11944,5288
11945,1259
11946,7749
11947,454
11948,-3384
11949,424
11950,-3692
11951,-4205
11952,-733
11953,-2623
11954,-3150
11955,1040
11956,-3560
11957,2050
11958,-1612
11959,878
11960,2695
11961,3149
11962,1582
11963,439
11964,-381
11965,-5757
11966,1464
11967,-5333
11968,-1963
11969,-4981
11970,-704
11971,-3179
11972,-2828
11973,-3589
11974,-6709
11975,-3355
11976,-7808
11977,-982
11978,-1114
11979,1494
11980,-4615
11981,-4600
11982,-5333
11983,-6504
11984,-2579
11985,-6548
11986,-3121
11987,-5655
11988,-2330
11989,-6241
11990,-1216
11991,-9053
11992,-235
11993,-2872
11994,-3384
11995,-1993
11996,-7940
11997,-5245
11998,-6270
11999,-6050
12000,-8335
12001,-1656
12002,-5333
12003,-2623
12004,-2051
12005,-1875
12006,-1949
12007,-1553
12008,3369
12009,-2374
12010,4570
12011,-1187
12012,-176
12013,-3648
12014,-1539
12015,-5479
12016,-6153
12017,-5494
12018,-7793
12019,-8863
12020,-5772
12021,-3033
12022,-6636
12023,58
12024,-5084
12025,-1099
12026,-7266
12027,-7808
12028,-6929
12029,-6563
12030,-6241
12031,-8980
12032,-7149
12033,-11060
12034,-9083
12035,-10709
12036,-6270
12037,-8760
12038,-6329
12039,-8409
12040,-5186
12041,-7662
12042,-7325
12043,-2359
12044,-6929
12045,-7413
12046,-8570
12047,-9976
12048,-10137
12049,-11998
12050,-13960
12051,-10855
12052,-7969
12053,-13477
12054,-7764
12055,-11851
12056,-8819
12057,-10416
12058,-10240
12059,-11602
12060,-7442
12061,-13492
12062,-3970
12063,-7896
12064,-7046
12065,-3912
12066,-9112
12067,-6666
12068,-7603
12069,-8511
12070,-9991
12071,-11778
12072,-10870
12073,-6929
12074,-7867
12075,-9610
12076,-5787
12077,-8584
12078,-6417
12079,-11353
12080,-6094
12081,-11954
12082,-8599
12083,-7779
12084,-9009
12085,-6065
12086,-6153
12087,-3047
12088,-1612
12089,-2710
12090,-6270
12091,-6607
12092,-8541
12093,-2447
12094,-8174
12095,-5376
12096,-7852
12097,-8394
12098,-6856
12099,-4834
12100,-4615
12101,-6402
12102,-2095
12103,-6329
12104,805
12105,-4498
12106,307
12107,-3736
12108,-923
12109,1025
12110,-2564
12111,-982
12112,-4893
12113,-2051
12114,-8277
12115,-4732
12116,-8965
12117,-6109
12118,-8936
12119,-2945
12120,-1875
12121,-4058
12122,2900
12123,-2081
12124,2211
12125,-3809
12126,-1084
12127,-4439
12128,-2549
12129,-6548
12130,-132
12131,-3282
12132,-2212
12133,-1436
12134,-6724
12135,-513
12136,-5347
12137,-1934
12138,-6548
12139,-7017
12140,-4249
12141,-1363
12142,-7735
12143,-5845
12144,-5010
12145,2607
12146,2299
12147,-1128
12148,-806
12149,-12452
12150,-411
12151,-5142
12152,-6768
12153,-2007
12154,483
12155,1684
12156,-250
12157,732
12158,1259
12159,4672
12160,5712
12161,12099
12162,8217
12163,9536
12164,6782
12165,3984
12166,4584
12167,1347
12168,4130
12169,-4454
12170,-1890
12171,-7706
12172,-7471
12173,-13082
12174,-8218
12175,-10225
12176,-1011
12177,2094
12178,6269
12179,6855
12180,717
12181,3457
12182,-821
12183,3486
12184,1230
12185,2827
12186,-513
12187,-2022
12188,-953
12189,-2930
12190,-2022
12191,-2886
12192,219
12193,-733
12194,8232
12195,4716
12196,7631
12197,5244
12198,4555
12199,6591
12200,6166
12201,3867
12202,6093
12203,4467
12204,-1421
12205,3457
12206,-5157
12207,3295
12208,2519
12209,1142
12210,3281
12211,2900
12212,3706
12213,1069
12214,5947
12215,3969
12216,10488
12217,15117
12218,10561
12219,7690
12220,13681
12221,7265
12222,7617
12223,8481
12224,8188
12225,10722
12226,6958
12227,12978
12228,10239
12229,13403
12230,10444
12231,12758
12232,12700
12233,10795
12234,13125
12235,13417
12236,13110
12237,9243
12238,14663
12239,10356
12240,13344
12241,12729
12242,12524
12243,14267
12244,13784
12245,14121
12246,14458
12247,15585
12248,14165
12249,13154
12250,12524
12251,14677
12252,14619
12253,15893
12254,12802
12255,13710
12256,15395
12257,9887
12258,12788
12259,10488
12260,14267
12261,12070
12262,12714
12263,15600
12264,16801
12265,13754
12266,13535
12267,13198
12268,8950
12269,7163
12270,5566
12271,6606
12272,4555
12273,11455
12274,7016
12275,10180
12276,8481
12277,11821
12278,9331
12279,10605
12280,13520
12281,10371
12282,12275
12283,7822
12284,11455
12285,5595
12286,8657
12287,3720
12288,5112
12289,4907
12290,6782
12291,1713
12292,-660
12293,2446
12294,-484
12295,7075
12296,3442
12297,8510
12298,10444
12299,9184
12300,5932
12301,7192
12302,3164
12303,1508
12304,3120
12305,-762
12306,4921
12307,2270
12308,3295
12309,2343
12310,2768
12311,-1758
12312,1816
12313,-1817
12314,-2842
12315,-484
12316,-1846
12317,-909
12318,-5494
12319,-762
12320,-5479
12321,-689
12322,-4175
12323,234
12324,2490
12325,512
12326,-396
12327,-660
12328,-542
12329,-4146
12330,4189
12331,-4205
12332,3530
12333,-3619
12334,307
12335,-704
12336,-792
12337,-1275
12338,-308
12339,1933
12340,-44
12341,7075
12342,-1641
12343,6386
12344,-4615
12345,2578
12346,7192
12347,1743
12348,3017
12349,3193
12350,2446
12351,2153
12352,3281
12353,-2813
12354,4160
12355,-777
12356,996
12357,2900
12358,2783
12359,2211
12360,996
12361,8320
12362,3281
12363,8261
12364,4291
12365,6459
12366,1259
12367,6621
12368,336
12369,5346
12370,2753
12371,3588
12372,5830
12373,-499
12374,3310
12375,-2593
12376,8686
12377,5903
12378,4116
12379,2490
12380,483
12381,3632
12382,2109
12383,3237
12384,4262
12385,7119
12386,4379
12387,7617
12388,2666
12389,6899
12390,6254
12391,8569
12392,2871
12393,1054
12394,2211
12395,-4498
12396,3706
12397,-2681
12398,629
12399,-220
12400,4204
12401,-1846
12402,3881
12403,1494
12404,5639
12405,3662
12406,4833
12407,8115
12408,2416
12409,6445
12410,-6973
12411,-997
12412,-220
12413,1083
12414,-1070
12415,-4278
12416,-3882
12417,-220
12418,-1729
12419,-3633
12420,3515
12421,-879
12422,7324
12423,498
12424,805
12425,-1465
12426,3662
12427,234
12428,2563
12429,6357
12430,-1128
12431,3369
12432,-894
12433,-220
12434,-2037
12435,922
12436,-7764
12437,-997
12438,-938
12439,1845
12440,1831
12441,146
12442,-2227
12443,-5655
12444,-1304
12445,-7559
12446,-4937
12447,-6973
12448,-4791
12449,-4834
12450,-5054
12451,-5098
12452,-6080
12453,-2901
12454,-5816
12455,-2168
12456,-6358
12457,585
12458,-2652
12459,-894
12460,-630
12461,-2125
12462,-2535
12463,-8702
12464,-3252
12465,-8497
12466,-4615
12467,-3077
12468,-3648
12469,-5420
12470,-9668
12471,-9551
12472,-9903
12473,-8672
12474,-8892
12475,-2139
12476,-8907
12477,-1802
12478,-7588
12479,-3809
12480,-3692
12481,8481
12482,10605
12483,7016
12484,5698
12485,3500
12486,3251
12487,-733
12488,-2388
12489,-7017
12490,-1832
12491,-8921
12492,-7134
12493,-13052
12494,-14004
12495,-11265
12496,-6812
12497,2871
12498,-1509
12499,4687
12500,-2754
12501,-3003
12502,-5713
12503,-5860
12504,-13008
12505,-9991
12506,-13682
12507,-11324
12508,-13008
12509,-16714
12510,-11954
12511,-13096
12512,-8438
12513,-10093
12514,-938
12515,-2842
12516,410
12517,937
12518,-997
12519,-1495
12520,-835
12521,-2520
12522,-9390
12523,-4893
12524,-11456
12525,-9581
12526,-13243
12527,-9419
12528,-9375
12529,-10357
12530,-4263
12531,-8174
12532,-2227
12533,-4410
12534,-2183
12535,-4893
12536,-909
12537,-967
12538,3222
12539,-2930
12540,-1231
12541,-4498
12542,-5860
12543,-1172
12544,-6504
12545,-103
12546,-2374
12547,2519
12548,307
12549,5068
12550,4028
12551,2783
12552,6752
12553,3471
12554,2402
12555,146
12556,4189
12557,-2608
12558,2783
12559,-6959
12560,-411
12561,-2359
12562,2563
12563,820
12564,-1509
12565,-220
12566,-3794
12567,2988
12568,-147
12569,3076
12570,747
12571,4892
12572,2768
12573,5346
12574,-162
12575,-1363
12576,-1172
12577,-3223
12578,8671
12579,2270
12580,9887
12581,6738
12582,10063
12583,5874
12584,8613
12585,1259
12586,3281
12587,3925
12588,-835
12589,2138
12590,-6739
12591,-3575
12592,-3150
12593,-323
12594,-2051
12595,-59
12596,-967
12597,1567
12598,29
12599,-3428
12600,-879
12601,-1700
12602,1860
12603,-3853
12604,3940
12605,-4937
12606,-440
12607,-4922
12608,-5494
12609,-3501
12610,-4761
12611,-2608
12612,-2154
12613,761
12614,-2330
12615,3471
12616,996
12617,3632
12618,-88
12619,1816
12620,-1934
12621,-4205
12622,-5435
12623,-8995
12624,146
12625,-6607
12626,-1334
12627,263
12628,1962
12629,-821
12630,-1612
12631,-4878
12632,-6094
12633,-5127
12634,-7471
12635,-4336
12636,-6138
12637,-1626
12638,-4703
12639,-938
12640,-4483
12641,-4893
12642,-2710
12643,-4849
12644,-2754
12645,-1744
12646,-3985
12647,-4131
12648,-4952
12649,-10254
12650,-7149
12651,-11470
12652,-5391
12653,-8160
12654,-7764
12655,-6182
12656,-8511
12657,-3633
12658,-8453
12659,-1465
12660,-3179
12661,-147
12662,-2242
12663,-206
12664,-3633
12665,-1641
12666,-1861
12667,-5699
12668,-3794
12669,-6021
12670,-2842
12671,-5025
12672,73
12673,-5508
12674,-1275
12675,-2286
12676,-2183
12677,-2154
12678,-2901
12679,-2256
12680,-748
12681,-1099
12682,-6622
12683,-6285
12684,-11368
12685,-3780
12686,-6929
12687,-7442
12688,-8379
12689,-6402
12690,-1451
12691,-7940
12692,-1832
12693,-2901
12694,-264
12695,-2740
12696,-2989
12697,-4556
12698,-191
12699,-2491
12700,-1583
12701,-44
12702,-4336
12703,1025
12704,-5289
12705,424
12706,-3340
12707,-1509
12708,-5464
12709,-909
12710,-1158
12711,-3428
12712,-5303
12713,-2886
12714,-1817
12715,-5025
12716,3823
12717,-30
12718,7705
12719,2827
12720,3808
12721,439
12722,4775
12723,5097
12724,1596
12725,5156
12726,1567
12727,4306
12728,3325
12729,4453
12730,2036
12731,4541
12732,14
12733,4541
12734,2065
12735,-630
12736,2065
12737,-1641
12738,966
12739,-7134
12740,-3824
12741,-6841
12742,-2256
12743,-3853
12744,-1802
12745,2973
12746,-3106
12747,-1260
12748,-3882
12749,-3121
12750,-6900
12751,2534
12752,-4219
12753,2211
12754,-2330
12755,-2769
12756,-1099
12757,-1143
12758,175
12759,-2593
12760,-1480
12761,-8409
12762,-6607
12763,-9053
12764,-6460
12765,-4747
12766,-4556
12767,-6973
12768,-5318
12769,-5699
12770,-3458
12771,-2081
12772,-3589
12773,-2608
12774,-9786
12775,-8438
12776,-7896
12777,-5113
12778,-6959
12779,-6182
12780,-7281
12781,-4703
12782,-3311
12783,-7852
12784,-5245
12785,-4747
12786,-6490
12787,-5875
12788,-6651
12789,-8980
12790,-11294
12791,-9668
12792,-9610
12793,-6197
12794,-9214
12795,-9317
12796,-7618
12797,-2388
12798,-7398
12799,-5289
12800,-2139
12801,-3223
12802,2548
12803,6723
12804,4057
12805,-250
12806,-2623
12807,-6622
12808,-2564
12809,-12422
12810,-7105
12811,-8951
12812,-6563
12813,-6900
12814,-7940
12815,-2520
12816,-2491
12817,4379
12818,1611
12819,1464
12820,-3238
12821,-337
12822,-4659
12823,1567
12824,-2930
12825,-10123
12826,-6021
12827,-7925
12828,-9156
12829,-11895
12830,-7383
12831,-12671
12832,-7193
12833,-8936
12834,-8248
12835,249
12836,820
12837,1831
12838,2373
12839,4570
12840,2153
12841,-645
12842,-4219
12843,7778
12844,996
12845,-455
12846,-4278
12847,-7544
12848,-6783
12849,-8248
12850,380
12851,-5875
12852,-1026
12853,-7178
12854,-7691
12855,-8760
12856,-6153
12857,-1744
12858,1948
12859,-30
12860,4130
12861,3559
12862,-2227
12863,4306
12864,1040
12865,6093
12866,4628
12867,8979
12868,8100
12869,6489
12870,11176
12871,2973
12872,322
12873,2241
12874,7089
12875,6079
12876,6826
12877,5698
12878,12670
12879,3515
12880,6840
12881,7543
12882,6840
12883,8115
12884,3310
12885,8759
12886,2783
12887,4907
12888,6254
12889,5815
12890,2314
12891,6210
12892,7500
12893,2973
12894,1669
12895,424
12896,3969
12897,-2681
12898,7163
12899,2373
12900,5756
12901,9389
12902,5317
12903,4438
12904,8232
12905,4980
12906,249
12907,5712
12908,5332
12909,6123
12910,3925
12911,7060
12912,249
12913,3369
12914,3295
12915,-2872
12916,1186
12917,1127
12918,5258
12919,-1187
12920,29
12921,-865
12922,629
12923,-1700
12924,5170
12925,-3414
12926,-3560
12927,2622
12928,2065
12929,-2505
12930,-1788
12931,3134
12932,761
12933,9843
12934,5419
12935,10078
12936,4116
12937,1318
12938,4086
12939,-3033
12940,-30
12941,7353
12942,-2051
12943,-1246
12944,6767
12945,3618
12946,8964
12947,1948
12948,161
12949,4218
12950,-1231
12951,-1158
12952,2827
12953,629
12954,-6255
12955,5419
12956,6914
12957,8261
12958,6093
12959,6093
12960,791
12961,10385
12962,9741
12963,5244
12964,6958
12965,2739
12966,13491
12967,6416
12968,9155
12969,8071
12970,13813
12971,2973
12972,2460
12973,8100
12974,7031
12975,4965
12976,1948
12977,1464
12978,2739
12979,5815
12980,-4864
12981,5405
12982,5083
12983,-264
12984,2255
12985,6225
12986,6958
12987,937
12988,8657
12989,9155
12990,8378
12991,8217
12992,14677
12993,10605
12994,7485
12995,6650
12996,7631
12997,6489
12998,5258
12999,10400
13000,-909
13001,5126
13002,2182
13003,5361
13004,5449
13005,3955
13006,2124
13007,3779
13008,-191
13009,4042
13010,6152
13011,-6504
13012,5712
13013,3032
13014,4321
13015,-396
13016,3457
13017,8291
13018,3867
13019,-1685
13020,3178
13021,7690
13022,3544
13023,5126
13024,58
13025,4291
13026,3999
13027,7265
13028,5917
13029,1596
13030,-2491
13031,747
13032,2709
13033,-4805
13034,8217
13035,6884
13036,5727
13037,996
13038,2783
13039,1069
13040,10415
13041,8686
13042,3808
13043,3706
13044,-3926
13045,9916
13046,8056
13047,6577
13048,11689
13049,6210
13050,1171
13051,13666
13052,15908
13053,6943
13054,6416
13055,12817
13056,10590
13057,5566
13058,12172
13059,5068
13060,9375
13061,10136
13062,-74
13063,13754
13064,10942
13065,-352
13066,11821
13067,11997
13068,2241
13069,9697
13070,1333
13071,7529
13072,7031
13073,4394
13074,-879
13075,12480
13076,13271
13077,4497
13078,15908
13079,8745
13080,11835
13081,14018
13082,9301
13083,9946
13084,13359
13085,7294
13086,9565
13087,8466
13088,2753
13089,15644
13090,12934
13091,11235
13092,2197
13093,10341
13094,8554
13095,5141
13096,4453
13097,8510
13098,9140
13099,3750
13100,-3443
13101,3266
13102,13212
13103,527
13104,6884
13105,2490
13106,7573
13107,10415
13108,13022
13109,14604
13110,14311
13111,11733
13112,6635
13113,15615
13114,14194
13115,9243
13116,-14722
13117,-12422
13118,8510
13119,15205
13120,13916
13121,4555
13122,-7046
13123,3618
13124,5874
13125,-572
13126,5830
13127,-1509
13128,-11412
13129,-15630
13130,-9698
13131,-6944
13132,-8584
13133,9169
13134,205
13135,-4336
13136,6152
13137,292
13138,-10738
13139,3852
13140,10034
13141,13139
13142,8642
13143,-10723
13144,-9507
13145,8598
13146,16083
13147,13535
13148,12524
13149,-2388
13150,-14415
13151,-15279
13152,-15542
13153,-5010
13154,12407
13155,9228
13156,-1509
13157,-6929
13158,-13946
13159,-11895
13160,-14253
13161,-14048
13162,-8965
13163,14897
13164,18442
13165,7236
13166,-8570
13167,-8335
13168,-30
13169,-3677
13170,14560
13171,-1436
13172,-12730
13173,-13917
13174,-2769
13175,-5699
13176,7587
13177,13886
13178,8320
13179,12333
13180,6181
13181,-8746
13182,-9947
13183,410
13184,8056
13185,10971
13186,-2564
13187,-11382
13188,4262
13189,10253
13190,-4864
13191,-16421
13192,-11983
13193,-4087
13194,-6490
13195,-7427
13196,-572
13197,-4234
13198,878
13199,-15191
13200,-13360
13201,7763
13202,5185
13203,-8790
13204,-14576
13205,-12671
13206,-12144
13207,-12510
13208,-13331
13209,483
13210,12290
13211,-3721
13212,-13433
13213,-5684
13214,11542
13215,-3692
13216,-689
13217,9990
13218,9536
13219,-15777
13220,-14488
13221,-10328
13222,6225
13223,4365
13224,-11587
13225,-18135
13226,-21006
13227,-10459
13228,-11998
13229,-10928
13230,-15279
13231,-14839
13232,-15132
13233,-15176
13234,-1934
13235,-3824
13236,5126
13237,10664
13238,13139
13239,12568
13240,1933
13241,-15030
13242,-8145
13243,-8980
13244,-13331
13245,-8511
13246,644
13247,7631
13248,-10899
13249,-8834
13250,-13975
13251,-14459
13252,-11792
13253,-10752
13254,-13243
13255,-14048
13256,3017
13257,12392
13258,-1509
13259,-18311
13260,-12378
13261,-14781
13262,-13360
13263,-14048
13264,-14136
13265,-12129
13266,3925
13267,6738
13268,-11602
13269,-12818
13270,-13213
13271,-14590
13272,-13667
13273,3281
13274,-1128
13275,395
13276,-11514
13277,-14957
13278,-15762
13279,-11939
13280,-15674
13281,-8130
13282,10444
13283,14223
13284,15878
13285,8378
13286,-13931
13287,-14517
13288,-13404
13289,-14107
13290,5522
13291,8554
13292,-13521
13293,1450
13294,4599
13295,3588
13296,-6446
13297,-11573
13298,-8072
13299,5258
13300,8349
13301,11557
13302,-10621
13303,-15484
13304,-8511
13305,-15411
13306,-6094
13307,15029
13308,10957
13309,6767
13310,-9727
13311,-14766
13312,2915
13313,9946
13314,9023
13315,-6153
13316,-14913
13317,-9903
13318,-7354
13319,7529
13320,17724
13321,12568
13322,14956
13323,14238
13324,-11441
13325,-12876
13326,-220
13327,6489
13328,-6915
13329,-17183
13330,11147
13331,13359
13332,1420
13333,-9639
13334,-542
13335,7631
13336,13095
13337,12861
13338,-3091
13339,13344
13340,16640
13341,8144
13342,-7237
13343,-9756
13344,-11514
13345,10400
13346,-4263
13347,-12979
13348,5522
13349,11118
13350,11630
13351,-806
13352,-16597
13353,-13536
13354,12890
13355,13872
13356,14736
13357,14311
13358,-5494
13359,-16041
13360,-11910
13361,6225
13362,10722
13363,8935
13364,12304
13365,16875
13366,-10357
13367,-14722
13368,-12789
13369,-13902
13370,7309
13371,-191
13372,-15059
13373,-3956
13374,14428
13375,14458
13376,4965
13377,-13858
13378,-15162
13379,-5098
13380,6782
13381,6489
13382,12377
13383,13139
13384,-7500
13385,527
13386,7602
13387,3720
13388,-14473
13389,-17432
13390,-14854
13391,-1026
13392,11030
13393,5947
13394,4921
13395,10620
13396,-4981
13397,-11397
13398,-6504
13399,-7120
13400,893
13401,-7793
13402,-9844
13403,-542
13404,1142
13405,-13624
13406,-13477
13407,-9097
13408,-4820
13409,-74
13410,-8746
13411,-10972
13412,-13887
13413,-9551
13414,2153
13415,9375
13416,15585
13417,14985
13418,-7486
13419,-9244
13420,5346
13421,-3311
13422,-11514
13423,-16319
13424,-7266
13425,-6959
13426,-9419
13427,-14708
13428,-13433
13429,-15323
13430,-15279
13431,-8599
13432,-2110
13433,-4190
13434,336
13435,8320
13436,-5362
13437,-3150
13438,-11382
13439,-13682
13440,-7251
13441,-9214
13442,-15572
13443,-15777
13444,-12642
13445,-601
13446,-8057
13447,-14664
13448,-7559
13449,-337
13450,-528
13451,-4175
13452,-11133
13453,5317
13454,-3501
13455,-13360
13456,-14444
13457,-6080
13458,-10738
13459,-14488
13460,-18809
13461,-264
13462,12333
13463,13022
13464,11352
13465,893
13466,-2901
13467,-14942
13468,-5816
13469,5053
13470,-6211
13471,-12862
13472,483
13473,2519
13474,-2608
13475,1845
13476,-3912
13477,-6138
13478,-4908
13479,8774
13480,3266
13481,14809
13482,11733
13483,3193
13484,1010
13485,-12598
13486,-13243
13487,-17725
13488,-18150
13489,-11148
13490,5844
13491,-12496
13492,-16495
13493,-14268
13494,468
13495,13593
13496,6269
13497,7910
13498,13974
13499,14208
13500,7060
13501,512
13502,-14239
13503,-3370
13504,14370
13505,9389
13506,6445
13507,-7281
13508,-8350
13509,2080
13510,-11719
13511,-18619
13512,-10005
13513,-14385
13514,3706
13515,17666
13516,15688
13517,13579
13518,11982
13519,6796
13520,-7325
13521,-9903
13522,-8965
13523,3515
13524,13813
13525,11147
13526,-1041
13527,3603
13528,1508
13529,-1363
13530,7485
13531,17373
13532,11557
13533,9682
13534,14282
13535,-381
13536,-7032
13537,-7603
13538,-4483
13539,-6373
13540,2211
13541,7163
13542,14897
13543,7690
13544,-9581
13545,8774
13546,3793
13547,8041
13548,-11221
13549,-13272
13550,-10416
13551,-10196
13552,-8042
13553,11572
13554,6928
13555,-10372
13556,-7295
13557,-10020
13558,4790
13559,13989
13560,15146
13561,12363
13562,9799
13563,6298
13564,-1202
13565,-264
13566,-6871
13567,-12759
13568,-12510
13569,-5655
13570,3896
13571,15102
13572,12407
13573,18251
13574,10546
13575,10004
13576,8305
13577,834
13578,12451
13579,11542
13580,8056
13581,-3091
13582,5888
13583,-4322
13584,219
13585,2109
13586,937
13587,11323
13588,18471
13589,14150
13590,13344
13591,8188
13592,-4673
13593,6928
13594,13344
13595,14443
13596,5742
13597,12612
13598,9125
13599,87
13600,15981
13601,16040
13602,12875
13603,13388
13604,11088
13605,-4131
13606,1318
13607,2724
13608,14794
13609,11835
13610,4189
13611,7104
13612,15205
13613,13330
13614,9345
13615,10957
13616,13242
13617,11821
13618,1479
13619,2050
13620,6240
13621,14
13622,805
13623,-4776
13624,-1172
13625,8203
13626,14223
13627,14472
13628,12993
13629,13579
13630,9550
13631,5566
13632,7324
13633,10166
13634,11938
13635,9052
13636,922
13637,2475
13638,15190
13639,14062
13640,-3926
13641,3837
13642,3486
13643,541
13644,7778
13645,219
13646,-2754
13647,-5669
13648,-1963
13649,-4395
13650,15629
13651,11367
13652,-6211
13653,-5860
13654,7866
13655,12509
13656,11264
13657,13022
13658,13974
13659,13388
13660,-5552
13661,-8584
13662,10078
13663,9711
13664,-8042
13665,-15
13666,-11719
13667,-10298
13668,2182
13669,-7354
13670,-13243
13671,-3619
13672,-3487
13673,-909
13674,11733
13675,-11880
13676,8437
13677,14780
13678,8481
13679,12084
13680,7543
13681,-2945
13682,-6109
13683,12524
13684,2534
13685,2753
13686,13168
13687,3134
13688,-12701
13689,-14883
13690,-3355
13691,4775
13692,8686
13693,-10958
13694,-15396
13695,3984
13696,4189
13697,-6578
13698,4526
13699,-12686
13700,-10137
13701,7529
13702,10737
13703,9140
13704,1816
13705,-5098
13706,-11646
13707,-17198
13708,-14942
13709,-3121
13710,-3399
13711,-6548
13712,-9991
13713,-5435
13714,-6124
13715,-8848
13716,5874
13717,-3487
13718,-7515
13719,-12247
13720,-162
13721,-3443
13722,556
13723,-6578
13724,-13594
13725,-14180
13726,-16509
13727,-14546
13728,-323
13729,43
13730,-11514
13731,-8936
13732,-8174
13733,-17798
13734,-13199
13735,-6431
13736,-6592
13737,-7325
13738,-5274
13739,-16202
13740,-15191
13741,-11587
13742,-11851
13743,-11822
13744,-5684
13745,-7178
13746,864
13747,2080
13748,-5025
13749,3735
13750,-9698
13751,-14239
13752,-3384
13753,-718
13754,-12642
13755,-13697
13756,-6255
13757,-1158
13758,-5230
13759,-7530
13760,-14883
13761,-14942
13762,-15645
13763,-14122
13764,-11529
13765,-15528
13766,-7105
13767,-6182
13768,-8277
13769,-11998
13770,-13052
13771,-15689
13772,-7574
13773,-9288
13774,-13726
13775,7412
13776,-6636
13777,-14371
13778,-8848
13779,-440
13780,-1158
13781,-12247
13782,-11690
13783,-7090
13784,3881
13785,-9039
13786,-5098
13787,-15909
13788,-14078
13789,-16070
13790,-13726
13791,-11939
13792,-8980
13793,-4175
13794,-3443
13795,-1583
13796,-14400
13797,2885
13798,-5992
13799,-425
13800,2270
13801,-9244
13802,-8555
13803,-13433
13804,-9566
13805,-12217
13806,-5215
13807,-2505
13808,-630
13809,-10357
13810,-18692
13811,-6446
13812,6591
13813,3720
13814,-8042
13815,-11866
13816,-2081
13817,-4322
13818,-15718
13819,-15513
13820,-12584
13821,-6915
13822,-11866
13823,-4234
13824,-1290
13825,-9200
13826,-15162
13827,-11602
13828,-4673
13829,-14986
13830,-5303
13831,-4292
13832,-12364
13833,-6915
13834,-4029
13835,-6548
13836,4350
13837,-7237
13838,-15396
13839,-7515
13840,-9771
13841,-10474
13842,-12774
13843,5976
13844,1743
13845,-5259
13846,-14766
13847,-8248
13848,-2901
13849,541
13850,5126
13851,-8057
13852,673
13853,-12056
13854,-13682
13855,-18633
13856,5463
13857,3413
13858,-8423
13859,-5933
13860,-9786
13861,5170
13862,6137
13863,-645
13864,-14063
13865,-8409
13866,-8731
13867,278
13868,8554
13869,13359
13870,1918
13871,-367
13872,5405
13873,-2037
13874,2739
13875,-8335
13876,-2505
13877,1098
13878,2797
13879,2226
13880,13652
13881,14809
13882,-2154
13883,-2315
13884,3281
13885,2094
13886,-5054
13887,14077
13888,3251
13889,11455
13890,11879
13891,10209
13892,11030
13893,5683
13894,15820
13895,2182
13896,4746
13897,6020
13898,10415
13899,16523
13900,13315
13901,7895
13902,13754
13903,-6006
13904,-6709
13905,-909
13906,-4410
13907,2900
13908,10546
13909,14106
13910,9638
13911,14208
13912,-10796
13913,-4468
13914,12875
13915,10122
13916,2197
13917,11718
13918,16918
13919,14882
13920,13989
13921,11791
13922,6005
13923,-3179
13924,7734
13925,18105
13926,17607
13927,8979
13928,9814
13929,6020
13930,5083
13931,8334
13932,2519
13933,12465
13934,14912
13935,3061
13936,-11060
13937,11147
13938,15571
13939,15000
13940,13798
13941,13505
13942,14414
13943,13872
13944,16552
13945,3793
13946,12451
13947,6020
13948,11337
13949,18325
13950,15556
13951,13564
13952,11250
13953,15498
13954,8378
13955,13857
13956,6108
13957,13710
13958,15410
13959,15541
13960,15043
13961,16962
13962,14970
13963,11030
13964,17812
13965,12612
13966,15219
13967,12612
13968,1245
13969,3911
13970,12011
13971,15659
13972,16801
13973,14428
13974,15249
13975,14326
13976,11630
13977,13344
13978,13403
13979,13154
13980,6811
13981,1816
13982,-3282
13983,13989
13984,15336
13985,15395
13986,16655
13987,12026
13988,13183
13989,10986
13990,13520
13991,16684
13992,13828
13993,15175
13994,11865
13995,11704
13996,11323
13997,14106
13998,12714
13999,13989
14000,14721
14001,15043
14002,9799
14003,12949
14004,12084
14005,15615
14006,17211
14007,12114
14008,16508
14009,12055
14010,11967
14011,9726
14012,14018
14013,14384
14014,15659
14015,16757
14016,14545
14017,14194
14018,14238
14019,14853
14020,12099
14021,13740
14022,12861
14023,14414
14024,1582
14025,7089
14026,13549
14027,16054
14028,12714
14029,14765
14030,17329
14031,14003
14032,15747
14033,14135
14034,13359
14035,15556
14036,14912
14037,14033
14038,16743
14039,16406
14040,17548
14041,13857
14042,15659
14043,18793
14044,17475
14045,15629
14046,10532
14047,16259
14048,17548
14049,11411
14050,18383
14051,13256
14052,13139
14053,9418
14054,9418
14055,6928
14056,14428
14057,13901
14058,12773
14059,15131
14060,17094
14061,16245
14062,13300
14063,15087
14064,15014
14065,15380
14066,16816
14067,12993
14068,12714
14069,14311
14070,11938
14071,14926
14072,15073
14073,11791
14074,13959
14075,12626
14076,11967
14077,13476
14078,17226
14079,13608
14080,12524
14081,16684
14082,-455
14083,-1363
14084,15468
14085,5932
14086,6884
14087,9462
14088,-3223
14089,9331
14090,9653
14091,14091
14092,2226
14093,10605
14094,10781
14095,5932
14096,9916
14097,11250
14098,13110
14099,14179
14100,14663
14101,15600
14102,10371
14103,8715
14104,8847
14105,18105
14106,12187
14107,3500
14108,9697
14109,10971
14110,5947
14111,9111
14112,3603
14113,-411
14114,2929
14115,7866
14116,10913
14117,13725
14118,-14620
14119,-11851
14120,-3750
14121,-7999
14122,-6387
14123,-12100
14124,-5040
14125,6635
14126,10781
14127,-9449
14128,-4776
14129,-4688
14130,-4190
14131,-1890
14132,190
14133,11118
14134,2050
14135,-1597
14136,-6944
14137,7543
14138,3339
14139,11982
14140,9272
14141,-10503
14142,-7867
14143,-10445
14144,-7383
14145,-5010
14146,-396
14147,2138
14148,6254
14149,-8174
14150,7382
14151,-2564
14152,-8116
14153,7177
14154,6459
14155,1699
14156,2666
14157,-997
14158,-1934
14159,7309
14160,-440
14161,-4087
14162,-5362
14163,468
14164,-7544
14165,-12950
14166,-11089
14167,-14327
14168,-11236
14169,-6812
14170,-1612
14171,-2857
14172,-6885
14173,-13667
14174,2578
14175,-11983
14176,-10738
14177,1083
14178,-4849
14179,-15176
14180,-12613
14181,-11207
14182,-12305
14183,-30
14184,-12540
14185,-1451
14186,-660
14187,-10064
14188,-12173
14189,-4747
14190,-6446
14191,-12701
14192,-2725
14193,-11895
14194,-11324
14195,-15748
14196,-16773
14197,-22032
14198,-13169
14199,-6358
14200,-11998
14201,-3458
14202,-5933
14203,-8042
14204,-12525
14205,-8834
14206,-5801
14207,-13843
14208,-15953
14209,-14224
14210,-14063
14211,-4439
14212,4086
14213,-4014
14214,-11543
14215,-16304
14216,-13521
14217,-16260
14218,-15279
14219,-10547
14220,-14341
14221,-16451
14222,-11602
14223,-16729
14224,-12657
14225,-5098
14226,-10884
14227,-9742
14228,-7090
14229,-12232
14230,-12496
14231,-14283
14232,-15953
14233,-10987
14234,-13594
14235,-17139
14236,-17051
14237,-16041
14238,-10928
14239,-15660
14240,-15103
14241,-10562
14242,-11983
14243,-12847
14244,-13814
14245,-15015
14246,-17710
14247,-14546
14248,-14034
14249,-13711
14250,-15528
14251,-17725
14252,-15777
14253,-15513
14254,-20728
14255,-12173
14256,-11646
14257,-11514
14258,-11895
14259,-13433
14260,-15000
14261,-13653
14262,-12364
14263,-15953
14264,-13492
14265,-15118
14266,-15894
14267,-11880
14268,-16275
14269,-15147
14270,-11558
14271,-9507
14272,-14532
14273,-13594
14274,-14708
14275,-15352
14276,-15308
14277,-16978
14278,-13755
14279,-16949
14280,-13858
14281,-12657
14282,-16143
14283,-13536
14284,-11441
14285,-12627
14286,-16011
14287,-17769
14288,-11705
14289,-16978
14290,-17974
14291,-12422
14292,-16890
14293,-13580
14294,-16436
14295,-11236
14296,-11719
14297,-11382
14298,-16744
14299,-8423
14300,-11177
14301,-12950
14302,-15352
14303,-16041
14304,-13667
14305,-13814
14306,-15572
14307,-15030
14308,-13433
14309,-18033
14310,-11529
14311,-12129
14312,-11822
14313,-8189
14314,-7237
14315,-8555
14316,-14986
14317,-14546
14318,-16685
14319,-13125
14320,-12203
14321,-11880
14322,-15455
14323,-9917
14324,-10137
14325,-14239
14326,-15792
14327,-14224
14328,-16041
14329,-19629
14330,-14795
14331,-15513
14332,-3985
14333,-15630
14334,-10987
14335,-9200
14336,-9200
14337,-10079
14338,-15132
14339,-13873
14340,-14810
14341,-15337
14342,-15352
14343,-14722
14344,-15557
14345,-14561
14346,-12862
14347,-13506
14348,-14444
14349,-15352
14350,-15220
14351,-16099
14352,-12833
14353,-15132
14354,-13155
14355,-16832
14356,-15220
14357,-14195
14358,-14092
14359,-13008
14360,-16626
14361,-14429
14362,-14195
14363,-13667
14364,-11880
14365,-14488
14366,-15850
14367,-13550
14368,-16202
14369,-14429
14370,-14766
14371,-9068
14372,-9302
14373,-12906
14374,-14356
14375,-13257
14376,-12540
14377,-8965
14378,-14854
14379,-15953
14380,-14048
14381,-14605
14382,-15191
14383,-14224
14384,-15630
14385,-14459
14386,-14913
14387,-15176
14388,-13990
14389,-16377
14390,-17066
14391,-14795
14392,-14605
14393,-13023
14394,-11558
14395,-14312
14396,-14122
14397,-14664
14398,-10928
14399,-13624
14400,-15000
14401,-15689
14402,-15367
14403,-14224
14404,-13799
14405,-16158
14406,-15352
14407,-11968
14408,-14576
14409,-13711
14410,-16202
14411,-14209
14412,-12657
14413,-7076
14414,-13858
14415,-12085
14416,-12203
14417,-13067
14418,-14957
14419,-16495
14420,-15367
14421,-15953
14422,-9493
14423,-10665
14424,-11734
14425,-16041
14426,-18545
14427,-13829
14428,-13887
14429,-17857
14430,-19014
14431,-11250
14432,-13243
14433,-12994
14434,-10840
14435,-10577
14436,-17081
14437,-15806
14438,-14166
14439,-18047
14440,-13169
14441,-15162
14442,-12554
14443,-18179
14444,-12349
14445,-13272
14446,-9712
14447,-12833
14448,-17916
14449,-11675
14450,-10767
14451,-13199
14452,-11221
14453,-9595
14454,-14488
14455,-9786
14456,-13946
14457,-12203
14458,-11441
14459,-15030
14460,-11060
14461,-16114
14462,-12906
14463,-14415
14464,-8467
14465,-9493
14466,-9375
14467,-10562
14468,2885
14469,-14883
14470,-8174
14471,-4908
14472,-10972
14473,-5113
14474,-4585
14475,1801
14476,-1084
14477,-411
14478,-3926
14479,6416
14480,-14898
14481,3413
14482,5493
14483,-586
14484,1318
14485,1977
14486,8774
14487,3750
14488,5917
14489,-1114
14490,13579
14491,-1407
14492,981
14493,16318
14494,9228
14495,13666
14496,10268
14497,12509
14498,10283
14499,12114
14500,4921
14501,3222
14502,12919
14503,13666
14504,8569
14505,5390
14506,3413
14507,12597
14508,12963
14509,11484
14510,13286
14511,12919
14512,16420
14513,15996
14514,6020
14515,-2198
14516,16655
14517,14619
14518,12407
14519,13388
14520,17871
14521,12290
14522,11088
14523,13945
14524,13945
14525,15966
14526,15659
14527,13505
14528,19570
14529,11323
14530,15322
14531,15556
14532,14135
14533,12143
14534,18486
14535,14589
14536,12656
14537,14458
14538,16918
14539,13344
14540,14062
14541,19306
14542,13652
14543,11865
14544,10751
14545,10356
14546,10590
14547,13886
14548,7763
14549,15014
14550,13286
14551,11909
14552,12319
14553,16787
14554,17343
14555,13769
14556,16347
14557,13798
14558,12158
14559,12905
14560,19848
14561,14428
14562,11425
14563,11308
14564,13051
14565,11499
14566,14355
14567,14223
14568,13681
14569,15410
14570,15205
14571,15102
14572,14780
14573,14091
14574,14780
14575,15776
14576,12583
14577,13330
14578,12583
14579,17695
14580,12128
14581,14721
14582,16054
14583,17255
14584,11689
14585,11396
14586,13608
14587,12011
14588,14340
14589,12407
14590,13623
14591,13652
14592,15585
14593,10239
14594,17241
14595,16831
14596,13520
14597,15410
14598,14824
14599,12875
14600,15629
14601,14516
14602,15878
14603,14707
14604,13447
14605,12949
14606,13535
14607,14545
14608,16201
14609,17094
14610,13212
14611,13769
14612,14838
14613,14794
14614,13740
14615,13989
14616,11132
14617,15952
14618,13007
14619,16582
14620,10546
14621,498
14622,3500
14623,1054
14624,12553
14625,12348
14626,11865
14627,-1070
14628,10561
14629,14809
14630,15424
14631,15395
14632,11455
14633,15776
14634,13110
14635,19848
14636,12392
14637,15761
14638,13725
14639,17724
14640,11909
14641,16391
14642,11557
14643,6064
14644,-2652
14645,-1817
14646,5537
14647,5756
14648,11367
14649,10913
14650,16699
14651,9038
14652,12421
14653,15864
14654,15585
14655,14150
14656,14663
14657,13623
14658,11323
14659,13798
14660,11030
14661,14794
14662,11381
14663,13710
14664,14003
14665,12231
14666,15190
14667,10078
14668,11645
14669,10385
14670,11586
14671,5068
14672,9565
14673,14956
14674,14838
14675,14355
14676,15249
14677,12890
14678,16713
14679,13374
14680,11044
14681,15805
14682,13769
14683,10751
14684,1406
14685,12568
14686,13930
14687,12817
14688,10151
14689,10356
14690,13945
14691,12187
14692,15234
14693,9799
14694,14223
14695,6284
14696,14487
14697,15761
14698,15454
14699,10048
14700,922
14701,4541
14702,3837
14703,9946
14704,12421
14705,12524
14706,336
14707,5083
14708,10502
14709,13579
14710,13168
14711,16201
14712,12436
14713,14135
14714,16860
14715,15029
14716,15366
14717,4233
14718,4423
14719,13945
14720,12246
14721,12597
14722,16083
14723,10268
14724,6826
14725,12597
14726,12626
14727,13344
14728,12128
14729,14003
14730,12524
14731,6240
14732,12304
14733,17666
14734,14326
14735,16040
14736,16274
14737,13286
14738,12700
14739,14472
14740,16669
14741,13930
14742,16552
14743,13330
14744,12583
14745,16142
14746,15043
14747,14619
14748,16391
14749,14707
14750,15776
14751,17036
14752,13652
14753,12685
14754,16040
14755,15395
14756,15336
14757,11850
14758,15498
14759,12509
14760,16918
14761,13037
14762,14311
14763,5522
14764,10400
14765,15966
14766,17636
14767,14062
14768,14194
14769,14868
14770,16069
14771,15219
14772,13784
14773,14252
14774,6533
14775,12348
14776,12333
14777,18486
14778,17021
14779,11440
14780,10942
14781,1713
14782,13623
14783,15776
14784,13916
14785,12919
14786,11630
14787,8686
14788,13022
14789,15249
14790,15600
14791,13710
14792,13286
14793,14238
14794,11601
14795,17592
14796,11425
14797,17036
14798,17285
14799,18662
14800,11352
14801,13051
14802,13857
14803,7646
14804,13417
14805,10312
14806,14003
14807,9814
14808,12304
14809,13798
14810,16083
14811,8642
14812,9960
14813,14926
14814,15864
14815,15087
14816,13271
14817,15717
14818,14296
14819,13593
14820,15600
14821,13227
14822,14311
14823,11982
14824,12407
14825,15673
14826,18969
14827,11176
14828,15336
14829,10502
14830,15483
14831,13769
14832,14282
14833,14619
14834,14575
14835,18911
14836,14238
14837,15791
14838,12216
14839,15966
14840,13930
14841,12304
14842,17651
14843,16508
14844,14970
14845,15937
14846,14443
14847,13784
14848,13212
14849,15000
14850,13681
14851,14809
14852,18237
14853,9111
14854,12202
14855,10004
14856,16757
14857,13447
14858,14399
14859,12626
14860,14531
14861,14062
14862,11777
14863,14121
14864,14838
14865,12817
14866,8759
14867,6591
14868,13286
14869,13168
14870,16757
14871,13139
14872,15981
14873,14003
14874,18764
14875,13945
14876,17036
14877,2021
14878,9052
14879,15791
14880,10312
14881,11191
14882,5258
14883,1201
14884,-528
14885,15468
14886,3691
14887,4760
14888,13081
14889,13681
14890,12202
14891,11718
14892,7368
14893,12934
14894,9726
14895,1054
14896,12128
14897,12612
14898,13945
14899,11059
14900,7778
14901,-10342
14902,7866
14903,7412
14904,-3077
14905,-1187
14906,-2901
14907,2153
14908,805
14909,11938
14910,7543
14911,5141
14912,8598
14913,8159
14914,-821
14915,7353
14916,5859
14917,6767
14918,14663
14919,6694
14920,-2432
14921,1538
14922,-1597
14923,1333
14924,5434
14925,-4292
14926,5551
14927,7148
14928,3940
14929,2446
14930,2065
14931,5170
14932,1420
14933,3354
14934,-8438
14935,-1714
14936,2871
14937,-4805
14938,6987
14939,3881
14940,7836
14941,7104
14942,9990
14943,-3252
14944,4819
14945,9257
14946,-8350
14947,3662
14948,17270
14949,5419
14950,9169
14951,10253
14952,12392
14953,6489
14954,278
14955,1596
14956,4877
14957,-2432
14958,-4834
14959,10971
14960,6108
14961,2109
14962,5346
14963,1289
14964,-6695
14965,-12071
14966,-4600
14967,-6871
14968,615
14969,-674
14970,1508
14971,1962
14972,1450
14973,7705
14974,1040
14975,805
14976,-1202
14977,-2242
14978,-396
14979,-7984
14980,-10679
14981,-557
14982,-11587
14983,-5054
14984,-4468
14985,-14576
14986,-7852
14987,-10518
14988,-8365
14989,-4161
14990,-13770
14991,-7764
14992,16347
14993,3471
14994,-2813
14995,-5435
14996,-982
14997,483
14998,-3194
14999,13666
15000,6489
15001,-3897
15002,3090
15003,13652
15004,4584
15005,2709
15006,4965
15007,10151
15008,9492
15009,-865
15010,-1744
15011,3295
15012,9814
15013,-12159
15014,-4410
15015,9257
15016,-132
15017,-13609
15018,-7911
15019,-4498
15020,-14151
15021,-11529
15022,-17359
15023,-10210
15024,-10079
15025,-17007
15026,-14019
15027,-1817
15028,-9771
15029,-9390
15030,-1158
15031,5595
15032,2534
15033,-14708
15034,-11763
15035,-7002
15036,1362
15037,-8189
15038,-13741
15039,-4996
15040,2255
15041,-8160
15042,-10079
15043,-12144
15044,-15103
15045,-5127
15046,-5303
15047,-6592
15048,6035
15049,-7706
15050,-12452
15051,5463
15052,2475
15053,-6094
15054,-7251
15055,-8716
15056,-9053
15057,-11763
15058,2299
15059,-1949
15060,1025
15061,-10284
15062,-13653
15063,-12862
15064,-14957
15065,-12217
15066,-11661
15067,-10372
15068,-14722
15069,-1465
15070,-11236
15071,-1128
15072,-12686
15073,-15674
15074,-13799
15075,-16187
15076,-13008
15077,-13140
15078,-16202
15079,-14546
15080,-6065
15081,-17168
15082,-14942
15083,-8716
15084,-10328
15085,-13477
15086,-14151
15087,-13082
15088,-13316
15089,-14971
15090,-13418
15091,-11397
15092,-16729
15093,-14356
15094,-15176
15095,-10650
15096,-13829
15097,-15777
15098,-18677
15099,-16436
15100,-12642
15101,-11763
15102,-16304
15103,-13433
15104,-3326
15105,-14839
15106,-14166
15107,-12159
15108,-14825
15109,-14810
15110,-13711
15111,-7764
15112,-13140
15113,-14751
15114,-13492
15115,-10972
15116,-14810
15117,-13667
15118,-12452
15119,-12569
15120,-14459
15121,-16202
15122,-14312
15123,-14620
15124,-13389
15125,-12994
15126,-10518
15127,-13946
15128,-11939
15129,-14063
15130,-14048
15131,-16949
15132,-12334
15133,-13360
15134,-16861
15135,-14034
15136,-12305
15137,-15103
15138,-14429
15139,-15293
15140,-14561
15141,-15293
15142,-16260
15143,-13799
15144,-17579
15145,-15821
15146,-12100
15147,-13946
15148,-13580
15149,-15323
15150,-13580
15151,-12803
15152,-15264
15153,-17549
15154,-15660
15155,-16231
15156,-12715
15157,-12042
15158,-12012
15159,-13667
15160,-16363
15161,-14327
15162,-19117
15163,-13404
15164,-15733
15165,-12627
15166,-14795
15167,-15103
15168,-14415
15169,-14048
15170,-14766
15171,-11163
15172,-16231
15173,-17374
15174,-16304
15175,-12510
15176,-16758
15177,-12364
15178,-14869
15179,-12818
15180,-13653
15181,-10298
15182,-12686
15183,-16055
15184,-15938
15185,-15762
15186,-13008
15187,-16890
15188,-15176
15189,-18414
15190,-11221
15191,-14400
15192,-13521
15193,-18750
15194,-16685
15195,-19117
15196,-12408
15197,-14927
15198,-13946
15199,-19043
15200,-14766
15201,-16026
15202,-12247
15203,-15499
15204,-17198
15205,-13169
15206,-15967
15207,-17388
15208,-15455
15209,-14634
15210,-15118
15211,-11617
15212,-13404
15213,-15967
15214,-15440
15215,-11968
15216,-3780
15217,-8687
15218,-15176
15219,-16114
15220,-13140
15221,-12349
15222,-16553
15223,-12525
15224,-16231
15225,-10430
15226,-13301
15227,-13243
15228,-12994
15229,-6299
15230,-15030
15231,-13008
15232,-13301
15233,-11602
15234,-13960
15235,-12789
15236,-14268
15237,-15894
15238,-17227
15239,-15352
15240,-15308
15241,-13228
15242,-11324
15243,-12334
15244,-7632
15245,-3458
15246,-12715
15247,-12833
15248,-13726
15249,-9507
15250,-9581
15251,-12759
15252,-13023
15253,-8628
15254,-12071
15255,-7764
15256,-13389
15257,-11602
15258,-11280
15259,-12247
15260,-8145
15261,-10137
15262,-10489
15263,-12876
15264,-14444
15265,-15030
15266,-14927
15267,-9874
15268,-13184
15269,-12129
15270,-14810
15271,-16246
15272,-13975
15273,-18780
15274,-13536
15275,-9830
15276,-16656
15277,-13345
15278,-12334
15279,-13726
15280,-13960
15281,-15953
15282,-15469
15283,-13609
15284,-3077
15285,-14737
15286,-14400
15287,-5362
15288,-7427
15289,-8541
15290,-10137
15291,-6783
15292,-865
15293,-2784
15294,-10196
15295,-7823
15296,-5787
15297,-118
15298,-5962
15299,-2813
15300,-601
15301,-3707
15302,-13111
15303,-11749
15304,-2725
15305,-9258
15306,-4776
15307,-5596
15308,3120
15309,5976
15310,-3677
15311,-1099
15312,8583
15313,1333
15314,3325
15315,-601
15316,-10035
15317,-7662
15318,-11280
15319,-2256
15320,6459
15321,9038
15322,-7061
15323,7880
15324,13212
15325,9257
15326,3281
15327,-4849
15328,-2681
15329,2753
15330,3178
15331,1904
15332,12202
15333,5405
15334,3222
15335,7060
15336,6782
15337,4995
15338,-6900
15339,-411
15340,-3633
15341,1069
15342,-3765
15343,-6871
15344,-4659
15345,4760
15346,-44
15347,2519
15348,8408
15349,-3663
15350,2915
15351,-367
15352,-1641
15353,-5289
15354,-4820
15355,-367
15356,7822
15357,102
15358,-1597
15359,278
15360,-1348
15361,2080
15362,-689
15363,12304
15364,4965
15365,-4600
15366,-5464
15367,2651
15368,2592
15369,3281
15370,4731
15371,1625
15372,-2417
15373,-6973
15374,-2388
15375,-2549
15376,-2168
15377,-3750
15378,1186
15379,-2828
15380,-2842
15381,-103
15382,-396
15383,7265
15384,11367
15385,4687
15386,571
15387,-982
15388,-7691
15389,-9083
15390,-13184
15391,-352
15392,3603
15393,-8262
15394,-1084
15395,-704
15396,1040
15397,4467
15398,2988
15399,-3062
15400,629
15401,-645
15402,10312
15403,9858
15404,1860
15405,7822
15406,9111
15407,8818
15408,7807
15409,7514
15410,-601
15411,11469
15412,732
15413,2651
15414,9184
15415,3852
15416,747
15417,-5933
15418,-3926
15419,-3692
15420,7924
15421,-5479
15422,7910
15423,10209
15424,3120
15425,11865
15426,9946
15427,13974
15428,11279
15429,9609
15430,6870
15431,6518
15432,-2227
15433,7089
15434,5668
15435,3427
15436,981
15437,2607
15438,10502
15439,11250
15440,9184
15441,5214
15442,5200
15443,-3750
15444,4189
15445,13125
15446,6166
15447,7192
15448,13168
15449,3164
15450,4921
15451,12158
15452,8085
15453,12231
15454,9946
15455,12187
15456,8320
15457,6914
15458,13857
15459,10180
15460,4335
15461,17021
15462,14165
15463,15073
15464,14794
15465,13374
15466,16875
15467,10546
15468,7031
15469,9931
15470,14589
15471,8071
15472,4790
15473,6445
15474,11308
15475,15000
15476,10605
15477,13374
15478,14824
15479,13535
15480,8833
15481,8862
15482,14589
15483,11528
15484,12641
15485,6987
15486,12905
15487,8642
15488,8232
15489,4804
15490,12890
15491,11220
15492,9404
15493,4335
15494,5991
15495,5727
15496,-1875
15497,5112
15498,11367
15499,10429
15500,11704
15501,16010
15502,12568
15503,6723
15504,14516
15505,16186
15506,15087
15507,13784
15508,15966
15509,15000
15510,15512
15511,10722
15512,13945
15513,17211
15514,15600
15515,659
15516,10620
15517,6459
15518,-2168
15519,-2198
15520,-3780
15521,7221
15522,5258
15523,8730
15524,7866
15525,12128
15526,4013
15527,5185
15528,8364
15529,5610
15530,1860
15531,-6973
15532,-2344
15533,-3545
15534,6840
15535,7280
15536,10327
15537,10371
15538,11264
15539,6826
15540,5493
15541,8320
15542,14501
15543,11264
15544,12978
15545,11616
15546,8496
15547,15351
15548,3706
15549,6108
15550,1757
15551,7866
15552,688
15553,-2579
15554,1215
15555,5302
15556,8964
15557,8232
15558,4775
15559,3134
15560,11879
15561,5566
15562,11118
15563,6357
15564,8627
15565,13754
15566,5317
15567,12670
15568,8613
15569,7500
15570,11206
15571,12758
15572,10942
15573,11894
15574,5258
15575,5302
15576,8408
15577,6826
15578,16040
15579,13652
15580,14370
15581,4423
15582,12407
15583,9521
15584,12026
15585,11791
15586,10971
15587,8906
15588,6210
15589,-206
15590,-425
15591,9257
15592,7177
15593,14853
15594,-15
15595,6166
15596,10634
15597,10517
15598,1040
15599,-5391
15600,-8614
15601,-5977
15602,9960
15603,7998
15604,11909
15605,-1788
15606,4116
15607,12714
15608,9375
15609,1171
15610,-6607
15611,-11133
15612,-10577
15613,-367
15614,7836
15615,8232
15616,-6709
15617,-5025
15618,6621
15619,4570
15620,6372
15621,-586
15622,-323
15623,-6871
15624,2182
15625,-2022
15626,-250
15627,-1055
15628,2431
15629,-5127
15630,-8497
15631,-7427
15632,-2227
15633,-5523
15634,-7442
15635,14
15636,-8394
15637,161
15638,-5113
15639,-1934
15640,-3985
15641,-4527
15642,5390
15643,7250
15644,4760
15645,5815
15646,5053
15647,-5977
15648,-4043
15649,-10416
15650,4306
15651,1025
15652,-4542
15653,-6387
15654,-308
15655,-132
15656,-2579
15657,-103
15658,-7779
15659,-7120
15660,-9654
15661,-7339
15662,-15250
15663,-1963
15664,6474
15665,5493
15666,5302
15667,9345
15668,7910
15669,-1612
15670,-7999
15671,-9170
15672,-1334
15673,-10767
15674,-8379
15675,-9595
15676,-8350
15677,-2754
15678,-982
15679,5537
15680,12055
15681,6093
15682,4848
15683,1889
15684,-5918
15685,-1641
15686,-2828
15687,571
15688,6430
15689,5375
15690,6782
15691,5844
15692,3325
15693,-2579
15694,8378
15695,8759
15696,1347
15697,-4043
15698,161
15699,351
15700,-3121
15701,3618
15702,4394
15703,12348
15704,1376
15705,3808
15706,2343
15707,556
15708,937
15709,6225
15710,-1099
15711,9741
15712,5932
15713,43
15714,3984
15715,1435
15716,2563
15717,2885
15718,1113
15719,-8086
15720,7646
15721,8613
15722,8876
15723,9272
15724,13095
15725,11528
15726,-5171
15727,-2959
15728,-118
15729,5141
15730,-2667
15731,-4292
15732,-2623
15733,3500
15734,5932
15735,2709
15736,11850
15737,15585
15738,9521
15739,4233
15740,14282
15741,7822
15742,9257
15743,13403
15744,12861
15745,13872
15746,15205
15747,14736
15748,12041
15749,13930
15750,6606
15751,7998
15752,12817
15753,12216
15754,8803
15755,6064
15756,13198
15757,11293
15758,10664
15759,10781
15760,15629
15761,9184
15762,3852
15763,-2476
15764,424
15765,12963
15766,7207
15767,541
15768,10927
15769,3881
15770,-8775
15771,-2388
15772,-1553
15773,4731
15774,4936
15775,615
15776,8642
15777,14545
15778,4233
15779,4511
15780,11396
15781,13974
15782,11835
15783,12626
15784,15834
15785,12641
15786,8730
15787,9067
15788,16333
15789,12275
15790,8071
15791,2226
15792,7236
15793,9389
15794,11220
15795,13242
15796,12275
15797,14707
15798,15087
15799,14487
15800,12114
15801,12436
15802,16889
15803,12055
15804,16274
15805,12919
15806,17138
15807,14047
15808,13212
15809,13476
15810,12978
15811,14692
15812,14780
15813,11000
15814,6811
15815,5170
15816,8466
15817,13051
15818,13461
15819,13901
15820,11938
15821,13374
15822,13608
15823,11748
15824,14897
15825,14003
15826,15292
15827,13681
15828,11630
15829,10825
15830,12495
15831,8876
15832,12158
15833,10927
15834,13168
15835,4819
15836,-3897
15837,5610
15838,6738
15839,11586
15840,8437
15841,12304
15842,12495
15843,9550
15844,4628
15845,12846
15846,10019
15847,8334
15848,12832
15849,8276
15850,4892
15851,5639
15852,8540
15853,-2125
15854,8540
15855,4453
15856,1772
15857,1684
15858,3574
15859,9111
15860,8627
15861,11425
15862,7807
15863,11220
15864,2475
15865,-2168
15866,-2374
15867,-162
15868,-2945
15869,-3135
15870,-8145
15871,-9302
15872,-4966
15873,-88
15874,6870
15875,-1817
15876,1025
15877,1157
15878,2929
15879,-953
15880,2416
15881,-2286
15882,-3516
15883,-6944
15884,-10870
15885,2885
15886,6005
15887,3178
15888,-3487
15889,864
15890,-381
15891,-3897
15892,-12291
15893,-10181
15894,-11104
15895,-7251
15896,1215
15897,-4410
15898,1142
15899,190
15900,-6050
15901,-674
15902,6928
15903,5244
15904,5786
15905,410
15906,2563
15907,1625
15908,-5977
15909,-4703
15910,-6182
15911,-3619
15912,-3150
15913,-2212
15914,-8570
15915,-12042
15916,-9449
15917,-11294
15918,-11485
15919,-15440
15920,-5289
15921,-8716
15922,571
15923,-3062
15924,-4776
15925,-6373
15926,-6050
15927,-3648
15928,-10430
15929,-12759
15930,-8716
15931,-11426
15932,-11617
15933,-3135
15934,-1817
15935,4467
15936,-3926
15937,-2872
15938,-7999
15939,-5889
15940,-879
15941,-9654
15942,-5845
15943,-7925
15944,-7076
15945,-10914
15946,2109
15947,1376
15948,-3165
15949,-2491
15950,-6270
15951,-982
15952,-8482
15953,-9273
15954,-12715
15955,1962
15956,-4732
15957,-14459
15958,-15748
15959,4365
15960,175
15961,-7823
15962,1113
15963,2739
15964,1435
15965,-12701
15966,-10005
15967,-14385
15968,-3956
15969,-11719
15970,-14737
15971,-14488
15972,-9551
15973,-11998
15974,-11031
15975,-10430
15976,-8467
15977,-6065
15978,-12334
15979,-11807
15980,-12173
15981,-6636
15982,-11265
15983,-8130
15984,-9742
15985,-9698
15986,-6417
15987,-5245
15988,-3853
15989,-10225
15990,-3824
15991,-1758
15992,-3648
15993,-4966
15994,-11734
15995,-9698
15996,-11573
15997,-12598
15998,-7164
15999,-9141
16000,-12100
16001,-11104
16002,-14854
16003,-11485
16004,-15235
16005,-12979
16006,-12159
16007,-13785
16008,-14297
16009,-16729
16010,-15455
16011,-16656
16012,-12891
16013,-13946
16014,-14781
16015,-15982
16016,-15206
16017,-14429
16018,-18604
16019,-8716
16020,-6739
16021,-12891
16022,-14605
16023,-12071
16024,-16216
16025,-8599
16026,-13345
16027,-8746
16028,-1026
16029,981
16030,1845
16031,-14078
16032,-12188
16033,-15748
16034,-12833
16035,-9800
16036,-7588
16037,-8877
16038,-8013
16039,-10416
16040,-4864
16041,-2608
16042,-1993
16043,629
16044,-11060
16045,-8086
16046,-10870
16047,-9610
16048,-10152
16049,-10826
16050,-11661
16051,-14810
16052,-12437
16053,-11221
16054,-11016
16055,-11265
16056,-6094
16057,-9537
16058,-586
16059,-10181
16060,-11280
16061,-2461
16062,-6329
16063,-4336
16064,146
16065,410
16066,-8072
16067,-4527
16068,-9200
16069,-689
16070,-7076
16071,-10591
16072,-8702
16073,-9434
16074,-12481
16075,-11500
16076,-5376
16077,-8130
16078,-3047
16079,-8511
16080,-7588
16081,-10416
16082,-6006
16083,-7164
16084,-147
16085,-2007
16086,73
16087,-4424
16088,-5010
16089,-1773
16090,-10518
16091,-5201
16092,-13741
16093,-6402
16094,-5508
16095,-13243
16096,-5289
16097,-7105
16098,-7164
16099,-10328
16100,-4747
16101,-11631
16102,-4717
16103,-10254
16104,-9332
16105,-11470
16106,-7588
16107,-7427
16108,-5699
16109,-4556
16110,-4410
16111,-6651
16112,-9434
16113,-9449
16114,-9961
16115,-10533
16116,-10401
16117,-10357
16118,-6651
16119,-982
16120,-3003
16121,-7339
16122,-2974
16123,-8057
16124,-1656
16125,-8277
16126,-2696
16127,-9507
16128,-5582
16129,-5816
16130,-7032
16131,-2769
16132,-5728
16133,-2784
16134,-7325
16135,-7808
16136,-8672
16137,-8028
16138,-11866
16139,-9156
16140,-9141
16141,-367
16142,4951
16143,9067
16144,11806
16145,10795
16146,8159
16147,1098
16148,-3956
16149,-6856
16150,4497
16151,-12437
16152,-7354
16153,-4102
16154,-5391
16155,-4849
16156,-1202
16157,6767
16158,6459
16159,7294
16160,-1949
16161,8378
16162,2636
16163,1743
16164,175
16165,-3853
16166,2622
16167,-1553
16168,8891
16169,10869
16170,10766
16171,8188
16172,13315
16173,8422
16174,5683
16175,4804
16176,2724
16177,2841
16178,3442
16179,14208
16180,11777
16181,12773
16182,6196
16183,6518
16184,4672
16185,3193
16186,8906
16187,11030
16188,4453
16189,2915
16190,10751
16191,12392
16192,17490
16193,7617
16194,10253
16195,6357
16196,2885
16197,3764
16198,7954
16199,7236
16200,8378
16201,2827
16202,4658
16203,13081
16204,9140
16205,12670
16206,12890
16207,8540
16208,4980
16209,6562
16210,3208
16211,717
16212,6298
16213,2929
16214,12729
16215,12055
16216,15205
16217,6416
16218,6987
16219,13828
16220,17211
16221,11381
16222,11777
16223,11528
16224,6108
16225,15205
16226,6298
16227,14047
16228,9375
16229,14882
16230,15336
16231,17153
16232,16127
16233,11689
16234,6181
16235,6547
16236,7749
16237,2680
16238,16054
16239,8964
16240,9008
16241,8627
16242,7895
16243,10957
16244,9711
16245,5302
16246,9067
16247,10107
16248,-3956
16249,1347
16250,278
16251,5024
16252,2080
16253,8935
16254,6577
16255,8979
16256,5419
16257,8144
16258,8012
16259,11953
16260,8466
16261,5668
16262,12553
16263,11660
16264,16201
16265,13784
16266,11806
16267,11806
16268,7939
16269,12187
16270,12099
16271,13828
16272,11411
16273,16025
16274,14560
16275,13886
16276,13417
16277,13037
16278,12421
16279,13300
16280,11660
16281,12612
16282,12817
16283,10502
16284,14545
16285,7836
16286,16801
16287,11411
16288,15351
16289,12978
16290,7280
16291,9287
16292,5434
16293,10356
16294,13564
16295,16420
16296,12539
16297,14135
16298,9257
16299,9594
16300,11821
16301,14970
16302,13637
16303,15102
16304,15131
16305,4306
16306,12290
16307,10415
16308,12539
16309,14194
16310,14619
16311,11806
16312,12392
16313,12802
16314,8320
16315,6987
16316,2783
16317,6357
16318,9536
16319,11030
16320,3984
16321,14194
16322,11865
16323,11293
16324,11982
16325,9301
16326,14663
16327,7778
16328,1127
16329,-528
16330,6298
16331,4086
16332,7207
16333,-5215
16334,820
16335,8437
16336,9462
16337,3120
16338,688
16339,3662
16340,-1509
16341,-3853
16342,-3018
16343,1186
16344,-660
16345,6035
16346,-2667
16347,3090
16348,6899
16349,5361
16350,5493
16351,-2403
16352,3999
16353,-2579
16354,2680
16355,-2037
16356,-3985
16357,-6519
16358,-2212
16359,4277
16360,2373
16361,-2212
16362,-4864
16363,-572
16364,-6753
16365,4174
16366,-3340
16367,-5860
16368,-7852
16369,1625
16370,3530
16371,2856
16372,8041
16373,820
16374,3061
16375,-865
16376,-1612
16377,-5757
16378,-5259
16379,-3252
16380,556
16381,2841
16382,5332
16383,4951
16384,-3868
16385,29
16386,-4542
16387,-3692
16388,-6446
16389,58
16390,-10518
16391,-5113
16392,-147
16393,-2842
16394,-3135
16395,-3985
16396,-3458
16397,-7281
16398,-7398
16399,-11089
16400,-1055
16401,-6417
16402,-6343
16403,-6519
16404,-10943
16405,-7427
16406,-10181
16407,-10357
16408,-10108
16409,-1246
16410,-7413
16411,-3633
16412,-13199
16413,-9258
16414,937
16415,-5010
16416,-2095
16417,-4351
16418,-7237
16419,-6651
16420,-2417
16421,-8584
16422,-3355
16423,-3809
16424,-4468
16425,-1993
16426,1699
16427,-718
16428,-2842
16429,1787
16430,-4146
16431,-4966
16432,-3370
16433,-484
16434,-6329
16435,-5025
16436,-7017
16437,-1934
16438,-11587
16439,-7164
16440,-132
16441,-2916
16442,-176
16443,-7647
16444,1464
16445,-6768
16446,-6929
16447,-12642
16448,-12232
16449,-8614
16450,-5655
16451,-1817
16452,6445
16453,8291
16454,-7823
16455,-7969
16456,-4380
16457,-5333
16458,-7530
16459,-6343
16460,-8174
16461,-484
16462,3925
16463,-5523
16464,5229
16465,1640
16466,1142
16467,-7530
16468,-3223
16469,6196
16470,3515
16471,-6124
16472,-6534
16473,-4336
16474,-250
16475,6914
16476,-15
16477,5083
16478,-1597
16479,-6329
16480,-4263
16481,-7940
16482,-6197
16483,-11250
16484,-12496
16485,-15645
16486,-15689
16487,-11529
16488,-8086
16489,-11368
16490,-9566
16491,-10679
16492,-8995
16493,-17095
16494,-13287
16495,-15132
16496,-11924
16497,-7955
16498,-11265
16499,-7925
16500,-5289
16501,-4468
16502,-11192
16503,-1304
16504,-8248
16505,-9888
16506,-10020
16507,-11353
16508,-11075
16509,-7149
16510,454
16511,-1919
16512,4848
16513,-1509
16514,-1363
16515,-2315
16516,-5259
16517,-3428
16518,-7500
16519,-5801
16520,-6783
16521,-10357
16522,-7662
16523,3706
16524,849
16525,4028
16526,3383
16527,5449
16528,-308
16529,-5831
16530,541
16531,-4776
16532,1420
16533,-4849
16534,-1348
16535,703
16536,5419
16537,2695
16538,6445
16539,2167
16540,4672
16541,7880
16542,-1465
16543,2636
16544,-4952
16545,395
16546,2138
16547,5712
16548,-4292
16549,2358
16550,-2828
16551,-4014
16552,-1861
16553,-3721
16554,1127
16555,-2842
16556,-3443
16557,571
16558,10136
16559,-1568
16560,2504
16561,1977
16562,-3604
16563,-88
16564,-6504
16565,-4410
16566,-4161
16567,820
16568,-6182
16569,-5391
16570,-5801
16571,-3194
16572,-6021
16573,-3326
16574,-8189
16575,-13506
16576,-10899
16577,-9566
16578,-9698
16579,-9258
16580,-7808
16581,-10401
16582,-9024
16583,-8716
16584,-6812
16585,-6211
16586,-5933
16587,-14253
16588,-11236
16589,-12833
16590,-7544
16591,-572
16592,-5230
16593,-513
16594,-7969
16595,-2667
16596,4013
16597,-6417
16598,-10093
16599,-14517
16600,-15513
16601,-14810
16602,-9200
16603,-8321
16604,-9742
16605,-11236
16606,-3165
16607,-8848
16608,-4585
16609,-1231
16610,-7603
16611,-4146
16612,-12510
16613,-10416
16614,-11895
16615,-13184
16616,-15440
16617,-7413
16618,-5069
16619,-5508
16620,-4000
16621,-8760
16622,-7706
16623,-13389
16624,-10357
16625,-12876
16626,-8614
16627,-8394
16628,-2066
16629,-10738
16630,-9214
16631,219
16632,-4659
16633,-3165
16634,-6783
16635,-982
16636,-3941
16637,-4673
16638,-9537
16639,-4527
16640,-7911
16641,-5992
16642,-8892
16643,-10298
16644,-9039
16645,-10884
16646,-6534
16647,-3794
16648,5566
16649,-1114
16650,-2740
16651,-2813
16652,2080
16653,-748
16654,2373
16655,7045
16656,5039
16657,2753
16658,-3106
16659,322
16660,-3428
16661,4145
16662,-4131
16663,-3648
16664,-250
16665,-4029
16666,-3414
16667,-4717
16668,336
16669,-4483
16670,1787
16671,-3868
16672,-7691
16673,-7002
16674,-4996
16675,-6666
16676,483
16677,-5538
16678,-7164
16679,-4717
16680,-6241
16681,-10547
16682,-8394
16683,3339
16684,-12759
16685,-7750
16686,-13052
16687,-9712
16688,-8599
16689,-12671
16690,-4981
16691,-8101
16692,-1539
16693,-5435
16694,-4087
16695,-7237
16696,-5127
16697,-806
16698,2739
16699,-2637
16700,-8204
16701,-8775
16702,-5875
16703,996
16704,-5611
16705,3237
16706,2036
16707,5698
16708,585
16709,-30
16710,1611
16711,2534
16712,1347
16713,-1246
16714,-1861
16715,-3794
16716,-5318
16717,-11705
16718,3193
16719,-4043
16720,-8628
16721,-8511
16722,-7823
16723,-6431
16724,-10430
16725,-2198
16726,-9200
16727,-7222
16728,-6197
16729,-9258
16730,-12950
16731,-1656
16732,-6709
16733,-5464
16734,2387
16735,5156
16736,5434
16737,-982
16738,-59
16739,-8790
16740,-2183
16741,-1143
16742,1918
16743,1347
16744,-513
16745,3823
16746,5258
16747,8422
16748,8276
16749,9990
16750,5566
16751,9799
16752,-6709
16753,6093
16754,4936
16755,-1788
16756,2416
16757,3940
16758,5786
16759,3398
16760,7250
16761,-3252
16762,3237
16763,2768
16764,3032
16765,-1231
16766,263
16767,-1641
16768,-2154
16769,2226
16770,849
16771,5917
16772,5507
16773,2153
16774,-4366
16775,-3340
16776,-4087
16777,3588
16778,-1334
16779,820
16780,2548
16781,-1172
16782,366
16783,-9302
16784,-3721
16785,-220
16786,-1656
16787,-5977
16788,-2491
16789,-3707
16790,747
16791,5888
16792,4731
16793,9536
16794,3354
16795,6767
16796,-2110
16797,981
16798,-74
16799,-2535
16800,-6080
16801,-5025
16802,-1934
16803,-5142
16804,-1758
16805,-425
16806,4116
16807,-118
16808,2900
16809,-3106
16810,-6885
16811,-9200
16812,4453
16813,4775
16814,3295
16815,3266
16816,-8672
16817,-1158
16818,-2227
16819,-4336
16820,-3926
16821,-2798
16822,-3355
16823,-323
16824,-3941
16825,-3824
16826,-1714
16827,-4073
16828,3076
16829,-4117
16830,-2300
16831,-8335
16832,-5113
16833,-6109
16834,878
16835,4819
16836,2636
16837,-103
16838,-3091
16839,-4585
16840,-5948
16841,-4131
16842,-6973
16843,4497
16844,-4000
16845,-6651
16846,-6124
16847,-1583
16848,1230
16849,2563
16850,5683
16851,2065
16852,1127
16853,-7281
16854,-7911
16855,-3516
16856,1391
16857,87
16858,-5406
16859,-7120
16860,-8072
16861,-7647
16862,-9537
16863,-4483
16864,-792
16865,2255
16866,-5669
16867,-1656
16868,-5201
16869,-3604
16870,-7588
16871,-10709
16872,-425
16873,981
16874,10136
16875,2783
16876,2812
16877,1171
16878,2841
16879,3251
16880,-1568
16881,-5831
16882,-9888
16883,-7837
16884,-4087
16885,2636
16886,1875
16887,8950
16888,395
16889,7983
16890,2841
16891,7924
16892,6401
16893,2973
16894,3046
16895,-6373
16896,-2974
16897,-2623
16898,4921
16899,1069
16900,-411
16901,4746
16902,4760
16903,73
16904,1669
16905,-1993
16906,-7178
16907,29
16908,2519
16909,8437
16910,4892
16911,8745
16912,3632
16913,3559
16914,8979
16915,3574
16916,-30
16917,1655
16918,2343
16919,-381
16920,9199
16921,2695
16922,3149
16923,732
16924,1640
16925,-2315
16926,278
16927,1215
16928,-3399
16929,6767
16930,3706
16931,6914
16932,4526
16933,6840
16934,7749
16935,7954
16936,4599
16937,11059
16938,1625
16939,6987
16940,4013
16941,-6153
16942,6694
16943,3032
16944,8378
16945,10107
16946,8818
16947,2578
16948,9213
16949,3266
16950,5390
16951,12451
16952,5493
16953,6767
16954,2885
16955,8071
16956,-2696
16957,6225
16958,2856
16959,-1949
16960,-30
16961,-6036
16962,-5084
16963,-6753
16964,-1407
16965,-2959
16966,219
16967,-4585
16968,6035
16969,1113
16970,-7017
16971,-8277
16972,-6666
16973,-3985
16974,-15
16975,-601
16976,644
16977,5522
16978,-6783
16979,2285
16980,410
16981,3398
16982,1860
16983,-4864
16984,1230
16985,-5333
16986,2153
16987,3134
16988,7280
16989,2446
16990,2475
16991,4438
16992,1904
16993,3046
16994,6796
16995,29
16996,-2022
16997,-3809
16998,-9698
16999,-1041
17000,-938
17001,7661
17002,5375
17003,2739
17004,-3296
17005,3486
17006,2124
17007,9418
17008,9770
17009,3896
17010,7558
17011,1772
17012,4511
17013,4189
17014,7866
17015,6328
17016,8583
17017,9067
17018,11279
17019,10795
17020,7470
17021,-367
17022,-9566
17023,2724
17024,1494
17025,4995
17026,3398
17027,2329
17028,6972
17029,8437
17030,11015
17031,11879
17032,14018
17033,9360
17034,8027
17035,-235
17036,4907
17037,161
17038,834
17039,-1026
17040,893
17041,2885
17042,2241
17043,1845
17044,-4761
17045,2666
17046,3574
17047,4951
17048,-6373
17049,29
17050,1010
17051,-3941
17052,-352
17053,-3604
17054,688
17055,-3384
17056,1069
17057,-8804
17058,-2842
17059,-2696
17060,-250
17061,3134
17062,571
17063,-6592
17064,-6094
17065,-6036
17066,-12393
17067,-4454
17068,-9302
17069,-8599
17070,-6226
17071,-4673
17072,-6753
17073,-528
17074,366
17075,-1744
17076,5917
17077,1523
17078,-2154
17079,-9800
17080,-11426
17081,-8921
17082,-7032
17083,-12642
17084,-9405
17085,-8863
17086,-5889
17087,-3692
17088,-5157
17089,-3106
17090,-8702
17091,-4952
17092,-11792
17093,-12920
17094,-11763
17095,-9141
17096,-5523
17097,-5977
17098,-7193
17099,-5875
17100,-7325
17101,-11177
17102,-4029
17103,-6460
17104,-5450
17105,-11148
17106,-3619
17107,-2959
17108,-1202
17109,3852
17110,-542
17111,-2754
17112,-2549
17113,-2916
17114,-9141
17115,-5362
17116,-12320
17117,-10313
17118,-6695
17119,-5962
17120,-1729
17121,-6812
17122,-4761
17123,-5450
17124,-2242
17125,-7383
17126,-2828
17127,-6358
17128,-5420
17129,-6900
17130,-2725
17131,-2110
17132,-1597
17133,5727
17134,205
17135,717
17136,-3091
17137,-3560
17138,-5582
17139,-1905
17140,-9961
17141,-6270
17142,-7735
17143,-6373
17144,-4864
17145,-3882
17146,1318
17147,-3443
17148,1508
17149,-6124
17150,-4498
17151,-6504
17152,-8174
17153,-5391
17154,-8072
17155,-3677
17156,1069
17157,4013
17158,864
17159,2929
17160,-1231
17161,-4966
17162,-6475
17163,-5582
17164,-11470
17165,-9449
17166,-7369
17167,-3223
17168,10327
17169,6635
17170,11264
17171,4628
17172,6650
17173,3237
17174,8056
17175,10722
17176,6621
17177,-2623
17178,-10899
17179,-7808
17180,-10723
17181,-660
17182,190
17183,9404
17184,6708
17185,7001
17186,5786
17187,8232
17188,7836
17189,-601
17190,-542
17191,688
17192,3017
17193,336
17194,6254
17195,2739
17196,6181
17197,4409
17198,2255
17199,-2037
17200,-4732
17201,-367
17202,-3736
17203,3574
17204,-3926
17205,-396
17206,-293
17207,-396
17208,-542
17209,498
17210,-2520
17211,-1304
17212,1376
17213,-2461
17214,8671
17215,4775
17216,10268
17217,11191
17218,14970
17219,10810
17220,14443
17221,10048
17222,8276
17223,7866
17224,5317
17225,12290
17226,6943
17227,14648
17228,12070
17229,12714
17230,15190
17231,14077
17232,9008
17233,11528
17234,15322
17235,7924
17236,11865
17237,13842
17238,11821
17239,14223
17240,12172
17241,9125
17242,16582
17243,15483
17244,15014
17245,16684
17246,17314
17247,16567
17248,12172
17249,14370
17250,13461
17251,15205
17252,7968
17253,10781
17254,13403
17255,16157
17256,14355
17257,11923
17258,15278
17259,15380
17260,13945
17261,10913
17262,16347
17263,16333
17264,11909
17265,15366
17266,14003
17267,14809
17268,12817
17269,15014
17270,12583
17271,12919
17272,14077
17273,12451
17274,11748
17275,15483
17276,14912
17277,17841
17278,12421
17279,11630
17280,12304
17281,9140
17282,12919
17283,13432
17284,15615
17285,12993
17286,11909
17287,12861
17288,13491
17289,11835
17290,14970
17291,14296
17292,8437
17293,11235
17294,5185
17295,12832
17296,9711
17297,12875
17298,10224
17299,13198
17300,11645
17301,12231
17302,16699
17303,15322
17304,12861
17305,8920
17306,12875
17307,5332
17308,12114
17309,8012
17310,7045
17311,11821
17312,12597
17313,15131
17314,12377
17315,14238
17316,15249
17317,13798
17318,7368
17319,11088
17320,5742
17321,4892
17322,3369
17323,8759
17324,11777
17325,12187
17326,16992
17327,12363
17328,12788
17329,5463
17330,9609
17331,7016
17332,9873
17333,2094
17334,483
17335,4702
17336,3574
17337,2812
17338,-162
17339,8129
17340,791
17341,10634
17342,7397
17343,8334
17344,12202
17345,10063
17346,9345
17347,9843
17348,3603
17349,1640
17350,6313
17351,2915
17352,4731
17353,4350
17354,6723
17355,6855
17356,8203
17357,4365
17358,7148
17359,9389
17360,12260
17361,12260
17362,4409
17363,5449
17364,1552
17365,7734
17366,6254
17367,8188
17368,8217
17369,4350
17370,8466
17371,5595
17372,7866
17373,14414
17374,8393
17375,8994
17376,8701
17377,9301
17378,11147
17379,7558
17380,6020
17381,9873
17382,7016
17383,12070
17384,5346
17385,13930
17386,11557
17387,11220
17388,5068
17389,10795
17390,9741
17391,9741
17392,6518
17393,2827
17394,805
17395,1508
17396,1523
17397,659
17398,10810
17399,3457
17400,6899
17401,4277
17402,4335
17403,1289
17404,131
17405,3413
17406,3955
17407,9960
17408,4248
17409,4877
17410,-3062
17411,58
17412,2153
17413,4643
17414,146
17415,2885
17416,3442
17417,-938
17418,1655
17419,-6329
17420,-337
17421,161
17422,6518
17423,600
17424,1669
17425,-909
17426,-4102
17427,-191
17428,-1524
17429,6284
17430,1992
17431,4130
17432,-9141
17433,-5464
17434,-4498
17435,-5318
17436,-9375
17437,-5406
17438,-7881
17439,-3267
17440,2841
17441,-5801
17442,2548
17443,-6724
17444,-5582
17445,-12818
17446,-10430
17447,-13931
17448,-13360
17449,-13272
17450,-14136
17451,-6841
17452,-4512
17453,-4087
17454,-4556
17455,-3165
17456,-8804
17457,-2901
17458,-2256
17459,-3780
17460,-7984
17461,-9625
17462,-10958
17463,-11221
17464,-3853
17465,-6988
17466,-3062
17467,-3633
17468,-8687
17469,-10694
17470,-938
17471,-8057
17472,-10284
17473,-10884
17474,-12540
17475,-12847
17476,-13550
17477,-8848
17478,-9507
17479,-9932
17480,-10533
17481,-6607
17482,-5728
17483,-8555
17484,-2066
17485,-4351
17486,-4043
17487,-5948
17488,-6944
17489,-9419
17490,-3384
17491,-8335
17492,-8599
17493,-10108
17494,-7984
17495,-4629
17496,-5303
17497,-3238
17498,-4805
17499,1142
17500,-3194
17501,908
17502,-865
17503,4584
17504,3662
17505,-1788
17506,-4615
17507,-4351
17508,-806
17509,-7076
17510,-411
17511,-3472
17512,-2491
17513,-3926
17514,-2051
17515,-5772
17516,-1963
17517,-323
17518,-2110
17519,776
17520,-1963
17521,-1070
17522,-3956
17523,-806
17524,-11558
17525,-4395
17526,-6226
17527,-4073
17528,-2256
17529,-4805
17530,-5318
17531,-11939
17532,-9156
17533,-12305
17534,-10152
17535,-11836
17536,-11514
17537,-8760
17538,-6783
17539,-9625
17540,-8028
17541,-7134
17542,-9068
17543,-3003
17544,-8555
17545,-9332
17546,-17754
17547,-7925
17548,-9903
17549,-7090
17550,-8189
17551,-8863
17552,-10503
17553,-12042
17554,-11456
17555,-14459
17556,-9390
17557,-11470
17558,-10694
17559,-16275
17560,-13404
17561,-14737
17562,-14341
17563,-10284
17564,-13331
17565,-9888
17566,-13521
17567,-9888
17568,-13243
17569,-11236
17570,-11177
17571,-13975
17572,-18853
17573,-15528
17574,-18047
17575,-13711
17576,-13799
17577,-15367
17578,-9273
17579,-11939
17580,-10518
17581,-13301
17582,-13052
17583,-7413
17584,-8731
17585,-4292
17586,-7017
17587,-11924
17588,-14634
17589,-12774
17590,-14004
17591,-4600
17592,-9039
17593,-10430
17594,-9478
17595,-7969
17596,-5303
17597,-4454
17598,1113
17599,-3926
17600,-4717
17601,-7251
17602,-5992
17603,-8892
17604,-7251
17605,-8877
17606,-5069
17607,-8321
17608,-264
17609,-1216
17610,-7896
17611,-323
17612,-11983
17613,-6241
17614,-10079
17615,-5787
17616,-10269
17617,-10459
17618,-10035
17619,-8423
17620,-3501
17621,-1802
17622,-235
17623,-3560
17624,922
17625,-6812
17626,-660
17627,-8716
17628,-3091
17629,-8643
17630,-13213
17631,-15176
17632,-12422
17633,-11631
17634,-12994
17635,-8467
17636,-5918
17637,-411
17638,-7339
17639,-6109
17640,-7032
17641,-6724
17642,-6065
17643,-7134
17644,-4483
17645,-4454
17646,-2051
17647,-6021
17648,-8086
17649,-8248
17650,-4893
17651,-12115
17652,-6578
17653,-10445
17654,-10679
17655,-9581
17656,-10533
17657,-4747
17658,-7002
17659,-909
17660,175
17661,-425
17662,161
17663,-1832
17664,-8804
17665,-7852
17666,-7940
17667,-7266
17668,-2198
17669,-7632
17670,-6490
17671,-6783
17672,-2110
17673,-6080
17674,-4395
17675,-10342
17676,-7793
17677,-11880
17678,-11690
17679,-7237
17680,-12950
17681,-9698
17682,-11089
17683,-9214
17684,-10811
17685,-8980
17686,-10357
17687,-15411
17688,-10298
17689,-14209
17690,-9800
17691,-9844
17692,-4366
17693,-8013
17694,-3853
17695,-6387
17696,5463
17697,-1495
17698,952
17699,4863
17700,688
17701,2021
17702,-1612
17703,-2476
17704,-6285
17705,1787
17706,2680
17707,4116
17708,673
17709,1230
17710,-5201
17711,-5494
17712,-2916
17713,-9654
17714,-1700
17715,-9053
17716,-7134
17717,-12203
17718,-3428
17719,-11089
17720,-6036
17721,1860
17722,1171
17723,2460
17724,3984
17725,6855
17726,4262
17727,5302
17728,-2710
17729,1347
17730,-1363
17731,-9800
17732,-6343
17733,-5948
17734,2651
17735,4350
17736,10517
17737,8745
17738,8657
17739,-2330
17740,1552
17741,161
17742,10825
17743,4291
17744,2929
17745,-3589
17746,-8482
17747,4277
17748,1743
17749,5668
17750,-44
17751,4248
17752,5112
17753,43
17754,-1978
17755,-293
17756,-5611
17757,-6490
17758,-1348
17759,-4893
17760,-792
17761,336
17762,6459
17763,-5728
17764,-235
17765,-3750
17766,-3077
17767,-1172
17768,-2886
17769,-3589
17770,-8775
17771,-8057
17772,-8057
17773,-2667
17774,-11133
17775,-8306
17776,-6387
17777,-4878
17778,-5552
17779,-5362
17780,1069
17781,395
17782,1230
17783,-4805
17784,-5318
17785,-11324
17786,-2081
17787,-5245
17788,-4161
17789,-2637
17790,-3384
17791,-4322
17792,-6666
17793,-1670
17794,-6563
17795,-3868
17796,-8628
17797,-3311
17798,-8306
17799,-5084
17800,-9375
17801,410
17802,1303
17803,2343
17804,4848
17805,-6724
17806,-3531
17807,-9375
17808,-9170
17809,-7061
17810,-5933
17811,-13067
17812,-7164
17813,-6358
17814,-8863
17815,-8848
17816,-11968
17817,-5816
17818,-11822
17819,-3721
17820,-10782
17821,-10621
17822,-7369
17823,-4659
17824,-2754
17825,29
17826,-3414
17827,-8658
17828,-11485
17829,-12247
17830,-11807
17831,-8907
17832,-6226
17833,-12276
17834,-6680
17835,-3135
17836,-4703
17837,-4336
17838,805
17839,1567
17840,-5142
17841,-5274
17842,-10591
17843,-6021
17844,-8423
17845,-6871
17846,-6446
17847,-9214
17848,-8863
17849,-5274
17850,249
17851,-6109
17852,1845
17853,-337
17854,3618
17855,5947
17856,-279
17857,-2769
17858,-1861
17859,-1143
17860,527
17861,9550
17862,4335
17863,9492
17864,2021
17865,73
17866,2153
17867,5507
17868,9697
17869,6166
17870,878
17871,-12144
17872,-10958
17873,-10005
17874,-1773
17875,-220
17876,11118
17877,1684
17878,7456
17879,7910
17880,8496
17881,14824
17882,15292
17883,11264
17884,7148
17885,3208
17886,-5918
17887,278
17888,-293
17889,3852
17890,2622
17891,5800
17892,12128
17893,6210
17894,9404
17895,7016
17896,6459
17897,5361
17898,8671
17899,11440
17900,10986
17901,9038
17902,12890
17903,12231
17904,10913
17905,10664
17906,9858
17907,14135
17908,8159
17909,10722
17910,8876
17911,12875
17912,11367
17913,8759
17914,6079
17915,-103
17916,2504
17917,512
17918,5800
17919,4833
17920,9975
17921,3120
17922,5463
17923,1992
17924,5932
17925,3647
17926,2402
17927,5039
17928,-1026
17929,908
17930,1699
17931,3911
17932,7734
17933,11557
17934,11689
17935,7778
17936,11923
17937,12758
17938,10532
17939,11733
17940,10473
17941,12158
17942,17006
17943,11953
17944,14560
17945,14179
17946,15468
17947,13725
17948,12919
17949,9887
17950,7338
17951,8862
17952,7983
17953,13549
17954,16157
17955,11997
17956,12465
17957,13417
17958,9199
17959,13637
17960,14355
17961,13095
17962,11411
17963,14018
17964,17695
17965,10415
17966,17929
17967,15952
17968,15043
17969,11879
17970,14604
17971,9814
17972,12714
17973,14106
17974,11821
17975,16289
17976,11264
17977,17915
17978,15292
17979,13037
17980,17416
17981,15498
17982,17358
17983,15761
17984,17431
17985,15322
17986,11865
17987,12055
17988,11044
17989,13901
17990,16962
17991,12729
17992,18017
17993,15849
17994,13417
17995,13842
17996,12963
17997,13154
17998,12084
17999,13154
18000,11147
18001,12421
18002,13461
18003,15014
18004,13066
18005,12641
18006,12963
18007,10473
18008,16582
18009,14121
18010,18325
18011,13447
18012,16318
18013,15087
18014,13432
18015,11513
18016,15234
18017,14033
18018,14970
18019,14721
18020,15556
18021,14604
18022,11806
18023,15307
18024,14633
18025,12934
18026,11865
18027,10034
18028,4379
18029,1054
18030,3208
18031,5039
18032,14282
18033,7675
18034,8100
18035,4394
18036,7148
18037,4687
18038,4233
18039,6489
18040,9272
18041,4951
18042,483
18043,6328
18044,4570
18045,6240
18046,-2842
18047,2299
18048,-11001
18049,1831
18050,2563
18051,-3941
18052,-2447
18053,-1172
18054,-3516
18055,-2198
18056,527
18057,-206
18058,4350
18059,-2417
18060,5258
18061,3237
18062,659
18063,3735
18064,4863
18065,3618
18066,2255
18067,7045
18068,117
18069,4790
18070,2915
18071,6108
18072,4570
18073,4233
18074,5039
18075,6152
18076,7734
18077,8554
18078,11601
18079,5302
18080,1347
18081,1596
18082,7426
18083,2182
18084,3793
18085,4306
18086,6884
18087,8173
18088,6137
18089,9140
18090,4277
18091,7631
18092,4863
18093,9462
18094,1948
18095,3002
18096,5200
18097,-762
18098,7104
18099,7646
18100,6166
18101,2622
18102,1640
18103,-2095
18104,278
18105,-3868
18106,2343
18107,981
18108,-1788
18109,-4058
18110,-9273
18111,-10958
18112,-8248
18113,-3604
18114,-9112
18115,-4322
18116,-7837
18117,-3692
18118,-1143
18119,2871
18120,-1070
18121,3032
18122,8144
18123,761
18124,1435
18125,-4439
18126,-6797
18127,-9493
18128,-10943
18129,-12701
18130,-11089
18131,-12144
18132,-9083
18133,-6680
18134,-7793
18135,864
18136,-3384
18137,-748
18138,-7618
18139,-3531
18140,-7208
18141,-9727
18142,-8321
18143,-8980
18144,-5479
18145,-835
18146,-396
18147,-6915
18148,-3736
18149,-6431
18150,-1846
18151,-7618
18152,-6285
18153,-9742
18154,-14429
18155,-16114
18156,-16421
18157,-13667
18158,-11543
18159,-10254
18160,-14634
18161,-14092
18162,-13125
18163,-13711
18164,-8013
18165,-6138
18166,-8248
18167,-14327
18168,-15000
18169,-15777
18170,-11939
18171,-12964
18172,-6973
18173,-7134
18174,-2637
18175,-3091
18176,-1246
18177,-2886
18178,-2491
18179,-4175
18180,-8760
18181,-5333
18182,-11163
18183,439
18184,-5567
18185,-3941
18186,-3912
18187,-4600
18188,-3252
18189,-8907
18190,-9595
18191,-14913
18192,-9698
18193,-7793
18194,-7881
18195,-8687
18196,-10752
18197,-12906
18198,-12071
18199,-11221
18200,-7881
18201,-7164
18202,-8936
18203,-7486
18204,-9361
18205,-11514
18206,-9434
18207,-9742
18208,-11514
18209,-9273
18210,-9566
18211,-6636
18212,-7486
18213,-8584
18214,-5274
18215,-8057
18216,-4131
18217,-12085
18218,-10796
18219,-5875
18220,-3633
18221,-3150
18222,-4542
18223,-2652
18224,-4644
18225,-7076
18226,-6241
18227,-2725
18228,-5435
18229,-2798
18230,-9932
18231,-6036
18232,-5201
18233,-5948
18234,-4717
18235,-4600
18236,-3282
18237,-5215
18238,-3091
18239,-10709
18240,-7925
18241,-8438
18242,-5904
18243,-8013
18244,-9756
18245,-4791
18246,-10269
18247,-8042
18248,-10928
18249,-7574
18250,-12466
18251,-12452
18252,-16202
18253,-12950
18254,-15601
18255,-8570
18256,-7251
18257,-4585
18258,-1963
18259,-10459
18260,-12452
18261,-16143
18262,-12950
18263,-11631
18264,-9405
18265,-11763
18266,-10826
18267,-11968
18268,-13521
18269,-12906
18270,-17432
18271,-12964
18272,-12378
18273,-8760
18274,-11412
18275,-9800
18276,-13873
18277,-9522
18278,-7647
18279,-7295
18280,-12305
18281,-16392
18282,-11324
18283,-14532
18284,-10752
18285,-11016
18286,-12261
18287,-14400
18288,-14898
18289,-13667
18290,-14151
18291,-12891
18292,-13008
18293,-9302
18294,-15542
18295,-13082
18296,-16202
18297,-10928
18298,-10870
18299,-10269
18300,-12247
18301,-4117
18302,-2417
18303,-8892
18304,-3106
18305,-8204
18306,-6065
18307,-12701
18308,-10328
18309,-11412
18310,-8116
18311,-10240
18312,-11690
18313,-14209
18314,-12554
18315,-8526
18316,-10738
18317,-8028
18318,-11133
18319,-3882
18320,-11324
18321,-9903
18322,-10474
18323,-12173
18324,-14004
18325,-13697
18326,-12730
18327,-8863
18328,-6797
18329,-5186
18330,-264
18331,-6944
18332,-1993
18333,-3355
18334,-5450
18335,-7559
18336,-7281
18337,-6666
18338,-6900
18339,-5845
18340,-7120
18341,-2974
18342,-3077
18343,292
18344,-5787
18345,-6197
18346,-6988
18347,-11119
18348,-6768
18349,-7911
18350,-6094
18351,-7515
18352,-6226
18353,-5831
18354,-3267
18355,-5567
18356,87
18357,-586
18358,1142
18359,2124
18360,73
18361,1743
18362,-6358
18363,761
18364,-1275
18365,703
18366,-3956
18367,-4278
18368,-3047
18369,-1260
18370,1508
18371,600
18372,3427
18373,366
18374,2739
18375,-821
18376,424
18377,-10401
18378,-1011
18379,58
18380,-7867
18381,-7281
18382,-7134
18383,-5655
18384,-762
18385,3647
18386,585
18387,4892
18388,-3443
18389,-1084
18390,-7046
18391,-4952
18392,-9200
18393,-12437
18394,-12027
18395,-10386
18396,-8834
18397,-12510
18398,-7735
18399,-14209
18400,-8628
18401,-11163
18402,-14004
18403,-8643
18404,-4498
18405,-4336
18406,-2593
18407,-3926
18408,-10489
18409,-2549
18410,-6709
18411,292
18412,-5962
18413,-3443
18414,-1583
18415,-6270
18416,4335
18417,7675
18418,7705
18419,6562
18420,7866
18421,-1026
18422,2431
18423,395
18424,3793
18425,-4644
18426,3339
18427,2988
18428,-3721
18429,-323
18430,-4937
18431,3398
18432,1274
18433,2563
18434,-923
18435,4306
18436,-4483
18437,-6504
18438,-9024
18439,-6138
18440,1098
18441,1494
18442,6708
18443,4423
18444,6079
18445,5683
18446,7954
18447,5317
18448,11030
18449,9360
18450,5581
18451,6811
18452,234
18453,4160
18454,5507
18455,12451
18456,11469
18457,11718
18458,12612
18459,13930
18460,14414
18461,10224
18462,9667
18463,5097
18464,7573
18465,3383
18466,9711
18467,8320
18468,11762
18469,8598
18470,11293
18471,12495
18472,9960
18473,12202
18474,11015
18475,9770
18476,8041
18477,11748
18478,3222
18479,6416
18480,6416
18481,6928
18482,1201
18483,3544
18484,2578
18485,2534
18486,7749
18487,-1875
18488,6606
18489,2622
18490,3837
18491,-762
18492,6035
18493,4072
18494,2431
18495,2915
18496,1728
18497,1567
18498,629
18499,2255
18500,-2945
18501,5800
18502,-4483
18503,-88
18504,2651
18505,2724
18506,4145
18507,-1114
18508,2402
18509,2490
18510,2915
18511,-293
18512,4394
18513,-5333
18514,234
18515,-4058
18516,-1172
18517,6767
18518,3032
18519,5332
18520,2211
18521,-1553
18522,-5875
18523,-1304
18524,-10049
18525,-5347
18526,-4058
18527,-2959
18528,-2491
18529,102
18530,4335
18531,-5010
18532,-689
18533,-7105
18534,-923
18535,-4131
18536,-2857
18537,-4175
18538,-1480
18539,1552
18540,7792
18541,7060
18542,-2417
18543,1625
18544,-3033
18545,1933
18546,-3414
18547,-660
18548,-3648
18549,410
18550,1186
18551,-4952
18552,-5084
18553,-7515
18554,-4805
18555,-3326
18556,-455
18557,-2813
18558,454
18559,-4703
18560,3076
18561,-74
18562,-2212
18563,-6988
18564,-7984
18565,249
18566,-572
18567,6269
18568,541
18569,4790
18570,14
18571,-1187
18572,-2637
18573,2080
18574,4702
18575,9067
18576,9257
18577,1391
18578,600
18579,-7559
18580,2226
18581,3295
18582,7309
18583,2504
18584,5375
18585,6796
18586,7690
18587,8071
18588,10180
18589,11499
18590,8774
18591,8891
18592,2416
18593,4335
18594,2666
18595,4467
18596,1845
18597,2153
18598,6752
18599,4130
18600,5156
18601,-1465
18602,1611
18603,-411
18604,2285
18605,2402
18606,3911
18607,-2110
18608,4189
18609,4423
18610,7309
18611,11704
18612,3793
18613,8320
18614,5742
18615,9770
18616,8803
18617,10019
18618,58
18619,249
18620,-4073
18621,-3091
18622,5375
18623,102
18624,10693
18625,7602
18626,12509
18627,4980
18628,7045
18629,6796
18630,6430
18631,4467
18632,-469
18633,-411
18634,-1626
18635,146
18636,-499
18637,4936
18638,3999
18639,7807
18640,4614
18641,2666
18642,7485
18643,3295
18644,7939
18645,5961
18646,8510
18647,11704
18648,10283
18649,11103
18650,15014
18651,14179
18652,13784
18653,14912
18654,14428
18655,15908
18656,10751
18657,13315
18658,8496
18659,11586
18660,10180
18661,11762
18662,14692
18663,15336
18664,6020
18665,7792
18666,11850
18667,10957
18668,11689
18669,11250
18670,12846
18671,6181
18672,11982
18673,6899
18674,12861
18675,4497
18676,3002
18677,5815
18678,5053
18679,8979
18680,10400
18681,10458
18682,9726
18683,12626
18684,9799
18685,11513
18686,13549
18687,12978
18688,12700
18689,14267
18690,13535
18691,8950
18692,11499
18693,13842
18694,14707
18695,12407
18696,14487
18697,12568
18698,14208
18699,13520
18700,15454
18701,14794
18702,14121
18703,16816
18704,13432
18705,14487
18706,13315
18707,12656
18708,10722
18709,12685
18710,13520
18711,13037
18712,14428
18713,12773
18714,13022
18715,13593
18716,13754
18717,12055
18718,18413
18719,10795
18720,10576
18721,5756
18722,4907
18723,12465
18724,14121
18725,13754
18726,12626
18727,15278
18728,4335
18729,5302
18730,7792
18731,9023
18732,14809
18733,12817
18734,6738
18735,-2344
18736,3208
18737,-308
18738,8686
18739,7646
18740,13022
18741,5976
18742,9990
18743,10664
18744,10004
18745,15131
18746,5786
18747,10385
18748,3647
18749,5625
18750,3706
18751,5771
18752,-572
18753,3911
18754,8276
18755,8745
18756,6123
18757,3149
18758,4497
18759,2124
18760,2871
18761,-3194
18762,1420
18763,-2681
18764,2036
18765,-3882
18766,1494
18767,73
18768,3764
18769,7690
18770,3632
18771,6635
18772,1538
18773,2299
18774,-235
18775,6005
18776,1567
18777,-2667
18778,-3091
18779,-1084
18780,2548
18781,2666
18782,1552
18783,-2330
18784,-74
18785,-3003
18786,1655
18787,-1612
18788,1289
18789,6943
18790,6928
18791,5507
18792,2182
18793,4980
18794,-15
18795,1582
18796,-3135
18797,-1084
18798,-542
18799,2885
18800,87
18801,6562
18802,3383
18803,2358
18804,7089
18805,1845
18806,12963
18807,4614
18808,4379
18809,2094
18810,4965
18811,6782
18812,5654
18813,6870
18814,-967
18815,-5801
18816,-8687
18817,-5201
18818,-2344
18819,7368
18820,2973
18821,9096
18822,6489
18823,7089
18824,10078
18825,5786
18826,7485
18827,4936
18828,6694
18829,-616
18830,820
18831,-850
18832,5639
18833,-879
18834,-6094
18835,-13082
18836,-15323
18837,-12203
18838,-11763
18839,-2051
18840,-9478
18841,-6666
18842,-10943
18843,-11148
18844,-6959
18845,-2139
18846,-6592
18847,-6915
18848,-3970
18849,468
18850,2021
18851,-2315
18852,-1041
18853,-5157
18854,1933
18855,-8321
18856,-9390
18857,-7896
18858,-6050
18859,-1407
18860,-6944
18861,-10357
18862,-12217
18863,-5977
18864,-7354
18865,-5728
18866,-8965
18867,-3091
18868,-7222
18869,-7852
18870,-4498
18871,-8995
18872,-8746
18873,-13462
18874,-11324
18875,-13316
18876,-8658
18877,-12496
18878,-13755
18879,-14180
18880,-12466
18881,-5010
18882,-3736
18883,541
18884,-8321
18885,-6636
18886,-9771
18887,-10269
18888,-13257
18889,-11412
18890,-12745
18891,-12422
18892,-12144
18893,-10035
18894,-9537
18895,-10665
18896,-4498
18897,-9170
18898,-3589
18899,-6402
18900,-4395
18901,-11485
18902,-7178
18903,-8086
18904,-10943
18905,-10606
18906,-10621
18907,-4878
18908,-9683
18909,-11807
18910,-14195
18911,-15674
18912,-12349
18913,-14546
18914,-11661
18915,-13741
18916,-13155
18917,-13565
18918,-12818
18919,-11998
18920,-8262
18921,-10372
18922,-4864
18923,-13184
18924,-6153
18925,-2930
18926,-3970
18927,-337
18928,-1890
18929,2636
18930,131
18931,4057
18932,-88
18933,5214
18934,4760
18935,4863
18936,2329
18937,7368
18938,5815
18939,4204
18940,5097
18941,1552
18942,3413
18943,-4219
18944,-1626
18945,-3897
18946,-1275
18947,-2828
18948,-5845
18949,-5523
18950,-6900
18951,-2344
18952,-2256
18953,-4659
18954,-9039
18955,-6021
18956,-11148
18957,-9288
18958,-11895
18959,-11763
18960,-10035
18961,-4644
18962,1464
18963,-572
18964,-3956
18965,-12979
18966,-8921
18967,-9361
18968,-10181
18969,-12437
18970,-10899
18971,-11939
18972,-12510
18973,-19263
18974,-14092
18975,-13155
18976,-17037
18977,-8130
18978,-10811
18979,-7940
18980,-9786
18981,-7574
18982,-6680
18983,-3135
18984,-5875
18985,-11763
18986,-14004
18987,-12349
18988,-10049
18989,-12012
18990,-10752
18991,-12027
18992,-7881
18993,-6548
18994,-9053
18995,-11280
18996,-11133
18997,-12759
18998,-13697
18999,-12950
19000,-13243
19001,-14913
19002,-16421
19003,-17183
19004,-15601
19005,-12891
19006,-16495
19007,-12261
19008,-6109
19009,-9170
19010,-6739
19011,-8467
19012,-7413
19013,-10972
19014,-9903
19015,-10430
19016,-5084
19017,-10840
19018,-17476
19019,-14268
19020,-15484
19021,-6944
19022,-12774
19023,-8350
19024,-10152
19025,-7295
19026,-13536
19027,-7808
19028,-12979
19029,-13345
19030,-16451
19031,-16875
19032,-10430
19033,-8042
19034,439
19035,-2930
19036,-1905
19037,-6666
19038,-2359
19039,58
19040,-4922
19041,-3355
19042,-5699
19043,-9039
19044,-11910
19045,-7662
19046,-10855
19047,-10401
19048,-10987
19049,-9932
19050,-8892
19051,-7588
19052,1142
19053,-308
19054,864
19055,-2608
19056,-132
19057,-5611
19058,-4146
19059,-6373
19060,-7559
19061,-8394
19062,-5962
19063,-8072
19064,-5523
19065,-7544
19066,-9009
19067,-7618
19068,-9244
19069,-9053
19070,-8731
19071,-3956
19072,-9463
19073,-6490
19074,-10328
19075,-11177
19076,-6651
19077,-9478
19078,-3912
19079,-10987
19080,-10181
19081,-10416
19082,-4395
19083,-1334
19084,2094
19085,878
19086,805
19087,-59
19088,-5391
19089,996
19090,-2959
19091,-894
19092,-7457
19093,-3736
19094,-6739
19095,-5040
19096,-1524
19097,-8834
19098,-2872
19099,-10665
19100,-14737
19101,-12935
19102,-4820
19103,-6548
19104,-4688
19105,-9874
19106,-8672
19107,-7164
19108,-10328
19109,-7588
19110,-6299
19111,87
19112,-3516
19113,-3912
19114,-12056
19115,-7925
19116,-10855
19117,-9288
19118,-6944
19119,-12100
19120,-13331
19121,-13052
19122,-9419
19123,-9273
19124,-909
19125,-1436
19126,4833
19127,3852
19128,4921
19129,1362
19130,2197
19131,5200
19132,9755
19133,12363
19134,4570
19135,5009
19136,-3736
19137,380
19138,-2081
19139,732
19140,2563
19141,5112
19142,820
19143,-5743
19144,-8101
19145,-15015
19146,-7603
19147,-9361
19148,-1509
19149,-1861
19150,-3794
19151,-4542
19152,-1055
19153,-2256
19154,5317
19155,8950
19156,3735
19157,6665
19158,-381
19159,3720
19160,-235
19161,4423
19162,1523
19163,3325
19164,8320
19165,9140
19166,13022
19167,8745
19168,4614
19169,8540
19170,12290
19171,10371
19172,13549
19173,9477
19174,11367
19175,10590
19176,4511
19177,6943
19178,6591
19179,5449
19180,3911
19181,9155
19182,3515
19183,8774
19184,6708
19185,6093
19186,4482
19187,7514
19188,8613
19189,5551
19190,10795
19191,8334
19192,9755
19193,3574
19194,4511
19195,-2198
19196,1069
19197,-4908
19198,-5567
19199,-8145
19200,-7793
19201,-6797
19202,-7149
19203,2387
19204,-5084
19205,-1714
19206,-5625
19207,-3487
19208,-2271
19209,-176
19210,73
19211,1025
19212,2812
19213,893
19214,2182
19215,-2930
19216,4599
19217,-1377
19218,454
19219,-2535
19220,-689
19221,219
19222,-2549
19223,-396
19224,-3838
19225,-1524
19226,-4058
19227,-1304
19228,-4571
19229,-3487
19230,-5933
19231,-2037
19232,-3091
19233,322
19234,2783
19235,659
19236,3325
19237,-7032
19238,-7046
19239,-11265
19240,-10225
19241,-14459
19242,-15586
19243,-12994
19244,-8819
19245,-3589
19246,-3062
19247,1918
19248,-8877
19249,-4366
19250,-12642
19251,-12452
19252,-9258
19253,-9024
19254,-7676
19255,-11558
19256,-14253
19257,-16099
19258,-13931
19259,-13975
19260,-10284
19261,-7764
19262,-2476
19263,-4483
19264,-7310
19265,-8394
19266,-821
19267,1625
19268,-7691
19269,-7662
19270,-12642
19271,-8584
19272,-8672
19273,-1934
19274,-7208
19275,2563
19276,-1524
19277,-4190
19278,-4219
19279,-6490
19280,-3150
19281,981
19282,2534
19283,1098
19284,87
19285,-3106
19286,-2198
19287,1875
19288,2387
19289,380
19290,6533
19291,9052
19292,7353
19293,11777
19294,1933
19295,5581
19296,2299
19297,6577
19298,2299
19299,5258
19300,1054
19301,-5025
19302,-10870
19303,-10152
19304,-6255
19305,-1934
19306,5844
19307,2504
19308,6796
19309,585
19310,3969
19311,-6490
19312,-7237
19313,-3824
19314,-8936
19315,-4029
19316,-2066
19317,2343
19318,4262
19319,9873
19320,8027
19321,13007
19322,13212
19323,11704
19324,10620
19325,5932
19326,7280
19327,-2125
19328,3090
19329,-250
19330,7338
19331,4731
19332,7031
19333,6284
19334,7500
19335,12407
19336,10385
19337,12846
19338,6943
19339,11279
19340,7734
19341,10473
19342,1025
19343,5654
19344,1420
19345,307
19346,-1246
19347,-7720
19348,-3750
19349,-4468
19350,73
19351,-1216
19352,4160
19353,4995
19354,8422
19355,10781
19356,11879
19357,7163
19358,10693
19359,11044
19360,12670
19361,13696
19362,9667
19363,13725
19364,7075
19365,13945
19366,10019
19367,14750
19368,10620
19369,8745
19370,9052
19371,5698
19372,13095
19373,10488
19374,11645
19375,8188
19376,8979
19377,9755
19378,11997
19379,6591
19380,9843
19381,541
19382,-2330
19383,-586
19384,4658
19385,11206
19386,9418
19387,11425
19388,7749
19389,8496
19390,9697
19391,10019
19392,12817
19393,14824
19394,12890
19395,14575
19396,12832
19397,13374
19398,13022
19399,13227
19400,15175
19401,12758
19402,13930
19403,12758
19404,11513
19405,15747
19406,17460
19407,16069
19408,13798
19409,13359
19410,13608
19411,14414
19412,14472
19413,18076
19414,13330
19415,14692
19416,16508
19417,14106
19418,12275
19419,15395
19420,14941
19421,14516
19422,14736
19423,15336
19424,13212
19425,13417
19426,14384
19427,12465
19428,6650
19429,15322
19430,12070
19431,17006
19432,8789
19433,14077
19434,9345
19435,13066
19436,14179
19437,13798
19438,11645
19439,12744
19440,17475
19441,14501
19442,12993
19443,12392
19444,11982
19445,15600
19446,15219
19447,15864
19448,14575
19449,11689
19450,13828
19451,13769
19452,5844
19453,11806
19454,5595
19455,12319
19456,12026
19457,13125
19458,7924
19459,13125
19460,13447
19461,11176
19462,13828
19463,12963
19464,9697
19465,5800
19466,12392
19467,3706
19468,9243
19469,5200
19470,7338
19471,6518
19472,5991
19473,8247
19474,4189
19475,7163
19476,2270
19477,2944
19478,-3824
19479,1450
19480,-4688
19481,600
19482,-1172
19483,1948
19484,5141
19485,4423
19486,13168
19487,2592
19488,8378
19489,1801
19490,-279
19491,439
19492,7924
19493,3032
19494,7426
19495,10766
19496,11835
19497,10063
19498,6298
19499,11791
19500,6137
19501,9536
19502,7558
19503,11425
19504,4995
19505,10327
19506,9213
19507,10869
19508,11323
19509,8554
19510,13256
19511,12421
19512,11074
19513,5273
19514,13315
19515,10590
19516,11162
19517,13520
19518,11557
19519,15805
19520,10693
19521,7089
19522,-1246
19523,3193
19524,307
19525,6650
19526,1069
19527,2109
19528,9140
19529,10297
19530,12553
19531,7265
19532,7778
19533,2929
19534,5537
19535,1567
19536,2373
19537,-3824
19538,-2403
19539,-2447
19540,-5552
19541,-2271
19542,-484
19543,688
19544,-2198
19545,996
19546,-5362
19547,-2974
19548,-8907
19549,-4849
19550,-5259
19551,-8731
19552,-12657
19553,-13038
19554,-7398
19555,-4966
19556,10063
19557,8364
19558,10751
19559,11147
19560,9638
19561,6694
19562,7836
19563,7675
19564,7177
19565,12114
19566,7309
19567,1684
19568,-7251
19569,-4688
19570,-1246
19571,2416
19572,2548
19573,4833
19574,-118
19575,-308
19576,3164
19577,-3736
19578,1069
19579,-4556
19580,-5054
19581,-8409
19582,-9683
19583,-9522
19584,-13667
19585,-12554
19586,-12232
19587,-7002
19588,-1495
19589,3662
19590,-3384
19591,-220
19592,-6490
19593,2695
19594,-3194
19595,-7149
19596,-7647
19597,-10679
19598,-11807
19599,-12759
19600,-4380
19601,-2989
19602,5727
19603,1494
19604,5112
19605,1420
19606,5786
19607,205
19608,-4556
19609,-7500
19610,-12833
19611,-6431
19612,-7559
19613,996
19614,-4322
19615,878
19616,-2198
19617,2534
19618,29
19619,2958
19620,-733
19621,-5669
19622,-5904
19623,-9976
19624,-6431
19625,-7852
19626,-8936
19627,-10313
19628,-6812
19629,-10679
19630,-11031
19631,-10269
19632,-4688
19633,3896
19634,-1275
19635,2226
19636,-2212
19637,-3165
19638,-3209
19639,2695
19640,2958
19641,4438
19642,6064
19643,6372
19644,9887
19645,-2930
19646,2094
19647,-5318
19648,1831
19649,-938
19650,4145
19651,1494
19652,-147
19653,2431
19654,791
19655,4204
19656,3588
19657,7177
19658,3500
19659,7500
19660,-3868
19661,2036
19662,-1656
19663,-2505
19664,-8658
19665,-13462
19666,-9434
19667,-8921
19668,-381
19669,-3868
19670,-513
19671,-9991
19672,-10709
19673,-10269
19674,-8965
19675,-8482
19676,-6929
19677,-8160
19678,-8775
19679,-9625
19680,-11500
19681,-8160
19682,-14971
19683,-8980
19684,-12203
19685,-11968
19686,-14048
19687,-11045
19688,-6636
19689,-6739
19690,-7896
19691,-10840
19692,-10650
19693,-13624
19694,-7002
19695,-14268
19696,-11382
19697,-11734
19698,-9185
19699,-12247
19700,-14122
19701,-11309
19702,-11690
19703,-11294
19704,-15118
19705,-10357
19706,-14664
19707,-9815
19708,-12144
19709,-13404
19710,-11617
19711,-13667
19712,-15279
19713,-11998
19714,-7808
19715,-12437
19716,-14004
19717,-13140
19718,-14268
19719,-12730
19720,-8277
19721,-12085
19722,-12730
19723,-11763
19724,-16641
19725,-13638
19726,-13960
19727,-11602
19728,-14532
19729,-8995
19730,-14297
19731,-10826
19732,-6959
19733,-8863
19734,-9097
19735,-11983
19736,-11968
19737,-14371
19738,-11558
19739,-13096
19740,-7457
19741,-10284
19742,-10020
19743,-9273
19744,-9566
19745,-11836
19746,-13331
19747,-17974
19748,-16334
19749,-9317
19750,-12496
19751,-6138
19752,-6841
19753,-10430
19754,-11500
19755,-11031
19756,-9625
19757,-5567
19758,-8042
19759,-8775
19760,-7706
19761,-10547
19762,-8555
19763,-12935
19764,-6490
19765,-6944
19766,-8321
19767,-4849
19768,-7662
19769,-7427
19770,-9053
19771,-9668
19772,-8863
19773,-3853
19774,-4585
19775,-3692
19776,-7691
19777,-6915
19778,-9273
19779,-6504
19780,-2461
19781,-7442
19782,2797
19783,-7735
19784,-5230
19785,-5699
19786,-4263
19787,-4131
19788,-264
19789,-5479
19790,-5582
19791,-8628
19792,-7178
19793,-821
19794,-2183
19795,6840
19796,966
19797,6577
19798,161
19799,4277
19800,6679
19801,4130
19802,5551
19803,-777
19804,-8467
19805,-12217
19806,-7793
19807,-11456
19808,-4131
19809,-4483
19810,-1187
19811,-2227
19812,9257
19813,6650
19814,1186
19815,-337
19816,-9361
19817,-6944
19818,-14327
19819,-12129
19820,-17901
19821,-14781
19822,-13653
19823,-13111
19824,-11734
19825,-14854
19826,-13829
19827,-10738
19828,-13887
19829,-10298
19830,-5040
19831,-11778
19832,-9083
19833,-8863
19834,-12935
19835,-5318
19836,-4747
19837,6137
19838,7617
19839,10122
19840,4101
19841,1889
19842,-5464
19843,-2608
19844,-8907
19845,-9244
19846,-12261
19847,-9976
19848,-8394
19849,-7603
19850,-5831
19851,-12584
19852,-8204
19853,-2139
19854,-367
19855,-1187
19856,629
19857,-3121
19858,4731
19859,8862
19860,4233
19861,6035
19862,-2652
19863,-4366
19864,-7588
19865,-2945
19866,-8702
19867,-10694
19868,-7603
19869,-10914
19870,-2930
19871,2065
19872,11601
19873,9199
19874,8598
19875,3925
19876,10678
19877,7734
19878,10986
19879,4658
19880,5229
19881,4584
19882,6225
19883,9829
19884,9741
19885,14692
19886,7104
19887,12084
19888,7822
19889,12041
19890,9931
19891,8583
19892,8056
19893,2006
19894,2973
19895,263
19896,2827
19897,747
19898,9887
19899,4409
19900,4409
19901,3002
19902,5771
19903,2563
19904,1640
19905,2578
19906,-2549
19907,3764
19908,-3692
19909,468
19910,-4424
19911,-2505
19912,-5098
19913,410
19914,263
19915,249
19916,-103
19917,-3384
19918,-5538
19919,-7867
19920,-997
19921,-4043
19922,3500
19923,-4234
19924,-5669
19925,-4292
19926,-7984
19927,-4791
19928,-6402
19929,-1143
19930,-2989
19931,-1026
19932,-7193
19933,-4395
19934,-6856
19935,-4527
19936,-2168
19937,-1802
19938,-2989
19939,-865
19940,-586
19941,-9522
19942,-9244
19943,-11382
19944,-7442
19945,-9581
19946,-9947
19947,-11587
19948,-11573
19949,-11749
19950,-11368
19951,-3619
19952,-3428
19953,-1817
19954,-10503
19955,-10562
19956,-16158
19957,-11910
19958,-17593
19959,-13096
19960,-4219
19961,-8687
19962,-7632
19963,-13067
19964,-12525
19965,-18238
19966,-11631
19967,-13741
19968,-13697
19969,-12261
19970,-11968
19971,-16583
19972,-12320
19973,-12920
19974,-14649
19975,-11983
19976,-15250
19977,-6695
19978,-12671
19979,-6812
19980,-7881
19981,-6475
19982,-8526
19983,-4424
19984,-7559
19985,-11412
19986,-10679
19987,-14766
19988,-6900
19989,-10401
19990,-9610
19991,-14913
19992,-12115
19993,-17374
19994,-15411
19995,-13653
19996,-13960
19997,-11587
19998,-10928
19999,-6929
20000,-10342
20001,-9478
20002,-12042
20003,-9170
20004,-9932
20005,2563
20006,102
20007,-2110
20008,-6739
20009,-15762
20010,-11646
20011,-12759
20012,-8863
20013,-7837
20014,-4512
20015,-4161
20016,-5157
20017,-11075
20018,-10459
20019,-16495
20020,-12466
20021,-11338
20022,-10840
20023,-5303
20024,-10313
20025,-8614
20026,-12730
20027,-10723
20028,2490
20029,776
20030,7280
20031,2973
20032,4643
20033,2241
20034,4980
20035,-2374
20036,102
20037,-2081
20038,-499
20039,-3575
20040,-7500
20041,-8702
20042,-9903
20043,-8555
20044,-9507
20045,-5860
20046,-3311
20047,-264
20048,-1758
20049,-5728
20050,-5362
20051,-2608
20052,-5948
20053,-5318
20054,-982
20055,-8379
20056,-7164
20057,-7149
20058,-7281
20059,-4043
20060,14
20061,-982
20062,-2139
20063,747
20064,-3033
20065,2153
20066,-1158
20067,6840
20068,4072
20069,8950
20070,12612
20071,11879
20072,11264
20073,8906
20074,12158
20075,12319
20076,10795
20077,11982
20078,11953
20079,9873
20080,12363
20081,5112
20082,11894
20083,9155
20084,11118
20085,4028
20086,-7530
20087,-8995
20088,-13843
20089,117
20090,5288
20091,12905
20092,10927
20093,8818
20094,11806
20095,9550
20096,11865
20097,8144
20098,7324
20099,1552
20100,11572
20101,6840
20102,12583
20103,9506
20104,11279
20105,13242
20106,13344
20107,10166
20108,8598
20109,8994
20110,10839
20111,11806
20112,10327
20113,11469
20114,14106
20115,14179
20116,14208
20117,14399
20118,12451
20119,8876
20120,14340
20121,12377
20122,15454
20123,12524
20124,13403
20125,12978
20126,15205
20127,13227
20128,13139
20129,18955
20130,16728
20131,11528
20132,15659
20133,13095
20134,12597
20135,14252
20136,12597
20137,14516
20138,15893
20139,14516
20140,15805
20141,15292
20142,12158
20143,14106
20144,12788
20145,14516
20146,14912
20147,10664
20148,13916
20149,11557
20150,17797
20151,12583
20152,15278
20153,14047
20154,14956
20155,17680
20156,13066
20157,13652
20158,9799
20159,14780
20160,10122
20161,10722
20162,9697
20163,11777
20164,8027
20165,6064
20166,13227
20167,12685
20168,14648
20169,11894
20170,12143
20171,7719
20172,13256
20173,8642
20174,13959
20175,8774
20176,10927
20177,12114
20178,10590
20179,10356
20180,6767
20181,11762
20182,4497
20183,5112
20184,4467
20185,3544
20186,1186
20187,5478
20188,-792
20189,-3047
20190,3647
20191,-938
20192,6987
20193,2534
20194,4101
20195,0
20196,4921
20197,1787
20198,4687
20199,9111
20200,10913
20201,11967
20202,13022
20203,11132
20204,2358
20205,2988
20206,-1729
20207,2709
20208,1318
20209,3295
20210,2167
20211,-2520
20212,-3179
20213,-3135
20214,3691
20215,776
20216,6928
20217,1699
20218,8261
20219,8041
20220,11191
20221,14458
20222,13081
20223,13813
20224,14868
20225,16333
20226,6752
20227,8320
20228,6430
20229,8979
20230,4877
20231,5097
20232,4467
20233,10297
20234,13725
20235,12700
20236,14882
20237,13754
20238,12304
20239,8510
20240,10458
20241,7734
20242,12670
20243,10986
20244,12231
20245,8378
20246,2065
20247,5507
20248,2006
20249,11953
20250,7719
20251,13037
20252,6005
20253,9682
20254,9389
20255,5463
20256,5390
20257,-3370
20258,-3194
20259,-7398
20260,3325
20261,1977
20262,6767
20263,6386
20264,15307
20265,14897
20266,12363
20267,13989
20268,14794
20269,11308
20270,6899
20271,11762
20272,5698
20273,5332
20274,2460
20275,2167
20276,-74
20277,-1685
20278,-6387
20279,-3633
20280,2797
20281,2900
20282,8569
20283,2548
20284,7031
20285,1157
20286,4086
20287,2636
20288,2651
20289,1347
20290,-2447
20291,-4102
20292,-12701
20293,-9317
20294,-5142
20295,-59
20296,-4834
20297,1186
20298,-2081
20299,1889
20300,161
20301,-4439
20302,-8921
20303,-6373
20304,-2168
20305,-3707
20306,5625
20307,4790
20308,6562
20309,6196
20310,7265
20311,6328
20312,4687
20313,4716
20314,2167
20315,4541
20316,0
20317,3002
20318,-3956
20319,175
20320,-5992
20321,-2066
20322,-1011
20323,1333
20324,8627
20325,5522
20326,7631
20327,3867
20328,1889
20329,-5816
20330,-440
20331,-7691
20332,-5464
20333,-9903
20334,-7969
20335,-6314
20336,-8394
20337,-3531
20338,-3780
20339,-1143
20340,43
20341,1376
20342,-3956
20343,2446
20344,3442
20345,7045
20346,12319
20347,10122
20348,14516
20349,15659
20350,13916
20351,10751
20352,13901
20353,11367
20354,11293
20355,7968
20356,7734
20357,6152
20358,4291
20359,3911
20360,9360
20361,13286
20362,12875
20363,15937
20364,11367
20365,14750
20366,9770
20367,9858
20368,11352
20369,4716
20370,-3970
20371,-4454
20372,-2535
20373,-3282
20374,3720
20375,1508
20376,7939
20377,-3296
20378,1318
20379,190
20380,-2505
20381,-206
20382,-367
20383,87
20384,-2271
20385,2153
20386,-3311
20387,-2740
20388,-6417
20389,-2212
20390,-4791
20391,-3033
20392,-6841
20393,-4146
20394,-674
20395,-5186
20396,-1319
20397,-7955
20398,-3941
20399,-806
20400,-2681
20401,-5699
20402,-3018
20403,-6695
20404,-5684
20405,-3062
20406,-8936
20407,-3443
20408,-10767
20409,-2344
20410,-2710
20411,-1246
20412,-4820
20413,-2535
20414,-5933
20415,-2359
20416,-3135
20417,-7823
20418,-6431
20419,-13184
20420,-5889
20421,-8702
20422,-4922
20423,-8409
20424,-6563
20425,-7588
20426,-10503
20427,-8892
20428,-9141
20429,-8746
20430,-9566
20431,-7120
20432,-10577
20433,-6856
20434,-11133
20435,-8965
20436,-10386
20437,-2886
20438,3969
20439,2812
20440,4731
20441,-6812
20442,-7090
20443,-12833
20444,-5245
20445,-8174
20446,-7134
20447,-8467
20448,-7237
20449,-8599
20450,-5552
20451,1757
20452,-3985
20453,-176
20454,-3677
20455,1069
20456,2094
20457,2783
20458,-1304
20459,-4585
20460,-7383
20461,-9551
20462,-7281
20463,-3633
20464,-1158
20465,-3179
20466,2373
20467,-8042
20468,-967
20469,-3809
20470,-2183
20471,146
20472,-5215
20473,-4336
20474,-8760
20475,-5772
20476,-8790
20477,-7061
20478,-9185
20479,-3824
20480,-8116
20481,-9405
20482,-9507
20483,-8570
20484,-4190
20485,-3692
20486,3999
20487,-1641
20488,2563
20489,-4043
20490,-4703
20491,-7398
20492,-7413
20493,-6080
20494,-5303
20495,-8277
20496,-13331
20497,-10196
20498,-11441
20499,-6050
20500,-8321
20501,3281
20502,-1421
20503,4716
20504,4233
20505,9873
20506,14399
20507,14165
20508,10620
20509,3588
20510,1025
20511,-6768
20512,-7090
20513,-11089
20514,-5040
20515,-6358
20516,1142
20517,8730
20518,7309
20519,9082
20520,4365
20521,1435
20522,-5831
20523,-3736
20524,-8834
20525,-6592
20526,-9595
20527,-10547
20528,-7325
20529,-12056
20530,-12027
20531,-12393
20532,-8350
20533,-9083
20534,-7925
20535,-8804
20536,-5816
20537,-2593
20538,234
20539,-4791
20540,1069
20541,-425
20542,-1099
20543,2797
20544,1069
20545,5332
20546,2797
20547,8583
20548,5229
20549,8803
20550,4819
20551,-3370
20552,-5611
20553,-7706
20554,-7149
20555,-5962
20556,-2916
20557,-7618
20558,-2242
20559,-10430
20560,-3780
20561,-4893
20562,-3926
20563,3530
20564,8247
20565,9477
20566,3940
20567,5302
20568,-2623
20569,1054
20570,-528
20571,-2374
20572,-4952
20573,-5508
20574,-13360
20575,-11851
20576,-8965
20577,-6578
20578,7690
20579,5727
20580,7294
20581,498
20582,10239
20583,8789
20584,9755
20585,6621
20586,3603
20587,5917
20588,-293
20589,6914
20590,1787
20591,9726
20592,12333
20593,10048
20594,8232
20595,8012
20596,4409
20597,6372
20598,3940
20599,3149
20600,8730
20601,3955
20602,10400
20603,3632
20604,8627
20605,6650
20606,7397
20607,10488
20608,9257
20609,12128
20610,7763
20611,7514
20612,3750
20613,1728
20614,-2608
20615,1743
20616,-3721
20617,-953
20618,-4922
20619,-6431
20620,-9830
20621,-9302
20622,-9258
20623,-10328
20624,-2535
20625,-5215
20626,-2579
20627,-3311
20628,-1744
20629,-308
20630,3369
20631,8261
20632,7265
20633,7470
20634,820
20635,791
20636,-4864
20637,1713
20638,-1919
20639,249
20640,-2945
20641,-6680
20642,-6080
20643,-7105
20644,-2593
20645,-132
20646,29
20647,-4600
20648,-2872
20649,-12217
20650,-8394
20651,-11617
20652,-12203
20653,-12466
20654,-13814
20655,-12627
20656,-14502
20657,-5464
20658,-11587
20659,-13726
20660,-14502
20661,-13638
20662,-13770
20663,-14312
20664,-12056
20665,-13023
20666,-7632
20667,-10665
20668,-5625
20669,-11397
20670,-14576
20671,-14576
20672,-12496
20673,-13917
20674,-12247
20675,-13536
20676,-11836
20677,-12012
20678,-14385
20679,-11353
20680,-13067
20681,-13946
20682,-13565
20683,-10928
20684,-14048
20685,-19893
20686,-11485
20687,-6753
20688,-5318
20689,-12247
20690,-12818
20691,-16114
20692,-11045
20693,-13799
20694,-12027
20695,-12642
20696,-10093
20697,-16114
20698,-10108
20699,-8482
20700,-15733
20701,-11163
20702,-15513
20703,-6724
20704,-10167
20705,-11353
20706,-11456
20707,-13594
20708,-12364
20709,-3985
20710,-8116
20711,-8423
20712,-7164
20713,-11792
20714,-12774
20715,-13697
20716,-6753
20717,-9830
20718,-8570
20719,-8013
20720,-6460
20721,-2037
20722,-337
20723,1069
20724,-3077
20725,351
20726,-5259
20727,-6753
20728,-10416
20729,-12540
20730,-10108
20731,-11001
20732,-11910
20733,-11924
20734,-8643
20735,-11910
20736,-6197
20737,-10958
20738,-3487
20739,-4512
20740,5083
20741,-162
20742,2768
20743,1845
20744,-894
20745,-2989
20746,-7969
20747,-2022
20748,-4366
20749,-1788
20750,-6592
20751,-7706
20752,-12657
20753,-5464
20754,-1509
20755,2812
20756,4804
20757,2797
20758,2812
20759,-9566
20760,-7852
20761,-13829
20762,-9932
20763,-9786
20764,-9449
20765,-12701
20766,-11719
20767,-14239
20768,-11221
20769,-7222
20770,-12203
20771,-1949
20772,-4058
20773,747
20774,-850
20775,864
20776,-2681
20777,-2227
20778,-718
20779,-2374
20780,-1202
20781,-308
20782,3486
20783,1450
20784,7148
20785,-411
20786,4321
20787,1669
20788,3442
20789,3779
20790,-601
20791,161
20792,-8057
20793,-8965
20794,-7969
20795,-2652
20796,-3399
20797,1831
20798,-2183
20799,1347
20800,8466
20801,10708
20802,13491
20803,8144
20804,7309
20805,1611
20806,1962
20807,-5933
20808,1625
20809,-5376
20810,-894
20811,-2168
20812,-4908
20813,-6929
20814,-6329
20815,556
20816,190
20817,13974
20818,11469
20819,12539
20820,11894
20821,11147
20822,8803
20823,11323
20824,13242
20825,12421
20826,12875
20827,16875
20828,14736
20829,12788
20830,13564
20831,14487
20832,15659
20833,13666
20834,11894
20835,3984
20836,-3077
20837,-2022
20838,5288
20839,15585
20840,9096
20841,11147
20842,9360
20843,11088
20844,10854
20845,12568
20846,12143
20847,15043
20848,15190
20849,15512
20850,16684
20851,10166
20852,12202
20853,7778
20854,11250
20855,7397
20856,9169
20857,-3633
20858,-12144
20859,-9317
20860,-7076
20861,2958
20862,7045
20863,17080
20864,11440
20865,13505
20866,10825
20867,14458
20868,12333
20869,9433
20870,11000
20871,8510
20872,5302
20873,5859
20874,11455
20875,7968
20876,15834
20877,11894
20878,11601
20879,7836
20880,5170
20881,3149
20882,1918
20883,7163
20884,6152
20885,12275
20886,8378
20887,6284
20888,8979
20889,11806
20890,7866
20891,9931
20892,4262
20893,2548
20894,3881
20895,1743
20896,5273
20897,-191
20898,483
20899,-2007
20900,-2710
20901,-1495
20902,-1026
20903,-2403
20904,-3633
20905,-4014
20906,-8555
20907,292
20908,-4058
20909,-2154
20910,-2754
20911,1010
20912,234
20913,3779
20914,5419
20915,6430
20916,10737
20917,4204
20918,4072
20919,-513
20920,4306
20921,-718
20922,4790
20923,1611
20924,10488
20925,11235
20926,13461
20927,11557
20928,7646
20929,7250
20930,3764
20931,6752
20932,2109
20933,7294
20934,2548
20935,4833
20936,-147
20937,-88
20938,6328
20939,9609
20940,17944
20941,13359
20942,13432
20943,5068
20944,7250
20945,-323
20946,5185
20947,1918
20948,3530
20949,4584
20950,1684
20951,3515
20952,-2491
20953,1376
20954,219
20955,3632
20956,2475
20957,4599
20958,2592
20959,4160
20960,-2725
20961,-1128
20962,-1451
20963,-4000
20964,5551
20965,249
20966,4790
20967,-2740
20968,-1202
20969,-4659
20970,-1304
20971,5097
20972,5668
20973,5317
20974,-1290
20975,-4380
20976,-5875
20977,-1421
20978,-806
20979,8466
20980,7910
20981,10092
20982,7866
20983,3061
20984,-630
20985,-6563
20986,1289
20987,1611
20988,7514
20989,4218
20990,-1890
20991,-381
20992,3164
20993,7075
20994,11499
20995,11645
20996,10708
20997,6884
20998,-4820
20999,-2037
21000,-5142
21001,2431
21002,-2081
21003,-1465
21004,-1231
21005,644
21006,2358
21007,-5464
21008,-1392
21009,-4644
21010,-5933
21011,-4981
21012,2446
21013,-4761
21014,2182
21015,-59
21016,1333
21017,3500
21018,1245
21019,5712
21020,-2813
21021,5610
21022,4541
21023,9770
21024,4921
21025,6459
21026,4936
21027,5039
21028,3310
21029,2695
21030,2519
21031,-3340
21032,4160
21033,-3897
21034,6416
21035,1450
21036,4262
21037,1479
21038,2915
21039,5625
21040,8027
21041,10957
21042,6328
21043,3442
21044,-674
21045,-1172
21046,-7515
21047,-206
21048,-1846
21049,-2652
21050,-4703
21051,-5787
21052,-5084
21053,-5684
21054,2900
21055,1127
21056,5712
21057,-2579
21058,3383
21059,1303
21060,2812
21061,1201
21062,7514
21063,9477
21064,16523
21065,13125
21066,8525
21067,12407
21068,5625
21069,3676
21070,5537
21071,6152
21072,5522
21073,-982
21074,-5640
21075,-9917
21076,-16216
21077,-11690
21078,-5318
21079,-2520
21080,8833
21081,-3238
21082,0
21083,8847
21084,11220
21085,9946
21086,10839
21087,8833
21088,4526
21089,864
21090,-2549
21091,-1480
21092,-6050
21093,-5948
21094,-7193
21095,-6050
21096,-10752
21097,-10533
21098,-12466
21099,-11148
21100,-5215
21101,-5948
21102,-2403
21103,-6959
21104,-6578
21105,-5640
21106,-3941
21107,-8643
21108,-7867
21109,-1524
21110,996
21111,1391
21112,-4791
21113,-3179
21114,-10254
21115,-5640
21116,-7618
21117,-10738
21118,-8980
21119,-9126
21120,-10430
21121,-9317
21122,-8101
21123,-13360
21124,-4805
21125,-12876
21126,-9200
21127,-9830
21128,-12305
21129,-16832
21130,-12261
21131,-8643
21132,-7662
21133,-1041
21134,-8482
21135,-5040
21136,-12481
21137,-12334
21138,-11705
21139,-13008
21140,-14004
21141,-15235
21142,-14312
21143,-16714
21144,-12159
21145,-10254
21146,-7559
21147,-10372
21148,-6739
21149,-11910
21150,-10518
21151,-14546
21152,-13272
21153,-11192
21154,-13755
21155,-12056
21156,-11866
21157,-8497
21158,-11705
21159,-7295
21160,-10972
21161,-7178
21162,-10254
21163,-5362
21164,-10796
21165,-8584
21166,-10591
21167,-10635
21168,-5318
21169,-11646
21170,-6211
21171,-6373
21172,-6211
21173,-8965
21174,-7442
21175,-7383
21176,-8365
21177,-11031
21178,-6153
21179,-762
21180,-4629
21181,1552
21182,-6211
21183,-44
21184,-3545
21185,-4117
21186,-2798
21187,-6812
21188,-4219
21189,-6944
21190,-6578
21191,-9537
21192,-4893
21193,-6666
21194,-2725
21195,-5640
21196,117
21197,-3648
21198,-2505
21199,-8863
21200,-12818
21201,-9419
21202,-8863
21203,2343
21204,659
21205,1977
21206,4833
21207,2915
21208,3193
21209,7939
21210,9858
21211,7924
21212,10561
21213,4379
21214,4599
21215,-3091
21216,1289
21217,-4498
21218,512
21219,-1729
21220,439
21221,6005
21222,7294
21223,12890
21224,13168
21225,14106
21226,7500
21227,4570
21228,-3282
21229,2548
21230,-3560
21231,-938
21232,1625
21233,3149
21234,4746
21235,1054
21236,3925
21237,-4952
21238,1596
21239,-1670
21240,-440
21241,-3150
21242,-2725
21243,-4571
21244,-5406
21245,-10401
21246,-11573
21247,-9874
21248,-11236
21249,-5347
21250,-8072
21251,-3985
21252,-6006
21253,1083
21254,1875
21255,6782
21256,9638
21257,7236
21258,5097
21259,3046
21260,5288
21261,3178
21262,6679
21263,1479
21264,5273
21265,1435
21266,3208
21267,102
21268,-3091
21269,-601
21270,-630
21271,3647
21272,-938
21273,4614
21274,2241
21275,2460
21276,5859
21277,9550
21278,12656
21279,12729
21280,11953
21281,7324
21282,8657
21283,-88
21284,2270
21285,-733
21286,2695
21287,-3384
21288,234
21289,-176
21290,-7720
21291,-7867
21292,-11294
21293,-7735
21294,-5801
21295,5434
21296,6445
21297,11586
21298,8115
21299,10898
21300,14809
21301,14692
21302,12246
21303,12055
21304,16054
21305,10385
21306,13696
21307,11337
21308,12436
21309,11206
21310,14897
21311,10605
21312,12055
21313,9858
21314,7221
21315,12905
21316,10898
21317,13886
21318,10781
21319,11689
21320,12128
21321,14326
21322,10019
21323,12539
21324,14941
21325,11557
21326,10590
21327,9667
21328,10502
21329,6152
21330,6591
21331,1127
21332,5698
21333,7060
21334,6943
21335,9975
21336,6870
21337,8525
21338,2285
21339,5126
21340,-2857
21341,5654
21342,5830
21343,6049
21344,3325
21345,5668
21346,615
21347,1582
21348,7001
21349,7045
21350,11059
21351,4321
21352,9052
21353,-718
21354,2797
21355,849
21356,2299
21357,761
21358,-5464
21359,-10225
21360,-12144
21361,-9625
21362,-7881
21363,659
21364,-4043
21365,4995
21366,-1055
21367,3310
21368,4130
21369,1992
21370,2065
21371,-718
21372,1728
21373,-2945
21374,-3135
21375,-9156
21376,-9405
21377,-8731
21378,-11133
21379,-10489
21380,-11294
21381,-13360
21382,-12642
21383,-6563
21384,-10181
21385,-9112
21386,-10518
21387,-10049
21388,-8599
21389,-8365
21390,-10079
21391,-8262
21392,-6797
21393,-4981
21394,-3018
21395,-4864
21396,-5918
21397,-8130
21398,-5069
21399,-12071
21400,-6211
21401,-9126
21402,-7266
21403,-6373
21404,-7193
21405,-3721
21406,-9141
21407,-8497
21408,-13345
21409,-10767
21410,-10958
21411,-11617
21412,-11500
21413,-13199
21414,-15586
21415,-8672
21416,-5040
21417,-4190
21418,834
21419,-7500
21420,-3648
21421,-9214
21422,-8541
21423,-11792
21424,-9976
21425,-7867
21426,-8628
21427,-1216
21428,791
21429,-499
21430,-6285
21431,-7676
21432,-7999
21433,-4615
21434,-12627
21435,-12042
21436,-17359
21437,-12496
21438,-16524
21439,-14209
21440,-7911
21441,-7500
21442,-2359
21443,-10372
21444,-10313
21445,-9932
21446,-11324
21447,-5757
21448,-4703
21449,-2330
21450,-4527
21451,-6270
21452,-12789
21453,-12217
21454,-13785
21455,-10474
21456,-9654
21457,-8834
21458,-9434
21459,-7193
21460,-5699
21461,-6153
21462,2226
21463,776
21464,7749
21465,3955
21466,4013
21467,-3985
21468,-1568
21469,-7940
21470,-5918
21471,-4410
21472,-3897
21473,131
21474,-1539
21475,-2022
21476,-5684
21477,-1172
21478,-4087
21479,-1202
21480,-660
21481,512
21482,-2989
21483,-6929
21484,-7164
21485,-11207
21486,-7676
21487,-12056
21488,-5523
21489,-6988
21490,-1275
21491,-7588
21492,-572
21493,3603
21494,3823
21495,8364
21496,9082
21497,9697
21498,4116
21499,5449
21500,2182
21501,5639
21502,1142
21503,4101
21504,3764
21505,4189
21506,6298
21507,4995
21508,7719
21509,4936
21510,7309
21511,8745
21512,15146
21513,10869
21514,12187
21515,8598
21516,10224
21517,8452
21518,6870
21519,5068
21520,-2491
21521,5874
21522,3354
21523,8159
21524,7016
21525,10034
21526,7119
21527,3090
21528,-2857
21529,-8643
21530,-9800
21531,-7852
21532,556
21533,-630
21534,3530
21535,3046
21536,10019
21537,7807
21538,11953
21539,12348
21540,10327
21541,11118
21542,6899
21543,10869
21544,9375
21545,12817
21546,10869
21547,12949
21548,14311
21549,12392
21550,12539
21551,8188
21552,4511
21553,3427
21554,13300
21555,12729
21556,14106
21557,13212
21558,13769
21559,13374
21560,12480
21561,10854
21562,12202
21563,13461
21564,8041
21565,14414
21566,10004
21567,11044
21568,16494
21569,17255
21570,10502
21571,18457
21572,14179
21573,16069
21574,10268
21575,4101
21576,4013
21577,2329
21578,7031
21579,7353
21580,10620
21581,10092
21582,11718
21583,10092
21584,11381
21585,11660
21586,14809
21587,12202
21588,9067
21589,13359
21590,7119
21591,12084
21592,6665
21593,9331
21594,6079
21595,6269
21596,4248
21597,6694
21598,8891
21599,6386
21600,12172
21601,9213
21602,11660
21603,8115
21604,10180
21605,6665
21606,10151
21607,7177
21608,5068
21609,4658
21610,-777
21611,6577
21612,2094
21613,4277
21614,1494
21615,5317
21616,1582
21617,8466
21618,7529
21619,9624
21620,10532
21621,6313
21622,4233
21623,-1700
21624,-2227
21625,-4336
21626,1333
21627,-4703
21628,-1744
21629,-1421
21630,-2403
21631,4760
21632,2402
21633,8540
21634,6811
21635,5698
21636,-484
21637,-3604
21638,-2828
21639,-3282
21640,-572
21641,-1407
21642,-5142
21643,-7339
21644,-1846
21645,-4981
21646,2871
21647,-1846
21648,3325
21649,-220
21650,175
21651,395
21652,424
21653,-1187
21654,-1861
21655,4965
21656,5668
21657,8979
21658,6958
21659,8686
21660,-44
21661,9228
21662,1640
21663,3354
21664,4614
21665,-1788
21666,14
21667,-1670
21668,-1465
21669,-3648
21670,922
21671,-1963
21672,4819
21673,307
21674,4423
21675,5991
21676,4746
21677,4497
21678,1494
21679,-953
21680,-909
21681,3002
21682,-1495
21683,3940
21684,-1700
21685,3046
21686,776
21687,2958
21688,11674
21689,9082
21690,9975
21691,-30
21692,3178
21693,-2256
21694,1186
21695,3544
21696,4350
21697,4204
21698,1904
21699,-4322
21700,-3721
21701,776
21702,-2769
21703,2988
21704,-6241
21705,-6871
21706,-10811
21707,-5918
21708,-5054
21709,6562
21710,11132
21711,12993
21712,15966
21713,13256
21714,12729
21715,2504
21716,6298
21717,4277
21718,3574
21719,-2740
21720,-6885
21721,-11763
21722,-16319
21723,-8409
21724,-5582
21725,-1172
21726,-3809
21727,-44
21728,-3926
21729,-1216
21730,-1626
21731,-1026
21732,3090
21733,-5069
21734,-3604
21735,-5171
21736,-6358
21737,-11939
21738,-8614
21739,-13418
21740,-13418
21741,-8292
21742,-5420
21743,-5098
21744,-938
21745,-1348
21746,-5655
21747,-3619
21748,-7266
21749,-323
21750,-3736
21751,-1216
21752,-3370
21753,-4922
21754,-5142
21755,-88
21756,6269
21757,9609
21758,15541
21759,10004
21760,8027
21761,-6548
21762,-6006
21763,-8101
21764,-4629
21765,-9302
21766,-10035
21767,-10093
21768,-11426
21769,-7925
21770,-10503
21771,-1172
21772,-2066
21773,2094
21774,-8365
21775,-2813
21776,-3824
21777,-1978
21778,-425
21779,-2901
21780,2578
21781,-2242
21782,-2549
21783,-3355
21784,2900
21785,2182
21786,6767
21787,117
21788,5493
21789,11323
21790,11015
21791,12451
21792,2915
21793,4189
21794,-2256
21795,3720
21796,3969
21797,3984
21798,2783
21799,8232
21800,4555
21801,6665
21802,1040
21803,-1641
21804,4790
21805,-2710
21806,5463
21807,-2300
21808,2211
21809,-15
21810,1479
21811,-2667
21812,-5215
21813,-4380
21814,-4849
21815,-293
21816,-542
21817,2827
21818,-5318
21819,-2637
21820,-8057
21821,-2564
21822,-5069
21823,-9390
21824,-10679
21825,-13140
21826,-15176
21827,-13550
21828,-9097
21829,-8423
21830,-4190
21831,-3135
21832,-440
21833,-4454
21834,-1524
21835,-6944
21836,-4937
21837,-3531
21838,-2139
21839,1889
21840,-6329
21841,-323
21842,-3545
21843,-601
21844,-6578
21845,-6021
21846,-10181
21847,-12466
21848,-12613
21849,-16978
21850,-11016
21851,-8511
21852,-1597
21853,-5933
21854,-3165
21855,-8145
21856,-2901
21857,-2154
21858,-6973
21859,-6153
21860,-13140
21861,-11631
21862,-16231
21863,-10240
21864,-13477
21865,-7808
21866,-10401
21867,-11734
21868,-11558
21869,-10386
21870,-9610
21871,-11426
21872,-3150
21873,-10518
21874,-2330
21875,-8467
21876,-923
21877,-2491
21878,-4292
21879,-4659
21880,-6255
21881,-5391
21882,-8848
21883,-9449
21884,-9346
21885,-7632
21886,-9874
21887,-4454
21888,-8907
21889,-3194
21890,-7750
21891,-5435
21892,-4937
21893,-9683
21894,-6827
21895,-8042
21896,-2271
21897,-3223
21898,571
21899,-4307
21900,-3414
21901,-2374
21902,2753
21903,-1275
21904,410
21905,-469
21906,-6739
21907,-3384
21908,-7486
21909,-7339
21910,-8936
21911,-5772
21912,-7925
21913,-6417
21914,-3589
21915,-7354
21916,-1436
21917,-4000
21918,-5084
21919,-7134
21920,-3970
21921,-10665
21922,-6065
21923,-9800
21924,-11456
21925,-13653
21926,-14327
21927,-5831
21928,-865
21929,5961
21930,4453
21931,5185
21932,-1348
21933,-542
21934,-162
21935,-601
21936,-5142
21937,-4102
21938,-7251
21939,-8834
21940,58
21941,-7090
21942,-1553
21943,-2945
21944,-923
21945,-5435
21946,-4512
21947,-7383
21948,-2916
21949,292
21950,-5362
21951,-2930
21952,-9170
21953,-3853
21954,-9083
21955,-2945
21956,981
21957,3940
21958,6547
21959,9682
21960,9843
21961,8847
21962,5727
21963,395
21964,4995
21965,-381
21966,5214
21967,-909
21968,14
21969,-1436
21970,395
21971,5288
21972,10854
21973,13198
21974,13813
21975,6474
21976,73
21977,-660
21978,-3179
21979,2050
21980,-4776
21981,-3868
21982,-938
21983,-3487
21984,-1583
21985,-5655
21986,-4644
21987,-9214
21988,-1539
21989,-821
21990,3969
21991,3295
21992,1889
21993,-1744
21994,5786
21995,10239
21996,14033
21997,12114
21998,10297
21999,9111
22000,4438
22001,8100
22002,5874
22003,9052
22004,7045
22005,3574
22006,-513
22007,-8775
22008,-5757
22009,-7251
22010,-1509
22011,1157
22012,6635
22013,2460
22014,6987
22015,2651
22016,2211
22017,7939
22018,5419
22019,5346
22020,7031
22021,7192
22022,4233
22023,5654
22024,5830
22025,4379
22026,3032
22027,8598
22028,2680
22029,5844
22030,10957
22031,4306
22032,10898
22033,2578
22034,5053
22035,6108
22036,7631
22037,7866
22038,8920
22039,9155
22040,9975
22041,11997
22042,10839
22043,15585
22044,11425
22045,12011
22046,9096
22047,13564
22048,10092
22049,13110
22050,15234
22051,11791
22052,14985
22053,16875
22054,13813
22055,12875
22056,13828
22057,6298
22058,11645
22059,9213
22060,11235
22061,7324
22062,1889
22063,1875
22064,-3194
22065,-4219
22066,-3047
22067,5024
22068,5112
22069,9580
22070,-411
22071,5522
22072,10766
22073,12788
22074,11630
22075,14384
22076,11118
22077,2094
22078,3676
22079,659
22080,-1802
22081,-3516
22082,-3750
22083,-5289
22084,-8643
22085,-9581
22086,-10225
22087,-7120
22088,-7442
22089,-3340
22090,-7325
22091,-6402
22092,-14327
22093,-6124
22094,-11280
22095,-8511
22096,-7076
22097,-10445
22098,-5728
22099,-9668
22100,-6226
22101,-11500
22102,-9493
22103,-13418
22104,-11998
22105,-10752
22106,-10752
22107,-13287
22108,-14312
22109,-15323
22110,-19058
22111,-13726
22112,-12085
22113,-11163
22114,-19190
22115,-12833
22116,-11104
22117,-13375
22118,-11836
22119,-13125
22120,-8658
22121,-9332
22122,893
22123,-10123
22124,-7618
22125,-11866
22126,-10914
22127,-13023
22128,-16480
22129,-13243
22130,-12671
22131,-11792
22132,-17095
22133,-13990
22134,-14927
22135,-6871
22136,-14576
22137,-9756
22138,-17139
22139,-15191
22140,-8980
22141,-9434
22142,-6666
22143,-9024
22144,-4146
22145,-8453
22146,-7369
22147,-10284
22148,-4908
22149,-7969
22150,-5069
22151,-9053
22152,-8863
22153,-12349
22154,-11631
22155,-14122
22156,-14942
22157,-12803
22158,-17784
22159,-7105
22160,-10591
22161,-8643
22162,-10152
22163,-9654
22164,-3970
22165,-5787
22166,1582
22167,541
22168,-3179
22169,-7662
22170,-5977
22171,-10870
22172,-8218
22173,-9786
22174,-8584
22175,-8790
22176,-7383
22177,-9083
22178,-9537
22179,-3033
22180,-7032
22181,-1114
22182,-6094
22183,-3355
22184,-3472
22185,-5611
22186,-2681
22187,-264
22188,-4820
22189,-7383
22190,-5157
22191,-7134
22192,2402
22193,-5171
22194,-2535
22195,-5069
22196,-3926
22197,-3033
22198,512
22199,1904
22200,-2168
22201,-557
22202,-11221
22203,-6666
22204,-10152
22205,-5728
22206,-2432
22207,-835
22208,-1597
22209,-2593
22210,-235
22211,2314
22212,9038
22213,13637
22214,18208
22215,9506
22216,2006
22217,-2623
22218,-2491
22219,-8482
22220,-5084
22221,1010
22222,1655
22223,3164
22224,-4688
22225,-3604
22226,-5948
22227,5097
22228,6064
22229,7104
22230,966
22231,-1128
22232,-4468
22233,-8643
22234,-4644
22235,-4629
22236,-88
22237,-777
22238,1787
22239,-1539
22240,3881
22241,-1729
22242,2109
22243,9140
22244,5156
22245,2753
22246,-1480
22247,3442
22248,629
22249,8701
22250,6284
22251,10195
22252,8232
22253,8129
22254,8481
22255,9140
22256,11411
22257,10092
22258,11367
22259,-191
22260,7763
22261,8144
22262,11030
22263,8364
22264,10722
22265,9624
22266,9316
22267,13110
22268,13330
22269,15527
22270,13476
22271,13388
22272,8994
22273,9536
22274,8276
22275,11484
22276,5566
22277,2460
22278,6708
22279,3295
22280,10297
22281,6826
22282,9711
22283,11484
22284,13886
22285,12011
22286,14399
22287,13725
22288,13330
22289,14062
22290,14414
22291,13344
22292,12963
22293,14340
22294,12875
22295,14033
22296,12919
22297,14282
22298,14531
22299,15527
22300,8671
22301,7470
22302,6416
22303,6767
22304,16098
22305,13374
22306,15922
22307,15410
22308,13842
22309,17783
22310,13286
22311,11821
22312,14692
22313,16772
22314,12949
22315,14736
22316,7807
22317,15205
22318,13725
22319,15000
22320,11250
22321,12626
22322,11440
22323,11748
22324,14238
22325,10268
22326,15498
22327,9667
22328,9111
22329,5742
22330,9755
22331,4116
22332,8920
22333,7705
22334,12070
22335,11455
22336,14370
22337,14736
22338,13886
22339,13608
22340,11030
22341,11440
22342,8730
22343,10795
22344,10180
22345,9506
22346,4584
22347,146
22348,615
22349,-3736
22350,7353
22351,6137
22352,11733
22353,6035
22354,7807
22355,8320
22356,12993
22357,12744
22358,14355
22359,14765
22360,11147
22361,14047
22362,8920
22363,9023
22364,-1099
22365,6591
22366,-674
22367,-162
22368,-3121
22369,-10518
22370,-9698
22371,-9917
22372,-4996
22373,-6680
22374,-3838
22375,-4351
22376,468
22377,-6695
22378,-455
22379,791
22380,1025
22381,8466
22382,2797
22383,6679
22384,2050
22385,732
22386,-4600
22387,-2066
22388,-4688
22389,-1319
22390,-6417
22391,-5625
22392,-9478
22393,-10870
22394,-7530
22395,-9317
22396,-250
22397,-9859
22398,-3692
22399,-5420
22400,-9888
22401,-6475
22402,-5479
22403,-5230
22404,-455
22405,6723
22406,5698
22407,10488
22408,-806
22409,410
22410,-4380
22411,-5611
22412,-2388
22413,-1670
22414,-6124
22415,-5655
22416,-8892
22417,-7193
22418,-982
22419,-6255
22420,-323
22421,-3868
22422,1611
22423,-3311
22424,-425
22425,-5655
22426,-8848
22427,-5420
22428,-5171
22429,-455
22430,-2710
22431,1127
22432,-2725
22433,-909
22434,-4732
22435,1669
22436,-704
22437,-3721
22438,-1539
22439,-7325
22440,-4131
22441,-14649
22442,-4644
22443,-6329
22444,3266
22445,-5992
22446,-6373
22447,-3575
22448,1289
22449,9448
22450,5844
22451,7661
22452,2124
22453,-2168
22454,-11968
22455,-5069
22456,-10020
22457,-7793
22458,-10284
22459,-14576
22460,-11119
22461,-8746
22462,161
22463,-2549
22464,9111
22465,1684
22466,2299
22467,3266
22468,2651
22469,3134
22470,3647
22471,205
22472,-3853
22473,-6812
22474,-8716
22475,-1846
22476,-3267
22477,5610
22478,2314
22479,849
22480,4365
22481,3588
22482,3735
22483,9770
22484,12011
22485,-835
22486,-2447
22487,-14459
22488,-12378
22489,-12876
22490,-12642
22491,-10328
22492,-14664
22493,-13594
22494,-15059
22495,-11792
22496,-9009
22497,-1480
22498,-6900
22499,-1553
22500,-6959
22501,-2784
22502,-9830
22503,-3780
22504,2753
22505,3442
22506,4848
22507,-3677
22508,-3970
22509,-11133
22510,-5084
22511,-1026
22512,1494
22513,-1832
22514,-733
22515,-7955
22516,-10709
22517,-8790
22518,-10459
22519,-7544
22520,-6138
22521,-2315
22522,-6402
22523,2534
22524,14
22525,5317
22526,1523
22527,3823
22528,-1641
22529,-8174
22530,-4952
22531,-11412
22532,-4336
22533,-9610
22534,-2183
22535,-7061
22536,-4747
22537,-4834
22538,-2652
22539,-1626
22540,-4410
22541,-10035
22542,-12129
22543,-9727
22544,-7823
22545,981
22546,-4498
22547,878
22548,-3458
22549,-1495
22550,3676
22551,6357
22552,9038
22553,6899
22554,3574
22555,1157
22556,-162
22557,-2212
22558,2138
22559,190
22560,4965
22561,4643
22562,3339
22563,3867
22564,-220
22565,-1875
22566,-9244
22567,-894
22568,-4703
22569,219
22570,-1304
22571,-4893
22572,-4732
22573,-455
22574,-572
22575,2475
22576,3295
22577,-3033
22578,-88
22579,-4146
22580,-1861
22581,-3384
22582,-3370
22583,-11939
22584,-11441
22585,-10547
22586,-12012
22587,-7383
22588,-7369
22589,-4249
22590,-2798
22591,-220
22592,-5582
22593,4482
22594,-2974
22595,-4351
22596,-4087
22597,-11207
22598,-7134
22599,-8482
22600,-2945
22601,-5186
22602,-2476
22603,-6695
22604,-7603
22605,-7090
22606,-542
22607,-5494
22608,-2667
22609,-6680
22610,-11353
22611,-9097
22612,-16099
22613,-9405
22614,-8658
22615,-8174
22616,-11514
22617,-8936
22618,-8863
22619,-7164
22620,2856
22621,3515
22622,2080
22623,-4175
22624,-4893
22625,-9961
22626,-5464
22627,-8028
22628,-4058
22629,-6255
22630,-9815
22631,-12027
22632,-14429
22633,-11778
22634,-11910
22635,-3633
22636,-3633
22637,-674
22638,-1334
22639,1127
22640,-2403
22641,-1480
22642,-7134
22643,-6417
22644,4760
22645,-660
22646,8056
22647,-3399
22648,146
22649,-5948
22650,-3868
22651,-5040
22652,-5274
22653,-6065
22654,-8116
22655,-8350
22656,-13638
22657,-9522
22658,-13990
22659,-5142
22660,-4615
22661,-4542
22662,-5889
22663,-3018
22664,-4805
22665,-1714
22666,3588
22667,-2842
22668,732
22669,-7442
22670,-6534
22671,-13711
22672,-5860
22673,-11558
22674,-10079
22675,-10958
22676,-11368
22677,-8834
22678,-15689
22679,-4922
22680,-2417
22681,-997
22682,-7691
22683,-2461
22684,-6900
22685,-5582
22686,-5157
22687,-6197
22688,2314
22689,4013
22690,5302
22691,1069
22692,878
22693,-3604
22694,454
22695,-2359
22696,1801
22697,322
22698,1523
22699,2036
22700,2021
22701,4746
22702,1860
22703,7617
22704,615
22705,-15
22706,-2740
22707,-132
22708,-6358
22709,-8292
22710,-9346
22711,-12378
22712,-10826
22713,-11324
22714,-821
22715,-2125
22716,-3091
22717,-3897
22718,-1568
22719,-1846
22720,2402
22721,3222
22722,1699
22723,1655
22724,-3414
22725,5302
22726,747
22727,8642
22728,5390
22729,6503
22730,5522
22731,9697
22732,14340
22733,10297
22734,12846
22735,5419
22736,11909
22737,1977
22738,8876
22739,8276
22740,9887
22741,7016
22742,8129
22743,10122
22744,7719
22745,14121
22746,13666
22747,11264
22748,11044
22749,8085
22750,-1744
22751,2680
22752,-2623
22753,2402
22754,-3296
22755,-8086
22756,-7310
22757,-5113
22758,-1773
22759,-1509
22760,6445
22761,2446
22762,4599
22763,-2212
22764,6108
22765,8085
22766,9990
22767,10957
22768,11835
22769,8891
22770,4672
22771,4145
22772,3500
22773,8730
22774,10239
22775,7617
22776,6049
22777,6958
22778,6635
22779,10649
22780,7573
22781,5434
22782,9653
22783,2622
22784,6855
22785,6928
22786,3383
22787,6738
22788,14941
22789,5742
22790,7397
22791,8452
22792,5141
22793,7045
22794,3061
22795,8115
22796,1054
22797,6093
22798,-1670
22799,-411
22800,-4922
22801,-6812
22802,-5494
22803,-6973
22804,-2359
22805,-3604
22806,703
22807,-1114
22808,5610
22809,5229
22810,9594
22811,5405
22812,8027
22813,5126
22814,1303
22815,7954
22816,629
22817,6386
22818,5156
22819,10004
22820,7338
22821,9301
22822,11528
22823,9946
22824,7280
22825,2607
22826,3002
22827,615
22828,5009
22829,908
22830,4482
22831,3266
22832,4028
22833,-264
22834,4746
22835,4995
22836,2153
22837,6108
22838,-2476
22839,1684
22840,-6050
22841,-1407
22842,-8379
22843,-3501
22844,-7442
22845,278
22846,7250
22847,4350
22848,1523
22849,-9537
22850,-7178
22851,-16875
22852,-7676
22853,-6944
22854,-2886
22855,-8423
22856,-10577
22857,-8731
22858,-5464
22859,-997
22860,-6680
22861,-88
22862,-2857
22863,-11587
22864,-13155
22865,-11529
22866,-13316
22867,-6753
22868,-7339
22869,-7955
22870,-12715
22871,-9639
22872,-997
22873,-10767
22874,-10855
22875,-14122
22876,-4673
22877,-9830
22878,-12657
22879,-14459
22880,-12217
22881,3471
22882,-9976
22883,-14810
22884,-5142
22885,-8438
22886,-12247
22887,-11412
22888,-18780
22889,-10972
22890,-10914
22891,-10489
22892,-11719
22893,-12642
22894,-381
22895,-12261
22896,-10884
22897,-12730
22898,-10547
22899,-13418
22900,-12276
22901,-15059
22902,-8760
22903,-8101
22904,-3384
22905,7280
22906,-12701
22907,-12452
22908,-7925
22909,1552
22910,-8321
22911,-13946
22912,-2330
22913,4057
22914,-10884
22915,-13213
22916,2563
22917,-6153
22918,3295
22919,1420
22920,864
22921,6811
22922,-4922
22923,-1949
22924,-1363
22925,-8145
22926,-2168
22927,-7325
22928,-13960
22929,-10049
22930,-11456
22931,2680
22932,-806
22933,-14151
22934,-12935
22935,6401
22936,-2330
22937,-7750
22938,-2959
22939,-12291
22940,-12950
22941,-5538
22942,-4483
22943,-9976
22944,4555
22945,-3985
22946,4189
22947,-1978
22948,-6871
22949,-10328
22950,-5787
22951,-1407
22952,-11646
22953,-5289
22954,9169
22955,12055
22956,-12364
22957,-909
22958,4291
22959,-9551
22960,-3663
22961,4438
22962,-528
22963,-3882
22964,11176
22965,4130
22966,-4307
22967,3706
22968,2167
22969,-3721
22970,-1011
22971,2109
22972,2065
22973,8715
22974,2504
22975,-777
22976,2651
22977,5361
22978,6298
22979,14384
22980,-1436
22981,-1304
22982,-1832
22983,-1685
22984,13974
22985,12495
22986,12480
22987,6459
22988,13168
22989,3662
22990,761
22991,8159
22992,11865
22993,9477
22994,7646
22995,-7017
22996,-7149
22997,11455
22998,9843
22999,11953
23000,10927
23001,12802
23002,12568
23003,8393
23004,12861
23005,5112
23006,4233
23007,15190
23008,14077
23009,3281
23010,8422
23011,8583
23012,15322
23013,17329
23014,12392
23015,13623
23016,5756
23017,-5684
23018,2519
23019,12436
23020,2856
23021,2358
23022,4101
23023,8891
23024,-7369
23025,6035
23026,11469
23027,10766
23028,14721
23029,11279
23030,12978
23031,14985
23032,13330
23033,7573
23034,12319
23035,11865
23036,14033
23037,9667
23038,5566
23039,13037
23040,14838
23041,12758
23042,11103
23043,12626
23044,12436
23045,9506
23046,5844
23047,16596
23048,12890
23049,13930
23050,7998
23051,2622
23052,18237
23053,14970
23054,14501
23055,1025
23056,7705
23057,12421
23058,11103
23059,5507
23060,8115
23061,12656
23062,15454
23063,12216
23064,11704
23065,13623
23066,14501
23067,15673
23068,11733
23069,13520
23070,11835
23071,9243
23072,11000
23073,10107
23074,7001
23075,17871
23076,9975
23077,2197
23078,17944
23079,13300
23080,6079
23081,10048
23082,14794
23083,14062
23084,8261
23085,14282
23086,12788
23087,9418
23088,10166
23089,13403
23090,9887
23091,13374
23092,8085
23093,6621
23094,11821
23095,17255
23096,11586
23097,13066
23098,13710
23099,3852
23100,14531
23101,11162
23102,11235
23103,10722
23104,11806
23105,6357
23106,10883
23107,16435
23108,747
23109,-5728
23110,-645
23111,15805
23112,6137
23113,6284
23114,9667
23115,2885
23116,351
23117,11865
23118,6547
23119,-2139
23120,1435
23121,351
23122,-513
23123,-674
23124,9521
23125,6005
23126,7968
23127,-5464
23128,-2447
23129,13344
23130,15439
23131,6342
23132,-4805
23133,9257
23134,439
23135,-3472
23136,-4585
23137,-2549
23138,-3692
23139,2929
23140,-3941
23141,-10782
23142,-3047
23143,9228
23144,-5552
23145,-11514
23146,-1612
23147,-14927
23148,-4322
23149,-4922
23150,-4468
23151,-1612
23152,-2461
23153,-1070
23154,7749
23155,498
23156,-4556
23157,1230
23158,-9200
23159,-10123
23160,-7984
23161,3647
23162,-2652
23163,-13931
23164,-15191
23165,-16407
23166,-5523
23167,3779
23168,-1905
23169,-11207
23170,-3311
23171,-13697
23172,-8013
23173,-3384
23174,-4234
23175,-3033
23176,-11807
23177,-9683
23178,-11646
23179,-10386
23180,1025
23181,-4000
23182,-14371
23183,-11529
23184,-3648
23185,-5289
23186,-7955
23187,-7764
23188,-967
23189,-10811
23190,-8643
23191,-10826
23192,-13741
23193,-5084
23194,-5582
23195,-15909
23196,-7134
23197,-11001
23198,-13082
23199,4160
23200,-8086
23201,-5713
23202,11806
23203,-3853
23204,-13082
23205,-293
23206,-10972
23207,-11294
23208,-6065
23209,-12920
23210,-14327
23211,-12554
23212,-3399
23213,-13492
23214,-4673
23215,-4161
23216,-14063
23217,-8555
23218,6093
23219,-13653
23220,-13799
23221,-7281
23222,-8072
23223,-4688
23224,-7427
23225,-7369
23226,-11705
23227,-9654
23228,-6080
23229,-12569
23230,-12291
23231,-4512
23232,-9024
23233,-14356
23234,-13008
23235,-13008
23236,-11749
23237,-16260
23238,-12642
23239,-10767
23240,-10313
23241,-10108
23242,-14297
23243,-10987
23244,-4219
23245,-8628
23246,-9507
23247,-15
23248,-11587
23249,-14634
23250,-10005
23251,-4571
23252,-13492
23253,-11412
23254,-13213
23255,-12862
23256,-9800
23257,-12803
23258,234
23259,-11119
23260,-6094
23261,-3501
23262,-4043
23263,-15323
23264,-4644
23265,3266
23266,-9170
23267,-3501
23268,-4893
23269,1494
23270,8979
23271,11601
23272,-4454
23273,-11280
23274,-8174
23275,1625
23276,-3458
23277,1831
23278,190
23279,-9991
23280,-5992
23281,-4981
23282,-3736
23283,-6226
23284,-103
23285,1201
23286,-15733
23287,-13697
23288,-5069
23289,-14502
23290,-16524
23291,-1172
23292,-1568
23293,-9566
23294,-11412
23295,-5186
23296,8203
23297,-3648
23298,-8511
23299,10415
23300,1669
23301,-11119
23302,-3707
23303,5800
23304,-7940
23305,-11792
23306,13593
23307,9521
23308,1816
23309,11147
23310,6811
23311,1948
23312,12963
23313,1391
23314,1933
23315,10209
23316,8950
23317,12758
23318,-5699
23319,483
23320,10854
23321,4936
23322,7705
23323,16538
23324,2915
23325,4672
23326,14003
23327,8115
23328,9609
23329,-1055
23330,-5845
23331,-1700
23332,5595
23333,-3926
23334,-9507
23335,3837
23336,-11558
23337,-3516
23338,13403
23339,-601
23340,-6988
23341,7412
23342,7631
23343,14208
23344,13579
23345,9360
23346,12714
23347,14663
23348,14721
23349,7133
23350,10927
23351,13520
23352,14165
23353,10341
23354,14956
23355,6196
23356,7661
23357,8847
23358,-12159
23359,-5684
23360,3295
23361,58
23362,1186
23363,8261
23364,6708
23365,13022
23366,6708
23367,5639
23368,11821
23369,12304
23370,10942
23371,15351
23372,8598
23373,-6373
23374,12846
23375,2958
23376,-542
23377,4291
23378,6855
23379,-8790
23380,-11280
23381,11469
23382,-6343
23383,-12247
23384,-7427
23385,10283
23386,7016
23387,5258
23388,4350
23389,9389
23390,3793
23391,-3619
23392,10576
23393,-12276
23394,-5230
23395,3281
23396,6562
23397,-250
23398,805
23399,659
23400,3325
23401,-8072
23402,-2959
23403,2373
23404,-7823
23405,-8130
23406,-15909
23407,-12876
23408,-6167
23409,5844
23410,1274
23411,-2842
23412,-9434
23413,-6417
23414,-2432
23415,-2417
23416,-2359
23417,-9346
23418,-8394
23419,-9668
23420,-9859
23421,-12071
23422,-6358
23423,-11265
23424,-8218
23425,-5230
23426,-14224
23427,-11558
23428,-12876
23429,-12100
23430,-14107
23431,-9317
23432,-7574
23433,-6109
23434,-9112
23435,-4292
23436,-6021
23437,-2125
23438,5625
23439,4760
23440,-2037
23441,-7647
23442,-6285
23443,-3721
23444,-4307
23445,-9039
23446,-6739
23447,-7823
23448,-10840
23449,-10914
23450,6914
23451,9038
23452,-10870
23453,-7515
23454,-1612
23455,4467
23456,-5787
23457,-12232
23458,-7442
23459,5434
23460,3442
23461,-10635
23462,-1817
23463,-2667
23464,-6622
23465,-7969
23466,-5889
23467,-11353
23468,-7793
23469,-5464
23470,-4351
23471,3383
23472,-9302
23473,-9551
23474,-12525
23475,-6680
23476,-1070
23477,-7793
23478,-15235
23479,-10606
23480,-5259
23481,-8482
23482,-8965
23483,1538
23484,6796
23485,6708
23486,8613
23487,7133
23488,3017
23489,-8306
23490,-10474
23491,-8497
23492,4277
23493,8217
23494,688
23495,9887
23496,10122
23497,-5450
23498,-7691
23499,-4512
23500,-7969
23501,5332
23502,-6827
23503,-4615
23504,-13375
23505,-14136
23506,-11690
23507,-6329
23508,3896
23509,-10181
23510,-2447
23511,-2623
23512,-6124
23513,-11910
23514,-9947
23515,-1685
23516,-3487
23517,-7662
23518,-4439
23519,-12422
23520,-14253
23521,-6753
23522,-11104
23523,-12188
23524,-11749
23525,-3575
23526,-9756
23527,3515
23528,11352
23529,-6197
23530,-7442
23531,-2022
23532,7836
23533,3442
23534,-3838
23535,-8335
23536,-11895
23537,-8614
23538,2988
23539,9960
23540,11264
23541,-5508
23542,-352
23543,15351
23544,-9771
23545,-1084
23546,-2066
23547,-4908
23548,102
23549,-2959
23550,-10987
23551,3164
23552,-2784
23553,-10049
23554,7294
23555,-1714
23556,-11602
23557,-6021
23558,-2505
23559,-14151
23560,-11954
23561,3735
23562,1728
23563,14223
23564,3354
23565,3823
23566,1582
23567,3266
23568,-9244
23569,2343
23570,4951
23571,-748
23572,-6050
23573,-3619
23574,-3062
23575,4321
23576,-718
23577,4072
23578,15219
23579,966
23580,2607
23581,12539
23582,13608
23583,11352
23584,6137
23585,-1905
23586,5170
23587,13125
23588,2739
23589,6196
23590,6416
23591,9331
23592,5830
23593,-748
23594,-2139
23595,8642
23596,3251
23597,2182
23598,1918
23599,-3809
23600,6826
23601,-6343
23602,7016
23603,7207
23604,2958
23605,2329
23606,3559
23607,8554
23608,8818
23609,12641
23610,10766
23611,9345
23612,1303
23613,3442
23614,1303
23615,13037
23616,6723
23617,-1539
23618,87
23619,5859
23620,5039
23621,-8892
23622,5332
23623,8437
23624,6840
23625,4833
23626,12509
23627,5991
23628,8583
23629,12128
23630,12348
23631,12583
23632,3266
23633,12436
23634,11103
23635,14824
23636,10517
23637,2446
23638,5053
23639,8657
23640,-7486
23641,2695
23642,-13345
23643,-11968
23644,14
23645,-13448
23646,-8028
23647,-5186
23648,4497
23649,-3941
23650,-601
23651,5639
23652,-5362
23653,2343
23654,952
23655,7045
23656,3149
23657,-2872
23658,-4351
23659,659
23660,2490
23661,5141
23662,2666
23663,-2930
23664,-8746
23665,-14502
23666,-15850
23667,-15865
23668,-3033
23669,-499
23670,6166
23671,-4996
23672,-8057
23673,2124
23674,9653
23675,-4600
23676,-11910
23677,-3018
23678,5581
23679,6723
23680,-12085
23681,1962
23682,1552
23683,-7632
23684,-7676
23685,-4483
23686,-9668
23687,-7105
23688,-1011
23689,-16465
23690,-14869
23691,-14092
23692,-4864
23693,-6343
23694,-8790
23695,-13741
23696,-7354
23697,410
23698,-10547
23699,-12100
23700,-11250
23701,-8980
23702,-7208
23703,-7662
23704,-3868
23705,8745
23706,-7266
23707,-9581
23708,1640
23709,5083
23710,-7867
23711,-15088
23712,-10079
23713,-1832
23714,-6959
23715,-7588
23716,-1509
23717,-3516
23718,10737
23719,2783
23720,-103
23721,-11368
23722,5654
23723,12685
23724,-1407
23725,5009
23726,2358
23727,9096
23728,3017
23729,-4498
23730,2197
23731,8291
23732,1845
23733,13154
23734,12216
23735,-3926
23736,-528
23737,615
23738,7851
23739,-1802
23740,3442
23741,2065
23742,5625
23743,-3633
23744,-4556
23745,1538
23746,3984
23747,3354
23748,-3384
23749,8364
23750,527
23751,-1392
23752,-293
23753,8979
23754,7529
23755,-2505
23756,1977
23757,4687
23758,966
23759,2958
23760,11513
23761,1640
23762,-2667
23763,8745
23764,12041
23765,4965
23766,6855
23767,9550
23768,13374
23769,13549
23770,11323
23771,11762
23772,1523
23773,8671
23774,5551
23775,7939
23776,9990
23777,13154
23778,13198
23779,12216
23780,17211
23781,10620
23782,11777
23783,9580
23784,12890
23785,6372
23786,12788
23787,2343
23788,2167
23789,6958
23790,1157
23791,1567
23792,5639
23793,10327
23794,10942
23795,17241
23796,13403
23797,14106
23798,13315
23799,12319
23800,15791
23801,13183
23802,10957
23803,12290
23804,14179
23805,6166
23806,13227
23807,9404
23808,10810
23809,7324
23810,10166
23811,14165
23812,15014
23813,9609
23814,-5699
23815,5053
23816,2124
23817,512
23818,-513
23819,10253
23820,12275
23821,6870
23822,-3472
23823,5961
23824,14414
23825,8964
23826,10444
23827,9916
23828,8071
23829,-6797
23830,-103
23831,7192
23832,5683
23833,2504
23834,3618
23835,13300
23836,11733
23837,2211
23838,1538
23839,6269
23840,9902
23841,10620
23842,-30
23843,8862
23844,7543
23845,11879
23846,11425
23847,7792
23848,17592
23849,16450
23850,12070
23851,5625
23852,10502
23853,131
23854,10444
23855,11660
23856,8789
23857,8305
23858,-499
23859,10634
23860,12187
23861,6254
23862,-5948
23863,4438
23864,8261
23865,6547
23866,2182
23867,9902
23868,7500
23869,6708
23870,11000
23871,13623
23872,14897
23873,9975
23874,10869
23875,1171
23876,8833
23877,12802
23878,10180
23879,7924
23880,9038
23881,6152
23882,-4585
23883,4101
23884,2797
23885,10034
23886,14121
23887,14033
23888,2915
23889,7412
23890,11000
23891,12700
23892,11923
23893,15146
23894,21679
23895,9550
23896,7910
23897,732
23898,7529
23899,-4424
23900,791
23901,5742
23902,-733
23903,952
23904,6884
23905,-1524
23906,-12554
23907,-279
23908,1025
23909,820
23910,-132
23911,5537
23912,2841
23913,-1568
23914,-3106
23915,-12129
23916,2124
23917,6943
23918,2724
23919,-3223
23920,-8775
23921,-13184
23922,-4175
23923,-8936
23924,-455
23925,-3633
23926,-13067
23927,-10621
23928,-11368
23929,-10474
23930,-11031
23931,-5977
23932,-9097
23933,-9566
23934,-5845
23935,-5113
23936,-10269
23937,-2593
23938,-3165
23939,-13711
23940,-9537
23941,-10679
23942,-7046
23943,-13873
23944,-11661
23945,-9668
23946,-11617
23947,-11954
23948,-15645
23949,-14415
23950,-17095
23951,-10269
23952,-12466
23953,-12642
23954,-11309
23955,-7559
23956,-11836
23957,-14517
23958,-15455
23959,-11558
23960,-12789
23961,-14576
23962,-10606
23963,-14561
23964,-15689
23965,-16436
23966,-14590
23967,-12950
23968,-10665
23969,-14459
23970,-16246
23971,-13960
23972,-11910
23973,-11031
23974,-15264
23975,-13448
23976,-16465
23977,-9771
23978,-17183
23979,-12803
23980,-15367
23981,-14078
23982,-9332
23983,-12085
23984,-16011
23985,-9815
23986,-10694
23987,-12862
23988,-14561
23989,-13462
23990,-11089
23991,-14649
23992,-14312
23993,-12364
23994,-4776
23995,-1963
23996,-12627
23997,-13287
23998,-8277
23999,-3106
24000,-13638
24001,-11045
24002,-13301
24003,-12364
24004,-13580
24005,-12935
24006,-12349
24007,-15850
24008,-15074
24009,-10650
24010,-9244
24011,-13521
24012,-14034
24013,-12232
24014,-7369
24015,-9317
24016,454
24017,15102
24018,3442
24019,-6270
24020,-7354
24021,-9405
24022,-12159
24023,-6607
24024,-2344
24025,-8643
24026,-9537
24027,-9390
24028,-13799
24029,-10181
24030,981
24031,-5713
24032,-5831
24033,-7969
24034,-4571
24035,-11426
24036,-14180
24037,-14297
24038,-11968
24039,-2461
24040,-7706
24041,-12188
24042,-11939
24043,-5816
24044,-8951
24045,-6138
24046,-8306
24047,-6607
24048,-10064
24049,-8438
24050,556
24051,6269
24052,10400
24053,8159
24054,7602
24055,7250
24056,5200
24057,-1070
24058,13491
24059,9462
24060,7895
24061,12231
24062,12026
24063,6035
24064,9975
24065,8803
24066,4116
24067,3837
24068,-1905
24069,6621
24070,3281
24071,-3003
24072,-9961
24073,-4102
24074,1904
24075,-601
24076,2651
24077,-7090
24078,5903
24079,-9332
24080,-6109
24081,1523
24082,-3399
24083,-5977
24084,4101
24085,7749
24086,1479
24087,-938
24088,-2637
24089,2490
24090,2094
24091,7368
24092,7573
24093,8818
24094,1552
24095,4189
24096,8642
24097,8759
24098,4541
24099,3471
24100,-88
24101,-3209
24102,5932
24103,11630
24104,13593
24105,11103
24106,11220
24107,4584
24108,11835
24109,13769
24110,11206
24111,3647
24112,8261
24113,11879
24114,8115
24115,11762
24116,5083
24117,4042
24118,13315
24119,6855
24120,6503
24121,10517
24122,-1612
24123,-11880
24124,-191
24125,-2959
24126,5917
24127,1406
24128,424
24129,-6607
24130,4394
24131,6386
24132,615
24133,5610
24134,4921
24135,8247
24136,2856
24137,12319
24138,10180
24139,11308
24140,15366
24141,12128
24142,8027
24143,10708
24144,12626
24145,4365
24146,13432
24147,9638
24148,10517
24149,12026
24150,14633
24151,16040
24152,9873
24153,14121
24154,13666
24155,12509
24156,15922
24157,14033
24158,11279
24159,10678
24160,7822
24161,17270
24162,13828
24163,7294
24164,5903
24165,4438
24166,-425
24167,-5494
24168,2636
24169,2138
24170,9814
24171,-88
24172,9726
24173,8261
24174,87
24175,10546
24176,4555
24177,5214
24178,8525
24179,5317
24180,849
24181,2944
24182,-5479
24183,-2198
24184,-5069
24185,2270
24186,-2330
24187,-5845
24188,-2139
24189,-9654
24190,-7251
24191,-3970
24192,2900
24193,-3033
24194,3500
24195,-2388
24196,-7457
24197,-8248
24198,-2696
24199,-2242
24200,-4278
24201,6166
24202,-4190
24203,-1612
24204,-7383
24205,-2388
24206,-6197
24207,-337
24208,-1377
24209,-2417
24210,395
24211,-2828
24212,1567
24213,-660
24214,-7222
24215,-14678
24216,644
24217,-14927
24218,-11939
24219,-9961
24220,-13653
24221,-13418
24222,-6299
24223,-14942
24224,-9302
24225,-1700
24226,-9859
24227,-9917
24228,-11954
24229,-3648
24230,-9361
24231,-9419
24232,-7793
24233,-11060
24234,-10650
24235,-2842
24236,2915
24237,-6094
24238,-1011
24239,-396
24240,-4029
24241,-9332
24242,-11646
24243,-7061
24244,2709
24245,6049
24246,-10064
24247,-5904
24248,-4351
24249,-8423
24250,-8409
24251,-5567
24252,-6080
24253,-3663
24254,-7178
24255,-7735
24256,-4571
24257,-7823
24258,1245
24259,-7134
24260,-5962
24261,-6973
24262,-953
24263,-12935
24264,-10137
24265,-9625
24266,-11646
24267,-11382
24268,-12671
24269,-13506
24270,-11148
24271,-7750
24272,-10035
24273,2592
24274,-10035
24275,-10284
24276,-4410
24277,-1275
24278,-3033
24279,-5333
24280,5097
24281,1025
24282,688
24283,4863
24284,-74
24285,-7339
24286,-4439
24287,-1626
24288,1743
24289,-11705
24290,-12173
24291,-16319
24292,-13096
24293,2050
24294,-8130
24295,952
24296,-1670
24297,-2916
24298,-3282
24299,791
24300,6884
24301,5522
24302,5771
24303,7324
24304,-455
24305,-12803
24306,-13492
24307,-10884
24308,2299
24309,-16436
24310,-11353
24311,-9991
24312,-13975
24313,-3355
24314,3500
24315,-176
24316,-4278
24317,-5186
24318,-5479
24319,6855
24320,7631
24321,-2945
24322,-6109
24323,1625
24324,-1612
24325,-6666
24326,-8204
24327,-8790
24328,-1993
24329,-4058
24330,1376
24331,-2740
24332,4233
24333,5053
24334,5258
24335,12275
24336,12348
24337,5405
24338,-11119
24339,1523
24340,-5450
24341,-1963
24342,-6094
24343,-3340
24344,2094
24345,-1495
24346,-13111
24347,-8423
24348,-162
24349,-6548
24350,-3077
24351,-9332
24352,292
24353,-8174
24354,-6109
24355,717
24356,-1934
24357,717
24358,-2916
24359,834
24360,-6739
24361,-9405
24362,-938
24363,9272
24364,3002
24365,6650
24366,-689
24367,-894
24368,7807
24369,3471
24370,761
24371,2563
24372,2812
24373,-4776
24374,8173
24375,7792
24376,4790
24377,4423
24378,2563
24379,4482
24380,8085
24381,-9112
24382,-10547
24383,-6753
24384,-2901
24385,6152
24386,-3663
24387,-616
24388,-3443
24389,3969
24390,3032
24391,-2608
24392,6679
24393,8686
24394,5830
24395,-4556
24396,1406
24397,893
24398,4555
24399,-792
24400,-1875
24401,8071
24402,11660
24403,10166
24404,5727
24405,3750
24406,-792
24407,2285
24408,4248
24409,6123
24410,8745
24411,13212
24412,6035
24413,9521
24414,6972
24415,7822
24416,6284
24417,3017
24418,9785
24419,4995
24420,13256
24421,7045
24422,13242
24423,15410
24424,13754
24425,11528
24426,14267
24427,12363
24428,10678
24429,11499
24430,2299
24431,8540
24432,4995
24433,8422
24434,5185
24435,8041
24436,11542
24437,8012
24438,5742
24439,6489
24440,16523
24441,12626
24442,15747
24443,12319
24444,8525
24445,4863
24446,11044
24447,9213
24448,981
24449,2812
24450,8686
24451,8964
24452,278
24453,3090
24454,6137
24455,2680
24456,644
24457,7807
24458,7924
24459,8613
24460,5068
24461,-2549
24462,6342
24463,9213
24464,5009
24465,-1905
24466,8730
24467,9418
24468,8701
24469,717
24470,2856
24471,6240
24472,2548
24473,8496
24474,9609
24475,10019
24476,6269
24477,10004
24478,-6197
24479,468
24480,-2491
24481,1625
24482,5683
24483,2841
24484,-9844
24485,-6622
24486,6035
24487,-5010
24488,-2461
24489,-3868
24490,1230
24491,-2579
24492,-4556
24493,-3179
24494,5346
24495,11850
24496,5302
24497,3852
24498,1787
24499,5302
24500,1069
24501,8759
24502,2636
24503,7031
24504,161
24505,-5948
24506,-1890
24507,966
24508,6005
24509,8466
24510,5625
24511,2651
24512,12319
24513,9360
24514,3676
24515,4233
24516,9799
24517,10444
24518,4863
24519,12597
24520,14545
24521,11411
24522,7587
24523,8408
24524,5610
24525,3530
24526,5683
24527,8759
24528,4101
24529,7397
24530,5463
24531,1772
24532,11176
24533,3984
24534,-2828
24535,-5757
24536,8481
24537,3764
24538,-2198
24539,4892
24540,-586
24541,2841
24542,9272
24543,14428
24544,0
24545,-2344
24546,3398
24547,3559
24548,-2784
24549,1860
24550,-982
24551,2885
24552,439
24553,-3018
24554,5463
24555,-1670
24556,908
24557,-2549
24558,8100
24559,2753
24560,-953
24561,2666
24562,6298
24563,13037
24564,12700
24565,15161
24566,5668
24567,9228
24568,541
24569,3911
24570,-235
24571,1157
24572,2841
24573,585
24574,6020
24575,-2857
24576,161
24577,7470
24578,13535
24579,4921
24580,6196
24581,4072
24582,10986
24583,11967
24584,6621
24585,11250
24586,7148
24587,3193
24588,3339
24589,6459
24590,5141
24591,5009
24592,2475
24593,6152
24594,3046
24595,6635
24596,6679
24597,3237
24598,3383
24599,-5479
24600,-4322
24601,-10298
24602,-10958
24603,-1216
24604,1318
24605,-10826
24606,-10899
24607,-10181
24608,-8511
24609,-1714
24610,-5157
24611,-4483
24612,-5757
24613,3383
24614,512
24615,4702
24616,6386
24617,13359
24618,14033
24619,11118
24620,3793
24621,2270
24622,9697
24623,4218
24624,6196
24625,10473
24626,8803
24627,9858
24628,7177
24629,556
24630,-586
24631,-1055
24632,-630
24633,8833
24634,2578
24635,1860
24636,-1744
24637,1684
24638,1333
24639,10781
24640,12392
24641,9067
24642,5009
24643,-220
24644,-2051
24645,-5582
24646,-1612
24647,-5582
24648,-3516
24649,-2125
24650,-1319
24651,-7793
24652,-8731
24653,-6417
24654,-5831
24655,-6856
24656,-12525
24657,-923
24658,-5054
24659,3559
24660,8789
24661,2021
24662,3369
24663,1347
24664,-5040
24665,-12920
24666,-12627
24667,-7662
24668,1142
24669,-1495
24670,-1216
24671,-6592
24672,834
24673,2900
24674,2827
24675,2885
24676,-2710
24677,-1099
24678,-1172
24679,1318
24680,-6827
24681,-1832
24682,-11792
24683,-3399
24684,-411
24685,3691
24686,5625
24687,2460
24688,-3238
24689,-8365
24690,-7325
24691,-8746
24692,-9185
24693,-13404
24694,-4424
24695,-12540
24696,-10093
24697,-13594
24698,-14751
24699,-5611
24700,-7691
24701,-6622
24702,-13111
24703,-7310
24704,-6900
24705,-9771
24706,-12042
24707,-4190
24708,-718
24709,2036
24710,2871
24711,-5933
24712,-15118
24713,-11851
24714,-5728
24715,-13155
24716,-10240
24717,-7969
24718,-9815
24719,-10650
24720,-7691
24721,-3838
24722,-11104
24723,-8731
24724,-3370
24725,-748
24726,-10884
24727,-7354
24728,-8775
24729,-9698
24730,-7647
24731,-5259
24732,-5084
24733,-2784
24734,-10899
24735,-8643
24736,-2417
24737,-11954
24738,-10928
24739,-14341
24740,-12964
24741,-11412
24742,-10987
24743,-11939
24744,-12803
24745,-12247
24746,-14737
24747,-11456
24748,-14781
24749,-10665
24750,-5289
24751,-8672
24752,-13580
24753,-11587
24754,-16099
24755,-11734
24756,5625
24757,4907
24758,1010
24759,-5084
24760,-1626
24761,-11221
24762,-6973
24763,-10972
24764,-8760
24765,-5171
24766,-2242
24767,-8438
24768,-15323
24769,-9888
24770,-13111
24771,-8775
24772,-10738
24773,1508
24774,-6592
24775,-6226
24776,-6211
24777,-5508
24778,1816
24779,175
24780,3662
24781,-2754
24782,-5113
24783,-5450
24784,-5816
24785,-13316
24786,-6724
24787,-10767
24788,-9947
24789,-11558
24790,-12745
24791,-6358
24792,-7178
24793,-8379
24794,-14869
24795,-411
24796,2402
24797,-1509
24798,-9039
24799,629
24800,-3780
24801,6137
24802,7675
24803,2695
24804,4951
24805,-5831
24806,4863
24807,4350
24808,1992
24809,-1568
24810,1157
24811,2607
24812,-1612
24813,1889
24814,-6695
24815,-3780
24816,-5318
24817,-206
24818,-4292
24819,6401
24820,14
24821,1479
24822,-4439
24823,-7676
24824,-2300
24825,-6622
24826,-4805
24827,-2842
24828,1962
24829,-9947
24830,-8204
24831,-11177
24832,-5040
24833,-2959
24834,-967
24835,864
24836,4848
24837,5068
24838,-4952
24839,5390
24840,3940
24841,8378
24842,3706
24843,1230
24844,-2139
24845,-2579
24846,-1539
24847,7382
24848,12392
24849,12685
24850,8730
24851,7954
24852,9931
24853,6225
24854,11250
24855,1743
24856,2578
24857,-2798
24858,-9493
24859,-4996
24860,-4820
24861,-7676
24862,-6651
24863,3911
24864,-3077
24865,-1905
24866,3764
24867,6284
24868,2138
24869,-6578
24870,-4908
24871,3911
24872,9287
24873,3310
24874,9448
24875,2329
24876,5361
24877,7001
24878,10810
24879,11235
24880,10971
24881,10825
24882,7631
24883,11469
24884,6665
24885,4160
24886,-1890
24887,7148
24888,2548
24889,7939
24890,5888
24891,58
24892,952
24893,834
24894,7119
24895,2958
24896,6254
24897,4833
24898,8789
24899,5815
24900,10136
24901,12465
24902,11660
24903,7529
24904,6049
24905,7353
24906,5566
24907,12597
24908,2944
24909,8144
24910,2080
24911,4848
24912,2519
24913,1552
24914,43
24915,1611
24916,7001
24917,6166
24918,8759
24919,9301
24920,6386
24921,-2447
24922,7690
24923,6796
24924,10927
24925,12246
24926,9096
24927,13227
24928,6928
24929,10356
24930,1977
24931,7031
24932,-2022
24933,4907
24934,8349
24935,4863
24936,263
24937,-5845
24938,-2769
24939,-5962
24940,7001
24941,2343
24942,6577
24943,9301
24944,6723
24945,-6138
24946,2431
24947,-586
24948,-9566
24949,-3458
24950,-4322
24951,-1963
24952,-6519
24953,2636
24954,-235
24955,3398
24956,-777
24957,-1861
24958,-879
24959,4204
24960,-2066
24961,-9581
24962,-11001
24963,-7237
24964,-762
24965,-8863
24966,-4366
24967,-7002
24968,-5259
24969,-4966
24970,1318
24971,996
24972,-8511
24973,-10826
24974,-5831
24975,-5230
24976,-17125
24977,-7940
24978,-8614
24979,-4893
24980,-8526
24981,-12935
24982,-15162
24983,-14488
24984,-11558
24985,-10826
24986,-2593
24987,-6036
24988,-2183
24989,-4966
24990,43
24991,-5142
24992,-3648
24993,1127
24994,-2110
24995,-3956
24996,-14268
24997,-10723
24998,-7032
24999,-3047
25000,-4336
25001,-1626
25002,-11998
25003,-7750
25004,-9771
25005,-7911
25006,-499
25007,-6988
25008,-5289
25009,-9683
25010,-3414
25011,-8160
25012,-4542
25013,-6753
25014,-7208
25015,-5259
25016,-279
25017,-2549
25018,-12115
25019,-6387
25020,-5977
25021,-6211
25022,-12305
25023,-5318
25024,-7750
25025,-10401
25026,-11866
25027,-11514
25028,-6724
25029,-10181
25030,-8834
25031,-11397
25032,-9112
25033,-12906
25034,-4512
25035,-12803
25036,-5538
25037,-6373
25038,-5010
25039,-162
25040,1347
25041,4921
25042,1567
25043,2167
25044,-9039
25045,-557
25046,-4190
25047,-11207
25048,-9258
25049,-6270
25050,-4292
25051,-7295
25052,-14678
25053,-12188
25054,-12378
25055,-15484
25056,-5713
25057,-9800
25058,-3472
25059,-11207
25060,-6724
25061,-5376
25062,-4673
25063,6752
25064,1406
25065,629
25066,1201
25067,-4791
25068,-14268
25069,-6827
25070,-7105
25071,-5494
25072,-9537
25073,-12012
25074,-13052
25075,-12510
25076,-7823
25077,-13594
25078,-7222
25079,-11646
25080,-2945
25081,-3003
25082,2138
25083,-4380
25084,-2740
25085,8320
25086,1010
25087,-3721
25088,-9185
25089,-1714
25090,-3340
25091,-4205
25092,-455
25093,2695
25094,4233
25095,8891
25096,12290
25097,13432
25098,10576
25099,3017
25100,9565
25101,1347
25102,4072
25103,1464
25104,2958
25105,2856
25106,2006
25107,-3370
25108,-2374
25109,7412
25110,5434
25111,10532
25112,3266
25113,2402
25114,-3047
25115,-7164
25116,-5362
25117,-2754
25118,-9756
25119,-12554
25120,-15645
25121,-13038
25122,-13960
25123,-13726
25124,-8643
25125,-5860
25126,952
25127,-5860
25128,-8980
25129,-4542
25130,-440
25131,6196
25132,4057
25133,7192
25134,3105
25135,4848
25136,3823
25137,8774
25138,5683
25139,11044
25140,3530
25141,2797
25142,6928
25143,6840
25144,12333
25145,11206
25146,11499
25147,10722
25148,10063
25149,8583
25150,13623
25151,12861
25152,13403
25153,13330
25154,12626
25155,13154
25156,15219
25157,16157
25158,12861
25159,14794
25160,12451
25161,15571
25162,11411
25163,10385
25164,12509
25165,11791
25166,13491
25167,10605
25168,11953
25169,9594
25170,9799
25171,5522
25172,13681
25173,12158
25174,15717
25175,9653
25176,3999
25177,9082
25178,5976
25179,8701
25180,9111
25181,12451
25182,1962
25183,10854
25184,11997
25185,9565
25186,12934
25187,13754
25188,16611
25189,12612
25190,16391
25191,13066
25192,15966
25193,14575
25194,12392
25195,14252
25196,7998
25197,2636
25198,3706
25199,3706
25200,9008
25201,10561
25202,7895
25203,11528
25204,7119
25205,13564
25206,8481
25207,10664
25208,14487
25209,13198
25210,11000
25211,6635
25212,9638
25213,10473
25214,9477
25215,3793
25216,10063
25217,10957
25218,11528
25219,2651
25220,2680
25221,3193
25222,-3604
25223,5903
25224,8906
25225,11704
25226,9829
25227,10751
25228,10869
25229,13374
25230,6137
25231,1376
25232,-2300
25233,1406
25234,1362
25235,7470
25236,13476
25237,6254
25238,9140
25239,7016
25240,8642
25241,4086
25242,6372
25243,6752
25244,7529
25245,1831
25246,-2315
25247,2036
25248,3339
25249,10253
25250,5346
25251,5917
25252,7294
25253,7280
25254,7749
25255,4687
25256,5639
25257,131
25258,5200
25259,-528
25260,6049
25261,1787
25262,2080
25263,3295
25264,585
25265,556
25266,-3458
25267,-2051
25268,-7061
25269,3149
25270,10239
25271,5683
25272,-2828
25273,3793
25274,-5845
25275,2167
25276,131
25277,175
25278,2431
25279,5551
25280,4028
25281,-3165
25282,-953
25283,5097
25284,4262
25285,-3458
25286,1757
25287,4541
25288,2827
25289,820
25290,-2139
25291,2255
25292,1303
25293,2285
25294,-2989
25295,6313
25296,3867
25297,1450
25298,-4307
25299,1962
25300,7573
25301,6298
25302,2548
25303,-5992
25304,2768
25305,-1070
25306,-1700
25307,-2491
25308,-1246
25309,-3692
25310,-2168
25311,-4585
25312,-7793
25313,-2344
25314,-3165
25315,-2374
25316,-5875
25317,-879
25318,-10386
25319,-2623
25320,-1055
25321,-748
25322,3720
25323,11850
25324,10473
25325,6474
25326,10810
25327,-293
25328,3208
25329,-953
25330,776
25331,-2271
25332,-2828
25333,-6226
25334,-7413
25335,-5084
25336,-11778
25337,-12261
25338,-11309
25339,-8277
25340,-3267
25341,966
25342,-10884
25343,-2022
25344,-1714
25345,-293
25346,5170
25347,688
25348,190
25349,-7837
25350,-7984
25351,-10752
25352,-5596
25353,-9053
25354,-4834
25355,-499
25356,-2154
25357,-4996
25358,-6490
25359,-118
25360,454
25361,2373
25362,1230
25363,9389
25364,2753
25365,3911
25366,-3311
25367,8569
25368,10502
25369,12436
25370,7412
25371,-4410
25372,278
25373,-9288
25374,-1656
25375,-1114
25376,2578
25377,2241
25378,-7208
25379,-14400
25380,-4439
25381,-12540
25382,-12671
25383,-4644
25384,-13931
25385,-13038
25386,-12408
25387,-12452
25388,-14473
25389,-14297
25390,-11968
25391,-13111
25392,-15103
25393,-12496
25394,-10093
25395,-11631
25396,-15206
25397,-9961
25398,-15616
25399,-13624
25400,-11353
25401,-13096
25402,-12701
25403,-16158
25404,-9756
25405,-7559
25406,-11529
25407,-5669
25408,-10064
25409,-1817
25410,2636
25411,981
25412,-1978
25413,6328
25414,8774
25415,9492
25416,10092
25417,2885
25418,3867
25419,966
25420,3295
25421,-3750
25422,4057
25423,3676
25424,1977
25425,1669
25426,3222
25427,8422
25428,556
25429,4335
25430,-3165
25431,5522
25432,732
25433,234
25434,2460
25435,-206
25436,-2315
25437,2285
25438,2709
25439,2124
25440,6518
25441,-1334
25442,380
25443,-3179
25444,-6021
25445,-12510
25446,-660
25447,-2754
25448,-10210
25449,278
25450,-7823
25451,-7925
25452,-11749
25453,-3384
25454,-10196
25455,-5127
25456,-8980
25457,-10709
25458,-11016
25459,-11031
25460,-10884
25461,-8936
25462,834
25463,-7061
25464,-1421
25465,-9097
25466,-2696
25467,-3238
25468,-2227
25469,-3692
25470,-499
25471,1860
25472,3720
25473,6723
25474,322
25475,-499
25476,-10518
25477,-4454
25478,-6211
25479,-4527
25480,-6607
25481,-6255
25482,-2505
25483,-2608
25484,-2740
25485,-4483
25486,3911
25487,3237
25488,1406
25489,-5201
25490,-2227
25491,1025
25492,1303
25493,3237
25494,-2344
25495,-5157
25496,-8204
25497,-1597
25498,-5142
25499,-1026
25500,-7295
25501,-5831
25502,3281
25503,-2359
25504,-10899
25505,-7398
25506,-1143
25507,5727
25508,13520
25509,6123
25510,9916
25511,175
25512,4936
25513,1245
25514,14
25515,-4234
25516,-7720
25517,-6490
25518,-4424
25519,-2637
25520,-15
25521,1171
25522,-748
25523,5976
25524,-59
25525,4013
25526,1362
25527,673
25528,4775
25529,-5054
25530,-4996
25531,-8702
25532,-2110
25533,512
25534,3002
25535,-4864
25536,1069
25537,2666
25538,-396
25539,-3384
25540,-10547
25541,-6783
25542,-9917
25543,-6211
25544,-10196
25545,-777
25546,-1509
25547,-1788
25548,-4087
25549,-3370
25550,-5406
25551,-206
25552,2768
25553,-220
25554,10283
25555,1040
25556,6152
25557,3369
25558,6137
25559,4335
25560,3032
25561,-3355
25562,-5552
25563,4702
25564,1435
25565,-323
25566,-264
25567,6181
25568,-1568
25569,4072
25570,2460
25571,5830
25572,7045
25573,2329
25574,-469
25575,-4996
25576,2270
25577,2109
25578,9023
25579,6811
25580,8510
25581,6870
25582,7514
25583,4306
25584,5976
25585,7236
25586,9931
25587,9521
25588,527
25589,9096
25590,4350
25591,3691
25592,-1480
25593,4262
25594,6020
25595,849
25596,307
25597,2021
25598,-5933
25599,-11851
25600,-1128
25601,-3238
25602,3398
25603,424
25604,-4366
25605,1904
25606,9462
25607,6049
25608,10883
25609,14355
25610,7983
25611,-30
25612,-6753
25613,-2608
25614,1816
25615,2607
25616,4716
25617,7265
25618,-118
25619,-10928
25620,-8584
25621,43
25622,10195
25623,9902
25624,10751
25625,7631
25626,7939
25627,-3121
25628,-1890
25629,7998
25630,9082
25631,5449
25632,3413
25633,8847
25634,2724
25635,1728
25636,-5289
25637,-586
25638,-2095
25639,-2784
25640,-8130
25641,-10752
25642,-14385
25643,-15176
25644,-15220
25645,-16875
25646,-9566
25647,-19585
25648,-14810
25649,-11412
25650,-15616
25651,-6299
25652,-132
25653,-323
25654,-7251
25655,-14517
25656,-21724
25657,-15103
25658,-11924
25659,-10079
25660,-4791
25661,4233
25662,-8292
25663,-3296
25664,3925
25665,8950
25666,11235
25667,2343
25668,6547
25669,7470
25670,10283
25671,2504
25672,4672
25673,4702
25674,6386
25675,7675
25676,7573
25677,12407
25678,10166
25679,11865
25680,5947
25681,10561
25682,3779
25683,3457
25684,1787
25685,6181
25686,4042
25687,3017
25688,-1919
25689,-7208
25690,2783
25691,-6182
25692,2958
25693,-411
25694,-4029
25695,-1729
25696,4350
25697,4951
25698,3603
25699,3178
25700,2167
25701,6386
25702,2592
25703,7631
25704,-806
25705,-367
25706,-5743
25707,-3853
25708,-5596
25709,-2696
25710,-1055
25711,-5450
25712,849
25713,-748
25714,-2681
25715,-4952
25716,3940
25717,0
25718,-1773
25719,-7750
25720,-5303
25721,-5538
25722,-5582
25723,-411
25724,-6592
25725,-44
25726,-8526
25727,-2227
25728,1289
25729,-2417
25730,-132
25731,4702
25732,0
25733,-3692
25734,-10357
25735,-12452
25736,-5391
25737,-10079
25738,-5464
25739,-11104
25740,-8160
25741,-9566
25742,-9068
25743,-11060
25744,-8160
25745,-250
25746,-2183
25747,5039
25748,1933
25749,-1729
25750,-9170
25751,-6021
25752,-8907
25753,-5831
25754,-6080
25755,-1758
25756,3310
25757,-1656
25758,-4996
25759,-15132
25760,-3692
25761,-6446
25762,-2754
25763,-5845
25764,-6695
25765,-6812
25766,-4629
25767,-5376
25768,-1685
25769,5083
25770,-264
25771,3764
25772,-6094
25773,-1465
25774,-5245
25775,-2916
25776,-4937
25777,-4644
25778,-8335
25779,-9346
25780,-9419
25781,-10254
25782,-601
25783,-7544
25784,-2769
25785,-8614
25786,-6431
25787,-1407
25788,-7339
25789,-7134
25790,-1216
25791,4570
25792,6855
25793,7661
25794,-3487
25795,-953
25796,-10342
25797,-5479
25798,-10254
25799,-11250
25800,-11500
25801,-14078
25802,-6636
25803,-8321
25804,-5435
25805,-8921
25806,-6197
25807,-4366
25808,-1260
25809,-8277
25810,-6006
25811,-4410
25812,-5875
25813,-5962
25814,-9156
25815,-4864
25816,-11441
25817,-2271
25818,-9449
25819,-5699
25820,-8116
25821,-5538
25822,-3545
25823,-2154
25824,-7105
25825,-10284
25826,-4219
25827,-9859
25828,-4468
25829,-3736
25830,1406
25831,-8277
25832,-4219
25833,-2256
25834,-1055
25835,9477
25836,6826
25837,7617
25838,4980
25839,9916
25840,-542
25841,-2769
25842,-5347
25843,3046
25844,1582
25845,-1084
25846,424
25847,5258
25848,9360
25849,-103
25850,6372
25851,2314
25852,8964
25853,8012
25854,10122
25855,5932
25856,8217
25857,7719
25858,5668
25859,11806
25860,4628
25861,8833
25862,3852
25863,9521
25864,2065
25865,4614
25866,3251
25867,9682
25868,14208
25869,7954
25870,9682
25871,5537
25872,512
25873,-718
25874,5859
25875,5039
25876,13066
25877,13388
25878,12641
25879,15351
25880,12905
25881,14414
25882,10766
25883,14326
25884,18442
25885,13959
25886,11689
25887,10927
25888,7763
25889,13227
25890,14985
25891,15073
25892,16318
25893,11748
25894,17138
25895,13974
25896,11191
25897,4643
25898,11059
25899,6738
25900,1025
25901,-7295
25902,-10591
25903,-9771
25904,-10035
25905,-5933
25906,-12393
25907,-3868
25908,-10796
25909,-1070
25910,-1363
25911,996
25912,-2637
25913,-235
25914,-3077
25915,-4864
25916,-3223
25917,-4571
25918,6152
25919,2109
25920,6782
25921,4863
25922,7587
25923,9008
25924,10590
25925,12099
25926,6108
25927,4101
25928,2915
25929,10883
25930,12509
25931,14853
25932,14589
25933,16376
25934,16684
25935,17211
25936,14824
25937,13007
25938,8583
25939,2124
25940,15014
25941,13417
25942,14882
25943,12348
25944,16699
25945,18662
25946,11909
25947,15864
25948,13198
25949,14765
25950,17211
25951,12539
25952,6474
25953,12758
25954,8452
25955,9521
25956,8540
25957,3310
25958,5639
25959,11206
25960,11528
25961,12993
25962,14370
25963,10722
25964,10400
25965,-88
25966,5610
25967,2900
25968,3881
25969,-4776
25970,-3736
25971,2973
25972,-4659
25973,7412
25974,9960
25975,12465
25976,16669
25977,6958
25978,-3472
25979,6372
25980,6269
25981,7998
25982,10092
25983,4262
25984,2592
25985,-2139
25986,4555
25987,2065
25988,7514
25989,7148
25990,11528
25991,9038
25992,5874
25993,3764
25994,4145
25995,9741
25996,5815
25997,7939
25998,6342
25999,3574
26000,-2447
26001,2504
26002,1831
26003,3471
26004,1918
26005,9975
26006,13081
26007,9814
26008,6533
26009,585
26010,8334
26011,-674
26012,-2974
26013,-4776
26014,336
26015,5551
26016,1933
26017,-806
26018,-7618
26019,-3970
26020,-4307
26021,2299
26022,-2212
26023,1274
26024,-513
26025,5654
26026,-293
26027,556
26028,10561
26029,7397
26030,15512
26031,11616
26032,11425
26033,7734
26034,2753
26035,-6285
26036,3955
26037,8232
26038,3017
26039,5229
26040,-352
26041,-1685
26042,-5875
26043,-616
26044,-6036
26045,4116
26046,2343
26047,-1993
26048,-2593
26049,-2022
26050,-3252
26051,-499
26052,1010
26053,-777
26054,2475
26055,-5596
26056,-1231
26057,-3882
26058,-557
26059,-9961
26060,-8980
26061,-9214
26062,-14678
26063,-11705
26064,-13448
26065,-13462
26066,-5464
26067,-4219
26068,-6490
26069,-2945
26070,-5757
26071,-4703
26072,-2300
26073,-2916
26074,-645
26075,-3692
26076,3002
26077,-4454
26078,-2359
26079,-4571
26080,-1421
26081,-2974
26082,-4600
26083,-8951
26084,-5611
26085,747
26086,498
26087,-308
26088,-3604
26089,5698
26090,-5362
26091,-4439
26092,-8116
26093,-3707
26094,-3956
26095,-12584
26096,-12115
26097,-12920
26098,-10547
26099,-13506
26100,-7808
26101,-11280
26102,-8072
26103,-14327
26104,-11851
26105,-12393
26106,-14136
26107,-11983
26108,-16246
26109,-12759
26110,-17608
26111,-16114
26112,-14825
26113,-13580
26114,-12510
26115,-13829
26116,-15074
26117,-10020
26118,-3311
26119,-6358
26120,249
26121,-3516
26122,-3545
26123,-9961
26124,-12393
26125,-17051
26126,-12261
26127,-12774
26128,-9522
26129,-2681
26130,-7559
26131,-12188
26132,-12979
26133,-9170
26134,-13243
26135,-11441
26136,-11939
26137,-2637
26138,2988
26139,-118
26140,-4688
26141,2197
26142,7500
26143,7749
26144,8920
26145,12436
26146,7412
26147,3647
26148,6679
26149,-6270
26150,-1890
26151,-4820
26152,-4219
26153,6503
26154,4980
26155,4790
26156,-2652
26157,-7735
26158,-8775
26159,-7691
26160,-11719
26161,-8731
26162,-13067
26163,-15250
26164,-13697
26165,-13052
26166,-13213
26167,-13624
26168,-13331
26169,-13741
26170,-14341
26171,-14415
26172,-15484
26173,-13785
26174,-9478
26175,-11661
26176,-16553
26177,-10679
26178,-10943
26179,-9229
26180,-9419
26181,-5845
26182,-8760
26183,-7940
26184,-4600
26185,-5289
26186,-8643
26187,-967
26188,3676
26189,3837
26190,10737
26191,5009
26192,10590
26193,6416
26194,9682
26195,4892
26196,9946
26197,2241
26198,-1480
26199,-1011
26200,4921
26201,3354
26202,-6548
26203,6386
26204,7221
26205,9755
26206,10092
26207,11088
26208,13081
26209,8613
26210,263
26211,-5669
26212,-1934
26213,-5406
26214,527
26215,-5948
26216,1245
26217,-3501
26218,-953
26219,-879
26220,-1861
26221,-6182
26222,-12173
26223,-6460
26224,-2125
26225,5463
26226,600
26227,-806
26228,-5538
26229,1215
26230,366
26231,3046
26232,4804
26233,7485
26234,8759
26235,2988
26236,6386
26237,-2564
26238,1362
26239,3867
26240,2431
26241,-1099
26242,-821
26243,-792
26244,5126
26245,6386
26246,4628
26247,-103
26248,-6739
26249,4658
26250,4921
26251,4042
26252,-3663
26253,-8526
26254,-12642
26255,-10591
26256,-2857
26257,-6402
26258,-2447
26259,-792
26260,7119
26261,2153
26262,5141
26263,-2037
26264,-293
26265,-4996
26266,-8599
26267,-11397
26268,-9874
26269,-5069
26270,-4292
26271,-923
26272,1259
26273,4306
26274,2666
26275,9331
26276,3925
26277,5273
26278,4599
26279,1479
26280,5302
26281,-3062
26282,336
26283,-2608
26284,5976
26285,5024
26286,9990
26287,9755
26288,8994
26289,5097
26290,8144
26291,7207
26292,3002
26293,10986
26294,2387
26295,8598
26296,7822
26297,5068
26298,2460
26299,6181
26300,6342
26301,1757
26302,3237
26303,1479
26304,2431
26305,688
26306,336
26307,-7618
26308,1655
26309,-7076
26310,-5918
26311,-1949
26312,-674
26313,7045
26314,6752
26315,3530
26316,-2198
26317,-162
26318,-6578
26319,-7017
26320,-7325
26321,-5025
26322,-4073
26323,-4556
26324,-10884
26325,-15572
26326,-5040
26327,-5289
26328,4804
26329,1333
26330,3955
26331,5141
26332,4760
26333,1420
26334,7543
26335,10107
26336,9755
26337,2812
26338,-4336
26339,5434
26340,-850
26341,498
26342,-1802
26343,791
26344,8657
26345,3735
26346,322
26347,1918
26348,1333
26349,-2388
26350,1347
26351,-2784
26352,3471
26353,-586
26354,-2212
26355,-5655
26356,-1524
26357,5346
26358,3471
26359,9228
26360,2856
26361,-3750
26362,-5376
26363,-1495
26364,-4805
26365,468
26366,-6709
26367,-4410
26368,-118
26369,-3062
26370,-835
26371,-513
26372,2475
26373,-6871
26374,-5757
26375,-12217
26376,-10606
26377,-4542
26378,-5567
26379,-12862
26380,-11573
26381,-11910
26382,-12071
26383,-2872
26384,-10093
26385,-10811
26386,-7881
26387,-2710
26388,-11031
26389,-11485
26390,-10870
26391,-11910
26392,-8921
26393,-12876
26394,-15513
26395,-12159
26396,-12100
26397,-13814
26398,-9961
26399,-8995
26400,4863
26401,10649
26402,14750
26403,14003
26404,9916
26405,12260
26406,10195
26407,10576
26408,7280
26409,12861
26410,8598
26411,8979
26412,-6182
26413,-4483
26414,-1231
26415,-7017
26416,-4483
26417,-4190
26418,5053
26419,5375
26420,-206
26421,-7911
26422,1069
26423,-3882
26424,-2535
26425,-11031
26426,-14898
26427,-11324
26428,-13492
26429,-7940
26430,-16026
26431,-15118
26432,-14795
26433,-12247
26434,-15147
26435,-14034
26436,-13199
26437,-12979
26438,-7764
26439,-14297
26440,-10943
26441,-12173
26442,-8848
26443,-6241
26444,1933
26445,-3062
26446,1303
26447,-2491
26448,-4864
26449,1215
26450,-1231
26451,4833
26452,10253
26453,10883
26454,4145
26455,11718
26456,10136
26457,12495
26458,12963
26459,15117
26460,12963
26461,8891
26462,11982
26463,2929
26464,3940
26465,-3428
26466,2709
26467,6035
26468,5566
26469,2592
26470,5903
26471,11235
26472,13198
26473,9448
26474,-938
26475,-1202
26476,-10049
26477,-10899
26478,-13462
26479,-11895
26480,-10430
26481,-6475
26482,-5567
26483,1508
26484,1669
26485,-4600
26486,3339
26487,1596
26488,5581
26489,-1260
26490,-6255
26491,-7676
26492,-9698
26493,-9844
26494,-8189
26495,-5201
26496,-2564
26497,4599
26498,5507
26499,7631
26500,1933
26501,1186
26502,-3648
26503,-455
26504,-4102
26505,-11500
26506,-10240
26507,-10386
26508,-3384
26509,2416
26510,8994
26511,1376
26512,4116
26513,4614
26514,8129
26515,10136
26516,4204
26517,-616
26518,-2403
26519,1098
26520,-9126
26521,-4966
26522,-8599
26523,-557
26524,-1216
26525,-3589
26526,234
26527,-1187
26528,-3838
26529,-6827
26530,-8541
26531,-14708
26532,-10811
26533,-11924
26534,-3531
26535,-13902
26536,-6153
26537,-2520
26538,-542
26539,8276
26540,10795
26541,13579
26542,9301
26543,6650
26544,-1421
26545,5947
26546,1904
26547,2827
26548,-1128
26549,805
26550,-967
26551,-3736
26552,3237
26553,-162
26554,5771
26555,2387
26556,7104
26557,4145
26558,12846
26559,4980
26560,9873
26561,9814
26562,13945
26563,12685
26564,13623
26565,12949
26566,8203
26567,10942
26568,5009
26569,1362
26570,1098
26571,966
26572,-2989
26573,-1363
26574,-3121
26575,-879
26576,7163
26577,5288
26578,9814
26579,1142
26580,5214
26581,-337
26582,29
26583,-5347
26584,-5625
26585,-4190
26586,-10884
26587,-5274
26588,-10914
26589,-4703
26590,-3472
26591,2768
26592,-250
26593,9213
26594,4687
26595,7543
26596,11425
26597,9785
26598,10810
26599,4482
26600,6796
26601,2387
26602,10971
26603,6679
26604,8818
26605,11088
26606,11293
26607,10883
26608,5434
26609,6518
26610,7163
26611,17607
26612,6708
26613,12670
26614,10620
26615,6357
26616,4204
26617,8979
26618,6826
26619,4233
26620,7661
26621,7353
26622,11044
26623,8159
26624,5932
26625,5595
26626,12685
26627,11586
26628,7558
26629,8217
26630,11074
26631,7060
26632,4614
26633,2797
26634,1259
26635,12729
26636,7602
26637,8818
26638,7207
26639,8627
26640,8920
26641,11967
26642,14047
26643,7587
26644,5507
26645,-2447
26646,6738
26647,9741
26648,7851
26649,2783
26650,1787
26651,7031
26652,11176
26653,10429
26654,7514
26655,8774
26656,4335
26657,15219
26658,7792
26659,8144
26660,6269
26661,-1832
26662,1098
26663,-4761
26664,-8086
26665,644
26666,13710
26667,15629
26668,16054
26669,10942
26670,11074
26671,9931
26672,22500
26673,13681
26674,10004
26675,7514
26676,-1246
26677,5522
26678,7001
26679,10209
26680,8730
26681,8525
26682,8232
26683,12597
26684,11967
26685,16303
26686,12026
26687,7500
26688,6123
26689,1845
26690,-1861
26691,-7662
26692,-10342
26693,-7793
26694,1508
26695,-3355
26696,-4864
26697,-9551
26698,-7413
26699,-337
26700,-2139
26701,-2710
26702,-9229
26703,-7134
26704,-12452
26705,-9800
26706,-10049
26707,-8731
26708,-6519
26709,-1934
26710,1772
26711,3969
26712,10488
26713,3193
26714,6840
26715,-1319
26716,8920
26717,8847
26718,11586
26719,13652
26720,11630
26721,15043
26722,12788
26723,16757
26724,13403
26725,15659
26726,16889
26727,17973
26728,11220
26729,11132
26730,10590
26731,9990
26732,12407
26733,17255
26734,17534
26735,13593
26736,13637
26737,12949
26738,20200
26739,13593
26740,11367
26741,6240
26742,2680
26743,4042
26744,2958
26745,5126
26746,556
26747,3442
26748,7792
26749,10781
26750,3925
26751,6035
26752,6079
26753,10253
26754,9638
26755,4804
26756,-337
26757,-2198
26758,-1509
26759,-9419
26760,87
26761,-3926
26762,-1524
26763,6108
26764,5830
26765,5756
26766,-425
26767,-8628
26768,-4351
26769,2446
26770,-4952
26771,-1480
26772,-4014
26773,1640
26774,2607
26775,3383
26776,-1919
26777,-2139
26778,8833
26779,5273
26780,10019
26781,4482
26782,1538
26783,1376
26784,3325
26785,-6666
26786,-2125
26787,-9976
26788,-7676
26789,-4688
26790,-8306
26791,-5743
26792,-8453
26793,-6504
26794,-8072
26795,-3516
26796,-6592
26797,-5494
26798,-10489
26799,-381
26800,3105
26801,-2168
26802,4321
26803,-2110
26804,-2256
26805,-4058
26806,-4029
26807,-7457
26808,-3765
26809,-6622
26810,-4454
26811,-4893
26812,-9639
26813,-13389
26814,-14693
26815,-10635
26816,-11236
26817,-762
26818,-7208
26819,-5962
26820,-5025
26821,-1788
26822,-147
26823,6269
26824,7397
26825,102
26826,4350
26827,-4644
26828,-4527
26829,-10870
26830,-5435
26831,-6563
26832,-9712
26833,-13184
26834,-15704
26835,-16128
26836,-14239
26837,-16275
26838,-13331
26839,-11470
26840,-12584
26841,-7779
26842,-16714
26843,-6944
26844,-5889
26845,-6812
26846,-9068
26847,-13287
26848,-12085
26849,-18018
26850,-13301
26851,-13184
26852,-15030
26853,-15557
26854,-14444
26855,-15293
26856,-7955
26857,-4468
26858,-9112
26859,-3692
26860,-4029
26861,-5318
26862,-7281
26863,-7632
26864,-12217
26865,-7896
26866,-12466
26867,-10987
26868,-8204
26869,-9244
26870,-7369
26871,-4278
26872,-3531
26873,-5171
26874,-7559
26875,-8292
26876,-2579
26877,-8614
26878,-6797
26879,-2535
26880,1669
26881,-9786
26882,-17066
26883,-9786
26884,-12818
26885,-9039
26886,-8848
26887,-6944
26888,-8145
26889,-8584
26890,-9859
26891,-11763
26892,-9170
26893,-7720
26894,-1436
26895,-7134
26896,-5962
26897,-11617
26898,-7149
26899,-10972
26900,-14854
26901,-9771
26902,-8790
26903,-6534
26904,-11646
26905,-8101
26906,-9844
26907,878
26908,-6036
26909,-4000
26910,-3780
26911,-3794
26912,-5611
26913,-2623
26914,-10225
26915,-5318
26916,-337
26917,-7266
26918,-11177
26919,-8248
26920,-923
26921,-3018
26922,1845
26923,-8511
26924,-4864
26925,87
26926,4042
26927,4248
26928,-11045
26929,-13272
26930,-9112
26931,-6753
26932,-12496
26933,-10987
26934,-1875
26935,8496
26936,10312
26937,8730
26938,6533
26939,6049
26940,12919
26941,10063
26942,13271
26943,8393
26944,6855
26945,-2388
26946,-3443
26947,-2535
26948,-1216
26949,3588
26950,1918
26951,4804
26952,1186
26953,11118
26954,5507
26955,-1568
26956,-4952
26957,-1861
26958,-7457
26959,-8863
26960,-10635
26961,-5743
26962,5639
26963,2636
26964,-586
26965,-10826
26966,-13140
26967,-14678
26968,-7984
26969,-10928
26970,-14078
26971,-11836
26972,-14898
26973,-13770
26974,-18838
26975,-13858
26976,-10870
26977,-4351
26978,-4483
26979,5800
26980,4702
26981,3618
26982,3515
26983,7426
26984,10415
26985,8686
26986,12421
26987,6928
26988,14531
26989,12802
26990,15483
26991,14370
26992,14677
26993,15834
26994,18647
26995,14340
26996,17050
26997,15908
26998,13769
26999,14838
27000,18999
27001,16274
27002,14589
27003,17900
27004,14545
27005,11206
27006,16245
27007,11674
27008,10400
27009,3515
27010,6254
27011,4965
27012,9785
27013,5991
27014,6005
27015,1875
27016,6093
27017,10063
27018,8540
27019,18735
27020,8935
27021,10898
27022,7221
27023,8364
27024,-235
27025,-586
27026,-2740
27027,-2359
27028,-3604
27029,-2491
27030,1728
27031,-1451
27032,11381
27033,11997
27034,12729
27035,4965
27036,3120
27037,5185
27038,6035
27039,2768
27040,-6695
27041,-9507
27042,-6138
27043,-1890
27044,2094
27045,5947
27046,292
27047,5991
27048,1801
27049,4013
27050,966
27051,-5362
27052,-2740
27053,-3824
27054,3984
27055,-6314
27056,190
27057,-3721
27058,1772
27059,-4087
27060,-4292
27061,-11133
27062,-8379
27063,-8277
27064,-7061
27065,1875
27066,-6651
27067,-6548
27068,-8614
27069,-2256
27070,-4424
27071,-6739
27072,-8995
27073,-8848
27074,-894
27075,-2110
27076,1684
27077,-323
27078,-3209
27079,-6080
27080,1699
27081,-7237
27082,-997
27083,1772
27084,4833
27085,6137
27086,-1758
27087,-3018
27088,-5948
27089,732
27090,-6666
27091,-3619
27092,-7647
27093,-1670
27094,-4043
27095,-6519
27096,-14004
27097,-11998
27098,-9581
27099,-11792
27100,-4981
27101,-6944
27102,-2505
27103,-5376
27104,-11558
27105,-8277
27106,-5801
27107,-1905
27108,-6050
27109,-6563
27110,-9654
27111,-12129
27112,-11558
27113,-6153
27114,-10401
27115,-10518
27116,-11617
27117,-13331
27118,-13228
27119,-13829
27120,-10489
27121,-14136
27122,-8790
27123,-10503
27124,-8511
27125,-10430
27126,-5025
27127,-7193
27128,-2945
27129,-2110
27130,-2681
27131,-8277
27132,-12144
27133,-4512
27134,-13082
27135,-3926
27136,-2300
27137,1113
27138,-1216
27139,-616
27140,2929
27141,7851
27142,13725
27143,4614
27144,1801
27145,190
27146,2592
27147,-4410
27148,-30
27149,-8174
27150,-7251
27151,-6827
27152,-11968
27153,-7867
27154,-10459
27155,-4996
27156,-7222
27157,-3780
27158,-8790
27159,-5450
27160,-7237
27161,-7354
27162,-8555
27163,-5918
27164,-7867
27165,-5845
27166,-10123
27167,-12847
27168,-7984
27169,-10503
27170,-8438
27171,-11456
27172,-8335
27173,-5728
27174,-5845
27175,-6475
27176,-1465
27177,-982
27178,-6446
27179,-2212
27180,-7896
27181,-7208
27182,-10591
27183,-9961
27184,-11060
27185,-9595
27186,-10313
27187,-3633
27188,278
27189,-5406
27190,-5508
27191,-11675
27192,-411
27193,2006
27194,-2081
27195,-9712
27196,-10093
27197,-5596
27198,-4556
27199,-1861
27200,-6314
27201,-8555
27202,-10474
27203,-10269
27204,-11939
27205,-6768
27206,-9610
27207,4248
27208,8554
27209,6987
27210,1699
27211,-6358
27212,952
27213,5961
27214,6972
27215,-1143
27216,4174
27217,-162
27218,-2886
27219,-1612
27220,7441
27221,4042
27222,-528
27223,3383
27224,4394
27225,13681
27226,-1290
27227,-3282
27228,-9639
27229,-5933
27230,-6709
27231,-6417
27232,-7310
27233,-4439
27234,-1788
27235,-10489
27236,-13448
27237,-11324
27238,-15000
27239,-14180
27240,-14253
27241,-15323
27242,-14136
27243,-14957
27244,-9961
27245,-132
27246,-2784
27247,-821
27248,-9200
27249,-8716
27250,-7911
27251,-4190
27252,-3165
27253,-2183
27254,-9947
27255,-10167
27256,-7486
27257,14
27258,8393
27259,1010
27260,9550
27261,6899
27262,14428
27263,14619
27264,11894
27265,12070
27266,14648
27267,17475
27268,16054
27269,16582
27270,14663
27271,13491
27272,13769
27273,13315
27274,15659
27275,17607
27276,13505
27277,11616
27278,16142
27279,13505
27280,14780
27281,11748
27282,10253
27283,6855
27284,10488
27285,4057
27286,9096
27287,9301
27288,12436
27289,12348
27290,13081
27291,12700
27292,12041
27293,10942
27294,10898
27295,10795
27296,937
27297,-674
27298,-1114
27299,3852
27300,4687
27301,10180
27302,14794
27303,12333
27304,13242
27305,9023
27306,12861
27307,6123
27308,11923
27309,6708
27310,10927
27311,6240
27312,5053
27313,12128
27314,8525
27315,13242
27316,10385
27317,14707
27318,11967
27319,15937
27320,13227
27321,14472
27322,7954
27323,3017
27324,-5611
27325,-8321
27326,-3135
27327,-3633
27328,6914
27329,7236
27330,11791
27331,10664
27332,7866
27333,6796
27334,5273
27335,6342
27336,2519
27337,7265
27338,3237
27339,6313
27340,7104
27341,11572
27342,9960
27343,8408
27344,10693
27345,6254
27346,6972
27347,10371
27348,11557
27349,6518
27350,6064
27351,2387
27352,16303
27353,10517
27354,11044
27355,8833
27356,8950
27357,8496
27358,9199
27359,12802
27360,10488
27361,11367
27362,9770
27363,10986
27364,9770
27365,14824
27366,11542
27367,10283
27368,10913
27369,2109
27370,2373
27371,1333
27372,10898
27373,7192
27374,9067
27375,1083
27376,1245
27377,-850
27378,-3912
27379,-7002
27380,-7251
27381,-10196
27382,-9405
27383,937
27384,1772
27385,9697
27386,5507
27387,5800
27388,-1128
27389,732
27390,-1187
27391,-4117
27392,-279
27393,-5318
27394,-5611
27395,-7281
27396,102
27397,-3223
27398,4790
27399,395
27400,7983
27401,3735
27402,2036
27403,9184
27404,7792
27405,11440
27406,6284
27407,11791
27408,3925
27409,6269
27410,7294
27411,9770
27412,8217
27413,7924
27414,8056
27415,7207
27416,10693
27417,2666
27418,10429
27419,-308
27420,4306
27421,3281
27422,5771
27423,4262
27424,5859
27425,9404
27426,9565
27427,10283
27428,5361
27429,5610
27430,5800
27431,3383
27432,-3707
27433,0
27434,-2432
27435,7368
27436,8188
27437,7426
27438,8305
27439,2490
27440,7983
27441,1625
27442,2270
27443,-1158
27444,-1216
27445,2460
27446,4101
27447,3266
27448,-1187
27449,1816
27450,4365
27451,4936
27452,2827
27453,8437
27454,-220
27455,2021
27456,-381
27457,5566
27458,11645
27459,7133
27460,6577
27461,3237
27462,6621
27463,5390
27464,2871
27465,-4527
27466,-3956
27467,-4571
27468,937
27469,1875
27470,-1773
27471,454
27472,234
27473,6313
27474,2431
27475,2827
27476,-7574
27477,-162
27478,-718
27479,-1319
27480,-6959
27481,-9229
27482,-2461
27483,9360
27484,3354
27485,-3487
27486,5390
27487,6210
27488,16494
27489,10737
27490,12392
27491,7939
27492,8305
27493,3149
27494,-1304
27495,-411
27496,-6314
27497,-4805
27498,-1231
27499,9096
27500,8027
27501,9931
27502,-5230
27503,-616
27504,4980
27505,5302
27506,2109
27507,-9698
27508,-9742
27509,-11690
27510,-5303
27511,-10870
27512,-13418
27513,-13008
27514,-13741
27515,-11866
27516,-12437
27517,-13360
27518,-12833
27519,-14268
27520,-16744
27521,-12584
27522,-15879
27523,-16216
27524,-17007
27525,-14561
27526,-4117
27527,2519
27528,3017
27529,-4117
27530,2636
27531,2797
27532,6679
27533,571
27534,-3882
27535,-9141
27536,-572
27537,-1700
27538,-3077
27539,-3428
27540,-8145
27541,-1158
27542,5815
27543,8950
27544,-909
27545,1933
27546,512
27547,4936
27548,6723
27549,6811
27550,5668
27551,7792
27552,10795
27553,6914
27554,7631
27555,-5464
27556,-3223
27557,-3443
27558,-792
27559,-3707
27560,-4278
27561,-879
27562,1259
27563,2622
27564,-4029
27565,-1407
27566,-4527
27567,673
27568,-6065
27569,-2857
27570,-11207
27571,-9170
27572,-12876
27573,-15542
27574,-5933
27575,-10210
27576,-5523
27577,-10064
27578,-4644
27579,-6959
27580,-5333
27581,-11119
27582,-7500
27583,-4952
27584,43
27585,2036
27586,-10840
27587,-6900
27588,-9991
27589,-3106
27590,-6959
27591,-7779
27592,-9024
27593,-5831
27594,366
27595,1098
27596,-733
27597,-367
27598,512
27599,-7193
27600,-7588
27601,-9903
27602,-5215
27603,-9478
27604,-3311
27605,-8951
27606,-12115
27607,-11309
27608,-12100
27609,-10401
27610,-12862
27611,-8130
27612,-8028
27613,-9932
27614,-11353
27615,-6299
27616,-7208
27617,-4410
27618,-7310
27619,-4263
27620,-1334
27621,-3238
27622,1318
27623,-8277
27624,-5230
27625,-12173
27626,-5069
27627,-10196
27628,-4542
27629,-2081
27630,2343
27631,1083
27632,-2037
27633,1406
27634,-6592
27635,996
27636,-2007
27637,1113
27638,-4512
27639,-2242
27640,-6314
27641,-3868
27642,-440
27643,878
27644,3310
27645,-2242
27646,5258
27647,-2066
27648,1450
27649,-1392
27650,-3736
27651,-2549
27652,-7984
27653,-14488
27654,-13858
27655,-12173
27656,-9141
27657,-3194
27658,-5171
27659,-147
27660,-6534
27661,-7222
27662,-10914
27663,-11456
27664,-12115
27665,-10577
27666,-14092
27667,-13301
27668,-10679
27669,-7383
27670,-8892
27671,-7955
27672,-5420
27673,-2168
27674,-689
27675,-2520
27676,-6563
27677,-10723
27678,-12613
27679,-6534
27680,-10108
27681,2534
27682,190
27683,336
27684,175
27685,29
27686,4042
27687,4306
27688,9492
27689,2314
27690,5361
27691,2841
27692,3310
27693,1889
27694,8144
27695,3544
27696,3750
27697,747
27698,-4249
27699,6108
27700,7075
27701,8759
27702,5434
27703,3881
27704,190
27705,3706
27706,2138
27707,2563
27708,3793
27709,3471
27710,6606
27711,-3677
27712,380
27713,-3604
27714,-1553
27715,-2388
27716,2841
27717,307
27718,2622
27719,-5171
27720,-1041
27721,2519
27722,-206
27723,6533
27724,2329
27725,6372
27726,2944
27727,3222
27728,1025
27729,4731
27730,3134
27731,644
27732,-6929
27733,439
27734,5273
27735,4833
27736,12026
27737,6635
27738,10180
27739,5610
27740,4848
27741,6562
27742,7851
27743,9667
27744,-1568
27745,-6343
27746,-13448
27747,-4161
27748,996
27749,1567
27750,-8599
27751,-1114
27752,-6504
27753,3500
27754,5200
27755,-1465
27756,-3370
27757,-118
27758,1801
27759,-4717
27760,-1509
27761,-484
27762,11352
27763,12758
27764,14604
27765,3105
27766,5859
27767,6401
27768,13286
27769,14384
27770,7309
27771,10034
27772,5888
27773,4116
27774,4248
27775,7763
27776,-4981
27777,-12408
27778,-9771
27779,-1934
27780,7895
27781,1772
27782,-2549
27783,-3282
27784,6533
27785,1787
27786,-1509
27787,-13360
27788,-13023
27789,-3707
27790,-1377
27791,-10987
27792,-21080
27793,-13492
27794,-15909
27795,-11426
27796,-14239
27797,-17447
27798,-18267
27799,-13726
27800,-9112
27801,-14283
27802,-15103
27803,-14795
27804,-13873
27805,-13902
27806,-967
27807,-3487
27808,-9903
27809,-8497
27810,-6373
27811,11088
27812,12773
27813,13666
27814,3544
27815,4086
27816,3647
27817,10048
27818,8071
27819,5742
27820,1757
27821,5844
27822,5727
27823,2680
27824,629
27825,1259
27826,11015
27827,13608
27828,12744
27829,6796
27830,10678
27831,7075
27832,13886
27833,11879
27834,4833
27835,2255
27836,-7383
27837,-5406
27838,-6329
27839,-2857
27840,-5450
27841,-3619
27842,-5992
27843,585
27844,-704
27845,-2359
27846,-1597
27847,-1187
27848,864
27849,-2344
27850,-5084
27851,-7325
27852,-2081
27853,-8028
27854,-2505
27855,-8731
27856,-2242
27857,-1246
27858,-777
27859,4262
27860,-1216
27861,-147
27862,-6182
27863,1992
27864,-2461
27865,-6417
27866,-10694
27867,-6314
27868,-1377
27869,483
27870,-2388
27871,-8262
27872,-2242
27873,-4600
27874,4086
27875,1816
27876,-2359
27877,-5201
27878,-1641
27879,1743
27880,2827
27881,2050
27882,-5318
27883,1230
27884,-7413
27885,-5142
27886,-7852
27887,-9390
27888,-11602
27889,-10533
27890,-11719
27891,-12291
27892,-7691
27893,-11924
27894,-7559
27895,-8101
27896,-4981
27897,-11426
27898,-11573
27899,-9551
27900,-8365
27901,-6460
27902,-9991
27903,-5743
27904,-8584
27905,-8907
27906,-8716
27907,-7867
27908,-9200
27909,-1758
27910,-2857
27911,-806
27912,-1553
27913,1318
27914,10356
27915,2871
27916,3032
27917,-4922
27918,-7061
27919,-7530
27920,-2549
27921,-8438
27922,1918
27923,2299
27924,3090
27925,-704
27926,-3809
27927,3383
27928,-1392
27929,2797
27930,-4659
27931,-4190
27932,-11836
27933,-12042
27934,-9917
27935,-7164
27936,-8541
27937,-4351
27938,-1246
27939,2197
27940,2666
27941,-8877
27942,-6343
27943,-10210
27944,-8042
27945,-13506
27946,-14268
27947,-15704
27948,-12203
27949,-6226
27950,-5860
27951,-938
27952,-8057
27953,-4468
27954,-8877
27955,-8086
27956,-7662
27957,-6636
27958,-5376
27959,-3604
27960,-11236
27961,-10416
27962,-9170
27963,-11851
27964,-2007
27965,-2681
27966,2475
27967,-2872
27968,-718
27969,468
27970,5302
27971,6445
27972,3164
27973,6972
27974,6474
27975,7368
27976,6240
27977,2724
27978,-879
27979,9550
27980,5405
27981,8422
27982,4819
27983,3515
27984,6650
27985,2197
27986,7954
27987,5258
27988,8906
27989,2314
27990,8540
27991,6401
27992,6357
27993,7910
27994,205
27995,4570
27996,4921
27997,1801
27998,673
27999,4291
28000,2460
28001,6284
28002,5405
28003,6738
28004,3984
28005,11879
28006,9389
28007,9316
28008,10869
28009,3457
28010,9096
28011,805
28012,-1172
28013,1933
28014,2431
28015,952
28016,2402
28017,1992
28018,5991
28019,8701
28020,11528
28021,11381
28022,1479
28023,1040
28024,3002
28025,4262
28026,3881
28027,6196
28028,4409
28029,102
28030,-2227
28031,-3150
28032,10195
28033,7485
28034,9697
28035,673
28036,4467
28037,8613
28038,12026
28039,9038
28040,-1260
28041,3164
28042,3881
28043,1860
28044,-367
28045,4306
28046,6474
28047,12875
28048,11235
28049,8569
28050,7104
28051,3032
28052,18090
28053,13784
28054,12626
28055,14414
28056,12260
28057,13227
28058,14384
28059,10986
28060,6416
28061,-1553
28062,-5142
28063,5830
28064,8671
28065,14238
28066,6225
28067,7939
28068,8525
28069,15336
28070,10590
28071,3984
28072,-1670
28073,5273
28074,8833
28075,3925
28076,-2022
28077,-11836
28078,-4922
28079,-2769
28080,410
28081,-4732
28082,-7413
28083,-8057
28084,-12774
28085,-13477
28086,-16597
28087,-15337
28088,-9961
28089,3061
28090,8203
28091,12524
28092,8496
28093,5874
28094,11982
28095,14619
28096,12641
28097,12465
28098,17270
28099,12246
28100,16816
28101,15571
28102,17182
28103,11206
28104,18969
28105,14677
28106,14853
28107,13212
28108,11059
28109,16655
28110,14677
28111,11206
28112,15087
28113,13461
28114,14780
28115,15615
28116,15380
28117,12290
28118,20083
28119,12978
28120,11997
28121,5449
28122,10078
28123,5844
28124,8671
28125,864
28126,7441
28127,4687
28128,7558
28129,10356
28130,8159
28131,11103
28132,8437
28133,9624
28134,4130
28135,3706
28136,-2388
28137,1127
28138,-572
28139,1464
28140,3061
28141,5390
28142,6328
28143,4995
28144,6474
28145,4306
28146,3500
28147,1259
28148,4980
28149,-235
28150,5932
28151,7543
28152,10488
28153,12348
28154,11044
28155,9082
28156,6562
28157,6357
28158,9462
28159,10634
28160,6474
28161,9741
28162,7441
28163,10385
28164,7573
28165,10209
28166,10385
28167,4057
28168,8481
28169,336
28170,1347
28171,-1099
28172,-1729
28173,-1949
28174,-4659
28175,-3355
28176,1362
28177,1450
28178,-1436
28179,2153
28180,-2300
28181,1538
28182,-499
28183,688
28184,-6812
28185,2416
28186,-2579
28187,-8306
28188,-1246
28189,-7471
28190,-5069
28191,-4366
28192,-1377
28193,-352
28194,6635
28195,4497
28196,4394
28197,4204
28198,2460
28199,3325
28200,-2945
28201,-4263
28202,-6358
28203,-396
28204,-3604
28205,615
28206,-2330
28207,2695
28208,3940
28209,5214
28210,7470
28211,615
28212,8466
28213,5302
28214,6694
28215,-5831
28216,-3809
28217,-5010
28218,-4351
28219,-3941
28220,-4190
28221,-835
28222,600
28223,2871
28224,-7354
28225,-6856
28226,-10723
28227,-7310
28228,-11133
28229,-10855
28230,-11646
28231,-11661
28232,-13741
28233,-9317
28234,-2403
28235,-8555
28236,541
28237,-7837
28238,-7793
28239,-13257
28240,-12569
28241,-10958
28242,-11031
28243,-12349
28244,-14385
28245,-14209
28246,-14136
28247,-13960
28248,-12950
28249,-6783
28250,-12862
28251,-4922
28252,-11514
28253,-4483
28254,-2754
28255,-6343
28256,-5054
28257,-8702
28258,-7867
28259,-8980
28260,-4571
28261,-10049
28262,-9815
28263,-9581
28264,-10342
28265,-5992
28266,-5699
28267,-5025
28268,-7559
28269,-2198
28270,-7002
28271,-5552
28272,-6768
28273,-4966
28274,-6211
28275,-6519
28276,-5303
28277,-4117
28278,-8116
28279,-12730
28280,-9742
28281,-11763
28282,-11294
28283,-15821
28284,-11426
28285,-15103
28286,-9244
28287,-8599
28288,-6636
28289,1318
28290,-1202
28291,4248
28292,-1744
28293,-6080
28294,-11265
28295,-14004
28296,-9786
28297,-9874
28298,-12100
28299,-13565
28300,-11500
28301,-11558
28302,-8248
28303,-12994
28304,-8511
28305,-10489
28306,-9419
28307,-15601
28308,-9214
28309,-10767
28310,-12422
28311,-8379
28312,-11807
28313,-12935
28314,-15879
28315,-7530
28316,-10796
28317,-9039
28318,-11675
28319,-12056
28320,-9024
28321,-8775
28322,-13697
28323,-16011
28324,-12657
28325,-11500
28326,512
28327,-6109
28328,-10811
28329,-13418
28330,-9961
28331,-12056
28332,-12657
28333,-9888
28334,-9053
28335,1728
28336,8803
28337,8540
28338,-2637
28339,4614
28340,2285
28341,8671
28342,11806
28343,3999
28344,-1744
28345,-4336
28346,-4410
28347,1391
28348,1596
28349,-11280
28350,-8921
28351,-5098
28352,12495
28353,8789
28354,1069
28355,-7750
28356,-1055
28357,4775
28358,-2081
28359,-7486
28360,-13741
28361,-11280
28362,-7046
28363,-5157
28364,-14678
28365,-16026
28366,-14429
28367,-11163
28368,-12408
28369,-15850
28370,-19000
28371,-19219
28372,-12261
28373,-11631
28374,-11514
28375,-14063
28376,-14019
28377,-10137
28378,-308
28379,5625
28380,1303
28381,966
28382,-7061
28383,-792
28384,4423
28385,9140
28386,9038
28387,8100
28388,7822
28389,12436
28390,13227
28391,13344
28392,12934
28393,11381
28394,16713
28395,14384
28396,14794
28397,11982
28398,13798
28399,10429
28400,13198
28401,16406
28402,11147
28403,16904
28404,16538
28405,13330
28406,11572
28407,10327
28408,8510
28409,10209
28410,7236
28411,9375
28412,7836
28413,5273
28414,10942
28415,8305
28416,12216
28417,8833
28418,9052
28419,6767
28420,6210
28421,1069
28422,3076
28423,-616
28424,-5464
28425,-10152
28426,-6329
28427,-3619
28428,-2872
28429,6972
28430,3281
28431,12392
28432,8964
28433,6079
28434,7602
28435,7075
28436,3002
28437,-762
28438,-4659
28439,-10811
28440,-1436
28441,1699
28442,11630
28443,7968
28444,15454
28445,8305
28446,13608
28447,8759
28448,5874
28449,9345
28450,7836
28451,6679
28452,8627
28453,11689
28454,5463
28455,8276
28456,7221
28457,6840
28458,4262
28459,3647
28460,-821
28461,-4102
28462,-1949
28463,-5640
28464,1040
28465,-103
28466,3676
28467,6357
28468,1801
28469,146
28470,322
28471,439
28472,-1700
28473,2431
28474,-8497
28475,-396
28476,-4087
28477,-1114
28478,-2081
28479,2446
28480,2270
28481,249
28482,-1788
28483,-6607
28484,-3809
28485,-8233
28486,-1392
28487,-1773
28488,747
28489,-6124
28490,-3926
28491,-4483
28492,-2212
28493,3208
28494,14
28495,3603
28496,2592
28497,6430
28498,-3077
28499,3413
28500,-3824
28501,-6841
28502,-10064
28503,-7295
28504,-3003
28505,1801
28506,5332
28507,585
28508,-1128
28509,-12320
28510,-5303
28511,-8467
28512,-3956
28513,-10357
28514,-8877
28515,-11309
28516,-10709
28517,-7354
28518,-7266
28519,-2564
28520,-7867
28521,-6666
28522,-11412
28523,-5933
28524,-11368
28525,-9170
28526,-12466
28527,-11690
28528,-13550
28529,-14195
28530,-9566
28531,-11661
28532,-11836
28533,-14913
28534,-9258
28535,-9170
28536,-6636
28537,-6182
28538,-5142
28539,-3970
28540,-5918
28541,-4922
28542,-7237
28543,395
28544,-6006
28545,-1788
28546,-4761
28547,-3003
28548,-5025
28549,-4234
28550,5874
28551,3676
28552,4614
28553,395
28554,4189
28555,1523
28556,-894
28557,-3179
28558,864
28559,-967
28560,1069
28561,-2916
28562,-6373
28563,-5406
28564,-6797
28565,-4058
28566,-7325
28567,3046
28568,-4351
28569,-1597
28570,5258
28571,4438
28572,4614
28573,7368
28574,9565
28575,8862
28576,9345
28577,-4058
28578,-3721
28579,-8965
28580,-3765
28581,-8584
28582,-6475
28583,-10020
28584,-9537
28585,-6783
28586,-7369
28587,-3707
28588,-12261
28589,-5816
28590,-5318
28591,322
28592,-3135
28593,-8204
28594,-7632
28595,-6871
28596,-4820
28597,-8292
28598,-6241
28599,-9141
28600,-5596
28601,-9258
28602,-5684
28603,-8834
28604,-4439
28605,-9317
28606,-8248
28607,-6446
28608,-8599
28609,-8731
28610,-8453
28611,-3472
28612,-3428
28613,454
28614,-11368
28615,-9830
28616,-7427
28617,-5684
28618,1948
28619,-1539
28620,-3179
28621,-8057
28622,-7764
28623,-7793
28624,-6270
28625,-12627
28626,-1319
28627,1362
28628,9301
28629,6782
28630,3574
28631,7412
28632,6137
28633,14165
28634,12084
28635,11997
28636,4365
28637,5610
28638,8745
28639,7265
28640,1889
28641,-5699
28642,-3604
28643,1728
28644,7060
28645,-1143
28646,-982
28647,-8350
28648,-5538
28649,-5069
28650,-7955
28651,-13638
28652,-14209
28653,-15206
28654,-15132
28655,-12305
28656,-12730
28657,-14312
28658,-12100
28659,-12862
28660,-14664
28661,-11880
28662,-16919
28663,-11543
28664,-7076
28665,-8028
28666,-8746
28667,-12979
28668,-9361
28669,-10005
28670,1552
28671,-5157
28672,-8174
28673,-7603
28674,-3838
28675,4555
28676,13447
28677,10107
28678,2739
28679,5976
28680,6372
28681,13286
28682,12407
28683,14414
28684,12099
28685,14208
28686,14970
28687,10898
28688,13959
28689,13930
28690,17343
28691,12421
28692,12392
28693,13725
28694,16069
28695,14223
28696,18471
28697,13828
28698,15014
28699,12700
28700,8979
28701,10664
28702,7382
28703,9448
28704,2871
28705,4438
28706,3823
28707,2768
28708,4072
28709,7016
28710,7954
28711,4599
28712,10649
28713,6225
28714,6665
28715,-3238
28716,-2403
28717,1508
28718,6899
28719,2827
28720,4379
28721,6708
28722,3134
28723,3955
28724,205
28725,7924
28726,7500
28727,11191
28728,6284
28729,5786
28730,4204
28731,571
28732,5625
28733,11220
28734,12070
28735,6928
28736,9697
28737,8247
28738,13110
28739,5024
28740,8393
28741,12246
28742,9829
28743,8671
28744,2050
28745,6489
28746,2006
28747,5346
28748,6123
28749,9301
28750,5742
28751,12202
28752,4379
28753,6386
28754,4877
28755,-5259
28756,2534
28757,468
28758,5815
28759,8583
28760,12084
28761,9887
28762,11865
28763,10166
28764,12553
28765,3808
28766,-3282
28767,-3150
28768,-7881
28769,-1363
28770,-2066
28771,2109
28772,5625
28773,9814
28774,6474
28775,8598
28776,6254
28777,5976
28778,8525
28779,8320
28780,8598
28781,849
28782,10341
28783,5947
28784,11308
28785,11791
28786,9287
28787,11762
28788,12011
28789,12084
28790,13315
28791,9931
28792,117
28793,-220
28794,1845
28795,4877
28796,1816
28797,4189
28798,-5743
28799,-3267
28800,4248
28801,-660
28802,9140
28803,7426
28804,11586
28805,3574
28806,4174
28807,322
28808,5522
28809,3222
28810,1567
28811,-4014
28812,-6709
28813,-1348
28814,-1187
28815,6240
28816,131
28817,5507
28818,3369
28819,5903
28820,5346
28821,4453
28822,1186
28823,2622
28824,4833
28825,5141
28826,8671
28827,5302
28828,8686
28829,6254
28830,12231
28831,7734
28832,6284
28833,7998
28834,10869
28835,10371
28836,12099
28837,13198
28838,8056
28839,12231
28840,8540
28841,12187
28842,4658
28843,8437
28844,5698
28845,4672
28846,3764
28847,3149
28848,6562
28849,3574
28850,6020
28851,6372
28852,6884
28853,-513
28854,10151
28855,10444
28856,12949
28857,12363
28858,13256
28859,15146
28860,10107
28861,11616
28862,5126
28863,2534
28864,-1905
28865,893
28866,1801
28867,3544
28868,4394
28869,5009
28870,219
28871,-6329
28872,1098
28873,-2696
28874,4570
28875,1098
28876,5229
28877,6123
28878,8906
28879,5053
28880,8481
28881,10546
28882,7749
28883,11660
28884,7807
28885,4921
28886,600
28887,5009
28888,-513
28889,-74
28890,1479
28891,-191
28892,5625
28893,6123
28894,5244
28895,4116
28896,9125
28897,4658
28898,7470
28899,5332
28900,11791
28901,5419
28902,-1597
28903,2358
28904,2416
28905,9697
28906,6005
28907,3647
28908,-4146
28909,2431
28910,4453
28911,11323
28912,4028
28913,-3941
28914,-4424
28915,-9991
28916,-3252
28917,-8145
28918,-821
28919,937
28920,12143
28921,11044
28922,12114
28923,8247
28924,4365
28925,6210
28926,9873
28927,14018
28928,14135
28929,13432
28930,4921
28931,11499
28932,8554
28933,3178
28934,-7002
28935,-8028
28936,-6387
28937,-4996
28938,-5816
28939,-11514
28940,-4834
28941,-7955
28942,3676
28943,-4776
28944,-7852
28945,-13448
28946,-9786
28947,-5772
28948,-8042
28949,-13184
28950,-13462
28951,-11661
28952,-13125
28953,-10621
28954,-13931
28955,-15718
28956,-15396
28957,-12217
28958,-13711
28959,-10240
28960,-10738
28961,-14092
28962,-11763
28963,-11749
28964,-3296
28965,-13052
28966,-10167
28967,-11836
28968,-2916
28969,-2037
28970,-923
28971,4423
28972,1142
28973,6298
28974,6577
28975,11997
28976,5493
28977,2841
28978,-4131
28979,7368
28980,9257
28981,10458
28982,11689
28983,8876
28984,13154
28985,8525
28986,11938
28987,6547
28988,10400
28989,7133
28990,5976
28991,1391
28992,-3223
28993,-9727
28994,-7955
28995,-1216
28996,-2344
28997,2182
28998,-7750
28999,-6299
29000,-11207
29001,-4981
29002,-835
29003,102
29004,-879
29005,-2886
29006,-1963
29007,-7984
29008,-9083
29009,-16084
29010,-11602
29011,-14620
29012,-14019
29013,-11221
29014,-12569
29015,-10899
29016,-15264
29017,-15542
29018,-13682
29019,-7325
29020,-12613
29021,-8584
29022,-12994
29023,-10459
29024,-13213
29025,-11822
29026,-7515
29027,-4014
29028,175
29029,-12188
29030,-7164
29031,-12247
29032,-12232
29033,-8760
29034,-7911
29035,-13169
29036,-8877
29037,-9009
29038,-11910
29039,-12100
29040,-12525
29041,-7295
29042,-11133
29043,-250
29044,-13096
29045,-8013
29046,-9156
29047,-7515
29048,-8160
29049,-7427
29050,-8321
29051,-9859
29052,-6358
29053,-10167
29054,-4395
29055,-7940
29056,-3165
29057,-10123
29058,-4834
29059,-10782
29060,-8965
29061,-9112
29062,-12569
29063,-8248
29064,-11338
29065,-8628
29066,-9083
29067,-7046
29068,-5992
29069,-7266
29070,-5816
29071,395
29072,2856
29073,4541
29074,4716
29075,-8218
29076,-7164
29077,-10840
29078,-3282
29079,-2740
29080,87
29081,-10049
29082,-3545
29083,-3121
29084,-8365
29085,-6036
29086,-8907
29087,-4600
29088,-11998
29089,-9346
29090,-9141
29091,-4175
29092,-3165
29093,-1334
29094,-4058
29095,-3311
29096,-4454
29097,-1451
29098,688
29099,-7911
29100,-923
29101,-13272
29102,-5406
29103,-9888
29104,-8379
29105,-9317
29106,-10181
29107,-6373
29108,-12320
29109,-10738
29110,-10606
29111,-5860
29112,-10035
29113,-264
29114,-4893
29115,1684
29116,-3648
29117,-2242
29118,3764
29119,3061
29120,11689
29121,5463
29122,10253
29123,4511
29124,4086
29125,2226
29126,5903
29127,1860
29128,-455
29129,-5171
29130,-6988
29131,-7793
29132,-6578
29133,1962
29134,-2168
29135,7719
29136,3603
29137,5874
29138,2050
29139,7250
29140,6108
29141,11367
29142,12451
29143,11528
29144,12583
29145,9726
29146,11279
29147,3237
29148,7719
29149,4541
29150,6811
29151,-440
29152,-6856
29153,-9888
29154,-11250
29155,-7046
29156,-11675
29157,-1509
29158,1479
29159,6445
29160,4965
29161,4599
29162,3896
29163,5771
29164,8569
29165,11323
29166,11323
29167,6577
29168,9506
29169,5185
29170,9448
29171,8730
29172,5434
29173,2578
29174,1318
29175,366
29176,3354
29177,4614
29178,-3238
29179,2753
29180,3881
29181,10151
29182,6855
29183,8261
29184,7338
29185,5361
29186,3896
29187,4526
29188,4291
29189,937
29190,9243
29191,527
29192,6416
29193,6943
29194,9755
29195,-440
29196,-1568
29197,-2476
29198,-5640
29199,1391
29200,-7471
29201,-2754
29202,-1436
29203,6489
29204,2944
29205,3925
29206,-4776
29207,-6666
29208,-12071
29209,-10137
29210,-11412
29211,-14898
29212,3984
29213,6796
29214,6533
29215,-586
29216,2944
29217,3281
29218,10253
29219,5786
29220,7573
29221,878
29222,-6021
29223,-3956
29224,-5582
29225,3266
29226,-3487
29227,-3692
29228,-5391
29229,-1758
29230,2138
29231,-2315
29232,-7149
29233,-10328
29234,-1509
29235,-1026
29236,-2930
29237,-10372
29238,-11294
29239,-9419
29240,-5186
29241,-10035
29242,-10870
29243,-14693
29244,-16011
29245,-11001
29246,-11763
29247,-12378
29248,-13799
29249,-15835
29250,-14283
29251,-13946
29252,-13331
29253,-11529
29254,-12466
29255,-14605
29256,-3238
29257,-6915
29258,-3223
29259,-8335
29260,-2681
29261,-3487
29262,4804
29263,6489
29264,10532
29265,9199
29266,13535
29267,16420
29268,12788
29269,8862
29270,5170
29271,13886
29272,9169
29273,12290
29274,11528
29275,5786
29276,3706
29277,6547
29278,10151
29279,13051
29280,11469
29281,15454
29282,16259
29283,9082
29284,10781
29285,7045
29286,7866
29287,8598
29288,9711
29289,12275
29290,7954
29291,10341
29292,4921
29293,3940
29294,-3765
29295,2988
29296,2211
29297,-2857
29298,-10167
29299,-10093
29300,-12422
29301,-12964
29302,-10723
29303,-8804
29304,-7969
29305,-7574
29306,-10796
29307,-11104
29308,-7442
29309,-11207
29310,-5113
29311,-2447
29312,-7808
29313,-5391
29314,-10372
29315,-8028
29316,-10210
29317,-7500
29318,-8262
29319,-8760
29320,-7427
29321,-6563
29322,-7061
29323,-6959
29324,-5860
29325,-7925
29326,-3165
29327,-6944
29328,-2417
29329,-10577
29330,-9712
29331,-9859
29332,-7632
29333,-2740
29334,-3194
29335,-1231
29336,-6197
29337,-7002
29338,-11221
29339,-9991
29340,-10767
29341,-7676
29342,-7881
29343,234
29344,-235
29345,1640
29346,2475
29347,-6607
29348,-7208
29349,-7969
29350,-7940
29351,-11543
29352,-9361
29353,-9053
29354,-8204
29355,-5889
29356,-30
29357,4702
29358,6225
29359,6606
29360,-352
29361,2373
29362,-6900
29363,-7208
29364,-7837
29365,-10914
29366,-10079
29367,-9566
29368,-9258
29369,-9668
29370,-10958
29371,-15982
29372,-7662
29373,-10416
29374,-645
29375,-4190
29376,-1553
29377,-4410
29378,-1070
29379,-1070
29380,556
29381,7895
29382,2080
29383,5156
29384,-1524
29385,-982
29386,-6021
29387,-1187
29388,-5186
29389,-4776
29390,-5494
29391,-7969
29392,-6563
29393,-11880
29394,-11001
29395,-11001
29396,-9859
29397,-9625
29398,-2828
29399,-2315
29400,849
29401,1933
29402,0
29403,8056
29404,7705
29405,10136
29406,3090
29407,2431
29408,-572
29409,-147
29410,2285
29411,820
29412,1142
29413,1567
29414,-1158
29415,-1172
29416,-4878
29417,-2637
29418,5932
29419,2475
29420,9067
29421,5156
29422,8657
29423,4980
29424,6503
29425,10166
29426,11381
29427,10751
29428,7646
29429,9609
29430,10048
29431,7690
29432,8452
29433,10927
29434,7514
29435,11469
29436,4379
29437,-6270
29438,-8013
29439,-9625
29440,-118
29441,1391
29442,11440
29443,5874
29444,4423
29445,5888
29446,5214
29447,7792
29448,8715
29449,15717
29450,10166
29451,12524
29452,5595
29453,11616
29454,556
29455,8569
29456,10209
29457,5244
29458,8203
29459,7836
29460,8906
29461,4863
29462,7265
29463,4497
29464,9345
29465,10444
29466,11938
29467,9785
29468,11264
29469,11132
29470,5683
29471,10092
29472,7001
29473,9726
29474,8715
29475,14179
29476,10400
29477,12568
29478,9448
29479,12890
29480,9565
29481,9755
29482,5815
29483,11455
29484,13271
29485,9492
29486,7895
29487,1083
29488,10458
29489,4804
29490,2973
29491,-5596
29492,-7969
29493,-3487
29494,-2564
29495,5756
29496,4687
29497,2563
29498,1113
29499,6547
29500,2709
29501,7763
29502,7001
29503,17988
29504,15424
29505,11030
29506,11557
29507,8129
29508,13417
29509,12246
29510,10751
29511,10546
29512,14194
29513,9638
29514,9697
29515,6298
29516,1333
29517,-4571
29518,3383
29519,12099
29520,14970
29521,13549
29522,9711
29523,12890
29524,14062
29525,14838
29526,11425
29527,6884
29528,102
29529,3603
29530,9038
29531,1289
29532,527
29533,-7295
29534,-8863
29535,-3165
29536,-821
29537,-1656
29538,-2842
29539,-3956
29540,-1011
29541,3544
29542,-704
29543,5844
29544,1333
29545,3295
29546,2358
29547,8715
29548,4643
29549,3647
29550,5317
29551,6811
29552,11733
29553,10034
29554,10327
29555,9990
29556,15893
29557,18149
29558,16464
29559,12216
29560,13784
29561,15996
29562,14106
29563,14589
29564,13403
29565,19892
29566,13974
29567,14838
29568,14516
29569,12246
29570,14780
29571,13286
29572,14531
29573,15937
29574,15600
29575,13461
29576,13491
29577,10620
29578,10708
29579,8583
29580,11381
29581,3823
29582,7075
29583,3574
29584,2607
29585,4189
29586,4116
29587,10766
29588,4423
29589,7792
29590,864
29591,4116
29592,2592
29593,1318
29594,2827
29595,3413
29596,3383
29597,5507
29598,12539
29599,5947
29600,3457
29601,-3692
29602,-2125
29603,-6358
29604,-5113
29605,-8130
29606,-8599
29607,-2813
29608,-7325
29609,-264
29610,-3560
29611,-293
29612,1333
29613,2871
29614,-3252
29615,1977
29616,-2066
29617,1333
29618,-59
29619,-264
29620,-806
29621,-3209
29622,5024
29623,1069
29624,8261
29625,1596
29626,2255
29627,4350
29628,7016
29629,2124
29630,-323
29631,-2315
29632,-8335
29633,-3443
29634,-4395
29635,1816
29636,-938
29637,2211
29638,-1744
29639,-1231
29640,-4234
29641,-9112
29642,58
29643,-6329
29644,-733
29645,-2930
29646,-4512
29647,-7061
29648,-2007
29649,-3003
29650,1025
29651,-1539
29652,-7149
29653,-10196
29654,-14708
29655,-14195
29656,-13418
29657,-6841
29658,-11324
29659,-4864
29660,-8423
29661,-7164
29662,-4498
29663,864
29664,5698
29665,5053
29666,7060
29667,-2271
29668,-1700
29669,-11924
29670,-7618
29671,-9493
29672,-7911
29673,-7618
29674,-7603
29675,-10313
29676,-8628
29677,-9639
29678,-10284
29679,-8204
29680,-14620
29681,-9815
29682,-12891
29683,-10914
29684,-11470
29685,-11338
29686,-8321
29687,-4571
29688,175
29689,-5376
29690,-8042
29691,-11016
29692,-11573
29693,-12115
29694,-10459
29695,-13389
29696,-14297
29697,-13082
29698,-12276
29699,-11763
29700,-13770
29701,-11719
29702,-13125
29703,-9522
29704,-13667
29705,-12012
29706,-9170
29707,-7955
29708,-9551
29709,-10474
29710,-10093
29711,-11001
29712,-6753
29713,-8746
29714,-3897
29715,-9024
29716,-9771
29717,-6709
29718,-4585
29719,-7706
29720,-8541
29721,-9097
29722,-12657
29723,-13213
29724,-15162
29725,-11983
29726,-11998
29727,-7896
29728,-12481
29729,-10459
29730,-13243
29731,-11705
29732,-14063
29733,-15806
29734,-11719
29735,-10914
29736,-11675
29737,-10826
29738,-6299
29739,-12393
29740,-3912
29741,-5479
29742,-689
29743,-601
29744,-5860
29745,-2959
29746,-8834
29747,-12481
29748,-8541
29749,-4659
29750,-6871
29751,-1319
29752,-7222
29753,-7471
29754,-7896
29755,-5684
29756,-1714
29757,-6607
29758,-1070
29759,-9361
29760,-3399
29761,-10064
29762,-6607
29763,-7046
29764,-5860
29765,-5728
29766,849
29767,805
29768,3442
29769,3808
29770,-4673
29771,-4175
29772,-7779
29773,-6856
29774,-11309
29775,-10796
29776,-9185
29777,-10167
29778,-10181
29779,-14195
29780,-12159
29781,-13477
29782,-513
29783,-5625
29784,-9214
29785,-10899
29786,-11104
29787,-8292
29788,-5142
29789,-6548
29790,-7178
29791,3134
29792,4028
29793,6606
29794,-4058
29795,-5347
29796,-2945
29797,5068
29798,1831
29799,-762
29800,-2608
29801,-8365
29802,-1143
29803,-2403
29804,2021
29805,-8042
29806,-8204
29807,-5757
29808,8657
29809,11323
29810,9008
29811,2182
29812,2709
29813,6782
29814,5932
29815,58
29816,-9786
29817,-9156
29818,-6959
29819,-4073
29820,-11089
29821,-13375
29822,-16407
29823,-10987
29824,-6768
29825,-9390
29826,-3589
29827,-7339
29828,-3985
29829,-6973
29830,-6226
29831,-3135
29832,-3926
29833,-5376
29834,-4292
29835,-835
29836,571
29837,-2725
29838,-5918
29839,1787
29840,2988
29841,10107
29842,11777
29843,10312
29844,8979
29845,12407
29846,12875
29847,13476
29848,13139
29849,15541
29850,17607
29851,11791
29852,18105
29853,13564
29854,16127
29855,14384
29856,14663
29857,15996
29858,14033
29859,14165
29860,17241
29861,13344
29862,12875
29863,14399
29864,12363
29865,12187
29866,11279
29867,10634
29868,9653
29869,117
29870,4599
29871,-1260
29872,8217
29873,10122
29874,9506
29875,12099
29876,13828
29877,7294
29878,1010
29879,-264
29880,1230
29881,2680
29882,3032
29883,6591
29884,2314
29885,8349
29886,4628
29887,5917
29888,3955
29889,1699
29890,-4585
29891,-6387
29892,-7925
29893,-7061
29894,-4029
29895,-6753
29896,3808
29897,3120
29898,11220
29899,6796
29900,6782
29901,2666
29902,-3311
29903,-5684
29904,-7574
29905,-2813
29906,1113
29907,3544
29908,9169
29909,5800
29910,-572
29911,5390
29912,3339
29913,5522
29914,3002
29915,-3223
29916,73
29917,-4791
29918,2548
29919,-1700
29920,1289
29921,-1143
29922,527
29923,776
29924,-4512
29925,-8467
29926,-6329
29927,-1260
29928,-3648
29929,3193
29930,-9288
29931,-6329
29932,-10840
29933,-4380
29934,-6358
29935,-2667
29936,351
29937,-4893
29938,-74
29939,-7574
29940,-7427
29941,-6592
29942,-5318
29943,-7002
29944,-835
29945,-10079
29946,-11177
29947,-9961
29948,-8423
29949,-1568
29950,-5538
29951,-308
29952,-1334
29953,2490
29954,-3340
29955,102
29956,-7105
29957,-1890
29958,-3443
29959,-3428
29960,3676
29961,-3252
29962,-909
29963,-7823
29964,-5289
29965,-5567
29966,-1714
29967,-4849
29968,-3047
29969,-6036
29970,-5523
29971,-8292
29972,-7515
29973,-6783
29974,-8672
29975,-3355
29976,-8394
29977,-6050
29978,-9947
29979,-7471
29980,-5728
29981,-3780
29982,-3853
29983,-4542
29984,-1685
29985,-7398
29986,-3106
29987,-7515
29988,-2417
29989,-5801
29990,-6651
29991,-2505
29992,-2520
29993,-6827
29994,-5933
29995,-4087
29996,-5772
29997,2006
29998,-4498
29999,-1407
30000,-3458
30001,1728
30002,-4834
30003,-4307
30004,2109
30005,1918
30006,6577
30007,-44
30008,966
30009,-4219
30010,-2549
30011,-7339
30012,-3956
30013,-7808
30014,-5801
30015,-7691
30016,-12847
30017,-12364
30018,-13345
30019,-5640
30020,-5567
30021,-2725
30022,-6827
30023,-5450
30024,-6988
30025,-1597
30026,-2344
30027,-2417
30028,-1568
30029,-1890
30030,322
30031,-4629
30032,732
30033,-4820
30034,1435
30035,-1041
30036,-4292
30037,-5801
30038,-5904
30039,-2300
30040,-3868
30041,-3282
30042,-8467
30043,-5084
30044,-5230
30045,-3194
30046,-3194
30047,-674
30048,-6036
30049,-704
30050,7734
30051,7119
30052,9243
30053,1479
30054,-2579
30055,-9991
30056,-6387
30057,-12071
30058,-15557
30059,-14166
30060,-6460
30061,-982
30062,-1099
30063,-13433
30064,-13389
30065,-15264
30066,-9903
30067,1054
30068,-13682
30069,-11939
30070,-14883
30071,-12510
30072,-9522
30073,-14019
30074,-6138
30075,5390
30076,10913
30077,2343
30078,1552
30079,-6856
30080,-2491
30081,1054
30082,8876
30083,4248
30084,-5025
30085,-7691
30086,-12305
30087,-1465
30088,-6387
30089,-9068
30090,-14371
30091,-8936
30092,-1509
30093,6811
30094,4746
30095,2944
30096,1376
30097,7485
30098,10649
30099,-4410
30100,-5904
30101,-12042
30102,-5318
30103,-10123
30104,-8907
30105,-12261
30106,-11866
30107,-6534
30108,-7105
30109,-4922
30110,-5889
30111,-5303
30112,-9610
30113,-8790
30114,-11001
30115,-235
30116,-6460
30117,-9595
30118,-2447
30119,-4937
30120,3823
30121,-6900
30122,-5259
30123,-4996
30124,6870
30125,11850
30126,9111
30127,6459
30128,10092
30129,13066
30130,13886
30131,15820
30132,15292
30133,15483
30134,14370
30135,16245
30136,10107
30137,13432
30138,12509
30139,14135
30140,14267
30141,13242
30142,14970
30143,13828
30144,14472
30145,12890
30146,15527
30147,13681
30148,13901
30149,15527
30150,12949
30151,13227
30152,12275
30153,11982
30154,11440
30155,14604
30156,9990
30157,12114
30158,12890
30159,12788
30160,9052
30161,7851
30162,1875
30163,-630
30164,2783
30165,-30
30166,4877
30167,3881
30168,7470
30169,7558
30170,9316
30171,3002
30172,9345
30173,4379
30174,6577
30175,4204
30176,-2608
30177,-2491
30178,-4615
30179,1640
30180,439
30181,7060
30182,3310
30183,6518
30184,4599
30185,2753
30186,-1392
30187,-8497
30188,-4146
30189,-865
30190,11909
30191,10209
30192,9213
30193,8452
30194,14135
30195,8159
30196,11162
30197,11352
30198,9389
30199,8613
30200,8408
30201,8100
30202,4731
30203,10986
30204,5009
30205,12319
30206,7646
30207,10517
30208,3237
30209,571
30210,-3604
30211,-1905
30212,7705
30213,1054
30214,8437
30215,3427
30216,9667
30217,3735
30218,7851
30219,5024
30220,7016
30221,10957
30222,6430
30223,9008
30224,6635
30225,8525
30226,9931
30227,12304
30228,6958
30229,7631
30230,1743
30231,-2417
30232,-938
30233,-1187
30234,4570
30235,-3516
30236,8847
30237,8774
30238,11689
30239,9931
30240,10561
30241,8291
30242,11308
30243,6357
30244,6987
30245,11689
30246,11557
30247,11074
30248,8583
30249,12070
30250,4233
30251,10678
30252,9726
30253,14223
30254,12407
30255,2578
30256,3266
30257,-367
30258,3881
30259,5537
30260,4687
30261,2519
30262,5932
30263,6313
30264,7192
30265,4790
30266,2241
30267,6269
30268,7265
30269,9697
30270,1962
30271,6958
30272,-1216
30273,-542
30274,2680
30275,7148
30276,8496
30277,11806
30278,13081
30279,8818
30280,8188
30281,4013
30282,6518
30283,3398
30284,7939
30285,4921
30286,3544
30287,-1246
30288,1025
30289,9829
30290,11279
30291,13930
30292,12041
30293,6958
30294,2050
30295,-835
30296,-5611
30297,2900
30298,761
30299,-513
30300,981
30301,-6504
30302,-3604
30303,-5054
30304,2182
30305,4086
30306,5288
30307,2080
30308,6035
30309,1801
30310,5961
30311,5815
30312,3339
30313,10151
30314,8920
30315,12231
30316,7543
30317,12216
30318,5097
30319,7045
30320,6459
30321,9916
30322,6606
30323,10136
30324,8496
30325,2871
30326,703
30327,-2183
30328,5625
30329,3017
30330,7675
30331,5888
30332,9316
30333,10693
30334,9023
30335,9155
30336,6591
30337,9257
30338,5874
30339,3984
30340,-8936
30341,-4893
30342,-1407
30343,3793
30344,-1978
30345,-7574
30346,-7281
30347,-5523
30348,-2564
30349,-4043
30350,-4952
30351,-7251
30352,-2154
30353,-4600
30354,-6519
30355,-13477
30356,-12203
30357,-2696
30358,-6885
30359,4013
30360,-1465
30361,-279
30362,1669
30363,7192
30364,7763
30365,14238
30366,8144
30367,4218
30368,117
30369,1201
30370,3281
30371,-11045
30372,-12701
30373,-7398
30374,5361
30375,2563
30376,3632
30377,-5303
30378,-3882
30379,-1509
30380,-4058
30381,-6343
30382,-12188
30383,-11763
30384,-11500
30385,-7647
30386,-11587
30387,-12950
30388,-15162
30389,-12510
30390,-7427
30391,-10386
30392,-2769
30393,-7383
30394,-10577
30395,-13521
30396,-9551
30397,-15733
30398,-11382
30399,-11192
30400,-13243
30401,-9566
30402,-10401
30403,-11558
30404,-12627
30405,-9947
30406,-7134
30407,-909
30408,-6724
30409,-7808
30410,-10386
30411,1127
30412,1640
30413,6430
30414,12524
30415,10239
30416,12480
30417,7983
30418,5903
30419,-5025
30420,-3853
30421,-1377
30422,6372
30423,7133
30424,4877
30425,-352
30426,-3370
30427,-792
30428,-4454
30429,1699
30430,-4893
30431,-264
30432,-3721
30433,-4454
30434,-1685
30435,6679
30436,7280
30437,6635
30438,7089
30439,5756
30440,5449
30441,-6724
30442,-3780
30443,-10196
30444,-11163
30445,-14136
30446,-15601
30447,-11031
30448,-14766
30449,-13624
30450,-14561
30451,-10972
30452,-12627
30453,-9200
30454,-17959
30455,-12056
30456,-13038
30457,-9639
30458,-9288
30459,-12129
30460,-10782
30461,-11031
30462,-6080
30463,-11866
30464,-9214
30465,-10181
30466,-10386
30467,-7442
30468,-8511
30469,-14371
30470,-13389
30471,-8204
30472,-9991
30473,-3794
30474,-6285
30475,-5127
30476,-4893
30477,-1919
30478,-1407
30479,-4263
30480,-5992
30481,-7925
30482,-3443
30483,-7149
30484,-865
30485,-4366
30486,-3106
30487,-6285
30488,175
30489,-4571
30490,-1773
30491,-4542
30492,-235
30493,-3384
30494,-11602
30495,-10284
30496,-14341
30497,-6944
30498,-8570
30499,-2608
30500,-6959
30501,-4395
30502,-6519
30503,-4498
30504,-5816
30505,-4058
30506,-4922
30507,-5538
30508,-2081
30509,-6065
30510,-5391
30511,-11968
30512,-8804
30513,-7398
30514,-7046
30515,-6578
30516,-8321
30517,-10591
30518,-8394
30519,-2608
30520,-8995
30521,-499
30522,-4000
30523,-1890
30524,-3311
30525,-6636
30526,-2227
30527,1977
30528,5039
30529,3178
30530,6240
30531,3017
30532,3691
30533,-4073
30534,-1202
30535,-4585
30536,1420
30537,-2505
30538,-8951
30539,-10811
30540,-11749
30541,-9712
30542,-9786
30543,-5596
30544,-7544
30545,-3194
30546,-6490
30547,263
30548,-5582
30549,-7105
30550,-6812
30551,-8863
30552,-4322
30553,-4087
30554,1904
30555,-2300
30556,-3047
30557,-5992
30558,1684
30559,2504
30560,5625
30561,7192
30562,2929
30563,3940
30564,-3633
30565,-2344
30566,-5757
30567,4028
30568,2255
30569,3383
30570,-2579
30571,-5508
30572,-8028
30573,-2154
30574,278
30575,4306
30576,9931
30577,-162
30578,2739
30579,-220
30580,4628
30581,4291
30582,4335
30583,3208
30584,-352
30585,-3472
30586,-3619
30587,-1128
30588,-6929
30589,5610
30590,3999
30591,5947
30592,3515
30593,556
30594,-1846
30595,-1465
30596,-3003
30597,-4336
30598,4702
30599,6533
30600,10839
30601,6372
30602,10107
30603,5083
30604,10239
30605,7485
30606,7587
30607,6459
30608,1538
30609,-381
30610,-5875
30611,234
30612,1611
30613,8657
30614,4204
30615,8437
30616,9433
30617,11645
30618,5625
30619,1596
30620,4965
30621,6796
30622,6708
30623,-5289
30624,-4307
30625,-3575
30626,-176
30627,498
30628,-5699
30629,-8541
30630,-7251
30631,-5904
30632,-6680
30633,-8584
30634,-12613
30635,-2139
30636,14
30637,8261
30638,-6490
30639,-6666
30640,-4190
30641,-9039
30642,-2007
30643,-3326
30644,1904
30645,-2916
30646,-1041
30647,-469
30648,2871
30649,-6768
30650,-7471
30651,-3179
30652,6196
30653,10825
30654,3925
30655,1040
30656,-7369
30657,2900
30658,-4834
30659,-4087
30660,-13169
30661,-14224
30662,-9727
30663,-12876
30664,-14122
30665,-13829
30666,-14224
30667,-16231
30668,-14473
30669,-12452
30670,-11573
30671,-12085
30672,-7735
30673,-10826
30674,-3765
30675,5639
30676,1069
30677,2299
30678,-5157
30679,-2417
30680,-7134
30681,-11045
30682,-7339
30683,-9126
30684,-4791
30685,-967
30686,-909
30687,-3209
30688,2358
30689,4057
30690,9213
30691,2299
30692,10063
30693,10634
30694,8583
30695,9682
30696,8027
30697,10092
30698,13212
30699,14824
30700,15820
30701,16977
30702,12524
30703,16230
30704,12729
30705,12158
30706,15966
30707,10209
30708,2973
30709,-4878
30710,-5992
30711,-9009
30712,-2344
30713,-1729
30714,4467
30715,2827
30716,4467
30717,761
30718,3632
30719,2343
30720,4291
30721,5390
30722,2285
30723,2885
30724,-5611
30725,-5875
30726,-7588
30727,-3296
30728,-5875
30729,-3941
30730,-6197
30731,-10210
30732,-12481
30733,-13169
30734,-15748
30735,-11163
30736,-7046
30737,-7896
30738,-2842
30739,-4878
30740,-3326
30741,-6446
30742,-1861
30743,-1363
30744,-2359
30745,5566
30746,2050
30747,3281
30748,-5508
30749,-3370
30750,-10621
30751,-3956
30752,-7090
30753,-8453
30754,-7764
30755,-1421
30756,6606
30757,1376
30758,4584
30759,-3238
30760,-5274
30761,-8423
30762,-4703
30763,-5582
30764,-7925
30765,-4292
30766,-1670
30767,1684
30768,-2857
30769,2270
30770,-3648
30771,-1524
30772,-8130
30773,-9068
30774,-13711
30775,-9947
30776,-5640
30777,-3604
30778,-1421
30779,-10313
30780,-5948
30781,-5816
30782,-3956
30783,-5669
30784,-3252
30785,-10196
30786,-8482
30787,-13360
30788,-9390
30789,-7911
30790,-9478
30791,-2139
30792,-4922
30793,-1744
30794,-5816
30795,-2725
30796,-3897
30797,410
30798,1860
30799,1391
30800,-3340
30801,-5816
30802,-7632
30803,-14166
30804,-8072
30805,-8702
30806,-1509
30807,-7442
30808,-3575
30809,-5303
30810,-777
30811,-469
30812,6137
30813,8012
30814,2094
30815,2548
30816,-6036
30817,-5025
30818,-5084
30819,-2505
30820,-6695
30821,-1949
30822,-3399
30823,-6622
30824,-7618
30825,-8204
30826,-4483
30827,-9537
30828,-2813
30829,1274
30830,-2286
30831,-8438
30832,-6314
30833,-7662
30834,-6841
30835,-206
30836,-3223
30837,3149
30838,4643
30839,8041
30840,3632
30841,5932
30842,1713
30843,5698
30844,11865
30845,11616
30846,13256
30847,7514
30848,7895
30849,4057
30850,7851
30851,2607
30852,8364
30853,5976
30854,6562
30855,3515
30856,893
30857,-3018
30858,-2037
30859,878
30860,2490
30861,6328
30862,4863
30863,7236
30864,0
30865,6958
30866,5434
30867,7661
30868,12128
30869,11015
30870,12304
30871,6386
30872,6093
30873,4892
30874,10488
30875,5083
30876,7280
30877,366
30878,-3560
30879,-5684
30880,-6534
30881,-1407
30882,-572
30883,6240
30884,4804
30885,11235
30886,3969
30887,7075
30888,9082
30889,11997
30890,8452
30891,9140
30892,3178
30893,-1319
30894,512
30895,-6885
30896,5522
30897,7397
30898,5844
30899,1083
30900,3999
30901,7441
30902,7382
30903,9360
30904,-2461
30905,-3370
30906,-2286
30907,2402
30908,1435
30909,2431
30910,1289
30911,10839
30912,11909
30913,13652
30914,12539
30915,13725
30916,12465
30917,12260
30918,15307
30919,12597
30920,13681
30921,11162
30922,8642
30923,11220
30924,4086
30925,-3765
30926,-6109
30927,-5303
30928,2431
30929,10678
30930,5888
30931,7807
30932,5961
30933,11250
30934,10942
30935,7382
30936,6152
30937,2651
30938,10634
30939,6665
30940,307
30941,-7896
30942,-8892
30943,-6314
30944,-5611
30945,-7500
30946,-5113
30947,-7603
30948,-16070
30949,-11646
30950,-10840
30951,1684
30952,-850
30953,3383
30954,1010
30955,6840
30956,7236
30957,7617
30958,8408
30959,16508
30960,14355
30961,13549
30962,13403
30963,11528
30964,13520
30965,13842
30966,14018
30967,14443
30968,16875
30969,15585
30970,13666
30971,14165
30972,10283
30973,15146
30974,14428
30975,13974
30976,14809
30977,15893
30978,15043
30979,17153
30980,15307
30981,16127
30982,13227
30983,15629
30984,16538
30985,15117
30986,14267
30987,9536
30988,13374
30989,12744
30990,14282
30991,13476
30992,12011
30993,13154
30994,10312
30995,12788
30996,6767
30997,11528
30998,3720
30999,9433
31000,3178
31001,6093
31002,6196
31003,5126
31004,8627
31005,6665
31006,13593
31007,9375
31008,12509
31009,3588
31010,6064
31011,-3765
31012,-118
31013,380
31014,-235
31015,-1202
31016,-4029
31017,-8584
31018,-11163
31019,-4043
31020,-4981
31021,2724
31022,1420
31023,5170
31024,2226
31025,2783
31026,644
31027,-2374
31028,10092
31029,8364
31030,14458
31031,8232
31032,8540
31033,805
31034,4057
31035,2915
31036,3735
31037,3369
31038,5830
31039,9301
31040,9916
31041,12612
31042,13608
31043,9492
31044,966
31045,6401
31046,3735
31047,5493
31048,3676
31049,732
31050,2358
31051,2958
31052,3178
31053,-1143
31054,439
31055,3325
31056,4921
31057,-894
31058,6416
31059,424
31060,3164
31061,2841
31062,-2168
31063,1831
31064,-5318
31065,-4981
31066,-6578
31067,-1568
31068,-2535
31069,761
31070,-6519
31071,-5508
31072,-6578
31073,-9449
31074,-6504
31075,-8365
31076,-3252
31077,-9903
31078,-4805
31079,-7662
31080,-6534
31081,-5992
31082,2446
31083,5214
31084,5566
31085,3676
31086,-2417
31087,-542
31088,-8965
31089,-2945
31090,-9419
31091,-8365
31092,-10225
31093,-11133
31094,-11514
31095,-8951
31096,-5479
31097,-1846
31098,3720
31099,952
31100,-1275
31101,-11675
31102,-7764
31103,-9141
31104,-8321
31105,-11792
31106,-5757
31107,1142
31108,-4703
31109,-3326
31110,-8731
31111,-8189
31112,-13462
31113,-9888
31114,-13228
31115,-8834
31116,-11280
31117,-9200
31118,-6988
31119,-7413
31120,-440
31121,-4161
31122,-3077
31123,-9947
31124,-9332
31125,-9756
31126,-7515
31127,-6900
31128,-5655
31129,-5201
31130,-206
31131,-4322
31132,-7002
31133,-5025
31134,-13023
31135,-6270
31136,-11646
31137,-12701
31138,-9112
31139,-8687
31140,-11133
31141,-12291
31142,-12159
31143,-17652
31144,-14239
31145,-15909
31146,-8394
31147,-10093
31148,-13770
31149,-13887
31150,-5655
31151,-6211
31152,-2549
31153,7397
31154,-806
31155,-4410
31156,-14224
31157,-10943
31158,-13199
31159,-10899
31160,-14209
31161,-16070
31162,-12613
31163,-16363
31164,-14620
31165,-13843
31166,-12906
31167,-13799
31168,-11221
31169,-13770
31170,-5801
31171,-13301
31172,-15967
31173,-11104
31174,-5347
31175,-3721
31176,-11133
31177,-12364
31178,-12584
31179,-9888
31180,-11045
31181,-9581
31182,-13755
31183,-1509
31184,776
31185,5537
31186,893
31187,-8892
31188,-4424
31189,-3868
31190,3925
31191,6489
31192,5888
31193,-4688
31194,-2535
31195,-4234
31196,-2007
31197,-4205
31198,-7105
31199,-2066
31200,1801
31201,6489
31202,-3326
31203,-2872
31204,-8804
31205,-3018
31206,-3780
31207,-6021
31208,-11353
31209,-13506
31210,-9625
31211,-13345
31212,-14268
31213,-14268
31214,-14019
31215,-13433
31216,-12994
31217,-14341
31218,-12920
31219,-15088
31220,-14385
31221,-16202
31222,-10342
31223,-4219
31224,-7691
31225,-11412
31226,-8555
31227,-7837
31228,-10445
31229,-10210
31230,-10621
31231,-7017
31232,-6211
31233,-5772
31234,-2359
31235,-4117
31236,4848
31237,1376
31238,7236
31239,6459
31240,4204
31241,10195
31242,11704
31243,11235
31244,12392
31245,16860
31246,11660
31247,19262
31248,14414
31249,13652
31250,10195
31251,12744
31252,12700
31253,14531
31254,8833
31255,4306
31256,9331
31257,3383
31258,4482
31259,6547
31260,13081
31261,10810
31262,10781
31263,10473
31264,14472
31265,13403
31266,12875
31267,15249
31268,10722
31269,13666
31270,5156
31271,7719
31272,5097
31273,6269
31274,5698
31275,6518
31276,6518
31277,6298
31278,5332
31279,249
31280,43
31281,-2154
31282,4892
31283,-2242
31284,1420
31285,-3311
31286,-1626
31287,-3926
31288,-9024
31289,-8248
31290,-6563
31291,3574
31292,1391
31293,9887
31294,820
31295,7236
31296,3149
31297,5683
31298,2973
31299,-3370
31300,-1539
31301,-8130
31302,-6841
31303,-1788
31304,5522
31305,8320
31306,10048
31307,9389
31308,10590
31309,1157
31310,-879
31311,-1670
31312,322
31313,9404
31314,7163
31315,10283
31316,9609
31317,14003
31318,13857
31319,13989
31320,9521
31321,9257
31322,6254
31323,8247
31324,8276
31325,4497
31326,8481
31327,1977
31328,10883
31329,7836
31330,8247
31331,4570
31332,2036
31333,-1290
31334,-7017
31335,-5245
31336,-10723
31337,-6915
31338,-4805
31339,3266
31340,-293
31341,1728
31342,-1890
31343,3002
31344,878
31345,-176
31346,761
31347,-7032
31348,-967
31349,-5347
31350,-5757
31351,-10899
31352,-3296
31353,-3106
31354,-923
31355,-7295
31356,-7354
31357,-6783
31358,-13536
31359,-11368
31360,-12906
31361,-9141
31362,-9727
31363,-9786
31364,-13770
31365,-10445
31366,-10313
31367,-7208
31368,-3370
31369,-6548
31370,-1172
31371,-7486
31372,-3428
31373,-12056
31374,-9830
31375,-14708
31376,-11778
31377,-10152
31378,-12349
31379,-10577
31380,-10298
31381,-12715
31382,-9493
31383,-2461
31384,-7867
31385,-2959
31386,-11236
31387,-4498
31388,-6592
31389,-1993
31390,-4688
31391,-2461
31392,3691
31393,-1583
31394,14
31395,-6900
31396,-1656
31397,-4205
31398,-3765
31399,-7588
31400,-6563
31401,-8350
31402,-10152
31403,-4922
31404,-7354
31405,-1216
31406,-4952
31407,146
31408,-3106
31409,-1070
31410,-264
31411,-1465
31412,-1055
31413,-2476
31414,-1597
31415,-411
31416,-542
31417,-3399
31418,2871
31419,-5040
31420,102
31421,-4966
31422,-293
31423,-2872
31424,-2432
31425,-1026
31426,-5582
31427,-3428
31428,-6373
31429,-10679
31430,-10723
31431,-7691
31432,-8980
31433,-8438
31434,-10313
31435,2329
31436,9272
31437,7734
31438,8276
31439,-2623
31440,1420
31441,-5186
31442,-7881
31443,-15660
31444,-10679
31445,-3575
31446,-2769
31447,-13960
31448,-13960
31449,-17081
31450,-13067
31451,-8116
31452,-10035
31453,-9771
31454,-8248
31455,4409
31456,6899
31457,2944
31458,-2681
31459,-367
31460,11352
31461,12817
31462,14589
31463,11909
31464,6416
31465,-1524
31466,5229
31467,1230
31468,747
31469,-6431
31470,-9668
31471,2270
31472,-381
31473,1772
31474,-5157
31475,-1700
31476,-323
31477,-59
31478,-6695
31479,-8599
31480,-8057
31481,-7325
31482,-9302
31483,-9375
31484,-10416
31485,-14078
31486,-11016
31487,-14297
31488,-13726
31489,-15513
31490,-9185
31491,-14927
31492,-13565
31493,-9874
31494,-10152
31495,-8687
31496,-15513
31497,-7925
31498,-9668
31499,-9756
31500,-12906
31501,-13316
31502,-10430
31503,-12349
31504,-7984
31505,-3692
31506,-3223
31507,1494
31508,7163
31509,878
31510,4130
31511,-660
31512,3413
31513,5683
31514,11000
31515,11616
31516,5493
31517,10532
31518,6313
31519,8613
31520,7353
31521,7866
31522,9184
31523,10253
31524,9082
31525,10517
31526,8217
31527,8906
31528,12011
31529,4409
31530,8730
31531,10429
31532,8950
31533,4321
31534,7280
31535,6196
31536,10312
31537,10048
31538,8627
31539,7836
31540,2460
31541,8027
31542,263
31543,2124
31544,937
31545,2636
31546,3017
31547,7309
31548,2416
31549,3676
31550,-220
31551,-938
31552,893
31553,-1070
31554,9990
31555,-967
31556,3090
31557,-323
31558,2607
31559,3266
31560,2124
31561,4086
31562,8320
31563,6503
31564,8554
31565,9169
31566,1010
31567,5258
31568,644
31569,7543
31570,3457
31571,2578
31572,-323
31573,-4278
31574,4028
31575,3603
31576,12128
31577,6430
31578,6591
31579,5214
31580,10019
31581,9887
31582,8979
31583,13403
31584,12788
31585,12539
31586,11279
31587,10151
31588,9287
31589,13066
31590,12495
31591,8378
31592,7412
31593,5800
31594,10429
31595,8994
31596,12143
31597,11557
31598,15849
31599,12187
31600,14707
31601,10356
31602,11425
31603,7602
31604,9594
31605,10253
31606,13930
31607,9711
31608,6137
31609,4467
31610,-2051
31611,5361
31612,3120
31613,10458
31614,8803
31615,6005
31616,4497
31617,2211
31618,3647
31619,996
31620,2622
31621,893
31622,2797
31623,6284
31624,10444
31625,7719
31626,10385
31627,6064
31628,5830
31629,3750
31630,-2784
31631,2285
31632,2622
31633,7382
31634,2153
31635,3632
31636,2124
31637,2211
31638,5214
31639,2050
31640,-572
31641,-4585
31642,-9126
31643,-11353
31644,-7002
31645,-10079
31646,2182
31647,-513
31648,5375
31649,43
31650,336
31651,-894
31652,732
31653,3222
31654,3237
31655,13344
31656,9038
31657,7016
31658,3603
31659,9873
31660,2797
31661,9184
31662,2021
31663,-74
31664,2036
31665,-1568
31666,2065
31667,6577
31668,10034
31669,7939
31670,11777
31671,6958
31672,12919
31673,11132
31674,13374
31675,14750
31676,13491
31677,17241
31678,11762
31679,13740
31680,8510
31681,11572
31682,10883
31683,10488
31684,6708
31685,6064
31686,4248
31687,8994
31688,11586
31689,7558
31690,11352
31691,10576
31692,12744
31693,8818
31694,13051
31695,8510
31696,4321
31697,8203
31698,5712
31699,6665
31700,4951
31701,10122
31702,6254
31703,12246
31704,6752
31705,5830
31706,10795
31707,13344
31708,2724
31709,2153
31710,5185
31711,4028
31712,2797
31713,-8174
31714,-3853
31715,-6021
31716,1875
31717,5434
31718,2329
31719,-1070
31720,2285
31721,10283
31722,3603
31723,3178
31724,-5508
31725,1699
31726,3530
31727,4599
31728,498
31729,6694
31730,6284
31731,8862
31732,16025
31733,13432
31734,12802
31735,7353
31736,7192
31737,8305
31738,11982
31739,4482
31740,4687
31741,7558
31742,10107
31743,14062
31744,10781
31745,14208
31746,15249
31747,14531
31748,9184
31749,3940
31750,-1348
31751,117
31752,-3531
31753,-2652
31754,-7823
31755,-10474
31756,-10679
31757,-10298
31758,-6988
31759,-7178
31760,-660
31761,-10167
31762,-7720
31763,-7193
31764,-6299
31765,-8628
31766,-9507
31767,-12891
31768,-11412
31769,-5640
31770,-10167
31771,-4336
31772,-5523
31773,249
31774,2666
31775,5727
31776,5493
31777,11250
31778,11103
31779,11748
31780,10400
31781,4833
31782,11835
31783,6093
31784,11323
31785,7148
31786,2285
31787,-4366
31788,-1890
31789,-1700
31790,6562
31791,10576
31792,7412
31793,13505
31794,12319
31795,12700
31796,13081
31797,12377
31798,16083
31799,15483
31800,12539
31801,8876
31802,12509
31803,4306
31804,8217
31805,5610
31806,8378
31807,4057
31808,9785
31809,3911
31810,-1934
31811,-7032
31812,-9156
31813,-7544
31814,-7046
31815,-469
31816,-10064
31817,-279
31818,-381
31819,190
31820,-1055
31821,-1377
31822,-1641
31823,-5040
31824,-3267
31825,-8174
31826,-9932
31827,-17198
31828,-6373
31829,-7720
31830,-3838
31831,-8702
31832,-6929
31833,-3780
31834,-6944
31835,-1539
31836,-10635
31837,-7457
31838,-14107
31839,-12950
31840,-9683
31841,-7193
31842,-15088
31843,-11631
31844,-11236
31845,-7999
31846,-5435
31847,-6885
31848,-4527
31849,-7999
31850,-4585
31851,-10987
31852,-6944
31853,-10709
31854,-7779
31855,-792
31856,-3956
31857,-5142
31858,-5611
31859,-2095
31860,-542
31861,-103
31862,-8086
31863,-9830
31864,-16055
31865,-6343
31866,-8570
31867,-3209
31868,1567
31869,-4102
31870,29
31871,-6373
31872,-8423
31873,-12627
31874,-6900
31875,-11910
31876,-9405
31877,-12027
31878,-12701
31879,-11661
31880,-12334
31881,-13873
31882,-13594
31883,-8057
31884,-12774
31885,-2857
31886,-5875
31887,-3824
31888,-9551
31889,-7881
31890,-5640
31891,-9390
31892,-9141
31893,-15250
31894,-9112
31895,-8409
31896,-4981
31897,-15484
31898,-7691
31899,-10093
31900,-11148
31901,-8306
31902,-8160
31903,-9053
31904,-14092
31905,-10796
31906,-12642
31907,-14180
31908,-16260
31909,-12906
31910,-13624
31911,-14004
31912,-10225
31913,-10079
31914,-10137
31915,-12261
31916,-3765
31917,-11236
31918,-8072
31919,-8980
31920,-10445
31921,-11207
31922,-9683
31923,-9317
31924,-10899
31925,-11851
31926,-14605
31927,-19029
31928,-12833
31929,-10416
31930,-12027
31931,-6460
31932,-9844
31933,-7632
31934,-5640
31935,-6988
31936,-147
31937,615
31938,4189
31939,146
31940,-967
31941,-6270
31942,-2725
31943,-9742
31944,-1304
31945,-6314
31946,-2168
31947,-3384
31948,-5479
31949,-5523
31950,-7442
31951,-2623
31952,-6797
31953,219
31954,-777
31955,-850
31956,-1436
31957,-1041
31958,-704
31959,7001
31960,5214
31961,3237
31962,2753
31963,-586
31964,4760
31965,-3091
31966,146
31967,-1304
31968,-2212
31969,234
31970,-6680
31971,-1099
31972,-4395
31973,-235
31974,-2740
31975,-2110
31976,-59
31977,5844
31978,-2505
31979,-3458
31980,-6856
31981,-9727
31982,-6929
31983,-14312
31984,-15542
31985,-9991
31986,2299
31987,7661
31988,6035
31989,-11353
31990,-8555
31991,-9844
31992,-6080
31993,-6812
31994,-11734
31995,-7266
31996,-5860
31997,688
31998,-3223
31999,-2256
32000,-2330
32001,5156
32002,9257
32003,9653
32004,5126
32005,-2769
32006,-2330
32007,2094
32008,10502
32009,761
32010,4321
32011,4526
32012,13037
32013,13125
32014,8745
32015,8979
32016,12202
32017,12392
32018,4731
32019,1362
32020,-7940
32021,1655
32022,3676
32023,3325
32024,-2681
32025,-8511
32026,-12510
32027,-10547
32028,-8877
32029,-3472
32030,1845
32031,-4468
32032,1743
32033,-3809
32034,2270
32035,-235
32036,73
32037,-396
32038,-3121
32039,-1802
32040,-5948
32041,-4629
32042,-9771
32043,-1788
32044,5068
32045,7895
32046,5200
32047,8349
32048,1962
32049,5844
32050,2006
32051,-2681
32052,629
32053,1333
32054,9448
32055,5830
32056,9550
32057,8100
32058,8364
32059,12773
32060,12143
32061,14516
32062,13095
32063,14692
32064,15439
32065,10854
32066,9858
32067,13403
32068,6708
32069,9052
32070,5390
32071,3750
32072,3354
32073,3881
32074,5976
32075,4848
32076,9433
32077,8774
32078,11528
32079,6489
32080,6459
32081,-5069
32082,1054
32083,2885
32084,439
32085,3105
32086,-5406
32087,-1729
32088,-6636
32089,351
32090,-5743
32091,-3545
32092,-9771
32093,-6973
32094,-7281
32095,-10020
32096,-7500
32097,-14942
32098,-5772
32099,-8204
32100,-4087
32101,-10987
32102,-5362
32103,-5728
32104,1962
32105,1743
32106,1420
32107,-3267
32108,-5918
32109,-8804
32110,-9859
32111,-3633
32112,-6534
32113,-3501
32114,-4234
32115,-2769
32116,-1451
32117,-2930
32118,-6065
32119,-6138
32120,-6504
32121,-7852
32122,-2374
32123,-9024
32124,5185
32125,1215
32126,8701
32127,3134
32128,2285
32129,3032
32130,10839
32131,6533
32132,4584
32133,3120
32134,-3970
32135,1406
32136,-2959
32137,29
32138,307
32139,-2242
32140,-1172
32141,-4542
32142,-6490
32143,-10767
32144,-8306
32145,-5040
32146,-1919
32147,-4952
32148,-3165
32149,-7940
32150,-59
32151,-235
32152,1538
32153,9711
32154,7382
32155,10561
32156,6606
32157,3076
32158,-4263
32159,-5098
32160,-7310
32161,-2417
32162,-7076
32163,-6182
32164,-7500
32165,-8658
32166,-4571
32167,-3721
32168,3544
32169,-1524
32170,-2784
32171,-8541
32172,2651
32173,-2916
32174,-1890
32175,-953
32176,-4776
32177,-1656
32178,-7237
32179,-6827
32180,-10914
32181,-5918
32182,-8467
32183,-8145
32184,-4424
32185,-8570
32186,-6797
32187,-4820
32188,-8189
32189,-13536
32190,-7398
32191,-10459
32192,-5582
32193,-12906
32194,-10621
32195,-12715
32196,-14209
32197,-8409
32198,-10547
32199,-8980
32200,-8526
32201,-8248
32202,-8702
32203,-4542
32204,-9654
32205,-5977
32206,-10152
32207,-4556
32208,-7369
32209,-8467
32210,-9244
32211,-12071
32212,-8116
32213,-16216
32214,-6548
32215,-8453
32216,-2168
32217,-9668
32218,-5318
32219,-2476
32220,-3545
32221,1596
32222,-469
32223,4658
32224,-1641
32225,-3531
32226,-6138
32227,-5640
32228,-10430
32229,-5303
32230,-2974
32231,-1070
32232,-2872
32233,-6241
32234,-6475
32235,-10196
32236,-5010
32237,-9229
32238,-4322
32239,-7295
32240,-7032
32241,-3472
32242,-162
32243,615
32244,7675
32245,9506
32246,952
32247,3911
32248,-923
32249,1567
32250,-10049
32251,-8834
32252,-7090
32253,-2505
32254,-1275
32255,-11221
32256,-10518
32257,-7837
32258,629
32259,2197
32260,-4952
32261,-11470
32262,-7149
32263,-11573
32264,-7266
32265,-9039
32266,-11177
32267,-3545
32268,4702
32269,9873
32270,3471
32271,3339
32272,4174
32273,10004
32274,12685
32275,12026
32276,12905
32277,7177
32278,9067
32279,6884
32280,8862
32281,2006
32282,3222
32283,1977
32284,11879
32285,10971
32286,9111
32287,4995
32288,3720
32289,761
32290,-1993
32291,-3897
32292,-9317
32293,2094
32294,-2212
32295,-2798
32296,-9947
32297,-3033
32298,1245
32299,73
32300,-1290
32301,-8409
32302,-455
32303,-3765
32304,1816
32305,-6109
32306,1201
32307,1728
32308,2944
32309,-850
32310,14
32311,454
32312,2724
32313,6679
32314,2739
32315,6665
32316,10634
32317,11718
32318,9462
32319,11132
32320,11791
32321,12641
32322,9375
32323,14956
32324,10312
32325,10239
32326,12905
32327,10078
32328,11791
32329,14018
32330,14296
32331,13813
32332,13725
32333,15395
32334,14912
32335,12773
32336,13374
32337,13110
32338,15468
32339,14589
32340,11235
32341,12890
32342,13198
32343,16245
32344,13608
32345,11938
32346,16552
32347,14780
32348,12875
32349,13959
32350,12729
32351,12670
32352,13125
32353,4790
32354,7617
32355,4760
32356,-7413
32357,-3516
32358,-4805
32359,-4161
32360,1113
32361,13183
32362,9682
32363,11367
32364,6401
32365,12216
32366,9887
32367,8525
32368,10371
32369,9843
32370,8789
32371,2446
32372,5361
32373,7675
32374,7045
32375,2416
32376,9038
32377,2285
32378,3515
32379,-1773
32380,-11910
32381,-5376
32382,-440
32383,4804
32384,9814
32385,8291
32386,6782
32387,15161
32388,13461
32389,12451
32390,13242
32391,11220
32392,10708
32393,8261
32394,9155
32395,7719
32396,13271
32397,8598
32398,14340
32399,11381
32400,12451
32401,12773
32402,6723
32403,12539
32404,11923
32405,7924
32406,1230
32407,6108
32408,8627
32409,8422
32410,3559
32411,9609
32412,8789
32413,5434
32414,13959
32415,11176
32416,7265
32417,5859
32418,13344
32419,4511
32420,9257
32421,3354
32422,3852
32423,9960
32424,13066
32425,9829
32426,7382
32427,5068
32428,2402
32429,13535
32430,4365
32431,8862
32432,9755
32433,7470
32434,2607
32435,6430
32436,9331
32437,13886
32438,16933
32439,11689
32440,5068
32441,6943
32442,6298
32443,-1436
32444,7734
32445,2812
32446,-2930
32447,-7486
32448,-5655
32449,-1202
32450,-3487
32451,2255
32452,-4849
32453,-689
32454,673
32455,7851
32456,1699
32457,-367
32458,-4439
32459,278
32460,-279
32461,-6841
32462,-1363
32463,-6065
32464,-4410
32465,-10240
32466,-6417
32467,-411
32468,-5362
32469,-6036
32470,3002
32471,-1114
32472,-10416
32473,996
32474,-5054
32475,-6739
32476,-14576
32477,-3135
32478,-3003
32479,-4131
32480,-865
32481,2885
32482,1318
32483,3002
32484,3984
32485,-3794
32486,9565
32487,4702
32488,3427
32489,7441
32490,3837
32491,2182
32492,8906
32493,10502
32494,-1011
32495,-2300
32496,-74
32497,9755
32498,-7867
32499,-4571
32500,2460
32501,-2022
32502,-8541
32503,-1773
32504,-4791
32505,-1055
32506,-5655
32507,-923
32508,10312
32509,-2447
32510,-3824
32511,-7925
32512,4277
32513,5112
32514,-9229
32515,131
32516,-1260
32517,-7149
32518,-1202
32519,-3003
32520,-10723
32521,-1465
32522,-6226
32523,-2930
32524,1713
32525,1596
32526,-11001
32527,-11500
32528,3193
32529,-3428
32530,4643
32531,-1465
32532,-15499
32533,-14590
32534,-9346
32535,-1700
32536,-11763
32537,-13243
32538,-2623
32539,-6592
32540,-14737
32541,-10796
32542,-9859
32543,-3252
32544,-4249
32545,1552
32546,-4014
32547,-9244
32548,-8526
32549,12158
32550,6503
32551,4379
32552,7968
32553,-7676
32554,-499
32555,-3589
32556,-7750
32557,-7500
32558,-8189
32559,-2740
32560,9375
32561,1010
32562,-2623
32563,5478
32564,-4336
32565,7265
32566,-5640
32567,-13682
32568,-14385
32569,-10503
32570,-10562
32571,-11485
32572,-9800
32573,-14942
32574,-15396
32575,-15865
32576,-9698
32577,-13213
32578,-14341
32579,-14825
32580,-14107
32581,-15616
32582,-9302
32583,-1524
32584,-13565
32585,-9917
32586,-499
32587,-14297
32588,-14092
32589,-11690
32590,-18121
32591,-8658
32592,-4952
32593,-11338
32594,-8262
32595,-8438
32596,-8834
32597,3530
32598,6357
32599,3823
32600,13623
32601,-835
32602,2226
32603,-5142
32604,2871
32605,9257
32606,15029
32607,13476
32608,3984
32609,15556
32610,15776
32611,10708
32612,12524
32613,13344
32614,-6607
32615,8364
32616,11235
32617,-7691
32618,-10328
32619,-5084
32620,6723
32621,-6241
32622,-3677
32623,3984
32624,6064
32625,-4058
32626,1420
32627,2724
32628,-6387
32629,-13243
32630,2050
32631,10429
32632,-7632
32633,-1465
32634,820
32635,-6944
32636,-9346
32637,8774
32638,-3414
32639,-15162
32640,-5201
32641,-12115
32642,-13257
32643,-9288
32644,234
32645,1831
32646,-2081
32647,-15923
32648,-19776
32649,-12569
32650,-7544
32651,791
32652,3354
32653,14707
32654,3237
32655,454
32656,-12569
32657,-13184
32658,-13052
32659,-6724
32660,-12349
32661,-1714
32662,-3794
32663,-4512
32664,-4483
32665,-18648
32666,-16421
32667,-13023
32668,-2256
32669,2695
32670,8129
32671,11264
32672,14326
32673,12392
32674,410
32675,-5127
32676,13886
32677,2622
32678,-14751
32679,3266
32680,-11133
32681,-15718
32682,-14415
32683,-13521
32684,8129
32685,15615
32686,512
32687,-9419
32688,-12291
32689,-13199
32690,-12715
32691,-14092
32692,-4014
32693,7895
32694,16787
32695,12729
32696,-9991
32697,-10430
32698,-9786
32699,-8614
32700,13330
32701,15073
32702,12436
32703,15717
32704,-1949
32705,-15440
32706,-12320
32707,-15777
32708,3442
32709,12641
32710,14047
32711,12143
32712,-4644
32713,-396
32714,9667
32715,-9917
32716,-17081
32717,-6050
32718,-4820
32719,7294
32720,-9610
32721,-16011
32722,-1348
32723,5654
32724,12026
32725,12802
32726,8291
32727,6401
32728,-7823
32729,-13492
32730,-2564
32731,13403
32732,15439
32733,-2784
32734,-14576
32735,-13755
32736,8671
32737,3090
32738,-938
32739,-16187
32740,-13375
32741,-13536
32742,-10254
32743,-12876
32744,-16978
32745,-9361
32746,3266
32747,10356
32748,-7486
32749,-14444
32750,-6959
32751,11616
32752,-6988
32753,8657
32754,18325
32755,5390
32756,14736
32757,12729
32758,-7764
32759,-8658
32760,12041
32761,14531
32762,16655
32763,18911
32764,8906
32765,3325
32766,-2549
32767,1494
32768,-6182
32769,14355
32770,12495
32771,4980
32772,-10372
32773,9155
32774,2314
32775,-13433
32776,-10152
32777,11499
32778,11425
32779,6899
32780,17329
32781,11279
32782,-10870
32783,834
32784,14750
32785,-5347
32786,-9507
32787,8334
32788,15366
32789,15834
32790,12172
32791,15556
32792,5493
32793,9873
32794,-4263
32795,7895
32796,-3912
32797,-10547
32798,11220
32799,-1524
32800,-10137
32801,-16421
32802,-15103
32803,-3370
32804,3266
32805,-12042
32806,-630
32807,-15308
32808,-12950
32809,-6709
32810,-15733
32811,-9786
32812,-5625
32813,-3296
32814,-2447
32815,996
32816,10092
32817,-4878
32818,-16055
32819,-13550
32820,-16832
32821,-14488
32822,-14107
32823,-15162
32824,-250
32825,12275
32826,13740
32827,7368
32828,-14751
32829,-14561
32830,-9668
32831,-15484
32832,-15352
32833,-12320
32834,-15733
32835,-14532
32836,-10899
32837,14619
32838,146
32839,-10181
32840,292
32841,-7837
32842,-12730
32843,-19190
32844,-162
32845,10722
32846,12773
32847,468
32848,-8277
32849,-16802
32850,-15352
32851,-17520
32852,-7134
32853,-6783
32854,-14459
32855,-2828
32856,-1216
32857,-9595
32858,-13682
32859,-15806
32860,-13858
32861,4467
32862,3793
32863,776
32864,-15176
32865,-13462
32866,-11441
32867,-1290
32868,7954
32869,-1070
32870,58
32871,-3487
32872,1157
32873,1860
32874,11674
32875,4628
32876,10063
32877,17475
32878,9946
32879,9755
32880,14853
32881,14238
32882,14208
32883,15292
32884,6210
32885,15249
32886,12553
32887,16259
32888,13740
32889,11308
32890,13681
32891,11938
32892,10224
32893,11147
32894,14223
32895,-6050
32896,7265
32897,17270
32898,11030
32899,7441
32900,10473
32901,6254
32902,3046
32903,14912
32904,8481
32905,16728
32906,12231
32907,14296
32908,9785
32909,-7134
32910,-1934
32911,2753
32912,5756
32913,14619
32914,2387
32915,-2857
32916,10737
32917,15307
32918,3603
32919,8408
32920,14589
32921,-6402
32922,-17461
32923,-7383
32924,278
32925,5097
32926,-3677
32927,-15792
32928,-9888
32929,-12657
32930,-11133
32931,7016
32932,13813
32933,16157
32934,9609
32935,-3926
32936,-10357
32937,-9419
32938,-1026
32939,146
32940,6372
32941,13271
32942,12846
32943,-13536
32944,-16216
32945,-15015
32946,-16963
32947,-4205
32948,14985
32949,15424
32950,5698
32951,3354
32952,-11514
32953,-16128
32954,-13565
32955,-14180
32956,-6124
32957,3442
32958,11235
32959,12260
32960,3574
32961,-14048
32962,-9419
32963,-13492
32964,-16480
32965,-1304
32966,10209
32967,-3135
32968,-15425
32969,-235
32970,-3399
32971,-4585
32972,21430
32973,10678
32974,-13082
32975,-11998
32976,-14590
32977,-9039
32978,9228
32979,2929
32980,-9976
32981,-16041
32982,-13975
32983,3090
32984,16611
32985,10488
32986,11162
32987,-1905
32988,-13873
32989,-14590
32990,-7647
32991,-13023
32992,-11382
32993,-14180
32994,-8438
32995,7646
32996,-9405
32997,-14971
32998,-15689
32999,-13052
33000,-14136
33001,-14444
33002,-13082
33003,-12173
33004,-7193
33005,-11602
33006,-15293
33007,-15044
33008,-12437
33009,-11558
33010,-8921
33011,-9771
33012,-12950
33013,-12305
33014,-3370
33015,3339
33016,-15879
33017,-11500
33018,-1846
33019,-10811
33020,-13404
33021,-9800
33022,-12466
33023,-8423
33024,-13477
33025,-13609
33026,-8746
33027,-8028
33028,3896
33029,-13331
33030,-13345
33031,-9830
33032,-1465
33033,-12701
33034,-10533
33035,7163
33036,5229
33037,439
33038,-11675
33039,-704
33040,-6797
33041,-13580
33042,-542
33043,13168
33044,15820
33045,13081
33046,6240
33047,-4864
33048,5039
33049,-4190
33050,-8130
33051,7353
33052,10737
33053,12729
33054,17021
33055,10473
33056,2871
33057,-7222
33058,15234
33059,10605
33060,-7559
33061,6591
33062,10883
33063,15629
33064,12670
33065,13959
33066,11264
33067,12055
33068,12817
33069,14135
33070,2812
33071,-2564
33072,12128
33073,12641
33074,17285
33075,14414
33076,12275
33077,8408
33078,2475
33079,6533
33080,13417
33081,14062
33082,12407
33083,13212
33084,15087
33085,13154
33086,14194
33087,13842
33088,12495
33089,13300
33090,-12613
33091,-11924
33092,10122
33093,16875
33094,14838
33095,9477
33096,-1158
33097,-3135
33098,13095
33099,10795
33100,8408
33101,-2930
33102,11645
33103,13974
33104,17504
33105,13740
33106,17666
33107,17050
33108,14970
33109,13505
33110,14692
33111,17109
33112,14648
33113,17314
33114,18603
33115,14282
33116,15468
33117,12524
33118,15292
33119,16699
33120,13242
33121,16875
33122,16347
33123,13696
33124,14794
33125,13432
33126,15131
33127,15424
33128,12128
33129,15351
33130,12158
33131,15278
33132,14897
33133,13637
33134,14853
33135,14355
33136,15029
33137,15849
33138,15937
33139,14458
33140,14018
33141,11953
33142,12172
33143,13666
33144,17109
33145,15937
33146,13652
33147,10297
33148,16362
33149,12744
33150,-3458
33151,-1553
33152,5083
33153,14765
33154,13901
33155,9052
33156,5229
33157,15600
33158,16230
33159,11352
33160,6547
33161,-4703
33162,-909
33163,16274
33164,15380
33165,9726
33166,4907
33167,-6065
33168,937
33169,7573
33170,2915
33171,-4864
33172,19204
33173,7280
33174,-748
33175,8393
33176,7675
33177,7163
33178,-6900
33179,336
33180,11206
33181,13857
33182,8481
33183,11513
33184,14501
33185,-4454
33186,-12686
33187,-11485
33188,-13477
33189,-17564
33190,-5215
33191,-11675
33192,-6153
33193,-7398
33194,1904
33195,10781
33196,-7017
33197,-11382
33198,-11280
33199,-14019
33200,-5376
33201,5273
33202,-12085
33203,-13506
33204,-4908
33205,2343
33206,-17667
33207,-17652
33208,-15630
33209,-13375
33210,-13785
33211,-16597
33212,-11998
33213,-14532
33214,-3458
33215,-11866
33216,-14957
33217,-13052
33218,-11617
33219,-9229
33220,-2081
33221,-5625
33222,-17110
33223,-11133
33224,-13008
33225,-10899
33226,-11104
33227,-15704
33228,-17769
33229,-9903
33230,-11792
33231,-9434
33232,-8248
33233,-17491
33234,-14209
33235,-9273
33236,-10606
33237,-16436
33238,-4952
33239,-10562
33240,-16861
33241,-15103
33242,-4776
33243,-13873
33244,-11690
33245,-5772
33246,-10972
33247,-10430
33248,-13917
33249,-13096
33250,-14693
33251,-15938
33252,-12613
33253,-8643
33254,-11836
33255,-15264
33256,-14986
33257,-15909
33258,-12144
33259,-15411
33260,-19029
33261,-9756
33262,-16026
33263,-16729
33264,-10079
33265,-12935
33266,-21182
33267,-16788
33268,-10313
33269,-3414
33270,-8599
33271,-12803
33272,-15293
33273,-16290
33274,-15323
33275,-8365
33276,-9830
33277,-12730
33278,-1407
33279,1479
33280,-13711
33281,-17710
33282,1420
33283,-12129
33284,-8819
33285,2167
33286,-9771
33287,-7544
33288,-10474
33289,3911
33290,6767
33291,1772
33292,4086
33293,-10899
33294,-10547
33295,-3355
33296,11762
33297,12246
33298,791
33299,3383
33300,585
33301,1625
33302,9960
33303,13212
33304,-1187
33305,11352
33306,10664
33307,-11309
33308,12553
33309,10400
33310,8657
33311,-10796
33312,-13316
33313,3046
33314,13945
33315,5507
33316,-7823
33317,14970
33318,10590
33319,-15660
33320,-528
33321,-4131
33322,-14239
33323,1772
33324,-5450
33325,3046
33326,13725
33327,6225
33328,-5508
33329,-8365
33330,-5186
33331,-2037
33332,11074
33333,13520
33334,2299
33335,10737
33336,17153
33337,13286
33338,10664
33339,12260
33340,-7222
33341,7631
33342,15395
33343,11572
33344,12568
33345,10209
33346,17431
33347,15102
33348,12275
33349,12260
33350,13637
33351,6547
33352,13330
33353,7983
33354,-12598
33355,1508
33356,-5420
33357,-13741
33358,6123
33359,14223
33360,11000
33361,12158
33362,4599
33363,13330
33364,6020
33365,-6080
33366,6635
33367,13623
33368,15073
33369,5405
33370,15395
33371,2167
33372,-7457
33373,-4146
33374,13037
33375,3823
33376,-4131
33377,7587
33378,-7164
33379,-11060
33380,-9493
33381,-12027
33382,-14986
33383,-9273
33384,-11661
33385,-6387
33386,9887
33387,12114
33388,-5977
33389,-11573
33390,-1275
33391,12993
33392,-9932
33393,-15293
33394,-14385
33395,-15689
33396,-206
33397,-14810
33398,-3165
33399,-7164
33400,-13477
33401,-10826
33402,-3091
33403,-411
33404,3793
33405,2431
33406,-9390
33407,-9566
33408,-12818
33409,-12730
33410,-12994
33411,4584
33412,-5787
33413,-6006
33414,7221
33415,-14620
33416,-20186
33417,2578
33418,6020
33419,-7134
33420,-6182
33421,-10635
33422,-11690
33423,-11792
33424,-5376
33425,-13843
33426,-15938
33427,-12891
33428,-15997
33429,-10562
33430,10795
33431,15512
33432,-17784
33433,-1993
33434,-4249
