Sample_Index,Value
0,0
1,0
2,0
3,0
4,1
5,1
6,1
7,3
8,4
9,5
10,7
11,8
12,9
13,9
14,9
15,7
16,7
17,6
18,6
19,5
20,5
21,5
22,3
23,3
24,2
25,2
26,1
27,1
28,0
29,0
30,0
31,0
32,1
33,3
34,5
35,6
36,8
37,9
38,10
39,10
40,11
41,11
42,12
43,14
44,15
45,18
46,20
47,22
48,24
49,25
50,24
51,23
52,21
53,21
54,21
55,21
56,22
57,22
58,24
59,24
60,25
61,25
62,25
63,26
64,27
65,28
66,29
67,30
68,31
69,33
70,33
71,35
72,35
73,36
74,36
75,36
76,37
77,38
78,40
79,40
80,40
81,39
82,38
83,36
84,35
85,34
86,33
87,32
88,32
89,33
90,32
91,32
92,31
93,30
94,28
95,27
96,25
97,23
98,20
99,18
100,18
101,16
102,15
103,13
104,11
105,10
106,11
107,10
108,9
109,6
110,6
111,7
112,8
113,8
114,7
115,10
116,12
117,16
118,19
119,22
120,25
121,28
122,31
123,33
124,33
125,31
126,32
127,33
128,34
129,33
130,32
131,31
132,33
133,35
134,34
135,33
136,30
137,28
138,24
139,20
140,16
141,12
142,8
143,6
144,4
145,1
146,-3
147,-7
148,-9
149,-11
150,-12
151,-16
152,-19
153,-20
154,-19
155,-18
156,-18
157,-18
158,-17
159,-14
160,-11
161,-8
162,-6
163,-3
164,-1
165,2
166,5
167,8
168,11
169,14
170,18
171,21
172,24
173,27
174,29
175,31
176,33
177,34
178,34
179,33
180,32
181,32
182,32
183,34
184,34
185,35
186,35
187,35
188,35
189,33
190,30
191,28
192,26
193,24
194,24
195,22
196,23
197,24
198,26
199,27
200,28
201,28
202,26
203,25
204,23
205,21
206,19
207,18
208,17
209,18
210,18
211,19
212,18
213,16
214,13
215,10
216,7
217,3
218,2
219,-1
220,-3
221,-5
222,-7
223,-10
224,-13
225,-16
226,-19
227,-22
228,-25
229,-28
230,-32
231,-33
232,-35
233,-35
234,-36
235,-37
236,-37
237,-39
238,-39
239,-40
240,-41
241,-41
242,-39
243,-40
244,-39
245,-40
246,-41
247,-42
248,-43
249,-44
250,-46
251,-47
252,-50
253,-51
254,-54
255,-57
256,-61
257,-65
258,-69
259,-73
260,-77
261,-81
262,-85
263,-89
264,-93
265,-98
266,-101
267,-105
268,-108
269,-112
270,-116
271,-120
272,-124
273,-128
274,-132
275,-135
276,-138
277,-140
278,-142
279,-142
280,-143
281,-144
282,-146
283,-148
284,-148
285,-150
286,-151
287,-154
288,-156
289,-158
290,-160
291,-161
292,-163
293,-164
294,-166
295,-168
296,-171
297,-174
298,-178
299,-181
300,-186
301,-190
302,-194
303,-197
304,-201
305,-205
306,-208
307,-212
308,-216
309,-220
310,-223
311,-227
312,-230
313,-234
314,-237
315,-242
316,-246
317,-249
318,-253
319,-256
320,-260
321,-263
322,-267
323,-271
324,-275
325,-280
326,-284
327,-287
328,-290
329,-293
330,-295
331,-298
332,-300
333,-304
334,-308
335,-313
336,-317
337,-321
338,-325
339,-329
340,-333
341,-335
342,-339
343,-341
344,-345
345,-347
346,-350
347,-353
348,-356
349,-360
350,-363
351,-366
352,-369
353,-372
354,-374
355,-377
356,-378
357,-380
358,-381
359,-383
360,-386
361,-388
362,-391
363,-393
364,-396
365,-399
366,-402
367,-405
368,-408
369,-412
370,-415
371,-418
372,-421
373,-424
374,-427
375,-431
376,-434
377,-438
378,-439
379,-442
380,-446
381,-449
382,-453
383,-456
384,-457
385,-459
386,-463
387,-466
388,-468
389,-468
390,-470
391,-473
392,-477
393,-479
394,-479
395,-480
396,-481
397,-482
398,-481
399,-479
400,-476
401,-474
402,-473
403,-473
404,-471
405,-468
406,-465
407,-466
408,-468
409,-467
410,-466
411,-464
412,-466
413,-469
414,-471
415,-471
416,-471
417,-472
418,-474
419,-478
420,-482
421,-485
422,-489
423,-494
424,-498
425,-502
426,-506
427,-510
428,-514
429,-518
430,-523
431,-526
432,-530
433,-533
434,-537
435,-542
436,-546
437,-548
438,-549
439,-550
440,-551
441,-551
442,-549
443,-547
444,-543
445,-542
446,-540
447,-539
448,-538
449,-536
450,-533
451,-531
452,-528
453,-525
454,-521
455,-517
456,-515
457,-513
458,-514
459,-512
460,-512
461,-512
462,-513
463,-514
464,-513
465,-513
466,-512
467,-511
468,-510
469,-510
470,-509
471,-510
472,-511
473,-513
474,-515
475,-518
476,-520
477,-520
478,-521
479,-521
480,-521
481,-519
482,-518
483,-516
484,-515
485,-515
486,-515
487,-515
488,-515
489,-516
490,-516
491,-517
492,-516
493,-516
494,-515
495,-515
496,-515
497,-515
498,-516
499,-517
500,-519
501,-521
502,-523
503,-523
504,-525
505,-525
506,-526
507,-527
508,-528
509,-529
510,-529
511,-530
512,-530
513,-531
514,-531
515,-530
516,-528
517,-526
518,-525
519,-524
520,-522
521,-521
522,-520
523,-518
524,-517
525,-515
526,-513
527,-509
528,-507
529,-505
530,-503
531,-501
532,-499
533,-498
534,-496
535,-496
536,-495
537,-495
538,-494
539,-496
540,-497
541,-499
542,-502
543,-505
544,-509
545,-512
546,-515
547,-517
548,-520
549,-521
550,-523
551,-524
552,-527
553,-530
554,-533
555,-536
556,-539
557,-543
558,-545
559,-546
560,-545
561,-545
562,-543
563,-542
564,-541
565,-540
566,-539
567,-539
568,-540
569,-539
570,-540
571,-539
572,-539
573,-538
574,-537
575,-537
576,-538
577,-539
578,-540
579,-543
580,-544
581,-546
582,-547
583,-550
584,-553
585,-554
586,-556
587,-558
588,-562
589,-565
590,-568
591,-571
592,-577
593,-578
594,-581
595,-582
596,-584
597,-585
598,-586
599,-588
600,-589
601,-591
602,-592
603,-593
604,-594
605,-595
606,-595
607,-597
608,-597
609,-599
610,-600
611,-600
612,-601
613,-601
614,-601
615,-600
616,-601
617,-600
618,-600
619,-600
620,-601
621,-602
622,-602
623,-603
624,-603
625,-603
626,-603
627,-603
628,-602
629,-602
630,-600
631,-600
632,-599
633,-599
634,-599
635,-599
636,-599
637,-597
638,-596
639,-594
640,-592
641,-590
642,-589
643,-588
644,-588
645,-587
646,-586
647,-586
648,-586
649,-587
650,-586
651,-586
652,-585
653,-585
654,-585
655,-585
656,-585
657,-586
658,-588
659,-589
660,-590
661,-588
662,-588
663,-588
664,-590
665,-591
666,-591
667,-590
668,-590
669,-592
670,-593
671,-594
672,-593
673,-593
674,-594
675,-597
676,-597
677,-596
678,-595
679,-594
680,-595
681,-593
682,-590
683,-587
684,-584
685,-581
686,-578
687,-575
688,-572
689,-569
690,-569
691,-570
692,-570
693,-569
694,-566
695,-566
696,-565
697,-565
698,-563
699,-561
700,-560
701,-561
702,-562
703,-564
704,-568
705,-570
706,-574
707,-577
708,-581
709,-581
710,-582
711,-583
712,-586
713,-589
714,-590
715,-591
716,-592
717,-595
718,-599
719,-601
720,-600
721,-600
722,-598
723,-596
724,-593
725,-589
726,-586
727,-583
728,-580
729,-576
730,-574
731,-570
732,-567
733,-564
734,-560
735,-557
736,-553
737,-550
738,-546
739,-543
740,-540
741,-537
742,-534
743,-532
744,-530
745,-528
746,-525
747,-523
748,-520
749,-516
750,-513
751,-510
752,-507
753,-505
754,-504
755,-503
756,-503
757,-502
758,-501
759,-499
760,-496
761,-493
762,-490
763,-487
764,-484
765,-481
766,-479
767,-476
768,-473
769,-470
770,-466
771,-463
772,-460
773,-457
774,-455
775,-452
776,-449
777,-446
778,-444
779,-442
780,-440
781,-438
782,-436
783,-434
784,-432
785,-432
786,-431
787,-431
788,-431
789,-432
790,-433
791,-433
792,-432
793,-429
794,-428
795,-426
796,-425
797,-424
798,-423
799,-420
800,-419
801,-416
802,-413
803,-410
804,-407
805,-403
806,-399
807,-397
808,-393
809,-390
810,-386
811,-384
812,-381
813,-378
814,-375
815,-372
816,-369
817,-367
818,-364
819,-361
820,-361
821,-359
822,-359
823,-359
824,-359
825,-360
826,-361
827,-363
828,-364
829,-365
830,-366
831,-367
832,-366
833,-367
834,-366
835,-367
836,-367
837,-367
838,-368
839,-369
840,-370
841,-370
842,-370
843,-368
844,-366
845,-363
846,-362
847,-358
848,-356
849,-354
850,-351
851,-349
852,-346
853,-344
854,-341
855,-339
856,-337
857,-335
858,-332
859,-330
860,-328
861,-326
862,-325
863,-323
864,-322
865,-320
866,-319
867,-318
868,-317
869,-316
870,-315
871,-314
872,-314
873,-313
874,-313
875,-314
876,-313
877,-314
878,-313
879,-313
880,-312
881,-311
882,-309
883,-307
884,-306
885,-303
886,-301
887,-299
888,-297
889,-295
890,-294
891,-292
892,-291
893,-290
894,-288
895,-287
896,-285
897,-283
898,-280
899,-278
900,-276
901,-275
902,-274
903,-275
904,-274
905,-274
906,-273
907,-272
908,-271
909,-270
910,-269
911,-268
912,-267
913,-266
914,-263
915,-261
916,-260
917,-258
918,-258
919,-258
920,-257
921,-257
922,-255
923,-254
924,-252
925,-250
926,-249
927,-247
928,-245
929,-244
930,-244
931,-243
932,-243
933,-241
934,-241
935,-240
936,-240
937,-239
938,-238
939,-239
940,-242
941,-244
942,-247
943,-250
944,-250
945,-251
946,-251
947,-254
948,-255
949,-255
950,-255
951,-256
952,-259
953,-262
954,-264
955,-264
956,-265
957,-267
958,-271
959,-272
960,-272
961,-272
962,-274
963,-276
964,-275
965,-271
966,-268
967,-266
968,-263
969,-261
970,-258
971,-254
972,-252
973,-253
974,-256
975,-258
976,-257
977,-256
978,-258
979,-260
980,-262
981,-261
982,-260
983,-260
984,-262
985,-266
986,-269
987,-273
988,-277
989,-282
990,-286
991,-290
992,-294
993,-297
994,-300
995,-304
996,-308
997,-312
998,-316
999,-320
1000,-326
1001,-330
1002,-334
1003,-336
1004,-337
1005,-337
1006,-339
1007,-340
1008,-339
1009,-338
1010,-336
1011,-336
1012,-335
1013,-334
1014,-333
1015,-334
1016,-333
1017,-333
1018,-331
1019,-328
1020,-325
1021,-322
1022,-320
1023,-319
1024,-320
1025,-320
1026,-322
1027,-325
1028,-328
1029,-331
1030,-334
1031,-336
1032,-338
1033,-339
1034,-339
1035,-342
1036,-344
1037,-348
1038,-351
1039,-355
1040,-359
1041,-364
1042,-368
1043,-371
1044,-374
1045,-376
1046,-379
1047,-381
1048,-383
1049,-384
1050,-387
1051,-388
1052,-391
1053,-393
1054,-395
1055,-397
1056,-400
1057,-404
1058,-406
1059,-409
1060,-412
1061,-416
1062,-420
1063,-424
1064,-427
1065,-431
1066,-434
1067,-439
1068,-443
1069,-447
1070,-451
1071,-454
1072,-458
1073,-462
1074,-466
1075,-470
1076,-473
1077,-476
1078,-478
1079,-482
1080,-485
1081,-488
1082,-490
1083,-493
1084,-495
1085,-498
1086,-499
1087,-499
1088,-499
1089,-499
1090,-499
1091,-498
1092,-498
1093,-497
1094,-498
1095,-498
1096,-498
1097,-498
1098,-498
1099,-497
1100,-497
1101,-496
1102,-496
1103,-497
1104,-498
1105,-501
1106,-504
1107,-508
1108,-511
1109,-515
1110,-519
1111,-522
1112,-526
1113,-530
1114,-534
1115,-537
1116,-540
1117,-542
1118,-546
1119,-549
1120,-553
1121,-556
1122,-559
1123,-561
1124,-563
1125,-565
1126,-566
1127,-567
1128,-567
1129,-568
1130,-568
1131,-569
1132,-569
1133,-569
1134,-570
1135,-570
1136,-572
1137,-573
1138,-574
1139,-575
1140,-577
1141,-579
1142,-581
1143,-582
1144,-583
1145,-585
1146,-586
1147,-588
1148,-590
1149,-593
1150,-596
1151,-600
1152,-603
1153,-607
1154,-609
1155,-612
1156,-615
1157,-617
1158,-620
1159,-622
1160,-625
1161,-628
1162,-632
1163,-635
1164,-637
1165,-638
1166,-639
1167,-640
1168,-641
1169,-642
1170,-643
1171,-645
1172,-646
1173,-649
1174,-652
1175,-655
1176,-658
1177,-661
1178,-664
1179,-666
1180,-668
1181,-670
1182,-672
1183,-673
1184,-676
1185,-678
1186,-681
1187,-683
1188,-685
1189,-687
1190,-689
1191,-690
1192,-691
1193,-692
1194,-691
1195,-693
1196,-694
1197,-696
1198,-697
1199,-698
1200,-698
1201,-697
1202,-698
1203,-698
1204,-699
1205,-698
1206,-697
1207,-697
1208,-697
1209,-697
1210,-698
1211,-699
1212,-699
1213,-699
1214,-699
1215,-700
1216,-700
1217,-702
1218,-702
1219,-703
1220,-703
1221,-703
1222,-704
1223,-706
1224,-708
1225,-709
1226,-710
1227,-711
1228,-713
1229,-715
1230,-719
1231,-720
1232,-720
1233,-720
1234,-721
1235,-723
1236,-724
1237,-725
1238,-724
1239,-726
1240,-728
1241,-731
1242,-731
1243,-732
1244,-731
1245,-732
1246,-732
1247,-729
1248,-726
1249,-723
1250,-719
1251,-716
1252,-714
1253,-711
1254,-708
1255,-705
1256,-708
1257,-710
1258,-710
1259,-710
1260,-709
1261,-710
1262,-712
1263,-714
1264,-713
1265,-713
1266,-713
1267,-716
1268,-720
1269,-723
1270,-727
1271,-731
1272,-736
1273,-741
1274,-746
1275,-749
1276,-753
1277,-755
1278,-759
1279,-764
1280,-768
1281,-772
1282,-776
1283,-780
1284,-784
1285,-788
1286,-788
1287,-789
1288,-789
1289,-789
1290,-788
1291,-788
1292,-787
1293,-786
1294,-785
1295,-785
1296,-786
1297,-785
1298,-785
1299,-783
1300,-782
1301,-779
1302,-776
1303,-773
1304,-771
1305,-771
1306,-770
1307,-771
1308,-771
1309,-772
1310,-772
1311,-774
1312,-775
1313,-777
1314,-778
1315,-779
1316,-780
1317,-781
1318,-783
1319,-784
1320,-786
1321,-787
1322,-789
1323,-791
1324,-794
1325,-796
1326,-798
1327,-800
1328,-801
1329,-803
1330,-803
1331,-803
1332,-801
1333,-800
1334,-798
1335,-798
1336,-798
1337,-798
1338,-798
1339,-799
1340,-801
1341,-801
1342,-802
1343,-802
1344,-804
1345,-805
1346,-807
1347,-809
1348,-812
1349,-814
1350,-816
1351,-818
1352,-820
1353,-823
1354,-824
1355,-826
1356,-828
1357,-830
1358,-832
1359,-834
1360,-836
1361,-838
1362,-840
1363,-842
1364,-844
1365,-843
1366,-843
1367,-842
1368,-841
1369,-839
1370,-837
1371,-836
1372,-834
1373,-833
1374,-831
1375,-829
1376,-828
1377,-827
1378,-826
1379,-827
1380,-826
1381,-826
1382,-824
1383,-823
1384,-823
1385,-823
1386,-824
1387,-825
1388,-828
1389,-830
1390,-832
1391,-834
1392,-837
1393,-841
1394,-846
1395,-850
1396,-854
1397,-857
1398,-860
1399,-862
1400,-863
1401,-865
1402,-866
1403,-868
1404,-870
1405,-872
1406,-874
1407,-876
1408,-878
1409,-879
1410,-880
1411,-880
1412,-881
1413,-880
1414,-880
1415,-880
1416,-880
1417,-880
1418,-881
1419,-881
1420,-882
1421,-883
1422,-883
1423,-884
1424,-884
1425,-885
1426,-885
1427,-886
1428,-887
1429,-889
1430,-891
1431,-893
1432,-895
1433,-896
1434,-898
1435,-900
1436,-903
1437,-904
1438,-906
1439,-907
1440,-908
1441,-909
1442,-909
1443,-911
1444,-911
1445,-913
1446,-913
1447,-914
1448,-913
1449,-912
1450,-911
1451,-910
1452,-909
1453,-908
1454,-907
1455,-905
1456,-905
1457,-904
1458,-904
1459,-903
1460,-903
1461,-902
1462,-901
1463,-901
1464,-899
1465,-899
1466,-897
1467,-896
1468,-895
1469,-895
1470,-894
1471,-895
1472,-894
1473,-893
1474,-892
1475,-890
1476,-888
1477,-885
1478,-884
1479,-882
1480,-882
1481,-880
1482,-878
1483,-876
1484,-874
1485,-872
1486,-870
1487,-868
1488,-864
1489,-862
1490,-859
1491,-857
1492,-855
1493,-854
1494,-852
1495,-852
1496,-851
1497,-848
1498,-846
1499,-843
1500,-842
1501,-840
1502,-839
1503,-838
1504,-838
1505,-836
1506,-837
1507,-837
1508,-837
1509,-837
1510,-836
1511,-836
1512,-836
1513,-839
1514,-839
1515,-838
1516,-837
1517,-836
1518,-837
1519,-837
1520,-835
1521,-833
1522,-833
1523,-834
1524,-837
1525,-836
1526,-835
1527,-833
1528,-834
1529,-834
1530,-832
1531,-828
1532,-824
1533,-820
1534,-816
1535,-813
1536,-809
1537,-805
1538,-802
1539,-802
1540,-803
1541,-803
1542,-801
1543,-798
1544,-798
1545,-799
1546,-801
1547,-799
1548,-798
1549,-797
1550,-798
1551,-800
1552,-802
1553,-803
1554,-806
1555,-809
1556,-813
1557,-816
1558,-818
1559,-820
1560,-821
1561,-824
1562,-827
1563,-830
1564,-831
1565,-832
1566,-835
1567,-838
1568,-839
1569,-838
1570,-836
1571,-833
1572,-831
1573,-827
1574,-823
1575,-819
1576,-816
1577,-813
1578,-809
1579,-805
1580,-801
1581,-798
1582,-795
1583,-792
1584,-788
1585,-784
1586,-781
1587,-777
1588,-773
1589,-769
1590,-766
1591,-761
1592,-758
1593,-755
1594,-754
1595,-752
1596,-750
1597,-748
1598,-746
1599,-744
1600,-741
1601,-739
1602,-737
1603,-734
1604,-731
1605,-730
1606,-728
1607,-727
1608,-725
1609,-723
1610,-721
1611,-719
1612,-717
1613,-715
1614,-713
1615,-710
1616,-707
1617,-705
1618,-703
1619,-700
1620,-697
1621,-694
1622,-693
1623,-692
1624,-690
1625,-689
1626,-687
1627,-688
1628,-687
1629,-688
1630,-688
1631,-689
1632,-689
1633,-690
1634,-690
1635,-691
1636,-691
1637,-689
1638,-689
1639,-688
1640,-688
1641,-687
1642,-684
1643,-683
1644,-683
1645,-683
1646,-683
1647,-683
1648,-682
1649,-682
1650,-679
1651,-678
1652,-675
1653,-673
1654,-669
1655,-667
1656,-665
1657,-662
1658,-661
1659,-659
1660,-657
1661,-654
1662,-654
1663,-653
1664,-653
1665,-653
1666,-654
1667,-654
1668,-655
1669,-656
1670,-657
1671,-658
1672,-658
1673,-660
1674,-661
1675,-663
1676,-665
1677,-667
1678,-670
1679,-673
1680,-676
1681,-679
1682,-682
1683,-684
1684,-686
1685,-687
1686,-689
1687,-690
1688,-692
1689,-694
1690,-695
1691,-696
1692,-696
1693,-697
1694,-697
1695,-696
1696,-695
1697,-696
1698,-696
1699,-696
1700,-696
1701,-696
1702,-697
1703,-698
1704,-700
1705,-700
1706,-701
1707,-702
1708,-704
1709,-705
1710,-706
1711,-707
1712,-708
1713,-710
1714,-713
1715,-715
1716,-716
1717,-718
1718,-720
1719,-722
1720,-724
1721,-726
1722,-728
1723,-730
1724,-731
1725,-732
1726,-734
1727,-735
1728,-737
1729,-738
1730,-740
1731,-740
1732,-742
1733,-742
1734,-743
1735,-743
1736,-743
1737,-744
1738,-744
1739,-746
1740,-747
1741,-749
1742,-751
1743,-755
1744,-757
1745,-760
1746,-763
1747,-765
1748,-767
1749,-768
1750,-771
1751,-772
1752,-775
1753,-777
1754,-780
1755,-782
1756,-785
1757,-787
1758,-789
1759,-791
1760,-792
1761,-794
1762,-795
1763,-797
1764,-799
1765,-802
1766,-803
1767,-806
1768,-808
1769,-810
1770,-811
1771,-811
1772,-812
1773,-812
1774,-814
1775,-816
1776,-819
1777,-821
1778,-824
1779,-827
1780,-831
1781,-833
1782,-836
1783,-839
1784,-841
1785,-845
1786,-847
1787,-850
1788,-852
1789,-855
1790,-857
1791,-861
1792,-863
1793,-865
1794,-867
1795,-869
1796,-874
1797,-878
1798,-880
1799,-880
1800,-882
1801,-884
1802,-887
1803,-889
1804,-888
1805,-889
1806,-892
1807,-897
1808,-899
1809,-899
1810,-897
1811,-899
1812,-900
1813,-901
1814,-899
1815,-895
1816,-891
1817,-888
1818,-886
1819,-882
1820,-879
1821,-876
1822,-877
1823,-880
1824,-883
1825,-882
1826,-881
1827,-881
1828,-882
1829,-884
1830,-883
1831,-883
1832,-881
1833,-884
1834,-887
1835,-890
1836,-893
1837,-896
1838,-900
1839,-904
1840,-908
1841,-911
1842,-914
1843,-917
1844,-921
1845,-925
1846,-929
1847,-932
1848,-935
1849,-939
1850,-941
1851,-944
1852,-944
1853,-943
1854,-942
1855,-942
1856,-940
1857,-939
1858,-936
1859,-934
1860,-931
1861,-928
1862,-926
1863,-923
1864,-922
1865,-920
1866,-918
1867,-915
1868,-913
1869,-909
1870,-905
1871,-902
1872,-899
1873,-896
1874,-894
1875,-891
1876,-888
1877,-888
1878,-888
1879,-890
1880,-890
1881,-890
1882,-889
1883,-887
1884,-886
1885,-884
1886,-883
1887,-881
1888,-880
1889,-880
1890,-881
1891,-881
1892,-881
1893,-879
1894,-879
1895,-879
1896,-878
1897,-878
1898,-877
1899,-876
1900,-874
1901,-875
1902,-875
1903,-874
1904,-873
1905,-873
1906,-874
1907,-876
1908,-877
1909,-876
1910,-876
1911,-876
1912,-878
1913,-880
1914,-882
1915,-884
1916,-886
1917,-888
1918,-889
1919,-892
1920,-893
1921,-895
1922,-896
1923,-898
1924,-898
1925,-898
1926,-897
1927,-897
1928,-897
1929,-897
1930,-897
1931,-895
1932,-894
1933,-892
1934,-891
1935,-889
1936,-887
1937,-884
1938,-882
1939,-879
1940,-877
1941,-874
1942,-871
1943,-869
1944,-866
1945,-865
1946,-863
1947,-862
1948,-861
1949,-860
1950,-859
1951,-859
1952,-860
1953,-861
1954,-862
1955,-863
1956,-864
1957,-865
1958,-866
1959,-866
1960,-868
1961,-870
1962,-872
1963,-875
1964,-876
1965,-877
1966,-877
1967,-878
1968,-877
1969,-878
1970,-878
1971,-878
1972,-879
1973,-879
1974,-879
1975,-879
1976,-879
1977,-878
1978,-879
1979,-877
1980,-878
1981,-877
1982,-877
1983,-876
1984,-877
1985,-877
1986,-878
1987,-880
1988,-882
1989,-883
1990,-884
1991,-886
1992,-887
1993,-889
1994,-890
1995,-892
1996,-895
1997,-897
1998,-899
1999,-901
2000,-903
2001,-905
2002,-908
2003,-909
2004,-911
2005,-912
2006,-912
2007,-912
2008,-914
2009,-915
2010,-916
2011,-920
2012,-921
2013,-923
2014,-924
2015,-925
2016,-927
2017,-928
2018,-930
2019,-933
2020,-935
2021,-936
2022,-940
2023,-942
2024,-945
2025,-948
2026,-951
2027,-953
2028,-956
2029,-958
2030,-960
2031,-962
2032,-963
2033,-965
2034,-967
2035,-969
2036,-971
2037,-974
2038,-976
2039,-978
2040,-979
2041,-980
2042,-981
2043,-982
2044,-982
2045,-982
2046,-983
2047,-980
2048,-981
2049,-980
2050,-980
2051,-980
2052,-980
2053,-980
2054,-980
2055,-980
2056,-980
2057,-981
2058,-982
2059,-983
2060,-984
2061,-985
2062,-985
2063,-988
2064,-989
2065,-990
2066,-993
2067,-994
2068,-997
2069,-998
2070,-1000
2071,-1000
2072,-1001
2073,-1002
2074,-1003
2075,-1004
2076,-1006
2077,-1007
2078,-1008
2079,-1011
2080,-1015
2081,-1019
2082,-1020
2083,-1020
2084,-1021
2085,-1024
2086,-1027
2087,-1028
2088,-1027
2089,-1027
2090,-1030
2091,-1034
2092,-1037
2093,-1036
2094,-1036
2095,-1037
2096,-1039
2097,-1040
2098,-1038
2099,-1035
2100,-1033
2101,-1032
2102,-1030
2103,-1027
2104,-1023
2105,-1021
2106,-1021
2107,-1025
2108,-1028
2109,-1029
2110,-1029
2111,-1030
2112,-1033
2113,-1035
2114,-1037
2115,-1037
2116,-1039
2117,-1042
2118,-1046
2119,-1049
2120,-1053
2121,-1056
2122,-1061
2123,-1066
2124,-1070
2125,-1074
2126,-1077
2127,-1081
2128,-1085
2129,-1089
2130,-1094
2131,-1098
2132,-1102
2133,-1106
2134,-1110
2135,-1113
2136,-1116
2137,-1116
2138,-1117
2139,-1116
2140,-1116
2141,-1113
2142,-1111
2143,-1108
2144,-1105
2145,-1103
2146,-1101
2147,-1100
2148,-1098
2149,-1096
2150,-1094
2151,-1092
2152,-1089
2153,-1086
2154,-1083
2155,-1080
2156,-1077
2157,-1074
2158,-1072
2159,-1069
2160,-1067
2161,-1066
2162,-1066
2163,-1066
2164,-1067
2165,-1066
2166,-1064
2167,-1063
2168,-1061
2169,-1060
2170,-1057
2171,-1055
2172,-1053
2173,-1053
2174,-1052
2175,-1051
2176,-1049
2177,-1047
2178,-1045
2179,-1043
2180,-1041
2181,-1039
2182,-1037
2183,-1034
2184,-1033
2185,-1031
2186,-1029
2187,-1026
2188,-1024
2189,-1022
2190,-1021
2191,-1020
2192,-1017
2193,-1015
2194,-1013
2195,-1013
2196,-1012
2197,-1012
2198,-1012
2199,-1013
2200,-1013
2201,-1013
2202,-1014
2203,-1013
2204,-1014
2205,-1014
2206,-1014
2207,-1013
2208,-1012
2209,-1010
2210,-1008
2211,-1005
2212,-1002
2213,-1000
2214,-997
2215,-995
2216,-992
2217,-990
2218,-987
2219,-986
2220,-983
2221,-980
2222,-976
2223,-973
2224,-970
2225,-967
2226,-964
2227,-960
2228,-958
2229,-955
2230,-954
2231,-951
2232,-950
2233,-949
2234,-948
2235,-947
2236,-947
2237,-948
2238,-949
2239,-950
2240,-951
2241,-952
2242,-952
2243,-953
2244,-952
2245,-952
2246,-953
2247,-953
2248,-953
2249,-953
2250,-953
2251,-951
2252,-951
2253,-949
2254,-948
2255,-947
2256,-947
2257,-947
2258,-947
2259,-947
2260,-947
2261,-948
2262,-947
2263,-947
2264,-944
2265,-942
2266,-940
2267,-938
2268,-936
2269,-936
2270,-935
2271,-935
2272,-936
2273,-936
2274,-937
2275,-936
2276,-936
2277,-935
2278,-935
2279,-935
2280,-936
2281,-938
2282,-939
2283,-940
2284,-940
2285,-940
2286,-938
2287,-937
2288,-935
2289,-934
2290,-931
2291,-929
2292,-927
2293,-925
2294,-925
2295,-925
2296,-925
2297,-924
2298,-924
2299,-921
2300,-920
2301,-919
2302,-918
2303,-916
2304,-914
2305,-912
2306,-911
2307,-910
2308,-908
2309,-908
2310,-907
2311,-907
2312,-907
2313,-907
2314,-907
2315,-906
2316,-905
2317,-904
2318,-904
2319,-902
2320,-902
2321,-901
2322,-901
2323,-899
2324,-898
2325,-896
2326,-894
2327,-892
2328,-889
2329,-886
2330,-883
2331,-881
2332,-879
2333,-877
2334,-874
2335,-872
2336,-869
2337,-867
2338,-865
2339,-863
2340,-862
2341,-861
2342,-860
2343,-859
2344,-859
2345,-858
2346,-859
2347,-859
2348,-859
2349,-859
2350,-858
2351,-859
2352,-859
2353,-860
2354,-860
2355,-861
2356,-862
2357,-863
2358,-864
2359,-865
2360,-865
2361,-865
2362,-864
2363,-864
2364,-867
2365,-867
2366,-868
2367,-867
2368,-867
2369,-868
2370,-869
2371,-869
2372,-868
2373,-868
2374,-870
2375,-875
2376,-877
2377,-879
2378,-879
2379,-881
2380,-882
2381,-884
2382,-881
2383,-878
2384,-877
2385,-875
2386,-873
2387,-870
2388,-866
2389,-863
2390,-864
2391,-867
2392,-869
2393,-868
2394,-867
2395,-867
2396,-870
2397,-873
2398,-873
2399,-874
2400,-875
2401,-878
2402,-880
2403,-883
2404,-886
2405,-890
2406,-895
2407,-899
2408,-903
2409,-906
2410,-910
2411,-914
2412,-917
2413,-921
2414,-925
2415,-929
2416,-933
2417,-937
2418,-941
2419,-945
2420,-948
2421,-949
2422,-949
2423,-949
2424,-948
2425,-946
2426,-943
2427,-940
2428,-937
2429,-935
2430,-934
2431,-933
2432,-933
2433,-931
2434,-932
2435,-931
2436,-931
2437,-929
2438,-928
2439,-926
2440,-924
2441,-923
2442,-921
2443,-919
2444,-916
2445,-916
2446,-916
2447,-919
2448,-921
2449,-922
2450,-921
2451,-921
2452,-922
2453,-922
2454,-922
2455,-921
2456,-923
2457,-924
2458,-926
2459,-927
2460,-928
2461,-928
2462,-928
2463,-928
2464,-926
2465,-926
2466,-925
2467,-925
2468,-926
2469,-928
2470,-929
2471,-931
2472,-933
2473,-936
2474,-939
2475,-942
2476,-945
2477,-947
2478,-950
2479,-953
2480,-956
2481,-960
2482,-964
2483,-967
2484,-970
2485,-974
2486,-978
2487,-981
2488,-983
2489,-987
2490,-990
2491,-994
2492,-996
2493,-999
2494,-1000
2495,-1003
2496,-1005
2497,-1007
2498,-1009
2499,-1009
2500,-1010
2501,-1010
2502,-1010
2503,-1009
2504,-1010
2505,-1010
2506,-1011
2507,-1011
2508,-1011
2509,-1011
2510,-1010
2511,-1010
2512,-1010
2513,-1012
2514,-1012
2515,-1013
2516,-1013
2517,-1014
2518,-1015
2519,-1017
2520,-1018
2521,-1020
2522,-1023
2523,-1025
2524,-1028
2525,-1029
2526,-1031
2527,-1033
2528,-1036
2529,-1038
2530,-1040
2531,-1042
2532,-1042
2533,-1043
2534,-1043
2535,-1045
2536,-1045
2537,-1045
2538,-1045
2539,-1045
2540,-1044
2541,-1044
2542,-1044
2543,-1043
2544,-1044
2545,-1044
2546,-1045
2547,-1045
2548,-1046
2549,-1046
2550,-1046
2551,-1046
2552,-1047
2553,-1047
2554,-1048
2555,-1049
2556,-1050
2557,-1052
2558,-1052
2559,-1054
2560,-1054
2561,-1055
2562,-1057
2563,-1059
2564,-1060
2565,-1061
2566,-1062
2567,-1062
2568,-1062
2569,-1062
2570,-1062
2571,-1061
2572,-1061
2573,-1059
2574,-1059
2575,-1057
2576,-1056
2577,-1056
2578,-1056
2579,-1057
2580,-1056
2581,-1056
2582,-1055
2583,-1055
2584,-1054
2585,-1054
2586,-1055
2587,-1056
2588,-1056
2589,-1057
2590,-1059
2591,-1059
2592,-1061
2593,-1061
2594,-1062
2595,-1063
2596,-1064
2597,-1065
2598,-1066
2599,-1067
2600,-1067
2601,-1068
2602,-1068
2603,-1069
2604,-1069
2605,-1070
2606,-1068
2607,-1068
2608,-1066
2609,-1066
2610,-1065
2611,-1063
2612,-1063
2613,-1062
2614,-1061
2615,-1059
2616,-1058
2617,-1057
2618,-1057
2619,-1056
2620,-1055
2621,-1054
2622,-1054
2623,-1054
2624,-1054
2625,-1054
2626,-1053
2627,-1054
2628,-1053
2629,-1053
2630,-1053
2631,-1053
2632,-1054
2633,-1054
2634,-1055
2635,-1056
2636,-1057
2637,-1058
2638,-1058
2639,-1058
2640,-1059
2641,-1057
2642,-1056
2643,-1055
2644,-1054
2645,-1054
2646,-1053
2647,-1053
2648,-1052
2649,-1052
2650,-1053
2651,-1054
2652,-1052
2653,-1050
2654,-1050
2655,-1052
2656,-1053
2657,-1052
2658,-1051
2659,-1051
2660,-1054
2661,-1055
2662,-1056
2663,-1053
2664,-1052
2665,-1052
2666,-1051
2667,-1049
2668,-1046
2669,-1043
2670,-1040
2671,-1037
2672,-1033
2673,-1029
2674,-1025
2675,-1021
2676,-1018
2677,-1019
2678,-1018
2679,-1015
2680,-1013
2681,-1013
2682,-1015
2683,-1015
2684,-1015
2685,-1014
2686,-1015
2687,-1017
2688,-1020
2689,-1021
2690,-1022
2691,-1025
2692,-1028
2693,-1033
2694,-1036
2695,-1038
2696,-1040
2697,-1043
2698,-1047
2699,-1051
2700,-1055
2701,-1060
2702,-1064
2703,-1067
2704,-1071
2705,-1074
2706,-1076
2707,-1076
2708,-1077
2709,-1077
2710,-1075
2711,-1073
2712,-1071
2713,-1068
2714,-1065
2715,-1064
2716,-1063
2717,-1063
2718,-1061
2719,-1061
2720,-1060
2721,-1060
2722,-1059
2723,-1057
2724,-1056
2725,-1055
2726,-1055
2727,-1054
2728,-1053
2729,-1052
2730,-1052
2731,-1052
2732,-1055
2733,-1056
2734,-1058
2735,-1059
2736,-1059
2737,-1061
2738,-1062
2739,-1064
2740,-1064
2741,-1066
2742,-1067
2743,-1068
2744,-1070
2745,-1070
2746,-1069
2747,-1069
2748,-1069
2749,-1068
2750,-1067
2751,-1065
2752,-1065
2753,-1064
2754,-1066
2755,-1067
2756,-1068
2757,-1069
2758,-1071
2759,-1074
2760,-1077
2761,-1080
2762,-1081
2763,-1084
2764,-1087
2765,-1091
2766,-1094
2767,-1098
2768,-1102
2769,-1105
2770,-1108
2771,-1110
2772,-1113
2773,-1115
2774,-1119
2775,-1122
2776,-1126
2777,-1128
2778,-1132
2779,-1133
2780,-1134
2781,-1135
2782,-1134
2783,-1135
2784,-1134
2785,-1133
2786,-1132
2787,-1131
2788,-1129
2789,-1129
2790,-1128
2791,-1127
2792,-1126
2793,-1125
2794,-1125
2795,-1124
2796,-1124
2797,-1124
2798,-1126
2799,-1127
2800,-1130
2801,-1131
2802,-1133
2803,-1134
2804,-1135
2805,-1137
2806,-1139
2807,-1142
2808,-1144
2809,-1147
2810,-1149
2811,-1152
2812,-1154
2813,-1157
2814,-1159
2815,-1161
2816,-1162
2817,-1164
2818,-1166
2819,-1166
2820,-1168
2821,-1169
2822,-1171
2823,-1172
2824,-1173
2825,-1174
2826,-1175
2827,-1175
2828,-1175
2829,-1177
2830,-1178
2831,-1181
2832,-1183
2833,-1186
2834,-1189
2835,-1191
2836,-1193
2837,-1195
2838,-1197
2839,-1199
2840,-1201
2841,-1202
2842,-1205
2843,-1207
2844,-1210
2845,-1212
2846,-1215
2847,-1218
2848,-1220
2849,-1223
2850,-1225
2851,-1228
2852,-1230
2853,-1233
2854,-1235
2855,-1237
2856,-1238
2857,-1239
2858,-1239
2859,-1240
2860,-1240
2861,-1240
2862,-1240
2863,-1239
2864,-1239
2865,-1238
2866,-1240
2867,-1240
2868,-1241
2869,-1242
2870,-1243
2871,-1244
2872,-1246
2873,-1247
2874,-1248
2875,-1250
2876,-1250
2877,-1252
2878,-1252
2879,-1254
2880,-1254
2881,-1255
2882,-1255
2883,-1255
2884,-1256
2885,-1255
2886,-1254
2887,-1253
2888,-1253
2889,-1253
2890,-1253
2891,-1251
2892,-1251
2893,-1250
2894,-1248
2895,-1246
2896,-1243
2897,-1241
2898,-1238
2899,-1236
2900,-1233
2901,-1230
2902,-1226
2903,-1222
2904,-1219
2905,-1216
2906,-1214
2907,-1212
2908,-1210
2909,-1208
2910,-1207
2911,-1204
2912,-1203
2913,-1200
2914,-1198
2915,-1196
2916,-1195
2917,-1194
2918,-1193
2919,-1192
2920,-1190
2921,-1188
2922,-1185
2923,-1183
2924,-1180
2925,-1177
2926,-1174
2927,-1172
2928,-1170
2929,-1168
2930,-1167
2931,-1164
2932,-1163
2933,-1160
2934,-1157
2935,-1154
2936,-1152
2937,-1151
2938,-1149
2939,-1145
2940,-1143
2941,-1143
2942,-1143
2943,-1142
2944,-1138
2945,-1136
2946,-1136
2947,-1138
2948,-1137
2949,-1134
2950,-1132
2951,-1132
2952,-1133
2953,-1131
2954,-1128
2955,-1124
2956,-1121
2957,-1118
2958,-1114
2959,-1110
2960,-1106
2961,-1102
2962,-1099
2963,-1097
2964,-1095
2965,-1093
2966,-1090
2967,-1089
2968,-1088
2969,-1088
2970,-1086
2971,-1086
2972,-1085
2973,-1086
2974,-1088
2975,-1089
2976,-1090
2977,-1092
2978,-1095
2979,-1097
2980,-1100
2981,-1100
2982,-1100
2983,-1101
2984,-1104
2985,-1107
2986,-1109
2987,-1112
2988,-1114
2989,-1117
2990,-1121
2991,-1122
2992,-1121
2993,-1119
2994,-1117
2995,-1115
2996,-1112
2997,-1109
2998,-1106
2999,-1102
3000,-1098
3001,-1094
3002,-1091
3003,-1087
3004,-1084
3005,-1081
3006,-1078
3007,-1075
3008,-1072
3009,-1068
3010,-1065
3011,-1063
3012,-1061
3013,-1058
3014,-1054
3015,-1051
3016,-1047
3017,-1044
3018,-1041
3019,-1038
3020,-1036
3021,-1033
3022,-1029
3023,-1026
3024,-1023
3025,-1020
3026,-1017
3027,-1013
3028,-1011
3029,-1008
3030,-1005
3031,-1002
3032,-999
3033,-997
3034,-994
3035,-991
3036,-987
3037,-983
3038,-979
3039,-975
3040,-972
3041,-970
3042,-968
3043,-965
3044,-965
3045,-965
3046,-966
3047,-967
3048,-967
3049,-967
3050,-969
3051,-969
3052,-971
3053,-972
3054,-973
3055,-975
3056,-975
3057,-976
3058,-976
3059,-977
3060,-977
3061,-978
3062,-979
3063,-979
3064,-978
3065,-978
3066,-978
3067,-978
3068,-978
3069,-977
3070,-976
3071,-974
3072,-973
3073,-971
3074,-969
3075,-967
3076,-965
3077,-963
3078,-961
3079,-960
3080,-959
3081,-960
3082,-959
3083,-960
3084,-961
3085,-962
3086,-963
3087,-966
3088,-968
3089,-971
3090,-974
3091,-976
3092,-980
3093,-982
3094,-985
3095,-987
3096,-990
3097,-991
3098,-993
3099,-995
3100,-997
3101,-999
3102,-1001
3103,-1002
3104,-1003
3105,-1005
3106,-1007
3107,-1008
3108,-1009
3109,-1011
3110,-1013
3111,-1014
3112,-1014
3113,-1014
3114,-1015
3115,-1016
3116,-1020
3117,-1022
3118,-1025
3119,-1028
3120,-1031
3121,-1034
3122,-1037
3123,-1040
3124,-1042
3125,-1044
3126,-1048
3127,-1053
3128,-1057
3129,-1060
3130,-1063
3131,-1066
3132,-1069
3133,-1072
3134,-1075
3135,-1075
3136,-1078
3137,-1080
3138,-1081
3139,-1083
3140,-1086
3141,-1088
3142,-1090
3143,-1091
3144,-1091
3145,-1091
3146,-1091
3147,-1092
3148,-1091
3149,-1093
3150,-1094
3151,-1097
3152,-1100
3153,-1102
3154,-1104
3155,-1107
3156,-1110
3157,-1111
3158,-1113
3159,-1115
3160,-1117
3161,-1120
3162,-1124
3163,-1127
3164,-1131
3165,-1133
3166,-1135
3167,-1138
3168,-1138
3169,-1139
3170,-1141
3171,-1143
3172,-1145
3173,-1148
3174,-1151
3175,-1154
3176,-1155
3177,-1157
3178,-1159
3179,-1159
3180,-1159
3181,-1159
3182,-1161
3183,-1161
3184,-1162
3185,-1164
3186,-1166
3187,-1167
3188,-1169
3189,-1171
3190,-1171
3191,-1174
3192,-1176
3193,-1179
3194,-1180
3195,-1184
3196,-1187
3197,-1190
3198,-1193
3199,-1197
3200,-1201
3201,-1203
3202,-1205
3203,-1209
3204,-1212
3205,-1215
3206,-1217
3207,-1219
3208,-1223
3209,-1225
3210,-1227
3211,-1228
3212,-1230
3213,-1233
3214,-1233
3215,-1236
3216,-1238
3217,-1240
3218,-1242
3219,-1244
3220,-1245
3221,-1246
3222,-1248
3223,-1248
3224,-1249
3225,-1252
3226,-1255
3227,-1259
3228,-1262
3229,-1262
3230,-1264
3231,-1267
3232,-1269
3233,-1268
3234,-1269
3235,-1272
3236,-1275
3237,-1279
3238,-1282
3239,-1283
3240,-1285
3241,-1288
3242,-1289
3243,-1289
3244,-1287
3245,-1286
3246,-1286
3247,-1284
3248,-1281
3249,-1277
3250,-1274
3251,-1270
3252,-1269
3253,-1270
3254,-1270
3255,-1268
3256,-1267
3257,-1268
3258,-1271
3259,-1271
3260,-1271
3261,-1273
3262,-1275
3263,-1279
3264,-1281
3265,-1283
3266,-1285
3267,-1288
3268,-1291
3269,-1293
3270,-1296
3271,-1298
3272,-1300
3273,-1302
3274,-1305
3275,-1307
3276,-1308
3277,-1308
3278,-1312
3279,-1314
3280,-1317
3281,-1316
3282,-1314
3283,-1317
3284,-1316
3285,-1314
3286,-1311
3287,-1308
3288,-1305
3289,-1301
3290,-1298
3291,-1295
3292,-1291
3293,-1288
3294,-1286
3295,-1284
3296,-1283
3297,-1279
3298,-1277
3299,-1277
3300,-1277
3301,-1275
3302,-1276
3303,-1274
3304,-1271
3305,-1273
3306,-1273
3307,-1271
3308,-1270
3309,-1270
3310,-1267
3311,-1265
3312,-1261
3313,-1257
3314,-1256
3315,-1253
3316,-1249
3317,-1247
3318,-1246
3319,-1241
3320,-1240
3321,-1237
3322,-1235
3323,-1233
3324,-1231
3325,-1227
3326,-1224
3327,-1222
3328,-1221
3329,-1220
3330,-1216
3331,-1214
3332,-1214
3333,-1214
3334,-1212
3335,-1212
3336,-1214
3337,-1214
3338,-1214
3339,-1216
3340,-1219
3341,-1222
3342,-1226
3343,-1227
3344,-1228
3345,-1228
3346,-1231
3347,-1231
3348,-1231
3349,-1231
3350,-1231
3351,-1232
3352,-1231
3353,-1229
3354,-1225
3355,-1224
3356,-1220
3357,-1219
3358,-1218
3359,-1214
3360,-1213
3361,-1214
3362,-1214
3363,-1214
3364,-1213
3365,-1211
3366,-1212
3367,-1211
3368,-1208
3369,-1207
3370,-1207
3371,-1205
3372,-1205
3373,-1207
3374,-1206
3375,-1205
3376,-1206
3377,-1208
3378,-1208
3379,-1206
3380,-1204
3381,-1206
3382,-1206
3383,-1206
3384,-1209
3385,-1209
3386,-1208
3387,-1206
3388,-1209
3389,-1207
3390,-1203
3391,-1199
3392,-1197
3393,-1197
3394,-1196
3395,-1194
3396,-1193
3397,-1192
3398,-1190
3399,-1192
3400,-1191
3401,-1192
3402,-1192
3403,-1192
3404,-1193
3405,-1197
3406,-1199
3407,-1201
3408,-1203
3409,-1204
3410,-1207
3411,-1207
3412,-1211
3413,-1214
3414,-1216
3415,-1218
3416,-1218
3417,-1218
3418,-1221
3419,-1221
3420,-1223
3421,-1226
3422,-1225
3423,-1225
3424,-1226
3425,-1227
3426,-1228
3427,-1229
3428,-1228
3429,-1231
3430,-1231
3431,-1230
3432,-1234
3433,-1235
3434,-1237
3435,-1238
3436,-1239
3437,-1243
3438,-1244
3439,-1243
3440,-1246
3441,-1248
3442,-1249
3443,-1253
3444,-1255
3445,-1258
3446,-1262
3447,-1266
3448,-1269
3449,-1272
3450,-1274
3451,-1279
3452,-1283
3453,-1282
3454,-1283
3455,-1286
3456,-1290
3457,-1293
3458,-1295
3459,-1296
3460,-1298
3461,-1298
3462,-1299
3463,-1302
3464,-1301
3465,-1304
3466,-1303
3467,-1301
3468,-1304
3469,-1308
3470,-1309
3471,-1311
3472,-1311
3473,-1314
3474,-1315
3475,-1316
3476,-1318
3477,-1316
3478,-1318
3479,-1320
3480,-1321
3481,-1324
3482,-1327
3483,-1330
3484,-1334
3485,-1333
3486,-1332
3487,-1335
3488,-1339
3489,-1343
3490,-1344
3491,-1345
3492,-1347
3493,-1350
3494,-1352
3495,-1352
3496,-1353
3497,-1354
3498,-1356
3499,-1355
3500,-1354
3501,-1355
3502,-1357
3503,-1358
3504,-1361
3505,-1360
3506,-1361
3507,-1363
3508,-1363
3509,-1366
3510,-1365
3511,-1367
3512,-1370
3513,-1371
3514,-1373
3515,-1376
3516,-1378
3517,-1379
3518,-1380
3519,-1384
3520,-1387
3521,-1385
3522,-1388
3523,-1389
3524,-1391
3525,-1394
3526,-1395
3527,-1394
3528,-1398
3529,-1402
3530,-1405
3531,-1404
3532,-1404
3533,-1406
3534,-1410
3535,-1412
3536,-1409
3537,-1409
3538,-1409
3539,-1409
3540,-1407
3541,-1403
3542,-1400
3543,-1398
3544,-1396
3545,-1394
3546,-1395
3547,-1396
3548,-1396
3549,-1395
3550,-1399
3551,-1400
3552,-1403
3553,-1406
3554,-1405
3555,-1408
3556,-1412
3557,-1415
3558,-1418
3559,-1421
3560,-1425
3561,-1429
3562,-1431
3563,-1430
3564,-1433
3565,-1437
3566,-1437
3567,-1440
3568,-1444
3569,-1444
3570,-1446
3571,-1450
3572,-1453
3573,-1455
3574,-1457
3575,-1460
3576,-1461
3577,-1457
3578,-1456
3579,-1457
3580,-1454
3581,-1451
3582,-1447
3583,-1445
3584,-1443
3585,-1442
3586,-1439
3587,-1436
3588,-1434
3589,-1433
3590,-1433
3591,-1431
3592,-1432
3593,-1430
3594,-1429
3595,-1428
3596,-1429
3597,-1429
3598,-1427
3599,-1422
3600,-1422
3601,-1423
3602,-1419
3603,-1415
3604,-1411
3605,-1407
3606,-1403
3607,-1401
3608,-1397
3609,-1393
3610,-1390
3611,-1388
3612,-1385
3613,-1382
3614,-1381
3615,-1377
3616,-1373
3617,-1369
3618,-1366
3619,-1362
3620,-1361
3621,-1360
3622,-1356
3623,-1356
3624,-1356
3625,-1353
3626,-1349
3627,-1347
3628,-1343
3629,-1340
3630,-1337
3631,-1336
3632,-1334
3633,-1333
3634,-1332
3635,-1330
3636,-1331
3637,-1329
3638,-1327
3639,-1324
3640,-1322
3641,-1319
3642,-1316
3643,-1312
3644,-1310
3645,-1306
3646,-1302
3647,-1300
3648,-1296
3649,-1293
3650,-1290
3651,-1287
3652,-1283
3653,-1279
3654,-1277
3655,-1277
3656,-1276
3657,-1274
3658,-1271
3659,-1269
3660,-1272
3661,-1270
3662,-1270
3663,-1267
3664,-1264
3665,-1264
3666,-1264
3667,-1261
3668,-1259
3669,-1259
3670,-1258
3671,-1257
3672,-1255
3673,-1255
3674,-1253
3675,-1252
3676,-1250
3677,-1249
3678,-1247
3679,-1244
3680,-1241
3681,-1240
3682,-1239
3683,-1236
3684,-1236
3685,-1233
3686,-1229
3687,-1226
3688,-1225
3689,-1222
3690,-1221
3691,-1220
3692,-1218
3693,-1217
3694,-1217
3695,-1219
3696,-1218
3697,-1219
3698,-1221
3699,-1222
3700,-1222
3701,-1223
3702,-1223
3703,-1225
3704,-1226
3705,-1226
3706,-1228
3707,-1227
3708,-1224
3709,-1221
3710,-1221
3711,-1218
3712,-1214
3713,-1213
3714,-1213
3715,-1214
3716,-1214
3717,-1213
3718,-1209
3719,-1208
3720,-1207
3721,-1208
3722,-1207
3723,-1205
3724,-1205
3725,-1208
3726,-1208
3727,-1206
3728,-1208
3729,-1207
3730,-1207
3731,-1208
3732,-1209
3733,-1208
3734,-1207
3735,-1207
3736,-1204
3737,-1202
3738,-1203
3739,-1203
3740,-1201
3741,-1202
3742,-1202
3743,-1202
3744,-1201
3745,-1200
3746,-1199
3747,-1196
3748,-1194
3749,-1192
3750,-1190
3751,-1187
3752,-1186
3753,-1184
3754,-1182
3755,-1181
3756,-1181
3757,-1180
3758,-1179
3759,-1177
3760,-1174
3761,-1176
3762,-1177
3763,-1175
3764,-1173
3765,-1175
3766,-1177
3767,-1179
3768,-1178
3769,-1176
3770,-1176
3771,-1176
3772,-1177
3773,-1177
3774,-1175
3775,-1172
3776,-1172
3777,-1171
3778,-1170
3779,-1169
3780,-1167
3781,-1166
3782,-1168
3783,-1166
3784,-1164
3785,-1168
3786,-1166
3787,-1166
3788,-1166
3789,-1167
3790,-1165
3791,-1163
3792,-1166
3793,-1166
3794,-1162
3795,-1161
3796,-1162
3797,-1161
3798,-1160
3799,-1160
3800,-1161
3801,-1159
3802,-1158
3803,-1160
3804,-1162
3805,-1164
3806,-1165
3807,-1164
3808,-1163
3809,-1165
3810,-1167
3811,-1169
3812,-1167
3813,-1167
3814,-1171
3815,-1171
3816,-1170
3817,-1170
3818,-1173
3819,-1176
3820,-1178
3821,-1178
3822,-1179
3823,-1182
3824,-1186
3825,-1188
3826,-1188
3827,-1190
3828,-1193
3829,-1197
3830,-1198
3831,-1199
3832,-1200
3833,-1203
3834,-1206
3835,-1207
3836,-1205
3837,-1204
3838,-1204
3839,-1201
3840,-1198
3841,-1195
3842,-1191
3843,-1188
3844,-1189
3845,-1189
3846,-1189
3847,-1187
3848,-1185
3849,-1187
3850,-1191
3851,-1192
3852,-1190
3853,-1192
3854,-1195
3855,-1198
3856,-1201
3857,-1204
3858,-1208
3859,-1212
3860,-1217
3861,-1221
3862,-1222
3863,-1223
3864,-1227
3865,-1230
3866,-1234
3867,-1236
3868,-1238
3869,-1239
3870,-1242
3871,-1246
3872,-1247
3873,-1250
3874,-1252
3875,-1256
3876,-1258
3877,-1259
3878,-1259
3879,-1260
3880,-1260
3881,-1259
3882,-1258
3883,-1256
3884,-1255
3885,-1255
3886,-1255
3887,-1254
3888,-1256
3889,-1256
3890,-1257
3891,-1259
3892,-1261
3893,-1263
3894,-1266
3895,-1268
3896,-1271
3897,-1274
3898,-1274
3899,-1274
3900,-1274
3901,-1276
3902,-1277
3903,-1277
3904,-1275
3905,-1272
3906,-1269
3907,-1266
3908,-1264
3909,-1263
3910,-1262
3911,-1259
3912,-1258
3913,-1257
3914,-1258
3915,-1259
3916,-1260
3917,-1262
3918,-1262
3919,-1262
3920,-1262
3921,-1265
3922,-1267
3923,-1269
3924,-1270
3925,-1273
3926,-1275
3927,-1278
3928,-1280
3929,-1283
3930,-1287
3931,-1289
3932,-1292
3933,-1295
3934,-1299
3935,-1302
3936,-1305
3937,-1309
3938,-1312
3939,-1315
3940,-1318
3941,-1320
3942,-1321
3943,-1325
3944,-1327
3945,-1329
3946,-1328
3947,-1329
3948,-1330
3949,-1330
3950,-1332
3951,-1333
3952,-1332
3953,-1333
3954,-1335
3955,-1335
3956,-1336
3957,-1337
3958,-1341
3959,-1344
3960,-1346
3961,-1348
3962,-1352
3963,-1356
3964,-1358
3965,-1359
3966,-1358
3967,-1359
3968,-1360
3969,-1361
3970,-1360
3971,-1358
3972,-1357
3973,-1356
3974,-1355
3975,-1354
3976,-1352
3977,-1349
3978,-1348
3979,-1346
3980,-1346
3981,-1343
3982,-1342
3983,-1342
3984,-1341
3985,-1341
3986,-1342
3987,-1343
3988,-1341
3989,-1341
3990,-1342
3991,-1344
3992,-1343
3993,-1342
3994,-1342
3995,-1344
3996,-1344
3997,-1345
3998,-1347
3999,-1349
4000,-1353
4001,-1355
4002,-1357
4003,-1358
4004,-1359
4005,-1361
4006,-1364
4007,-1363
4008,-1361
4009,-1362
4010,-1364
4011,-1365
4012,-1363
4013,-1362
4014,-1360
4015,-1361
4016,-1362
4017,-1363
4018,-1360
4019,-1357
4020,-1359
4021,-1361
4022,-1362
4023,-1362
4024,-1364
4025,-1365
4026,-1367
4027,-1369
4028,-1372
4029,-1374
4030,-1374
4031,-1374
4032,-1375
4033,-1376
4034,-1378
4035,-1378
4036,-1375
4037,-1374
4038,-1374
4039,-1376
4040,-1375
4041,-1374
4042,-1375
4043,-1373
4044,-1374
4045,-1375
4046,-1375
4047,-1375
4048,-1374
4049,-1372
4050,-1371
4051,-1369
4052,-1367
4053,-1367
4054,-1367
4055,-1369
4056,-1369
4057,-1370
4058,-1369
4059,-1368
4060,-1368
4061,-1368
4062,-1367
4063,-1369
4064,-1369
4065,-1369
4066,-1373
4067,-1374
4068,-1377
4069,-1377
4070,-1377
4071,-1376
4072,-1375
4073,-1375
4074,-1375
4075,-1374
4076,-1372
4077,-1369
4078,-1368
4079,-1370
4080,-1367
4081,-1367
4082,-1364
4083,-1361
4084,-1361
4085,-1359
4086,-1356
4087,-1355
4088,-1355
4089,-1356
4090,-1357
4091,-1356
4092,-1357
4093,-1358
4094,-1358
4095,-1356
4096,-1355
4097,-1356
4098,-1357
4099,-1357
4100,-1356
4101,-1356
4102,-1356
4103,-1356
4104,-1356
4105,-1357
4106,-1358
4107,-1360
4108,-1359
4109,-1358
4110,-1358
4111,-1359
4112,-1359
4113,-1357
4114,-1358
4115,-1357
4116,-1358
4117,-1358
4118,-1361
4119,-1362
4120,-1362
4121,-1362
4122,-1362
4123,-1362
4124,-1361
4125,-1361
4126,-1361
4127,-1364
4128,-1368
4129,-1372
4130,-1371
4131,-1373
4132,-1376
4133,-1378
4134,-1380
4135,-1378
4136,-1378
4137,-1382
4138,-1386
4139,-1387
4140,-1387
4141,-1389
4142,-1392
4143,-1391
4144,-1390
4145,-1388
4146,-1385
4147,-1383
4148,-1379
4149,-1376
4150,-1371
4151,-1369
4152,-1368
4153,-1367
4154,-1368
4155,-1368
4156,-1368
4157,-1371
4158,-1375
4159,-1378
4160,-1381
4161,-1384
4162,-1388
4163,-1392
4164,-1396
4165,-1399
4166,-1402
4167,-1406
4168,-1410
4169,-1414
4170,-1417
4171,-1419
4172,-1421
4173,-1424
4174,-1428
4175,-1431
4176,-1432
4177,-1433
4178,-1436
4179,-1441
4180,-1445
4181,-1447
4182,-1450
4183,-1453
4184,-1457
4185,-1458
4186,-1458
4187,-1459
4188,-1460
4189,-1459
4190,-1459
4191,-1458
4192,-1456
4193,-1458
4194,-1458
4195,-1459
4196,-1459
4197,-1459
4198,-1460
4199,-1461
4200,-1461
4201,-1460
4202,-1461
4203,-1463
4204,-1464
4205,-1463
4206,-1465
4207,-1465
4208,-1467
4209,-1467
4210,-1466
4211,-1464
4212,-1461
4213,-1458
4214,-1454
4215,-1451
4216,-1448
4217,-1445
4218,-1442
4219,-1440
4220,-1438
4221,-1436
4222,-1436
4223,-1435
4224,-1435
4225,-1436
4226,-1438
4227,-1439
4228,-1441
4229,-1443
4230,-1447
4231,-1449
4232,-1453
4233,-1456
4234,-1460
4235,-1461
4236,-1462
4237,-1464
4238,-1464
4239,-1466
4240,-1469
4241,-1471
4242,-1471
4243,-1473
4244,-1475
4245,-1477
4246,-1478
4247,-1480
4248,-1481
4249,-1481
4250,-1482
4251,-1482
4252,-1484
4253,-1486
4254,-1489
4255,-1490
4256,-1490
4257,-1491
4258,-1492
4259,-1492
4260,-1492
4261,-1494
4262,-1495
4263,-1499
4264,-1501
4265,-1504
4266,-1507
4267,-1509
4268,-1511
4269,-1514
4270,-1517
4271,-1519
4272,-1521
4273,-1521
4274,-1522
4275,-1524
4276,-1526
4277,-1526
4278,-1526
4279,-1525
4280,-1524
4281,-1524
4282,-1524
4283,-1524
4284,-1522
4285,-1521
4286,-1519
4287,-1520
4288,-1519
4289,-1518
4290,-1519
4291,-1520
4292,-1522
4293,-1525
4294,-1528
4295,-1528
4296,-1530
4297,-1533
4298,-1536
4299,-1537
4300,-1541
4301,-1542
4302,-1544
4303,-1545
4304,-1545
4305,-1548
4306,-1548
4307,-1549
4308,-1550
4309,-1550
4310,-1550
4311,-1550
4312,-1549
4313,-1549
4314,-1547
4315,-1546
4316,-1547
4317,-1544
4318,-1542
4319,-1541
4320,-1539
4321,-1536
4322,-1534
4323,-1531
4324,-1531
4325,-1531
4326,-1529
4327,-1527
4328,-1529
4329,-1530
4330,-1528
4331,-1528
4332,-1527
4333,-1527
4334,-1528
4335,-1528
4336,-1527
4337,-1527
4338,-1528
4339,-1527
4340,-1527
4341,-1526
4342,-1523
4343,-1520
4344,-1517
4345,-1514
4346,-1511
4347,-1507
4348,-1505
4349,-1502
4350,-1499
4351,-1496
4352,-1493
4353,-1492
4354,-1489
4355,-1486
4356,-1484
4357,-1480
4358,-1475
4359,-1471
4360,-1470
4361,-1470
4362,-1468
4363,-1466
4364,-1465
4365,-1461
4366,-1460
4367,-1457
4368,-1454
4369,-1452
4370,-1449
4371,-1446
4372,-1444
4373,-1442
4374,-1439
4375,-1438
4376,-1434
4377,-1433
4378,-1430
4379,-1425
4380,-1422
4381,-1420
4382,-1417
4383,-1413
4384,-1409
4385,-1406
4386,-1404
4387,-1402
4388,-1401
4389,-1399
4390,-1397
4391,-1395
4392,-1394
4393,-1393
4394,-1390
4395,-1389
4396,-1388
4397,-1388
4398,-1386
4399,-1385
4400,-1384
4401,-1382
4402,-1377
4403,-1376
4404,-1375
4405,-1373
4406,-1371
4407,-1370
4408,-1370
4409,-1368
4410,-1365
4411,-1362
4412,-1359
4413,-1356
4414,-1354
4415,-1351
4416,-1349
4417,-1348
4418,-1347
4419,-1347
4420,-1344
4421,-1343
4422,-1340
4423,-1339
4424,-1337
4425,-1335
4426,-1333
4427,-1332
4428,-1331
4429,-1329
4430,-1329
4431,-1327
4432,-1324
4433,-1321
4434,-1320
4435,-1317
4436,-1315
4437,-1312
4438,-1311
4439,-1309
4440,-1307
4441,-1306
4442,-1303
4443,-1303
4444,-1303
4445,-1301
4446,-1298
4447,-1299
4448,-1298
4449,-1298
4450,-1296
4451,-1293
4452,-1292
4453,-1294
4454,-1295
4455,-1291
4456,-1289
4457,-1290
4458,-1292
4459,-1288
4460,-1284
4461,-1281
4462,-1278
4463,-1275
4464,-1271
4465,-1267
4466,-1263
4467,-1260
4468,-1256
4469,-1253
4470,-1251
4471,-1248
4472,-1245
4473,-1245
4474,-1246
4475,-1245
4476,-1244
4477,-1243
4478,-1245
4479,-1246
4480,-1248
4481,-1250
4482,-1253
4483,-1256
4484,-1259
4485,-1262
4486,-1262
4487,-1259
4488,-1257
4489,-1257
4490,-1256
4491,-1256
4492,-1255
4493,-1255
4494,-1255
4495,-1256
4496,-1256
4497,-1256
4498,-1256
4499,-1255
4500,-1256
4501,-1255
4502,-1253
4503,-1250
4504,-1249
4505,-1247
4506,-1245
4507,-1243
4508,-1241
4509,-1240
4510,-1238
4511,-1237
4512,-1235
4513,-1234
4514,-1233
4515,-1231
4516,-1229
4517,-1229
4518,-1229
4519,-1228
4520,-1229
4521,-1229
4522,-1230
4523,-1230
4524,-1229
4525,-1227
4526,-1226
4527,-1223
4528,-1220
4529,-1216
4530,-1212
4531,-1208
4532,-1205
4533,-1200
4534,-1196
4535,-1194
4536,-1191
4537,-1190
4538,-1189
4539,-1190
4540,-1190
4541,-1190
4542,-1192
4543,-1194
4544,-1195
4545,-1197
4546,-1200
4547,-1201
4548,-1204
4549,-1207
4550,-1209
4551,-1212
4552,-1213
4553,-1213
4554,-1214
4555,-1213
4556,-1212
4557,-1212
4558,-1211
4559,-1212
4560,-1213
4561,-1216
4562,-1217
4563,-1219
4564,-1221
4565,-1223
4566,-1224
4567,-1226
4568,-1229
4569,-1231
4570,-1234
4571,-1235
4572,-1239
4573,-1242
4574,-1245
4575,-1246
4576,-1247
4577,-1249
4578,-1251
4579,-1254
4580,-1256
4581,-1260
4582,-1263
4583,-1266
4584,-1269
4585,-1273
4586,-1276
4587,-1278
4588,-1280
4589,-1280
4590,-1281
4591,-1280
4592,-1281
4593,-1283
4594,-1284
4595,-1284
4596,-1285
4597,-1283
4598,-1282
4599,-1282
4600,-1281
4601,-1280
4602,-1278
4603,-1279
4604,-1279
4605,-1281
4606,-1283
4607,-1285
4608,-1288
4609,-1292
4610,-1295
4611,-1298
4612,-1299
4613,-1301
4614,-1304
4615,-1307
4616,-1310
4617,-1313
4618,-1316
4619,-1319
4620,-1322
4621,-1324
4622,-1325
4623,-1328
4624,-1330
4625,-1332
4626,-1334
4627,-1336
4628,-1340
4629,-1344
4630,-1348
4631,-1352
4632,-1356
4633,-1359
4634,-1362
4635,-1365
4636,-1369
4637,-1371
4638,-1375
4639,-1378
4640,-1382
4641,-1385
4642,-1388
4643,-1391
4644,-1395
4645,-1399
4646,-1402
4647,-1406
4648,-1408
4649,-1411
4650,-1413
4651,-1416
4652,-1418
4653,-1420
4654,-1423
4655,-1426
4656,-1428
4657,-1429
4658,-1432
4659,-1434
4660,-1435
4661,-1435
4662,-1436
4663,-1437
4664,-1440
4665,-1442
4666,-1443
4667,-1446
4668,-1448
4669,-1449
4670,-1451
4671,-1454
4672,-1455
4673,-1459
4674,-1461
4675,-1464
4676,-1464
4677,-1465
4678,-1468
4679,-1471
4680,-1473
4681,-1473
4682,-1474
4683,-1474
4684,-1474
4685,-1472
4686,-1471
4687,-1470
4688,-1470
4689,-1468
4690,-1467
4691,-1467
4692,-1466
4693,-1466
4694,-1465
4695,-1465
4696,-1464
4697,-1462
4698,-1461
4699,-1461
4700,-1461
4701,-1462
4702,-1463
4703,-1463
4704,-1464
4705,-1464
4706,-1464
4707,-1463
4708,-1463
4709,-1461
4710,-1460
4711,-1459
4712,-1458
4713,-1457
4714,-1454
4715,-1454
4716,-1452
4717,-1451
4718,-1450
4719,-1449
4720,-1446
4721,-1445
4722,-1444
4723,-1442
4724,-1440
4725,-1438
4726,-1437
4727,-1436
4728,-1436
4729,-1434
4730,-1433
4731,-1431
4732,-1430
4733,-1429
4734,-1428
4735,-1428
4736,-1427
4737,-1427
4738,-1427
4739,-1427
4740,-1426
4741,-1426
4742,-1425
4743,-1425
4744,-1423
4745,-1423
4746,-1423
4747,-1423
4748,-1423
4749,-1422
4750,-1421
4751,-1419
4752,-1419
4753,-1418
4754,-1416
4755,-1413
4756,-1412
4757,-1412
4758,-1411
4759,-1410
4760,-1410
4761,-1412
4762,-1411
4763,-1411
4764,-1409
4765,-1409
4766,-1410
4767,-1412
4768,-1410
4769,-1410
4770,-1412
4771,-1413
4772,-1413
4773,-1410
4774,-1411
4775,-1413
4776,-1415
4777,-1414
4778,-1412
4779,-1412
4780,-1415
4781,-1415
4782,-1413
4783,-1411
4784,-1408
4785,-1406
4786,-1402
4787,-1399
4788,-1394
4789,-1390
4790,-1386
4791,-1383
4792,-1381
4793,-1380
4794,-1380
4795,-1379
4796,-1381
4797,-1381
4798,-1383
4799,-1383
4800,-1384
4801,-1388
4802,-1391
4803,-1394
4804,-1398
4805,-1402
4806,-1406
4807,-1409
4808,-1409
4809,-1410
4810,-1409
4811,-1409
4812,-1408
4813,-1406
4814,-1404
4815,-1400
4816,-1400
4817,-1401
4818,-1402
4819,-1402
4820,-1403
4821,-1405
4822,-1409
4823,-1412
4824,-1412
4825,-1412
4826,-1414
4827,-1415
4828,-1414
4829,-1414
4830,-1413
4831,-1414
4832,-1415
4833,-1415
4834,-1414
4835,-1413
4836,-1411
4837,-1409
4838,-1408
4839,-1406
4840,-1405
4841,-1403
4842,-1403
4843,-1402
4844,-1402
4845,-1402
4846,-1401
4847,-1399
4848,-1397
4849,-1394
4850,-1391
4851,-1387
4852,-1384
4853,-1381
4854,-1377
4855,-1375
4856,-1372
4857,-1369
4858,-1368
4859,-1368
4860,-1368
4861,-1367
4862,-1366
4863,-1366
4864,-1368
4865,-1370
4866,-1374
4867,-1377
4868,-1380
4869,-1384
4870,-1387
4871,-1389
4872,-1389
4873,-1391
4874,-1391
4875,-1393
4876,-1393
4877,-1392
4878,-1392
4879,-1392
4880,-1392
4881,-1393
4882,-1394
4883,-1395
4884,-1397
4885,-1399
4886,-1402
4887,-1403
4888,-1407
4889,-1410
4890,-1414
4891,-1417
4892,-1420
4893,-1425
4894,-1429
4895,-1432
4896,-1434
4897,-1437
4898,-1440
4899,-1443
4900,-1446
4901,-1449
4902,-1452
4903,-1456
4904,-1458
4905,-1461
4906,-1462
4907,-1463
4908,-1464
4909,-1464
4910,-1467
4911,-1469
4912,-1472
4913,-1474
4914,-1476
4915,-1479
4916,-1481
4917,-1482
4918,-1482
4919,-1482
4920,-1482
4921,-1484
4922,-1485
4923,-1487
4924,-1489
4925,-1492
4926,-1493
4927,-1495
4928,-1498
4929,-1500
4930,-1503
4931,-1505
4932,-1508
4933,-1510
4934,-1513
4935,-1515
4936,-1518
4937,-1519
4938,-1521
4939,-1523
4940,-1524
4941,-1526
4942,-1526
4943,-1527
4944,-1527
4945,-1529
4946,-1530
4947,-1533
4948,-1536
4949,-1538
4950,-1540
4951,-1543
4952,-1545
4953,-1547
4954,-1550
4955,-1553
4956,-1557
4957,-1560
4958,-1564
4959,-1566
4960,-1569
4961,-1572
4962,-1575
4963,-1579
4964,-1581
4965,-1583
4966,-1585
4967,-1587
4968,-1588
4969,-1592
4970,-1594
4971,-1596
4972,-1597
4973,-1598
4974,-1599
4975,-1600
4976,-1602
4977,-1603
4978,-1605
4979,-1606
4980,-1609
4981,-1610
4982,-1612
4983,-1614
4984,-1615
4985,-1617
4986,-1617
4987,-1619
4988,-1620
4989,-1622
4990,-1624
4991,-1626
4992,-1627
4993,-1630
4994,-1631
4995,-1633
4996,-1634
4997,-1634
4998,-1636
4999,-1637
5000,-1639
5001,-1640
5002,-1641
5003,-1641
5004,-1642
5005,-1642
5006,-1643
5007,-1642
5008,-1642
5009,-1642
5010,-1641
5011,-1642
5012,-1642
5013,-1643
5014,-1643
5015,-1644
5016,-1644
5017,-1645
5018,-1645
5019,-1645
5020,-1647
5021,-1647
5022,-1648
5023,-1647
5024,-1647
5025,-1647
5026,-1647
5027,-1647
5028,-1646
5029,-1645
5030,-1644
5031,-1643
5032,-1641
5033,-1640
5034,-1638
5035,-1637
5036,-1635
5037,-1635
5038,-1633
5039,-1631
5040,-1630
5041,-1630
5042,-1629
5043,-1628
5044,-1626
5045,-1624
5046,-1623
5047,-1620
5048,-1618
5049,-1614
5050,-1612
5051,-1610
5052,-1608
5053,-1606
5054,-1603
5055,-1601
5056,-1598
5057,-1596
5058,-1593
5059,-1591
5060,-1588
5061,-1585
5062,-1582
5063,-1580
5064,-1577
5065,-1574
5066,-1573
5067,-1571
5068,-1568
5069,-1566
5070,-1564
5071,-1561
5072,-1558
5073,-1555
5074,-1552
5075,-1549
5076,-1547
5077,-1545
5078,-1543
5079,-1542
5080,-1539
5081,-1538
5082,-1534
5083,-1533
5084,-1530
5085,-1527
5086,-1525
5087,-1523
5088,-1521
5089,-1519
5090,-1519
5091,-1518
5092,-1515
5093,-1512
5094,-1511
5095,-1510
5096,-1510
5097,-1507
5098,-1504
5099,-1503
5100,-1505
5101,-1507
5102,-1505
5103,-1503
5104,-1503
5105,-1505
5106,-1503
5107,-1498
5108,-1494
5109,-1491
5110,-1487
5111,-1483
5112,-1479
5113,-1474
5114,-1470
5115,-1466
5116,-1462
5117,-1458
5118,-1455
5119,-1452
5120,-1451
5121,-1452
5122,-1454
5123,-1456
5124,-1456
5125,-1460
5126,-1463
5127,-1466
5128,-1466
5129,-1467
5130,-1468
5131,-1472
5132,-1473
5133,-1471
5134,-1472
5135,-1471
5136,-1470
5137,-1468
5138,-1465
5139,-1462
5140,-1459
5141,-1457
5142,-1456
5143,-1457
5144,-1458
5145,-1459
5146,-1460
5147,-1462
5148,-1463
5149,-1463
5150,-1461
5151,-1461
5152,-1460
5153,-1459
5154,-1456
5155,-1453
5156,-1451
5157,-1449
5158,-1447
5159,-1443
5160,-1439
5161,-1435
5162,-1432
5163,-1428
5164,-1425
5165,-1422
5166,-1418
5167,-1416
5168,-1413
5169,-1410
5170,-1406
5171,-1403
5172,-1399
5173,-1395
5174,-1391
5175,-1387
5176,-1383
5177,-1379
5178,-1375
5179,-1371
5180,-1367
5181,-1363
5182,-1359
5183,-1356
5184,-1355
5185,-1352
5186,-1350
5187,-1349
5188,-1347
5189,-1345
5190,-1343
5191,-1341
5192,-1340
5193,-1340
5194,-1339
5195,-1339
5196,-1337
5197,-1337
5198,-1335
5199,-1333
5200,-1331
5201,-1328
5202,-1325
5203,-1321
5204,-1319
5205,-1316
5206,-1314
5207,-1312
5208,-1312
5209,-1312
5210,-1313
5211,-1313
5212,-1314
5213,-1317
5214,-1319
5215,-1322
5216,-1324
5217,-1327
5218,-1327
5219,-1329
5220,-1330
5221,-1331
5222,-1331
5223,-1330
5224,-1328
5225,-1326
5226,-1326
5227,-1324
5228,-1323
5229,-1320
5230,-1320
5231,-1319
5232,-1319
5233,-1318
5234,-1318
5235,-1320
5236,-1320
5237,-1322
5238,-1323
5239,-1325
5240,-1327
5241,-1330
5242,-1331
5243,-1333
5244,-1333
5245,-1334
5246,-1335
5247,-1336
5248,-1337
5249,-1338
5250,-1339
5251,-1339
5252,-1341
5253,-1342
5254,-1343
5255,-1344
5256,-1345
5257,-1346
5258,-1348
5259,-1349
5260,-1349
5261,-1350
5262,-1351
5263,-1353
5264,-1354
5265,-1356
5266,-1357
5267,-1359
5268,-1359
5269,-1359
5270,-1360
5271,-1360
5272,-1362
5273,-1363
5274,-1366
5275,-1369
5276,-1373
5277,-1377
5278,-1380
5279,-1383
5280,-1386
5281,-1388
5282,-1389
5283,-1391
5284,-1392
5285,-1395
5286,-1397
5287,-1399
5288,-1402
5289,-1407
5290,-1409
5291,-1410
5292,-1412
5293,-1413
5294,-1415
5295,-1415
5296,-1417
5297,-1419
5298,-1422
5299,-1425
5300,-1430
5301,-1433
5302,-1437
5303,-1440
5304,-1443
5305,-1446
5306,-1449
5307,-1452
5308,-1453
5309,-1456
5310,-1458
5311,-1461
5312,-1464
5313,-1466
5314,-1468
5315,-1470
5316,-1472
5317,-1473
5318,-1475
5319,-1477
5320,-1479
5321,-1481
5322,-1484
5323,-1487
5324,-1490
5325,-1492
5326,-1493
5327,-1495
5328,-1495
5329,-1497
5330,-1499
5331,-1502
5332,-1505
5333,-1508
5334,-1511
5335,-1514
5336,-1515
5337,-1517
5338,-1517
5339,-1517
5340,-1518
5341,-1519
5342,-1522
5343,-1523
5344,-1526
5345,-1529
5346,-1532
5347,-1535
5348,-1538
5349,-1541
5350,-1542
5351,-1544
5352,-1545
5353,-1548
5354,-1550
5355,-1553
5356,-1555
5357,-1558
5358,-1560
5359,-1562
5360,-1565
5361,-1567
5362,-1570
5363,-1573
5364,-1576
5365,-1578
5366,-1581
5367,-1583
5368,-1586
5369,-1587
5370,-1588
5371,-1590
5372,-1592
5373,-1593
5374,-1594
5375,-1596
5376,-1597
5377,-1598
5378,-1598
5379,-1600
5380,-1601
5381,-1602
5382,-1603
5383,-1604
5384,-1605
5385,-1606
5386,-1608
5387,-1609
5388,-1611
5389,-1612
5390,-1614
5391,-1614
5392,-1615
5393,-1616
5394,-1617
5395,-1619
5396,-1618
5397,-1618
5398,-1618
5399,-1619
5400,-1618
5401,-1619
5402,-1619
5403,-1619
5404,-1619
5405,-1621
5406,-1622
5407,-1621
5408,-1622
5409,-1623
5410,-1626
5411,-1625
5412,-1624
5413,-1623
5414,-1625
5415,-1627
5416,-1629
5417,-1629
5418,-1628
5419,-1630
5420,-1632
5421,-1633
5422,-1630
5423,-1629
5424,-1628
5425,-1631
5426,-1632
5427,-1632
5428,-1631
5429,-1632
5430,-1636
5431,-1635
5432,-1631
5433,-1626
5434,-1622
5435,-1618
5436,-1614
5437,-1611
5438,-1606
5439,-1601
5440,-1597
5441,-1594
5442,-1591
5443,-1588
5444,-1585
5445,-1585
5446,-1586
5447,-1587
5448,-1587
5449,-1588
5450,-1590
5451,-1594
5452,-1598
5453,-1600
5454,-1602
5455,-1604
5456,-1608
5457,-1608
5458,-1605
5459,-1602
5460,-1599
5461,-1596
5462,-1593
5463,-1590
5464,-1587
5465,-1584
5466,-1582
5467,-1584
5468,-1584
5469,-1585
5470,-1586
5471,-1590
5472,-1593
5473,-1596
5474,-1597
5475,-1598
5476,-1601
5477,-1603
5478,-1605
5479,-1604
5480,-1602
5481,-1599
5482,-1599
5483,-1596
5484,-1593
5485,-1590
5486,-1588
5487,-1587
5488,-1584
5489,-1581
5490,-1577
5491,-1574
5492,-1571
5493,-1569
5494,-1565
5495,-1563
5496,-1560
5497,-1560
5498,-1559
5499,-1556
5500,-1553
5501,-1550
5502,-1547
5503,-1543
5504,-1539
5505,-1534
5506,-1531
5507,-1529
5508,-1527
5509,-1527
5510,-1525
5511,-1524
5512,-1523
5513,-1523
5514,-1521
5515,-1520
5516,-1518
5517,-1517
5518,-1517
5519,-1517
5520,-1517
5521,-1515
5522,-1515
5523,-1514
5524,-1512
5525,-1510
5526,-1507
5527,-1504
5528,-1504
5529,-1503
5530,-1503
5531,-1502
5532,-1503
5533,-1505
5534,-1507
5535,-1510
5536,-1511
5537,-1515
5538,-1518
5539,-1521
5540,-1524
5541,-1526
5542,-1528
5543,-1530
5544,-1532
5545,-1533
5546,-1534
5547,-1533
5548,-1533
5549,-1531
5550,-1531
5551,-1529
5552,-1528
5553,-1527
5554,-1526
5555,-1526
5556,-1524
5557,-1525
5558,-1526
5559,-1528
5560,-1529
5561,-1532
5562,-1534
5563,-1537
5564,-1539
5565,-1540
5566,-1541
5567,-1541
5568,-1542
5569,-1542
5570,-1543
5571,-1542
5572,-1542
5573,-1542
5574,-1542
5575,-1542
5576,-1541
5577,-1540
5578,-1539
5579,-1540
5580,-1541
5581,-1542
5582,-1542
5583,-1543
5584,-1544
5585,-1546
5586,-1547
5587,-1549
5588,-1552
5589,-1554
5590,-1558
5591,-1561
5592,-1564
5593,-1566
5594,-1569
5595,-1572
5596,-1575
5597,-1578
5598,-1582
5599,-1585
5600,-1589
5601,-1593
5602,-1598
5603,-1603
5604,-1605
5605,-1608
5606,-1610
5607,-1612
5608,-1614
5609,-1616
5610,-1617
5611,-1619
5612,-1620
5613,-1621
5614,-1623
5615,-1624
5616,-1627
5617,-1629
5618,-1632
5619,-1635
5620,-1638
5621,-1640
5622,-1643
5623,-1646
5624,-1649
5625,-1653
5626,-1657
5627,-1661
5628,-1664
5629,-1667
5630,-1669
5631,-1672
5632,-1674
5633,-1675
5634,-1676
5635,-1677
5636,-1679
5637,-1679
5638,-1681
5639,-1682
5640,-1685
5641,-1688
5642,-1691
5643,-1693
5644,-1695
5645,-1698
5646,-1700
5647,-1702
5648,-1704
5649,-1708
5650,-1711
5651,-1715
5652,-1718
5653,-1721
5654,-1723
5655,-1724
5656,-1725
5657,-1725
5658,-1726
5659,-1726
5660,-1727
5661,-1729
5662,-1732
5663,-1734
5664,-1736
5665,-1738
5666,-1740
5667,-1740
5668,-1740
5669,-1741
5670,-1741
5671,-1743
5672,-1743
5673,-1745
5674,-1746
5675,-1747
5676,-1749
5677,-1750
5678,-1751
5679,-1751
5680,-1751
5681,-1751
5682,-1754
5683,-1756
5684,-1759
5685,-1761
5686,-1764
5687,-1767
5688,-1770
5689,-1772
5690,-1772
5691,-1774
5692,-1774
5693,-1776
5694,-1776
5695,-1778
5696,-1778
5697,-1778
5698,-1776
5699,-1777
5700,-1777
5701,-1776
5702,-1777
5703,-1777
5704,-1779
5705,-1780
5706,-1782
5707,-1783
5708,-1786
5709,-1789
5710,-1791
5711,-1792
5712,-1793
5713,-1795
5714,-1797
5715,-1798
5716,-1798
5717,-1799
5718,-1798
5719,-1798
5720,-1797
5721,-1797
5722,-1796
5723,-1795
5724,-1795
5725,-1796
5726,-1798
5727,-1796
5728,-1796
5729,-1798
5730,-1800
5731,-1800
5732,-1801
5733,-1801
5734,-1801
5735,-1802
5736,-1801
5737,-1801
5738,-1800
5739,-1800
5740,-1799
5741,-1799
5742,-1798
5743,-1796
5744,-1793
5745,-1794
5746,-1795
5747,-1794
5748,-1793
5749,-1791
5750,-1793
5751,-1796
5752,-1797
5753,-1794
5754,-1794
5755,-1796
5756,-1797
5757,-1794
5758,-1790
5759,-1787
5760,-1783
5761,-1779
5762,-1775
5763,-1772
5764,-1768
5765,-1764
5766,-1759
5767,-1755
5768,-1753
5769,-1751
5770,-1752
5771,-1754
5772,-1757
5773,-1758
5774,-1759
5775,-1759
5776,-1762
5777,-1762
5778,-1762
5779,-1761
5780,-1761
5781,-1763
5782,-1763
5783,-1761
5784,-1757
5785,-1753
5786,-1749
5787,-1745
5788,-1741
5789,-1737
5790,-1733
5791,-1731
5792,-1732
5793,-1732
5794,-1733
5795,-1734
5796,-1736
5797,-1738
5798,-1740
5799,-1740
5800,-1738
5801,-1736
5802,-1734
5803,-1732
5804,-1729
5805,-1725
5806,-1721
5807,-1718
5808,-1714
5809,-1710
5810,-1706
5811,-1702
5812,-1698
5813,-1693
5814,-1689
5815,-1685
5816,-1682
5817,-1680
5818,-1679
5819,-1676
5820,-1675
5821,-1673
5822,-1670
5823,-1667
5824,-1664
5825,-1660
5826,-1655
5827,-1652
5828,-1649
5829,-1646
5830,-1642
5831,-1637
5832,-1634
5833,-1631
5834,-1628
5835,-1626
5836,-1622
5837,-1620
5838,-1620
5839,-1619
5840,-1618
5841,-1615
5842,-1614
5843,-1612
5844,-1610
5845,-1607
5846,-1604
5847,-1601
5848,-1599
5849,-1596
5850,-1593
5851,-1591
5852,-1588
5853,-1585
5854,-1582
5855,-1581
5856,-1579
5857,-1579
5858,-1579
5859,-1581
5860,-1583
5861,-1585
5862,-1587
5863,-1589
5864,-1592
5865,-1592
5866,-1592
5867,-1591
5868,-1590
5869,-1587
5870,-1585
5871,-1583
5872,-1580
5873,-1579
5874,-1577
5875,-1576
5876,-1574
5877,-1572
5878,-1570
5879,-1570
5880,-1569
5881,-1569
5882,-1569
5883,-1569
5884,-1569
5885,-1570
5886,-1572
5887,-1570
5888,-1569
5889,-1567
5890,-1567
5891,-1565
5892,-1562
5893,-1559
5894,-1555
5895,-1551
5896,-1546
5897,-1542
5898,-1538
5899,-1536
5900,-1534
5901,-1533
5902,-1530
5903,-1529
5904,-1527
5905,-1525
5906,-1523
5907,-1521
5908,-1519
5909,-1516
5910,-1514
5911,-1512
5912,-1511
5913,-1510
5914,-1510
5915,-1508
5916,-1506
5917,-1505
5918,-1503
5919,-1503
5920,-1503
5921,-1503
5922,-1503
5923,-1504
5924,-1505
5925,-1507
5926,-1506
5927,-1507
5928,-1508
5929,-1508
5930,-1508
5931,-1507
5932,-1506
5933,-1504
5934,-1504
5935,-1502
5936,-1501
5937,-1500
5938,-1500
5939,-1501
5940,-1502
5941,-1503
5942,-1504
5943,-1505
5944,-1505
5945,-1507
5946,-1508
5947,-1510
5948,-1511
5949,-1512
5950,-1513
5951,-1515
5952,-1517
5953,-1517
5954,-1517
5955,-1517
5956,-1517
5957,-1515
5958,-1514
5959,-1513
5960,-1514
5961,-1515
5962,-1515
5963,-1516
5964,-1518
5965,-1521
5966,-1522
5967,-1524
5968,-1525
5969,-1527
5970,-1528
5971,-1530
5972,-1531
5973,-1532
5974,-1533
5975,-1533
5976,-1534
5977,-1533
5978,-1534
5979,-1534
5980,-1534
5981,-1534
5982,-1535
5983,-1535
5984,-1535
5985,-1536
5986,-1537
5987,-1538
5988,-1539
5989,-1541
5990,-1542
5991,-1545
5992,-1547
5993,-1551
5994,-1552
5995,-1554
5996,-1556
5997,-1556
5998,-1557
5999,-1557
6000,-1558
6001,-1558
6002,-1559
6003,-1560
6004,-1561
6005,-1562
6006,-1563
6007,-1564
6008,-1565
6009,-1565
6010,-1566
6011,-1568
6012,-1569
6013,-1571
6014,-1572
6015,-1574
6016,-1576
6017,-1578
6018,-1579
6019,-1579
6020,-1579
6021,-1579
6022,-1580
6023,-1580
6024,-1581
6025,-1581
6026,-1583
6027,-1584
6028,-1585
6029,-1586
6030,-1586
6031,-1586
6032,-1586
6033,-1586
6034,-1585
6035,-1587
6036,-1588
6037,-1591
6038,-1592
6039,-1594
6040,-1595
6041,-1596
6042,-1598
6043,-1598
6044,-1600
6045,-1601
6046,-1603
6047,-1605
6048,-1608
6049,-1609
6050,-1611
6051,-1613
6052,-1616
6053,-1618
6054,-1619
6055,-1621
6056,-1623
6057,-1626
6058,-1628
6059,-1630
6060,-1631
6061,-1634
6062,-1635
6063,-1637
6064,-1638
6065,-1641
6066,-1645
6067,-1645
6068,-1647
6069,-1649
6070,-1652
6071,-1655
6072,-1656
6073,-1657
6074,-1660
6075,-1664
6076,-1667
6077,-1668
6078,-1671
6079,-1675
6080,-1678
6081,-1680
6082,-1677
6083,-1675
6084,-1674
6085,-1672
6086,-1668
6087,-1664
6088,-1661
6089,-1659
6090,-1659
6091,-1659
6092,-1662
6093,-1664
6094,-1668
6095,-1672
6096,-1677
6097,-1681
6098,-1685
6099,-1689
6100,-1692
6101,-1696
6102,-1699
6103,-1702
6104,-1704
6105,-1708
6106,-1710
6107,-1710
6108,-1708
6109,-1706
6110,-1704
6111,-1702
6112,-1701
6113,-1699
6114,-1699
6115,-1701
6116,-1704
6117,-1707
6118,-1710
6119,-1712
6120,-1716
6121,-1720
6122,-1724
6123,-1727
6124,-1728
6125,-1729
6126,-1729
6127,-1730
6128,-1729
6129,-1727
6130,-1724
6131,-1723
6132,-1721
6133,-1718
6134,-1715
6135,-1711
6136,-1709
6137,-1705
6138,-1702
6139,-1700
6140,-1698
6141,-1697
6142,-1697
6143,-1696
6144,-1696
6145,-1696
6146,-1695
6147,-1693
6148,-1690
6149,-1687
6150,-1683
6151,-1679
6152,-1675
6153,-1672
6154,-1670
6155,-1667
6156,-1664
6157,-1662
6158,-1661
6159,-1660
6160,-1659
6161,-1657
6162,-1657
6163,-1655
6164,-1653
6165,-1650
6166,-1648
6167,-1646
6168,-1644
6169,-1642
6170,-1639
6171,-1639
6172,-1637
6173,-1636
6174,-1634
6175,-1633
6176,-1632
6177,-1631
6178,-1631
6179,-1631
6180,-1632
6181,-1633
6182,-1635
6183,-1637
6184,-1639
6185,-1640
6186,-1641
6187,-1641
6188,-1643
6189,-1643
6190,-1642
6191,-1642
6192,-1641
6193,-1640
6194,-1638
6195,-1636
6196,-1633
6197,-1632
6198,-1631
6199,-1632
6200,-1632
6201,-1634
6202,-1637
6203,-1638
6204,-1641
6205,-1643
6206,-1644
6207,-1644
6208,-1644
6209,-1643
6210,-1643
6211,-1643
6212,-1643
6213,-1644
6214,-1644
6215,-1644
6216,-1642
6217,-1641
6218,-1639
6219,-1638
6220,-1636
6221,-1635
6222,-1635
6223,-1635
6224,-1636
6225,-1637
6226,-1639
6227,-1640
6228,-1641
6229,-1640
6230,-1640
6231,-1638
6232,-1637
6233,-1636
6234,-1636
6235,-1636
6236,-1636
6237,-1637
6238,-1637
6239,-1638
6240,-1638
6241,-1639
6242,-1638
6243,-1639
6244,-1638
6245,-1639
6246,-1640
6247,-1641
6248,-1643
6249,-1645
6250,-1647
6251,-1648
6252,-1650
6253,-1650
6254,-1651
6255,-1651
6256,-1651
6257,-1651
6258,-1652
6259,-1652
6260,-1653
6261,-1655
6262,-1656
6263,-1659
6264,-1661
6265,-1664
6266,-1666
6267,-1668
6268,-1669
6269,-1670
6270,-1672
6271,-1672
6272,-1672
6273,-1673
6274,-1675
6275,-1676
6276,-1676
6277,-1675
6278,-1676
6279,-1676
6280,-1675
6281,-1674
6282,-1672
6283,-1674
6284,-1674
6285,-1676
6286,-1677
6287,-1679
6288,-1682
6289,-1684
6290,-1687
6291,-1688
6292,-1689
6293,-1690
6294,-1691
6295,-1691
6296,-1692
6297,-1691
6298,-1692
6299,-1692
6300,-1693
6301,-1693
6302,-1692
6303,-1692
6304,-1692
6305,-1692
6306,-1692
6307,-1693
6308,-1694
6309,-1697
6310,-1699
6311,-1702
6312,-1705
6313,-1707
6314,-1710
6315,-1712
6316,-1713
6317,-1714
6318,-1716
6319,-1716
6320,-1716
6321,-1716
6322,-1717
6323,-1716
6324,-1716
6325,-1716
6326,-1717
6327,-1718
6328,-1717
6329,-1718
6330,-1719
6331,-1722
6332,-1724
6333,-1727
6334,-1729
6335,-1732
6336,-1734
6337,-1737
6338,-1739
6339,-1740
6340,-1742
6341,-1743
6342,-1744
6343,-1744
6344,-1746
6345,-1747
6346,-1749
6347,-1749
6348,-1750
6349,-1751
6350,-1751
6351,-1753
6352,-1754
6353,-1756
6354,-1758
6355,-1761
6356,-1762
6357,-1763
6358,-1765
6359,-1767
6360,-1767
6361,-1767
6362,-1768
6363,-1768
6364,-1769
6365,-1769
6366,-1772
6367,-1773
6368,-1775
6369,-1777
6370,-1779
6371,-1780
6372,-1781
6373,-1783
6374,-1783
6375,-1785
6376,-1786
6377,-1788
6378,-1789
6379,-1792
6380,-1794
6381,-1795
6382,-1795
6383,-1795
6384,-1796
6385,-1796
6386,-1796
6387,-1796
6388,-1800
6389,-1803
6390,-1806
6391,-1806
6392,-1808
6393,-1811
6394,-1813
6395,-1812
6396,-1811
6397,-1811
6398,-1814
6399,-1818
6400,-1818
6401,-1820
6402,-1823
6403,-1827
6404,-1825
6405,-1821
6406,-1817
6407,-1815
6408,-1811
6409,-1808
6410,-1804
6411,-1800
6412,-1799
6413,-1799
6414,-1801
6415,-1804
6416,-1807
6417,-1811
6418,-1814
6419,-1818
6420,-1821
6421,-1825
6422,-1826
6423,-1830
6424,-1834
6425,-1837
6426,-1837
6427,-1838
6428,-1841
6429,-1841
6430,-1841
6431,-1839
6432,-1836
6433,-1833
6434,-1832
6435,-1830
6436,-1829
6437,-1829
6438,-1832
6439,-1835
6440,-1839
6441,-1843
6442,-1846
6443,-1851
6444,-1854
6445,-1858
6446,-1860
6447,-1861
6448,-1860
6449,-1860
6450,-1858
6451,-1855
6452,-1853
6453,-1849
6454,-1847
6455,-1845
6456,-1843
6457,-1838
6458,-1834
6459,-1831
6460,-1829
6461,-1827
6462,-1825
6463,-1823
6464,-1822
6465,-1821
6466,-1819
6467,-1819
6468,-1817
6469,-1816
6470,-1814
6471,-1811
6472,-1807
6473,-1804
6474,-1800
6475,-1797
6476,-1793
6477,-1790
6478,-1787
6479,-1783
6480,-1780
6481,-1777
6482,-1775
6483,-1773
6484,-1771
6485,-1769
6486,-1768
6487,-1767
6488,-1764
6489,-1762
6490,-1759
6491,-1757
6492,-1753
6493,-1751
6494,-1748
6495,-1746
6496,-1744
6497,-1742
6498,-1743
6499,-1742
6500,-1741
6501,-1740
6502,-1740
6503,-1738
6504,-1738
6505,-1737
6506,-1738
6507,-1738
6508,-1737
6509,-1736
6510,-1734
6511,-1733
6512,-1730
6513,-1727
6514,-1723
6515,-1721
6516,-1719
6517,-1716
6518,-1713
6519,-1711
6520,-1709
6521,-1708
6522,-1708
6523,-1707
6524,-1708
6525,-1707
6526,-1708
6527,-1707
6528,-1706
6529,-1705
6530,-1704
6531,-1704
6532,-1703
6533,-1703
6534,-1700
6535,-1698
6536,-1695
6537,-1693
6538,-1690
6539,-1687
6540,-1683
6541,-1681
6542,-1679
6543,-1677
6544,-1677
6545,-1675
6546,-1675
6547,-1675
6548,-1676
6549,-1676
6550,-1676
6551,-1675
6552,-1674
6553,-1673
6554,-1673
6555,-1671
6556,-1669
6557,-1667
6558,-1664
6559,-1662
6560,-1659
6561,-1657
6562,-1654
6563,-1652
6564,-1651
6565,-1650
6566,-1651
6567,-1650
6568,-1650
6569,-1649
6570,-1648
6571,-1648
6572,-1648
6573,-1648
6574,-1649
6575,-1649
6576,-1649
6577,-1649
6578,-1647
6579,-1647
6580,-1644
6581,-1643
6582,-1641
6583,-1640
6584,-1639
6585,-1639
6586,-1639
6587,-1640
6588,-1640
6589,-1640
6590,-1640
6591,-1638
6592,-1638
6593,-1636
6594,-1635
6595,-1632
6596,-1631
6597,-1631
6598,-1630
6599,-1629
6600,-1628
6601,-1627
6602,-1626
6603,-1624
6604,-1622
6605,-1622
6606,-1622
6607,-1623
6608,-1622
6609,-1622
6610,-1622
6611,-1622
6612,-1622
6613,-1621
6614,-1620
6615,-1618
6616,-1617
6617,-1615
6618,-1613
6619,-1610
6620,-1608
6621,-1606
6622,-1603
6623,-1601
6624,-1599
6625,-1597
6626,-1595
6627,-1595
6628,-1594
6629,-1593
6630,-1592
6631,-1591
6632,-1590
6633,-1589
6634,-1587
6635,-1585
6636,-1583
6637,-1581
6638,-1579
6639,-1576
6640,-1574
6641,-1571
6642,-1568
6643,-1565
6644,-1562
6645,-1560
6646,-1557
6647,-1556
6648,-1555
6649,-1555
6650,-1555
6651,-1555
6652,-1554
6653,-1554
6654,-1554
6655,-1553
6656,-1552
6657,-1551
6658,-1550
6659,-1548
6660,-1548
6661,-1545
6662,-1545
6663,-1544
6664,-1543
6665,-1542
6666,-1541
6667,-1541
6668,-1541
6669,-1542
6670,-1542
6671,-1543
6672,-1543
6673,-1543
6674,-1543
6675,-1544
6676,-1543
6677,-1543
6678,-1543
6679,-1542
6680,-1543
6681,-1543
6682,-1544
6683,-1543
6684,-1543
6685,-1543
6686,-1543
6687,-1543
6688,-1545
6689,-1546
6690,-1546
6691,-1549
6692,-1550
6693,-1551
6694,-1552
6695,-1555
6696,-1556
6697,-1557
6698,-1558
6699,-1560
6700,-1559
6701,-1559
6702,-1560
6703,-1559
6704,-1561
6705,-1562
6706,-1563
6707,-1564
6708,-1567
6709,-1569
6710,-1572
6711,-1576
6712,-1577
6713,-1578
6714,-1580
6715,-1583
6716,-1584
6717,-1586
6718,-1586
6719,-1589
6720,-1593
6721,-1595
6722,-1595
6723,-1596
6724,-1599
6725,-1601
6726,-1600
6727,-1597
6728,-1596
6729,-1594
6730,-1592
6731,-1588
6732,-1585
6733,-1583
6734,-1584
6735,-1586
6736,-1588
6737,-1591
6738,-1594
6739,-1597
6740,-1601
6741,-1606
6742,-1611
6743,-1614
6744,-1616
6745,-1619
6746,-1621
6747,-1622
6748,-1623
6749,-1623
6750,-1625
6751,-1626
6752,-1626
6753,-1624
6754,-1624
6755,-1624
6756,-1624
6757,-1623
6758,-1624
6759,-1627
6760,-1630
6761,-1634
6762,-1637
6763,-1641
6764,-1645
6765,-1649
6766,-1652
6767,-1656
6768,-1658
6769,-1658
6770,-1658
6771,-1658
6772,-1657
6773,-1656
6774,-1656
6775,-1655
6776,-1656
6777,-1657
6778,-1658
6779,-1657
6780,-1657
6781,-1659
6782,-1660
6783,-1663
6784,-1664
6785,-1668
6786,-1671
6787,-1675
6788,-1678
6789,-1681
6790,-1682
6791,-1685
6792,-1685
6793,-1683
6794,-1681
6795,-1679
6796,-1678
6797,-1675
6798,-1674
6799,-1673
6800,-1673
6801,-1673
6802,-1674
6803,-1674
6804,-1675
6805,-1675
6806,-1676
6807,-1677
6808,-1677
6809,-1677
6810,-1676
6811,-1676
6812,-1675
6813,-1675
6814,-1676
6815,-1676
6816,-1678
6817,-1680
6818,-1682
6819,-1683
6820,-1685
6821,-1687
6822,-1689
6823,-1691
6824,-1695
6825,-1697
6826,-1700
6827,-1704
6828,-1706
6829,-1710
6830,-1712
6831,-1714
6832,-1715
6833,-1716
6834,-1716
6835,-1717
6836,-1717
6837,-1718
6838,-1720
6839,-1720
6840,-1723
6841,-1725
6842,-1728
6843,-1730
6844,-1734
6845,-1737
6846,-1740
6847,-1743
6848,-1745
6849,-1746
6850,-1746
6851,-1746
6852,-1745
6853,-1745
6854,-1742
6855,-1741
6856,-1738
6857,-1736
6858,-1735
6859,-1734
6860,-1731
6861,-1729
6862,-1727
6863,-1726
6864,-1726
6865,-1725
6866,-1727
6867,-1726
6868,-1727
6869,-1727
6870,-1727
6871,-1726
6872,-1724
6873,-1722
6874,-1720
6875,-1718
6876,-1714
6877,-1712
6878,-1708
6879,-1706
6880,-1703
6881,-1702
6882,-1702
6883,-1702
6884,-1704
6885,-1704
6886,-1706
6887,-1707
6888,-1708
6889,-1708
6890,-1708
6891,-1707
6892,-1708
6893,-1709
6894,-1710
6895,-1711
6896,-1710
6897,-1710
6898,-1709
6899,-1708
6900,-1707
6901,-1706
6902,-1705
6903,-1705
6904,-1706
6905,-1708
6906,-1710
6907,-1713
6908,-1716
6909,-1717
6910,-1719
6911,-1718
6912,-1718
6913,-1717
6914,-1716
6915,-1715
6916,-1715
6917,-1715
6918,-1715
6919,-1717
6920,-1717
6921,-1718
6922,-1718
6923,-1719
6924,-1718
6925,-1718
6926,-1718
6927,-1719
6928,-1721
6929,-1722
6930,-1724
6931,-1725
6932,-1727
6933,-1729
6934,-1730
6935,-1729
6936,-1729
6937,-1727
6938,-1726
6939,-1724
6940,-1722
6941,-1722
6942,-1721
6943,-1722
6944,-1722
6945,-1722
6946,-1721
6947,-1721
6948,-1721
6949,-1722
6950,-1723
6951,-1723
6952,-1723
6953,-1722
6954,-1722
6955,-1721
6956,-1721
6957,-1719
6958,-1719
6959,-1717
6960,-1716
6961,-1716
6962,-1715
6963,-1713
6964,-1712
6965,-1711
6966,-1710
6967,-1711
6968,-1711
6969,-1713
6970,-1713
6971,-1714
6972,-1714
6973,-1715
6974,-1715
6975,-1714
6976,-1713
6977,-1711
6978,-1711
6979,-1711
6980,-1711
6981,-1710
6982,-1710
6983,-1709
6984,-1708
6985,-1707
6986,-1706
6987,-1705
6988,-1704
6989,-1704
6990,-1703
6991,-1704
6992,-1703
6993,-1703
6994,-1703
6995,-1703
6996,-1703
6997,-1702
6998,-1701
6999,-1699
7000,-1699
7001,-1698
7002,-1699
7003,-1698
7004,-1698
7005,-1698
7006,-1699
7007,-1700
7008,-1700
7009,-1701
7010,-1702
7011,-1704
7012,-1705
7013,-1707
7014,-1707
7015,-1709
7016,-1711
7017,-1712
7018,-1714
7019,-1715
7020,-1716
7021,-1717
7022,-1720
7023,-1720
7024,-1721
7025,-1723
7026,-1725
7027,-1726
7028,-1727
7029,-1727
7030,-1731
7031,-1735
7032,-1736
7033,-1737
7034,-1738
7035,-1741
7036,-1743
7037,-1745
7038,-1745
7039,-1747
7040,-1750
7041,-1753
7042,-1754
7043,-1753
7044,-1756
7045,-1759
7046,-1760
7047,-1758
7048,-1756
7049,-1753
7050,-1750
7051,-1747
7052,-1743
7053,-1741
7054,-1739
7055,-1740
7056,-1743
7057,-1746
7058,-1750
7059,-1754
7060,-1758
7061,-1762
7062,-1766
7063,-1771
7064,-1775
7065,-1778
7066,-1782
7067,-1786
7068,-1789
7069,-1790
7070,-1793
7071,-1795
7072,-1797
7073,-1796
7074,-1795
7075,-1794
7076,-1794
7077,-1794
7078,-1795
7079,-1798
7080,-1801
7081,-1805
7082,-1809
7083,-1813
7084,-1818
7085,-1822
7086,-1827
7087,-1831
7088,-1834
7089,-1834
7090,-1832
7091,-1829
7092,-1827
7093,-1826
7094,-1825
7095,-1822
7096,-1822
7097,-1822
7098,-1822
7099,-1821
7100,-1819
7101,-1819
7102,-1820
7103,-1822
7104,-1823
7105,-1826
7106,-1827
7107,-1830
7108,-1831
7109,-1831
7110,-1831
7111,-1830
7112,-1829
7113,-1827
7114,-1825
7115,-1822
7116,-1820
7117,-1818
7118,-1817
7119,-1815
7120,-1814
7121,-1813
7122,-1812
7123,-1812
7124,-1811
7125,-1811
7126,-1810
7127,-1810
7128,-1810
7129,-1809
7130,-1807
7131,-1805
7132,-1803
7133,-1802
7134,-1800
7135,-1797
7136,-1796
7137,-1795
7138,-1798
7139,-1799
7140,-1802
7141,-1803
7142,-1805
7143,-1806
7144,-1807
7145,-1809
7146,-1809
7147,-1810
7148,-1810
7149,-1811
7150,-1811
7151,-1812
7152,-1812
7153,-1814
7154,-1813
7155,-1813
7156,-1813
7157,-1812
7158,-1813
7159,-1813
7160,-1816
7161,-1818
7162,-1820
7163,-1822
7164,-1825
7165,-1828
7166,-1830
7167,-1832
7168,-1833
7169,-1833
7170,-1831
7171,-1830
7172,-1826
7173,-1824
7174,-1821
7175,-1819
7176,-1817
7177,-1816
7178,-1815
7179,-1814
7180,-1814
7181,-1814
7182,-1814
7183,-1813
7184,-1813
7185,-1812
7186,-1812
7187,-1812
7188,-1812
7189,-1813
7190,-1814
7191,-1814
7192,-1812
7193,-1810
7194,-1807
7195,-1804
7196,-1799
7197,-1796
7198,-1792
7199,-1790
7200,-1788
7201,-1787
7202,-1787
7203,-1787
7204,-1788
7205,-1788
7206,-1788
7207,-1786
7208,-1785
7209,-1784
7210,-1783
7211,-1781
7212,-1780
7213,-1778
7214,-1777
7215,-1777
7216,-1775
7217,-1775
7218,-1772
7219,-1769
7220,-1766
7221,-1763
7222,-1761
7223,-1758
7224,-1756
7225,-1756
7226,-1756
7227,-1756
7228,-1757
7229,-1755
7230,-1755
7231,-1754
7232,-1753
7233,-1750
7234,-1748
7235,-1746
7236,-1744
7237,-1742
7238,-1739
7239,-1737
7240,-1735
7241,-1733
7242,-1730
7243,-1729
7244,-1726
7245,-1724
7246,-1723
7247,-1722
7248,-1720
7249,-1717
7250,-1716
7251,-1714
7252,-1714
7253,-1713
7254,-1713
7255,-1711
7256,-1710
7257,-1709
7258,-1707
7259,-1706
7260,-1705
7261,-1704
7262,-1701
7263,-1699
7264,-1696
7265,-1693
7266,-1690
7267,-1688
7268,-1685
7269,-1683
7270,-1682
7271,-1679
7272,-1677
7273,-1673
7274,-1671
7275,-1668
7276,-1667
7277,-1665
7278,-1663
7279,-1661
7280,-1659
7281,-1658
7282,-1657
7283,-1657
7284,-1655
7285,-1653
7286,-1650
7287,-1647
7288,-1645
7289,-1644
7290,-1641
7291,-1639
7292,-1638
7293,-1635
7294,-1632
7295,-1629
7296,-1627
7297,-1624
7298,-1622
7299,-1620
7300,-1618
7301,-1616
7302,-1614
7303,-1612
7304,-1610
7305,-1609
7306,-1608
7307,-1607
7308,-1604
7309,-1603
7310,-1600
7311,-1599
7312,-1598
7313,-1596
7314,-1594
7315,-1591
7316,-1589
7317,-1585
7318,-1582
7319,-1579
7320,-1578
7321,-1575
7322,-1573
7323,-1570
7324,-1569
7325,-1567
7326,-1564
7327,-1562
7328,-1561
7329,-1560
7330,-1557
7331,-1555
7332,-1553
7333,-1552
7334,-1550
7335,-1548
7336,-1547
7337,-1546
7338,-1544
7339,-1541
7340,-1539
7341,-1537
7342,-1536
7343,-1533
7344,-1531
7345,-1528
7346,-1527
7347,-1526
7348,-1523
7349,-1522
7350,-1525
7351,-1526
7352,-1524
7353,-1523
7354,-1521
7355,-1522
7356,-1521
7357,-1519
7358,-1517
7359,-1518
7360,-1520
7361,-1517
7362,-1515
7363,-1513
7364,-1514
7365,-1512
7366,-1508
7367,-1504
7368,-1500
7369,-1495
7370,-1491
7371,-1487
7372,-1483
7373,-1480
7374,-1476
7375,-1477
7376,-1479
7377,-1482
7378,-1484
7379,-1488
7380,-1492
7381,-1495
7382,-1498
7383,-1499
7384,-1498
7385,-1498
7386,-1500
7387,-1498
7388,-1498
7389,-1498
7390,-1499
7391,-1499
7392,-1497
7393,-1495
7394,-1493
7395,-1492
7396,-1493
7397,-1495
7398,-1497
7399,-1501
7400,-1505
7401,-1510
7402,-1514
7403,-1518
7404,-1522
7405,-1526
7406,-1529
7407,-1530
7408,-1530
7409,-1528
7410,-1526
7411,-1523
7412,-1521
7413,-1519
7414,-1518
7415,-1516
7416,-1516
7417,-1516
7418,-1515
7419,-1515
7420,-1515
7421,-1517
7422,-1519
7423,-1521
7424,-1522
7425,-1524
7426,-1526
7427,-1527
7428,-1527
7429,-1525
7430,-1524
7431,-1523
7432,-1522
7433,-1519
7434,-1517
7435,-1515
7436,-1513
7437,-1511
7438,-1510
7439,-1509
7440,-1508
7441,-1507
7442,-1507
7443,-1508
7444,-1508
7445,-1509
7446,-1509
7447,-1510
7448,-1510
7449,-1509
7450,-1507
7451,-1506
7452,-1505
7453,-1504
7454,-1505
7455,-1506
7456,-1509
7457,-1513
7458,-1518
7459,-1522
7460,-1525
7461,-1528
7462,-1530
7463,-1532
7464,-1531
7465,-1532
7466,-1532
7467,-1532
7468,-1533
7469,-1535
7470,-1536
7471,-1538
7472,-1539
7473,-1541
7474,-1542
7475,-1543
7476,-1546
7477,-1548
7478,-1552
7479,-1556
7480,-1561
7481,-1565
7482,-1569
7483,-1573
7484,-1577
7485,-1581
7486,-1584
7487,-1585
7488,-1586
7489,-1587
7490,-1587
7491,-1588
7492,-1588
7493,-1590
7494,-1591
7495,-1594
7496,-1597
7497,-1600
7498,-1604
7499,-1607
7500,-1611
7501,-1614
7502,-1617
7503,-1619
7504,-1623
7505,-1626
7506,-1629
7507,-1632
7508,-1635
7509,-1639
7510,-1641
7511,-1645
7512,-1647
7513,-1649
7514,-1649
7515,-1650
7516,-1651
7517,-1652
7518,-1654
7519,-1656
7520,-1658
7521,-1662
7522,-1666
7523,-1669
7524,-1673
7525,-1676
7526,-1679
7527,-1681
7528,-1683
7529,-1685
7530,-1687
7531,-1689
7532,-1691
7533,-1694
7534,-1697
7535,-1700
7536,-1702
7537,-1706
7538,-1708
7539,-1711
7540,-1712
7541,-1714
7542,-1716
7543,-1718
7544,-1721
7545,-1723
7546,-1727
7547,-1729
7548,-1732
7549,-1734
7550,-1737
7551,-1740
7552,-1742
7553,-1745
7554,-1747
7555,-1749
7556,-1750
7557,-1752
7558,-1753
7559,-1755
7560,-1756
7561,-1757
7562,-1757
7563,-1758
7564,-1758
7565,-1758
7566,-1759
7567,-1759
7568,-1760
7569,-1761
7570,-1763
7571,-1765
7572,-1767
7573,-1769
7574,-1771
7575,-1773
7576,-1774
7577,-1776
7578,-1776
7579,-1777
7580,-1776
7581,-1776
7582,-1775
7583,-1774
7584,-1773
7585,-1772
7586,-1770
7587,-1769
7588,-1769
7589,-1769
7590,-1769
7591,-1766
7592,-1765
7593,-1763
7594,-1763
7595,-1762
7596,-1762
7597,-1762
7598,-1762
7599,-1763
7600,-1762
7601,-1762
7602,-1761
7603,-1760
7604,-1758
7605,-1757
7606,-1755
7607,-1755
7608,-1753
7609,-1752
7610,-1751
7611,-1749
7612,-1748
7613,-1746
7614,-1744
7615,-1741
7616,-1739
7617,-1736
7618,-1734
7619,-1732
7620,-1731
7621,-1731
7622,-1731
7623,-1732
7624,-1732
7625,-1733
7626,-1732
7627,-1733
7628,-1732
7629,-1732
7630,-1732
7631,-1732
7632,-1733
7633,-1733
7634,-1734
7635,-1734
7636,-1734
7637,-1733
7638,-1733
7639,-1731
7640,-1730
7641,-1729
7642,-1730
7643,-1730
7644,-1731
7645,-1732
7646,-1732
7647,-1733
7648,-1733
7649,-1734
7650,-1734
7651,-1734
7652,-1733
7653,-1733
7654,-1733
7655,-1732
7656,-1731
7657,-1732
7658,-1732
7659,-1730
7660,-1731
7661,-1729
7662,-1728
7663,-1727
7664,-1728
7665,-1729
7666,-1729
7667,-1729
7668,-1731
7669,-1734
7670,-1735
7671,-1737
7672,-1737
7673,-1739
7674,-1739
7675,-1740
7676,-1740
7677,-1739
7678,-1740
7679,-1744
7680,-1746
7681,-1745
7682,-1747
7683,-1750
7684,-1752
7685,-1749
7686,-1746
7687,-1742
7688,-1738
7689,-1734
7690,-1730
7691,-1726
7692,-1722
7693,-1722
7694,-1724
7695,-1728
7696,-1731
7697,-1735
7698,-1738
7699,-1742
7700,-1745
7701,-1747
7702,-1749
7703,-1747
7704,-1746
7705,-1745
7706,-1744
7707,-1742
7708,-1740
7709,-1739
7710,-1739
7711,-1736
7712,-1732
7713,-1730
7714,-1728
7715,-1728
7716,-1728
7717,-1730
7718,-1733
7719,-1738
7720,-1742
7721,-1746
7722,-1750
7723,-1754
7724,-1757
7725,-1758
7726,-1758
7727,-1756
7728,-1754
7729,-1750
7730,-1747
7731,-1744
7732,-1742
7733,-1740
7734,-1739
7735,-1738
7736,-1739
7737,-1740
7738,-1739
7739,-1739
7740,-1740
7741,-1742
7742,-1743
7743,-1744
7744,-1744
7745,-1745
7746,-1746
7747,-1745
7748,-1745
7749,-1744
7750,-1744
7751,-1742
7752,-1740
7753,-1737
7754,-1736
7755,-1734
7756,-1733
7757,-1732
7758,-1730
7759,-1729
7760,-1727
7761,-1727
7762,-1726
7763,-1727
7764,-1726
7765,-1726
7766,-1726
7767,-1726
7768,-1726
7769,-1724
7770,-1723
7771,-1723
7772,-1724
7773,-1725
7774,-1727
7775,-1730
7776,-1734
7777,-1737
7778,-1740
7779,-1743
7780,-1746
7781,-1749
7782,-1751
7783,-1753
7784,-1753
7785,-1755
7786,-1755
7787,-1757
7788,-1759
7789,-1762
7790,-1765
7791,-1768
7792,-1772
7793,-1774
7794,-1777
7795,-1780
7796,-1784
7797,-1787
7798,-1791
7799,-1795
7800,-1799
7801,-1802
7802,-1805
7803,-1808
7804,-1810
7805,-1812
7806,-1811
7807,-1812
7808,-1811
7809,-1811
7810,-1812
7811,-1814
7812,-1815
7813,-1817
7814,-1819
7815,-1821
7816,-1824
7817,-1827
7818,-1830
7819,-1832
7820,-1835
7821,-1836
7822,-1838
7823,-1839
7824,-1840
7825,-1841
7826,-1841
7827,-1841
7828,-1841
7829,-1841
7830,-1841
7831,-1843
7832,-1843
7833,-1843
7834,-1841
7835,-1842
7836,-1841
7837,-1840
7838,-1841
7839,-1842
7840,-1844
7841,-1846
7842,-1848
7843,-1850
7844,-1852
7845,-1853
7846,-1854
7847,-1855
7848,-1856
7849,-1857
7850,-1856
7851,-1858
7852,-1859
7853,-1861
7854,-1863
7855,-1865
7856,-1866
7857,-1869
7858,-1869
7859,-1870
7860,-1872
7861,-1873
7862,-1874
7863,-1874
7864,-1877
7865,-1879
7866,-1883
7867,-1885
7868,-1887
7869,-1890
7870,-1893
7871,-1895
7872,-1896
7873,-1897
7874,-1898
7875,-1900
7876,-1900
7877,-1901
7878,-1900
7879,-1901
7880,-1902
7881,-1902
7882,-1902
7883,-1902
7884,-1902
7885,-1902
7886,-1902
7887,-1901
7888,-1902
7889,-1903
7890,-1905
7891,-1907
7892,-1908
7893,-1910
7894,-1911
7895,-1912
7896,-1912
7897,-1912
7898,-1911
7899,-1911
7900,-1909
7901,-1908
7902,-1906
7903,-1905
7904,-1904
7905,-1903
7906,-1903
7907,-1902
7908,-1902
7909,-1900
7910,-1899
7911,-1897
7912,-1895
7913,-1894
7914,-1892
7915,-1890
7916,-1889
7917,-1889
7918,-1888
7919,-1887
7920,-1885
7921,-1883
7922,-1881
7923,-1879
7924,-1876
7925,-1873
7926,-1871
7927,-1869
7928,-1867
7929,-1864
7930,-1861
7931,-1858
7932,-1855
7933,-1852
7934,-1849
7935,-1846
7936,-1843
7937,-1839
7938,-1836
7939,-1833
7940,-1830
7941,-1828
7942,-1824
7943,-1822
7944,-1819
7945,-1816
7946,-1813
7947,-1810
7948,-1806
7949,-1803
7950,-1800
7951,-1797
7952,-1795
7953,-1792
7954,-1789
7955,-1786
7956,-1784
7957,-1781
7958,-1778
7959,-1774
7960,-1773
7961,-1771
7962,-1768
7963,-1768
7964,-1766
7965,-1765
7966,-1763
7967,-1761
7968,-1759
7969,-1756
7970,-1751
7971,-1749
7972,-1747
7973,-1744
7974,-1742
7975,-1740
7976,-1738
7977,-1735
7978,-1733
7979,-1729
7980,-1727
7981,-1723
7982,-1721
7983,-1719
7984,-1717
7985,-1716
7986,-1716
7987,-1717
7988,-1718
7989,-1718
7990,-1716
7991,-1714
7992,-1712
7993,-1710
7994,-1707
7995,-1704
7996,-1701
7997,-1699
7998,-1700
7999,-1697
8000,-1695
8001,-1693
8002,-1692
8003,-1687
8004,-1683
8005,-1679
8006,-1674
8007,-1670
8008,-1666
8009,-1662
8010,-1659
8011,-1654
8012,-1650
8013,-1651
8014,-1652
8015,-1654
8016,-1656
8017,-1659
8018,-1662
8019,-1663
8020,-1663
8021,-1661
8022,-1659
8023,-1656
8024,-1654
8025,-1651
8026,-1648
8027,-1645
8028,-1644
8029,-1642
8030,-1640
8031,-1637
8032,-1633
8033,-1633
8034,-1632
8035,-1632
8036,-1633
8037,-1637
8038,-1641
8039,-1645
8040,-1649
8041,-1652
8042,-1654
8043,-1655
8044,-1654
8045,-1651
8046,-1648
8047,-1644
8048,-1640
8049,-1636
8050,-1632
8051,-1628
8052,-1625
8053,-1622
8054,-1619
8055,-1617
8056,-1615
8057,-1613
8058,-1610
8059,-1607
8060,-1604
8061,-1603
8062,-1600
8063,-1597
8064,-1594
8065,-1591
8066,-1588
8067,-1584
8068,-1580
8069,-1577
8070,-1574
8071,-1570
8072,-1567
8073,-1563
8074,-1559
8075,-1556
8076,-1552
8077,-1549
8078,-1546
8079,-1543
8080,-1540
8081,-1537
8082,-1533
8083,-1530
8084,-1526
8085,-1523
8086,-1520
8087,-1516
8088,-1513
8089,-1510
8090,-1508
8091,-1506
8092,-1505
8093,-1502
8094,-1502
8095,-1502
8096,-1503
8097,-1503
8098,-1503
8099,-1502
8100,-1501
8101,-1500
8102,-1498
8103,-1497
8104,-1495
8105,-1496
8106,-1496
8107,-1497
8108,-1498
8109,-1499
8110,-1500
8111,-1501
8112,-1503
8113,-1505
8114,-1507
8115,-1509
8116,-1511
8117,-1514
8118,-1518
8119,-1520
8120,-1523
8121,-1525
8122,-1527
8123,-1529
8124,-1529
8125,-1530
8126,-1530
8127,-1530
8128,-1529
8129,-1530
8130,-1530
8131,-1532
8132,-1534
8133,-1536
8134,-1539
8135,-1541
8136,-1545
8137,-1548
8138,-1550
8139,-1552
8140,-1554
8141,-1555
8142,-1557
8143,-1558
8144,-1560
8145,-1561
8146,-1563
8147,-1565
8148,-1565
8149,-1567
8150,-1568
8151,-1570
8152,-1570
8153,-1570
8154,-1571
8155,-1572
8156,-1573
8157,-1574
8158,-1577
8159,-1579
8160,-1582
8161,-1584
8162,-1588
8163,-1591
8164,-1595
8165,-1598
8166,-1601
8167,-1603
8168,-1604
8169,-1607
8170,-1609
8171,-1612
8172,-1614
8173,-1617
8174,-1620
8175,-1623
8176,-1624
8177,-1625
8178,-1626
8179,-1626
8180,-1628
8181,-1629
8182,-1632
8183,-1635
8184,-1639
8185,-1642
8186,-1647
8187,-1651
8188,-1654
8189,-1658
8190,-1661
8191,-1664
8192,-1666
8193,-1670
8194,-1673
8195,-1677
8196,-1680
8197,-1683
8198,-1686
8199,-1689
8200,-1692
8201,-1694
8202,-1697
8203,-1699
8204,-1702
8205,-1705
8206,-1708
8207,-1711
8208,-1714
8209,-1718
8210,-1721
8211,-1725
8212,-1728
8213,-1731
8214,-1733
8215,-1736
8216,-1737
8217,-1740
8218,-1741
8219,-1744
8220,-1746
8221,-1749
8222,-1751
8223,-1753
8224,-1753
8225,-1754
8226,-1757
8227,-1759
8228,-1760
8229,-1760
8230,-1765
8231,-1768
8232,-1769
8233,-1768
8234,-1771
8235,-1775
8236,-1775
8237,-1778
8238,-1781
8239,-1782
8240,-1782
8241,-1784
8242,-1785
8243,-1787
8244,-1791
8245,-1793
8246,-1792
8247,-1793
8248,-1798
8249,-1802
8250,-1803
8251,-1803
8252,-1806
8253,-1807
8254,-1810
8255,-1812
8256,-1813
8257,-1813
8258,-1818
8259,-1821
8260,-1819
8261,-1821
8262,-1825
8263,-1828
8264,-1827
8265,-1827
8266,-1828
8267,-1830
8268,-1831
8269,-1832
8270,-1833
8271,-1833
8272,-1835
8273,-1834
8274,-1835
8275,-1834
8276,-1835
8277,-1833
8278,-1830
8279,-1830
8280,-1832
8281,-1835
8282,-1835
8283,-1834
8284,-1834
8285,-1837
8286,-1837
8287,-1837
8288,-1837
8289,-1837
8290,-1836
8291,-1837
8292,-1837
8293,-1835
8294,-1835
8295,-1835
8296,-1835
8297,-1833
8298,-1832
8299,-1832
8300,-1831
8301,-1829
8302,-1828
8303,-1828
8304,-1829
8305,-1828
8306,-1830
8307,-1834
8308,-1832
8309,-1829
8310,-1829
8311,-1832
8312,-1830
8313,-1827
8314,-1826
8315,-1828
8316,-1830
8317,-1830
8318,-1830
8319,-1829
8320,-1828
8321,-1825
8322,-1821
8323,-1817
8324,-1813
8325,-1809
8326,-1804
8327,-1801
8328,-1797
8329,-1795
8330,-1793
8331,-1794
8332,-1797
8333,-1801
8334,-1804
8335,-1808
8336,-1809
8337,-1811
8338,-1815
8339,-1814
8340,-1812
8341,-1808
8342,-1806
8343,-1803
8344,-1801
8345,-1798
8346,-1796
8347,-1795
8348,-1794
8349,-1791
8350,-1790
8351,-1793
8352,-1792
8353,-1794
8354,-1797
8355,-1800
8356,-1803
8357,-1807
8358,-1812
8359,-1813
8360,-1813
8361,-1817
8362,-1818
8363,-1815
8364,-1814
8365,-1811
8366,-1807
8367,-1803
8368,-1801
8369,-1800
8370,-1798
8371,-1796
8372,-1795
8373,-1799
8374,-1800
8375,-1799
8376,-1799
8377,-1798
8378,-1795
8379,-1796
8380,-1794
8381,-1794
8382,-1795
8383,-1792
8384,-1790
8385,-1789
8386,-1786
8387,-1781
8388,-1779
8389,-1778
8390,-1777
8391,-1774
8392,-1771
8393,-1768
8394,-1768
8395,-1765
8396,-1761
8397,-1761
8398,-1760
8399,-1757
8400,-1753
8401,-1753
8402,-1754
8403,-1753
8404,-1751
8405,-1747
8406,-1744
8407,-1746
8408,-1746
8409,-1742
8410,-1742
8411,-1744
8412,-1744
8413,-1742
8414,-1742
8415,-1744
8416,-1744
8417,-1742
8418,-1739
8419,-1736
8420,-1734
8421,-1731
8422,-1729
8423,-1730
8424,-1729
8425,-1730
8426,-1731
8427,-1733
8428,-1737
8429,-1740
8430,-1742
8431,-1743
8432,-1744
8433,-1745
8434,-1747
8435,-1749
8436,-1751
8437,-1752
8438,-1754
8439,-1757
8440,-1757
8441,-1759
8442,-1759
8443,-1756
8444,-1755
8445,-1757
8446,-1755
8447,-1754
8448,-1754
8449,-1755
8450,-1757
8451,-1760
8452,-1760
8453,-1759
8454,-1761
8455,-1761
8456,-1764
8457,-1765
8458,-1765
8459,-1765
8460,-1767
8461,-1770
8462,-1771
8463,-1769
8464,-1771
8465,-1773
8466,-1774
8467,-1778
8468,-1778
8469,-1777
8470,-1778
8471,-1779
8472,-1780
8473,-1780
8474,-1781
8475,-1782
8476,-1781
8477,-1783
8478,-1787
8479,-1791
8480,-1794
8481,-1795
8482,-1797
8483,-1801
8484,-1804
8485,-1806
8486,-1810
8487,-1814
8488,-1817
8489,-1820
8490,-1821
8491,-1824
8492,-1827
8493,-1831
8494,-1831
8495,-1831
8496,-1834
8497,-1835
8498,-1838
8499,-1842
8500,-1844
8501,-1847
8502,-1850
8503,-1854
8504,-1858
8505,-1861
8506,-1865
8507,-1869
8508,-1871
8509,-1870
8510,-1870
8511,-1873
8512,-1875
8513,-1878
8514,-1878
8515,-1881
8516,-1884
8517,-1888
8518,-1889
8519,-1887
8520,-1890
8521,-1892
8522,-1896
8523,-1900
8524,-1903
8525,-1907
8526,-1911
8527,-1913
8528,-1918
8529,-1922
8530,-1924
8531,-1925
8532,-1922
8533,-1925
8534,-1928
8535,-1928
8536,-1929
8537,-1932
8538,-1934
8539,-1935
8540,-1936
8541,-1941
8542,-1940
8543,-1940
8544,-1943
8545,-1940
8546,-1942
8547,-1944
8548,-1945
8549,-1948
8550,-1951
8551,-1951
8552,-1954
8553,-1957
8554,-1955
8555,-1957
8556,-1958
8557,-1958
8558,-1958
8559,-1958
8560,-1957
8561,-1959
8562,-1962
8563,-1963
8564,-1962
8565,-1960
8566,-1957
8567,-1957
8568,-1961
8569,-1960
8570,-1959
8571,-1959
8572,-1960
8573,-1961
8574,-1962
8575,-1963
8576,-1965
8577,-1965
8578,-1966
8579,-1967
8580,-1964
8581,-1966
8582,-1967
8583,-1967
8584,-1968
8585,-1970
8586,-1970
8587,-1967
8588,-1968
8589,-1972
8590,-1969
8591,-1967
8592,-1968
8593,-1966
8594,-1967
8595,-1967
8596,-1964
8597,-1965
8598,-1965
8599,-1965
8600,-1967
8601,-1968
8602,-1967
8603,-1967
8604,-1965
8605,-1965
8606,-1965
8607,-1966
8608,-1965
8609,-1965
8610,-1964
8611,-1964
8612,-1966
8613,-1964
8614,-1965
8615,-1966
8616,-1964
8617,-1960
8618,-1958
8619,-1957
8620,-1959
8621,-1959
8622,-1956
8623,-1958
8624,-1961
8625,-1961
8626,-1958
8627,-1957
8628,-1956
8629,-1955
8630,-1952
8631,-1950
8632,-1948
8633,-1950
8634,-1953
8635,-1951
8636,-1947
8637,-1945
8638,-1945
8639,-1941
8640,-1936
8641,-1932
8642,-1928
8643,-1925
8644,-1920
8645,-1916
8646,-1914
8647,-1911
8648,-1910
8649,-1914
8650,-1916
8651,-1918
8652,-1921
8653,-1923
8654,-1922
8655,-1919
8656,-1919
8657,-1918
8658,-1913
8659,-1910
8660,-1909
8661,-1906
8662,-1904
8663,-1900
8664,-1896
8665,-1893
8666,-1890
8667,-1886
8668,-1883
8669,-1882
8670,-1886
8671,-1887
8672,-1887
8673,-1891
8674,-1892
8675,-1894
8676,-1897
8677,-1897
8678,-1896
8679,-1893
8680,-1889
8681,-1884
8682,-1880
8683,-1876
8684,-1872
8685,-1868
8686,-1865
8687,-1860
8688,-1858
8689,-1854
8690,-1851
8691,-1851
8692,-1849
8693,-1846
8694,-1842
8695,-1838
8696,-1834
8697,-1832
8698,-1828
8699,-1824
8700,-1821
8701,-1820
8702,-1817
8703,-1813
8704,-1812
8705,-1809
8706,-1805
8707,-1801
8708,-1797
8709,-1793
8710,-1791
8711,-1787
8712,-1783
8713,-1780
8714,-1777
8715,-1773
8716,-1770
8717,-1766
8718,-1763
8719,-1761
8720,-1757
8721,-1753
8722,-1750
8723,-1749
8724,-1750
8725,-1748
8726,-1745
8727,-1743
8728,-1743
8729,-1741
8730,-1741
8731,-1742
8732,-1741
8733,-1737
8734,-1734
8735,-1734
8736,-1731
8737,-1727
8738,-1723
8739,-1721
8740,-1719
8741,-1717
8742,-1715
8743,-1716
8744,-1716
8745,-1716
8746,-1718
8747,-1718
8748,-1716
8749,-1714
8750,-1714
8751,-1711
8752,-1709
8753,-1709
8754,-1710
8755,-1707
8756,-1706
8757,-1706
8758,-1707
8759,-1708
8760,-1705
8761,-1702
8762,-1700
8763,-1700
8764,-1699
8765,-1697
8766,-1695
8767,-1696
8768,-1695
8769,-1695
8770,-1695
8771,-1692
8772,-1691
8773,-1688
8774,-1686
8775,-1685
8776,-1685
8777,-1683
8778,-1682
8779,-1682
8780,-1680
8781,-1678
8782,-1680
8783,-1682
8784,-1678
8785,-1674
8786,-1671
8787,-1668
8788,-1664
8789,-1661
8790,-1658
8791,-1656
8792,-1655
8793,-1655
8794,-1656
8795,-1657
8796,-1657
8797,-1656
8798,-1657
8799,-1656
8800,-1658
8801,-1658
8802,-1655
8803,-1654
8804,-1657
8805,-1657
8806,-1652
8807,-1650
8808,-1650
8809,-1649
8810,-1646
8811,-1643
8812,-1641
8813,-1640
8814,-1639
8815,-1641
8816,-1645
8817,-1647
8818,-1650
8819,-1652
8820,-1655
8821,-1658
8822,-1661
8823,-1662
8824,-1663
8825,-1665
8826,-1667
8827,-1665
8828,-1662
8829,-1664
8830,-1667
8831,-1669
8832,-1669
8833,-1670
8834,-1671
8835,-1674
8836,-1676
8837,-1677
8838,-1678
8839,-1678
8840,-1679
8841,-1681
8842,-1685
8843,-1687
8844,-1689
8845,-1691
8846,-1695
8847,-1697
8848,-1696
8849,-1698
8850,-1699
8851,-1699
8852,-1700
8853,-1703
8854,-1703
8855,-1705
8856,-1706
8857,-1708
8858,-1710
8859,-1710
8860,-1710
8861,-1710
8862,-1711
8863,-1712
8864,-1715
8865,-1717
8866,-1719
8867,-1718
8868,-1721
8869,-1722
8870,-1724
8871,-1727
8872,-1729
8873,-1727
8874,-1726
8875,-1727
8876,-1728
8877,-1732
8878,-1734
8879,-1734
8880,-1734
8881,-1736
8882,-1740
8883,-1741
8884,-1737
8885,-1735
8886,-1737
8887,-1738
8888,-1742
8889,-1741
8890,-1741
8891,-1744
8892,-1746
8893,-1749
8894,-1751
8895,-1749
8896,-1751
8897,-1753
8898,-1753
8899,-1755
8900,-1755
8901,-1758
8902,-1760
8903,-1761
8904,-1763
8905,-1764
8906,-1762
8907,-1764
8908,-1767
8909,-1765
8910,-1767
8911,-1771
8912,-1773
8913,-1772
8914,-1776
8915,-1780
8916,-1783
8917,-1786
8918,-1785
8919,-1786
8920,-1790
8921,-1793
8922,-1794
8923,-1796
8924,-1798
8925,-1800
8926,-1802
8927,-1803
8928,-1807
8929,-1809
8930,-1808
8931,-1810
8932,-1814
8933,-1816
8934,-1818
8935,-1817
8936,-1820
8937,-1824
8938,-1825
8939,-1826
8940,-1829
8941,-1833
8942,-1836
8943,-1838
8944,-1838
8945,-1841
8946,-1844
8947,-1844
8948,-1843
8949,-1844
8950,-1847
8951,-1849
8952,-1852
8953,-1855
8954,-1857
8955,-1858
8956,-1859
8957,-1856
8958,-1853
8959,-1850
8960,-1845
8961,-1842
8962,-1838
8963,-1837
8964,-1839
8965,-1843
8966,-1846
8967,-1850
8968,-1854
8969,-1858
8970,-1862
8971,-1865
8972,-1868
8973,-1872
8974,-1872
8975,-1870
8976,-1871
8977,-1870
8978,-1872
8979,-1871
8980,-1870
8981,-1868
8982,-1868
8983,-1869
8984,-1869
8985,-1868
8986,-1868
8987,-1870
8988,-1873
8989,-1877
8990,-1880
8991,-1885
8992,-1889
8993,-1891
8994,-1895
8995,-1897
8996,-1896
8997,-1897
8998,-1896
8999,-1892
9000,-1891
9001,-1889
9002,-1887
9003,-1885
9004,-1888
9005,-1889
9006,-1887
9007,-1884
9008,-1883
9009,-1886
9010,-1885
9011,-1883
9012,-1881
9013,-1878
9014,-1874
9015,-1872
9016,-1869
9017,-1867
9018,-1867
9019,-1867
9020,-1865
9021,-1862
9022,-1859
9023,-1857
9024,-1858
9025,-1854
9026,-1850
9027,-1847
9028,-1845
9029,-1842
9030,-1838
9031,-1837
9032,-1834
9033,-1831
9034,-1827
9035,-1826
9036,-1822
9037,-1818
9038,-1816
9039,-1815
9040,-1812
9041,-1811
9042,-1809
9043,-1808
9044,-1808
9045,-1808
9046,-1808
9047,-1806
9048,-1806
9049,-1803
9050,-1801
9051,-1798
9052,-1795
9053,-1793
9054,-1790
9055,-1791
9056,-1790
9057,-1789
9058,-1790
9059,-1793
9060,-1792
9061,-1794
9062,-1797
9063,-1800
9064,-1800
9065,-1800
9066,-1803
9067,-1802
9068,-1801
9069,-1800
9070,-1800
9071,-1799
9072,-1801
9073,-1802
9074,-1800
9075,-1800
9076,-1803
9077,-1804
9078,-1803
9079,-1802
9080,-1800
9081,-1801
9082,-1799
9083,-1798
9084,-1798
9085,-1799
9086,-1800
9087,-1802
9088,-1805
9089,-1806
9090,-1805
9091,-1806
9092,-1808
9093,-1807
9094,-1809
9095,-1810
9096,-1813
9097,-1816
9098,-1816
9099,-1819
9100,-1821
9101,-1818
9102,-1817
9103,-1818
9104,-1814
9105,-1811
9106,-1810
9107,-1809
9108,-1807
9109,-1807
9110,-1810
9111,-1809
9112,-1810
9113,-1813
9114,-1815
9115,-1815
9116,-1816
9117,-1818
9118,-1819
9119,-1819
9120,-1817
9121,-1816
9122,-1817
9123,-1818
9124,-1817
9125,-1816
9126,-1815
9127,-1816
9128,-1815
9129,-1814
9130,-1813
9131,-1812
9132,-1812
9133,-1813
9134,-1814
9135,-1815
9136,-1818
9137,-1821
9138,-1823
9139,-1824
9140,-1826
9141,-1827
9142,-1829
9143,-1830
9144,-1828
9145,-1827
9146,-1826
9147,-1827
9148,-1828
9149,-1829
9150,-1832
9151,-1835
9152,-1834
9153,-1836
9154,-1838
9155,-1838
9156,-1840
9157,-1842
9158,-1843
9159,-1843
9160,-1846
9161,-1848
9162,-1850
9163,-1851
9164,-1851
9165,-1852
9166,-1853
9167,-1851
9168,-1851
9169,-1851
9170,-1850
9171,-1850
9172,-1851
9173,-1854
9174,-1854
9175,-1855
9176,-1855
9177,-1856
9178,-1857
9179,-1856
9180,-1857
9181,-1858
9182,-1858
9183,-1858
9184,-1860
9185,-1863
9186,-1866
9187,-1866
9188,-1867
9189,-1869
9190,-1870
9191,-1872
9192,-1870
9193,-1872
9194,-1875
9195,-1876
9196,-1878
9197,-1880
9198,-1881
9199,-1884
9200,-1884
9201,-1883
9202,-1883
9203,-1884
9204,-1886
9205,-1888
9206,-1891
9207,-1891
9208,-1894
9209,-1897
9210,-1900
9211,-1902
9212,-1903
9213,-1905
9214,-1909
9215,-1911
9216,-1910
9217,-1913
9218,-1915
9219,-1917
9220,-1918
9221,-1919
9222,-1921
9223,-1920
9224,-1919
9225,-1920
9226,-1923
9227,-1922
9228,-1923
9229,-1923
9230,-1925
9231,-1926
9232,-1929
9233,-1931
9234,-1933
9235,-1935
9236,-1938
9237,-1941
9238,-1941
9239,-1942
9240,-1944
9241,-1948
9242,-1950
9243,-1952
9244,-1954
9245,-1957
9246,-1958
9247,-1958
9248,-1958
9249,-1960
9250,-1962
9251,-1963
9252,-1965
9253,-1964
9254,-1966
9255,-1967
9256,-1968
9257,-1971
9258,-1975
9259,-1978
9260,-1977
9261,-1977
9262,-1978
9263,-1982
9264,-1984
9265,-1985
9266,-1985
9267,-1987
9268,-1990
9269,-1994
9270,-1995
9271,-1995
9272,-1997
9273,-1997
9274,-1994
9275,-1990
9276,-1986
9277,-1982
9278,-1978
9279,-1974
9280,-1970
9281,-1967
9282,-1968
9283,-1972
9284,-1975
9285,-1979
9286,-1982
9287,-1986
9288,-1989
9289,-1991
9290,-1992
9291,-1991
9292,-1990
9293,-1989
9294,-1989
9295,-1989
9296,-1989
9297,-1987
9298,-1988
9299,-1988
9300,-1989
9301,-1988
9302,-1987
9303,-1988
9304,-1990
9305,-1994
9306,-1996
9307,-2000
9308,-2003
9309,-2007
9310,-2010
9311,-2013
9312,-2014
9313,-2013
9314,-2009
9315,-2006
9316,-2005
9317,-2001
9318,-1997
9319,-1994
9320,-1992
9321,-1992
9322,-1994
9323,-1992
9324,-1990
9325,-1989
9326,-1991
9327,-1992
9328,-1989
9329,-1986
9330,-1984
9331,-1985
9332,-1982
9333,-1978
9334,-1974
9335,-1973
9336,-1973
9337,-1971
9338,-1968
9339,-1966
9340,-1966
9341,-1963
9342,-1959
9343,-1955
9344,-1951
9345,-1947
9346,-1942
9347,-1938
9348,-1934
9349,-1932
9350,-1928
9351,-1924
9352,-1920
9353,-1917
9354,-1913
9355,-1911
9356,-1908
9357,-1906
9358,-1903
9359,-1901
9360,-1901
9361,-1899
9362,-1895
9363,-1892
9364,-1891
9365,-1888
9366,-1886
9367,-1883
9368,-1880
9369,-1876
9370,-1872
9371,-1871
9372,-1869
9373,-1866
9374,-1862
9375,-1861
9376,-1861
9377,-1862
9378,-1861
9379,-1859
9380,-1857
9381,-1858
9382,-1856
9383,-1853
9384,-1852
9385,-1849
9386,-1848
9387,-1847
9388,-1846
9389,-1844
9390,-1842
9391,-1839
9392,-1840
9393,-1840
9394,-1838
9395,-1835
9396,-1832
9397,-1831
9398,-1827
9399,-1824
9400,-1821
9401,-1819
9402,-1816
9403,-1814
9404,-1811
9405,-1809
9406,-1808
9407,-1806
9408,-1804
9409,-1802
9410,-1799
9411,-1796
9412,-1797
9413,-1794
9414,-1792
9415,-1792
9416,-1791
9417,-1790
9418,-1787
9419,-1784
9420,-1781
9421,-1778
9422,-1774
9423,-1771
9424,-1768
9425,-1765
9426,-1762
9427,-1761
9428,-1761
9429,-1762
9430,-1764
9431,-1764
9432,-1763
9433,-1761
9434,-1760
9435,-1758
9436,-1757
9437,-1754
9438,-1752
9439,-1750
9440,-1750
9441,-1750
9442,-1747
9443,-1747
9444,-1744
9445,-1743
9446,-1743
9447,-1741
9448,-1739
9449,-1739
9450,-1739
9451,-1739
9452,-1741
9453,-1744
9454,-1745
9455,-1744
9456,-1744
9457,-1743
9458,-1743
9459,-1743
9460,-1741
9461,-1738
9462,-1737
9463,-1737
9464,-1735
9465,-1733
9466,-1731
9467,-1729
9468,-1728
9469,-1727
9470,-1725
9471,-1724
9472,-1722
9473,-1719
9474,-1718
9475,-1717
9476,-1716
9477,-1715
9478,-1715
9479,-1714
9480,-1714
9481,-1715
9482,-1716
9483,-1714
9484,-1712
9485,-1709
9486,-1707
9487,-1706
9488,-1705
9489,-1704
9490,-1702
9491,-1701
9492,-1697
9493,-1696
9494,-1695
9495,-1693
9496,-1691
9497,-1689
9498,-1686
9499,-1683
9500,-1683
9501,-1682
9502,-1681
9503,-1680
9504,-1680
9505,-1678
9506,-1676
9507,-1676
9508,-1676
9509,-1675
9510,-1673
9511,-1673
9512,-1672
9513,-1670
9514,-1668
9515,-1667
9516,-1664
9517,-1662
9518,-1659
9519,-1658
9520,-1657
9521,-1654
9522,-1653
9523,-1651
9524,-1649
9525,-1648
9526,-1649
9527,-1648
9528,-1649
9529,-1648
9530,-1647
9531,-1647
9532,-1646
9533,-1647
9534,-1647
9535,-1648
9536,-1647
9537,-1648
9538,-1649
9539,-1649
9540,-1648
9541,-1648
9542,-1648
9543,-1647
9544,-1649
9545,-1648
9546,-1647
9547,-1646
9548,-1650
9549,-1650
9550,-1652
9551,-1652
9552,-1653
9553,-1654
9554,-1654
9555,-1655
9556,-1655
9557,-1657
9558,-1657
9559,-1655
9560,-1656
9561,-1660
9562,-1660
9563,-1660
9564,-1661
9565,-1661
9566,-1663
9567,-1665
9568,-1666
9569,-1667
9570,-1671
9571,-1670
9572,-1672
9573,-1674
9574,-1675
9575,-1679
9576,-1683
9577,-1683
9578,-1683
9579,-1686
9580,-1689
9581,-1692
9582,-1691
9583,-1694
9584,-1697
9585,-1700
9586,-1701
9587,-1701
9588,-1704
9589,-1706
9590,-1705
9591,-1701
9592,-1698
9593,-1695
9594,-1692
9595,-1689
9596,-1685
9597,-1681
9598,-1682
9599,-1685
9600,-1688
9601,-1693
9602,-1696
9603,-1701
9604,-1705
9605,-1709
9606,-1714
9607,-1717
9608,-1717
9609,-1717
9610,-1715
9611,-1715
9612,-1718
9613,-1718
9614,-1719
9615,-1722
9616,-1725
9617,-1727
9618,-1730
9619,-1732
9620,-1735
9621,-1739
9622,-1743
9623,-1747
9624,-1750
9625,-1754
9626,-1759
9627,-1763
9628,-1767
9629,-1769
9630,-1773
9631,-1773
9632,-1771
9633,-1771
9634,-1773
9635,-1773
9636,-1773
9637,-1774
9638,-1776
9639,-1778
9640,-1780
9641,-1782
9642,-1785
9643,-1785
9644,-1783
9645,-1780
9646,-1780
9647,-1780
9648,-1779
9649,-1780
9650,-1781
9651,-1782
9652,-1781
9653,-1782
9654,-1785
9655,-1786
9656,-1788
9657,-1791
9658,-1792
9659,-1791
9660,-1791
9661,-1789
9662,-1788
9663,-1787
9664,-1787
9665,-1786
9666,-1785
9667,-1786
9668,-1785
9669,-1787
9670,-1789
9671,-1790
9672,-1790
9673,-1793
9674,-1795
9675,-1797
9676,-1799
9677,-1800
9678,-1802
9679,-1805
9680,-1808
9681,-1810
9682,-1811
9683,-1811
9684,-1811
9685,-1809
9686,-1811
9687,-1810
9688,-1809
9689,-1810
9690,-1812
9691,-1815
9692,-1817
9693,-1822
9694,-1825
9695,-1827
9696,-1828
9697,-1830
9698,-1829
9699,-1830
9700,-1830
9701,-1830
9702,-1832
9703,-1832
9704,-1833
9705,-1835
9706,-1838
9707,-1839
9708,-1841
9709,-1842
9710,-1843
9711,-1845
9712,-1845
9713,-1845
9714,-1843
9715,-1843
9716,-1843
9717,-1844
9718,-1845
9719,-1847
9720,-1848
9721,-1850
9722,-1852
9723,-1852
9724,-1853
9725,-1853
9726,-1855
9727,-1857
9728,-1859
9729,-1860
9730,-1861
9731,-1861
9732,-1861
9733,-1860
9734,-1858
9735,-1857
9736,-1854
9737,-1852
9738,-1850
9739,-1849
9740,-1847
9741,-1844
9742,-1842
9743,-1843
9744,-1844
9745,-1845
9746,-1847
9747,-1849
9748,-1849
9749,-1848
9750,-1848
9751,-1846
9752,-1846
9753,-1843
9754,-1841
9755,-1840
9756,-1840
9757,-1840
9758,-1841
9759,-1842
9760,-1841
9761,-1840
9762,-1838
9763,-1837
9764,-1835
9765,-1833
9766,-1831
9767,-1832
9768,-1833
9769,-1834
9770,-1836
9771,-1838
9772,-1840
9773,-1841
9774,-1843
9775,-1842
9776,-1842
9777,-1841
9778,-1841
9779,-1842
9780,-1843
9781,-1844
9782,-1846
9783,-1847
9784,-1846
9785,-1846
9786,-1844
9787,-1845
9788,-1844
9789,-1842
9790,-1842
9791,-1843
9792,-1845
9793,-1845
9794,-1846
9795,-1847
9796,-1849
9797,-1850
9798,-1851
9799,-1851
9800,-1853
9801,-1853
9802,-1852
9803,-1852
9804,-1853
9805,-1855
9806,-1854
9807,-1856
9808,-1855
9809,-1856
9810,-1856
9811,-1857
9812,-1858
9813,-1858
9814,-1856
9815,-1855
9816,-1855
9817,-1855
9818,-1856
9819,-1854
9820,-1855
9821,-1855
9822,-1857
9823,-1856
9824,-1855
9825,-1854
9826,-1854
9827,-1855
9828,-1854
9829,-1854
9830,-1854
9831,-1854
9832,-1853
9833,-1853
9834,-1850
9835,-1850
9836,-1850
9837,-1849
9838,-1848
9839,-1847
9840,-1848
9841,-1847
9842,-1847
9843,-1849
9844,-1851
9845,-1849
9846,-1850
9847,-1850
9848,-1850
9849,-1852
9850,-1852
9851,-1852
9852,-1852
9853,-1852
9854,-1852
9855,-1852
9856,-1851
9857,-1852
9858,-1851
9859,-1850
9860,-1849
9861,-1847
9862,-1849
9863,-1849
9864,-1849
9865,-1849
9866,-1851
9867,-1851
9868,-1850
9869,-1852
9870,-1853
9871,-1852
9872,-1852
9873,-1854
9874,-1854
9875,-1854
9876,-1854
9877,-1856
9878,-1854
9879,-1853
9880,-1855
9881,-1856
9882,-1855
9883,-1853
9884,-1851
9885,-1850
9886,-1852
9887,-1853
9888,-1854
9889,-1854
9890,-1857
9891,-1860
9892,-1864
9893,-1867
9894,-1865
9895,-1865
9896,-1868
9897,-1871
9898,-1872
9899,-1874
9900,-1875
9901,-1879
9902,-1884
9903,-1889
9904,-1892
9905,-1894
9906,-1897
9907,-1899
9908,-1899
9909,-1896
9910,-1893
9911,-1889
9912,-1886
9913,-1883
9914,-1881
9915,-1881
9916,-1883
9917,-1887
9918,-1890
9919,-1895
9920,-1899
9921,-1903
9922,-1906
9923,-1908
9924,-1909
9925,-1911
9926,-1909
9927,-1908
9928,-1909
9929,-1910
9930,-1911
9931,-1911
9932,-1914
9933,-1915
9934,-1919
9935,-1922
9936,-1925
9937,-1928
9938,-1931
9939,-1936
9940,-1940
9941,-1944
9942,-1947
9943,-1951
9944,-1955
9945,-1959
9946,-1963
9947,-1964
9948,-1964
9949,-1963
9950,-1964
9951,-1964
9952,-1964
9953,-1965
9954,-1968
9955,-1968
9956,-1971
9957,-1973
9958,-1975
9959,-1977
9960,-1977
9961,-1976
9962,-1975
9963,-1974
9964,-1972
9965,-1972
9966,-1972
9967,-1974
9968,-1974
9969,-1976
9970,-1977
9971,-1978
9972,-1981
9973,-1982
9974,-1982
9975,-1980
9976,-1978
9977,-1975
9978,-1973
9979,-1970
9980,-1968
9981,-1965
9982,-1962
9983,-1960
9984,-1959
9985,-1957
9986,-1956
9987,-1956
9988,-1955
9989,-1956
9990,-1956
9991,-1956
9992,-1956
9993,-1958
9994,-1958
9995,-1959
9996,-1958
9997,-1957
9998,-1957
9999,-1956
10000,-1956
10001,-1954
10002,-1953
10003,-1952
10004,-1952
10005,-1950
10006,-1949
10007,-1949
10008,-1950
10009,-1953
10010,-1954
10011,-1956
10012,-1956
10013,-1957
10014,-1956
10015,-1956
10016,-1955
10017,-1955
10018,-1955
10019,-1956
10020,-1959
10021,-1962
10022,-1966
10023,-1969
10024,-1972
10025,-1973
10026,-1973
10027,-1972
10028,-1973
10029,-1971
10030,-1969
10031,-1966
10032,-1962
10033,-1962
10034,-1961
10035,-1960
10036,-1958
10037,-1958
10038,-1958
10039,-1959
10040,-1959
10041,-1960
10042,-1962
10043,-1963
10044,-1964
10045,-1965
10046,-1966
10047,-1966
10048,-1968
10049,-1967
10050,-1965
10051,-1963
10052,-1961
10053,-1960
10054,-1959
10055,-1958
10056,-1954
10057,-1953
10058,-1951
10059,-1949
10060,-1948
10061,-1949
10062,-1947
10063,-1947
10064,-1947
10065,-1946
10066,-1946
10067,-1944
10068,-1942
10069,-1940
10070,-1941
10071,-1939
10072,-1939
10073,-1940
10074,-1940
10075,-1941
10076,-1941
10077,-1941
10078,-1940
10079,-1939
10080,-1936
10081,-1934
10082,-1930
10083,-1928
10084,-1926
10085,-1924
10086,-1923
10087,-1923
10088,-1924
10089,-1925
10090,-1925
10091,-1924
10092,-1925
10093,-1924
10094,-1924
10095,-1921
10096,-1920
10097,-1920
10098,-1919
10099,-1917
10100,-1916
10101,-1913
10102,-1910
10103,-1910
10104,-1907
10105,-1904
10106,-1901
10107,-1898
10108,-1895
10109,-1894
10110,-1893
10111,-1891
10112,-1891
10113,-1890
10114,-1889
10115,-1888
10116,-1886
10117,-1883
10118,-1881
10119,-1878
10120,-1875
10121,-1873
10122,-1870
10123,-1867
10124,-1863
10125,-1860
10126,-1857
10127,-1855
10128,-1852
10129,-1850
10130,-1847
10131,-1845
10132,-1843
10133,-1840
10134,-1839
10135,-1836
10136,-1835
10137,-1833
10138,-1831
10139,-1830
10140,-1829
10141,-1826
10142,-1825
10143,-1823
10144,-1822
10145,-1822
10146,-1820
10147,-1819
10148,-1816
10149,-1814
10150,-1811
10151,-1808
10152,-1805
10153,-1803
10154,-1800
10155,-1797
10156,-1796
10157,-1794
10158,-1792
10159,-1790
10160,-1788
10161,-1787
10162,-1785
10163,-1782
10164,-1781
10165,-1778
10166,-1776
10167,-1774
10168,-1772
10169,-1770
10170,-1767
10171,-1765
10172,-1763
10173,-1761
10174,-1759
10175,-1759
10176,-1756
10177,-1754
10178,-1753
10179,-1750
10180,-1747
10181,-1744
10182,-1744
10183,-1741
10184,-1738
10185,-1734
10186,-1732
10187,-1732
10188,-1731
10189,-1729
10190,-1727
10191,-1726
10192,-1726
10193,-1725
10194,-1724
10195,-1724
10196,-1721
10197,-1721
10198,-1721
10199,-1719
10200,-1715
10201,-1712
10202,-1713
10203,-1710
10204,-1707
10205,-1706
10206,-1705
10207,-1702
10208,-1700
10209,-1699
10210,-1700
10211,-1700
10212,-1699
10213,-1697
10214,-1693
10215,-1692
10216,-1691
10217,-1691
10218,-1687
10219,-1684
10220,-1684
10221,-1685
10222,-1684
10223,-1681
10224,-1680
10225,-1677
10226,-1673
10227,-1670
10228,-1666
10229,-1662
10230,-1658
10231,-1654
10232,-1651
10233,-1648
10234,-1645
10235,-1647
10236,-1651
10237,-1656
10238,-1659
10239,-1661
10240,-1661
10241,-1661
10242,-1659
10243,-1658
10244,-1656
10245,-1652
10246,-1648
10247,-1648
10248,-1649
10249,-1647
10250,-1647
10251,-1646
10252,-1648
10253,-1649
10254,-1650
10255,-1652
10256,-1655
10257,-1658
10258,-1661
10259,-1665
10260,-1669
10261,-1672
10262,-1674
10263,-1676
10264,-1677
10265,-1679
10266,-1678
10267,-1675
10268,-1673
10269,-1673
10270,-1674
10271,-1674
10272,-1674
10273,-1674
10274,-1676
10275,-1678
10276,-1680
10277,-1679
10278,-1676
10279,-1674
10280,-1671
10281,-1667
10282,-1664
10283,-1663
10284,-1661
10285,-1661
10286,-1660
10287,-1662
10288,-1664
10289,-1667
10290,-1667
10291,-1669
10292,-1670
10293,-1668
10294,-1667
10295,-1665
10296,-1662
10297,-1661
10298,-1659
10299,-1656
10300,-1652
10301,-1650
10302,-1650
10303,-1648
10304,-1645
10305,-1643
10306,-1643
10307,-1644
10308,-1644
10309,-1646
10310,-1645
10311,-1646
10312,-1647
10313,-1648
10314,-1652
10315,-1654
10316,-1654
10317,-1655
10318,-1657
10319,-1657
10320,-1658
10321,-1659
10322,-1660
10323,-1661
10324,-1665
10325,-1668
10326,-1671
10327,-1674
10328,-1677
10329,-1680
10330,-1681
10331,-1682
10332,-1683
10333,-1685
10334,-1686
10335,-1688
10336,-1690
10337,-1692
10338,-1696
10339,-1700
10340,-1705
10341,-1709
10342,-1712
10343,-1714
10344,-1718
10345,-1721
10346,-1723
10347,-1725
10348,-1725
10349,-1726
10350,-1728
10351,-1732
10352,-1734
10353,-1738
10354,-1740
10355,-1743
10356,-1745
10357,-1748
10358,-1749
10359,-1752
10360,-1756
10361,-1759
10362,-1762
10363,-1764
10364,-1768
10365,-1771
10366,-1774
10367,-1775
10368,-1778
10369,-1779
10370,-1782
10371,-1783
10372,-1783
10373,-1786
10374,-1788
10375,-1791
10376,-1793
10377,-1797
10378,-1801
10379,-1805
10380,-1807
10381,-1811
10382,-1814
10383,-1816
10384,-1819
10385,-1821
10386,-1824
10387,-1826
10388,-1829
10389,-1831
10390,-1835
10391,-1838
10392,-1842
10393,-1846
10394,-1849
10395,-1852
10396,-1854
10397,-1857
10398,-1857
10399,-1859
10400,-1859
10401,-1859
10402,-1859
10403,-1861
10404,-1863
10405,-1866
10406,-1870
10407,-1874
10408,-1877
10409,-1880
10410,-1883
10411,-1884
10412,-1888
10413,-1891
10414,-1892
10415,-1894
10416,-1896
10417,-1898
10418,-1900
10419,-1902
10420,-1904
10421,-1906
10422,-1907
10423,-1909
10424,-1909
10425,-1911
10426,-1913
10427,-1915
10428,-1918
10429,-1920
10430,-1924
10431,-1926
10432,-1928
10433,-1930
10434,-1932
10435,-1932
10436,-1934
10437,-1936
10438,-1937
10439,-1939
10440,-1940
10441,-1943
10442,-1944
10443,-1945
10444,-1944
10445,-1945
10446,-1943
10447,-1943
10448,-1942
10449,-1940
10450,-1939
10451,-1938
10452,-1936
10453,-1935
10454,-1935
10455,-1932
10456,-1932
10457,-1930
10458,-1930
10459,-1929
10460,-1928
10461,-1928
10462,-1926
10463,-1927
10464,-1925
10465,-1926
10466,-1923
10467,-1922
10468,-1920
10469,-1918
10470,-1916
10471,-1916
10472,-1916
10473,-1917
10474,-1916
10475,-1914
10476,-1915
10477,-1913
10478,-1911
10479,-1908
10480,-1905
10481,-1902
10482,-1900
10483,-1900
10484,-1898
10485,-1896
10486,-1898
10487,-1900
10488,-1899
10489,-1899
10490,-1898
10491,-1899
10492,-1898
10493,-1897
10494,-1896
10495,-1896
10496,-1896
10497,-1894
10498,-1894
10499,-1893
10500,-1893
10501,-1890
10502,-1888
10503,-1886
10504,-1885
10505,-1883
10506,-1883
10507,-1883
10508,-1883
10509,-1886
10510,-1889
10511,-1889
10512,-1888
10513,-1891
10514,-1892
10515,-1890
10516,-1889
10517,-1891
10518,-1891
10519,-1889
10520,-1890
10521,-1891
10522,-1890
10523,-1888
10524,-1890
10525,-1891
10526,-1892
10527,-1891
10528,-1893
10529,-1897
10530,-1900
10531,-1902
10532,-1900
10533,-1899
10534,-1900
10535,-1903
10536,-1905
10537,-1904
10538,-1901
10539,-1904
10540,-1906
10541,-1905
10542,-1904
10543,-1902
10544,-1903
10545,-1900
10546,-1896
10547,-1892
10548,-1888
10549,-1884
10550,-1880
10551,-1876
10552,-1874
10553,-1874
10554,-1876
10555,-1880
10556,-1883
10557,-1887
10558,-1889
10559,-1891
10560,-1893
10561,-1894
10562,-1894
10563,-1893
10564,-1891
10565,-1889
10566,-1889
10567,-1888
10568,-1887
10569,-1885
10570,-1887
10571,-1887
10572,-1887
10573,-1886
10574,-1887
10575,-1890
10576,-1893
10577,-1895
10578,-1898
10579,-1901
10580,-1903
10581,-1905
10582,-1906
10583,-1908
10584,-1907
10585,-1906
10586,-1904
10587,-1902
10588,-1904
10589,-1904
10590,-1905
10591,-1905
10592,-1905
10593,-1904
10594,-1904
10595,-1902
10596,-1899
10597,-1896
10598,-1892
10599,-1888
10600,-1884
10601,-1881
10602,-1877
10603,-1876
10604,-1874
10605,-1875
10606,-1876
10607,-1878
10608,-1879
10609,-1880
10610,-1882
10611,-1883
10612,-1885
10613,-1884
10614,-1883
10615,-1880
10616,-1881
10617,-1879
10618,-1876
10619,-1874
10620,-1874
10621,-1875
10622,-1874
10623,-1874
10624,-1873
10625,-1873
10626,-1874
10627,-1875
10628,-1874
10629,-1874
10630,-1874
10631,-1874
10632,-1875
10633,-1876
10634,-1877
10635,-1878
10636,-1880
10637,-1881
10638,-1884
10639,-1884
10640,-1885
10641,-1887
10642,-1889
10643,-1892
10644,-1894
10645,-1896
10646,-1899
10647,-1902
10648,-1906
10649,-1909
10650,-1910
10651,-1913
10652,-1913
10653,-1914
10654,-1915
10655,-1917
10656,-1920
10657,-1922
10658,-1925
10659,-1928
10660,-1933
10661,-1937
10662,-1941
10663,-1944
10664,-1947
10665,-1949
10666,-1950
10667,-1952
10668,-1953
10669,-1955
10670,-1956
10671,-1960
10672,-1962
10673,-1965
10674,-1967
10675,-1970
10676,-1973
10677,-1975
10678,-1976
10679,-1978
10680,-1981
10681,-1983
10682,-1985
10683,-1986
10684,-1988
10685,-1988
10686,-1990
10687,-1991
10688,-1992
10689,-1994
10690,-1994
10691,-1996
10692,-1996
10693,-2000
10694,-2002
10695,-2004
10696,-2005
10697,-2008
10698,-2010
10699,-2011
10700,-2011
10701,-2011
10702,-2011
10703,-2011
10704,-2012
10705,-2012
10706,-2015
10707,-2016
10708,-2019
10709,-2022
10710,-2025
10711,-2029
10712,-2031
10713,-2034
10714,-2035
10715,-2035
10716,-2035
10717,-2035
10718,-2034
10719,-2035
10720,-2034
10721,-2034
10722,-2034
10723,-2035
10724,-2036
10725,-2040
10726,-2043
10727,-2044
10728,-2046
10729,-2047
10730,-2049
10731,-2050
10732,-2051
10733,-2051
10734,-2052
10735,-2053
10736,-2053
10737,-2055
10738,-2056
10739,-2058
10740,-2058
10741,-2060
10742,-2062
10743,-2064
10744,-2066
10745,-2068
10746,-2070
10747,-2072
10748,-2074
10749,-2075
10750,-2076
10751,-2074
10752,-2074
10753,-2072
10754,-2071
10755,-2071
10756,-2070
10757,-2070
10758,-2071
10759,-2072
10760,-2071
10761,-2072
10762,-2071
10763,-2071
10764,-2070
10765,-2070
10766,-2068
10767,-2067
10768,-2066
10769,-2065
10770,-2066
10771,-2065
10772,-2064
10773,-2061
10774,-2059
10775,-2056
10776,-2054
10777,-2052
10778,-2050
10779,-2048
10780,-2047
10781,-2045
10782,-2043
10783,-2041
10784,-2038
10785,-2037
10786,-2034
10787,-2032
10788,-2029
10789,-2026
10790,-2024
10791,-2023
10792,-2022
10793,-2019
10794,-2017
10795,-2014
10796,-2013
10797,-2009
10798,-2005
10799,-2001
10800,-1999
10801,-1996
10802,-1993
10803,-1991
10804,-1989
10805,-1987
10806,-1984
10807,-1982
10808,-1979
10809,-1976
10810,-1973
10811,-1971
10812,-1968
10813,-1965
10814,-1961
10815,-1957
10816,-1953
10817,-1950
10818,-1947
10819,-1943
10820,-1940
10821,-1936
10822,-1933
10823,-1929
10824,-1926
10825,-1924
10826,-1921
10827,-1919
10828,-1916
10829,-1914
10830,-1911
10831,-1908
10832,-1904
10833,-1900
10834,-1897
10835,-1894
10836,-1890
10837,-1886
10838,-1884
10839,-1881
10840,-1879
10841,-1876
10842,-1873
10843,-1870
10844,-1868
10845,-1864
10846,-1860
10847,-1858
10848,-1856
10849,-1855
10850,-1857
10851,-1857
10852,-1853
10853,-1850
10854,-1848
10855,-1850
10856,-1848
10857,-1845
10858,-1842
10859,-1841
10860,-1842
10861,-1841
10862,-1839
10863,-1837
10864,-1834
10865,-1831
10866,-1827
10867,-1824
10868,-1819
10869,-1815
10870,-1811
10871,-1807
10872,-1803
10873,-1800
10874,-1798
10875,-1800
10876,-1801
10877,-1802
10878,-1800
10879,-1798
10880,-1797
10881,-1796
10882,-1794
10883,-1791
10884,-1788
10885,-1785
10886,-1784
10887,-1782
10888,-1781
10889,-1778
10890,-1777
10891,-1777
10892,-1776
10893,-1775
10894,-1774
10895,-1775
10896,-1776
10897,-1777
10898,-1776
10899,-1778
10900,-1777
10901,-1778
10902,-1778
10903,-1776
10904,-1774
10905,-1773
10906,-1771
10907,-1769
10908,-1768
10909,-1768
10910,-1769
10911,-1767
10912,-1767
10913,-1765
10914,-1763
10915,-1761
10916,-1759
10917,-1756
10918,-1752
10919,-1749
10920,-1744
10921,-1740
10922,-1736
10923,-1732
10924,-1729
10925,-1726
10926,-1724
10927,-1722
10928,-1719
10929,-1715
10930,-1713
10931,-1709
10932,-1706
10933,-1702
10934,-1699
10935,-1694
10936,-1691
10937,-1687
10938,-1682
10939,-1678
10940,-1674
10941,-1671
10942,-1668
10943,-1665
10944,-1661
10945,-1658
10946,-1655
10947,-1652
10948,-1649
10949,-1646
10950,-1643
10951,-1640
10952,-1638
10953,-1635
10954,-1633
10955,-1630
10956,-1627
10957,-1625
10958,-1623
10959,-1621
10960,-1621
10961,-1620
10962,-1620
10963,-1622
10964,-1622
10965,-1623
10966,-1622
10967,-1623
10968,-1622
10969,-1622
10970,-1620
10971,-1619
10972,-1619
10973,-1618
10974,-1618
10975,-1620
10976,-1622
10977,-1625
10978,-1628
10979,-1630
10980,-1633
10981,-1636
10982,-1638
10983,-1641
10984,-1643
10985,-1644
10986,-1644
10987,-1646
10988,-1648
10989,-1651
10990,-1652
10991,-1654
10992,-1656
10993,-1660
10994,-1662
10995,-1664
10996,-1665
10997,-1666
10998,-1668
10999,-1669
11000,-1671
11001,-1672
11002,-1675
11003,-1677
11004,-1680
11005,-1682
11006,-1684
11007,-1687
11008,-1689
11009,-1690
11010,-1690
11011,-1694
11012,-1696
11013,-1699
11014,-1702
11015,-1705
11016,-1707
11017,-1709
11018,-1711
11019,-1713
11020,-1716
11021,-1717
11022,-1719
11023,-1720
11024,-1723
11025,-1725
11026,-1727
11027,-1729
11028,-1732
11029,-1735
11030,-1738
11031,-1742
11032,-1745
11033,-1746
11034,-1748
11035,-1751
11036,-1753
11037,-1757
11038,-1758
11039,-1761
11040,-1764
11041,-1767
11042,-1771
11043,-1774
11044,-1778
11045,-1781
11046,-1786
11047,-1789
11048,-1792
11049,-1795
11050,-1798
11051,-1801
11052,-1803
11053,-1805
11054,-1806
11055,-1807
11056,-1809
11057,-1812
11058,-1815
11059,-1818
11060,-1820
11061,-1824
11062,-1827
11063,-1831
11064,-1834
11065,-1838
11066,-1842
11067,-1845
11068,-1848
11069,-1851
11070,-1855
11071,-1857
11072,-1859
11073,-1861
11074,-1864
11075,-1866
11076,-1868
11077,-1871
11078,-1873
11079,-1876
11080,-1879
11081,-1883
11082,-1886
11083,-1890
11084,-1893
11085,-1896
11086,-1899
11087,-1901
11088,-1904
11089,-1907
11090,-1911
11091,-1913
11092,-1916
11093,-1919
11094,-1922
11095,-1927
11096,-1930
11097,-1934
11098,-1936
11099,-1939
11100,-1941
11101,-1944
11102,-1945
11103,-1947
11104,-1947
11105,-1949
11106,-1949
11107,-1951
11108,-1953
11109,-1954
11110,-1955
11111,-1956
11112,-1959
11113,-1960
11114,-1960
11115,-1960
11116,-1962
11117,-1963
11118,-1963
11119,-1964
11120,-1965
11121,-1966
11122,-1968
11123,-1970
11124,-1971
11125,-1973
11126,-1973
11127,-1975
11128,-1975
11129,-1976
11130,-1976
11131,-1977
11132,-1977
11133,-1977
11134,-1978
11135,-1977
11136,-1977
11137,-1977
11138,-1978
11139,-1978
11140,-1979
11141,-1979
11142,-1980
11143,-1981
11144,-1983
11145,-1985
11146,-1986
11147,-1988
11148,-1989
11149,-1989
11150,-1988
11151,-1990
11152,-1990
11153,-1989
11154,-1990
11155,-1989
11156,-1989
11157,-1990
11158,-1992
11159,-1990
11160,-1990
11161,-1989
11162,-1988
11163,-1985
11164,-1984
11165,-1984
11166,-1983
11167,-1981
11168,-1980
11169,-1980
11170,-1979
11171,-1981
11172,-1983
11173,-1982
11174,-1978
11175,-1977
11176,-1977
11177,-1979
11178,-1979
11179,-1977
11180,-1975
11181,-1976
11182,-1978
11183,-1976
11184,-1976
11185,-1975
11186,-1972
11187,-1969
11188,-1965
11189,-1961
11190,-1957
11191,-1953
11192,-1950
11193,-1947
11194,-1944
11195,-1941
11196,-1939
11197,-1940
11198,-1940
11199,-1942
11200,-1943
11201,-1943
11202,-1946
11203,-1948
11204,-1948
11205,-1945
11206,-1943
11207,-1943
11208,-1944
11209,-1944
11210,-1944
11211,-1942
11212,-1941
11213,-1942
11214,-1942
11215,-1942
11216,-1943
11217,-1945
11218,-1946
11219,-1947
11220,-1948
11221,-1950
11222,-1951
11223,-1953
11224,-1956
11225,-1955
11226,-1954
11227,-1953
11228,-1953
11229,-1952
11230,-1953
11231,-1955
11232,-1956
11233,-1956
11234,-1956
11235,-1954
11236,-1952
11237,-1950
11238,-1948
11239,-1947
11240,-1943
11241,-1940
11242,-1937
11243,-1935
11244,-1933
11245,-1932
11246,-1931
11247,-1930
11248,-1929
11249,-1927
11250,-1925
11251,-1923
11252,-1922
11253,-1919
11254,-1917
11255,-1914
11256,-1912
11257,-1909
11258,-1907
11259,-1906
11260,-1903
11261,-1902
11262,-1901
11263,-1900
11264,-1898
11265,-1897
11266,-1893
11267,-1890
11268,-1887
11269,-1885
11270,-1882
11271,-1879
11272,-1877
11273,-1875
11274,-1875
11275,-1873
11276,-1872
11277,-1871
11278,-1869
11279,-1868
11280,-1867
11281,-1866
11282,-1866
11283,-1867
11284,-1868
11285,-1869
11286,-1869
11287,-1868
11288,-1866
11289,-1867
11290,-1865
11291,-1863
11292,-1862
11293,-1859
11294,-1858
11295,-1856
11296,-1856
11297,-1857
11298,-1858
11299,-1859
11300,-1861
11301,-1862
11302,-1863
11303,-1864
11304,-1865
11305,-1867
11306,-1868
11307,-1871
11308,-1871
11309,-1873
11310,-1874
11311,-1876
11312,-1878
11313,-1880
11314,-1881
11315,-1882
11316,-1883
11317,-1884
11318,-1886
11319,-1887
11320,-1890
11321,-1891
11322,-1894
11323,-1897
11324,-1898
11325,-1899
11326,-1901
11327,-1905
11328,-1907
11329,-1909
11330,-1910
11331,-1913
11332,-1915
11333,-1917
11334,-1920
11335,-1924
11336,-1927
11337,-1930
11338,-1933
11339,-1935
11340,-1939
11341,-1941
11342,-1943
11343,-1945
11344,-1948
11345,-1951
11346,-1953
11347,-1954
11348,-1956
11349,-1958
11350,-1961
11351,-1964
11352,-1966
11353,-1969
11354,-1971
11355,-1973
11356,-1974
11357,-1976
11358,-1978
11359,-1980
11360,-1983
11361,-1985
11362,-1988
11363,-1992
11364,-1996
11365,-2000
11366,-2004
11367,-2007
11368,-2010
11369,-2013
11370,-2016
11371,-2019
11372,-2022
11373,-2026
11374,-2027
11375,-2030
11376,-2033
11377,-2036
11378,-2039
11379,-2042
11380,-2045
11381,-2049
11382,-2051
11383,-2053
11384,-2057
11385,-2060
11386,-2064
11387,-2067
11388,-2070
11389,-2073
11390,-2078
11391,-2080
11392,-2082
11393,-2084
11394,-2086
11395,-2088
11396,-2090
11397,-2093
11398,-2095
11399,-2098
11400,-2100
11401,-2102
11402,-2103
11403,-2104
11404,-2105
11405,-2105
11406,-2106
11407,-2106
11408,-2107
11409,-2106
11410,-2107
11411,-2108
11412,-2110
11413,-2111
11414,-2112
11415,-2112
11416,-2114
11417,-2115
11418,-2115
11419,-2117
11420,-2118
11421,-2120
11422,-2120
11423,-2121
11424,-2121
11425,-2122
11426,-2123
11427,-2123
11428,-2123
11429,-2123
11430,-2122
11431,-2122
11432,-2123
11433,-2122
11434,-2122
11435,-2120
11436,-2120
11437,-2120
11438,-2120
11439,-2120
11440,-2119
11441,-2120
11442,-2121
11443,-2122
11444,-2122
11445,-2122
11446,-2122
11447,-2123
11448,-2123
11449,-2123
11450,-2123
11451,-2122
11452,-2122
11453,-2121
11454,-2121
11455,-2119
11456,-2118
11457,-2116
11458,-2116
11459,-2115
11460,-2115
11461,-2114
11462,-2114
11463,-2115
11464,-2116
11465,-2116
11466,-2116
11467,-2117
11468,-2115
11469,-2115
11470,-2115
11471,-2114
11472,-2112
11473,-2111
11474,-2111
11475,-2109
11476,-2109
11477,-2107
11478,-2105
11479,-2104
11480,-2106
11481,-2104
11482,-2100
11483,-2098
11484,-2100
11485,-2099
11486,-2098
11487,-2100
11488,-2099
11489,-2098
11490,-2097
11491,-2096
11492,-2092
11493,-2091
11494,-2093
11495,-2095
11496,-2094
11497,-2090
11498,-2089
11499,-2090
11500,-2091
11501,-2090
11502,-2090
11503,-2086
11504,-2083
11505,-2084
11506,-2086
11507,-2086
11508,-2085
11509,-2084
11510,-2081
11511,-2078
11512,-2074
11513,-2070
11514,-2066
11515,-2062
11516,-2058
11517,-2054
11518,-2050
11519,-2046
11520,-2044
11521,-2044
11522,-2045
11523,-2042
11524,-2039
11525,-2036
11526,-2034
11527,-2031
11528,-2028
11529,-2026
11530,-2025
11531,-2025
11532,-2024
11533,-2021
11534,-2016
11535,-2013
11536,-2010
11537,-2008
11538,-2005
11539,-2002
11540,-1998
11541,-1997
11542,-1998
11543,-1998
11544,-1997
11545,-1994
11546,-1993
11547,-1990
11548,-1987
11549,-1983
11550,-1980
11551,-1977
11552,-1975
11553,-1974
11554,-1972
11555,-1969
11556,-1967
11557,-1967
11558,-1964
11559,-1962
11560,-1959
11561,-1957
11562,-1955
11563,-1952
11564,-1949
11565,-1946
11566,-1943
11567,-1938
11568,-1934
11569,-1929
11570,-1925
11571,-1921
11572,-1918
11573,-1914
11574,-1911
11575,-1907
11576,-1904
11577,-1902
11578,-1899
11579,-1896
11580,-1892
11581,-1888
11582,-1884
11583,-1881
11584,-1877
11585,-1873
11586,-1870
11587,-1866
11588,-1863
11589,-1859
11590,-1855
11591,-1852
11592,-1849
11593,-1846
11594,-1843
11595,-1840
11596,-1836
11597,-1833
11598,-1829
11599,-1826
11600,-1822
11601,-1819
11602,-1816
11603,-1815
11604,-1812
11605,-1811
11606,-1809
11607,-1808
11608,-1808
11609,-1807
11610,-1806
11611,-1804
11612,-1802
11613,-1800
11614,-1799
11615,-1796
11616,-1794
11617,-1791
11618,-1790
11619,-1789
11620,-1789
11621,-1789
11622,-1788
11623,-1788
11624,-1787
11625,-1787
11626,-1786
11627,-1785
11628,-1783
11629,-1783
11630,-1781
11631,-1779
11632,-1778
11633,-1776
11634,-1776
11635,-1775
11636,-1774
11637,-1771
11638,-1771
11639,-1770
11640,-1769
11641,-1768
11642,-1767
11643,-1767
11644,-1767
11645,-1767
11646,-1766
11647,-1766
11648,-1764
11649,-1764
11650,-1763
11651,-1763
11652,-1762
11653,-1760
11654,-1758
11655,-1756
11656,-1755
11657,-1753
11658,-1752
11659,-1751
11660,-1750
11661,-1748
11662,-1747
11663,-1746
11664,-1746
11665,-1745
11666,-1745
11667,-1745
11668,-1743
11669,-1743
11670,-1742
11671,-1743
11672,-1743
11673,-1744
11674,-1744
11675,-1745
11676,-1744
11677,-1744
11678,-1743
11679,-1742
11680,-1743
11681,-1743
11682,-1744
11683,-1744
11684,-1745
11685,-1746
11686,-1748
11687,-1749
11688,-1750
11689,-1750
11690,-1750
11691,-1751
11692,-1752
11693,-1753
11694,-1754
11695,-1757
11696,-1758
11697,-1760
11698,-1762
11699,-1763
11700,-1765
11701,-1767
11702,-1769
11703,-1770
11704,-1771
11705,-1772
11706,-1774
11707,-1777
11708,-1779
11709,-1781
11710,-1783
11711,-1785
11712,-1785
11713,-1786
11714,-1788
11715,-1790
11716,-1791
11717,-1794
11718,-1796
11719,-1798
11720,-1800
11721,-1802
11722,-1804
11723,-1805
11724,-1806
11725,-1807
11726,-1809
11727,-1810
11728,-1813
11729,-1815
11730,-1817
11731,-1819
11732,-1821
11733,-1823
11734,-1824
11735,-1824
11736,-1825
11737,-1827
11738,-1828
11739,-1830
11740,-1831
11741,-1833
11742,-1834
11743,-1836
11744,-1838
11745,-1839
11746,-1840
11747,-1841
11748,-1842
11749,-1843
11750,-1845
11751,-1846
11752,-1848
11753,-1849
11754,-1851
11755,-1852
11756,-1854
11757,-1855
11758,-1856
11759,-1858
11760,-1859
11761,-1861
11762,-1863
11763,-1864
11764,-1865
11765,-1867
11766,-1867
11767,-1869
11768,-1869
11769,-1869
11770,-1870
11771,-1870
11772,-1872
11773,-1872
11774,-1873
11775,-1873
11776,-1874
11777,-1874
11778,-1876
11779,-1878
11780,-1879
11781,-1882
11782,-1884
11783,-1887
11784,-1889
11785,-1892
11786,-1895
11787,-1899
11788,-1901
11789,-1903
11790,-1904
11791,-1906
11792,-1909
11793,-1911
11794,-1914
11795,-1915
11796,-1917
11797,-1919
11798,-1923
11799,-1925
11800,-1927
11801,-1929
11802,-1931
11803,-1933
11804,-1936
11805,-1938
11806,-1939
11807,-1942
11808,-1944
11809,-1946
11810,-1948
11811,-1951
11812,-1953
11813,-1955
11814,-1957
11815,-1959
11816,-1962
11817,-1964
11818,-1968
11819,-1970
11820,-1971
11821,-1972
11822,-1975
11823,-1977
11824,-1979
11825,-1981
11826,-1981
11827,-1983
11828,-1986
11829,-1989
11830,-1990
11831,-1992
11832,-1992
11833,-1993
11834,-1993
11835,-1992
11836,-1993
11837,-1994
11838,-1996
11839,-1997
11840,-1998
11841,-1996
11842,-1996
11843,-1995
11844,-1998
11845,-2000
11846,-2001
11847,-2001
11848,-2002
11849,-2004
11850,-2007
11851,-2010
11852,-2012
11853,-2015
11854,-2016
11855,-2017
11856,-2015
11857,-2013
11858,-2012
11859,-2012
11860,-2014
11861,-2015
11862,-2016
11863,-2016
11864,-2017
11865,-2019
11866,-2022
11867,-2024
11868,-2026
11869,-2026
11870,-2026
11871,-2027
11872,-2027
11873,-2027
11874,-2025
11875,-2024
11876,-2023
11877,-2023
11878,-2022
11879,-2021
11880,-2019
11881,-2019
11882,-2019
11883,-2019
11884,-2020
11885,-2019
11886,-2020
11887,-2020
11888,-2019
11889,-2017
11890,-2015
11891,-2012
11892,-2010
11893,-2008
11894,-2006
11895,-2004
11896,-2002
11897,-2001
11898,-1999
11899,-1999
11900,-1997
11901,-1996
11902,-1995
11903,-1994
11904,-1993
11905,-1991
11906,-1989
11907,-1987
11908,-1985
11909,-1982
11910,-1979
11911,-1976
11912,-1973
11913,-1970
11914,-1967
11915,-1965
11916,-1963
11917,-1963
11918,-1961
11919,-1961
11920,-1958
11921,-1956
11922,-1953
11923,-1950
11924,-1947
11925,-1945
11926,-1942
11927,-1940
11928,-1937
11929,-1935
11930,-1934
11931,-1932
11932,-1932
11933,-1932
11934,-1932
11935,-1932
11936,-1931
11937,-1931
11938,-1931
11939,-1931
11940,-1932
11941,-1931
11942,-1931
11943,-1931
11944,-1930
11945,-1930
11946,-1928
11947,-1928
11948,-1929
11949,-1929
11950,-1930
11951,-1931
11952,-1931
11953,-1932
11954,-1933
11955,-1933
11956,-1934
11957,-1933
11958,-1933
11959,-1933
11960,-1932
11961,-1931
11962,-1931
11963,-1931
11964,-1931
11965,-1933
11966,-1933
11967,-1934
11968,-1935
11969,-1936
11970,-1936
11971,-1937
11972,-1938
11973,-1939
11974,-1941
11975,-1942
11976,-1944
11977,-1944
11978,-1944
11979,-1944
11980,-1945
11981,-1946
11982,-1947
11983,-1949
11984,-1950
11985,-1952
11986,-1953
11987,-1955
11988,-1956
11989,-1958
11990,-1958
11991,-1960
11992,-1960
11993,-1961
11994,-1962
11995,-1963
11996,-1965
11997,-1966
11998,-1968
11999,-1970
12000,-1972
12001,-1972
12002,-1973
12003,-1974
12004,-1975
12005,-1975
12006,-1975
12007,-1975
12008,-1974
12009,-1975
12010,-1974
12011,-1974
12012,-1974
12013,-1975
12014,-1975
12015,-1976
12016,-1978
12017,-1979
12018,-1981
12019,-1983
12020,-1985
12021,-1986
12022,-1988
12023,-1988
12024,-1989
12025,-1989
12026,-1991
12027,-1993
12028,-1995
12029,-1997
12030,-1999
12031,-2001
12032,-2003
12033,-2006
12034,-2008
12035,-2011
12036,-2013
12037,-2015
12038,-2017
12039,-2019
12040,-2020
12041,-2022
12042,-2024
12043,-2025
12044,-2027
12045,-2029
12046,-2031
12047,-2034
12048,-2037
12049,-2040
12050,-2044
12051,-2047
12052,-2049
12053,-2053
12054,-2055
12055,-2058
12056,-2060
12057,-2063
12058,-2066
12059,-2069
12060,-2071
12061,-2075
12062,-2076
12063,-2078
12064,-2080
12065,-2081
12066,-2083
12067,-2085
12068,-2087
12069,-2089
12070,-2092
12071,-2095
12072,-2098
12073,-2100
12074,-2102
12075,-2105
12076,-2107
12077,-2109
12078,-2111
12079,-2114
12080,-2116
12081,-2119
12082,-2121
12083,-2123
12084,-2125
12085,-2127
12086,-2129
12087,-2130
12088,-2130
12089,-2131
12090,-2133
12091,-2135
12092,-2137
12093,-2138
12094,-2140
12095,-2141
12096,-2143
12097,-2145
12098,-2147
12099,-2148
12100,-2149
12101,-2151
12102,-2151
12103,-2153
12104,-2153
12105,-2154
12106,-2154
12107,-2155
12108,-2155
12109,-2155
12110,-2156
12111,-2156
12112,-2157
12113,-2157
12114,-2159
12115,-2160
12116,-2162
12117,-2164
12118,-2166
12119,-2167
12120,-2167
12121,-2168
12122,-2167
12123,-2167
12124,-2166
12125,-2167
12126,-2167
12127,-2168
12128,-2169
12129,-2171
12130,-2171
12131,-2172
12132,-2173
12133,-2173
12134,-2175
12135,-2175
12136,-2176
12137,-2176
12138,-2178
12139,-2180
12140,-2181
12141,-2181
12142,-2183
12143,-2185
12144,-2186
12145,-2185
12146,-2184
12147,-2184
12148,-2184
12149,-2187
12150,-2187
12151,-2188
12152,-2190
12153,-2190
12154,-2190
12155,-2189
12156,-2189
12157,-2189
12158,-2189
12159,-2188
12160,-2186
12161,-2183
12162,-2181
12163,-2178
12164,-2176
12165,-2175
12166,-2174
12167,-2174
12168,-2173
12169,-2174
12170,-2174
12171,-2176
12172,-2178
12173,-2181
12174,-2183
12175,-2186
12176,-2186
12177,-2185
12178,-2183
12179,-2181
12180,-2181
12181,-2180
12182,-2180
12183,-2179
12184,-2179
12185,-2178
12186,-2178
12187,-2178
12188,-2178
12189,-2179
12190,-2179
12191,-2180
12192,-2180
12193,-2180
12194,-2178
12195,-2177
12196,-2175
12197,-2173
12198,-2172
12199,-2170
12200,-2168
12201,-2167
12202,-2165
12203,-2164
12204,-2164
12205,-2163
12206,-2164
12207,-2163
12208,-2162
12209,-2162
12210,-2161
12211,-2160
12212,-2159
12213,-2159
12214,-2157
12215,-2156
12216,-2153
12217,-2149
12218,-2146
12219,-2144
12220,-2140
12221,-2138
12222,-2136
12223,-2134
12224,-2132
12225,-2129
12226,-2127
12227,-2123
12228,-2120
12229,-2116
12230,-2113
12231,-2109
12232,-2105
12233,-2102
12234,-2098
12235,-2094
12236,-2090
12237,-2087
12238,-2083
12239,-2080
12240,-2076
12241,-2072
12242,-2068
12243,-2064
12244,-2060
12245,-2056
12246,-2052
12247,-2048
12248,-2044
12249,-2040
12250,-2036
12251,-2032
12252,-2028
12253,-2024
12254,-2020
12255,-2016
12256,-2012
12257,-2009
12258,-2005
12259,-2002
12260,-1998
12261,-1995
12262,-1991
12263,-1987
12264,-1982
12265,-1978
12266,-1974
12267,-1970
12268,-1968
12269,-1966
12270,-1964
12271,-1962
12272,-1961
12273,-1958
12274,-1956
12275,-1953
12276,-1951
12277,-1948
12278,-1945
12279,-1942
12280,-1938
12281,-1935
12282,-1932
12283,-1930
12284,-1927
12285,-1925
12286,-1923
12287,-1922
12288,-1921
12289,-1920
12290,-1918
12291,-1918
12292,-1918
12293,-1917
12294,-1917
12295,-1915
12296,-1914
12297,-1912
12298,-1909
12299,-1906
12300,-1904
12301,-1902
12302,-1901
12303,-1901
12304,-1900
12305,-1900
12306,-1899
12307,-1898
12308,-1897
12309,-1896
12310,-1895
12311,-1895
12312,-1894
12313,-1894
12314,-1895
12315,-1895
12316,-1895
12317,-1895
12318,-1896
12319,-1896
12320,-1897
12321,-1897
12322,-1898
12323,-1898
12324,-1897
12325,-1897
12326,-1897
12327,-1897
12328,-1897
12329,-1898
12330,-1897
12331,-1898
12332,-1897
12333,-1898
12334,-1898
12335,-1898
12336,-1898
12337,-1898
12338,-1898
12339,-1897
12340,-1897
12341,-1895
12342,-1895
12343,-1893
12344,-1894
12345,-1893
12346,-1891
12347,-1891
12348,-1890
12349,-1889
12350,-1888
12351,-1887
12352,-1886
12353,-1887
12354,-1886
12355,-1886
12356,-1886
12357,-1885
12358,-1884
12359,-1883
12360,-1883
12361,-1881
12362,-1880
12363,-1878
12364,-1877
12365,-1875
12366,-1875
12367,-1873
12368,-1873
12369,-1872
12370,-1871
12371,-1870
12372,-1868
12373,-1868
12374,-1867
12375,-1868
12376,-1866
12377,-1864
12378,-1863
12379,-1862
12380,-1862
12381,-1861
12382,-1860
12383,-1859
12384,-1858
12385,-1856
12386,-1855
12387,-1853
12388,-1852
12389,-1850
12390,-1848
12391,-1846
12392,-1845
12393,-1845
12394,-1844
12395,-1845
12396,-1844
12397,-1845
12398,-1845
12399,-1845
12400,-1844
12401,-1845
12402,-1844
12403,-1844
12404,-1842
12405,-1841
12406,-1840
12407,-1838
12408,-1837
12409,-1835
12410,-1837
12411,-1837
12412,-1837
12413,-1837
12414,-1837
12415,-1838
12416,-1839
12417,-1839
12418,-1839
12419,-1840
12420,-1839
12421,-1839
12422,-1837
12423,-1837
12424,-1837
12425,-1837
12426,-1836
12427,-1836
12428,-1835
12429,-1833
12430,-1833
12431,-1832
12432,-1832
12433,-1832
12434,-1833
12435,-1833
12436,-1835
12437,-1835
12438,-1835
12439,-1834
12440,-1833
12441,-1833
12442,-1834
12443,-1836
12444,-1836
12445,-1838
12446,-1839
12447,-1841
12448,-1842
12449,-1843
12450,-1844
12451,-1845
12452,-1847
12453,-1848
12454,-1850
12455,-1851
12456,-1853
12457,-1853
12458,-1854
12459,-1854
12460,-1854
12461,-1855
12462,-1856
12463,-1858
12464,-1859
12465,-1861
12466,-1862
12467,-1863
12468,-1864
12469,-1865
12470,-1868
12471,-1871
12472,-1874
12473,-1876
12474,-1878
12475,-1879
12476,-1881
12477,-1881
12478,-1883
12479,-1884
12480,-1885
12481,-1883
12482,-1880
12483,-1878
12484,-1876
12485,-1875
12486,-1874
12487,-1874
12488,-1875
12489,-1877
12490,-1877
12491,-1879
12492,-1881
12493,-1885
12494,-1889
12495,-1892
12496,-1894
12497,-1893
12498,-1893
12499,-1892
12500,-1893
12501,-1894
12502,-1896
12503,-1898
12504,-1902
12505,-1905
12506,-1909
12507,-1912
12508,-1916
12509,-1921
12510,-1924
12511,-1928
12512,-1930
12513,-1933
12514,-1933
12515,-1934
12516,-1934
12517,-1934
12518,-1934
12519,-1934
12520,-1934
12521,-1935
12522,-1938
12523,-1939
12524,-1942
12525,-1945
12526,-1949
12527,-1952
12528,-1955
12529,-1958
12530,-1959
12531,-1961
12532,-1962
12533,-1963
12534,-1964
12535,-1965
12536,-1965
12537,-1965
12538,-1964
12539,-1965
12540,-1965
12541,-1966
12542,-1968
12543,-1968
12544,-1970
12545,-1970
12546,-1971
12547,-1970
12548,-1970
12549,-1969
12550,-1968
12551,-1967
12552,-1965
12553,-1964
12554,-1963
12555,-1963
12556,-1962
12557,-1963
12558,-1962
12559,-1964
12560,-1964
12561,-1965
12562,-1964
12563,-1964
12564,-1964
12565,-1964
12566,-1965
12567,-1964
12568,-1964
12569,-1963
12570,-1963
12571,-1962
12572,-1961
12573,-1959
12574,-1959
12575,-1959
12576,-1959
12577,-1960
12578,-1958
12579,-1957
12580,-1954
12581,-1952
12582,-1949
12583,-1947
12584,-1945
12585,-1945
12586,-1944
12587,-1943
12588,-1943
12589,-1942
12590,-1944
12591,-1945
12592,-1946
12593,-1946
12594,-1947
12595,-1947
12596,-1947
12597,-1947
12598,-1947
12599,-1948
12600,-1948
12601,-1948
12602,-1947
12603,-1948
12604,-1947
12605,-1948
12606,-1948
12607,-1949
12608,-1950
12609,-1951
12610,-1952
12611,-1953
12612,-1954
12613,-1954
12614,-1955
12615,-1954
12616,-1954
12617,-1953
12618,-1953
12619,-1952
12620,-1952
12621,-1953
12622,-1954
12623,-1956
12624,-1956
12625,-1958
12626,-1958
12627,-1958
12628,-1957
12629,-1957
12630,-1957
12631,-1958
12632,-1960
12633,-1961
12634,-1963
12635,-1964
12636,-1966
12637,-1966
12638,-1967
12639,-1967
12640,-1968
12641,-1969
12642,-1970
12643,-1971
12644,-1972
12645,-1972
12646,-1973
12647,-1974
12648,-1975
12649,-1978
12650,-1980
12651,-1983
12652,-1984
12653,-1986
12654,-1988
12655,-1990
12656,-1992
12657,-1993
12658,-1995
12659,-1995
12660,-1996
12661,-1996
12662,-1997
12663,-1997
12664,-1998
12665,-1998
12666,-1998
12667,-2000
12668,-2001
12669,-2003
12670,-2004
12671,-2005
12672,-2005
12673,-2006
12674,-2006
12675,-2007
12676,-2008
12677,-2009
12678,-2010
12679,-2011
12680,-2011
12681,-2011
12682,-2013
12683,-2015
12684,-2018
12685,-2019
12686,-2021
12687,-2023
12688,-2025
12689,-2027
12690,-2027
12691,-2029
12692,-2029
12693,-2030
12694,-2030
12695,-2031
12696,-2032
12697,-2033
12698,-2033
12699,-2034
12700,-2034
12701,-2034
12702,-2035
12703,-2035
12704,-2036
12705,-2036
12706,-2037
12707,-2037
12708,-2038
12709,-2038
12710,-2038
12711,-2039
12712,-2040
12713,-2041
12714,-2041
12715,-2042
12716,-2041
12717,-2041
12718,-2039
12719,-2038
12720,-2037
12721,-2037
12722,-2036
12723,-2035
12724,-2035
12725,-2034
12726,-2034
12727,-2033
12728,-2032
12729,-2031
12730,-2030
12731,-2029
12732,-2029
12733,-2028
12734,-2027
12735,-2027
12736,-2026
12737,-2026
12738,-2026
12739,-2028
12740,-2029
12741,-2031
12742,-2032
12743,-2033
12744,-2033
12745,-2032
12746,-2033
12747,-2033
12748,-2034
12749,-2035
12750,-2037
12751,-2036
12752,-2037
12753,-2036
12754,-2037
12755,-2038
12756,-2038
12757,-2038
12758,-2038
12759,-2039
12760,-2039
12761,-2041
12762,-2043
12763,-2045
12764,-2047
12765,-2048
12766,-2049
12767,-2051
12768,-2052
12769,-2054
12770,-2055
12771,-2056
12772,-2057
12773,-2058
12774,-2061
12775,-2063
12776,-2065
12777,-2066
12778,-2068
12779,-2070
12780,-2072
12781,-2073
12782,-2074
12783,-2076
12784,-2077
12785,-2078
12786,-2080
12787,-2082
12788,-2084
12789,-2086
12790,-2089
12791,-2092
12792,-2095
12793,-2097
12794,-2099
12795,-2101
12796,-2103
12797,-2104
12798,-2106
12799,-2107
12800,-2108
12801,-2109
12802,-2108
12803,-2106
12804,-2105
12805,-2105
12806,-2106
12807,-2108
12808,-2109
12809,-2112
12810,-2114
12811,-2116
12812,-2118
12813,-2120
12814,-2122
12815,-2123
12816,-2124
12817,-2123
12818,-2122
12819,-2122
12820,-2123
12821,-2123
12822,-2124
12823,-2123
12824,-2124
12825,-2127
12826,-2129
12827,-2131
12828,-2133
12829,-2136
12830,-2138
12831,-2141
12832,-2143
12833,-2145
12834,-2147
12835,-2147
12836,-2147
12837,-2146
12838,-2145
12839,-2144
12840,-2143
12841,-2143
12842,-2144
12843,-2142
12844,-2142
12845,-2142
12846,-2143
12847,-2145
12848,-2147
12849,-2149
12850,-2149
12851,-2151
12852,-2151
12853,-2153
12854,-2155
12855,-2157
12856,-2159
12857,-2159
12858,-2158
12859,-2158
12860,-2157
12861,-2156
12862,-2157
12863,-2156
12864,-2156
12865,-2154
12866,-2153
12867,-2150
12868,-2148
12869,-2146
12870,-2143
12871,-2142
12872,-2142
12873,-2141
12874,-2139
12875,-2137
12876,-2135
12877,-2133
12878,-2129
12879,-2128
12880,-2126
12881,-2124
12882,-2122
12883,-2120
12884,-2119
12885,-2117
12886,-2116
12887,-2115
12888,-2113
12889,-2111
12890,-2110
12891,-2108
12892,-2106
12893,-2105
12894,-2104
12895,-2104
12896,-2103
12897,-2104
12898,-2102
12899,-2101
12900,-2099
12901,-2096
12902,-2094
12903,-2093
12904,-2091
12905,-2090
12906,-2090
12907,-2088
12908,-2086
12909,-2084
12910,-2083
12911,-2081
12912,-2081
12913,-2080
12914,-2079
12915,-2080
12916,-2080
12917,-2080
12918,-2078
12919,-2078
12920,-2078
12921,-2078
12922,-2078
12923,-2078
12924,-2077
12925,-2078
12926,-2079
12927,-2078
12928,-2077
12929,-2078
12930,-2078
12931,-2077
12932,-2077
12933,-2074
12934,-2072
12935,-2069
12936,-2068
12937,-2068
12938,-2067
12939,-2068
12940,-2068
12941,-2066
12942,-2066
12943,-2066
12944,-2064
12945,-2063
12946,-2060
12947,-2059
12948,-2059
12949,-2058
12950,-2058
12951,-2058
12952,-2057
12953,-2057
12954,-2059
12955,-2057
12956,-2055
12957,-2053
12958,-2051
12959,-2049
12960,-2049
12961,-2046
12962,-2043
12963,-2041
12964,-2039
12965,-2038
12966,-2034
12967,-2032
12968,-2029
12969,-2027
12970,-2023
12971,-2022
12972,-2021
12973,-2019
12974,-2017
12975,-2016
12976,-2015
12977,-2015
12978,-2014
12979,-2012
12980,-2013
12981,-2011
12982,-2010
12983,-2010
12984,-2009
12985,-2007
12986,-2005
12987,-2005
12988,-2003
12989,-2000
12990,-1998
12991,-1996
12992,-1992
12993,-1989
12994,-1987
12995,-1985
12996,-1983
12997,-1981
12998,-1980
12999,-1977
13000,-1977
13001,-1976
13002,-1975
13003,-1973
13004,-1971
13005,-1970
13006,-1969
13007,-1968
13008,-1968
13009,-1967
13010,-1965
13011,-1967
13012,-1965
13013,-1964
13014,-1963
13015,-1963
13016,-1962
13017,-1960
13018,-1959
13019,-1959
13020,-1958
13021,-1956
13022,-1955
13023,-1954
13024,-1954
13025,-1953
13026,-1952
13027,-1950
13028,-1948
13029,-1948
13030,-1949
13031,-1949
13032,-1948
13033,-1949
13034,-1947
13035,-1945
13036,-1943
13037,-1943
13038,-1942
13039,-1942
13040,-1939
13041,-1937
13042,-1936
13043,-1935
13044,-1936
13045,-1933
13046,-1931
13047,-1929
13048,-1926
13049,-1924
13050,-1924
13051,-1920
13052,-1916
13053,-1914
13054,-1912
13055,-1908
13056,-1905
13057,-1903
13058,-1900
13059,-1899
13060,-1896
13061,-1893
13062,-1893
13063,-1889
13064,-1886
13065,-1886
13066,-1883
13067,-1880
13068,-1879
13069,-1876
13070,-1876
13071,-1874
13072,-1872
13073,-1871
13074,-1871
13075,-1868
13076,-1864
13077,-1863
13078,-1859
13079,-1857
13080,-1854
13081,-1850
13082,-1847
13083,-1844
13084,-1840
13085,-1838
13086,-1835
13087,-1833
13088,-1832
13089,-1828
13090,-1824
13091,-1821
13092,-1820
13093,-1817
13094,-1815
13095,-1814
13096,-1813
13097,-1811
13098,-1808
13099,-1807
13100,-1808
13101,-1807
13102,-1803
13103,-1803
13104,-1801
13105,-1800
13106,-1798
13107,-1795
13108,-1791
13109,-1787
13110,-1783
13111,-1780
13112,-1778
13113,-1774
13114,-1770
13115,-1767
13116,-1771
13117,-1774
13118,-1772
13119,-1768
13120,-1764
13121,-1763
13122,-1765
13123,-1764
13124,-1762
13125,-1762
13126,-1760
13127,-1760
13128,-1763
13129,-1767
13130,-1770
13131,-1772
13132,-1774
13133,-1771
13134,-1771
13135,-1772
13136,-1770
13137,-1770
13138,-1773
13139,-1772
13140,-1769
13141,-1765
13142,-1763
13143,-1766
13144,-1769
13145,-1767
13146,-1763
13147,-1759
13148,-1756
13149,-1757
13150,-1761
13151,-1765
13152,-1769
13153,-1770
13154,-1767
13155,-1764
13156,-1764
13157,-1766
13158,-1770
13159,-1773
13160,-1777
13161,-1781
13162,-1783
13163,-1779
13164,-1774
13165,-1772
13166,-1774
13167,-1776
13168,-1776
13169,-1777
13170,-1773
13171,-1773
13172,-1777
13173,-1781
13174,-1782
13175,-1784
13176,-1782
13177,-1778
13178,-1776
13179,-1773
13180,-1771
13181,-1773
13182,-1776
13183,-1776
13184,-1774
13185,-1771
13186,-1772
13187,-1775
13188,-1774
13189,-1771
13190,-1772
13191,-1777
13192,-1780
13193,-1781
13194,-1783
13195,-1785
13196,-1785
13197,-1786
13198,-1786
13199,-1790
13200,-1794
13201,-1792
13202,-1791
13203,-1793
13204,-1797
13205,-1800
13206,-1803
13207,-1806
13208,-1810
13209,-1810
13210,-1807
13211,-1808
13212,-1812
13213,-1814
13214,-1811
13215,-1812
13216,-1812
13217,-1809
13218,-1806
13219,-1810
13220,-1814
13221,-1817
13222,-1815
13223,-1814
13224,-1817
13225,-1822
13226,-1828
13227,-1831
13228,-1834
13229,-1837
13230,-1841
13231,-1845
13232,-1849
13233,-1853
13234,-1854
13235,-1855
13236,-1854
13237,-1851
13238,-1847
13239,-1844
13240,-1843
13241,-1847
13242,-1849
13243,-1851
13244,-1855
13245,-1857
13246,-1857
13247,-1855
13248,-1858
13249,-1860
13250,-1864
13251,-1868
13252,-1871
13253,-1874
13254,-1878
13255,-1882
13256,-1881
13257,-1878
13258,-1878
13259,-1883
13260,-1886
13261,-1890
13262,-1894
13263,-1898
13264,-1902
13265,-1905
13266,-1904
13267,-1902
13268,-1905
13269,-1908
13270,-1912
13271,-1916
13272,-1920
13273,-1919
13274,-1919
13275,-1919
13276,-1922
13277,-1926
13278,-1930
13279,-1933
13280,-1937
13281,-1939
13282,-1936
13283,-1932
13284,-1928
13285,-1926
13286,-1930
13287,-1934
13288,-1938
13289,-1942
13290,-1940
13291,-1938
13292,-1942
13293,-1942
13294,-1941
13295,-1940
13296,-1942
13297,-1945
13298,-1947
13299,-1946
13300,-1944
13301,-1941
13302,-1944
13303,-1948
13304,-1950
13305,-1954
13306,-1956
13307,-1952
13308,-1949
13309,-1947
13310,-1950
13311,-1954
13312,-1953
13313,-1950
13314,-1947
13315,-1949
13316,-1953
13317,-1956
13318,-1958
13319,-1956
13320,-1951
13321,-1948
13322,-1944
13323,-1940
13324,-1943
13325,-1947
13326,-1947
13327,-1945
13328,-1947
13329,-1952
13330,-1949
13331,-1945
13332,-1945
13333,-1948
13334,-1948
13335,-1946
13336,-1942
13337,-1938
13338,-1939
13339,-1935
13340,-1930
13341,-1928
13342,-1930
13343,-1933
13344,-1936
13345,-1933
13346,-1934
13347,-1938
13348,-1936
13349,-1933
13350,-1930
13351,-1930
13352,-1935
13353,-1939
13354,-1935
13355,-1931
13356,-1927
13357,-1923
13358,-1924
13359,-1928
13360,-1931
13361,-1929
13362,-1926
13363,-1924
13364,-1921
13365,-1916
13366,-1919
13367,-1923
13368,-1926
13369,-1930
13370,-1928
13371,-1928
13372,-1932
13373,-1933
13374,-1929
13375,-1925
13376,-1924
13377,-1928
13378,-1932
13379,-1933
13380,-1931
13381,-1929
13382,-1926
13383,-1922
13384,-1924
13385,-1924
13386,-1922
13387,-1921
13388,-1925
13389,-1930
13390,-1934
13391,-1934
13392,-1931
13393,-1929
13394,-1928
13395,-1925
13396,-1926
13397,-1929
13398,-1931
13399,-1933
13400,-1933
13401,-1935
13402,-1938
13403,-1938
13404,-1938
13405,-1942
13406,-1946
13407,-1948
13408,-1949
13409,-1949
13410,-1951
13411,-1954
13412,-1958
13413,-1961
13414,-1960
13415,-1957
13416,-1953
13417,-1949
13418,-1951
13419,-1954
13420,-1952
13421,-1953
13422,-1956
13423,-1960
13424,-1962
13425,-1964
13426,-1967
13427,-1971
13428,-1975
13429,-1979
13430,-1983
13431,-1985
13432,-1986
13433,-1987
13434,-1987
13435,-1985
13436,-1986
13437,-1987
13438,-1990
13439,-1994
13440,-1996
13441,-1998
13442,-2002
13443,-2006
13444,-2009
13445,-2009
13446,-2011
13447,-2015
13448,-2017
13449,-2017
13450,-2017
13451,-2018
13452,-2021
13453,-2019
13454,-2020
13455,-2024
13456,-2028
13457,-2030
13458,-2033
13459,-2037
13460,-2042
13461,-2042
13462,-2039
13463,-2035
13464,-2032
13465,-2032
13466,-2033
13467,-2037
13468,-2039
13469,-2038
13470,-2040
13471,-2043
13472,-2043
13473,-2042
13474,-2043
13475,-2042
13476,-2043
13477,-2045
13478,-2046
13479,-2044
13480,-2043
13481,-2039
13482,-2036
13483,-2035
13484,-2035
13485,-2038
13486,-2042
13487,-2047
13488,-2052
13489,-2055
13490,-2053
13491,-2056
13492,-2060
13493,-2064
13494,-2064
13495,-2060
13496,-2058
13497,-2056
13498,-2052
13499,-2048
13500,-2046
13501,-2046
13502,-2050
13503,-2051
13504,-2047
13505,-2044
13506,-2042
13507,-2044
13508,-2046
13509,-2045
13510,-2048
13511,-2053
13512,-2056
13513,-2060
13514,-2059
13515,-2054
13516,-2050
13517,-2046
13518,-2043
13519,-2041
13520,-2043
13521,-2046
13522,-2048
13523,-2047
13524,-2043
13525,-2040
13526,-2040
13527,-2039
13528,-2039
13529,-2039
13530,-2037
13531,-2032
13532,-2029
13533,-2026
13534,-2022
13535,-2022
13536,-2024
13537,-2026
13538,-2027
13539,-2029
13540,-2028
13541,-2026
13542,-2022
13543,-2020
13544,-2023
13545,-2021
13546,-2020
13547,-2018
13548,-2021
13549,-2025
13550,-2028
13551,-2031
13552,-2033
13553,-2030
13554,-2028
13555,-2031
13556,-2033
13557,-2036
13558,-2035
13559,-2031
13560,-2027
13561,-2024
13562,-2021
13563,-2019
13564,-2019
13565,-2019
13566,-2021
13567,-2024
13568,-2027
13569,-2028
13570,-2027
13571,-2023
13572,-2020
13573,-2015
13574,-2012
13575,-2009
13576,-2007
13577,-2007
13578,-2004
13579,-2001
13580,-1999
13581,-2000
13582,-1998
13583,-1999
13584,-1999
13585,-1998
13586,-1998
13587,-1995
13588,-1990
13589,-1986
13590,-1982
13591,-1980
13592,-1981
13593,-1979
13594,-1975
13595,-1971
13596,-1969
13597,-1965
13598,-1962
13599,-1962
13600,-1958
13601,-1954
13602,-1950
13603,-1946
13604,-1943
13605,-1944
13606,-1944
13607,-1943
13608,-1939
13609,-1936
13610,-1935
13611,-1933
13612,-1929
13613,-1925
13614,-1922
13615,-1919
13616,-1915
13617,-1912
13618,-1912
13619,-1911
13620,-1909
13621,-1909
13622,-1909
13623,-1910
13624,-1910
13625,-1908
13626,-1904
13627,-1900
13628,-1896
13629,-1892
13630,-1889
13631,-1887
13632,-1885
13633,-1882
13634,-1879
13635,-1876
13636,-1876
13637,-1875
13638,-1871
13639,-1867
13640,-1868
13641,-1867
13642,-1866
13643,-1866
13644,-1864
13645,-1864
13646,-1865
13647,-1867
13648,-1868
13649,-1869
13650,-1865
13651,-1862
13652,-1864
13653,-1866
13654,-1864
13655,-1861
13656,-1858
13657,-1854
13658,-1850
13659,-1846
13660,-1848
13661,-1850
13662,-1847
13663,-1844
13664,-1846
13665,-1846
13666,-1849
13667,-1852
13668,-1851
13669,-1853
13670,-1857
13671,-1858
13672,-1859
13673,-1859
13674,-1856
13675,-1859
13676,-1857
13677,-1853
13678,-1851
13679,-1848
13680,-1846
13681,-1847
13682,-1849
13683,-1846
13684,-1845
13685,-1844
13686,-1840
13687,-1839
13688,-1842
13689,-1846
13690,-1847
13691,-1846
13692,-1844
13693,-1847
13694,-1851
13695,-1850
13696,-1849
13697,-1851
13698,-1850
13699,-1853
13700,-1856
13701,-1854
13702,-1851
13703,-1848
13704,-1847
13705,-1848
13706,-1851
13707,-1856
13708,-1860
13709,-1861
13710,-1862
13711,-1864
13712,-1867
13713,-1868
13714,-1870
13715,-1872
13716,-1870
13717,-1871
13718,-1873
13719,-1876
13720,-1876
13721,-1877
13722,-1877
13723,-1879
13724,-1883
13725,-1887
13726,-1892
13727,-1896
13728,-1896
13729,-1896
13730,-1899
13731,-1901
13732,-1903
13733,-1908
13734,-1912
13735,-1914
13736,-1916
13737,-1918
13738,-1919
13739,-1923
13740,-1927
13741,-1930
13742,-1933
13743,-1936
13744,-1938
13745,-1940
13746,-1940
13747,-1939
13748,-1940
13749,-1939
13750,-1942
13751,-1946
13752,-1947
13753,-1947
13754,-1950
13755,-1954
13756,-1956
13757,-1956
13758,-1957
13759,-1959
13760,-1963
13761,-1967
13762,-1971
13763,-1975
13764,-1978
13765,-1982
13766,-1984
13767,-1986
13768,-1988
13769,-1991
13770,-1995
13771,-1999
13772,-2001
13773,-2004
13774,-2008
13775,-2006
13776,-2008
13777,-2012
13778,-2014
13779,-2014
13780,-2014
13781,-2017
13782,-2020
13783,-2022
13784,-2021
13785,-2023
13786,-2024
13787,-2028
13788,-2032
13789,-2036
13790,-2040
13791,-2043
13792,-2045
13793,-2046
13794,-2047
13795,-2047
13796,-2051
13797,-2050
13798,-2052
13799,-2052
13800,-2051
13801,-2053
13802,-2055
13803,-2059
13804,-2062
13805,-2065
13806,-2066
13807,-2067
13808,-2067
13809,-2070
13810,-2075
13811,-2077
13812,-2075
13813,-2074
13814,-2076
13815,-2079
13816,-2080
13817,-2081
13818,-2085
13819,-2089
13820,-2092
13821,-2094
13822,-2097
13823,-2098
13824,-2098
13825,-2100
13826,-2104
13827,-2107
13828,-2108
13829,-2112
13830,-2113
13831,-2114
13832,-2117
13833,-2119
13834,-2120
13835,-2122
13836,-2121
13837,-2123
13838,-2127
13839,-2129
13840,-2132
13841,-2135
13842,-2138
13843,-2136
13844,-2135
13845,-2136
13846,-2140
13847,-2142
13848,-2143
13849,-2143
13850,-2142
13851,-2144
13852,-2144
13853,-2147
13854,-2151
13855,-2156
13856,-2154
13857,-2153
13858,-2155
13859,-2157
13860,-2160
13861,-2158
13862,-2156
13863,-2156
13864,-2160
13865,-2162
13866,-2164
13867,-2164
13868,-2162
13869,-2158
13870,-2157
13871,-2157
13872,-2155
13873,-2155
13874,-2154
13875,-2156
13876,-2157
13877,-2157
13878,-2156
13879,-2155
13880,-2151
13881,-2147
13882,-2148
13883,-2149
13884,-2148
13885,-2147
13886,-2148
13887,-2144
13888,-2143
13889,-2140
13890,-2137
13891,-2134
13892,-2131
13893,-2129
13894,-2125
13895,-2124
13896,-2123
13897,-2121
13898,-2118
13899,-2113
13900,-2109
13901,-2107
13902,-2103
13903,-2105
13904,-2107
13905,-2107
13906,-2108
13907,-2107
13908,-2104
13909,-2100
13910,-2097
13911,-2093
13912,-2096
13913,-2097
13914,-2093
13915,-2090
13916,-2089
13917,-2086
13918,-2081
13919,-2077
13920,-2073
13921,-2070
13922,-2068
13923,-2069
13924,-2067
13925,-2062
13926,-2057
13927,-2054
13928,-2051
13929,-2049
13930,-2048
13931,-2046
13932,-2045
13933,-2042
13934,-2038
13935,-2037
13936,-2040
13937,-2037
13938,-2033
13939,-2029
13940,-2025
13941,-2021
13942,-2017
13943,-2013
13944,-2008
13945,-2007
13946,-2004
13947,-2002
13948,-1999
13949,-1994
13950,-1990
13951,-1986
13952,-1983
13953,-1979
13954,-1977
13955,-1973
13956,-1971
13957,-1967
13958,-1963
13959,-1959
13960,-1955
13961,-1950
13962,-1946
13963,-1943
13964,-1938
13965,-1935
13966,-1931
13967,-1928
13968,-1928
13969,-1927
13970,-1924
13971,-1920
13972,-1915
13973,-1911
13974,-1907
13975,-1903
13976,-1900
13977,-1896
13978,-1892
13979,-1888
13980,-1886
13981,-1885
13982,-1886
13983,-1882
13984,-1878
13985,-1874
13986,-1869
13987,-1866
13988,-1862
13989,-1859
13990,-1855
13991,-1850
13992,-1846
13993,-1842
13994,-1839
13995,-1836
13996,-1833
13997,-1829
13998,-1826
13999,-1822
14000,-1818
14001,-1814
14002,-1811
14003,-1807
14004,-1804
14005,-1800
14006,-1795
14007,-1792
14008,-1787
14009,-1784
14010,-1781
14011,-1778
14012,-1774
14013,-1770
14014,-1766
14015,-1761
14016,-1757
14017,-1753
14018,-1749
14019,-1745
14020,-1742
14021,-1738
14022,-1734
14023,-1730
14024,-1730
14025,-1728
14026,-1724
14027,-1720
14028,-1717
14029,-1713
14030,-1708
14031,-1704
14032,-1700
14033,-1696
14034,-1692
14035,-1688
14036,-1684
14037,-1680
14038,-1675
14039,-1671
14040,-1666
14041,-1662
14042,-1658
14043,-1653
14044,-1648
14045,-1644
14046,-1641
14047,-1637
14048,-1632
14049,-1629
14050,-1624
14051,-1620
14052,-1616
14053,-1613
14054,-1610
14055,-1608
14056,-1604
14057,-1600
14058,-1597
14059,-1593
14060,-1588
14061,-1584
14062,-1580
14063,-1576
14064,-1572
14065,-1568
14066,-1563
14067,-1560
14068,-1557
14069,-1553
14070,-1550
14071,-1546
14072,-1542
14073,-1539
14074,-1535
14075,-1532
14076,-1529
14077,-1525
14078,-1520
14079,-1516
14080,-1513
14081,-1509
14082,-1509
14083,-1509
14084,-1505
14085,-1503
14086,-1501
14087,-1498
14088,-1499
14089,-1497
14090,-1494
14091,-1490
14092,-1489
14093,-1486
14094,-1483
14095,-1481
14096,-1478
14097,-1475
14098,-1471
14099,-1467
14100,-1463
14101,-1459
14102,-1456
14103,-1454
14104,-1452
14105,-1447
14106,-1444
14107,-1443
14108,-1440
14109,-1437
14110,-1435
14111,-1433
14112,-1432
14113,-1432
14114,-1431
14115,-1429
14116,-1426
14117,-1422
14118,-1426
14119,-1429
14120,-1430
14121,-1432
14122,-1434
14123,-1437
14124,-1438
14125,-1436
14126,-1433
14127,-1436
14128,-1437
14129,-1438
14130,-1439
14131,-1440
14132,-1440
14133,-1437
14134,-1437
14135,-1438
14136,-1440
14137,-1438
14138,-1437
14139,-1434
14140,-1432
14141,-1435
14142,-1437
14143,-1440
14144,-1442
14145,-1443
14146,-1443
14147,-1443
14148,-1441
14149,-1443
14150,-1441
14151,-1442
14152,-1444
14153,-1442
14154,-1440
14155,-1440
14156,-1439
14157,-1439
14158,-1440
14159,-1438
14160,-1438
14161,-1439
14162,-1441
14163,-1441
14164,-1443
14165,-1447
14166,-1450
14167,-1454
14168,-1457
14169,-1459
14170,-1460
14171,-1461
14172,-1463
14173,-1467
14174,-1466
14175,-1469
14176,-1472
14177,-1472
14178,-1473
14179,-1477
14180,-1481
14181,-1484
14182,-1487
14183,-1487
14184,-1491
14185,-1491
14186,-1491
14187,-1494
14188,-1497
14189,-1498
14190,-1500
14191,-1504
14192,-1505
14193,-1508
14194,-1511
14195,-1515
14196,-1520
14197,-1526
14198,-1530
14199,-1532
14200,-1535
14201,-1536
14202,-1538
14203,-1540
14204,-1544
14205,-1547
14206,-1549
14207,-1553
14208,-1557
14209,-1561
14210,-1565
14211,-1566
14212,-1565
14213,-1566
14214,-1569
14215,-1574
14216,-1578
14217,-1583
14218,-1587
14219,-1590
14220,-1594
14221,-1599
14222,-1602
14223,-1607
14224,-1611
14225,-1612
14226,-1615
14227,-1618
14228,-1620
14229,-1623
14230,-1626
14231,-1630
14232,-1634
14233,-1637
14234,-1641
14235,-1646
14236,-1651
14237,-1655
14238,-1658
14239,-1662
14240,-1666
14241,-1669
14242,-1672
14243,-1676
14244,-1680
14245,-1684
14246,-1689
14247,-1693
14248,-1697
14249,-1701
14250,-1705
14251,-1710
14252,-1714
14253,-1718
14254,-1724
14255,-1727
14256,-1730
14257,-1733
14258,-1736
14259,-1740
14260,-1744
14261,-1748
14262,-1751
14263,-1755
14264,-1759
14265,-1763
14266,-1767
14267,-1770
14268,-1774
14269,-1778
14270,-1781
14271,-1784
14272,-1788
14273,-1792
14274,-1796
14275,-1800
14276,-1804
14277,-1809
14278,-1813
14279,-1818
14280,-1822
14281,-1825
14282,-1829
14283,-1833
14284,-1836
14285,-1839
14286,-1843
14287,-1848
14288,-1851
14289,-1856
14290,-1861
14291,-1864
14292,-1869
14293,-1873
14294,-1877
14295,-1880
14296,-1883
14297,-1886
14298,-1891
14299,-1893
14300,-1896
14301,-1900
14302,-1904
14303,-1908
14304,-1912
14305,-1916
14306,-1920
14307,-1924
14308,-1928
14309,-1933
14310,-1936
14311,-1939
14312,-1942
14313,-1944
14314,-1946
14315,-1948
14316,-1952
14317,-1956
14318,-1961
14319,-1965
14320,-1968
14321,-1971
14322,-1975
14323,-1978
14324,-1981
14325,-1985
14326,-1989
14327,-1993
14328,-1997
14329,-2002
14330,-2006
14331,-2010
14332,-2011
14333,-2015
14334,-2018
14335,-2020
14336,-2022
14337,-2025
14338,-2029
14339,-2033
14340,-2037
14341,-2041
14342,-2045
14343,-2049
14344,-2053
14345,-2057
14346,-2060
14347,-2064
14348,-2068
14349,-2072
14350,-2076
14351,-2080
14352,-2083
14353,-2087
14354,-2091
14355,-2096
14356,-2100
14357,-2104
14358,-2108
14359,-2111
14360,-2115
14361,-2119
14362,-2123
14363,-2127
14364,-2130
14365,-2134
14366,-2138
14367,-2142
14368,-2146
14369,-2150
14370,-2154
14371,-2156
14372,-2158
14373,-2161
14374,-2165
14375,-2169
14376,-2172
14377,-2174
14378,-2178
14379,-2182
14380,-2186
14381,-2190
14382,-2194
14383,-2198
14384,-2202
14385,-2206
14386,-2210
14387,-2214
14388,-2218
14389,-2222
14390,-2227
14391,-2231
14392,-2235
14393,-2238
14394,-2241
14395,-2245
14396,-2249
14397,-2253
14398,-2256
14399,-2260
14400,-2264
14401,-2268
14402,-2272
14403,-2276
14404,-2280
14405,-2284
14406,-2288
14407,-2291
14408,-2295
14409,-2299
14410,-2303
14411,-2307
14412,-2310
14413,-2312
14414,-2316
14415,-2319
14416,-2322
14417,-2325
14418,-2329
14419,-2333
14420,-2337
14421,-2341
14422,-2343
14423,-2346
14424,-2349
14425,-2353
14426,-2358
14427,-2362
14428,-2366
14429,-2371
14430,-2376
14431,-2379
14432,-2382
14433,-2385
14434,-2388
14435,-2391
14436,-2396
14437,-2400
14438,-2404
14439,-2409
14440,-2412
14441,-2416
14442,-2419
14443,-2424
14444,-2427
14445,-2430
14446,-2433
14447,-2436
14448,-2441
14449,-2444
14450,-2447
14451,-2450
14452,-2453
14453,-2455
14454,-2459
14455,-2462
14456,-2466
14457,-2469
14458,-2472
14459,-2476
14460,-2479
14461,-2483
14462,-2486
14463,-2490
14464,-2492
14465,-2494
14466,-2496
14467,-2499
14468,-2498
14469,-2502
14470,-2504
14471,-2505
14472,-2508
14473,-2509
14474,-2510
14475,-2509
14476,-2509
14477,-2509
14478,-2510
14479,-2508
14480,-2512
14481,-2511
14482,-2509
14483,-2509
14484,-2508
14485,-2507
14486,-2504
14487,-2503
14488,-2501
14489,-2501
14490,-2497
14491,-2497
14492,-2497
14493,-2492
14494,-2489
14495,-2485
14496,-2482
14497,-2478
14498,-2475
14499,-2471
14500,-2469
14501,-2468
14502,-2464
14503,-2460
14504,-2457
14505,-2455
14506,-2454
14507,-2450
14508,-2446
14509,-2443
14510,-2439
14511,-2435
14512,-2430
14513,-2425
14514,-2423
14515,-2423
14516,-2418
14517,-2414
14518,-2410
14519,-2406
14520,-2401
14521,-2397
14522,-2394
14523,-2390
14524,-2386
14525,-2381
14526,-2377
14527,-2373
14528,-2367
14529,-2364
14530,-2360
14531,-2356
14532,-2352
14533,-2349
14534,-2344
14535,-2340
14536,-2336
14537,-2332
14538,-2327
14539,-2323
14540,-2319
14541,-2314
14542,-2310
14543,-2307
14544,-2304
14545,-2301
14546,-2298
14547,-2294
14548,-2292
14549,-2288
14550,-2284
14551,-2281
14552,-2277
14553,-2272
14554,-2267
14555,-2263
14556,-2258
14557,-2254
14558,-2251
14559,-2247
14560,-2241
14561,-2237
14562,-2234
14563,-2231
14564,-2227
14565,-2224
14566,-2220
14567,-2216
14568,-2212
14569,-2208
14570,-2204
14571,-2200
14572,-2196
14573,-2192
14574,-2188
14575,-2184
14576,-2180
14577,-2176
14578,-2172
14579,-2167
14580,-2164
14581,-2160
14582,-2155
14583,-2150
14584,-2147
14585,-2144
14586,-2140
14587,-2137
14588,-2133
14589,-2130
14590,-2126
14591,-2122
14592,-2118
14593,-2115
14594,-2110
14595,-2105
14596,-2101
14597,-2097
14598,-2093
14599,-2089
14600,-2085
14601,-2081
14602,-2077
14603,-2073
14604,-2069
14605,-2065
14606,-2061
14607,-2057
14608,-2052
14609,-2047
14610,-2043
14611,-2039
14612,-2035
14613,-2031
14614,-2027
14615,-2023
14616,-2020
14617,-2016
14618,-2012
14619,-2007
14620,-2004
14621,-2004
14622,-2003
14623,-2003
14624,-2000
14625,-1997
14626,-1994
14627,-1994
14628,-1991
14629,-1987
14630,-1983
14631,-1979
14632,-1976
14633,-1972
14634,-1968
14635,-1963
14636,-1960
14637,-1956
14638,-1952
14639,-1947
14640,-1944
14641,-1939
14642,-1936
14643,-1934
14644,-1935
14645,-1935
14646,-1933
14647,-1931
14648,-1928
14649,-1925
14650,-1920
14651,-1917
14652,-1914
14653,-1910
14654,-1906
14655,-1902
14656,-1898
14657,-1894
14658,-1891
14659,-1887
14660,-1884
14661,-1880
14662,-1877
14663,-1873
14664,-1869
14665,-1866
14666,-1862
14667,-1859
14668,-1856
14669,-1853
14670,-1850
14671,-1849
14672,-1846
14673,-1842
14674,-1838
14675,-1834
14676,-1830
14677,-1826
14678,-1821
14679,-1817
14680,-1814
14681,-1810
14682,-1806
14683,-1803
14684,-1803
14685,-1800
14686,-1796
14687,-1792
14688,-1789
14689,-1786
14690,-1782
14691,-1779
14692,-1775
14693,-1772
14694,-1768
14695,-1766
14696,-1762
14697,-1758
14698,-1754
14699,-1751
14700,-1751
14701,-1750
14702,-1749
14703,-1746
14704,-1743
14705,-1740
14706,-1740
14707,-1739
14708,-1736
14709,-1732
14710,-1728
14711,-1724
14712,-1721
14713,-1717
14714,-1712
14715,-1708
14716,-1704
14717,-1703
14718,-1702
14719,-1698
14720,-1695
14721,-1692
14722,-1688
14723,-1685
14724,-1683
14725,-1680
14726,-1677
14727,-1673
14728,-1670
14729,-1666
14730,-1663
14731,-1661
14732,-1658
14733,-1653
14734,-1649
14735,-1645
14736,-1641
14737,-1637
14738,-1634
14739,-1630
14740,-1625
14741,-1621
14742,-1617
14743,-1613
14744,-1610
14745,-1606
14746,-1602
14747,-1598
14748,-1594
14749,-1590
14750,-1586
14751,-1581
14752,-1577
14753,-1574
14754,-1570
14755,-1566
14756,-1562
14757,-1559
14758,-1555
14759,-1552
14760,-1547
14761,-1543
14762,-1539
14763,-1538
14764,-1535
14765,-1531
14766,-1526
14767,-1522
14768,-1518
14769,-1514
14770,-1510
14771,-1506
14772,-1502
14773,-1498
14774,-1496
14775,-1493
14776,-1490
14777,-1485
14778,-1480
14779,-1477
14780,-1474
14781,-1474
14782,-1470
14783,-1466
14784,-1462
14785,-1459
14786,-1456
14787,-1454
14788,-1451
14789,-1447
14790,-1443
14791,-1439
14792,-1435
14793,-1431
14794,-1428
14795,-1423
14796,-1420
14797,-1415
14798,-1410
14799,-1405
14800,-1402
14801,-1399
14802,-1395
14803,-1393
14804,-1389
14805,-1386
14806,-1382
14807,-1379
14808,-1376
14809,-1372
14810,-1368
14811,-1366
14812,-1363
14813,-1359
14814,-1355
14815,-1351
14816,-1347
14817,-1343
14818,-1339
14819,-1335
14820,-1331
14821,-1328
14822,-1324
14823,-1321
14824,-1318
14825,-1314
14826,-1309
14827,-1306
14828,-1302
14829,-1299
14830,-1295
14831,-1291
14832,-1287
14833,-1283
14834,-1279
14835,-1274
14836,-1270
14837,-1266
14838,-1263
14839,-1259
14840,-1255
14841,-1252
14842,-1247
14843,-1243
14844,-1239
14845,-1235
14846,-1231
14847,-1227
14848,-1224
14849,-1220
14850,-1216
14851,-1212
14852,-1207
14853,-1205
14854,-1202
14855,-1199
14856,-1195
14857,-1191
14858,-1187
14859,-1184
14860,-1180
14861,-1176
14862,-1173
14863,-1169
14864,-1165
14865,-1162
14866,-1160
14867,-1158
14868,-1155
14869,-1152
14870,-1148
14871,-1145
14872,-1141
14873,-1137
14874,-1132
14875,-1128
14876,-1124
14877,-1124
14878,-1122
14879,-1118
14880,-1115
14881,-1112
14882,-1111
14883,-1111
14884,-1111
14885,-1107
14886,-1106
14887,-1105
14888,-1102
14889,-1098
14890,-1095
14891,-1092
14892,-1090
14893,-1087
14894,-1085
14895,-1085
14896,-1082
14897,-1079
14898,-1075
14899,-1072
14900,-1070
14901,-1073
14902,-1071
14903,-1069
14904,-1070
14905,-1071
14906,-1072
14907,-1072
14908,-1072
14909,-1069
14910,-1067
14911,-1066
14912,-1064
14913,-1062
14914,-1062
14915,-1060
14916,-1059
14917,-1057
14918,-1053
14919,-1051
14920,-1052
14921,-1052
14922,-1053
14923,-1053
14924,-1052
14925,-1053
14926,-1052
14927,-1050
14928,-1049
14929,-1049
14930,-1049
14931,-1048
14932,-1048
14933,-1047
14934,-1050
14935,-1051
14936,-1050
14937,-1052
14938,-1050
14939,-1049
14940,-1047
14941,-1045
14942,-1042
14943,-1043
14944,-1042
14945,-1040
14946,-1043
14947,-1042
14948,-1037
14949,-1036
14950,-1034
14951,-1031
14952,-1028
14953,-1026
14954,-1026
14955,-1026
14956,-1025
14957,-1026
14958,-1028
14959,-1025
14960,-1024
14961,-1024
14962,-1023
14963,-1023
14964,-1025
14965,-1029
14966,-1030
14967,-1032
14968,-1032
14969,-1032
14970,-1032
14971,-1032
14972,-1032
14973,-1030
14974,-1030
14975,-1030
14976,-1031
14977,-1032
14978,-1032
14979,-1034
14980,-1037
14981,-1037
14982,-1040
14983,-1042
14984,-1043
14985,-1047
14986,-1049
14987,-1052
14988,-1055
14989,-1056
14990,-1060
14991,-1062
14992,-1058
14993,-1057
14994,-1058
14995,-1060
14996,-1060
14997,-1060
14998,-1061
14999,-1057
15000,-1055
15001,-1056
15002,-1055
15003,-1051
15004,-1050
15005,-1049
15006,-1048
15007,-1045
15008,-1043
15009,-1043
15010,-1044
15011,-1043
15012,-1041
15013,-1045
15014,-1046
15015,-1044
15016,-1044
15017,-1048
15018,-1050
15019,-1051
15020,-1055
15021,-1058
15022,-1063
15023,-1066
15024,-1069
15025,-1074
15026,-1078
15027,-1079
15028,-1082
15029,-1085
15030,-1086
15031,-1085
15032,-1085
15033,-1089
15034,-1092
15035,-1094
15036,-1094
15037,-1096
15038,-1100
15039,-1102
15040,-1102
15041,-1104
15042,-1107
15043,-1111
15044,-1115
15045,-1117
15046,-1119
15047,-1121
15048,-1120
15049,-1122
15050,-1126
15051,-1125
15052,-1125
15053,-1127
15054,-1129
15055,-1132
15056,-1135
15057,-1138
15058,-1138
15059,-1139
15060,-1139
15061,-1142
15062,-1146
15063,-1150
15064,-1154
15065,-1158
15066,-1161
15067,-1164
15068,-1168
15069,-1169
15070,-1172
15071,-1172
15072,-1176
15073,-1180
15074,-1184
15075,-1189
15076,-1193
15077,-1197
15078,-1202
15079,-1206
15080,-1208
15081,-1213
15082,-1217
15083,-1220
15084,-1223
15085,-1227
15086,-1231
15087,-1235
15088,-1239
15089,-1243
15090,-1247
15091,-1250
15092,-1255
15093,-1259
15094,-1263
15095,-1266
15096,-1270
15097,-1274
15098,-1279
15099,-1284
15100,-1288
15101,-1291
15102,-1296
15103,-1300
15104,-1301
15105,-1305
15106,-1309
15107,-1312
15108,-1316
15109,-1320
15110,-1324
15111,-1326
15112,-1330
15113,-1334
15114,-1338
15115,-1341
15116,-1345
15117,-1349
15118,-1353
15119,-1357
15120,-1361
15121,-1366
15122,-1370
15123,-1374
15124,-1378
15125,-1382
15126,-1385
15127,-1389
15128,-1392
15129,-1396
15130,-1400
15131,-1405
15132,-1409
15133,-1413
15134,-1418
15135,-1422
15136,-1425
15137,-1429
15138,-1433
15139,-1437
15140,-1441
15141,-1445
15142,-1450
15143,-1454
15144,-1459
15145,-1463
15146,-1466
15147,-1470
15148,-1474
15149,-1478
15150,-1482
15151,-1486
15152,-1490
15153,-1495
15154,-1499
15155,-1504
15156,-1508
15157,-1511
15158,-1514
15159,-1518
15160,-1523
15161,-1527
15162,-1532
15163,-1536
15164,-1540
15165,-1544
15166,-1548
15167,-1552
15168,-1556
15169,-1560
15170,-1564
15171,-1567
15172,-1572
15173,-1577
15174,-1582
15175,-1586
15176,-1591
15177,-1594
15178,-1598
15179,-1602
15180,-1606
15181,-1609
15182,-1613
15183,-1617
15184,-1621
15185,-1625
15186,-1629
15187,-1634
15188,-1638
15189,-1643
15190,-1646
15191,-1650
15192,-1654
15193,-1659
15194,-1664
15195,-1669
15196,-1672
15197,-1676
15198,-1680
15199,-1685
15200,-1689
15201,-1693
15202,-1696
15203,-1700
15204,-1705
15205,-1709
15206,-1713
15207,-1718
15208,-1722
15209,-1726
15210,-1730
15211,-1733
15212,-1737
15213,-1741
15214,-1745
15215,-1748
15216,-1749
15217,-1751
15218,-1755
15219,-1759
15220,-1763
15221,-1766
15222,-1771
15223,-1774
15224,-1778
15225,-1781
15226,-1785
15227,-1789
15228,-1793
15229,-1795
15230,-1799
15231,-1803
15232,-1807
15233,-1810
15234,-1814
15235,-1818
15236,-1822
15237,-1826
15238,-1831
15239,-1835
15240,-1839
15241,-1843
15242,-1846
15243,-1849
15244,-1851
15245,-1852
15246,-1855
15247,-1859
15248,-1863
15249,-1866
15250,-1869
15251,-1872
15252,-1876
15253,-1878
15254,-1881
15255,-1883
15256,-1887
15257,-1890
15258,-1893
15259,-1896
15260,-1898
15261,-1901
15262,-1904
15263,-1908
15264,-1912
15265,-1916
15266,-1920
15267,-1923
15268,-1927
15269,-1930
15270,-1934
15271,-1938
15272,-1942
15273,-1947
15274,-1951
15275,-1954
15276,-1959
15277,-1963
15278,-1966
15279,-1970
15280,-1974
15281,-1978
15282,-1982
15283,-1986
15284,-1987
15285,-1991
15286,-1995
15287,-1996
15288,-1998
15289,-2000
15290,-2003
15291,-2005
15292,-2005
15293,-2006
15294,-2009
15295,-2011
15296,-2013
15297,-2013
15298,-2015
15299,-2016
15300,-2016
15301,-2017
15302,-2021
15303,-2024
15304,-2025
15305,-2027
15306,-2028
15307,-2029
15308,-2028
15309,-2026
15310,-2027
15311,-2027
15312,-2025
15313,-2025
15314,-2024
15315,-2024
15316,-2027
15317,-2029
15318,-2032
15319,-2033
15320,-2031
15321,-2028
15322,-2030
15323,-2028
15324,-2024
15325,-2021
15326,-2020
15327,-2021
15328,-2022
15329,-2021
15330,-2020
15331,-2019
15332,-2016
15333,-2014
15334,-2013
15335,-2011
15336,-2009
15337,-2008
15338,-2010
15339,-2010
15340,-2011
15341,-2011
15342,-2012
15343,-2014
15344,-2015
15345,-2014
15346,-2014
15347,-2013
15348,-2011
15349,-2012
15350,-2011
15351,-2011
15352,-2011
15353,-2012
15354,-2013
15355,-2013
15356,-2011
15357,-2011
15358,-2011
15359,-2011
15360,-2011
15361,-2010
15362,-2010
15363,-2007
15364,-2006
15365,-2007
15366,-2008
15367,-2007
15368,-2006
15369,-2005
15370,-2004
15371,-2004
15372,-2005
15373,-2007
15374,-2008
15375,-2009
15376,-2010
15377,-2011
15378,-2011
15379,-2012
15380,-2013
15381,-2013
15382,-2013
15383,-2011
15384,-2008
15385,-2007
15386,-2007
15387,-2007
15388,-2009
15389,-2011
15390,-2015
15391,-2015
15392,-2014
15393,-2016
15394,-2016
15395,-2016
15396,-2016
15397,-2015
15398,-2014
15399,-2015
15400,-2015
15401,-2015
15402,-2012
15403,-2009
15404,-2008
15405,-2006
15406,-2003
15407,-2001
15408,-1999
15409,-1997
15410,-1997
15411,-1994
15412,-1994
15413,-1993
15414,-1990
15415,-1989
15416,-1989
15417,-1991
15418,-1992
15419,-1993
15420,-1991
15421,-1992
15422,-1990
15423,-1987
15424,-1986
15425,-1983
15426,-1980
15427,-1976
15428,-1973
15429,-1970
15430,-1968
15431,-1966
15432,-1967
15433,-1965
15434,-1963
15435,-1962
15436,-1962
15437,-1961
15438,-1958
15439,-1955
15440,-1952
15441,-1951
15442,-1950
15443,-1951
15444,-1950
15445,-1946
15446,-1944
15447,-1942
15448,-1938
15449,-1937
15450,-1936
15451,-1933
15452,-1931
15453,-1928
15454,-1925
15455,-1922
15456,-1920
15457,-1918
15458,-1914
15459,-1911
15460,-1910
15461,-1905
15462,-1901
15463,-1897
15464,-1893
15465,-1889
15466,-1884
15467,-1881
15468,-1879
15469,-1876
15470,-1872
15471,-1870
15472,-1869
15473,-1867
15474,-1864
15475,-1860
15476,-1857
15477,-1853
15478,-1849
15479,-1845
15480,-1843
15481,-1841
15482,-1837
15483,-1834
15484,-1831
15485,-1829
15486,-1825
15487,-1823
15488,-1821
15489,-1820
15490,-1816
15491,-1813
15492,-1810
15493,-1809
15494,-1807
15495,-1805
15496,-1806
15497,-1805
15498,-1802
15499,-1799
15500,-1796
15501,-1792
15502,-1789
15503,-1787
15504,-1783
15505,-1779
15506,-1775
15507,-1771
15508,-1767
15509,-1763
15510,-1759
15511,-1756
15512,-1752
15513,-1747
15514,-1743
15515,-1743
15516,-1740
15517,-1738
15518,-1739
15519,-1740
15520,-1741
15521,-1739
15522,-1738
15523,-1736
15524,-1734
15525,-1731
15526,-1730
15527,-1729
15528,-1727
15529,-1725
15530,-1725
15531,-1727
15532,-1728
15533,-1729
15534,-1727
15535,-1725
15536,-1722
15537,-1719
15538,-1716
15539,-1714
15540,-1713
15541,-1711
15542,-1707
15543,-1704
15544,-1700
15545,-1697
15546,-1695
15547,-1691
15548,-1690
15549,-1688
15550,-1688
15551,-1686
15552,-1686
15553,-1687
15554,-1687
15555,-1686
15556,-1684
15557,-1682
15558,-1681
15559,-1680
15560,-1677
15561,-1676
15562,-1673
15563,-1671
15564,-1669
15565,-1665
15566,-1664
15567,-1661
15568,-1659
15569,-1657
15570,-1654
15571,-1651
15572,-1648
15573,-1645
15574,-1644
15575,-1643
15576,-1641
15577,-1639
15578,-1635
15579,-1631
15580,-1627
15581,-1626
15582,-1623
15583,-1620
15584,-1617
15585,-1614
15586,-1611
15587,-1609
15588,-1607
15589,-1607
15590,-1607
15591,-1605
15592,-1603
15593,-1599
15594,-1599
15595,-1597
15596,-1594
15597,-1591
15598,-1591
15599,-1593
15600,-1595
15601,-1597
15602,-1594
15603,-1592
15604,-1589
15605,-1590
15606,-1589
15607,-1586
15608,-1583
15609,-1583
15610,-1585
15611,-1588
15612,-1591
15613,-1591
15614,-1589
15615,-1587
15616,-1589
15617,-1590
15618,-1588
15619,-1587
15620,-1585
15621,-1585
15622,-1585
15623,-1587
15624,-1586
15625,-1587
15626,-1587
15627,-1587
15628,-1586
15629,-1587
15630,-1589
15631,-1591
15632,-1592
15633,-1594
15634,-1596
15635,-1596
15636,-1598
15637,-1598
15638,-1599
15639,-1600
15640,-1601
15641,-1602
15642,-1601
15643,-1599
15644,-1598
15645,-1596
15646,-1595
15647,-1597
15648,-1598
15649,-1601
15650,-1600
15651,-1600
15652,-1601
15653,-1603
15654,-1603
15655,-1603
15656,-1604
15657,-1604
15658,-1606
15659,-1608
15660,-1611
15661,-1613
15662,-1617
15663,-1618
15664,-1616
15665,-1615
15666,-1614
15667,-1611
15668,-1609
15669,-1610
15670,-1612
15671,-1615
15672,-1615
15673,-1618
15674,-1620
15675,-1623
15676,-1625
15677,-1626
15678,-1626
15679,-1625
15680,-1622
15681,-1620
15682,-1619
15683,-1619
15684,-1621
15685,-1622
15686,-1623
15687,-1623
15688,-1621
15689,-1620
15690,-1618
15691,-1616
15692,-1615
15693,-1616
15694,-1614
15695,-1612
15696,-1612
15697,-1613
15698,-1613
15699,-1613
15700,-1614
15701,-1613
15702,-1612
15703,-1609
15704,-1609
15705,-1608
15706,-1607
15707,-1607
15708,-1607
15709,-1605
15710,-1605
15711,-1602
15712,-1600
15713,-1600
15714,-1599
15715,-1599
15716,-1598
15717,-1597
15718,-1597
15719,-1599
15720,-1597
15721,-1595
15722,-1593
15723,-1591
15724,-1587
15725,-1584
15726,-1585
15727,-1586
15728,-1586
15729,-1585
15730,-1586
15731,-1587
15732,-1588
15733,-1587
15734,-1585
15735,-1584
15736,-1581
15737,-1577
15738,-1574
15739,-1573
15740,-1569
15741,-1567
15742,-1565
15743,-1561
15744,-1558
15745,-1554
15746,-1550
15747,-1546
15748,-1543
15749,-1539
15750,-1537
15751,-1535
15752,-1532
15753,-1529
15754,-1527
15755,-1525
15756,-1521
15757,-1518
15758,-1515
15759,-1512
15760,-1508
15761,-1506
15762,-1505
15763,-1506
15764,-1506
15765,-1503
15766,-1501
15767,-1501
15768,-1498
15769,-1497
15770,-1499
15771,-1500
15772,-1501
15773,-1500
15774,-1499
15775,-1499
15776,-1497
15777,-1493
15778,-1492
15779,-1491
15780,-1488
15781,-1484
15782,-1481
15783,-1478
15784,-1474
15785,-1471
15786,-1469
15787,-1467
15788,-1463
15789,-1460
15790,-1458
15791,-1457
15792,-1455
15793,-1453
15794,-1450
15795,-1446
15796,-1443
15797,-1439
15798,-1435
15799,-1431
15800,-1428
15801,-1425
15802,-1420
15803,-1417
15804,-1413
15805,-1410
15806,-1405
15807,-1401
15808,-1397
15809,-1393
15810,-1390
15811,-1386
15812,-1382
15813,-1379
15814,-1377
15815,-1376
15816,-1374
15817,-1371
15818,-1367
15819,-1363
15820,-1360
15821,-1356
15822,-1352
15823,-1349
15824,-1345
15825,-1341
15826,-1337
15827,-1333
15828,-1330
15829,-1327
15830,-1324
15831,-1322
15832,-1319
15833,-1316
15834,-1313
15835,-1312
15836,-1313
15837,-1312
15838,-1310
15839,-1307
15840,-1305
15841,-1302
15842,-1299
15843,-1297
15844,-1296
15845,-1293
15846,-1290
15847,-1288
15848,-1285
15849,-1283
15850,-1282
15851,-1281
15852,-1279
15853,-1280
15854,-1278
15855,-1277
15856,-1277
15857,-1277
15858,-1276
15859,-1274
15860,-1272
15861,-1269
15862,-1267
15863,-1264
15864,-1263
15865,-1264
15866,-1265
15867,-1265
15868,-1266
15869,-1267
15870,-1269
15871,-1272
15872,-1274
15873,-1274
15874,-1272
15875,-1273
15876,-1273
15877,-1273
15878,-1272
15879,-1272
15880,-1271
15881,-1272
15882,-1273
15883,-1275
15884,-1278
15885,-1277
15886,-1275
15887,-1274
15888,-1275
15889,-1275
15890,-1275
15891,-1276
15892,-1280
15893,-1283
15894,-1286
15895,-1288
15896,-1288
15897,-1289
15898,-1289
15899,-1289
15900,-1291
15901,-1291
15902,-1289
15903,-1288
15904,-1287
15905,-1287
15906,-1286
15907,-1286
15908,-1288
15909,-1289
15910,-1291
15911,-1292
15912,-1293
15913,-1294
15914,-1296
15915,-1299
15916,-1302
15917,-1305
15918,-1308
15919,-1312
15920,-1314
15921,-1317
15922,-1317
15923,-1318
15924,-1319
15925,-1321
15926,-1323
15927,-1324
15928,-1327
15929,-1331
15930,-1334
15931,-1337
15932,-1340
15933,-1341
15934,-1342
15935,-1341
15936,-1342
15937,-1343
15938,-1345
15939,-1347
15940,-1347
15941,-1350
15942,-1352
15943,-1354
15944,-1356
15945,-1359
15946,-1359
15947,-1359
15948,-1360
15949,-1361
15950,-1363
15951,-1363
15952,-1365
15953,-1368
15954,-1372
15955,-1372
15956,-1373
15957,-1377
15958,-1381
15959,-1380
15960,-1380
15961,-1382
15962,-1382
15963,-1381
15964,-1381
15965,-1385
15966,-1388
15967,-1392
15968,-1393
15969,-1396
15970,-1400
15971,-1404
15972,-1407
15973,-1410
15974,-1413
15975,-1416
15976,-1418
15977,-1420
15978,-1423
15979,-1426
15980,-1429
15981,-1431
15982,-1434
15983,-1436
15984,-1439
15985,-1442
15986,-1444
15987,-1446
15988,-1447
15989,-1450
15990,-1451
15991,-1452
15992,-1453
15993,-1454
15994,-1457
15995,-1460
15996,-1463
15997,-1467
15998,-1469
15999,-1472
16000,-1475
16001,-1478
16002,-1482
16003,-1485
16004,-1489
16005,-1493
16006,-1496
16007,-1500
16008,-1504
16009,-1509
16010,-1513
16011,-1518
16012,-1522
16013,-1526
16014,-1530
16015,-1534
16016,-1538
16017,-1542
16018,-1547
16019,-1549
16020,-1551
16021,-1555
16022,-1559
16023,-1562
16024,-1567
16025,-1569
16026,-1573
16027,-1575
16028,-1575
16029,-1575
16030,-1575
16031,-1579
16032,-1582
16033,-1586
16034,-1590
16035,-1593
16036,-1595
16037,-1598
16038,-1600
16039,-1603
16040,-1604
16041,-1605
16042,-1606
16043,-1606
16044,-1609
16045,-1611
16046,-1614
16047,-1617
16048,-1620
16049,-1623
16050,-1626
16051,-1630
16052,-1633
16053,-1636
16054,-1639
16055,-1642
16056,-1644
16057,-1647
16058,-1647
16059,-1650
16060,-1653
16061,-1654
16062,-1656
16063,-1657
16064,-1657
16065,-1657
16066,-1659
16067,-1660
16068,-1663
16069,-1663
16070,-1665
16071,-1668
16072,-1670
16073,-1673
16074,-1676
16075,-1679
16076,-1681
16077,-1683
16078,-1684
16079,-1686
16080,-1688
16081,-1691
16082,-1693
16083,-1695
16084,-1695
16085,-1696
16086,-1696
16087,-1697
16088,-1698
16089,-1699
16090,-1702
16091,-1703
16092,-1707
16093,-1709
16094,-1711
16095,-1715
16096,-1716
16097,-1718
16098,-1720
16099,-1723
16100,-1724
16101,-1727
16102,-1728
16103,-1731
16104,-1734
16105,-1737
16106,-1739
16107,-1741
16108,-1743
16109,-1744
16110,-1745
16111,-1747
16112,-1750
16113,-1753
16114,-1756
16115,-1759
16116,-1762
16117,-1765
16118,-1767
16119,-1767
16120,-1768
16121,-1770
16122,-1771
16123,-1773
16124,-1773
16125,-1775
16126,-1776
16127,-1779
16128,-1781
16129,-1783
16130,-1785
16131,-1786
16132,-1788
16133,-1789
16134,-1791
16135,-1793
16136,-1795
16137,-1797
16138,-1800
16139,-1803
16140,-1806
16141,-1806
16142,-1805
16143,-1803
16144,-1800
16145,-1797
16146,-1795
16147,-1795
16148,-1796
16149,-1798
16150,-1797
16151,-1800
16152,-1802
16153,-1803
16154,-1804
16155,-1805
16156,-1805
16157,-1803
16158,-1801
16159,-1799
16160,-1800
16161,-1798
16162,-1797
16163,-1797
16164,-1797
16165,-1798
16166,-1797
16167,-1797
16168,-1795
16169,-1792
16170,-1789
16171,-1787
16172,-1783
16173,-1781
16174,-1779
16175,-1778
16176,-1777
16177,-1776
16178,-1775
16179,-1771
16180,-1768
16181,-1765
16182,-1763
16183,-1761
16184,-1760
16185,-1759
16186,-1757
16187,-1754
16188,-1753
16189,-1752
16190,-1749
16191,-1746
16192,-1741
16193,-1739
16194,-1736
16195,-1734
16196,-1733
16197,-1732
16198,-1730
16199,-1728
16200,-1726
16201,-1725
16202,-1724
16203,-1720
16204,-1718
16205,-1715
16206,-1711
16207,-1709
16208,-1708
16209,-1706
16210,-1705
16211,-1705
16212,-1703
16213,-1702
16214,-1699
16215,-1696
16216,-1692
16217,-1690
16218,-1688
16219,-1684
16220,-1679
16221,-1676
16222,-1673
16223,-1670
16224,-1668
16225,-1664
16226,-1662
16227,-1658
16228,-1655
16229,-1651
16230,-1647
16231,-1642
16232,-1638
16233,-1635
16234,-1633
16235,-1631
16236,-1629
16237,-1628
16238,-1624
16239,-1622
16240,-1620
16241,-1618
16242,-1616
16243,-1613
16244,-1610
16245,-1609
16246,-1607
16247,-1604
16248,-1605
16249,-1605
16250,-1605
16251,-1604
16252,-1603
16253,-1601
16254,-1599
16255,-1597
16256,-1596
16257,-1594
16258,-1592
16259,-1589
16260,-1587
16261,-1586
16262,-1583
16263,-1580
16264,-1576
16265,-1572
16266,-1569
16267,-1566
16268,-1564
16269,-1561
16270,-1558
16271,-1554
16272,-1551
16273,-1547
16274,-1543
16275,-1539
16276,-1535
16277,-1531
16278,-1528
16279,-1524
16280,-1521
16281,-1518
16282,-1515
16283,-1512
16284,-1508
16285,-1506
16286,-1501
16287,-1498
16288,-1494
16289,-1491
16290,-1489
16291,-1487
16292,-1486
16293,-1483
16294,-1479
16295,-1475
16296,-1472
16297,-1468
16298,-1466
16299,-1463
16300,-1460
16301,-1456
16302,-1452
16303,-1448
16304,-1444
16305,-1443
16306,-1440
16307,-1437
16308,-1434
16309,-1430
16310,-1426
16311,-1423
16312,-1420
16313,-1417
16314,-1415
16315,-1413
16316,-1412
16317,-1410
16318,-1407
16319,-1404
16320,-1403
16321,-1399
16322,-1396
16323,-1393
16324,-1390
16325,-1388
16326,-1384
16327,-1382
16328,-1382
16329,-1382
16330,-1380
16331,-1379
16332,-1377
16333,-1379
16334,-1379
16335,-1377
16336,-1375
16337,-1374
16338,-1374
16339,-1373
16340,-1374
16341,-1375
16342,-1376
16343,-1376
16344,-1376
16345,-1374
16346,-1375
16347,-1374
16348,-1372
16349,-1371
16350,-1370
16351,-1371
16352,-1370
16353,-1371
16354,-1370
16355,-1371
16356,-1372
16357,-1374
16358,-1375
16359,-1374
16360,-1373
16361,-1374
16362,-1375
16363,-1375
16364,-1377
16365,-1376
16366,-1377
16367,-1379
16368,-1381
16369,-1381
16370,-1380
16371,-1379
16372,-1377
16373,-1377
16374,-1376
16375,-1376
16376,-1377
16377,-1379
16378,-1381
16379,-1382
16380,-1382
16381,-1381
16382,-1380
16383,-1379
16384,-1380
16385,-1380
16386,-1381
16387,-1382
16388,-1384
16389,-1384
16390,-1387
16391,-1389
16392,-1389
16393,-1390
16394,-1391
16395,-1392
16396,-1393
16397,-1395
16398,-1397
16399,-1400
16400,-1400
16401,-1402
16402,-1404
16403,-1406
16404,-1409
16405,-1411
16406,-1414
16407,-1417
16408,-1420
16409,-1420
16410,-1422
16411,-1423
16412,-1427
16413,-1430
16414,-1430
16415,-1431
16416,-1432
16417,-1433
16418,-1435
16419,-1437
16420,-1438
16421,-1440
16422,-1441
16423,-1442
16424,-1443
16425,-1444
16426,-1444
16427,-1444
16428,-1445
16429,-1445
16430,-1446
16431,-1447
16432,-1448
16433,-1448
16434,-1450
16435,-1451
16436,-1453
16437,-1454
16438,-1457
16439,-1459
16440,-1459
16441,-1460
16442,-1460
16443,-1462
16444,-1462
16445,-1464
16446,-1466
16447,-1470
16448,-1473
16449,-1475
16450,-1477
16451,-1478
16452,-1476
16453,-1474
16454,-1476
16455,-1478
16456,-1479
16457,-1481
16458,-1483
16459,-1485
16460,-1487
16461,-1487
16462,-1486
16463,-1488
16464,-1487
16465,-1487
16466,-1487
16467,-1489
16468,-1490
16469,-1488
16470,-1487
16471,-1489
16472,-1491
16473,-1492
16474,-1492
16475,-1490
16476,-1490
16477,-1489
16478,-1490
16479,-1492
16480,-1493
16481,-1495
16482,-1497
16483,-1500
16484,-1504
16485,-1508
16486,-1512
16487,-1515
16488,-1517
16489,-1520
16490,-1523
16491,-1526
16492,-1529
16493,-1534
16494,-1538
16495,-1542
16496,-1545
16497,-1547
16498,-1550
16499,-1552
16500,-1554
16501,-1555
16502,-1558
16503,-1558
16504,-1560
16505,-1563
16506,-1566
16507,-1569
16508,-1572
16509,-1574
16510,-1574
16511,-1575
16512,-1574
16513,-1574
16514,-1574
16515,-1575
16516,-1577
16517,-1578
16518,-1580
16519,-1582
16520,-1584
16521,-1587
16522,-1589
16523,-1588
16524,-1588
16525,-1587
16526,-1586
16527,-1585
16528,-1585
16529,-1587
16530,-1587
16531,-1588
16532,-1588
16533,-1589
16534,-1589
16535,-1589
16536,-1588
16537,-1587
16538,-1585
16539,-1584
16540,-1583
16541,-1581
16542,-1581
16543,-1580
16544,-1581
16545,-1581
16546,-1580
16547,-1578
16548,-1579
16549,-1578
16550,-1579
16551,-1580
16552,-1581
16553,-1582
16554,-1582
16555,-1583
16556,-1584
16557,-1584
16558,-1581
16559,-1581
16560,-1580
16561,-1580
16562,-1581
16563,-1581
16564,-1583
16565,-1584
16566,-1585
16567,-1585
16568,-1587
16569,-1589
16570,-1591
16571,-1592
16572,-1594
16573,-1595
16574,-1597
16575,-1601
16576,-1604
16577,-1607
16578,-1610
16579,-1613
16580,-1615
16581,-1618
16582,-1621
16583,-1623
16584,-1625
16585,-1627
16586,-1629
16587,-1633
16588,-1636
16589,-1640
16590,-1642
16591,-1642
16592,-1643
16593,-1643
16594,-1645
16595,-1646
16596,-1645
16597,-1647
16598,-1650
16599,-1654
16600,-1658
16601,-1662
16602,-1665
16603,-1667
16604,-1670
16605,-1673
16606,-1674
16607,-1676
16608,-1677
16609,-1677
16610,-1679
16611,-1680
16612,-1683
16613,-1686
16614,-1689
16615,-1693
16616,-1697
16617,-1699
16618,-1700
16619,-1702
16620,-1703
16621,-1705
16622,-1707
16623,-1711
16624,-1714
16625,-1718
16626,-1720
16627,-1722
16628,-1723
16629,-1726
16630,-1729
16631,-1729
16632,-1730
16633,-1731
16634,-1733
16635,-1733
16636,-1734
16637,-1735
16638,-1738
16639,-1739
16640,-1741
16641,-1743
16642,-1745
16643,-1748
16644,-1751
16645,-1754
16646,-1756
16647,-1757
16648,-1755
16649,-1755
16650,-1756
16651,-1757
16652,-1756
16653,-1756
16654,-1755
16655,-1753
16656,-1752
16657,-1751
16658,-1752
16659,-1752
16660,-1753
16661,-1752
16662,-1753
16663,-1754
16664,-1754
16665,-1755
16666,-1756
16667,-1757
16668,-1757
16669,-1758
16670,-1758
16671,-1759
16672,-1761
16673,-1763
16674,-1764
16675,-1766
16676,-1766
16677,-1768
16678,-1770
16679,-1771
16680,-1773
16681,-1776
16682,-1778
16683,-1777
16684,-1781
16685,-1783
16686,-1787
16687,-1790
16688,-1792
16689,-1795
16690,-1796
16691,-1798
16692,-1798
16693,-1799
16694,-1800
16695,-1802
16696,-1803
16697,-1803
16698,-1802
16699,-1803
16700,-1805
16701,-1807
16702,-1809
16703,-1809
16704,-1811
16705,-1810
16706,-1809
16707,-1807
16708,-1807
16709,-1807
16710,-1807
16711,-1806
16712,-1806
16713,-1806
16714,-1807
16715,-1808
16716,-1809
16717,-1812
16718,-1811
16719,-1812
16720,-1814
16721,-1816
16722,-1818
16723,-1820
16724,-1823
16725,-1824
16726,-1827
16727,-1829
16728,-1831
16729,-1834
16730,-1838
16731,-1838
16732,-1840
16733,-1841
16734,-1840
16735,-1839
16736,-1838
16737,-1838
16738,-1838
16739,-1840
16740,-1841
16741,-1841
16742,-1840
16743,-1840
16744,-1840
16745,-1839
16746,-1838
16747,-1836
16748,-1834
16749,-1831
16750,-1829
16751,-1826
16752,-1828
16753,-1826
16754,-1825
16755,-1825
16756,-1824
16757,-1823
16758,-1821
16759,-1820
16760,-1818
16761,-1819
16762,-1818
16763,-1817
16764,-1816
16765,-1816
16766,-1816
16767,-1816
16768,-1817
16769,-1816
16770,-1816
16771,-1814
16772,-1812
16773,-1811
16774,-1812
16775,-1813
16776,-1814
16777,-1813
16778,-1813
16779,-1813
16780,-1812
16781,-1812
16782,-1812
16783,-1815
16784,-1816
16785,-1816
16786,-1816
16787,-1818
16788,-1819
16789,-1820
16790,-1820
16791,-1818
16792,-1817
16793,-1814
16794,-1813
16795,-1811
16796,-1812
16797,-1812
16798,-1812
16799,-1813
16800,-1815
16801,-1816
16802,-1817
16803,-1818
16804,-1818
16805,-1818
16806,-1817
16807,-1817
16808,-1816
16809,-1817
16810,-1819
16811,-1822
16812,-1821
16813,-1820
16814,-1819
16815,-1818
16816,-1820
16817,-1820
16818,-1821
16819,-1822
16820,-1823
16821,-1824
16822,-1825
16823,-1825
16824,-1826
16825,-1827
16826,-1827
16827,-1828
16828,-1827
16829,-1828
16830,-1829
16831,-1831
16832,-1832
16833,-1834
16834,-1834
16835,-1833
16836,-1832
16837,-1832
16838,-1833
16839,-1834
16840,-1836
16841,-1837
16842,-1839
16843,-1838
16844,-1839
16845,-1841
16846,-1843
16847,-1843
16848,-1843
16849,-1842
16850,-1840
16851,-1839
16852,-1839
16853,-1841
16854,-1843
16855,-1844
16856,-1844
16857,-1844
16858,-1845
16859,-1847
16860,-1849
16861,-1851
16862,-1854
16863,-1855
16864,-1855
16865,-1854
16866,-1856
16867,-1856
16868,-1857
16869,-1858
16870,-1860
16871,-1863
16872,-1863
16873,-1863
16874,-1860
16875,-1859
16876,-1858
16877,-1858
16878,-1857
16879,-1856
16880,-1856
16881,-1858
16882,-1861
16883,-1863
16884,-1864
16885,-1863
16886,-1862
16887,-1860
16888,-1860
16889,-1858
16890,-1857
16891,-1855
16892,-1853
16893,-1852
16894,-1851
16895,-1853
16896,-1854
16897,-1855
16898,-1854
16899,-1854
16900,-1854
16901,-1853
16902,-1852
16903,-1852
16904,-1852
16905,-1853
16906,-1855
16907,-1855
16908,-1854
16909,-1852
16910,-1851
16911,-1849
16912,-1848
16913,-1847
16914,-1845
16915,-1844
16916,-1844
16917,-1844
16918,-1843
16919,-1843
16920,-1840
16921,-1839
16922,-1838
16923,-1838
16924,-1838
16925,-1839
16926,-1839
16927,-1839
16928,-1840
16929,-1838
16930,-1837
16931,-1835
16932,-1834
16933,-1832
16934,-1830
16935,-1828
16936,-1827
16937,-1824
16938,-1824
16939,-1822
16940,-1821
16941,-1823
16942,-1821
16943,-1820
16944,-1818
16945,-1815
16946,-1813
16947,-1812
16948,-1809
16949,-1808
16950,-1807
16951,-1804
16952,-1802
16953,-1800
16954,-1799
16955,-1797
16956,-1798
16957,-1796
16958,-1795
16959,-1796
16960,-1796
16961,-1798
16962,-1799
16963,-1801
16964,-1801
16965,-1802
16966,-1802
16967,-1803
16968,-1801
16969,-1801
16970,-1803
16971,-1805
16972,-1807
16973,-1808
16974,-1808
16975,-1808
16976,-1808
16977,-1806
16978,-1808
16979,-1807
16980,-1807
16981,-1806
16982,-1805
16983,-1806
16984,-1806
16985,-1807
16986,-1806
16987,-1805
16988,-1803
16989,-1802
16990,-1801
16991,-1800
16992,-1799
16993,-1798
16994,-1796
16995,-1796
16996,-1797
16997,-1798
16998,-1801
16999,-1801
17000,-1801
17001,-1799
17002,-1798
17003,-1797
17004,-1798
17005,-1797
17006,-1796
17007,-1793
17008,-1790
17009,-1789
17010,-1787
17011,-1787
17012,-1786
17013,-1785
17014,-1783
17015,-1781
17016,-1779
17017,-1777
17018,-1774
17019,-1771
17020,-1769
17021,-1769
17022,-1772
17023,-1771
17024,-1771
17025,-1770
17026,-1769
17027,-1768
17028,-1766
17029,-1764
17030,-1761
17031,-1758
17032,-1754
17033,-1751
17034,-1749
17035,-1749
17036,-1748
17037,-1748
17038,-1748
17039,-1748
17040,-1748
17041,-1747
17042,-1746
17043,-1746
17044,-1747
17045,-1746
17046,-1745
17047,-1744
17048,-1746
17049,-1746
17050,-1746
17051,-1747
17052,-1747
17053,-1748
17054,-1748
17055,-1749
17056,-1749
17057,-1751
17058,-1752
17059,-1753
17060,-1753
17061,-1752
17062,-1752
17063,-1754
17064,-1756
17065,-1758
17066,-1761
17067,-1762
17068,-1765
17069,-1767
17070,-1769
17071,-1770
17072,-1772
17073,-1772
17074,-1772
17075,-1772
17076,-1770
17077,-1770
17078,-1771
17079,-1774
17080,-1777
17081,-1779
17082,-1781
17083,-1784
17084,-1787
17085,-1789
17086,-1791
17087,-1792
17088,-1793
17089,-1794
17090,-1796
17091,-1797
17092,-1800
17093,-1804
17094,-1807
17095,-1810
17096,-1812
17097,-1814
17098,-1816
17099,-1818
17100,-1820
17101,-1823
17102,-1824
17103,-1826
17104,-1827
17105,-1830
17106,-1831
17107,-1832
17108,-1832
17109,-1831
17110,-1831
17111,-1832
17112,-1833
17113,-1834
17114,-1837
17115,-1838
17116,-1841
17117,-1844
17118,-1846
17119,-1848
17120,-1848
17121,-1850
17122,-1851
17123,-1852
17124,-1853
17125,-1855
17126,-1856
17127,-1858
17128,-1859
17129,-1861
17130,-1862
17131,-1863
17132,-1863
17133,-1861
17134,-1861
17135,-1861
17136,-1862
17137,-1863
17138,-1865
17139,-1866
17140,-1869
17141,-1871
17142,-1873
17143,-1875
17144,-1876
17145,-1877
17146,-1877
17147,-1878
17148,-1878
17149,-1880
17150,-1881
17151,-1883
17152,-1885
17153,-1886
17154,-1888
17155,-1889
17156,-1889
17157,-1888
17158,-1888
17159,-1887
17160,-1887
17161,-1888
17162,-1890
17163,-1892
17164,-1895
17165,-1898
17166,-1900
17167,-1901
17168,-1898
17169,-1896
17170,-1893
17171,-1892
17172,-1890
17173,-1889
17174,-1887
17175,-1884
17176,-1882
17177,-1883
17178,-1886
17179,-1888
17180,-1891
17181,-1891
17182,-1891
17183,-1888
17184,-1886
17185,-1884
17186,-1882
17187,-1880
17188,-1878
17189,-1878
17190,-1878
17191,-1878
17192,-1877
17193,-1877
17194,-1875
17195,-1874
17196,-1872
17197,-1871
17198,-1870
17199,-1871
17200,-1872
17201,-1872
17202,-1873
17203,-1872
17204,-1873
17205,-1873
17206,-1873
17207,-1873
17208,-1873
17209,-1873
17210,-1874
17211,-1874
17212,-1874
17213,-1875
17214,-1873
17215,-1872
17216,-1869
17217,-1866
17218,-1862
17219,-1859
17220,-1855
17221,-1852
17222,-1850
17223,-1848
17224,-1847
17225,-1844
17226,-1842
17227,-1838
17228,-1835
17229,-1832
17230,-1828
17231,-1824
17232,-1822
17233,-1819
17234,-1815
17235,-1813
17236,-1810
17237,-1806
17238,-1803
17239,-1799
17240,-1796
17241,-1794
17242,-1789
17243,-1785
17244,-1781
17245,-1776
17246,-1771
17247,-1766
17248,-1763
17249,-1759
17250,-1755
17251,-1751
17252,-1749
17253,-1746
17254,-1742
17255,-1738
17256,-1734
17257,-1731
17258,-1727
17259,-1723
17260,-1719
17261,-1716
17262,-1712
17263,-1708
17264,-1705
17265,-1701
17266,-1697
17267,-1693
17268,-1690
17269,-1686
17270,-1683
17271,-1679
17272,-1675
17273,-1672
17274,-1669
17275,-1665
17276,-1661
17277,-1656
17278,-1653
17279,-1650
17280,-1647
17281,-1645
17282,-1641
17283,-1637
17284,-1633
17285,-1629
17286,-1626
17287,-1623
17288,-1619
17289,-1616
17290,-1612
17291,-1608
17292,-1606
17293,-1603
17294,-1602
17295,-1599
17296,-1596
17297,-1593
17298,-1590
17299,-1586
17300,-1583
17301,-1580
17302,-1575
17303,-1571
17304,-1568
17305,-1566
17306,-1563
17307,-1562
17308,-1559
17309,-1557
17310,-1555
17311,-1552
17312,-1549
17313,-1545
17314,-1542
17315,-1538
17316,-1534
17317,-1530
17318,-1528
17319,-1525
17320,-1524
17321,-1523
17322,-1522
17323,-1520
17324,-1517
17325,-1514
17326,-1509
17327,-1506
17328,-1503
17329,-1502
17330,-1499
17331,-1497
17332,-1494
17333,-1494
17334,-1494
17335,-1493
17336,-1492
17337,-1491
17338,-1491
17339,-1489
17340,-1489
17341,-1486
17342,-1484
17343,-1482
17344,-1479
17345,-1476
17346,-1474
17347,-1471
17348,-1470
17349,-1470
17350,-1468
17351,-1467
17352,-1466
17353,-1465
17354,-1463
17355,-1461
17356,-1459
17357,-1458
17358,-1456
17359,-1454
17360,-1451
17361,-1448
17362,-1447
17363,-1446
17364,-1446
17365,-1444
17366,-1442
17367,-1440
17368,-1438
17369,-1437
17370,-1435
17371,-1434
17372,-1432
17373,-1428
17374,-1426
17375,-1424
17376,-1422
17377,-1420
17378,-1417
17379,-1415
17380,-1413
17381,-1410
17382,-1408
17383,-1405
17384,-1404
17385,-1400
17386,-1397
17387,-1394
17388,-1393
17389,-1390
17390,-1387
17391,-1384
17392,-1382
17393,-1381
17394,-1381
17395,-1381
17396,-1381
17397,-1381
17398,-1378
17399,-1377
17400,-1375
17401,-1374
17402,-1373
17403,-1373
17404,-1373
17405,-1372
17406,-1371
17407,-1368
17408,-1367
17409,-1366
17410,-1367
17411,-1367
17412,-1367
17413,-1366
17414,-1366
17415,-1365
17416,-1364
17417,-1364
17418,-1364
17419,-1366
17420,-1366
17421,-1366
17422,-1364
17423,-1364
17424,-1364
17425,-1364
17426,-1365
17427,-1365
17428,-1366
17429,-1364
17430,-1364
17431,-1363
17432,-1366
17433,-1368
17434,-1369
17435,-1371
17436,-1374
17437,-1376
17438,-1378
17439,-1379
17440,-1378
17441,-1380
17442,-1379
17443,-1381
17444,-1383
17445,-1387
17446,-1390
17447,-1394
17448,-1398
17449,-1402
17450,-1406
17451,-1408
17452,-1409
17453,-1410
17454,-1411
17455,-1412
17456,-1415
17457,-1416
17458,-1417
17459,-1418
17460,-1420
17461,-1423
17462,-1426
17463,-1429
17464,-1430
17465,-1432
17466,-1433
17467,-1434
17468,-1436
17469,-1439
17470,-1439
17471,-1441
17472,-1444
17473,-1447
17474,-1451
17475,-1455
17476,-1459
17477,-1462
17478,-1465
17479,-1468
17480,-1471
17481,-1473
17482,-1475
17483,-1477
17484,-1478
17485,-1479
17486,-1480
17487,-1482
17488,-1484
17489,-1487
17490,-1488
17491,-1490
17492,-1492
17493,-1495
17494,-1497
17495,-1498
17496,-1500
17497,-1501
17498,-1502
17499,-1502
17500,-1503
17501,-1503
17502,-1503
17503,-1502
17504,-1501
17505,-1502
17506,-1503
17507,-1504
17508,-1504
17509,-1506
17510,-1506
17511,-1507
17512,-1508
17513,-1509
17514,-1510
17515,-1512
17516,-1513
17517,-1513
17518,-1514
17519,-1514
17520,-1515
17521,-1515
17522,-1516
17523,-1516
17524,-1519
17525,-1520
17526,-1522
17527,-1523
17528,-1524
17529,-1525
17530,-1527
17531,-1530
17532,-1533
17533,-1536
17534,-1539
17535,-1542
17536,-1545
17537,-1547
17538,-1549
17539,-1552
17540,-1554
17541,-1556
17542,-1559
17543,-1560
17544,-1562
17545,-1565
17546,-1570
17547,-1572
17548,-1575
17549,-1577
17550,-1579
17551,-1582
17552,-1585
17553,-1588
17554,-1591
17555,-1595
17556,-1598
17557,-1601
17558,-1604
17559,-1609
17560,-1613
17561,-1617
17562,-1621
17563,-1624
17564,-1628
17565,-1631
17566,-1635
17567,-1638
17568,-1642
17569,-1645
17570,-1648
17571,-1652
17572,-1657
17573,-1661
17574,-1666
17575,-1670
17576,-1674
17577,-1678
17578,-1681
17579,-1684
17580,-1687
17581,-1691
17582,-1695
17583,-1697
17584,-1699
17585,-1700
17586,-1702
17587,-1705
17588,-1709
17589,-1713
17590,-1717
17591,-1718
17592,-1721
17593,-1724
17594,-1727
17595,-1729
17596,-1730
17597,-1731
17598,-1731
17599,-1732
17600,-1733
17601,-1735
17602,-1737
17603,-1739
17604,-1741
17605,-1743
17606,-1744
17607,-1746
17608,-1746
17609,-1746
17610,-1748
17611,-1748
17612,-1751
17613,-1753
17614,-1756
17615,-1758
17616,-1761
17617,-1764
17618,-1767
17619,-1769
17620,-1770
17621,-1771
17622,-1771
17623,-1772
17624,-1772
17625,-1774
17626,-1774
17627,-1776
17628,-1777
17629,-1779
17630,-1783
17631,-1787
17632,-1790
17633,-1793
17634,-1797
17635,-1799
17636,-1801
17637,-1801
17638,-1803
17639,-1805
17640,-1807
17641,-1809
17642,-1811
17643,-1813
17644,-1814
17645,-1815
17646,-1816
17647,-1818
17648,-1820
17649,-1822
17650,-1823
17651,-1826
17652,-1828
17653,-1831
17654,-1834
17655,-1837
17656,-1840
17657,-1841
17658,-1843
17659,-1843
17660,-1843
17661,-1843
17662,-1843
17663,-1843
17664,-1845
17665,-1847
17666,-1849
17667,-1851
17668,-1852
17669,-1854
17670,-1856
17671,-1858
17672,-1859
17673,-1861
17674,-1862
17675,-1865
17676,-1867
17677,-1870
17678,-1873
17679,-1875
17680,-1879
17681,-1882
17682,-1885
17683,-1888
17684,-1891
17685,-1893
17686,-1896
17687,-1900
17688,-1903
17689,-1907
17690,-1910
17691,-1913
17692,-1914
17693,-1916
17694,-1917
17695,-1919
17696,-1917
17697,-1917
17698,-1917
17699,-1916
17700,-1916
17701,-1915
17702,-1915
17703,-1916
17704,-1918
17705,-1917
17706,-1916
17707,-1915
17708,-1915
17709,-1915
17710,-1916
17711,-1917
17712,-1918
17713,-1921
17714,-1921
17715,-1923
17716,-1925
17717,-1928
17718,-1929
17719,-1932
17720,-1934
17721,-1933
17722,-1933
17723,-1932
17724,-1931
17725,-1929
17726,-1928
17727,-1927
17728,-1928
17729,-1928
17730,-1928
17731,-1931
17732,-1933
17733,-1935
17734,-1934
17735,-1933
17736,-1930
17737,-1928
17738,-1926
17739,-1927
17740,-1927
17741,-1927
17742,-1924
17743,-1923
17744,-1922
17745,-1923
17746,-1925
17747,-1924
17748,-1923
17749,-1921
17750,-1921
17751,-1920
17752,-1919
17753,-1919
17754,-1920
17755,-1920
17756,-1922
17757,-1924
17758,-1924
17759,-1925
17760,-1925
17761,-1925
17762,-1923
17763,-1925
17764,-1925
17765,-1926
17766,-1927
17767,-1927
17768,-1928
17769,-1929
17770,-1931
17771,-1933
17772,-1935
17773,-1936
17774,-1939
17775,-1941
17776,-1943
17777,-1944
17778,-1945
17779,-1946
17780,-1946
17781,-1946
17782,-1946
17783,-1947
17784,-1948
17785,-1951
17786,-1952
17787,-1953
17788,-1954
17789,-1955
17790,-1956
17791,-1957
17792,-1959
17793,-1959
17794,-1961
17795,-1962
17796,-1964
17797,-1965
17798,-1967
17799,-1968
17800,-1971
17801,-1971
17802,-1971
17803,-1970
17804,-1969
17805,-1971
17806,-1972
17807,-1975
17808,-1977
17809,-1979
17810,-1981
17811,-1985
17812,-1987
17813,-1989
17814,-1991
17815,-1993
17816,-1996
17817,-1998
17818,-2001
17819,-2002
17820,-2005
17821,-2008
17822,-2010
17823,-2011
17824,-2012
17825,-2012
17826,-2013
17827,-2015
17828,-2018
17829,-2021
17830,-2024
17831,-2026
17832,-2028
17833,-2031
17834,-2033
17835,-2034
17836,-2035
17837,-2036
17838,-2036
17839,-2036
17840,-2037
17841,-2038
17842,-2041
17843,-2043
17844,-2045
17845,-2047
17846,-2049
17847,-2051
17848,-2053
17849,-2054
17850,-2054
17851,-2056
17852,-2055
17853,-2055
17854,-2054
17855,-2052
17856,-2052
17857,-2053
17858,-2053
17859,-2053
17860,-2053
17861,-2050
17862,-2049
17863,-2046
17864,-2045
17865,-2045
17866,-2044
17867,-2042
17868,-2039
17869,-2037
17870,-2037
17871,-2040
17872,-2043
17873,-2046
17874,-2046
17875,-2046
17876,-2043
17877,-2042
17878,-2040
17879,-2038
17880,-2036
17881,-2032
17882,-2028
17883,-2025
17884,-2023
17885,-2022
17886,-2024
17887,-2024
17888,-2024
17889,-2023
17890,-2022
17891,-2020
17892,-2017
17893,-2015
17894,-2012
17895,-2010
17896,-2008
17897,-2006
17898,-2004
17899,-2001
17900,-1998
17901,-1995
17902,-1991
17903,-1988
17904,-1985
17905,-1982
17906,-1979
17907,-1975
17908,-1973
17909,-1970
17910,-1968
17911,-1964
17912,-1961
17913,-1959
17914,-1957
17915,-1957
17916,-1956
17917,-1956
17918,-1954
17919,-1953
17920,-1950
17921,-1949
17922,-1947
17923,-1946
17924,-1944
17925,-1943
17926,-1942
17927,-1941
17928,-1941
17929,-1941
17930,-1941
17931,-1940
17932,-1938
17933,-1935
17934,-1932
17935,-1930
17936,-1927
17937,-1923
17938,-1920
17939,-1917
17940,-1914
17941,-1911
17942,-1906
17943,-1903
17944,-1899
17945,-1895
17946,-1891
17947,-1887
17948,-1883
17949,-1880
17950,-1878
17951,-1876
17952,-1874
17953,-1870
17954,-1866
17955,-1863
17956,-1860
17957,-1856
17958,-1853
17959,-1849
17960,-1845
17961,-1841
17962,-1838
17963,-1834
17964,-1829
17965,-1826
17966,-1821
17967,-1817
17968,-1813
17969,-1810
17970,-1806
17971,-1803
17972,-1800
17973,-1796
17974,-1793
17975,-1789
17976,-1786
17977,-1781
17978,-1777
17979,-1773
17980,-1768
17981,-1764
17982,-1759
17983,-1755
17984,-1750
17985,-1746
17986,-1743
17987,-1740
17988,-1737
17989,-1733
17990,-1728
17991,-1725
17992,-1720
17993,-1716
17994,-1712
17995,-1708
17996,-1704
17997,-1700
17998,-1697
17999,-1693
18000,-1690
18001,-1687
18002,-1683
18003,-1679
18004,-1675
18005,-1672
18006,-1668
18007,-1665
18008,-1660
18009,-1656
18010,-1651
18011,-1647
18012,-1643
18013,-1639
18014,-1635
18015,-1632
18016,-1628
18017,-1624
18018,-1620
18019,-1616
18020,-1612
18021,-1608
18022,-1605
18023,-1601
18024,-1597
18025,-1594
18026,-1591
18027,-1588
18028,-1587
18029,-1587
18030,-1586
18031,-1585
18032,-1581
18033,-1579
18034,-1577
18035,-1576
18036,-1574
18037,-1573
18038,-1572
18039,-1570
18040,-1568
18041,-1567
18042,-1567
18043,-1565
18044,-1564
18045,-1562
18046,-1563
18047,-1562
18048,-1565
18049,-1565
18050,-1564
18051,-1565
18052,-1566
18053,-1566
18054,-1567
18055,-1568
18056,-1568
18057,-1568
18058,-1567
18059,-1568
18060,-1567
18061,-1566
18062,-1566
18063,-1565
18064,-1564
18065,-1563
18066,-1562
18067,-1560
18068,-1560
18069,-1559
18070,-1558
18071,-1556
18072,-1555
18073,-1554
18074,-1553
18075,-1551
18076,-1549
18077,-1547
18078,-1544
18079,-1543
18080,-1543
18081,-1543
18082,-1541
18083,-1540
18084,-1539
18085,-1538
18086,-1536
18087,-1534
18088,-1532
18089,-1530
18090,-1529
18091,-1527
18092,-1526
18093,-1523
18094,-1523
18095,-1522
18096,-1521
18097,-1521
18098,-1519
18099,-1517
18100,-1515
18101,-1514
18102,-1514
18103,-1515
18104,-1515
18105,-1516
18106,-1515
18107,-1515
18108,-1516
18109,-1517
18110,-1520
18111,-1523
18112,-1525
18113,-1526
18114,-1529
18115,-1530
18116,-1532
18117,-1533
18118,-1533
18119,-1532
18120,-1532
18121,-1531
18122,-1529
18123,-1529
18124,-1529
18125,-1530
18126,-1532
18127,-1535
18128,-1538
18129,-1542
18130,-1545
18131,-1548
18132,-1551
18133,-1553
18134,-1555
18135,-1555
18136,-1556
18137,-1556
18138,-1558
18139,-1559
18140,-1561
18141,-1564
18142,-1566
18143,-1569
18144,-1571
18145,-1571
18146,-1571
18147,-1573
18148,-1574
18149,-1576
18150,-1577
18151,-1579
18152,-1581
18153,-1584
18154,-1588
18155,-1592
18156,-1597
18157,-1601
18158,-1604
18159,-1607
18160,-1611
18161,-1615
18162,-1619
18163,-1623
18164,-1625
18165,-1627
18166,-1629
18167,-1633
18168,-1637
18169,-1641
18170,-1644
18171,-1648
18172,-1650
18173,-1652
18174,-1653
18175,-1654
18176,-1654
18177,-1655
18178,-1656
18179,-1657
18180,-1659
18181,-1661
18182,-1664
18183,-1664
18184,-1666
18185,-1667
18186,-1668
18187,-1669
18188,-1670
18189,-1672
18190,-1675
18191,-1679
18192,-1682
18193,-1684
18194,-1686
18195,-1688
18196,-1691
18197,-1695
18198,-1698
18199,-1701
18200,-1703
18201,-1705
18202,-1707
18203,-1709
18204,-1712
18205,-1715
18206,-1718
18207,-1721
18208,-1724
18209,-1727
18210,-1730
18211,-1732
18212,-1734
18213,-1736
18214,-1737
18215,-1739
18216,-1740
18217,-1743
18218,-1746
18219,-1748
18220,-1749
18221,-1750
18222,-1751
18223,-1752
18224,-1753
18225,-1755
18226,-1757
18227,-1758
18228,-1760
18229,-1761
18230,-1764
18231,-1766
18232,-1767
18233,-1769
18234,-1770
18235,-1771
18236,-1772
18237,-1773
18238,-1774
18239,-1777
18240,-1779
18241,-1781
18242,-1783
18243,-1785
18244,-1788
18245,-1789
18246,-1792
18247,-1794
18248,-1797
18249,-1799
18250,-1802
18251,-1805
18252,-1809
18253,-1813
18254,-1817
18255,-1819
18256,-1821
18257,-1822
18258,-1823
18259,-1826
18260,-1829
18261,-1833
18262,-1837
18263,-1840
18264,-1843
18265,-1846
18266,-1849
18267,-1852
18268,-1856
18269,-1860
18270,-1865
18271,-1869
18272,-1872
18273,-1874
18274,-1877
18275,-1880
18276,-1884
18277,-1887
18278,-1889
18279,-1891
18280,-1894
18281,-1898
18282,-1901
18283,-1905
18284,-1908
18285,-1911
18286,-1914
18287,-1918
18288,-1922
18289,-1926
18290,-1930
18291,-1934
18292,-1938
18293,-1941
18294,-1945
18295,-1949
18296,-1953
18297,-1956
18298,-1959
18299,-1962
18300,-1965
18301,-1966
18302,-1967
18303,-1969
18304,-1970
18305,-1972
18306,-1974
18307,-1977
18308,-1980
18309,-1983
18310,-1985
18311,-1988
18312,-1991
18313,-1995
18314,-1998
18315,-2000
18316,-2003
18317,-2005
18318,-2008
18319,-2009
18320,-2012
18321,-2015
18322,-2018
18323,-2021
18324,-2025
18325,-2029
18326,-2032
18327,-2034
18328,-2036
18329,-2037
18330,-2037
18331,-2039
18332,-2039
18333,-2040
18334,-2041
18335,-2043
18336,-2045
18337,-2047
18338,-2049
18339,-2051
18340,-2053
18341,-2054
18342,-2055
18343,-2055
18344,-2057
18345,-2059
18346,-2061
18347,-2064
18348,-2066
18349,-2068
18350,-2070
18351,-2072
18352,-2074
18353,-2076
18354,-2077
18355,-2078
18356,-2078
18357,-2078
18358,-2078
18359,-2077
18360,-2077
18361,-2076
18362,-2078
18363,-2078
18364,-2078
18365,-2078
18366,-2079
18367,-2080
18368,-2081
18369,-2081
18370,-2081
18371,-2081
18372,-2080
18373,-2080
18374,-2079
18375,-2079
18376,-2079
18377,-2082
18378,-2082
18379,-2082
18380,-2084
18381,-2086
18382,-2088
18383,-2089
18384,-2089
18385,-2088
18386,-2088
18387,-2087
18388,-2088
18389,-2088
18390,-2090
18391,-2091
18392,-2093
18393,-2096
18394,-2099
18395,-2102
18396,-2104
18397,-2107
18398,-2109
18399,-2113
18400,-2115
18401,-2118
18402,-2122
18403,-2124
18404,-2125
18405,-2126
18406,-2127
18407,-2128
18408,-2131
18409,-2132
18410,-2134
18411,-2134
18412,-2136
18413,-2137
18414,-2137
18415,-2139
18416,-2138
18417,-2136
18418,-2134
18419,-2132
18420,-2130
18421,-2130
18422,-2129
18423,-2129
18424,-2128
18425,-2129
18426,-2128
18427,-2127
18428,-2128
18429,-2128
18430,-2129
18431,-2128
18432,-2128
18433,-2127
18434,-2127
18435,-2126
18436,-2127
18437,-2129
18438,-2131
18439,-2133
18440,-2133
18441,-2133
18442,-2131
18443,-2130
18444,-2128
18445,-2126
18446,-2124
18447,-2122
18448,-2119
18449,-2116
18450,-2114
18451,-2112
18452,-2112
18453,-2111
18454,-2109
18455,-2106
18456,-2103
18457,-2100
18458,-2096
18459,-2092
18460,-2088
18461,-2085
18462,-2082
18463,-2081
18464,-2079
18465,-2078
18466,-2075
18467,-2073
18468,-2070
18469,-2068
18470,-2065
18471,-2062
18472,-2059
18473,-2056
18474,-2053
18475,-2050
18476,-2048
18477,-2045
18478,-2044
18479,-2042
18480,-2040
18481,-2038
18482,-2038
18483,-2037
18484,-2036
18485,-2035
18486,-2033
18487,-2033
18488,-2031
18489,-2030
18490,-2029
18491,-2029
18492,-2027
18493,-2026
18494,-2025
18495,-2024
18496,-2023
18497,-2023
18498,-2023
18499,-2022
18500,-2023
18501,-2021
18502,-2022
18503,-2022
18504,-2021
18505,-2020
18506,-2019
18507,-2019
18508,-2018
18509,-2017
18510,-2016
18511,-2016
18512,-2015
18513,-2016
18514,-2016
18515,-2017
18516,-2017
18517,-2015
18518,-2014
18519,-2012
18520,-2011
18521,-2011
18522,-2013
18523,-2013
18524,-2016
18525,-2017
18526,-2018
18527,-2019
18528,-2020
18529,-2020
18530,-2019
18531,-2020
18532,-2020
18533,-2022
18534,-2022
18535,-2023
18536,-2024
18537,-2025
18538,-2025
18539,-2025
18540,-2023
18541,-2021
18542,-2022
18543,-2021
18544,-2022
18545,-2021
18546,-2022
18547,-2022
18548,-2023
18549,-2023
18550,-2023
18551,-2024
18552,-2025
18553,-2027
18554,-2028
18555,-2029
18556,-2029
18557,-2030
18558,-2030
18559,-2031
18560,-2030
18561,-2030
18562,-2031
18563,-2033
18564,-2035
18565,-2035
18566,-2035
18567,-2033
18568,-2033
18569,-2032
18570,-2032
18571,-2032
18572,-2033
18573,-2032
18574,-2031
18575,-2028
18576,-2025
18577,-2025
18578,-2025
18579,-2027
18580,-2026
18581,-2025
18582,-2023
18583,-2022
18584,-2020
18585,-2018
18586,-2016
18587,-2014
18588,-2011
18589,-2008
18590,-2006
18591,-2004
18592,-2003
18593,-2002
18594,-2001
18595,-2000
18596,-1999
18597,-1998
18598,-1996
18599,-1995
18600,-1994
18601,-1994
18602,-1994
18603,-1994
18604,-1993
18605,-1992
18606,-1991
18607,-1992
18608,-1991
18609,-1990
18610,-1988
18611,-1985
18612,-1984
18613,-1982
18614,-1980
18615,-1977
18616,-1975
18617,-1972
18618,-1972
18619,-1972
18620,-1973
18621,-1974
18622,-1972
18623,-1972
18624,-1969
18625,-1967
18626,-1964
18627,-1963
18628,-1961
18629,-1959
18630,-1957
18631,-1956
18632,-1956
18633,-1956
18634,-1956
18635,-1956
18636,-1956
18637,-1955
18638,-1954
18639,-1952
18640,-1951
18641,-1950
18642,-1948
18643,-1947
18644,-1945
18645,-1943
18646,-1941
18647,-1938
18648,-1935
18649,-1932
18650,-1928
18651,-1924
18652,-1920
18653,-1916
18654,-1912
18655,-1908
18656,-1905
18657,-1901
18658,-1899
18659,-1896
18660,-1893
18661,-1890
18662,-1886
18663,-1882
18664,-1880
18665,-1878
18666,-1875
18667,-1872
18668,-1869
18669,-1866
18670,-1862
18671,-1860
18672,-1857
18673,-1855
18674,-1851
18675,-1850
18676,-1849
18677,-1847
18678,-1846
18679,-1844
18680,-1841
18681,-1838
18682,-1835
18683,-1832
18684,-1829
18685,-1826
18686,-1822
18687,-1818
18688,-1815
18689,-1811
18690,-1807
18691,-1805
18692,-1802
18693,-1798
18694,-1794
18695,-1791
18696,-1787
18697,-1784
18698,-1780
18699,-1776
18700,-1772
18701,-1768
18702,-1764
18703,-1759
18704,-1755
18705,-1751
18706,-1747
18707,-1744
18708,-1741
18709,-1738
18710,-1734
18711,-1730
18712,-1726
18713,-1723
18714,-1719
18715,-1715
18716,-1711
18717,-1708
18718,-1703
18719,-1700
18720,-1697
18721,-1695
18722,-1694
18723,-1691
18724,-1687
18725,-1683
18726,-1680
18727,-1676
18728,-1675
18729,-1674
18730,-1672
18731,-1670
18732,-1666
18733,-1663
18734,-1661
18735,-1662
18736,-1661
18737,-1661
18738,-1659
18739,-1657
18740,-1653
18741,-1651
18742,-1648
18743,-1645
18744,-1642
18745,-1638
18746,-1636
18747,-1633
18748,-1632
18749,-1631
18750,-1630
18751,-1628
18752,-1628
18753,-1627
18754,-1625
18755,-1623
18756,-1621
18757,-1620
18758,-1619
18759,-1618
18760,-1617
18761,-1618
18762,-1618
18763,-1619
18764,-1618
18765,-1619
18766,-1619
18767,-1619
18768,-1618
18769,-1616
18770,-1615
18771,-1613
18772,-1613
18773,-1612
18774,-1612
18775,-1610
18776,-1610
18777,-1611
18778,-1612
18779,-1612
18780,-1611
18781,-1610
18782,-1610
18783,-1611
18784,-1611
18785,-1612
18786,-1612
18787,-1612
18788,-1612
18789,-1610
18790,-1608
18791,-1607
18792,-1606
18793,-1605
18794,-1605
18795,-1605
18796,-1606
18797,-1606
18798,-1606
18799,-1605
18800,-1605
18801,-1603
18802,-1602
18803,-1601
18804,-1599
18805,-1599
18806,-1596
18807,-1595
18808,-1594
18809,-1593
18810,-1592
18811,-1590
18812,-1589
18813,-1587
18814,-1587
18815,-1589
18816,-1591
18817,-1592
18818,-1593
18819,-1591
18820,-1590
18821,-1588
18822,-1586
18823,-1584
18824,-1581
18825,-1579
18826,-1577
18827,-1576
18828,-1574
18829,-1574
18830,-1574
18831,-1574
18832,-1573
18833,-1573
18834,-1575
18835,-1579
18836,-1583
18837,-1586
18838,-1589
18839,-1590
18840,-1593
18841,-1595
18842,-1598
18843,-1601
18844,-1603
18845,-1604
18846,-1606
18847,-1608
18848,-1609
18849,-1609
18850,-1609
18851,-1610
18852,-1610
18853,-1611
18854,-1611
18855,-1613
18856,-1616
18857,-1618
18858,-1620
18859,-1620
18860,-1622
18861,-1625
18862,-1628
18863,-1630
18864,-1632
18865,-1634
18866,-1637
18867,-1638
18868,-1640
18869,-1642
18870,-1643
18871,-1646
18872,-1648
18873,-1652
18874,-1655
18875,-1659
18876,-1661
18877,-1664
18878,-1668
18879,-1672
18880,-1675
18881,-1676
18882,-1677
18883,-1677
18884,-1679
18885,-1681
18886,-1684
18887,-1687
18888,-1691
18889,-1694
18890,-1698
18891,-1701
18892,-1704
18893,-1707
18894,-1710
18895,-1713
18896,-1714
18897,-1717
18898,-1718
18899,-1720
18900,-1721
18901,-1724
18902,-1726
18903,-1728
18904,-1731
18905,-1734
18906,-1737
18907,-1738
18908,-1741
18909,-1744
18910,-1748
18911,-1752
18912,-1755
18913,-1759
18914,-1762
18915,-1766
18916,-1770
18917,-1774
18918,-1778
18919,-1781
18920,-1783
18921,-1786
18922,-1787
18923,-1791
18924,-1793
18925,-1794
18926,-1795
18927,-1795
18928,-1796
18929,-1795
18930,-1795
18931,-1794
18932,-1794
18933,-1793
18934,-1792
18935,-1791
18936,-1790
18937,-1788
18938,-1786
18939,-1785
18940,-1784
18941,-1784
18942,-1783
18943,-1784
18944,-1784
18945,-1785
18946,-1785
18947,-1786
18948,-1788
18949,-1790
18950,-1792
18951,-1793
18952,-1794
18953,-1795
18954,-1797
18955,-1799
18956,-1802
18957,-1805
18958,-1808
18959,-1811
18960,-1814
18961,-1815
18962,-1815
18963,-1815
18964,-1816
18965,-1820
18966,-1822
18967,-1825
18968,-1828
18969,-1831
18970,-1834
18971,-1837
18972,-1840
18973,-1845
18974,-1849
18975,-1853
18976,-1858
18977,-1860
18978,-1863
18979,-1865
18980,-1868
18981,-1870
18982,-1872
18983,-1873
18984,-1875
18985,-1878
18986,-1882
18987,-1885
18988,-1888
18989,-1891
18990,-1894
18991,-1897
18992,-1899
18993,-1901
18994,-1903
18995,-1906
18996,-1909
18997,-1912
18998,-1916
18999,-1920
19000,-1924
19001,-1928
19002,-1932
19003,-1937
19004,-1941
19005,-1945
19006,-1949
19007,-1952
19008,-1954
19009,-1956
19010,-1958
19011,-1960
19012,-1962
19013,-1965
19014,-1968
19015,-1971
19016,-1972
19017,-1975
19018,-1980
19019,-1984
19020,-1988
19021,-1990
19022,-1993
19023,-1995
19024,-1998
19025,-2000
19026,-2004
19027,-2006
19028,-2010
19029,-2014
19030,-2018
19031,-2023
19032,-2026
19033,-2028
19034,-2028
19035,-2029
19036,-2029
19037,-2031
19038,-2032
19039,-2032
19040,-2033
19041,-2034
19042,-2036
19043,-2038
19044,-2041
19045,-2043
19046,-2046
19047,-2049
19048,-2052
19049,-2055
19050,-2057
19051,-2059
19052,-2059
19053,-2059
19054,-2059
19055,-2060
19056,-2060
19057,-2061
19058,-2062
19059,-2064
19060,-2066
19061,-2068
19062,-2070
19063,-2072
19064,-2073
19065,-2075
19066,-2077
19067,-2079
19068,-2081
19069,-2083
19070,-2085
19071,-2086
19072,-2089
19073,-2091
19074,-2094
19075,-2097
19076,-2099
19077,-2102
19078,-2103
19079,-2106
19080,-2109
19081,-2112
19082,-2113
19083,-2113
19084,-2112
19085,-2112
19086,-2112
19087,-2112
19088,-2113
19089,-2113
19090,-2114
19091,-2114
19092,-2116
19093,-2117
19094,-2119
19095,-2120
19096,-2120
19097,-2122
19098,-2123
19099,-2126
19100,-2130
19101,-2133
19102,-2134
19103,-2136
19104,-2137
19105,-2140
19106,-2142
19107,-2144
19108,-2147
19109,-2149
19110,-2151
19111,-2151
19112,-2152
19113,-2153
19114,-2156
19115,-2158
19116,-2161
19117,-2163
19118,-2165
19119,-2168
19120,-2172
19121,-2175
19122,-2177
19123,-2179
19124,-2179
19125,-2179
19126,-2178
19127,-2177
19128,-2176
19129,-2176
19130,-2175
19131,-2173
19132,-2170
19133,-2167
19134,-2166
19135,-2165
19136,-2166
19137,-2166
19138,-2166
19139,-2166
19140,-2165
19141,-2164
19142,-2164
19143,-2165
19144,-2167
19145,-2171
19146,-2173
19147,-2175
19148,-2175
19149,-2175
19150,-2176
19151,-2177
19152,-2177
19153,-2178
19154,-2176
19155,-2173
19156,-2172
19157,-2170
19158,-2170
19159,-2169
19160,-2169
19161,-2168
19162,-2167
19163,-2166
19164,-2164
19165,-2161
19166,-2157
19167,-2155
19168,-2154
19169,-2152
19170,-2149
19171,-2146
19172,-2142
19173,-2139
19174,-2136
19175,-2133
19176,-2132
19177,-2130
19178,-2128
19179,-2126
19180,-2125
19181,-2122
19182,-2121
19183,-2119
19184,-2117
19185,-2115
19186,-2114
19187,-2112
19188,-2110
19189,-2108
19190,-2105
19191,-2103
19192,-2100
19193,-2099
19194,-2098
19195,-2099
19196,-2099
19197,-2100
19198,-2101
19199,-2103
19200,-2105
19201,-2107
19202,-2109
19203,-2108
19204,-2109
19205,-2109
19206,-2110
19207,-2111
19208,-2112
19209,-2112
19210,-2112
19211,-2112
19212,-2111
19213,-2111
19214,-2110
19215,-2111
19216,-2110
19217,-2110
19218,-2110
19219,-2111
19220,-2111
19221,-2111
19222,-2112
19223,-2112
19224,-2113
19225,-2113
19226,-2114
19227,-2114
19228,-2115
19229,-2116
19230,-2118
19231,-2118
19232,-2119
19233,-2119
19234,-2118
19235,-2118
19236,-2117
19237,-2119
19238,-2121
19239,-2124
19240,-2127
19241,-2131
19242,-2135
19243,-2138
19244,-2140
19245,-2141
19246,-2142
19247,-2141
19248,-2143
19249,-2144
19250,-2147
19251,-2150
19252,-2152
19253,-2154
19254,-2156
19255,-2159
19256,-2163
19257,-2167
19258,-2171
19259,-2175
19260,-2178
19261,-2180
19262,-2181
19263,-2182
19264,-2184
19265,-2186
19266,-2186
19267,-2185
19268,-2187
19269,-2189
19270,-2192
19271,-2194
19272,-2196
19273,-2196
19274,-2198
19275,-2197
19276,-2197
19277,-2198
19278,-2199
19279,-2201
19280,-2202
19281,-2202
19282,-2201
19283,-2201
19284,-2201
19285,-2202
19286,-2202
19287,-2201
19288,-2200
19289,-2200
19290,-2198
19291,-2195
19292,-2193
19293,-2190
19294,-2189
19295,-2187
19296,-2186
19297,-2184
19298,-2183
19299,-2181
19300,-2181
19301,-2182
19302,-2185
19303,-2188
19304,-2190
19305,-2190
19306,-2188
19307,-2187
19308,-2185
19309,-2185
19310,-2184
19311,-2186
19312,-2188
19313,-2189
19314,-2191
19315,-2192
19316,-2192
19317,-2191
19318,-2190
19319,-2187
19320,-2185
19321,-2181
19322,-2177
19323,-2174
19324,-2171
19325,-2169
19326,-2167
19327,-2167
19328,-2166
19329,-2166
19330,-2164
19331,-2163
19332,-2161
19333,-2159
19334,-2157
19335,-2153
19336,-2150
19337,-2146
19338,-2144
19339,-2141
19340,-2139
19341,-2136
19342,-2136
19343,-2134
19344,-2134
19345,-2134
19346,-2134
19347,-2136
19348,-2137
19349,-2138
19350,-2138
19351,-2138
19352,-2137
19353,-2136
19354,-2134
19355,-2131
19356,-2128
19357,-2126
19358,-2123
19359,-2120
19360,-2116
19361,-2112
19362,-2109
19363,-2105
19364,-2103
19365,-2099
19366,-2096
19367,-2092
19368,-2089
19369,-2087
19370,-2084
19371,-2082
19372,-2078
19373,-2075
19374,-2072
19375,-2070
19376,-2067
19377,-2064
19378,-2061
19379,-2059
19380,-2056
19381,-2056
19382,-2057
19383,-2057
19384,-2056
19385,-2053
19386,-2050
19387,-2047
19388,-2045
19389,-2043
19390,-2040
19391,-2037
19392,-2033
19393,-2029
19394,-2025
19395,-2021
19396,-2017
19397,-2013
19398,-2009
19399,-2005
19400,-2001
19401,-1997
19402,-1993
19403,-1989
19404,-1986
19405,-1982
19406,-1977
19407,-1973
19408,-1969
19409,-1965
19410,-1961
19411,-1957
19412,-1953
19413,-1948
19414,-1944
19415,-1940
19416,-1935
19417,-1931
19418,-1928
19419,-1924
19420,-1920
19421,-1916
19422,-1912
19423,-1908
19424,-1904
19425,-1900
19426,-1896
19427,-1893
19428,-1891
19429,-1887
19430,-1884
19431,-1879
19432,-1877
19433,-1873
19434,-1870
19435,-1866
19436,-1862
19437,-1858
19438,-1855
19439,-1851
19440,-1846
19441,-1842
19442,-1838
19443,-1835
19444,-1832
19445,-1828
19446,-1824
19447,-1820
19448,-1816
19449,-1813
19450,-1809
19451,-1805
19452,-1803
19453,-1800
19454,-1798
19455,-1795
19456,-1792
19457,-1788
19458,-1786
19459,-1782
19460,-1778
19461,-1775
19462,-1771
19463,-1767
19464,-1764
19465,-1762
19466,-1759
19467,-1758
19468,-1755
19469,-1754
19470,-1752
19471,-1750
19472,-1748
19473,-1746
19474,-1745
19475,-1743
19476,-1742
19477,-1741
19478,-1742
19479,-1742
19480,-1743
19481,-1743
19482,-1743
19483,-1742
19484,-1741
19485,-1740
19486,-1736
19487,-1735
19488,-1733
19489,-1733
19490,-1733
19491,-1733
19492,-1731
19493,-1730
19494,-1728
19495,-1725
19496,-1722
19497,-1719
19498,-1717
19499,-1714
19500,-1712
19501,-1709
19502,-1707
19503,-1704
19504,-1703
19505,-1700
19506,-1698
19507,-1695
19508,-1692
19509,-1690
19510,-1686
19511,-1683
19512,-1680
19513,-1679
19514,-1675
19515,-1672
19516,-1669
19517,-1665
19518,-1662
19519,-1658
19520,-1655
19521,-1653
19522,-1653
19523,-1652
19524,-1652
19525,-1650
19526,-1650
19527,-1649
19528,-1647
19529,-1644
19530,-1641
19531,-1639
19532,-1637
19533,-1636
19534,-1635
19535,-1635
19536,-1634
19537,-1635
19538,-1636
19539,-1637
19540,-1639
19541,-1640
19542,-1640
19543,-1640
19544,-1641
19545,-1641
19546,-1643
19547,-1644
19548,-1646
19549,-1647
19550,-1648
19551,-1650
19552,-1654
19553,-1658
19554,-1660
19555,-1661
19556,-1658
19557,-1656
19558,-1653
19559,-1650
19560,-1647
19561,-1645
19562,-1643
19563,-1641
19564,-1639
19565,-1636
19566,-1634
19567,-1634
19568,-1636
19569,-1637
19570,-1637
19571,-1636
19572,-1635
19573,-1634
19574,-1634
19575,-1634
19576,-1633
19577,-1634
19578,-1634
19579,-1635
19580,-1636
19581,-1638
19582,-1641
19583,-1644
19584,-1648
19585,-1651
19586,-1654
19587,-1656
19588,-1656
19589,-1655
19590,-1656
19591,-1656
19592,-1658
19593,-1657
19594,-1658
19595,-1660
19596,-1662
19597,-1665
19598,-1668
19599,-1672
19600,-1673
19601,-1674
19602,-1672
19603,-1672
19604,-1671
19605,-1671
19606,-1669
19607,-1669
19608,-1670
19609,-1672
19610,-1676
19611,-1678
19612,-1680
19613,-1680
19614,-1681
19615,-1681
19616,-1682
19617,-1681
19618,-1681
19619,-1680
19620,-1680
19621,-1682
19622,-1684
19623,-1687
19624,-1689
19625,-1691
19626,-1693
19627,-1696
19628,-1698
19629,-1701
19630,-1704
19631,-1707
19632,-1708
19633,-1707
19634,-1707
19635,-1706
19636,-1707
19637,-1708
19638,-1709
19639,-1708
19640,-1707
19641,-1706
19642,-1704
19643,-1702
19644,-1699
19645,-1700
19646,-1699
19647,-1700
19648,-1700
19649,-1700
19650,-1699
19651,-1699
19652,-1699
19653,-1698
19654,-1698
19655,-1697
19656,-1696
19657,-1694
19658,-1693
19659,-1691
19660,-1692
19661,-1691
19662,-1691
19663,-1692
19664,-1694
19665,-1698
19666,-1701
19667,-1703
19668,-1703
19669,-1704
19670,-1704
19671,-1707
19672,-1710
19673,-1713
19674,-1715
19675,-1717
19676,-1719
19677,-1721
19678,-1723
19679,-1726
19680,-1729
19681,-1731
19682,-1735
19683,-1737
19684,-1740
19685,-1743
19686,-1747
19687,-1750
19688,-1752
19689,-1754
19690,-1756
19691,-1759
19692,-1762
19693,-1766
19694,-1768
19695,-1772
19696,-1775
19697,-1778
19698,-1781
19699,-1784
19700,-1788
19701,-1791
19702,-1794
19703,-1797
19704,-1801
19705,-1804
19706,-1808
19707,-1811
19708,-1814
19709,-1818
19710,-1821
19711,-1825
19712,-1829
19713,-1832
19714,-1834
19715,-1837
19716,-1841
19717,-1845
19718,-1849
19719,-1852
19720,-1854
19721,-1857
19722,-1860
19723,-1863
19724,-1868
19725,-1872
19726,-1876
19727,-1879
19728,-1883
19729,-1885
19730,-1889
19731,-1892
19732,-1894
19733,-1896
19734,-1898
19735,-1901
19736,-1904
19737,-1908
19738,-1911
19739,-1915
19740,-1917
19741,-1920
19742,-1923
19743,-1926
19744,-1929
19745,-1932
19746,-1936
19747,-1941
19748,-1945
19749,-1948
19750,-1951
19751,-1953
19752,-1955
19753,-1958
19754,-1961
19755,-1964
19756,-1967
19757,-1968
19758,-1970
19759,-1972
19760,-1974
19761,-1977
19762,-1979
19763,-1983
19764,-1985
19765,-1987
19766,-1989
19767,-1990
19768,-1992
19769,-1994
19770,-1996
19771,-1999
19772,-2001
19773,-2002
19774,-2003
19775,-2004
19776,-2006
19777,-2008
19778,-2010
19779,-2012
19780,-2013
19781,-2015
19782,-2014
19783,-2016
19784,-2017
19785,-2019
19786,-2020
19787,-2021
19788,-2021
19789,-2022
19790,-2023
19791,-2025
19792,-2027
19793,-2027
19794,-2028
19795,-2026
19796,-2026
19797,-2024
19798,-2024
19799,-2023
19800,-2021
19801,-2020
19802,-2018
19803,-2018
19804,-2020
19805,-2023
19806,-2025
19807,-2028
19808,-2029
19809,-2030
19810,-2030
19811,-2031
19812,-2028
19813,-2026
19814,-2026
19815,-2026
19816,-2029
19817,-2031
19818,-2035
19819,-2038
19820,-2043
19821,-2047
19822,-2051
19823,-2055
19824,-2058
19825,-2062
19826,-2066
19827,-2069
19828,-2073
19829,-2076
19830,-2077
19831,-2080
19832,-2082
19833,-2084
19834,-2087
19835,-2088
19836,-2089
19837,-2087
19838,-2085
19839,-2082
19840,-2081
19841,-2080
19842,-2081
19843,-2082
19844,-2084
19845,-2086
19846,-2089
19847,-2092
19848,-2094
19849,-2096
19850,-2098
19851,-2101
19852,-2103
19853,-2104
19854,-2104
19855,-2104
19856,-2104
19857,-2105
19858,-2104
19859,-2101
19860,-2100
19861,-2098
19862,-2099
19863,-2100
19864,-2102
19865,-2103
19866,-2105
19867,-2108
19868,-2110
19869,-2113
19870,-2114
19871,-2113
19872,-2110
19873,-2107
19874,-2105
19875,-2104
19876,-2101
19877,-2099
19878,-2096
19879,-2095
19880,-2093
19881,-2092
19882,-2090
19883,-2087
19884,-2084
19885,-2080
19886,-2078
19887,-2075
19888,-2073
19889,-2070
19890,-2067
19891,-2065
19892,-2063
19893,-2062
19894,-2061
19895,-2061
19896,-2060
19897,-2060
19898,-2057
19899,-2056
19900,-2055
19901,-2054
19902,-2052
19903,-2051
19904,-2050
19905,-2049
19906,-2050
19907,-2049
19908,-2050
19909,-2050
19910,-2051
19911,-2052
19912,-2053
19913,-2053
19914,-2053
19915,-2053
19916,-2053
19917,-2054
19918,-2055
19919,-2057
19920,-2057
19921,-2058
19922,-2057
19923,-2058
19924,-2059
19925,-2060
19926,-2062
19927,-2063
19928,-2065
19929,-2065
19930,-2066
19931,-2066
19932,-2068
19933,-2069
19934,-2071
19935,-2072
19936,-2073
19937,-2073
19938,-2074
19939,-2074
19940,-2074
19941,-2077
19942,-2079
19943,-2082
19944,-2084
19945,-2087
19946,-2090
19947,-2093
19948,-2096
19949,-2099
19950,-2102
19951,-2103
19952,-2104
19953,-2104
19954,-2107
19955,-2110
19956,-2114
19957,-2117
19958,-2122
19959,-2126
19960,-2127
19961,-2129
19962,-2131
19963,-2135
19964,-2138
19965,-2143
19966,-2146
19967,-2150
19968,-2154
19969,-2157
19970,-2160
19971,-2164
19972,-2167
19973,-2170
19974,-2174
19975,-2177
19976,-2181
19977,-2183
19978,-2186
19979,-2188
19980,-2190
19981,-2192
19982,-2194
19983,-2195
19984,-2197
19985,-2200
19986,-2203
19987,-2207
19988,-2209
19989,-2212
19990,-2215
19991,-2219
19992,-2222
19993,-2227
19994,-2231
19995,-2235
19996,-2239
19997,-2242
19998,-2245
19999,-2247
20000,-2250
20001,-2252
20002,-2255
20003,-2257
20004,-2260
20005,-2259
20006,-2259
20007,-2259
20008,-2261
20009,-2265
20010,-2268
20011,-2271
20012,-2273
20013,-2275
20014,-2276
20015,-2277
20016,-2278
20017,-2281
20018,-2284
20019,-2288
20020,-2291
20021,-2294
20022,-2297
20023,-2298
20024,-2301
20025,-2303
20026,-2306
20027,-2309
20028,-2308
20029,-2308
20030,-2306
20031,-2305
20032,-2304
20033,-2303
20034,-2301
20035,-2302
20036,-2302
20037,-2302
20038,-2302
20039,-2303
20040,-2305
20041,-2307
20042,-2310
20043,-2312
20044,-2314
20045,-2315
20046,-2316
20047,-2316
20048,-2316
20049,-2317
20050,-2318
20051,-2319
20052,-2320
20053,-2321
20054,-2321
20055,-2323
20056,-2325
20057,-2327
20058,-2329
20059,-2330
20060,-2330
20061,-2330
20062,-2330
20063,-2330
20064,-2331
20065,-2330
20066,-2330
20067,-2328
20068,-2327
20069,-2324
20070,-2320
20071,-2317
20072,-2314
20073,-2311
20074,-2308
20075,-2304
20076,-2301
20077,-2298
20078,-2295
20079,-2292
20080,-2288
20081,-2286
20082,-2283
20083,-2280
20084,-2277
20085,-2276
20086,-2278
20087,-2280
20088,-2284
20089,-2284
20090,-2282
20091,-2278
20092,-2275
20093,-2272
20094,-2269
20095,-2266
20096,-2263
20097,-2261
20098,-2259
20099,-2258
20100,-2255
20101,-2253
20102,-2249
20103,-2246
20104,-2243
20105,-2239
20106,-2235
20107,-2232
20108,-2230
20109,-2227
20110,-2224
20111,-2221
20112,-2218
20113,-2215
20114,-2211
20115,-2207
20116,-2203
20117,-2199
20118,-2195
20119,-2192
20120,-2188
20121,-2184
20122,-2180
20123,-2176
20124,-2172
20125,-2168
20126,-2164
20127,-2160
20128,-2156
20129,-2151
20130,-2146
20131,-2143
20132,-2139
20133,-2135
20134,-2131
20135,-2127
20136,-2123
20137,-2119
20138,-2115
20139,-2111
20140,-2107
20141,-2103
20142,-2100
20143,-2096
20144,-2092
20145,-2088
20146,-2084
20147,-2081
20148,-2077
20149,-2074
20150,-2069
20151,-2065
20152,-2061
20153,-2057
20154,-2053
20155,-2048
20156,-2044
20157,-2040
20158,-2037
20159,-2033
20160,-2030
20161,-2027
20162,-2024
20163,-2021
20164,-2019
20165,-2017
20166,-2013
20167,-2009
20168,-2005
20169,-2002
20170,-1999
20171,-1997
20172,-1993
20173,-1991
20174,-1987
20175,-1985
20176,-1982
20177,-1979
20178,-1976
20179,-1973
20180,-1971
20181,-1968
20182,-1967
20183,-1966
20184,-1965
20185,-1964
20186,-1964
20187,-1962
20188,-1962
20189,-1963
20190,-1962
20191,-1962
20192,-1960
20193,-1959
20194,-1958
20195,-1958
20196,-1957
20197,-1956
20198,-1955
20199,-1952
20200,-1949
20201,-1946
20202,-1942
20203,-1939
20204,-1938
20205,-1937
20206,-1937
20207,-1936
20208,-1936
20209,-1935
20210,-1934
20211,-1935
20212,-1936
20213,-1937
20214,-1936
20215,-1936
20216,-1934
20217,-1934
20218,-1932
20219,-1930
20220,-1927
20221,-1923
20222,-1919
20223,-1915
20224,-1911
20225,-1906
20226,-1904
20227,-1902
20228,-1900
20229,-1898
20230,-1897
20231,-1896
20232,-1895
20233,-1892
20234,-1888
20235,-1884
20236,-1880
20237,-1876
20238,-1873
20239,-1871
20240,-1868
20241,-1866
20242,-1863
20243,-1860
20244,-1857
20245,-1855
20246,-1854
20247,-1852
20248,-1851
20249,-1848
20250,-1846
20251,-1842
20252,-1840
20253,-1837
20254,-1834
20255,-1832
20256,-1831
20257,-1832
20258,-1833
20259,-1835
20260,-1834
20261,-1833
20262,-1831
20263,-1829
20264,-1825
20265,-1821
20266,-1818
20267,-1814
20268,-1810
20269,-1807
20270,-1805
20271,-1802
20272,-1800
20273,-1799
20274,-1798
20275,-1797
20276,-1797
20277,-1797
20278,-1799
20279,-1800
20280,-1799
20281,-1798
20282,-1796
20283,-1795
20284,-1793
20285,-1793
20286,-1792
20287,-1791
20288,-1790
20289,-1790
20290,-1791
20291,-1792
20292,-1795
20293,-1798
20294,-1799
20295,-1799
20296,-1800
20297,-1800
20298,-1801
20299,-1800
20300,-1800
20301,-1801
20302,-1803
20303,-1805
20304,-1806
20305,-1807
20306,-1805
20307,-1804
20308,-1802
20309,-1800
20310,-1798
20311,-1796
20312,-1795
20313,-1794
20314,-1793
20315,-1792
20316,-1792
20317,-1791
20318,-1792
20319,-1792
20320,-1794
20321,-1795
20322,-1795
20323,-1795
20324,-1793
20325,-1791
20326,-1789
20327,-1788
20328,-1787
20329,-1789
20330,-1789
20331,-1791
20332,-1793
20333,-1796
20334,-1798
20335,-1800
20336,-1802
20337,-1803
20338,-1804
20339,-1804
20340,-1804
20341,-1804
20342,-1805
20343,-1804
20344,-1803
20345,-1801
20346,-1798
20347,-1795
20348,-1791
20349,-1787
20350,-1783
20351,-1780
20352,-1776
20353,-1773
20354,-1770
20355,-1768
20356,-1766
20357,-1764
20358,-1763
20359,-1762
20360,-1759
20361,-1755
20362,-1751
20363,-1747
20364,-1744
20365,-1740
20366,-1737
20367,-1734
20368,-1731
20369,-1730
20370,-1731
20371,-1732
20372,-1733
20373,-1734
20374,-1733
20375,-1733
20376,-1731
20377,-1732
20378,-1732
20379,-1732
20380,-1733
20381,-1733
20382,-1733
20383,-1733
20384,-1734
20385,-1733
20386,-1734
20387,-1735
20388,-1737
20389,-1738
20390,-1739
20391,-1740
20392,-1742
20393,-1743
20394,-1743
20395,-1744
20396,-1744
20397,-1746
20398,-1747
20399,-1747
20400,-1748
20401,-1750
20402,-1751
20403,-1753
20404,-1755
20405,-1756
20406,-1758
20407,-1759
20408,-1762
20409,-1763
20410,-1764
20411,-1764
20412,-1765
20413,-1766
20414,-1768
20415,-1769
20416,-1770
20417,-1772
20418,-1774
20419,-1778
20420,-1780
20421,-1782
20422,-1783
20423,-1785
20424,-1787
20425,-1789
20426,-1792
20427,-1794
20428,-1797
20429,-1799
20430,-1802
20431,-1804
20432,-1807
20433,-1809
20434,-1812
20435,-1814
20436,-1817
20437,-1818
20438,-1817
20439,-1816
20440,-1815
20441,-1817
20442,-1819
20443,-1823
20444,-1824
20445,-1826
20446,-1828
20447,-1830
20448,-1832
20449,-1834
20450,-1836
20451,-1836
20452,-1837
20453,-1837
20454,-1838
20455,-1838
20456,-1837
20457,-1836
20458,-1836
20459,-1837
20460,-1839
20461,-1842
20462,-1844
20463,-1845
20464,-1845
20465,-1846
20466,-1845
20467,-1847
20468,-1847
20469,-1848
20470,-1849
20471,-1849
20472,-1850
20473,-1851
20474,-1853
20475,-1855
20476,-1857
20477,-1859
20478,-1862
20479,-1863
20480,-1865
20481,-1868
20482,-1871
20483,-1873
20484,-1874
20485,-1875
20486,-1874
20487,-1874
20488,-1873
20489,-1874
20490,-1875
20491,-1877
20492,-1879
20493,-1881
20494,-1882
20495,-1884
20496,-1888
20497,-1891
20498,-1894
20499,-1896
20500,-1898
20501,-1897
20502,-1897
20503,-1896
20504,-1895
20505,-1892
20506,-1888
20507,-1884
20508,-1881
20509,-1880
20510,-1880
20511,-1882
20512,-1884
20513,-1887
20514,-1888
20515,-1890
20516,-1890
20517,-1888
20518,-1886
20519,-1883
20520,-1882
20521,-1882
20522,-1884
20523,-1885
20524,-1887
20525,-1889
20526,-1892
20527,-1895
20528,-1897
20529,-1900
20530,-1903
20531,-1906
20532,-1908
20533,-1910
20534,-1912
20535,-1914
20536,-1916
20537,-1917
20538,-1917
20539,-1918
20540,-1918
20541,-1918
20542,-1918
20543,-1917
20544,-1917
20545,-1916
20546,-1915
20547,-1913
20548,-1912
20549,-1910
20550,-1909
20551,-1910
20552,-1912
20553,-1914
20554,-1916
20555,-1918
20556,-1919
20557,-1921
20558,-1922
20559,-1925
20560,-1926
20561,-1927
20562,-1928
20563,-1927
20564,-1925
20565,-1922
20566,-1921
20567,-1920
20568,-1921
20569,-1921
20570,-1921
20571,-1922
20572,-1923
20573,-1924
20574,-1928
20575,-1931
20576,-1933
20577,-1935
20578,-1933
20579,-1931
20580,-1929
20581,-1929
20582,-1926
20583,-1924
20584,-1921
20585,-1919
20586,-1918
20587,-1916
20588,-1916
20589,-1914
20590,-1913
20591,-1910
20592,-1907
20593,-1904
20594,-1902
20595,-1900
20596,-1899
20597,-1897
20598,-1896
20599,-1895
20600,-1893
20601,-1892
20602,-1889
20603,-1888
20604,-1886
20605,-1884
20606,-1882
20607,-1879
20608,-1876
20609,-1873
20610,-1871
20611,-1869
20612,-1868
20613,-1868
20614,-1869
20615,-1869
20616,-1870
20617,-1870
20618,-1871
20619,-1873
20620,-1876
20621,-1879
20622,-1882
20623,-1885
20624,-1886
20625,-1887
20626,-1888
20627,-1889
20628,-1889
20629,-1889
20630,-1888
20631,-1886
20632,-1884
20633,-1882
20634,-1882
20635,-1882
20636,-1883
20637,-1883
20638,-1884
20639,-1884
20640,-1885
20641,-1887
20642,-1889
20643,-1891
20644,-1892
20645,-1892
20646,-1892
20647,-1893
20648,-1894
20649,-1897
20650,-1899
20651,-1902
20652,-1905
20653,-1908
20654,-1912
20655,-1915
20656,-1919
20657,-1920
20658,-1923
20659,-1927
20660,-1931
20661,-1935
20662,-1939
20663,-1943
20664,-1946
20665,-1950
20666,-1952
20667,-1955
20668,-1957
20669,-1960
20670,-1964
20671,-1968
20672,-1971
20673,-1975
20674,-1978
20675,-1982
20676,-1985
20677,-1988
20678,-1992
20679,-1995
20680,-1999
20681,-2003
20682,-2007
20683,-2010
20684,-2014
20685,-2019
20686,-2022
20687,-2024
20688,-2025
20689,-2028
20690,-2031
20691,-2035
20692,-2038
20693,-2042
20694,-2045
20695,-2048
20696,-2051
20697,-2055
20698,-2058
20699,-2060
20700,-2064
20701,-2067
20702,-2071
20703,-2073
20704,-2076
20705,-2079
20706,-2082
20707,-2086
20708,-2089
20709,-2090
20710,-2092
20711,-2094
20712,-2096
20713,-2099
20714,-2102
20715,-2106
20716,-2108
20717,-2111
20718,-2113
20719,-2115
20720,-2117
20721,-2117
20722,-2117
20723,-2117
20724,-2118
20725,-2118
20726,-2119
20727,-2121
20728,-2124
20729,-2127
20730,-2130
20731,-2133
20732,-2136
20733,-2139
20734,-2141
20735,-2144
20736,-2146
20737,-2149
20738,-2150
20739,-2151
20740,-2150
20741,-2150
20742,-2149
20743,-2148
20744,-2148
20745,-2149
20746,-2151
20747,-2151
20748,-2152
20749,-2152
20750,-2154
20751,-2156
20752,-2159
20753,-2160
20754,-2160
20755,-2159
20756,-2158
20757,-2157
20758,-2156
20759,-2159
20760,-2161
20761,-2165
20762,-2168
20763,-2171
20764,-2173
20765,-2176
20766,-2179
20767,-2183
20768,-2186
20769,-2188
20770,-2191
20771,-2191
20772,-2192
20773,-2192
20774,-2192
20775,-2192
20776,-2193
20777,-2194
20778,-2194
20779,-2195
20780,-2195
20781,-2195
20782,-2194
20783,-2193
20784,-2191
20785,-2191
20786,-2190
20787,-2189
20788,-2188
20789,-2187
20790,-2187
20791,-2187
20792,-2189
20793,-2191
20794,-2193
20795,-2194
20796,-2195
20797,-2194
20798,-2194
20799,-2194
20800,-2192
20801,-2189
20802,-2185
20803,-2183
20804,-2181
20805,-2180
20806,-2179
20807,-2181
20808,-2180
20809,-2181
20810,-2181
20811,-2181
20812,-2182
20813,-2184
20814,-2186
20815,-2186
20816,-2186
20817,-2182
20818,-2179
20819,-2175
20820,-2172
20821,-2169
20822,-2166
20823,-2163
20824,-2159
20825,-2155
20826,-2151
20827,-2146
20828,-2142
20829,-2138
20830,-2134
20831,-2130
20832,-2126
20833,-2122
20834,-2119
20835,-2118
20836,-2119
20837,-2119
20838,-2117
20839,-2113
20840,-2110
20841,-2107
20842,-2104
20843,-2101
20844,-2098
20845,-2094
20846,-2091
20847,-2087
20848,-2083
20849,-2079
20850,-2074
20851,-2071
20852,-2068
20853,-2066
20854,-2063
20855,-2061
20856,-2058
20857,-2059
20858,-2062
20859,-2064
20860,-2066
20861,-2065
20862,-2063
20863,-2058
20864,-2055
20865,-2051
20866,-2048
20867,-2044
20868,-2041
20869,-2038
20870,-2035
20871,-2033
20872,-2031
20873,-2029
20874,-2026
20875,-2024
20876,-2020
20877,-2017
20878,-2014
20879,-2012
20880,-2011
20881,-2010
20882,-2009
20883,-2007
20884,-2005
20885,-2002
20886,-2000
20887,-1998
20888,-1995
20889,-1992
20890,-1990
20891,-1987
20892,-1986
20893,-1985
20894,-1984
20895,-1983
20896,-1982
20897,-1982
20898,-1982
20899,-1983
20900,-1984
20901,-1984
20902,-1984
20903,-1985
20904,-1986
20905,-1987
20906,-1989
20907,-1989
20908,-1990
20909,-1991
20910,-1992
20911,-1992
20912,-1992
20913,-1991
20914,-1989
20915,-1987
20916,-1984
20917,-1983
20918,-1982
20919,-1982
20920,-1981
20921,-1981
20922,-1980
20923,-1980
20924,-1977
20925,-1974
20926,-1970
20927,-1967
20928,-1965
20929,-1963
20930,-1962
20931,-1960
20932,-1959
20933,-1957
20934,-1956
20935,-1955
20936,-1955
20937,-1955
20938,-1953
20939,-1950
20940,-1945
20941,-1941
20942,-1937
20943,-1936
20944,-1934
20945,-1934
20946,-1933
20947,-1932
20948,-1931
20949,-1930
20950,-1930
20951,-1929
20952,-1930
20953,-1930
20954,-1930
20955,-1929
20956,-1928
20957,-1927
20958,-1926
20959,-1925
20960,-1926
20961,-1926
20962,-1926
20963,-1927
20964,-1925
20965,-1925
20966,-1924
20967,-1925
20968,-1925
20969,-1926
20970,-1926
20971,-1925
20972,-1923
20973,-1922
20974,-1922
20975,-1923
20976,-1925
20977,-1925
20978,-1925
20979,-1923
20980,-1921
20981,-1918
20982,-1916
20983,-1915
20984,-1915
20985,-1917
20986,-1917
20987,-1917
20988,-1915
20989,-1914
20990,-1914
20991,-1914
20992,-1913
20993,-1911
20994,-1908
20995,-1905
20996,-1902
20997,-1900
20998,-1901
20999,-1902
21000,-1903
21001,-1902
21002,-1903
21003,-1903
21004,-1903
21005,-1903
21006,-1902
21007,-1903
21008,-1903
21009,-1904
21010,-1906
21011,-1907
21012,-1906
21013,-1907
21014,-1906
21015,-1906
21016,-1906
21017,-1905
21018,-1905
21019,-1903
21020,-1904
21021,-1902
21022,-1901
21023,-1898
21024,-1897
21025,-1895
21026,-1894
21027,-1893
21028,-1892
21029,-1891
21030,-1890
21031,-1891
21032,-1890
21033,-1891
21034,-1889
21035,-1889
21036,-1888
21037,-1888
21038,-1887
21039,-1885
21040,-1883
21041,-1880
21042,-1878
21043,-1877
21044,-1877
21045,-1877
21046,-1879
21047,-1879
21048,-1879
21049,-1880
21050,-1881
21051,-1883
21052,-1884
21053,-1886
21054,-1885
21055,-1885
21056,-1883
21057,-1884
21058,-1883
21059,-1883
21060,-1882
21061,-1882
21062,-1880
21063,-1877
21064,-1872
21065,-1868
21066,-1866
21067,-1863
21068,-1861
21069,-1860
21070,-1858
21071,-1856
21072,-1854
21073,-1854
21074,-1856
21075,-1859
21076,-1863
21077,-1866
21078,-1867
21079,-1868
21080,-1866
21081,-1867
21082,-1867
21083,-1865
21084,-1862
21085,-1859
21086,-1856
21087,-1854
21088,-1853
21089,-1853
21090,-1854
21091,-1854
21092,-1856
21093,-1858
21094,-1860
21095,-1862
21096,-1865
21097,-1868
21098,-1871
21099,-1874
21100,-1875
21101,-1877
21102,-1878
21103,-1880
21104,-1882
21105,-1884
21106,-1885
21107,-1887
21108,-1889
21109,-1889
21110,-1889
21111,-1889
21112,-1890
21113,-1891
21114,-1894
21115,-1896
21116,-1898
21117,-1901
21118,-1903
21119,-1905
21120,-1908
21121,-1911
21122,-1913
21123,-1917
21124,-1918
21125,-1922
21126,-1924
21127,-1927
21128,-1930
21129,-1935
21130,-1938
21131,-1940
21132,-1942
21133,-1942
21134,-1944
21135,-1945
21136,-1948
21137,-1951
21138,-1954
21139,-1958
21140,-1962
21141,-1966
21142,-1970
21143,-1975
21144,-1978
21145,-1981
21146,-1983
21147,-1986
21148,-1988
21149,-1991
21150,-1994
21151,-1998
21152,-2002
21153,-2005
21154,-2009
21155,-2012
21156,-2015
21157,-2017
21158,-2020
21159,-2022
21160,-2025
21161,-2027
21162,-2030
21163,-2031
21164,-2034
21165,-2036
21166,-2039
21167,-2042
21168,-2043
21169,-2046
21170,-2048
21171,-2050
21172,-2052
21173,-2054
21174,-2056
21175,-2058
21176,-2060
21177,-2063
21178,-2065
21179,-2065
21180,-2066
21181,-2066
21182,-2068
21183,-2068
21184,-2069
21185,-2070
21186,-2071
21187,-2073
21188,-2074
21189,-2076
21190,-2078
21191,-2081
21192,-2082
21193,-2084
21194,-2085
21195,-2086
21196,-2086
21197,-2087
21198,-2088
21199,-2090
21200,-2093
21201,-2096
21202,-2098
21203,-2097
21204,-2097
21205,-2096
21206,-2095
21207,-2094
21208,-2093
21209,-2091
21210,-2088
21211,-2086
21212,-2083
21213,-2082
21214,-2081
21215,-2082
21216,-2082
21217,-2083
21218,-2083
21219,-2083
21220,-2083
21221,-2081
21222,-2079
21223,-2075
21224,-2071
21225,-2067
21226,-2065
21227,-2064
21228,-2065
21229,-2064
21230,-2065
21231,-2065
21232,-2064
21233,-2063
21234,-2062
21235,-2062
21236,-2061
21237,-2062
21238,-2061
21239,-2061
21240,-2061
21241,-2062
21242,-2063
21243,-2064
21244,-2065
21245,-2068
21246,-2071
21247,-2074
21248,-2077
21249,-2078
21250,-2080
21251,-2081
21252,-2083
21253,-2083
21254,-2082
21255,-2080
21256,-2077
21257,-2075
21258,-2074
21259,-2073
21260,-2071
21261,-2070
21262,-2068
21263,-2068
21264,-2066
21265,-2066
21266,-2065
21267,-2065
21268,-2066
21269,-2066
21270,-2066
21271,-2065
21272,-2065
21273,-2064
21274,-2063
21275,-2062
21276,-2060
21277,-2057
21278,-2053
21279,-2049
21280,-2046
21281,-2044
21282,-2042
21283,-2042
21284,-2041
21285,-2041
21286,-2040
21287,-2041
21288,-2041
21289,-2041
21290,-2043
21291,-2045
21292,-2048
21293,-2050
21294,-2052
21295,-2050
21296,-2048
21297,-2045
21298,-2043
21299,-2040
21300,-2036
21301,-2032
21302,-2029
21303,-2026
21304,-2022
21305,-2019
21306,-2015
21307,-2012
21308,-2009
21309,-2006
21310,-2002
21311,-1999
21312,-1996
21313,-1993
21314,-1991
21315,-1987
21316,-1984
21317,-1980
21318,-1977
21319,-1974
21320,-1971
21321,-1967
21322,-1964
21323,-1961
21324,-1957
21325,-1954
21326,-1951
21327,-1948
21328,-1945
21329,-1943
21330,-1941
21331,-1941
21332,-1939
21333,-1937
21334,-1935
21335,-1932
21336,-1930
21337,-1928
21338,-1927
21339,-1926
21340,-1927
21341,-1925
21342,-1923
21343,-1921
21344,-1920
21345,-1918
21346,-1918
21347,-1918
21348,-1916
21349,-1914
21350,-1911
21351,-1910
21352,-1907
21353,-1907
21354,-1906
21355,-1906
21356,-1905
21357,-1905
21358,-1906
21359,-1909
21360,-1912
21361,-1915
21362,-1917
21363,-1917
21364,-1918
21365,-1917
21366,-1917
21367,-1916
21368,-1915
21369,-1914
21370,-1913
21371,-1913
21372,-1912
21373,-1913
21374,-1914
21375,-1916
21376,-1919
21377,-1921
21378,-1924
21379,-1927
21380,-1930
21381,-1934
21382,-1937
21383,-1939
21384,-1942
21385,-1944
21386,-1947
21387,-1950
21388,-1952
21389,-1954
21390,-1957
21391,-1959
21392,-1961
21393,-1962
21394,-1963
21395,-1964
21396,-1966
21397,-1968
21398,-1969
21399,-1972
21400,-1974
21401,-1976
21402,-1978
21403,-1980
21404,-1982
21405,-1983
21406,-1985
21407,-1987
21408,-1991
21409,-1994
21410,-1997
21411,-2000
21412,-2003
21413,-2007
21414,-2011
21415,-2013
21416,-2014
21417,-2015
21418,-2015
21419,-2017
21420,-2018
21421,-2020
21422,-2022
21423,-2025
21424,-2028
21425,-2030
21426,-2032
21427,-2032
21428,-2032
21429,-2032
21430,-2034
21431,-2036
21432,-2038
21433,-2039
21434,-2042
21435,-2045
21436,-2050
21437,-2053
21438,-2057
21439,-2061
21440,-2063
21441,-2065
21442,-2066
21443,-2069
21444,-2072
21445,-2075
21446,-2078
21447,-2080
21448,-2081
21449,-2082
21450,-2083
21451,-2085
21452,-2088
21453,-2091
21454,-2095
21455,-2098
21456,-2101
21457,-2103
21458,-2106
21459,-2108
21460,-2109
21461,-2111
21462,-2110
21463,-2110
21464,-2108
21465,-2107
21466,-2106
21467,-2107
21468,-2107
21469,-2109
21470,-2111
21471,-2112
21472,-2113
21473,-2113
21474,-2113
21475,-2113
21476,-2114
21477,-2114
21478,-2115
21479,-2115
21480,-2115
21481,-2115
21482,-2116
21483,-2118
21484,-2120
21485,-2123
21486,-2125
21487,-2128
21488,-2129
21489,-2131
21490,-2131
21491,-2133
21492,-2133
21493,-2132
21494,-2131
21495,-2129
21496,-2126
21497,-2123
21498,-2122
21499,-2120
21500,-2119
21501,-2117
21502,-2117
21503,-2116
21504,-2115
21505,-2114
21506,-2112
21507,-2111
21508,-2109
21509,-2108
21510,-2106
21511,-2104
21512,-2100
21513,-2097
21514,-2094
21515,-2092
21516,-2089
21517,-2087
21518,-2085
21519,-2084
21520,-2085
21521,-2083
21522,-2082
21523,-2080
21524,-2078
21525,-2075
21526,-2073
21527,-2072
21528,-2073
21529,-2075
21530,-2078
21531,-2080
21532,-2080
21533,-2080
21534,-2079
21535,-2078
21536,-2075
21537,-2073
21538,-2070
21539,-2067
21540,-2064
21541,-2061
21542,-2059
21543,-2056
21544,-2053
21545,-2049
21546,-2046
21547,-2042
21548,-2038
21549,-2035
21550,-2031
21551,-2029
21552,-2028
21553,-2027
21554,-2023
21555,-2019
21556,-2015
21557,-2011
21558,-2007
21559,-2003
21560,-2000
21561,-1997
21562,-1994
21563,-1990
21564,-1988
21565,-1984
21566,-1981
21567,-1978
21568,-1973
21569,-1968
21570,-1965
21571,-1960
21572,-1956
21573,-1952
21574,-1949
21575,-1948
21576,-1947
21577,-1946
21578,-1944
21579,-1942
21580,-1939
21581,-1936
21582,-1933
21583,-1930
21584,-1927
21585,-1924
21586,-1920
21587,-1917
21588,-1914
21589,-1910
21590,-1908
21591,-1905
21592,-1903
21593,-1900
21594,-1898
21595,-1896
21596,-1895
21597,-1893
21598,-1891
21599,-1889
21600,-1886
21601,-1883
21602,-1880
21603,-1878
21604,-1875
21605,-1873
21606,-1870
21607,-1868
21608,-1867
21609,-1866
21610,-1866
21611,-1864
21612,-1863
21613,-1862
21614,-1862
21615,-1861
21616,-1861
21617,-1859
21618,-1857
21619,-1854
21620,-1851
21621,-1849
21622,-1848
21623,-1848
21624,-1849
21625,-1850
21626,-1850
21627,-1851
21628,-1851
21629,-1851
21630,-1852
21631,-1851
21632,-1850
21633,-1848
21634,-1846
21635,-1844
21636,-1844
21637,-1845
21638,-1846
21639,-1847
21640,-1847
21641,-1847
21642,-1848
21643,-1850
21644,-1850
21645,-1851
21646,-1850
21647,-1850
21648,-1849
21649,-1849
21650,-1849
21651,-1849
21652,-1849
21653,-1849
21654,-1850
21655,-1849
21656,-1847
21657,-1845
21658,-1843
21659,-1841
21660,-1841
21661,-1838
21662,-1838
21663,-1837
21664,-1836
21665,-1836
21666,-1836
21667,-1836
21668,-1836
21669,-1837
21670,-1837
21671,-1838
21672,-1837
21673,-1837
21674,-1836
21675,-1834
21676,-1833
21677,-1832
21678,-1832
21679,-1832
21680,-1832
21681,-1831
21682,-1831
21683,-1830
21684,-1830
21685,-1829
21686,-1829
21687,-1828
21688,-1825
21689,-1823
21690,-1820
21691,-1820
21692,-1819
21693,-1820
21694,-1820
21695,-1819
21696,-1818
21697,-1817
21698,-1816
21699,-1817
21700,-1818
21701,-1818
21702,-1819
21703,-1818
21704,-1820
21705,-1822
21706,-1825
21707,-1827
21708,-1828
21709,-1826
21710,-1823
21711,-1819
21712,-1815
21713,-1811
21714,-1808
21715,-1807
21716,-1805
21717,-1804
21718,-1803
21719,-1804
21720,-1806
21721,-1809
21722,-1813
21723,-1815
21724,-1817
21725,-1817
21726,-1818
21727,-1818
21728,-1819
21729,-1819
21730,-1819
21731,-1819
21732,-1818
21733,-1819
21734,-1820
21735,-1821
21736,-1823
21737,-1826
21738,-1828
21739,-1832
21740,-1836
21741,-1838
21742,-1839
21743,-1840
21744,-1840
21745,-1840
21746,-1842
21747,-1843
21748,-1845
21749,-1845
21750,-1846
21751,-1846
21752,-1847
21753,-1848
21754,-1849
21755,-1849
21756,-1847
21757,-1844
21758,-1840
21759,-1837
21760,-1835
21761,-1837
21762,-1839
21763,-1841
21764,-1842
21765,-1845
21766,-1848
21767,-1851
21768,-1854
21769,-1856
21770,-1859
21771,-1859
21772,-1860
21773,-1859
21774,-1861
21775,-1862
21776,-1863
21777,-1864
21778,-1864
21779,-1865
21780,-1864
21781,-1865
21782,-1866
21783,-1867
21784,-1866
21785,-1865
21786,-1863
21787,-1863
21788,-1861
21789,-1858
21790,-1855
21791,-1852
21792,-1851
21793,-1850
21794,-1851
21795,-1850
21796,-1849
21797,-1848
21798,-1847
21799,-1845
21800,-1844
21801,-1842
21802,-1842
21803,-1842
21804,-1841
21805,-1842
21806,-1840
21807,-1841
21808,-1840
21809,-1840
21810,-1840
21811,-1841
21812,-1842
21813,-1843
21814,-1844
21815,-1844
21816,-1844
21817,-1843
21818,-1844
21819,-1845
21820,-1847
21821,-1848
21822,-1849
21823,-1852
21824,-1855
21825,-1859
21826,-1863
21827,-1867
21828,-1869
21829,-1871
21830,-1872
21831,-1873
21832,-1873
21833,-1874
21834,-1874
21835,-1876
21836,-1877
21837,-1878
21838,-1879
21839,-1878
21840,-1880
21841,-1880
21842,-1881
21843,-1881
21844,-1883
21845,-1885
21846,-1888
21847,-1891
21848,-1894
21849,-1899
21850,-1902
21851,-1904
21852,-1904
21853,-1906
21854,-1907
21855,-1909
21856,-1910
21857,-1911
21858,-1913
21859,-1915
21860,-1919
21861,-1922
21862,-1926
21863,-1929
21864,-1933
21865,-1935
21866,-1938
21867,-1941
21868,-1944
21869,-1947
21870,-1950
21871,-1953
21872,-1954
21873,-1957
21874,-1958
21875,-1960
21876,-1960
21877,-1961
21878,-1962
21879,-1963
21880,-1965
21881,-1966
21882,-1968
21883,-1971
21884,-1974
21885,-1976
21886,-1979
21887,-1980
21888,-1982
21889,-1983
21890,-1985
21891,-1986
21892,-1987
21893,-1990
21894,-1992
21895,-1994
21896,-1995
21897,-1996
21898,-1996
21899,-1997
21900,-1998
21901,-1999
21902,-1998
21903,-1998
21904,-1998
21905,-1998
21906,-2000
21907,-2001
21908,-2003
21909,-2005
21910,-2007
21911,-2009
21912,-2011
21913,-2013
21914,-2014
21915,-2016
21916,-2016
21917,-2017
21918,-2018
21919,-2020
21920,-2021
21921,-2024
21922,-2026
21923,-2029
21924,-2032
21925,-2036
21926,-2040
21927,-2042
21928,-2042
21929,-2040
21930,-2039
21931,-2038
21932,-2038
21933,-2038
21934,-2038
21935,-2038
21936,-2039
21937,-2040
21938,-2042
21939,-2044
21940,-2044
21941,-2046
21942,-2046
21943,-2047
21944,-2047
21945,-2048
21946,-2049
21947,-2051
21948,-2052
21949,-2052
21950,-2053
21951,-2054
21952,-2056
21953,-2057
21954,-2059
21955,-2060
21956,-2060
21957,-2059
21958,-2057
21959,-2054
21960,-2051
21961,-2049
21962,-2047
21963,-2047
21964,-2046
21965,-2046
21966,-2045
21967,-2045
21968,-2045
21969,-2045
21970,-2045
21971,-2043
21972,-2040
21973,-2036
21974,-2032
21975,-2030
21976,-2030
21977,-2030
21978,-2031
21979,-2030
21980,-2031
21981,-2032
21982,-2032
21983,-2033
21984,-2033
21985,-2034
21986,-2035
21987,-2037
21988,-2037
21989,-2037
21990,-2036
21991,-2035
21992,-2034
21993,-2034
21994,-2032
21995,-2029
21996,-2025
21997,-2022
21998,-2019
21999,-2016
22000,-2015
22001,-2013
22002,-2011
22003,-2008
22004,-2006
22005,-2005
22006,-2005
22007,-2007
22008,-2009
22009,-2011
22010,-2011
22011,-2011
22012,-2009
22013,-2008
22014,-2006
22015,-2005
22016,-2004
22017,-2002
22018,-2000
22019,-1998
22020,-1996
22021,-1994
22022,-1993
22023,-1991
22024,-1989
22025,-1988
22026,-1987
22027,-1985
22028,-1984
22029,-1982
22030,-1979
22031,-1978
22032,-1975
22033,-1974
22034,-1973
22035,-1971
22036,-1969
22037,-1967
22038,-1965
22039,-1962
22040,-1959
22041,-1956
22042,-1953
22043,-1949
22044,-1946
22045,-1943
22046,-1940
22047,-1936
22048,-1933
22049,-1929
22050,-1925
22051,-1922
22052,-1918
22053,-1913
22054,-1909
22055,-1905
22056,-1901
22057,-1899
22058,-1896
22059,-1893
22060,-1890
22061,-1888
22062,-1887
22063,-1886
22064,-1887
22065,-1888
22066,-1889
22067,-1888
22068,-1887
22069,-1884
22070,-1884
22071,-1882
22072,-1879
22073,-1875
22074,-1872
22075,-1868
22076,-1865
22077,-1864
22078,-1863
22079,-1863
22080,-1863
22081,-1864
22082,-1865
22083,-1866
22084,-1868
22085,-1871
22086,-1874
22087,-1876
22088,-1878
22089,-1879
22090,-1881
22091,-1883
22092,-1887
22093,-1889
22094,-1892
22095,-1894
22096,-1896
22097,-1899
22098,-1901
22099,-1904
22100,-1906
22101,-1909
22102,-1912
22103,-1916
22104,-1919
22105,-1922
22106,-1925
22107,-1929
22108,-1933
22109,-1937
22110,-1942
22111,-1946
22112,-1949
22113,-1952
22114,-1957
22115,-1960
22116,-1963
22117,-1967
22118,-1970
22119,-1974
22120,-1976
22121,-1979
22122,-1979
22123,-1982
22124,-1984
22125,-1987
22126,-1990
22127,-1994
22128,-1998
22129,-2002
22130,-2005
22131,-2008
22132,-2013
22133,-2017
22134,-2021
22135,-2023
22136,-2027
22137,-2030
22138,-2035
22139,-2039
22140,-2041
22141,-2044
22142,-2046
22143,-2048
22144,-2049
22145,-2051
22146,-2053
22147,-2056
22148,-2057
22149,-2059
22150,-2060
22151,-2062
22152,-2064
22153,-2067
22154,-2070
22155,-2074
22156,-2078
22157,-2081
22158,-2086
22159,-2088
22160,-2091
22161,-2093
22162,-2096
22163,-2099
22164,-2100
22165,-2102
22166,-2101
22167,-2101
22168,-2102
22169,-2104
22170,-2106
22171,-2109
22172,-2111
22173,-2114
22174,-2116
22175,-2118
22176,-2120
22177,-2122
22178,-2125
22179,-2126
22180,-2128
22181,-2128
22182,-2130
22183,-2131
22184,-2132
22185,-2133
22186,-2134
22187,-2134
22188,-2135
22189,-2137
22190,-2138
22191,-2140
22192,-2139
22193,-2140
22194,-2141
22195,-2142
22196,-2143
22197,-2144
22198,-2144
22199,-2143
22200,-2144
22201,-2144
22202,-2147
22203,-2149
22204,-2152
22205,-2153
22206,-2154
22207,-2154
22208,-2154
22209,-2155
22210,-2155
22211,-2154
22212,-2151
22213,-2147
22214,-2142
22215,-2139
22216,-2138
22217,-2139
22218,-2140
22219,-2142
22220,-2143
22221,-2143
22222,-2142
22223,-2141
22224,-2142
22225,-2143
22226,-2145
22227,-2144
22228,-2142
22229,-2140
22230,-2140
22231,-2140
22232,-2141
22233,-2143
22234,-2144
22235,-2145
22236,-2145
22237,-2145
22238,-2144
22239,-2144
22240,-2143
22241,-2143
22242,-2142
22243,-2139
22244,-2137
22245,-2136
22246,-2136
22247,-2135
22248,-2135
22249,-2133
22250,-2131
22251,-2128
22252,-2126
22253,-2124
22254,-2122
22255,-2119
22256,-2116
22257,-2113
22258,-2110
22259,-2110
22260,-2108
22261,-2106
22262,-2103
22263,-2101
22264,-2098
22265,-2095
22266,-2092
22267,-2088
22268,-2084
22269,-2080
22270,-2076
22271,-2072
22272,-2069
22273,-2066
22274,-2064
22275,-2061
22276,-2059
22277,-2058
22278,-2056
22279,-2055
22280,-2052
22281,-2050
22282,-2047
22283,-2044
22284,-2040
22285,-2037
22286,-2033
22287,-2029
22288,-2025
22289,-2021
22290,-2017
22291,-2013
22292,-2009
22293,-2005
22294,-2001
22295,-1997
22296,-1993
22297,-1989
22298,-1985
22299,-1981
22300,-1979
22301,-1977
22302,-1975
22303,-1973
22304,-1969
22305,-1965
22306,-1961
22307,-1957
22308,-1953
22309,-1948
22310,-1944
22311,-1941
22312,-1937
22313,-1932
22314,-1928
22315,-1924
22316,-1922
22317,-1918
22318,-1914
22319,-1910
22320,-1907
22321,-1904
22322,-1901
22323,-1898
22324,-1894
22325,-1891
22326,-1887
22327,-1884
22328,-1881
22329,-1879
22330,-1876
22331,-1875
22332,-1873
22333,-1871
22334,-1868
22335,-1865
22336,-1861
22337,-1857
22338,-1853
22339,-1849
22340,-1846
22341,-1843
22342,-1841
22343,-1838
22344,-1835
22345,-1832
22346,-1831
22347,-1831
22348,-1831
22349,-1832
22350,-1830
22351,-1828
22352,-1825
22353,-1823
22354,-1821
22355,-1819
22356,-1815
22357,-1812
22358,-1808
22359,-1804
22360,-1801
22361,-1797
22362,-1795
22363,-1793
22364,-1793
22365,-1791
22366,-1791
22367,-1791
22368,-1792
22369,-1795
22370,-1798
22371,-1801
22372,-1802
22373,-1804
22374,-1805
22375,-1806
22376,-1806
22377,-1808
22378,-1808
22379,-1808
22380,-1808
22381,-1806
22382,-1805
22383,-1803
22384,-1802
22385,-1802
22386,-1803
22387,-1804
22388,-1805
22389,-1805
22390,-1807
22391,-1809
22392,-1812
22393,-1815
22394,-1817
22395,-1820
22396,-1820
22397,-1823
22398,-1824
22399,-1825
22400,-1828
22401,-1830
22402,-1832
22403,-1833
22404,-1833
22405,-1831
22406,-1829
22407,-1826
22408,-1826
22409,-1826
22410,-1827
22411,-1829
22412,-1830
22413,-1830
22414,-1832
22415,-1834
22416,-1836
22417,-1838
22418,-1838
22419,-1840
22420,-1840
22421,-1841
22422,-1841
22423,-1842
22424,-1842
22425,-1844
22426,-1846
22427,-1847
22428,-1848
22429,-1848
22430,-1849
22431,-1849
22432,-1850
22433,-1850
22434,-1851
22435,-1851
22436,-1851
22437,-1852
22438,-1852
22439,-1854
22440,-1855
22441,-1859
22442,-1860
22443,-1862
22444,-1861
22445,-1863
22446,-1865
22447,-1866
22448,-1866
22449,-1863
22450,-1861
22451,-1859
22452,-1858
22453,-1859
22454,-1862
22455,-1863
22456,-1866
22457,-1868
22458,-1871
22459,-1875
22460,-1878
22461,-1880
22462,-1880
22463,-1881
22464,-1878
22465,-1878
22466,-1877
22467,-1876
22468,-1875
22469,-1874
22470,-1873
22471,-1873
22472,-1874
22473,-1876
22474,-1878
22475,-1878
22476,-1879
22477,-1877
22478,-1876
22479,-1876
22480,-1875
22481,-1874
22482,-1873
22483,-1870
22484,-1867
22485,-1867
22486,-1868
22487,-1872
22488,-1875
22489,-1879
22490,-1882
22491,-1885
22492,-1889
22493,-1893
22494,-1897
22495,-1900
22496,-1902
22497,-1902
22498,-1904
22499,-1904
22500,-1906
22501,-1907
22502,-1910
22503,-1911
22504,-1910
22505,-1909
22506,-1908
22507,-1909
22508,-1910
22509,-1913
22510,-1914
22511,-1914
22512,-1914
22513,-1914
22514,-1914
22515,-1916
22516,-1919
22517,-1921
22518,-1924
22519,-1926
22520,-1928
22521,-1929
22522,-1931
22523,-1930
22524,-1930
22525,-1929
22526,-1929
22527,-1928
22528,-1928
22529,-1930
22530,-1931
22531,-1934
22532,-1935
22533,-1938
22534,-1939
22535,-1941
22536,-1942
22537,-1943
22538,-1944
22539,-1944
22540,-1945
22541,-1948
22542,-1951
22543,-1954
22544,-1956
22545,-1956
22546,-1957
22547,-1957
22548,-1958
22549,-1958
22550,-1957
22551,-1955
22552,-1952
22553,-1950
22554,-1949
22555,-1949
22556,-1949
22557,-1950
22558,-1949
22559,-1949
22560,-1948
22561,-1947
22562,-1946
22563,-1945
22564,-1945
22565,-1945
22566,-1948
22567,-1948
22568,-1949
22569,-1949
22570,-1949
22571,-1950
22572,-1951
22573,-1951
22574,-1951
22575,-1950
22576,-1949
22577,-1950
22578,-1950
22579,-1951
22580,-1951
22581,-1952
22582,-1953
22583,-1956
22584,-1959
22585,-1962
22586,-1965
22587,-1967
22588,-1969
22589,-1970
22590,-1971
22591,-1971
22592,-1972
22593,-1971
22594,-1972
22595,-1973
22596,-1974
22597,-1977
22598,-1979
22599,-1981
22600,-1982
22601,-1983
22602,-1984
22603,-1986
22604,-1988
22605,-1990
22606,-1990
22607,-1991
22608,-1992
22609,-1994
22610,-1997
22611,-1999
22612,-2003
22613,-2006
22614,-2008
22615,-2010
22616,-2013
22617,-2015
22618,-2017
22619,-2019
22620,-2018
22621,-2017
22622,-2016
22623,-2017
22624,-2018
22625,-2021
22626,-2022
22627,-2024
22628,-2025
22629,-2027
22630,-2030
22631,-2033
22632,-2037
22633,-2040
22634,-2043
22635,-2044
22636,-2045
22637,-2045
22638,-2045
22639,-2045
22640,-2046
22641,-2046
22642,-2048
22643,-2050
22644,-2049
22645,-2049
22646,-2047
22647,-2048
22648,-2048
22649,-2050
22650,-2051
22651,-2052
22652,-2053
22653,-2055
22654,-2057
22655,-2059
22656,-2063
22657,-2066
22658,-2070
22659,-2071
22660,-2072
22661,-2073
22662,-2075
22663,-2076
22664,-2077
22665,-2077
22666,-2076
22667,-2077
22668,-2077
22669,-2079
22670,-2081
22671,-2085
22672,-2087
22673,-2090
22674,-2093
22675,-2096
22676,-2099
22677,-2101
22678,-2105
22679,-2106
22680,-2107
22681,-2107
22682,-2109
22683,-2110
22684,-2112
22685,-2113
22686,-2114
22687,-2116
22688,-2115
22689,-2114
22690,-2112
22691,-2112
22692,-2112
22693,-2113
22694,-2113
22695,-2114
22696,-2113
22697,-2113
22698,-2113
22699,-2112
22700,-2111
22701,-2110
22702,-2109
22703,-2107
22704,-2107
22705,-2107
22706,-2108
22707,-2108
22708,-2110
22709,-2112
22710,-2114
22711,-2117
22712,-2120
22713,-2123
22714,-2123
22715,-2124
22716,-2125
22717,-2126
22718,-2126
22719,-2126
22720,-2125
22721,-2124
22722,-2123
22723,-2122
22724,-2123
22725,-2121
22726,-2121
22727,-2119
22728,-2117
22729,-2115
22730,-2113
22731,-2110
22732,-2106
22733,-2103
22734,-2099
22735,-2097
22736,-2094
22737,-2093
22738,-2090
22739,-2088
22740,-2085
22741,-2083
22742,-2081
22743,-2078
22744,-2076
22745,-2072
22746,-2068
22747,-2065
22748,-2062
22749,-2060
22750,-2060
22751,-2059
22752,-2060
22753,-2059
22754,-2060
22755,-2062
22756,-2064
22757,-2065
22758,-2065
22759,-2065
22760,-2063
22761,-2062
22762,-2061
22763,-2062
22764,-2060
22765,-2058
22766,-2055
22767,-2052
22768,-2049
22769,-2046
22770,-2045
22771,-2044
22772,-2043
22773,-2041
22774,-2038
22775,-2036
22776,-2034
22777,-2032
22778,-2030
22779,-2027
22780,-2025
22781,-2023
22782,-2020
22783,-2019
22784,-2017
22785,-2015
22786,-2014
22787,-2012
22788,-2008
22789,-2006
22790,-2004
22791,-2002
22792,-2001
22793,-1999
22794,-1998
22795,-1996
22796,-1996
22797,-1994
22798,-1994
22799,-1994
22800,-1995
22801,-1997
22802,-1998
22803,-2000
22804,-2001
22805,-2002
22806,-2002
22807,-2002
22808,-2000
22809,-1999
22810,-1996
22811,-1994
22812,-1992
22813,-1991
22814,-1991
22815,-1989
22816,-1989
22817,-1987
22818,-1986
22819,-1983
22820,-1981
22821,-1978
22822,-1975
22823,-1972
22824,-1970
22825,-1969
22826,-1968
22827,-1968
22828,-1967
22829,-1967
22830,-1966
22831,-1965
22832,-1964
22833,-1964
22834,-1963
22835,-1962
22836,-1961
22837,-1959
22838,-1960
22839,-1959
22840,-1961
22841,-1961
22842,-1963
22843,-1964
22844,-1966
22845,-1966
22846,-1964
22847,-1963
22848,-1963
22849,-1966
22850,-1968
22851,-1973
22852,-1975
22853,-1977
22854,-1978
22855,-1980
22856,-1983
22857,-1985
22858,-1986
22859,-1986
22860,-1988
22861,-1988
22862,-1989
22863,-1992
22864,-1996
22865,-1999
22866,-2003
22867,-2005
22868,-2007
22869,-2009
22870,-2012
22871,-2015
22872,-2015
22873,-2018
22874,-2021
22875,-2025
22876,-2026
22877,-2029
22878,-2032
22879,-2036
22880,-2039
22881,-2038
22882,-2041
22883,-2045
22884,-2046
22885,-2048
22886,-2051
22887,-2054
22888,-2059
22889,-2062
22890,-2065
22891,-2068
22892,-2071
22893,-2074
22894,-2074
22895,-2077
22896,-2080
22897,-2083
22898,-2086
22899,-2090
22900,-2093
22901,-2097
22902,-2099
22903,-2101
22904,-2102
22905,-2100
22906,-2103
22907,-2106
22908,-2108
22909,-2107
22910,-2109
22911,-2113
22912,-2114
22913,-2113
22914,-2116
22915,-2120
22916,-2119
22917,-2121
22918,-2120
22919,-2120
22920,-2120
22921,-2118
22922,-2119
22923,-2119
22924,-2119
22925,-2121
22926,-2122
22927,-2124
22928,-2128
22929,-2131
22930,-2134
22931,-2133
22932,-2133
22933,-2137
22934,-2140
22935,-2138
22936,-2139
22937,-2141
22938,-2142
22939,-2145
22940,-2148
22941,-2149
22942,-2150
22943,-2153
22944,-2152
22945,-2153
22946,-2152
22947,-2152
22948,-2154
22949,-2157
22950,-2158
22951,-2158
22952,-2161
22953,-2162
22954,-2159
22955,-2156
22956,-2159
22957,-2159
22958,-2158
22959,-2161
22960,-2162
22961,-2161
22962,-2161
22963,-2162
22964,-2159
22965,-2158
22966,-2159
22967,-2158
22968,-2157
22969,-2158
22970,-2158
22971,-2157
22972,-2156
22973,-2154
22974,-2153
22975,-2153
22976,-2152
22977,-2150
22978,-2148
22979,-2144
22980,-2144
22981,-2144
22982,-2144
22983,-2144
22984,-2140
22985,-2136
22986,-2132
22987,-2130
22988,-2126
22989,-2125
22990,-2125
22991,-2123
22992,-2120
22993,-2117
22994,-2115
22995,-2117
22996,-2119
22997,-2116
22998,-2113
22999,-2110
23000,-2107
23001,-2103
23002,-2099
23003,-2097
23004,-2093
23005,-2092
23006,-2091
23007,-2087
23008,-2083
23009,-2082
23010,-2080
23011,-2078
23012,-2074
23013,-2069
23014,-2066
23015,-2062
23016,-2060
23017,-2061
23018,-2060
23019,-2057
23020,-2056
23021,-2055
23022,-2054
23023,-2051
23024,-2053
23025,-2051
23026,-2048
23027,-2045
23028,-2041
23029,-2038
23030,-2034
23031,-2030
23032,-2026
23033,-2024
23034,-2021
23035,-2018
23036,-2014
23037,-2011
23038,-2009
23039,-2005
23040,-2001
23041,-1997
23042,-1994
23043,-1990
23044,-1987
23045,-1984
23046,-1982
23047,-1977
23048,-1973
23049,-1969
23050,-1967
23051,-1966
23052,-1961
23053,-1957
23054,-1953
23055,-1953
23056,-1951
23057,-1948
23058,-1945
23059,-1943
23060,-1941
23061,-1937
23062,-1933
23063,-1930
23064,-1927
23065,-1923
23066,-1919
23067,-1915
23068,-1912
23069,-1908
23070,-1905
23071,-1902
23072,-1899
23073,-1896
23074,-1894
23075,-1889
23076,-1886
23077,-1885
23078,-1880
23079,-1876
23080,-1874
23081,-1871
23082,-1867
23083,-1863
23084,-1861
23085,-1857
23086,-1853
23087,-1850
23088,-1847
23089,-1843
23090,-1840
23091,-1836
23092,-1834
23093,-1832
23094,-1829
23095,-1824
23096,-1821
23097,-1817
23098,-1813
23099,-1812
23100,-1808
23101,-1805
23102,-1802
23103,-1799
23104,-1796
23105,-1794
23106,-1791
23107,-1786
23108,-1786
23109,-1788
23110,-1788
23111,-1784
23112,-1782
23113,-1780
23114,-1777
23115,-1776
23116,-1776
23117,-1773
23118,-1771
23119,-1772
23120,-1772
23121,-1772
23122,-1772
23123,-1772
23124,-1769
23125,-1767
23126,-1765
23127,-1767
23128,-1768
23129,-1764
23130,-1760
23131,-1758
23132,-1759
23133,-1756
23134,-1756
23135,-1757
23136,-1758
23137,-1759
23138,-1760
23139,-1759
23140,-1760
23141,-1763
23142,-1764
23143,-1761
23144,-1763
23145,-1766
23146,-1766
23147,-1770
23148,-1771
23149,-1772
23150,-1773
23151,-1773
23152,-1774
23153,-1774
23154,-1772
23155,-1772
23156,-1773
23157,-1773
23158,-1776
23159,-1779
23160,-1781
23161,-1780
23162,-1781
23163,-1785
23164,-1789
23165,-1794
23166,-1796
23167,-1795
23168,-1796
23169,-1799
23170,-1800
23171,-1804
23172,-1806
23173,-1807
23174,-1808
23175,-1809
23176,-1812
23177,-1815
23178,-1818
23179,-1821
23180,-1821
23181,-1822
23182,-1826
23183,-1829
23184,-1830
23185,-1831
23186,-1833
23187,-1835
23188,-1835
23189,-1838
23190,-1840
23191,-1843
23192,-1847
23193,-1848
23194,-1850
23195,-1854
23196,-1856
23197,-1859
23198,-1863
23199,-1862
23200,-1864
23201,-1866
23202,-1863
23203,-1864
23204,-1868
23205,-1868
23206,-1871
23207,-1874
23208,-1876
23209,-1880
23210,-1884
23211,-1887
23212,-1888
23213,-1892
23214,-1893
23215,-1894
23216,-1898
23217,-1900
23218,-1898
23219,-1902
23220,-1906
23221,-1908
23222,-1910
23223,-1911
23224,-1913
23225,-1915
23226,-1918
23227,-1921
23228,-1923
23229,-1926
23230,-1929
23231,-1930
23232,-1932
23233,-1936
23234,-1940
23235,-1944
23236,-1947
23237,-1951
23238,-1954
23239,-1957
23240,-1960
23241,-1963
23242,-1967
23243,-1970
23244,-1971
23245,-1973
23246,-1976
23247,-1976
23248,-1979
23249,-1983
23250,-1986
23251,-1987
23252,-1991
23253,-1994
23254,-1998
23255,-2001
23256,-2004
23257,-2007
23258,-2007
23259,-2010
23260,-2012
23261,-2013
23262,-2014
23263,-2018
23264,-2019
23265,-2018
23266,-2020
23267,-2021
23268,-2022
23269,-2022
23270,-2019
23271,-2016
23272,-2017
23273,-2020
23274,-2022
23275,-2021
23276,-2022
23277,-2021
23278,-2021
23279,-2024
23280,-2026
23281,-2027
23282,-2028
23283,-2030
23284,-2030
23285,-2030
23286,-2034
23287,-2038
23288,-2039
23289,-2043
23290,-2047
23291,-2047
23292,-2047
23293,-2050
23294,-2053
23295,-2054
23296,-2052
23297,-2053
23298,-2055
23299,-2052
23300,-2051
23301,-2054
23302,-2055
23303,-2053
23304,-2055
23305,-2058
23306,-2054
23307,-2051
23308,-2050
23309,-2047
23310,-2045
23311,-2044
23312,-2040
23313,-2040
23314,-2039
23315,-2036
23316,-2033
23317,-2029
23318,-2031
23319,-2031
23320,-2028
23321,-2027
23322,-2025
23323,-2020
23324,-2019
23325,-2018
23326,-2014
23327,-2012
23328,-2009
23329,-2009
23330,-2011
23331,-2011
23332,-2009
23333,-2010
23334,-2013
23335,-2012
23336,-2015
23337,-2016
23338,-2012
23339,-2012
23340,-2014
23341,-2012
23342,-2010
23343,-2006
23344,-2002
23345,-1999
23346,-1995
23347,-1991
23348,-1987
23349,-1985
23350,-1982
23351,-1978
23352,-1974
23353,-1971
23354,-1967
23355,-1965
23356,-1963
23357,-1961
23358,-1964
23359,-1966
23360,-1965
23361,-1965
23362,-1965
23363,-1963
23364,-1961
23365,-1957
23366,-1955
23367,-1953
23368,-1950
23369,-1947
23370,-1944
23371,-1940
23372,-1938
23373,-1940
23374,-1936
23375,-1935
23376,-1935
23377,-1934
23378,-1932
23379,-1934
23380,-1937
23381,-1934
23382,-1936
23383,-1939
23384,-1941
23385,-1938
23386,-1936
23387,-1935
23388,-1934
23389,-1931
23390,-1930
23391,-1931
23392,-1928
23393,-1931
23394,-1932
23395,-1931
23396,-1929
23397,-1929
23398,-1929
23399,-1929
23400,-1928
23401,-1930
23402,-1931
23403,-1930
23404,-1932
23405,-1934
23406,-1938
23407,-1942
23408,-1944
23409,-1942
23410,-1942
23411,-1943
23412,-1946
23413,-1948
23414,-1949
23415,-1950
23416,-1951
23417,-1954
23418,-1956
23419,-1959
23420,-1962
23421,-1965
23422,-1967
23423,-1970
23424,-1972
23425,-1973
23426,-1977
23427,-1980
23428,-1983
23429,-1986
23430,-1990
23431,-1993
23432,-1995
23433,-1997
23434,-1999
23435,-2000
23436,-2002
23437,-2003
23438,-2001
23439,-2000
23440,-2001
23441,-2003
23442,-2005
23443,-2006
23444,-2007
23445,-2009
23446,-2011
23447,-2013
23448,-2016
23449,-2019
23450,-2017
23451,-2014
23452,-2017
23453,-2019
23454,-2019
23455,-2018
23456,-2020
23457,-2023
23458,-2025
23459,-2023
23460,-2022
23461,-2025
23462,-2025
23463,-2026
23464,-2028
23465,-2030
23466,-2032
23467,-2035
23468,-2037
23469,-2038
23470,-2039
23471,-2038
23472,-2040
23473,-2043
23474,-2046
23475,-2048
23476,-2048
23477,-2050
23478,-2054
23479,-2057
23480,-2058
23481,-2060
23482,-2062
23483,-2062
23484,-2060
23485,-2058
23486,-2056
23487,-2054
23488,-2053
23489,-2055
23490,-2058
23491,-2060
23492,-2059
23493,-2057
23494,-2057
23495,-2054
23496,-2051
23497,-2052
23498,-2054
23499,-2055
23500,-2057
23501,-2055
23502,-2057
23503,-2058
23504,-2062
23505,-2066
23506,-2069
23507,-2071
23508,-2070
23509,-2073
23510,-2074
23511,-2075
23512,-2077
23513,-2080
23514,-2083
23515,-2083
23516,-2084
23517,-2086
23518,-2087
23519,-2090
23520,-2094
23521,-2096
23522,-2099
23523,-2102
23524,-2105
23525,-2106
23526,-2109
23527,-2108
23528,-2105
23529,-2107
23530,-2109
23531,-2109
23532,-2107
23533,-2106
23534,-2107
23535,-2109
23536,-2112
23537,-2114
23538,-2113
23539,-2110
23540,-2107
23541,-2108
23542,-2108
23543,-2104
23544,-2107
23545,-2107
23546,-2107
23547,-2108
23548,-2108
23549,-2109
23550,-2112
23551,-2111
23552,-2112
23553,-2115
23554,-2113
23555,-2113
23556,-2116
23557,-2118
23558,-2119
23559,-2123
23560,-2126
23561,-2125
23562,-2124
23563,-2120
23564,-2119
23565,-2118
23566,-2117
23567,-2116
23568,-2118
23569,-2117
23570,-2116
23571,-2116
23572,-2118
23573,-2119
23574,-2120
23575,-2119
23576,-2119
23577,-2118
23578,-2114
23579,-2114
23580,-2113
23581,-2109
23582,-2105
23583,-2102
23584,-2100
23585,-2100
23586,-2099
23587,-2095
23588,-2094
23589,-2092
23590,-2090
23591,-2087
23592,-2085
23593,-2085
23594,-2086
23595,-2084
23596,-2083
23597,-2082
23598,-2081
23599,-2082
23600,-2080
23601,-2082
23602,-2080
23603,-2078
23604,-2077
23605,-2076
23606,-2075
23607,-2073
23608,-2071
23609,-2067
23610,-2064
23611,-2061
23612,-2061
23613,-2060
23614,-2060
23615,-2056
23616,-2054
23617,-2054
23618,-2054
23619,-2052
23620,-2051
23621,-2053
23622,-2051
23623,-2049
23624,-2047
23625,-2046
23626,-2043
23627,-2041
23628,-2039
23629,-2036
23630,-2033
23631,-2029
23632,-2028
23633,-2025
23634,-2022
23635,-2018
23636,-2015
23637,-2014
23638,-2013
23639,-2011
23640,-2013
23641,-2012
23642,-2016
23643,-2019
23644,-2019
23645,-2023
23646,-2025
23647,-2026
23648,-2025
23649,-2026
23650,-2026
23651,-2024
23652,-2025
23653,-2024
23654,-2024
23655,-2022
23656,-2021
23657,-2022
23658,-2023
23659,-2023
23660,-2022
23661,-2021
23662,-2020
23663,-2021
23664,-2023
23665,-2027
23666,-2031
23667,-2035
23668,-2036
23669,-2036
23670,-2034
23671,-2035
23672,-2037
23673,-2036
23674,-2033
23675,-2034
23676,-2037
23677,-2038
23678,-2036
23679,-2034
23680,-2037
23681,-2036
23682,-2036
23683,-2038
23684,-2040
23685,-2041
23686,-2044
23687,-2046
23688,-2046
23689,-2050
23690,-2054
23691,-2058
23692,-2059
23693,-2061
23694,-2063
23695,-2067
23696,-2069
23697,-2069
23698,-2072
23699,-2075
23700,-2078
23701,-2080
23702,-2082
23703,-2084
23704,-2085
23705,-2083
23706,-2085
23707,-2088
23708,-2087
23709,-2086
23710,-2088
23711,-2092
23712,-2095
23713,-2095
23714,-2097
23715,-2099
23716,-2099
23717,-2100
23718,-2097
23719,-2096
23720,-2096
23721,-2099
23722,-2097
23723,-2093
23724,-2093
23725,-2092
23726,-2091
23727,-2088
23728,-2087
23729,-2088
23730,-2087
23731,-2085
23732,-2084
23733,-2080
23734,-2077
23735,-2078
23736,-2078
23737,-2078
23738,-2076
23739,-2076
23740,-2075
23741,-2074
23742,-2072
23743,-2073
23744,-2074
23745,-2074
23746,-2073
23747,-2072
23748,-2073
23749,-2071
23750,-2071
23751,-2071
23752,-2071
23753,-2068
23754,-2066
23755,-2067
23756,-2066
23757,-2065
23758,-2065
23759,-2064
23760,-2061
23761,-2060
23762,-2061
23763,-2059
23764,-2056
23765,-2055
23766,-2053
23767,-2050
23768,-2046
23769,-2042
23770,-2039
23771,-2036
23772,-2036
23773,-2034
23774,-2032
23775,-2030
23776,-2027
23777,-2023
23778,-2019
23779,-2016
23780,-2011
23781,-2008
23782,-2005
23783,-2002
23784,-1998
23785,-1996
23786,-1992
23787,-1991
23788,-1990
23789,-1988
23790,-1988
23791,-1988
23792,-1986
23793,-1983
23794,-1980
23795,-1975
23796,-1971
23797,-1967
23798,-1963
23799,-1960
23800,-1956
23801,-1952
23802,-1949
23803,-1946
23804,-1942
23805,-1940
23806,-1936
23807,-1933
23808,-1930
23809,-1928
23810,-1925
23811,-1921
23812,-1917
23813,-1914
23814,-1916
23815,-1915
23816,-1914
23817,-1914
23818,-1914
23819,-1911
23820,-1908
23821,-1906
23822,-1907
23823,-1905
23824,-1901
23825,-1899
23826,-1896
23827,-1893
23828,-1891
23829,-1893
23830,-1893
23831,-1891
23832,-1889
23833,-1888
23834,-1887
23835,-1883
23836,-1880
23837,-1879
23838,-1879
23839,-1877
23840,-1874
23841,-1871
23842,-1871
23843,-1869
23844,-1867
23845,-1864
23846,-1861
23847,-1859
23848,-1854
23849,-1849
23850,-1846
23851,-1844
23852,-1841
23853,-1841
23854,-1838
23855,-1835
23856,-1833
23857,-1831
23858,-1831
23859,-1828
23860,-1825
23861,-1823
23862,-1825
23863,-1824
23864,-1822
23865,-1820
23866,-1819
23867,-1816
23868,-1814
23869,-1812
23870,-1809
23871,-1805
23872,-1801
23873,-1798
23874,-1795
23875,-1795
23876,-1793
23877,-1789
23878,-1786
23879,-1784
23880,-1782
23881,-1780
23882,-1781
23883,-1780
23884,-1779
23885,-1776
23886,-1772
23887,-1768
23888,-1767
23889,-1765
23890,-1762
23891,-1759
23892,-1756
23893,-1752
23894,-1746
23895,-1743
23896,-1741
23897,-1741
23898,-1739
23899,-1740
23900,-1740
23901,-1738
23902,-1738
23903,-1738
23904,-1736
23905,-1736
23906,-1739
23907,-1739
23908,-1739
23909,-1739
23910,-1739
23911,-1738
23912,-1737
23913,-1737
23914,-1738
23915,-1741
23916,-1740
23917,-1738
23918,-1737
23919,-1738
23920,-1740
23921,-1744
23922,-1745
23923,-1747
23924,-1747
23925,-1748
23926,-1752
23927,-1755
23928,-1758
23929,-1761
23930,-1764
23931,-1766
23932,-1769
23933,-1772
23934,-1774
23935,-1775
23936,-1778
23937,-1779
23938,-1780
23939,-1784
23940,-1787
23941,-1790
23942,-1792
23943,-1796
23944,-1799
23945,-1802
23946,-1805
23947,-1808
23948,-1812
23949,-1816
23950,-1821
23951,-1824
23952,-1827
23953,-1830
23954,-1833
23955,-1835
23956,-1838
23957,-1842
23958,-1846
23959,-1849
23960,-1853
23961,-1857
23962,-1860
23963,-1864
23964,-1868
23965,-1873
23966,-1877
23967,-1881
23968,-1884
23969,-1888
23970,-1892
23971,-1896
23972,-1899
23973,-1902
23974,-1906
23975,-1910
23976,-1914
23977,-1917
23978,-1922
23979,-1925
23980,-1929
23981,-1933
23982,-1936
23983,-1939
23984,-1943
23985,-1946
23986,-1949
23987,-1952
23988,-1956
23989,-1960
23990,-1963
23991,-1967
23992,-1971
23993,-1974
23994,-1975
23995,-1975
23996,-1978
23997,-1982
23998,-1984
23999,-1985
24000,-1989
24001,-1992
24002,-1996
24003,-1999
24004,-2003
24005,-2007
24006,-2010
24007,-2014
24008,-2018
24009,-2021
24010,-2023
24011,-2027
24012,-2031
24013,-2034
24014,-2036
24015,-2038
24016,-2038
24017,-2034
24018,-2033
24019,-2035
24020,-2037
24021,-2040
24022,-2043
24023,-2045
24024,-2046
24025,-2048
24026,-2051
24027,-2054
24028,-2058
24029,-2061
24030,-2061
24031,-2063
24032,-2065
24033,-2067
24034,-2068
24035,-2071
24036,-2075
24037,-2079
24038,-2082
24039,-2083
24040,-2085
24041,-2088
24042,-2091
24043,-2093
24044,-2095
24045,-2097
24046,-2099
24047,-2101
24048,-2104
24049,-2106
24050,-2106
24051,-2104
24052,-2101
24053,-2099
24054,-2097
24055,-2095
24056,-2093
24057,-2093
24058,-2089
24059,-2086
24060,-2084
24061,-2081
24062,-2078
24063,-2076
24064,-2073
24065,-2071
24066,-2070
24067,-2069
24068,-2069
24069,-2067
24070,-2066
24071,-2067
24072,-2070
24073,-2071
24074,-2070
24075,-2070
24076,-2069
24077,-2071
24078,-2069
24079,-2071
24080,-2073
24081,-2073
24082,-2074
24083,-2076
24084,-2075
24085,-2073
24086,-2073
24087,-2073
24088,-2074
24089,-2073
24090,-2072
24091,-2070
24092,-2068
24093,-2066
24094,-2066
24095,-2065
24096,-2063
24097,-2061
24098,-2060
24099,-2059
24100,-2059
24101,-2060
24102,-2058
24103,-2055
24104,-2051
24105,-2048
24106,-2045
24107,-2044
24108,-2041
24109,-2037
24110,-2034
24111,-2033
24112,-2031
24113,-2028
24114,-2026
24115,-2023
24116,-2022
24117,-2021
24118,-2017
24119,-2015
24120,-2013
24121,-2010
24122,-2010
24123,-2013
24124,-2013
24125,-2014
24126,-2012
24127,-2012
24128,-2012
24129,-2014
24130,-2013
24131,-2011
24132,-2011
24133,-2009
24134,-2008
24135,-2006
24136,-2005
24137,-2002
24138,-1999
24139,-1996
24140,-1992
24141,-1989
24142,-1987
24143,-1984
24144,-1980
24145,-1979
24146,-1975
24147,-1972
24148,-1969
24149,-1966
24150,-1962
24151,-1958
24152,-1955
24153,-1951
24154,-1947
24155,-1944
24156,-1940
24157,-1936
24158,-1933
24159,-1930
24160,-1928
24161,-1923
24162,-1919
24163,-1917
24164,-1915
24165,-1914
24166,-1914
24167,-1915
24168,-1914
24169,-1913
24170,-1910
24171,-1910
24172,-1907
24173,-1905
24174,-1905
24175,-1902
24176,-1901
24177,-1900
24178,-1898
24179,-1897
24180,-1897
24181,-1896
24182,-1897
24183,-1898
24184,-1899
24185,-1898
24186,-1899
24187,-1901
24188,-1902
24189,-1905
24190,-1907
24191,-1908
24192,-1907
24193,-1908
24194,-1907
24195,-1908
24196,-1910
24197,-1912
24198,-1913
24199,-1914
24200,-1915
24201,-1913
24202,-1914
24203,-1914
24204,-1916
24205,-1917
24206,-1919
24207,-1919
24208,-1919
24209,-1920
24210,-1920
24211,-1921
24212,-1921
24213,-1921
24214,-1923
24215,-1927
24216,-1927
24217,-1931
24218,-1934
24219,-1937
24220,-1941
24221,-1945
24222,-1947
24223,-1951
24224,-1954
24225,-1954
24226,-1957
24227,-1960
24228,-1963
24229,-1964
24230,-1967
24231,-1970
24232,-1972
24233,-1975
24234,-1978
24235,-1979
24236,-1978
24237,-1980
24238,-1980
24239,-1980
24240,-1981
24241,-1984
24242,-1987
24243,-1989
24244,-1988
24245,-1986
24246,-1989
24247,-1991
24248,-1992
24249,-1994
24250,-1996
24251,-1997
24252,-1999
24253,-2000
24254,-2002
24255,-2004
24256,-2005
24257,-2007
24258,-2007
24259,-2009
24260,-2011
24261,-2013
24262,-2013
24263,-2016
24264,-2019
24265,-2022
24266,-2025
24267,-2028
24268,-2031
24269,-2035
24270,-2038
24271,-2040
24272,-2043
24273,-2042
24274,-2045
24275,-2048
24276,-2049
24277,-2049
24278,-2050
24279,-2051
24280,-2050
24281,-2050
24282,-2050
24283,-2049
24284,-2049
24285,-2051
24286,-2052
24287,-2052
24288,-2051
24289,-2054
24290,-2057
24291,-2061
24292,-2065
24293,-2064
24294,-2066
24295,-2066
24296,-2066
24297,-2067
24298,-2068
24299,-2068
24300,-2066
24301,-2064
24302,-2062
24303,-2060
24304,-2060
24305,-2063
24306,-2067
24307,-2070
24308,-2069
24309,-2073
24310,-2076
24311,-2079
24312,-2083
24313,-2084
24314,-2083
24315,-2083
24316,-2084
24317,-2085
24318,-2086
24319,-2084
24320,-2082
24321,-2083
24322,-2085
24323,-2084
24324,-2084
24325,-2086
24326,-2088
24327,-2090
24328,-2090
24329,-2091
24330,-2091
24331,-2092
24332,-2091
24333,-2090
24334,-2088
24335,-2085
24336,-2082
24337,-2080
24338,-2083
24339,-2083
24340,-2084
24341,-2084
24342,-2086
24343,-2087
24344,-2086
24345,-2086
24346,-2090
24347,-2092
24348,-2092
24349,-2094
24350,-2095
24351,-2097
24352,-2097
24353,-2099
24354,-2101
24355,-2101
24356,-2101
24357,-2101
24358,-2102
24359,-2102
24360,-2104
24361,-2107
24362,-2107
24363,-2104
24364,-2103
24365,-2101
24366,-2101
24367,-2101
24368,-2099
24369,-2098
24370,-2098
24371,-2097
24372,-2096
24373,-2097
24374,-2095
24375,-2093
24376,-2092
24377,-2091
24378,-2090
24379,-2089
24380,-2087
24381,-2089
24382,-2092
24383,-2094
24384,-2095
24385,-2093
24386,-2094
24387,-2094
24388,-2095
24389,-2094
24390,-2093
24391,-2094
24392,-2092
24393,-2090
24394,-2088
24395,-2089
24396,-2089
24397,-2089
24398,-2088
24399,-2088
24400,-2088
24401,-2086
24402,-2083
24403,-2080
24404,-2078
24405,-2077
24406,-2077
24407,-2076
24408,-2075
24409,-2073
24410,-2071
24411,-2067
24412,-2065
24413,-2062
24414,-2060
24415,-2058
24416,-2056
24417,-2055
24418,-2052
24419,-2051
24420,-2047
24421,-2045
24422,-2041
24423,-2037
24424,-2033
24425,-2030
24426,-2026
24427,-2023
24428,-2020
24429,-2017
24430,-2016
24431,-2014
24432,-2013
24433,-2011
24434,-2010
24435,-2008
24436,-2005
24437,-2003
24438,-2001
24439,-1999
24440,-1994
24441,-1990
24442,-1986
24443,-1983
24444,-1981
24445,-1980
24446,-1977
24447,-1974
24448,-1974
24449,-1973
24450,-1971
24451,-1968
24452,-1968
24453,-1967
24454,-1965
24455,-1964
24456,-1964
24457,-1962
24458,-1960
24459,-1958
24460,-1957
24461,-1958
24462,-1956
24463,-1953
24464,-1952
24465,-1952
24466,-1950
24467,-1947
24468,-1945
24469,-1945
24470,-1944
24471,-1942
24472,-1941
24473,-1939
24474,-1936
24475,-1933
24476,-1931
24477,-1928
24478,-1930
24479,-1930
24480,-1931
24481,-1931
24482,-1929
24483,-1928
24484,-1931
24485,-1933
24486,-1931
24487,-1932
24488,-1933
24489,-1934
24490,-1934
24491,-1935
24492,-1936
24493,-1937
24494,-1935
24495,-1932
24496,-1931
24497,-1930
24498,-1929
24499,-1928
24500,-1928
24501,-1926
24502,-1925
24503,-1923
24504,-1923
24505,-1925
24506,-1925
24507,-1925
24508,-1923
24509,-1921
24510,-1919
24511,-1918
24512,-1915
24513,-1912
24514,-1911
24515,-1910
24516,-1907
24517,-1904
24518,-1903
24519,-1900
24520,-1896
24521,-1893
24522,-1891
24523,-1889
24524,-1887
24525,-1886
24526,-1884
24527,-1882
24528,-1881
24529,-1879
24530,-1877
24531,-1876
24532,-1873
24533,-1872
24534,-1873
24535,-1875
24536,-1873
24537,-1872
24538,-1873
24539,-1872
24540,-1872
24541,-1871
24542,-1868
24543,-1864
24544,-1864
24545,-1865
24546,-1864
24547,-1863
24548,-1864
24549,-1863
24550,-1863
24551,-1862
24552,-1862
24553,-1863
24554,-1861
24555,-1861
24556,-1861
24557,-1862
24558,-1860
24559,-1859
24560,-1859
24561,-1858
24562,-1856
24563,-1852
24564,-1849
24565,-1845
24566,-1843
24567,-1840
24568,-1840
24569,-1839
24570,-1839
24571,-1839
24572,-1838
24573,-1838
24574,-1836
24575,-1837
24576,-1837
24577,-1835
24578,-1831
24579,-1830
24580,-1828
24581,-1827
24582,-1824
24583,-1821
24584,-1819
24585,-1816
24586,-1814
24587,-1813
24588,-1812
24589,-1810
24590,-1809
24591,-1808
24592,-1807
24593,-1805
24594,-1804
24595,-1802
24596,-1800
24597,-1799
24598,-1798
24599,-1800
24600,-1801
24601,-1804
24602,-1807
24603,-1807
24604,-1807
24605,-1810
24606,-1813
24607,-1816
24608,-1818
24609,-1818
24610,-1819
24611,-1820
24612,-1822
24613,-1821
24614,-1821
24615,-1820
24616,-1818
24617,-1814
24618,-1810
24619,-1807
24620,-1806
24621,-1805
24622,-1802
24623,-1801
24624,-1799
24625,-1796
24626,-1794
24627,-1791
24628,-1789
24629,-1789
24630,-1789
24631,-1789
24632,-1789
24633,-1787
24634,-1786
24635,-1785
24636,-1785
24637,-1785
24638,-1785
24639,-1782
24640,-1779
24641,-1777
24642,-1776
24643,-1776
24644,-1777
24645,-1779
24646,-1779
24647,-1781
24648,-1782
24649,-1783
24650,-1783
24651,-1785
24652,-1787
24653,-1789
24654,-1791
24655,-1793
24656,-1796
24657,-1796
24658,-1797
24659,-1796
24660,-1794
24661,-1793
24662,-1792
24663,-1792
24664,-1793
24665,-1797
24666,-1800
24667,-1802
24668,-1802
24669,-1802
24670,-1802
24671,-1804
24672,-1804
24673,-1803
24674,-1802
24675,-1801
24676,-1802
24677,-1802
24678,-1802
24679,-1802
24680,-1804
24681,-1805
24682,-1808
24683,-1809
24684,-1809
24685,-1808
24686,-1806
24687,-1805
24688,-1806
24689,-1808
24690,-1810
24691,-1812
24692,-1815
24693,-1819
24694,-1820
24695,-1823
24696,-1826
24697,-1830
24698,-1834
24699,-1836
24700,-1838
24701,-1840
24702,-1844
24703,-1846
24704,-1848
24705,-1851
24706,-1854
24707,-1855
24708,-1855
24709,-1854
24710,-1853
24711,-1855
24712,-1859
24713,-1862
24714,-1864
24715,-1868
24716,-1871
24717,-1873
24718,-1876
24719,-1879
24720,-1881
24721,-1882
24722,-1885
24723,-1887
24724,-1888
24725,-1888
24726,-1891
24727,-1893
24728,-1895
24729,-1898
24730,-1900
24731,-1901
24732,-1902
24733,-1903
24734,-1906
24735,-1908
24736,-1909
24737,-1912
24738,-1915
24739,-1919
24740,-1923
24741,-1926
24742,-1929
24743,-1932
24744,-1935
24745,-1938
24746,-1942
24747,-1945
24748,-1949
24749,-1952
24750,-1953
24751,-1955
24752,-1959
24753,-1962
24754,-1966
24755,-1969
24756,-1967
24757,-1966
24758,-1966
24759,-1967
24760,-1967
24761,-1970
24762,-1972
24763,-1975
24764,-1977
24765,-1978
24766,-1979
24767,-1981
24768,-1985
24769,-1988
24770,-1992
24771,-1994
24772,-1997
24773,-1997
24774,-1999
24775,-2001
24776,-2003
24777,-2004
24778,-2003
24779,-2003
24780,-2002
24781,-2003
24782,-2004
24783,-2005
24784,-2007
24785,-2011
24786,-2013
24787,-2016
24788,-2019
24789,-2022
24790,-2025
24791,-2027
24792,-2029
24793,-2031
24794,-2035
24795,-2035
24796,-2034
24797,-2034
24798,-2036
24799,-2036
24800,-2037
24801,-2035
24802,-2033
24803,-2032
24804,-2031
24805,-2033
24806,-2032
24807,-2031
24808,-2030
24809,-2030
24810,-2030
24811,-2029
24812,-2029
24813,-2028
24814,-2030
24815,-2031
24816,-2032
24817,-2032
24818,-2033
24819,-2031
24820,-2031
24821,-2031
24822,-2032
24823,-2034
24824,-2035
24825,-2037
24826,-2038
24827,-2039
24828,-2038
24829,-2041
24830,-2043
24831,-2046
24832,-2047
24833,-2048
24834,-2048
24835,-2048
24836,-2047
24837,-2046
24838,-2047
24839,-2045
24840,-2044
24841,-2042
24842,-2041
24843,-2041
24844,-2042
24845,-2043
24846,-2043
24847,-2041
24848,-2038
24849,-2034
24850,-2032
24851,-2030
24852,-2027
24853,-2025
24854,-2022
24855,-2021
24856,-2020
24857,-2021
24858,-2024
24859,-2025
24860,-2026
24861,-2028
24862,-2030
24863,-2029
24864,-2030
24865,-2030
24866,-2029
24867,-2027
24868,-2026
24869,-2028
24870,-2029
24871,-2028
24872,-2025
24873,-2024
24874,-2021
24875,-2020
24876,-2018
24877,-2016
24878,-2013
24879,-2010
24880,-2007
24881,-2004
24882,-2002
24883,-1999
24884,-1997
24885,-1996
24886,-1996
24887,-1994
24888,-1993
24889,-1991
24890,-1989
24891,-1989
24892,-1989
24893,-1989
24894,-1987
24895,-1986
24896,-1984
24897,-1983
24898,-1981
24899,-1979
24900,-1976
24901,-1973
24902,-1970
24903,-1968
24904,-1966
24905,-1964
24906,-1962
24907,-1959
24908,-1958
24909,-1956
24910,-1955
24911,-1954
24912,-1953
24913,-1953
24914,-1953
24915,-1953
24916,-1951
24917,-1949
24918,-1947
24919,-1944
24920,-1942
24921,-1943
24922,-1941
24923,-1939
24924,-1936
24925,-1933
24926,-1930
24927,-1926
24928,-1924
24929,-1921
24930,-1920
24931,-1918
24932,-1919
24933,-1918
24934,-1916
24935,-1915
24936,-1915
24937,-1917
24938,-1918
24939,-1920
24940,-1918
24941,-1917
24942,-1915
24943,-1912
24944,-1910
24945,-1912
24946,-1911
24947,-1911
24948,-1914
24949,-1915
24950,-1916
24951,-1917
24952,-1919
24953,-1918
24954,-1918
24955,-1917
24956,-1917
24957,-1917
24958,-1917
24959,-1916
24960,-1917
24961,-1920
24962,-1923
24963,-1925
24964,-1925
24965,-1927
24966,-1928
24967,-1930
24968,-1931
24969,-1932
24970,-1932
24971,-1932
24972,-1934
24973,-1937
24974,-1939
24975,-1940
24976,-1945
24977,-1947
24978,-1949
24979,-1950
24980,-1952
24981,-1956
24982,-1960
24983,-1964
24984,-1967
24985,-1970
24986,-1971
24987,-1973
24988,-1974
24989,-1975
24990,-1975
24991,-1976
24992,-1977
24993,-1977
24994,-1978
24995,-1979
24996,-1983
24997,-1986
24998,-1988
24999,-1989
25000,-1990
25001,-1990
25002,-1993
25003,-1995
25004,-1998
25005,-2000
25006,-2000
25007,-2002
25008,-2003
25009,-2006
25010,-2007
25011,-2009
25012,-2010
25013,-2012
25014,-2014
25015,-2015
25016,-2015
25017,-2016
25018,-2019
25019,-2021
25020,-2023
25021,-2025
25022,-2028
25023,-2029
25024,-2031
25025,-2034
25026,-2037
25027,-2040
25028,-2042
25029,-2045
25030,-2047
25031,-2050
25032,-2052
25033,-2055
25034,-2056
25035,-2059
25036,-2060
25037,-2062
25038,-2063
25039,-2063
25040,-2063
25041,-2062
25042,-2062
25043,-2061
25044,-2063
25045,-2063
25046,-2064
25047,-2067
25048,-2069
25049,-2071
25050,-2072
25051,-2074
25052,-2078
25053,-2081
25054,-2084
25055,-2088
25056,-2089
25057,-2092
25058,-2093
25059,-2096
25060,-2098
25061,-2099
25062,-2100
25063,-2098
25064,-2098
25065,-2098
25066,-2098
25067,-2099
25068,-2103
25069,-2105
25070,-2107
25071,-2108
25072,-2111
25073,-2114
25074,-2118
25075,-2121
25076,-2123
25077,-2127
25078,-2129
25079,-2132
25080,-2133
25081,-2134
25082,-2133
25083,-2134
25084,-2135
25085,-2133
25086,-2133
25087,-2134
25088,-2136
25089,-2136
25090,-2137
25091,-2138
25092,-2138
25093,-2137
25094,-2136
25095,-2133
25096,-2130
25097,-2126
25098,-2123
25099,-2122
25100,-2119
25101,-2119
25102,-2118
25103,-2118
25104,-2117
25105,-2116
25106,-2115
25107,-2116
25108,-2117
25109,-2115
25110,-2113
25111,-2110
25112,-2109
25113,-2108
25114,-2109
25115,-2111
25116,-2112
25117,-2113
25118,-2116
25119,-2119
25120,-2123
25121,-2126
25122,-2130
25123,-2134
25124,-2136
25125,-2138
25126,-2138
25127,-2140
25128,-2142
25129,-2143
25130,-2143
25131,-2141
25132,-2140
25133,-2138
25134,-2137
25135,-2136
25136,-2135
25137,-2133
25138,-2131
25139,-2128
25140,-2127
25141,-2126
25142,-2124
25143,-2122
25144,-2119
25145,-2116
25146,-2113
25147,-2110
25148,-2107
25149,-2105
25150,-2101
25151,-2097
25152,-2093
25153,-2089
25154,-2085
25155,-2081
25156,-2077
25157,-2072
25158,-2068
25159,-2064
25160,-2061
25161,-2057
25162,-2054
25163,-2051
25164,-2048
25165,-2045
25166,-2041
25167,-2038
25168,-2035
25169,-2032
25170,-2029
25171,-2027
25172,-2023
25173,-2020
25174,-2016
25175,-2013
25176,-2012
25177,-2009
25178,-2007
25179,-2005
25180,-2002
25181,-1999
25182,-1998
25183,-1995
25184,-1992
25185,-1989
25186,-1985
25187,-1981
25188,-1976
25189,-1972
25190,-1967
25191,-1963
25192,-1959
25193,-1955
25194,-1952
25195,-1948
25196,-1946
25197,-1945
25198,-1944
25199,-1943
25200,-1940
25201,-1937
25202,-1935
25203,-1932
25204,-1930
25205,-1926
25206,-1924
25207,-1921
25208,-1917
25209,-1913
25210,-1910
25211,-1908
25212,-1905
25213,-1902
25214,-1899
25215,-1898
25216,-1895
25217,-1892
25218,-1889
25219,-1888
25220,-1887
25221,-1886
25222,-1887
25223,-1885
25224,-1883
25225,-1880
25226,-1877
25227,-1874
25228,-1871
25229,-1867
25230,-1865
25231,-1865
25232,-1866
25233,-1866
25234,-1866
25235,-1864
25236,-1860
25237,-1858
25238,-1855
25239,-1853
25240,-1851
25241,-1850
25242,-1848
25243,-1846
25244,-1844
25245,-1843
25246,-1844
25247,-1843
25248,-1842
25249,-1839
25250,-1838
25251,-1836
25252,-1834
25253,-1832
25254,-1830
25255,-1829
25256,-1827
25257,-1827
25258,-1826
25259,-1826
25260,-1824
25261,-1824
25262,-1823
25263,-1822
25264,-1822
25265,-1822
25266,-1823
25267,-1824
25268,-1826
25269,-1825
25270,-1822
25271,-1820
25272,-1821
25273,-1820
25274,-1822
25275,-1821
25276,-1821
25277,-1821
25278,-1820
25279,-1818
25280,-1817
25281,-1818
25282,-1818
25283,-1817
25284,-1816
25285,-1817
25286,-1817
25287,-1816
25288,-1815
25289,-1815
25290,-1816
25291,-1815
25292,-1815
25293,-1814
25294,-1815
25295,-1813
25296,-1812
25297,-1812
25298,-1813
25299,-1812
25300,-1810
25301,-1808
25302,-1807
25303,-1809
25304,-1808
25305,-1808
25306,-1808
25307,-1809
25308,-1809
25309,-1810
25310,-1811
25311,-1812
25312,-1814
25313,-1815
25314,-1816
25315,-1817
25316,-1819
25317,-1819
25318,-1822
25319,-1823
25320,-1823
25321,-1823
25322,-1822
25323,-1819
25324,-1816
25325,-1814
25326,-1811
25327,-1811
25328,-1810
25329,-1810
25330,-1810
25331,-1811
25332,-1812
25333,-1814
25334,-1816
25335,-1817
25336,-1820
25337,-1823
25338,-1826
25339,-1828
25340,-1829
25341,-1829
25342,-1832
25343,-1833
25344,-1833
25345,-1833
25346,-1832
25347,-1832
25348,-1832
25349,-1834
25350,-1836
25351,-1839
25352,-1841
25353,-1843
25354,-1844
25355,-1844
25356,-1845
25357,-1846
25358,-1848
25359,-1848
25360,-1848
25361,-1847
25362,-1847
25363,-1844
25364,-1843
25365,-1842
25366,-1843
25367,-1841
25368,-1838
25369,-1835
25370,-1833
25371,-1834
25372,-1834
25373,-1837
25374,-1837
25375,-1837
25376,-1836
25377,-1835
25378,-1837
25379,-1841
25380,-1842
25381,-1845
25382,-1848
25383,-1849
25384,-1853
25385,-1857
25386,-1860
25387,-1863
25388,-1867
25389,-1871
25390,-1874
25391,-1878
25392,-1882
25393,-1885
25394,-1888
25395,-1891
25396,-1895
25397,-1898
25398,-1902
25399,-1906
25400,-1909
25401,-1913
25402,-1916
25403,-1920
25404,-1923
25405,-1925
25406,-1928
25407,-1930
25408,-1933
25409,-1933
25410,-1932
25411,-1932
25412,-1933
25413,-1931
25414,-1929
25415,-1926
25416,-1923
25417,-1922
25418,-1921
25419,-1921
25420,-1920
25421,-1921
25422,-1920
25423,-1919
25424,-1918
25425,-1918
25426,-1917
25427,-1915
25428,-1915
25429,-1914
25430,-1915
25431,-1913
25432,-1913
25433,-1913
25434,-1912
25435,-1912
25436,-1913
25437,-1912
25438,-1911
25439,-1910
25440,-1908
25441,-1908
25442,-1908
25443,-1909
25444,-1911
25445,-1914
25446,-1914
25447,-1915
25448,-1918
25449,-1918
25450,-1920
25451,-1922
25452,-1925
25453,-1926
25454,-1929
25455,-1930
25456,-1932
25457,-1935
25458,-1938
25459,-1941
25460,-1944
25461,-1946
25462,-1946
25463,-1948
25464,-1948
25465,-1950
25466,-1951
25467,-1952
25468,-1953
25469,-1954
25470,-1954
25471,-1953
25472,-1952
25473,-1950
25474,-1950
25475,-1950
25476,-1953
25477,-1954
25478,-1956
25479,-1957
25480,-1959
25481,-1961
25482,-1962
25483,-1963
25484,-1964
25485,-1965
25486,-1964
25487,-1963
25488,-1963
25489,-1964
25490,-1965
25491,-1965
25492,-1965
25493,-1964
25494,-1965
25495,-1966
25496,-1968
25497,-1968
25498,-1969
25499,-1969
25500,-1971
25501,-1973
25502,-1972
25503,-1973
25504,-1976
25505,-1978
25506,-1978
25507,-1976
25508,-1972
25509,-1970
25510,-1967
25511,-1967
25512,-1966
25513,-1966
25514,-1966
25515,-1967
25516,-1969
25517,-1971
25518,-1972
25519,-1973
25520,-1973
25521,-1973
25522,-1973
25523,-1971
25524,-1971
25525,-1970
25526,-1970
25527,-1970
25528,-1969
25529,-1970
25530,-1971
25531,-1973
25532,-1974
25533,-1974
25534,-1973
25535,-1974
25536,-1974
25537,-1973
25538,-1973
25539,-1974
25540,-1977
25541,-1979
25542,-1982
25543,-1984
25544,-1987
25545,-1987
25546,-1987
25547,-1987
25548,-1988
25549,-1989
25550,-1990
25551,-1990
25552,-1989
25553,-1989
25554,-1986
25555,-1986
25556,-1984
25557,-1983
25558,-1981
25559,-1980
25560,-1979
25561,-1980
25562,-1981
25563,-1980
25564,-1980
25565,-1980
25566,-1980
25567,-1978
25568,-1978
25569,-1977
25570,-1976
25571,-1974
25572,-1972
25573,-1971
25574,-1971
25575,-1972
25576,-1971
25577,-1970
25578,-1967
25579,-1965
25580,-1963
25581,-1961
25582,-1959
25583,-1958
25584,-1956
25585,-1954
25586,-1951
25587,-1948
25588,-1948
25589,-1945
25590,-1944
25591,-1943
25592,-1943
25593,-1942
25594,-1940
25595,-1940
25596,-1940
25597,-1939
25598,-1941
25599,-1944
25600,-1944
25601,-1945
25602,-1944
25603,-1944
25604,-1945
25605,-1944
25606,-1941
25607,-1939
25608,-1936
25609,-1932
25610,-1930
25611,-1930
25612,-1932
25613,-1933
25614,-1932
25615,-1931
25616,-1930
25617,-1928
25618,-1928
25619,-1931
25620,-1933
25621,-1933
25622,-1930
25623,-1927
25624,-1924
25625,-1922
25626,-1920
25627,-1921
25628,-1921
25629,-1919
25630,-1916
25631,-1914
25632,-1913
25633,-1911
25634,-1910
25635,-1910
25636,-1911
25637,-1911
25638,-1912
25639,-1913
25640,-1915
25641,-1918
25642,-1922
25643,-1926
25644,-1930
25645,-1935
25646,-1938
25647,-1943
25648,-1947
25649,-1950
25650,-1954
25651,-1956
25652,-1956
25653,-1956
25654,-1958
25655,-1962
25656,-1968
25657,-1972
25658,-1975
25659,-1978
25660,-1979
25661,-1978
25662,-1980
25663,-1981
25664,-1980
25665,-1977
25666,-1974
25667,-1973
25668,-1971
25669,-1969
25670,-1966
25671,-1965
25672,-1964
25673,-1963
25674,-1961
25675,-1959
25676,-1957
25677,-1954
25678,-1951
25679,-1948
25680,-1946
25681,-1943
25682,-1942
25683,-1941
25684,-1940
25685,-1938
25686,-1937
25687,-1936
25688,-1936
25689,-1938
25690,-1937
25691,-1939
25692,-1938
25693,-1938
25694,-1939
25695,-1939
25696,-1938
25697,-1937
25698,-1936
25699,-1935
25700,-1934
25701,-1932
25702,-1931
25703,-1929
25704,-1929
25705,-1929
25706,-1931
25707,-1932
25708,-1934
25709,-1935
25710,-1935
25711,-1936
25712,-1936
25713,-1936
25714,-1937
25715,-1938
25716,-1937
25717,-1937
25718,-1937
25719,-1939
25720,-1940
25721,-1941
25722,-1943
25723,-1943
25724,-1945
25725,-1945
25726,-1947
25727,-1948
25728,-1948
25729,-1949
25730,-1949
25731,-1948
25732,-1948
25733,-1949
25734,-1952
25735,-1955
25736,-1956
25737,-1959
25738,-1960
25739,-1963
25740,-1965
25741,-1968
25742,-1970
25743,-1973
25744,-1975
25745,-1975
25746,-1976
25747,-1975
25748,-1974
25749,-1974
25750,-1976
25751,-1978
25752,-1980
25753,-1982
25754,-1984
25755,-1984
25756,-1983
25757,-1983
25758,-1984
25759,-1988
25760,-1989
25761,-1991
25762,-1992
25763,-1994
25764,-1996
25765,-1998
25766,-1999
25767,-2000
25768,-2000
25769,-1999
25770,-1999
25771,-1998
25772,-2000
25773,-2000
25774,-2001
25775,-2002
25776,-2003
25777,-2004
25778,-2006
25779,-2009
25780,-2012
25781,-2015
25782,-2015
25783,-2017
25784,-2018
25785,-2020
25786,-2022
25787,-2022
25788,-2024
25789,-2026
25790,-2026
25791,-2025
25792,-2023
25793,-2021
25794,-2022
25795,-2022
25796,-2025
25797,-2026
25798,-2029
25799,-2032
25800,-2035
25801,-2039
25802,-2041
25803,-2043
25804,-2044
25805,-2046
25806,-2048
25807,-2049
25808,-2049
25809,-2051
25810,-2053
25811,-2054
25812,-2056
25813,-2058
25814,-2060
25815,-2061
25816,-2064
25817,-2065
25818,-2068
25819,-2069
25820,-2071
25821,-2072
25822,-2073
25823,-2074
25824,-2076
25825,-2079
25826,-2080
25827,-2083
25828,-2084
25829,-2085
25830,-2085
25831,-2087
25832,-2088
25833,-2089
25834,-2089
25835,-2086
25836,-2084
25837,-2082
25838,-2081
25839,-2078
25840,-2078
25841,-2079
25842,-2080
25843,-2079
25844,-2078
25845,-2078
25846,-2078
25847,-2076
25848,-2073
25849,-2073
25850,-2071
25851,-2070
25852,-2067
25853,-2065
25854,-2062
25855,-2060
25856,-2058
25857,-2056
25858,-2054
25859,-2051
25860,-2050
25861,-2048
25862,-2047
25863,-2044
25864,-2043
25865,-2042
25866,-2041
25867,-2038
25868,-2034
25869,-2032
25870,-2029
25871,-2027
25872,-2027
25873,-2027
25874,-2025
25875,-2024
25876,-2020
25877,-2016
25878,-2012
25879,-2008
25880,-2004
25881,-2000
25882,-1997
25883,-1993
25884,-1988
25885,-1984
25886,-1981
25887,-1978
25888,-1976
25889,-1972
25890,-1968
25891,-1964
25892,-1959
25893,-1956
25894,-1951
25895,-1947
25896,-1944
25897,-1943
25898,-1940
25899,-1938
25900,-1938
25901,-1940
25902,-1943
25903,-1946
25904,-1949
25905,-1951
25906,-1954
25907,-1955
25908,-1958
25909,-1958
25910,-1958
25911,-1958
25912,-1959
25913,-1959
25914,-1960
25915,-1961
25916,-1962
25917,-1963
25918,-1961
25919,-1960
25920,-1958
25921,-1957
25922,-1955
25923,-1952
25924,-1949
25925,-1946
25926,-1944
25927,-1943
25928,-1942
25929,-1939
25930,-1936
25931,-1932
25932,-1928
25933,-1923
25934,-1918
25935,-1913
25936,-1909
25937,-1905
25938,-1903
25939,-1902
25940,-1898
25941,-1894
25942,-1890
25943,-1887
25944,-1882
25945,-1877
25946,-1874
25947,-1870
25948,-1866
25949,-1862
25950,-1857
25951,-1854
25952,-1852
25953,-1848
25954,-1846
25955,-1843
25956,-1841
25957,-1840
25958,-1838
25959,-1835
25960,-1832
25961,-1828
25962,-1824
25963,-1821
25964,-1818
25965,-1818
25966,-1816
25967,-1815
25968,-1814
25969,-1815
25970,-1816
25971,-1815
25972,-1816
25973,-1814
25974,-1811
25975,-1808
25976,-1803
25977,-1801
25978,-1802
25979,-1800
25980,-1798
25981,-1796
25982,-1793
25983,-1792
25984,-1791
25985,-1792
25986,-1791
25987,-1790
25988,-1788
25989,-1786
25990,-1783
25991,-1781
25992,-1779
25993,-1778
25994,-1777
25995,-1774
25996,-1772
25997,-1770
25998,-1768
25999,-1767
26000,-1768
26001,-1767
26002,-1767
26003,-1766
26004,-1765
26005,-1762
26006,-1758
26007,-1755
26008,-1753
26009,-1753
26010,-1751
26011,-1751
26012,-1752
26013,-1753
26014,-1753
26015,-1751
26016,-1750
26017,-1750
26018,-1752
26019,-1753
26020,-1754
26021,-1753
26022,-1754
26023,-1754
26024,-1754
26025,-1752
26026,-1752
26027,-1752
26028,-1749
26029,-1747
26030,-1743
26031,-1740
26032,-1737
26033,-1735
26034,-1734
26035,-1736
26036,-1735
26037,-1733
26038,-1732
26039,-1731
26040,-1731
26041,-1731
26042,-1733
26043,-1733
26044,-1735
26045,-1734
26046,-1733
26047,-1734
26048,-1735
26049,-1736
26050,-1737
26051,-1737
26052,-1737
26053,-1737
26054,-1736
26055,-1738
26056,-1738
26057,-1739
26058,-1739
26059,-1742
26060,-1744
26061,-1747
26062,-1751
26063,-1754
26064,-1758
26065,-1762
26066,-1764
26067,-1765
26068,-1767
26069,-1768
26070,-1770
26071,-1771
26072,-1772
26073,-1773
26074,-1773
26075,-1774
26076,-1773
26077,-1774
26078,-1775
26079,-1776
26080,-1776
26081,-1777
26082,-1778
26083,-1780
26084,-1782
26085,-1782
26086,-1782
26087,-1782
26088,-1783
26089,-1781
26090,-1782
26091,-1783
26092,-1785
26093,-1786
26094,-1787
26095,-1790
26096,-1793
26097,-1797
26098,-1800
26099,-1804
26100,-1806
26101,-1809
26102,-1811
26103,-1815
26104,-1818
26105,-1821
26106,-1825
26107,-1828
26108,-1832
26109,-1836
26110,-1841
26111,-1845
26112,-1849
26113,-1853
26114,-1856
26115,-1860
26116,-1864
26117,-1867
26118,-1868
26119,-1870
26120,-1870
26121,-1871
26122,-1872
26123,-1875
26124,-1878
26125,-1883
26126,-1886
26127,-1889
26128,-1892
26129,-1893
26130,-1895
26131,-1898
26132,-1902
26133,-1904
26134,-1908
26135,-1911
26136,-1914
26137,-1915
26138,-1914
26139,-1914
26140,-1915
26141,-1914
26142,-1912
26143,-1910
26144,-1908
26145,-1905
26146,-1903
26147,-1902
26148,-1900
26149,-1902
26150,-1902
26151,-1903
26152,-1904
26153,-1902
26154,-1901
26155,-1900
26156,-1901
26157,-1903
26158,-1905
26159,-1907
26160,-1910
26161,-1912
26162,-1916
26163,-1920
26164,-1924
26165,-1928
26166,-1932
26167,-1936
26168,-1940
26169,-1944
26170,-1948
26171,-1952
26172,-1956
26173,-1960
26174,-1963
26175,-1966
26176,-1971
26177,-1974
26178,-1977
26179,-1979
26180,-1982
26181,-1984
26182,-1986
26183,-1988
26184,-1989
26185,-1990
26186,-1992
26187,-1992
26188,-1991
26189,-1990
26190,-1987
26191,-1986
26192,-1983
26193,-1981
26194,-1978
26195,-1977
26196,-1974
26197,-1973
26198,-1973
26199,-1973
26200,-1972
26201,-1971
26202,-1973
26203,-1971
26204,-1969
26205,-1966
26206,-1963
26207,-1960
26208,-1956
26209,-1954
26210,-1954
26211,-1956
26212,-1956
26213,-1957
26214,-1957
26215,-1959
26216,-1959
26217,-1960
26218,-1960
26219,-1960
26220,-1960
26221,-1962
26222,-1965
26223,-1967
26224,-1968
26225,-1966
26226,-1966
26227,-1966
26228,-1967
26229,-1967
26230,-1967
26231,-1966
26232,-1965
26233,-1963
26234,-1961
26235,-1960
26236,-1958
26237,-1959
26238,-1959
26239,-1958
26240,-1957
26241,-1957
26242,-1957
26243,-1957
26244,-1956
26245,-1954
26246,-1953
26247,-1953
26248,-1955
26249,-1954
26250,-1953
26251,-1952
26252,-1953
26253,-1955
26254,-1958
26255,-1961
26256,-1962
26257,-1964
26258,-1965
26259,-1965
26260,-1963
26261,-1962
26262,-1961
26263,-1962
26264,-1962
26265,-1963
26266,-1965
26267,-1968
26268,-1971
26269,-1972
26270,-1973
26271,-1973
26272,-1973
26273,-1972
26274,-1971
26275,-1968
26276,-1967
26277,-1966
26278,-1965
26279,-1965
26280,-1964
26281,-1965
26282,-1965
26283,-1966
26284,-1964
26285,-1963
26286,-1960
26287,-1957
26288,-1954
26289,-1953
26290,-1951
26291,-1949
26292,-1948
26293,-1945
26294,-1944
26295,-1942
26296,-1940
26297,-1939
26298,-1938
26299,-1936
26300,-1934
26301,-1933
26302,-1932
26303,-1932
26304,-1931
26305,-1931
26306,-1931
26307,-1933
26308,-1933
26309,-1935
26310,-1937
26311,-1938
26312,-1938
26313,-1936
26314,-1934
26315,-1933
26316,-1934
26317,-1934
26318,-1936
26319,-1938
26320,-1940
26321,-1941
26322,-1942
26323,-1943
26324,-1946
26325,-1950
26326,-1951
26327,-1952
26328,-1951
26329,-1951
26330,-1950
26331,-1949
26332,-1948
26333,-1948
26334,-1946
26335,-1943
26336,-1940
26337,-1939
26338,-1940
26339,-1938
26340,-1938
26341,-1938
26342,-1938
26343,-1938
26344,-1936
26345,-1935
26346,-1935
26347,-1934
26348,-1934
26349,-1935
26350,-1935
26351,-1936
26352,-1935
26353,-1935
26354,-1936
26355,-1938
26356,-1938
26357,-1936
26358,-1935
26359,-1932
26360,-1931
26361,-1932
26362,-1933
26363,-1933
26364,-1934
26365,-1934
26366,-1936
26367,-1937
26368,-1937
26369,-1938
26370,-1938
26371,-1938
26372,-1937
26373,-1939
26374,-1941
26375,-1944
26376,-1947
26377,-1948
26378,-1949
26379,-1952
26380,-1955
26381,-1958
26382,-1961
26383,-1962
26384,-1965
26385,-1968
26386,-1970
26387,-1971
26388,-1974
26389,-1977
26390,-1980
26391,-1983
26392,-1985
26393,-1988
26394,-1992
26395,-1995
26396,-1998
26397,-2002
26398,-2005
26399,-2007
26400,-2006
26401,-2003
26402,-1999
26403,-1995
26404,-1992
26405,-1989
26406,-1986
26407,-1983
26408,-1981
26409,-1977
26410,-1975
26411,-1972
26412,-1974
26413,-1975
26414,-1975
26415,-1977
26416,-1978
26417,-1979
26418,-1978
26419,-1976
26420,-1976
26421,-1978
26422,-1978
26423,-1979
26424,-1980
26425,-1983
26426,-1987
26427,-1990
26428,-1994
26429,-1996
26430,-2000
26431,-2004
26432,-2008
26433,-2011
26434,-2015
26435,-2019
26436,-2023
26437,-2027
26438,-2029
26439,-2033
26440,-2036
26441,-2039
26442,-2041
26443,-2043
26444,-2042
26445,-2043
26446,-2043
26447,-2044
26448,-2045
26449,-2045
26450,-2045
26451,-2044
26452,-2041
26453,-2038
26454,-2037
26455,-2034
26456,-2031
26457,-2028
26458,-2024
26459,-2020
26460,-2016
26461,-2014
26462,-2011
26463,-2010
26464,-2009
26465,-2010
26466,-2009
26467,-2007
26468,-2005
26469,-2004
26470,-2002
26471,-1999
26472,-1995
26473,-1992
26474,-1992
26475,-1992
26476,-1995
26477,-1998
26478,-2002
26479,-2005
26480,-2008
26481,-2010
26482,-2011
26483,-2011
26484,-2010
26485,-2011
26486,-2010
26487,-2010
26488,-2008
26489,-2008
26490,-2010
26491,-2012
26492,-2015
26493,-2018
26494,-2020
26495,-2021
26496,-2022
26497,-2021
26498,-2019
26499,-2017
26500,-2016
26501,-2016
26502,-2017
26503,-2017
26504,-2018
26505,-2021
26506,-2024
26507,-2027
26508,-2028
26509,-2027
26510,-2024
26511,-2024
26512,-2023
26513,-2022
26514,-2020
26515,-2017
26516,-2016
26517,-2016
26518,-2017
26519,-2017
26520,-2019
26521,-2020
26522,-2022
26523,-2022
26524,-2022
26525,-2023
26526,-2023
26527,-2023
26528,-2024
26529,-2026
26530,-2028
26531,-2032
26532,-2035
26533,-2038
26534,-2039
26535,-2043
26536,-2045
26537,-2046
26538,-2046
26539,-2044
26540,-2041
26541,-2037
26542,-2034
26543,-2032
26544,-2032
26545,-2030
26546,-2029
26547,-2028
26548,-2028
26549,-2028
26550,-2028
26551,-2029
26552,-2028
26553,-2028
26554,-2026
26555,-2025
26556,-2023
26557,-2022
26558,-2018
26559,-2017
26560,-2014
26561,-2011
26562,-2007
26563,-2003
26564,-1999
26565,-1995
26566,-1993
26567,-1990
26568,-1989
26569,-1989
26570,-1989
26571,-1989
26572,-1990
26573,-1990
26574,-1991
26575,-1991
26576,-1989
26577,-1988
26578,-1985
26579,-1985
26580,-1984
26581,-1984
26582,-1984
26583,-1985
26584,-1986
26585,-1987
26586,-1990
26587,-1991
26588,-1994
26589,-1995
26590,-1996
26591,-1995
26592,-1995
26593,-1992
26594,-1991
26595,-1989
26596,-1986
26597,-1983
26598,-1980
26599,-1979
26600,-1977
26601,-1976
26602,-1973
26603,-1971
26604,-1969
26605,-1966
26606,-1963
26607,-1960
26608,-1958
26609,-1956
26610,-1954
26611,-1949
26612,-1947
26613,-1943
26614,-1940
26615,-1938
26616,-1937
26617,-1935
26618,-1933
26619,-1932
26620,-1930
26621,-1928
26622,-1925
26623,-1923
26624,-1921
26625,-1919
26626,-1915
26627,-1912
26628,-1910
26629,-1908
26630,-1905
26631,-1903
26632,-1902
26633,-1901
26634,-1901
26635,-1897
26636,-1895
26637,-1893
26638,-1891
26639,-1889
26640,-1887
26641,-1884
26642,-1880
26643,-1878
26644,-1876
26645,-1877
26646,-1875
26647,-1872
26648,-1870
26649,-1869
26650,-1868
26651,-1866
26652,-1863
26653,-1860
26654,-1858
26655,-1856
26656,-1855
26657,-1851
26658,-1849
26659,-1847
26660,-1845
26661,-1845
26662,-1845
26663,-1846
26664,-1848
26665,-1848
26666,-1844
26667,-1840
26668,-1836
26669,-1833
26670,-1830
26671,-1827
26672,-1821
26673,-1817
26674,-1814
26675,-1812
26676,-1812
26677,-1810
26678,-1808
26679,-1805
26680,-1803
26681,-1801
26682,-1799
26683,-1796
26684,-1793
26685,-1789
26686,-1786
26687,-1784
26688,-1782
26689,-1782
26690,-1783
26691,-1785
26692,-1788
26693,-1790
26694,-1790
26695,-1791
26696,-1792
26697,-1795
26698,-1797
26699,-1797
26700,-1798
26701,-1799
26702,-1802
26703,-1804
26704,-1807
26705,-1810
26706,-1813
26707,-1815
26708,-1817
26709,-1818
26710,-1818
26711,-1817
26712,-1814
26713,-1813
26714,-1811
26715,-1811
26716,-1809
26717,-1807
26718,-1804
26719,-1800
26720,-1797
26721,-1793
26722,-1789
26723,-1784
26724,-1780
26725,-1776
26726,-1771
26727,-1766
26728,-1763
26729,-1760
26730,-1757
26731,-1754
26732,-1751
26733,-1746
26734,-1741
26735,-1737
26736,-1733
26737,-1729
26738,-1723
26739,-1719
26740,-1716
26741,-1714
26742,-1713
26743,-1712
26744,-1711
26745,-1710
26746,-1710
26747,-1709
26748,-1707
26749,-1704
26750,-1703
26751,-1701
26752,-1699
26753,-1696
26754,-1693
26755,-1692
26756,-1692
26757,-1693
26758,-1693
26759,-1696
26760,-1696
26761,-1697
26762,-1697
26763,-1695
26764,-1693
26765,-1691
26766,-1691
26767,-1693
26768,-1694
26769,-1693
26770,-1694
26771,-1694
26772,-1695
26773,-1695
26774,-1694
26775,-1693
26776,-1694
26777,-1695
26778,-1693
26779,-1692
26780,-1689
26781,-1688
26782,-1688
26783,-1688
26784,-1687
26785,-1689
26786,-1690
26787,-1693
26788,-1695
26789,-1696
26790,-1698
26791,-1700
26792,-1702
26793,-1704
26794,-1706
26795,-1707
26796,-1709
26797,-1711
26798,-1714
26799,-1714
26800,-1713
26801,-1714
26802,-1713
26803,-1714
26804,-1715
26805,-1716
26806,-1717
26807,-1719
26808,-1720
26809,-1722
26810,-1723
26811,-1724
26812,-1727
26813,-1731
26814,-1735
26815,-1738
26816,-1741
26817,-1741
26818,-1743
26819,-1745
26820,-1746
26821,-1747
26822,-1747
26823,-1745
26824,-1743
26825,-1743
26826,-1742
26827,-1743
26828,-1744
26829,-1747
26830,-1749
26831,-1751
26832,-1754
26833,-1758
26834,-1762
26835,-1766
26836,-1770
26837,-1774
26838,-1778
26839,-1781
26840,-1784
26841,-1786
26842,-1791
26843,-1793
26844,-1795
26845,-1797
26846,-1799
26847,-1803
26848,-1806
26849,-1811
26850,-1815
26851,-1819
26852,-1823
26853,-1827
26854,-1831
26855,-1835
26856,-1837
26857,-1838
26858,-1840
26859,-1841
26860,-1842
26861,-1843
26862,-1845
26863,-1847
26864,-1850
26865,-1852
26866,-1855
26867,-1858
26868,-1860
26869,-1863
26870,-1865
26871,-1866
26872,-1867
26873,-1868
26874,-1870
26875,-1872
26876,-1873
26877,-1875
26878,-1877
26879,-1878
26880,-1878
26881,-1881
26882,-1886
26883,-1889
26884,-1893
26885,-1895
26886,-1897
26887,-1899
26888,-1901
26889,-1903
26890,-1906
26891,-1909
26892,-1911
26893,-1913
26894,-1913
26895,-1915
26896,-1917
26897,-1920
26898,-1922
26899,-1925
26900,-1929
26901,-1932
26902,-1934
26903,-1936
26904,-1939
26905,-1941
26906,-1944
26907,-1944
26908,-1946
26909,-1947
26910,-1948
26911,-1949
26912,-1951
26913,-1952
26914,-1955
26915,-1956
26916,-1956
26917,-1958
26918,-1961
26919,-1963
26920,-1963
26921,-1964
26922,-1963
26923,-1965
26924,-1966
26925,-1966
26926,-1965
26927,-1964
26928,-1967
26929,-1971
26930,-1973
26931,-1975
26932,-1978
26933,-1981
26934,-1981
26935,-1979
26936,-1976
26937,-1974
26938,-1972
26939,-1970
26940,-1966
26941,-1963
26942,-1959
26943,-1957
26944,-1955
26945,-1956
26946,-1957
26947,-1958
26948,-1958
26949,-1957
26950,-1956
26951,-1955
26952,-1955
26953,-1952
26954,-1950
26955,-1950
26956,-1951
26957,-1951
26958,-1953
26959,-1955
26960,-1958
26961,-1960
26962,-1958
26963,-1957
26964,-1957
26965,-1960
26966,-1964
26967,-1968
26968,-1970
26969,-1973
26970,-1977
26971,-1980
26972,-1984
26973,-1988
26974,-1993
26975,-1997
26976,-2000
26977,-2001
26978,-2002
26979,-2000
26980,-1999
26981,-1998
26982,-1997
26983,-1995
26984,-1992
26985,-1990
26986,-1987
26987,-1985
26988,-1981
26989,-1977
26990,-1973
26991,-1969
26992,-1965
26993,-1961
26994,-1956
26995,-1952
26996,-1947
26997,-1943
26998,-1939
26999,-1935
27000,-1930
27001,-1926
27002,-1922
27003,-1917
27004,-1913
27005,-1910
27006,-1906
27007,-1903
27008,-1900
27009,-1899
27010,-1897
27011,-1896
27012,-1893
27013,-1891
27014,-1889
27015,-1888
27016,-1886
27017,-1883
27018,-1881
27019,-1876
27020,-1874
27021,-1871
27022,-1869
27023,-1867
27024,-1867
27025,-1867
27026,-1868
27027,-1869
27028,-1870
27029,-1871
27030,-1871
27031,-1871
27032,-1868
27033,-1865
27034,-1861
27035,-1860
27036,-1859
27037,-1858
27038,-1856
27039,-1855
27040,-1857
27041,-1860
27042,-1862
27043,-1863
27044,-1862
27045,-1860
27046,-1860
27047,-1858
27048,-1857
27049,-1856
27050,-1856
27051,-1857
27052,-1858
27053,-1859
27054,-1858
27055,-1860
27056,-1860
27057,-1861
27058,-1861
27059,-1862
27060,-1863
27061,-1866
27062,-1868
27063,-1870
27064,-1872
27065,-1871
27066,-1873
27067,-1875
27068,-1877
27069,-1878
27070,-1879
27071,-1881
27072,-1883
27073,-1885
27074,-1885
27075,-1886
27076,-1886
27077,-1886
27078,-1887
27079,-1889
27080,-1889
27081,-1891
27082,-1891
27083,-1890
27084,-1889
27085,-1887
27086,-1887
27087,-1888
27088,-1890
27089,-1890
27090,-1892
27091,-1893
27092,-1895
27093,-1895
27094,-1896
27095,-1898
27096,-1902
27097,-1905
27098,-1908
27099,-1911
27100,-1912
27101,-1914
27102,-1915
27103,-1916
27104,-1919
27105,-1921
27106,-1923
27107,-1923
27108,-1925
27109,-1927
27110,-1930
27111,-1933
27112,-1936
27113,-1938
27114,-1941
27115,-1944
27116,-1947
27117,-1951
27118,-1955
27119,-1959
27120,-1962
27121,-1966
27122,-1968
27123,-1971
27124,-1973
27125,-1976
27126,-1977
27127,-1979
27128,-1980
27129,-1981
27130,-1982
27131,-1984
27132,-1987
27133,-1988
27134,-1992
27135,-1993
27136,-1994
27137,-1994
27138,-1994
27139,-1994
27140,-1993
27141,-1991
27142,-1987
27143,-1986
27144,-1985
27145,-1985
27146,-1984
27147,-1985
27148,-1985
27149,-1987
27150,-1989
27151,-1991
27152,-1994
27153,-1996
27154,-1999
27155,-2000
27156,-2002
27157,-2003
27158,-2005
27159,-2006
27160,-2008
27161,-2010
27162,-2012
27163,-2014
27164,-2016
27165,-2018
27166,-2021
27167,-2024
27168,-2026
27169,-2029
27170,-2031
27171,-2034
27172,-2036
27173,-2038
27174,-2040
27175,-2042
27176,-2042
27177,-2042
27178,-2044
27179,-2045
27180,-2047
27181,-2049
27182,-2052
27183,-2055
27184,-2058
27185,-2061
27186,-2064
27187,-2065
27188,-2065
27189,-2066
27190,-2067
27191,-2070
27192,-2070
27193,-2069
27194,-2070
27195,-2073
27196,-2076
27197,-2077
27198,-2078
27199,-2078
27200,-2080
27201,-2082
27202,-2085
27203,-2088
27204,-2091
27205,-2093
27206,-2096
27207,-2095
27208,-2093
27209,-2091
27210,-2090
27211,-2092
27212,-2092
27213,-2090
27214,-2088
27215,-2088
27216,-2087
27217,-2087
27218,-2088
27219,-2088
27220,-2086
27221,-2085
27222,-2085
27223,-2084
27224,-2083
27225,-2079
27226,-2079
27227,-2080
27228,-2083
27229,-2085
27230,-2087
27231,-2089
27232,-2091
27233,-2092
27234,-2092
27235,-2095
27236,-2099
27237,-2102
27238,-2106
27239,-2110
27240,-2114
27241,-2118
27242,-2122
27243,-2126
27244,-2129
27245,-2129
27246,-2130
27247,-2130
27248,-2132
27249,-2134
27250,-2136
27251,-2137
27252,-2138
27253,-2139
27254,-2142
27255,-2145
27256,-2147
27257,-2147
27258,-2145
27259,-2145
27260,-2142
27261,-2140
27262,-2136
27263,-2132
27264,-2129
27265,-2126
27266,-2122
27267,-2117
27268,-2113
27269,-2108
27270,-2104
27271,-2100
27272,-2096
27273,-2092
27274,-2088
27275,-2083
27276,-2079
27277,-2076
27278,-2071
27279,-2067
27280,-2063
27281,-2060
27282,-2057
27283,-2055
27284,-2052
27285,-2051
27286,-2048
27287,-2045
27288,-2042
27289,-2039
27290,-2035
27291,-2031
27292,-2028
27293,-2025
27294,-2022
27295,-2019
27296,-2019
27297,-2019
27298,-2019
27299,-2018
27300,-2017
27301,-2014
27302,-2010
27303,-2007
27304,-2003
27305,-2000
27306,-1996
27307,-1994
27308,-1991
27309,-1989
27310,-1986
27311,-1984
27312,-1983
27313,-1980
27314,-1978
27315,-1974
27316,-1971
27317,-1967
27318,-1964
27319,-1960
27320,-1956
27321,-1952
27322,-1950
27323,-1949
27324,-1951
27325,-1953
27326,-1954
27327,-1955
27328,-1953
27329,-1951
27330,-1948
27331,-1945
27332,-1943
27333,-1941
27334,-1940
27335,-1938
27336,-1937
27337,-1935
27338,-1934
27339,-1932
27340,-1930
27341,-1927
27342,-1924
27343,-1922
27344,-1919
27345,-1917
27346,-1915
27347,-1912
27348,-1909
27349,-1907
27350,-1905
27351,-1904
27352,-1899
27353,-1896
27354,-1893
27355,-1891
27356,-1889
27357,-1887
27358,-1884
27359,-1880
27360,-1877
27361,-1874
27362,-1871
27363,-1868
27364,-1865
27365,-1861
27366,-1858
27367,-1855
27368,-1852
27369,-1851
27370,-1850
27371,-1850
27372,-1847
27373,-1845
27374,-1843
27375,-1843
27376,-1843
27377,-1843
27378,-1844
27379,-1846
27380,-1848
27381,-1851
27382,-1854
27383,-1854
27384,-1854
27385,-1851
27386,-1849
27387,-1847
27388,-1847
27389,-1847
27390,-1847
27391,-1848
27392,-1848
27393,-1849
27394,-1851
27395,-1853
27396,-1853
27397,-1854
27398,-1853
27399,-1853
27400,-1851
27401,-1850
27402,-1849
27403,-1846
27404,-1844
27405,-1841
27406,-1839
27407,-1836
27408,-1835
27409,-1833
27410,-1831
27411,-1828
27412,-1826
27413,-1824
27414,-1822
27415,-1820
27416,-1817
27417,-1816
27418,-1813
27419,-1813
27420,-1812
27421,-1811
27422,-1809
27423,-1808
27424,-1806
27425,-1803
27426,-1800
27427,-1797
27428,-1796
27429,-1794
27430,-1792
27431,-1791
27432,-1792
27433,-1792
27434,-1793
27435,-1791
27436,-1789
27437,-1787
27438,-1785
27439,-1784
27440,-1782
27441,-1782
27442,-1781
27443,-1781
27444,-1781
27445,-1780
27446,-1779
27447,-1778
27448,-1778
27449,-1778
27450,-1777
27451,-1776
27452,-1775
27453,-1773
27454,-1773
27455,-1772
27456,-1772
27457,-1770
27458,-1767
27459,-1765
27460,-1763
27461,-1762
27462,-1760
27463,-1759
27464,-1758
27465,-1759
27466,-1760
27467,-1761
27468,-1761
27469,-1761
27470,-1762
27471,-1762
27472,-1762
27473,-1760
27474,-1759
27475,-1758
27476,-1760
27477,-1760
27478,-1760
27479,-1760
27480,-1762
27481,-1765
27482,-1766
27483,-1763
27484,-1762
27485,-1763
27486,-1762
27487,-1760
27488,-1755
27489,-1752
27490,-1749
27491,-1747
27492,-1745
27493,-1744
27494,-1744
27495,-1744
27496,-1746
27497,-1747
27498,-1747
27499,-1745
27500,-1743
27501,-1740
27502,-1741
27503,-1741
27504,-1740
27505,-1739
27506,-1738
27507,-1741
27508,-1744
27509,-1747
27510,-1748
27511,-1751
27512,-1755
27513,-1759
27514,-1763
27515,-1766
27516,-1769
27517,-1773
27518,-1777
27519,-1781
27520,-1786
27521,-1789
27522,-1793
27523,-1797
27524,-1802
27525,-1806
27526,-1807
27527,-1806
27528,-1805
27529,-1806
27530,-1805
27531,-1804
27532,-1802
27533,-1802
27534,-1803
27535,-1806
27536,-1806
27537,-1806
27538,-1807
27539,-1808
27540,-1810
27541,-1810
27542,-1808
27543,-1806
27544,-1806
27545,-1805
27546,-1805
27547,-1804
27548,-1802
27549,-1800
27550,-1798
27551,-1796
27552,-1793
27553,-1791
27554,-1789
27555,-1791
27556,-1792
27557,-1793
27558,-1793
27559,-1794
27560,-1795
27561,-1795
27562,-1795
27563,-1794
27564,-1795
27565,-1795
27566,-1796
27567,-1796
27568,-1798
27569,-1799
27570,-1802
27571,-1805
27572,-1809
27573,-1813
27574,-1815
27575,-1818
27576,-1820
27577,-1823
27578,-1824
27579,-1826
27580,-1827
27581,-1830
27582,-1832
27583,-1833
27584,-1833
27585,-1832
27586,-1835
27587,-1837
27588,-1840
27589,-1841
27590,-1843
27591,-1845
27592,-1847
27593,-1849
27594,-1849
27595,-1849
27596,-1849
27597,-1849
27598,-1849
27599,-1851
27600,-1853
27601,-1856
27602,-1857
27603,-1860
27604,-1861
27605,-1863
27606,-1866
27607,-1869
27608,-1872
27609,-1875
27610,-1879
27611,-1881
27612,-1883
27613,-1886
27614,-1889
27615,-1891
27616,-1893
27617,-1894
27618,-1896
27619,-1897
27620,-1897
27621,-1898
27622,-1898
27623,-1900
27624,-1901
27625,-1904
27626,-1905
27627,-1908
27628,-1909
27629,-1910
27630,-1909
27631,-1909
27632,-1910
27633,-1910
27634,-1912
27635,-1912
27636,-1913
27637,-1913
27638,-1914
27639,-1915
27640,-1917
27641,-1918
27642,-1918
27643,-1918
27644,-1917
27645,-1918
27646,-1917
27647,-1918
27648,-1918
27649,-1918
27650,-1919
27651,-1920
27652,-1922
27653,-1926
27654,-1930
27655,-1933
27656,-1935
27657,-1936
27658,-1937
27659,-1937
27660,-1939
27661,-1941
27662,-1944
27663,-1947
27664,-1950
27665,-1953
27666,-1957
27667,-1961
27668,-1964
27669,-1966
27670,-1968
27671,-1970
27672,-1971
27673,-1972
27674,-1972
27675,-1973
27676,-1975
27677,-1978
27678,-1981
27679,-1983
27680,-1986
27681,-1985
27682,-1985
27683,-1985
27684,-1985
27685,-1985
27686,-1984
27687,-1983
27688,-1980
27689,-1979
27690,-1977
27691,-1976
27692,-1975
27693,-1974
27694,-1972
27695,-1971
27696,-1970
27697,-1970
27698,-1971
27699,-1969
27700,-1967
27701,-1965
27702,-1963
27703,-1962
27704,-1962
27705,-1961
27706,-1960
27707,-1959
27708,-1958
27709,-1957
27710,-1955
27711,-1956
27712,-1956
27713,-1957
27714,-1957
27715,-1958
27716,-1957
27717,-1957
27718,-1956
27719,-1957
27720,-1957
27721,-1956
27722,-1956
27723,-1954
27724,-1953
27725,-1951
27726,-1950
27727,-1949
27728,-1949
27729,-1948
27730,-1947
27731,-1947
27732,-1949
27733,-1949
27734,-1948
27735,-1947
27736,-1944
27737,-1942
27738,-1939
27739,-1937
27740,-1936
27741,-1934
27742,-1932
27743,-1929
27744,-1929
27745,-1931
27746,-1935
27747,-1936
27748,-1936
27749,-1936
27750,-1938
27751,-1938
27752,-1940
27753,-1939
27754,-1938
27755,-1938
27756,-1939
27757,-1939
27758,-1938
27759,-1939
27760,-1939
27761,-1939
27762,-1936
27763,-1932
27764,-1928
27765,-1927
27766,-1925
27767,-1923
27768,-1919
27769,-1915
27770,-1913
27771,-1910
27772,-1908
27773,-1907
27774,-1906
27775,-1904
27776,-1905
27777,-1908
27778,-1911
27779,-1912
27780,-1910
27781,-1909
27782,-1910
27783,-1911
27784,-1909
27785,-1908
27786,-1908
27787,-1912
27788,-1916
27789,-1917
27790,-1917
27791,-1920
27792,-1926
27793,-1930
27794,-1934
27795,-1937
27796,-1941
27797,-1946
27798,-1951
27799,-1955
27800,-1957
27801,-1961
27802,-1965
27803,-1969
27804,-1973
27805,-1977
27806,-1977
27807,-1978
27808,-1981
27809,-1983
27810,-1985
27811,-1982
27812,-1978
27813,-1974
27814,-1973
27815,-1972
27816,-1971
27817,-1968
27818,-1966
27819,-1964
27820,-1963
27821,-1961
27822,-1959
27823,-1958
27824,-1958
27825,-1958
27826,-1955
27827,-1951
27828,-1947
27829,-1945
27830,-1942
27831,-1940
27832,-1936
27833,-1933
27834,-1932
27835,-1931
27836,-1933
27837,-1934
27838,-1936
27839,-1937
27840,-1938
27841,-1939
27842,-1941
27843,-1941
27844,-1941
27845,-1942
27846,-1942
27847,-1942
27848,-1942
27849,-1943
27850,-1944
27851,-1946
27852,-1947
27853,-1949
27854,-1950
27855,-1952
27856,-1953
27857,-1953
27858,-1953
27859,-1952
27860,-1952
27861,-1952
27862,-1954
27863,-1953
27864,-1954
27865,-1956
27866,-1959
27867,-1961
27868,-1961
27869,-1961
27870,-1962
27871,-1964
27872,-1965
27873,-1966
27874,-1965
27875,-1964
27876,-1965
27877,-1966
27878,-1966
27879,-1965
27880,-1964
27881,-1963
27882,-1964
27883,-1964
27884,-1966
27885,-1967
27886,-1969
27887,-1972
27888,-1975
27889,-1978
27890,-1981
27891,-1984
27892,-1986
27893,-1989
27894,-1991
27895,-1993
27896,-1994
27897,-1997
27898,-2000
27899,-2003
27900,-2005
27901,-2007
27902,-2010
27903,-2012
27904,-2014
27905,-2016
27906,-2018
27907,-2020
27908,-2022
27909,-2022
27910,-2023
27911,-2023
27912,-2023
27913,-2023
27914,-2020
27915,-2019
27916,-2018
27917,-2019
27918,-2021
27919,-2023
27920,-2024
27921,-2026
27922,-2025
27923,-2024
27924,-2023
27925,-2023
27926,-2024
27927,-2023
27928,-2023
27929,-2022
27930,-2023
27931,-2024
27932,-2027
27933,-2030
27934,-2033
27935,-2035
27936,-2037
27937,-2038
27938,-2038
27939,-2037
27940,-2036
27941,-2038
27942,-2040
27943,-2043
27944,-2045
27945,-2049
27946,-2053
27947,-2057
27948,-2060
27949,-2062
27950,-2064
27951,-2064
27952,-2066
27953,-2067
27954,-2069
27955,-2071
27956,-2073
27957,-2075
27958,-2076
27959,-2077
27960,-2080
27961,-2083
27962,-2085
27963,-2088
27964,-2088
27965,-2089
27966,-2088
27967,-2089
27968,-2089
27969,-2089
27970,-2087
27971,-2085
27972,-2084
27973,-2082
27974,-2080
27975,-2078
27976,-2076
27977,-2075
27978,-2075
27979,-2072
27980,-2070
27981,-2068
27982,-2067
27983,-2066
27984,-2064
27985,-2063
27986,-2061
27987,-2059
27988,-2056
27989,-2055
27990,-2053
27991,-2051
27992,-2049
27993,-2047
27994,-2047
27995,-2046
27996,-2045
27997,-2044
27998,-2044
27999,-2043
28000,-2042
28001,-2040
28002,-2038
28003,-2036
28004,-2035
28005,-2032
28006,-2029
28007,-2026
28008,-2023
28009,-2022
28010,-2019
28011,-2019
28012,-2019
28013,-2018
28014,-2017
28015,-2017
28016,-2016
28017,-2015
28018,-2013
28019,-2011
28020,-2008
28021,-2005
28022,-2005
28023,-2005
28024,-2004
28025,-2003
28026,-2002
28027,-2000
28028,-1999
28029,-1999
28030,-2000
28031,-2001
28032,-1998
28033,-1996
28034,-1993
28035,-1993
28036,-1992
28037,-1990
28038,-1987
28039,-1984
28040,-1984
28041,-1983
28042,-1982
28043,-1981
28044,-1981
28045,-1980
28046,-1978
28047,-1974
28048,-1971
28049,-1969
28050,-1967
28051,-1966
28052,-1961
28053,-1957
28054,-1953
28055,-1949
28056,-1946
28057,-1942
28058,-1938
28059,-1935
28060,-1933
28061,-1933
28062,-1934
28063,-1932
28064,-1930
28065,-1926
28066,-1924
28067,-1922
28068,-1920
28069,-1916
28070,-1913
28071,-1912
28072,-1912
28073,-1911
28074,-1909
28075,-1908
28076,-1909
28077,-1912
28078,-1913
28079,-1914
28080,-1914
28081,-1915
28082,-1917
28083,-1919
28084,-1922
28085,-1926
28086,-1931
28087,-1935
28088,-1938
28089,-1937
28090,-1935
28091,-1932
28092,-1930
28093,-1928
28094,-1925
28095,-1921
28096,-1918
28097,-1915
28098,-1910
28099,-1907
28100,-1902
28101,-1898
28102,-1893
28103,-1890
28104,-1885
28105,-1881
28106,-1877
28107,-1873
28108,-1870
28109,-1865
28110,-1861
28111,-1858
28112,-1854
28113,-1850
28114,-1846
28115,-1842
28116,-1838
28117,-1835
28118,-1829
28119,-1825
28120,-1822
28121,-1821
28122,-1818
28123,-1816
28124,-1814
28125,-1814
28126,-1812
28127,-1811
28128,-1809
28129,-1806
28130,-1804
28131,-1801
28132,-1799
28133,-1796
28134,-1795
28135,-1794
28136,-1795
28137,-1795
28138,-1795
28139,-1795
28140,-1794
28141,-1793
28142,-1791
28143,-1790
28144,-1788
28145,-1787
28146,-1786
28147,-1786
28148,-1785
28149,-1785
28150,-1783
28151,-1781
28152,-1778
28153,-1775
28154,-1772
28155,-1770
28156,-1768
28157,-1766
28158,-1763
28159,-1760
28160,-1758
28161,-1755
28162,-1753
28163,-1750
28164,-1748
28165,-1745
28166,-1742
28167,-1741
28168,-1739
28169,-1739
28170,-1739
28171,-1739
28172,-1739
28173,-1740
28174,-1741
28175,-1742
28176,-1742
28177,-1742
28178,-1742
28179,-1741
28180,-1742
28181,-1742
28182,-1742
28183,-1742
28184,-1744
28185,-1743
28186,-1744
28187,-1746
28188,-1746
28189,-1748
28190,-1749
28191,-1750
28192,-1750
28193,-1750
28194,-1748
28195,-1747
28196,-1746
28197,-1745
28198,-1744
28199,-1743
28200,-1744
28201,-1745
28202,-1747
28203,-1747
28204,-1748
28205,-1748
28206,-1749
28207,-1748
28208,-1747
28209,-1746
28210,-1744
28211,-1744
28212,-1742
28213,-1741
28214,-1739
28215,-1741
28216,-1742
28217,-1743
28218,-1744
28219,-1745
28220,-1746
28221,-1746
28222,-1746
28223,-1745
28224,-1747
28225,-1749
28226,-1752
28227,-1754
28228,-1757
28229,-1760
28230,-1763
28231,-1766
28232,-1770
28233,-1773
28234,-1774
28235,-1776
28236,-1776
28237,-1778
28238,-1780
28239,-1784
28240,-1787
28241,-1790
28242,-1793
28243,-1796
28244,-1800
28245,-1804
28246,-1808
28247,-1812
28248,-1816
28249,-1818
28250,-1822
28251,-1823
28252,-1826
28253,-1827
28254,-1828
28255,-1830
28256,-1831
28257,-1833
28258,-1835
28259,-1837
28260,-1838
28261,-1841
28262,-1844
28263,-1847
28264,-1850
28265,-1852
28266,-1854
28267,-1855
28268,-1857
28269,-1858
28270,-1860
28271,-1862
28272,-1864
28273,-1865
28274,-1867
28275,-1869
28276,-1870
28277,-1871
28278,-1873
28279,-1876
28280,-1879
28281,-1882
28282,-1885
28283,-1889
28284,-1892
28285,-1896
28286,-1899
28287,-1901
28288,-1903
28289,-1903
28290,-1903
28291,-1902
28292,-1902
28293,-1904
28294,-1907
28295,-1911
28296,-1914
28297,-1917
28298,-1920
28299,-1924
28300,-1927
28301,-1930
28302,-1932
28303,-1936
28304,-1938
28305,-1941
28306,-1944
28307,-1948
28308,-1950
28309,-1953
28310,-1956
28311,-1958
28312,-1961
28313,-1965
28314,-1969
28315,-1971
28316,-1974
28317,-1976
28318,-1979
28319,-1982
28320,-1984
28321,-1986
28322,-1990
28323,-1994
28324,-1997
28325,-2000
28326,-2000
28327,-2002
28328,-2005
28329,-2009
28330,-2012
28331,-2015
28332,-2018
28333,-2021
28334,-2023
28335,-2022
28336,-2020
28337,-2018
28338,-2019
28339,-2018
28340,-2017
28341,-2015
28342,-2012
28343,-2011
28344,-2011
28345,-2012
28346,-2013
28347,-2013
28348,-2013
28349,-2016
28350,-2018
28351,-2019
28352,-2016
28353,-2014
28354,-2014
28355,-2016
28356,-2016
28357,-2015
28358,-2016
28359,-2018
28360,-2022
28361,-2025
28362,-2027
28363,-2028
28364,-2032
28365,-2036
28366,-2040
28367,-2043
28368,-2046
28369,-2050
28370,-2055
28371,-2060
28372,-2063
28373,-2066
28374,-2069
28375,-2073
28376,-2077
28377,-2080
28378,-2080
28379,-2078
28380,-2078
28381,-2078
28382,-2080
28383,-2080
28384,-2079
28385,-2076
28386,-2073
28387,-2071
28388,-2069
28389,-2066
28390,-2062
28391,-2058
28392,-2054
28393,-2051
28394,-2046
28395,-2042
28396,-2038
28397,-2035
28398,-2031
28399,-2028
28400,-2024
28401,-2019
28402,-2016
28403,-2011
28404,-2006
28405,-2002
28406,-1999
28407,-1996
28408,-1994
28409,-1991
28410,-1989
28411,-1986
28412,-1984
28413,-1983
28414,-1980
28415,-1978
28416,-1975
28417,-1973
28418,-1970
28419,-1968
28420,-1966
28421,-1966
28422,-1965
28423,-1965
28424,-1966
28425,-1969
28426,-1971
28427,-1972
28428,-1973
28429,-1971
28430,-1970
28431,-1967
28432,-1964
28433,-1962
28434,-1960
28435,-1958
28436,-1957
28437,-1957
28438,-1958
28439,-1961
28440,-1961
28441,-1960
28442,-1957
28443,-1955
28444,-1951
28445,-1949
28446,-1945
28447,-1943
28448,-1941
28449,-1938
28450,-1936
28451,-1934
28452,-1932
28453,-1929
28454,-1927
28455,-1925
28456,-1923
28457,-1921
28458,-1920
28459,-1919
28460,-1919
28461,-1920
28462,-1921
28463,-1923
28464,-1923
28465,-1923
28466,-1922
28467,-1920
28468,-1919
28469,-1919
28470,-1919
28471,-1919
28472,-1919
28473,-1918
28474,-1920
28475,-1920
28476,-1921
28477,-1921
28478,-1922
28479,-1921
28480,-1920
28481,-1920
28482,-1920
28483,-1922
28484,-1923
28485,-1925
28486,-1925
28487,-1925
28488,-1925
28489,-1927
28490,-1928
28491,-1929
28492,-1930
28493,-1929
28494,-1929
28495,-1928
28496,-1927
28497,-1925
28498,-1926
28499,-1925
28500,-1926
28501,-1928
28502,-1931
28503,-1933
28504,-1934
28505,-1933
28506,-1932
28507,-1932
28508,-1932
28509,-1935
28510,-1936
28511,-1938
28512,-1939
28513,-1942
28514,-1944
28515,-1947
28516,-1950
28517,-1952
28518,-1954
28519,-1955
28520,-1957
28521,-1959
28522,-1962
28523,-1964
28524,-1967
28525,-1969
28526,-1972
28527,-1975
28528,-1979
28529,-1983
28530,-1986
28531,-1989
28532,-1992
28533,-1996
28534,-1998
28535,-2000
28536,-2002
28537,-2004
28538,-2005
28539,-2006
28540,-2008
28541,-2009
28542,-2011
28543,-2011
28544,-2013
28545,-2013
28546,-2014
28547,-2015
28548,-2016
28549,-2017
28550,-2015
28551,-2014
28552,-2013
28553,-2013
28554,-2012
28555,-2012
28556,-2012
28557,-2013
28558,-2013
28559,-2013
28560,-2013
28561,-2014
28562,-2016
28563,-2017
28564,-2019
28565,-2020
28566,-2022
28567,-2021
28568,-2022
28569,-2022
28570,-2021
28571,-2020
28572,-2019
28573,-2017
28574,-2014
28575,-2012
28576,-2009
28577,-2010
28578,-2011
28579,-2013
28580,-2014
28581,-2016
28582,-2018
28583,-2021
28584,-2024
28585,-2026
28586,-2028
28587,-2029
28588,-2032
28589,-2034
28590,-2035
28591,-2035
28592,-2036
28593,-2038
28594,-2040
28595,-2042
28596,-2043
28597,-2045
28598,-2047
28599,-2049
28600,-2050
28601,-2052
28602,-2053
28603,-2055
28604,-2056
28605,-2058
28606,-2060
28607,-2062
28608,-2064
28609,-2066
28610,-2068
28611,-2069
28612,-2070
28613,-2070
28614,-2073
28615,-2076
28616,-2078
28617,-2079
28618,-2078
28619,-2078
28620,-2079
28621,-2081
28622,-2083
28623,-2085
28624,-2087
28625,-2090
28626,-2090
28627,-2090
28628,-2087
28629,-2085
28630,-2084
28631,-2082
28632,-2080
28633,-2076
28634,-2073
28635,-2070
28636,-2069
28637,-2067
28638,-2065
28639,-2063
28640,-2062
28641,-2063
28642,-2064
28643,-2063
28644,-2061
28645,-2061
28646,-2061
28647,-2063
28648,-2064
28649,-2065
28650,-2067
28651,-2071
28652,-2075
28653,-2079
28654,-2083
28655,-2086
28656,-2089
28657,-2093
28658,-2096
28659,-2099
28660,-2103
28661,-2106
28662,-2111
28663,-2114
28664,-2116
28665,-2118
28666,-2120
28667,-2123
28668,-2125
28669,-2128
28670,-2127
28671,-2128
28672,-2130
28673,-2132
28674,-2133
28675,-2132
28676,-2128
28677,-2125
28678,-2124
28679,-2122
28680,-2120
28681,-2116
28682,-2113
28683,-2109
28684,-2106
28685,-2102
28686,-2098
28687,-2095
28688,-2091
28689,-2087
28690,-2082
28691,-2079
28692,-2076
28693,-2072
28694,-2068
28695,-2064
28696,-2059
28697,-2055
28698,-2051
28699,-2047
28700,-2044
28701,-2041
28702,-2039
28703,-2036
28704,-2035
28705,-2034
28706,-2033
28707,-2032
28708,-2031
28709,-2029
28710,-2027
28711,-2026
28712,-2023
28713,-2021
28714,-2019
28715,-2020
28716,-2021
28717,-2021
28718,-2019
28719,-2018
28720,-2017
28721,-2015
28722,-2014
28723,-2013
28724,-2013
28725,-2011
28726,-2009
28727,-2006
28728,-2004
28729,-2002
28730,-2001
28731,-2001
28732,-1999
28733,-1996
28734,-1993
28735,-1991
28736,-1988
28737,-1986
28738,-1982
28739,-1981
28740,-1979
28741,-1976
28742,-1973
28743,-1971
28744,-1970
28745,-1968
28746,-1967
28747,-1965
28748,-1963
28749,-1960
28750,-1958
28751,-1955
28752,-1954
28753,-1952
28754,-1951
28755,-1952
28756,-1951
28757,-1951
28758,-1949
28759,-1947
28760,-1944
28761,-1941
28762,-1938
28763,-1935
28764,-1932
28765,-1931
28766,-1932
28767,-1933
28768,-1935
28769,-1935
28770,-1936
28771,-1935
28772,-1933
28773,-1930
28774,-1928
28775,-1926
28776,-1924
28777,-1922
28778,-1920
28779,-1918
28780,-1916
28781,-1916
28782,-1913
28783,-1911
28784,-1908
28785,-1905
28786,-1902
28787,-1899
28788,-1896
28789,-1893
28790,-1889
28791,-1886
28792,-1886
28793,-1886
28794,-1885
28795,-1884
28796,-1883
28797,-1882
28798,-1884
28799,-1885
28800,-1884
28801,-1884
28802,-1881
28803,-1879
28804,-1876
28805,-1875
28806,-1874
28807,-1874
28808,-1872
28809,-1871
28810,-1871
28811,-1872
28812,-1874
28813,-1874
28814,-1874
28815,-1872
28816,-1872
28817,-1870
28818,-1869
28819,-1867
28820,-1866
28821,-1865
28822,-1865
28823,-1864
28824,-1863
28825,-1862
28826,-1860
28827,-1859
28828,-1857
28829,-1855
28830,-1852
28831,-1850
28832,-1848
28833,-1846
28834,-1843
28835,-1840
28836,-1837
28837,-1833
28838,-1831
28839,-1828
28840,-1826
28841,-1823
28842,-1822
28843,-1820
28844,-1818
28845,-1817
28846,-1816
28847,-1815
28848,-1813
28849,-1812
28850,-1810
28851,-1808
28852,-1806
28853,-1806
28854,-1803
28855,-1800
28856,-1796
28857,-1793
28858,-1789
28859,-1785
28860,-1782
28861,-1779
28862,-1778
28863,-1777
28864,-1778
28865,-1778
28866,-1778
28867,-1777
28868,-1776
28869,-1775
28870,-1775
28871,-1777
28872,-1777
28873,-1778
28874,-1777
28875,-1777
28876,-1776
28877,-1774
28878,-1772
28879,-1771
28880,-1769
28881,-1766
28882,-1764
28883,-1761
28884,-1759
28885,-1758
28886,-1758
28887,-1757
28888,-1757
28889,-1757
28890,-1757
28891,-1757
28892,-1755
28893,-1753
28894,-1752
28895,-1751
28896,-1749
28897,-1748
28898,-1746
28899,-1745
28900,-1742
28901,-1741
28902,-1741
28903,-1740
28904,-1739
28905,-1736
28906,-1734
28907,-1733
28908,-1734
28909,-1733
28910,-1732
28911,-1729
28912,-1728
28913,-1729
28914,-1730
28915,-1733
28916,-1734
28917,-1736
28918,-1736
28919,-1736
28920,-1733
28921,-1730
28922,-1727
28923,-1725
28924,-1724
28925,-1722
28926,-1719
28927,-1715
28928,-1711
28929,-1707
28930,-1706
28931,-1703
28932,-1701
28933,-1700
28934,-1702
28935,-1704
28936,-1706
28937,-1707
28938,-1709
28939,-1712
28940,-1713
28941,-1715
28942,-1714
28943,-1715
28944,-1717
28945,-1721
28946,-1724
28947,-1726
28948,-1728
28949,-1732
28950,-1736
28951,-1739
28952,-1743
28953,-1746
28954,-1750
28955,-1754
28956,-1758
28957,-1761
28958,-1765
28959,-1768
28960,-1771
28961,-1775
28962,-1778
28963,-1781
28964,-1782
28965,-1786
28966,-1789
28967,-1792
28968,-1793
28969,-1794
28970,-1794
28971,-1793
28972,-1793
28973,-1791
28974,-1789
28975,-1786
28976,-1785
28977,-1784
28978,-1785
28979,-1783
28980,-1780
28981,-1777
28982,-1774
28983,-1772
28984,-1768
28985,-1766
28986,-1763
28987,-1761
28988,-1758
28989,-1756
28990,-1754
28991,-1754
28992,-1755
28993,-1758
28994,-1760
28995,-1760
28996,-1761
28997,-1760
28998,-1762
28999,-1764
29000,-1767
29001,-1768
29002,-1768
29003,-1768
29004,-1768
29005,-1769
29006,-1770
29007,-1772
29008,-1775
29009,-1779
29010,-1782
29011,-1786
29012,-1790
29013,-1793
29014,-1796
29015,-1799
29016,-1803
29017,-1807
29018,-1811
29019,-1813
29020,-1816
29021,-1818
29022,-1822
29023,-1825
29024,-1829
29025,-1832
29026,-1834
29027,-1835
29028,-1835
29029,-1838
29030,-1840
29031,-1843
29032,-1846
29033,-1848
29034,-1850
29035,-1854
29036,-1856
29037,-1858
29038,-1861
29039,-1864
29040,-1867
29041,-1869
29042,-1872
29043,-1872
29044,-1876
29045,-1878
29046,-1880
29047,-1882
29048,-1884
29049,-1886
29050,-1888
29051,-1891
29052,-1893
29053,-1896
29054,-1897
29055,-1899
29056,-1900
29057,-1903
29058,-1904
29059,-1907
29060,-1909
29061,-1911
29062,-1914
29063,-1916
29064,-1919
29065,-1921
29066,-1923
29067,-1925
29068,-1927
29069,-1929
29070,-1931
29071,-1931
29072,-1930
29073,-1929
29074,-1928
29075,-1930
29076,-1932
29077,-1935
29078,-1936
29079,-1937
29080,-1937
29081,-1940
29082,-1941
29083,-1942
29084,-1944
29085,-1946
29086,-1948
29087,-1949
29088,-1952
29089,-1955
29090,-1957
29091,-1958
29092,-1959
29093,-1959
29094,-1960
29095,-1961
29096,-1962
29097,-1962
29098,-1962
29099,-1964
29100,-1964
29101,-1968
29102,-1969
29103,-1972
29104,-1974
29105,-1977
29106,-1980
29107,-1982
29108,-1985
29109,-1988
29110,-1991
29111,-1993
29112,-1996
29113,-1996
29114,-1997
29115,-1996
29116,-1997
29117,-1998
29118,-1997
29119,-1996
29120,-1993
29121,-1991
29122,-1988
29123,-1987
29124,-1986
29125,-1985
29126,-1983
29127,-1982
29128,-1982
29129,-1983
29130,-1985
29131,-1987
29132,-1989
29133,-1988
29134,-1989
29135,-1987
29136,-1986
29137,-1984
29138,-1983
29139,-1981
29140,-1979
29141,-1976
29142,-1973
29143,-1970
29144,-1967
29145,-1964
29146,-1961
29147,-1960
29148,-1958
29149,-1957
29150,-1955
29151,-1955
29152,-1957
29153,-1960
29154,-1963
29155,-1965
29156,-1968
29157,-1968
29158,-1968
29159,-1966
29160,-1965
29161,-1964
29162,-1963
29163,-1961
29164,-1959
29165,-1956
29166,-1953
29167,-1951
29168,-1948
29169,-1947
29170,-1944
29171,-1942
29172,-1940
29173,-1939
29174,-1939
29175,-1939
29176,-1938
29177,-1937
29178,-1938
29179,-1937
29180,-1936
29181,-1933
29182,-1931
29183,-1929
29184,-1927
29185,-1925
29186,-1924
29187,-1923
29188,-1922
29189,-1922
29190,-1919
29191,-1919
29192,-1917
29193,-1915
29194,-1912
29195,-1912
29196,-1912
29197,-1913
29198,-1915
29199,-1915
29200,-1917
29201,-1918
29202,-1918
29203,-1916
29204,-1915
29205,-1914
29206,-1915
29207,-1917
29208,-1920
29209,-1923
29210,-1926
29211,-1930
29212,-1929
29213,-1927
29214,-1925
29215,-1925
29216,-1924
29217,-1923
29218,-1920
29219,-1918
29220,-1916
29221,-1916
29222,-1918
29223,-1919
29224,-1921
29225,-1920
29226,-1921
29227,-1922
29228,-1923
29229,-1923
29230,-1922
29231,-1923
29232,-1925
29233,-1928
29234,-1928
29235,-1928
29236,-1929
29237,-1932
29238,-1935
29239,-1938
29240,-1939
29241,-1942
29242,-1945
29243,-1949
29244,-1953
29245,-1956
29246,-1959
29247,-1962
29248,-1966
29249,-1970
29250,-1974
29251,-1978
29252,-1982
29253,-1985
29254,-1988
29255,-1992
29256,-1993
29257,-1995
29258,-1996
29259,-1998
29260,-1999
29261,-2000
29262,-1999
29263,-1997
29264,-1994
29265,-1991
29266,-1987
29267,-1982
29268,-1978
29269,-1976
29270,-1975
29271,-1971
29272,-1968
29273,-1965
29274,-1962
29275,-1960
29276,-1959
29277,-1957
29278,-1954
29279,-1950
29280,-1947
29281,-1943
29282,-1939
29283,-1936
29284,-1933
29285,-1931
29286,-1929
29287,-1927
29288,-1924
29289,-1921
29290,-1919
29291,-1916
29292,-1915
29293,-1914
29294,-1915
29295,-1914
29296,-1913
29297,-1914
29298,-1917
29299,-1920
29300,-1923
29301,-1927
29302,-1930
29303,-1932
29304,-1934
29305,-1936
29306,-1939
29307,-1942
29308,-1944
29309,-1947
29310,-1948
29311,-1949
29312,-1951
29313,-1952
29314,-1955
29315,-1957
29316,-1960
29317,-1962
29318,-1964
29319,-1966
29320,-1968
29321,-1970
29322,-1972
29323,-1974
29324,-1976
29325,-1978
29326,-1979
29327,-1981
29328,-1982
29329,-1985
29330,-1988
29331,-1991
29332,-1993
29333,-1994
29334,-1995
29335,-1995
29336,-1997
29337,-1999
29338,-2002
29339,-2005
29340,-2008
29341,-2010
29342,-2012
29343,-2012
29344,-2012
29345,-2011
29346,-2010
29347,-2012
29348,-2014
29349,-2016
29350,-2018
29351,-2021
29352,-2024
29353,-2026
29354,-2028
29355,-2030
29356,-2030
29357,-2029
29358,-2027
29359,-2025
29360,-2025
29361,-2024
29362,-2026
29363,-2028
29364,-2030
29365,-2033
29366,-2036
29367,-2039
29368,-2041
29369,-2044
29370,-2047
29371,-2051
29372,-2053
29373,-2056
29374,-2056
29375,-2057
29376,-2057
29377,-2058
29378,-2058
29379,-2058
29380,-2058
29381,-2056
29382,-2055
29383,-2054
29384,-2054
29385,-2054
29386,-2056
29387,-2056
29388,-2057
29389,-2058
29390,-2059
29391,-2061
29392,-2063
29393,-2066
29394,-2069
29395,-2072
29396,-2075
29397,-2078
29398,-2079
29399,-2080
29400,-2080
29401,-2079
29402,-2079
29403,-2077
29404,-2075
29405,-2072
29406,-2071
29407,-2070
29408,-2070
29409,-2070
29410,-2069
29411,-2069
29412,-2069
29413,-2069
29414,-2069
29415,-2069
29416,-2070
29417,-2071
29418,-2069
29419,-2068
29420,-2065
29421,-2064
29422,-2062
29423,-2061
29424,-2059
29425,-2056
29426,-2053
29427,-2050
29428,-2048
29429,-2045
29430,-2042
29431,-2040
29432,-2038
29433,-2035
29434,-2033
29435,-2030
29436,-2029
29437,-2031
29438,-2033
29439,-2036
29440,-2036
29441,-2036
29442,-2033
29443,-2031
29444,-2030
29445,-2028
29446,-2027
29447,-2025
29448,-2023
29449,-2019
29450,-2016
29451,-2013
29452,-2011
29453,-2008
29454,-2008
29455,-2006
29456,-2003
29457,-2002
29458,-2000
29459,-1998
29460,-1996
29461,-1995
29462,-1993
29463,-1992
29464,-1989
29465,-1986
29466,-1983
29467,-1980
29468,-1977
29469,-1974
29470,-1972
29471,-1969
29472,-1967
29473,-1964
29474,-1962
29475,-1958
29476,-1955
29477,-1952
29478,-1949
29479,-1945
29480,-1942
29481,-1939
29482,-1937
29483,-1934
29484,-1930
29485,-1927
29486,-1925
29487,-1925
29488,-1922
29489,-1921
29490,-1920
29491,-1922
29492,-1924
29493,-1925
29494,-1926
29495,-1924
29496,-1923
29497,-1922
29498,-1922
29499,-1920
29500,-1919
29501,-1917
29502,-1915
29503,-1910
29504,-1906
29505,-1903
29506,-1900
29507,-1898
29508,-1894
29509,-1891
29510,-1888
29511,-1885
29512,-1881
29513,-1878
29514,-1875
29515,-1873
29516,-1873
29517,-1874
29518,-1873
29519,-1870
29520,-1866
29521,-1862
29522,-1859
29523,-1855
29524,-1851
29525,-1847
29526,-1844
29527,-1842
29528,-1842
29529,-1841
29530,-1839
29531,-1839
29532,-1839
29533,-1841
29534,-1843
29535,-1844
29536,-1844
29537,-1844
29538,-1845
29539,-1846
29540,-1846
29541,-1845
29542,-1845
29543,-1843
29544,-1843
29545,-1842
29546,-1841
29547,-1839
29548,-1838
29549,-1837
29550,-1836
29551,-1834
29552,-1831
29553,-1828
29554,-1825
29555,-1822
29556,-1818
29557,-1813
29558,-1808
29559,-1805
29560,-1801
29561,-1797
29562,-1793
29563,-1789
29564,-1785
29565,-1780
29566,-1776
29567,-1772
29568,-1768
29569,-1765
29570,-1761
29571,-1757
29572,-1753
29573,-1749
29574,-1745
29575,-1741
29576,-1737
29577,-1734
29578,-1731
29579,-1729
29580,-1726
29581,-1725
29582,-1723
29583,-1722
29584,-1721
29585,-1720
29586,-1719
29587,-1716
29588,-1715
29589,-1713
29590,-1713
29591,-1712
29592,-1711
29593,-1711
29594,-1710
29595,-1709
29596,-1708
29597,-1707
29598,-1704
29599,-1702
29600,-1701
29601,-1702
29602,-1703
29603,-1705
29604,-1706
29605,-1708
29606,-1710
29607,-1711
29608,-1713
29609,-1713
29610,-1714
29611,-1714
29612,-1714
29613,-1713
29614,-1714
29615,-1713
29616,-1714
29617,-1714
29618,-1714
29619,-1714
29620,-1714
29621,-1715
29622,-1714
29623,-1714
29624,-1712
29625,-1712
29626,-1711
29627,-1710
29628,-1708
29629,-1707
29630,-1707
29631,-1708
29632,-1710
29633,-1711
29634,-1712
29635,-1712
29636,-1712
29637,-1711
29638,-1712
29639,-1712
29640,-1713
29641,-1716
29642,-1716
29643,-1718
29644,-1718
29645,-1719
29646,-1720
29647,-1722
29648,-1723
29649,-1724
29650,-1724
29651,-1724
29652,-1726
29653,-1729
29654,-1733
29655,-1737
29656,-1741
29657,-1743
29658,-1746
29659,-1747
29660,-1749
29661,-1751
29662,-1752
29663,-1752
29664,-1750
29665,-1749
29666,-1747
29667,-1748
29668,-1748
29669,-1751
29670,-1753
29671,-1756
29672,-1758
29673,-1760
29674,-1762
29675,-1765
29676,-1767
29677,-1770
29678,-1773
29679,-1775
29680,-1779
29681,-1782
29682,-1786
29683,-1789
29684,-1792
29685,-1795
29686,-1797
29687,-1798
29688,-1798
29689,-1799
29690,-1801
29691,-1804
29692,-1807
29693,-1810
29694,-1813
29695,-1817
29696,-1821
29697,-1825
29698,-1828
29699,-1831
29700,-1835
29701,-1838
29702,-1842
29703,-1845
29704,-1849
29705,-1852
29706,-1855
29707,-1857
29708,-1860
29709,-1863
29710,-1866
29711,-1869
29712,-1871
29713,-1873
29714,-1874
29715,-1876
29716,-1879
29717,-1881
29718,-1882
29719,-1884
29720,-1886
29721,-1888
29722,-1891
29723,-1895
29724,-1899
29725,-1902
29726,-1905
29727,-1907
29728,-1910
29729,-1913
29730,-1917
29731,-1920
29732,-1924
29733,-1928
29734,-1931
29735,-1934
29736,-1937
29737,-1940
29738,-1942
29739,-1945
29740,-1946
29741,-1947
29742,-1947
29743,-1947
29744,-1949
29745,-1950
29746,-1952
29747,-1955
29748,-1957
29749,-1958
29750,-1960
29751,-1960
29752,-1962
29753,-1964
29754,-1966
29755,-1968
29756,-1968
29757,-1970
29758,-1970
29759,-1973
29760,-1974
29761,-1977
29762,-1979
29763,-1981
29764,-1983
29765,-1985
29766,-1985
29767,-1985
29768,-1984
29769,-1983
29770,-1984
29771,-1985
29772,-1987
29773,-1989
29774,-1992
29775,-1995
29776,-1997
29777,-2000
29778,-2003
29779,-2007
29780,-2010
29781,-2014
29782,-2014
29783,-2015
29784,-2017
29785,-2020
29786,-2023
29787,-2025
29788,-2026
29789,-2028
29790,-2030
29791,-2029
29792,-2028
29793,-2026
29794,-2027
29795,-2028
29796,-2029
29797,-2028
29798,-2027
29799,-2027
29800,-2028
29801,-2030
29802,-2030
29803,-2031
29804,-2030
29805,-2032
29806,-2034
29807,-2036
29808,-2034
29809,-2031
29810,-2028
29811,-2027
29812,-2026
29813,-2024
29814,-2022
29815,-2022
29816,-2025
29817,-2027
29818,-2029
29819,-2030
29820,-2033
29821,-2037
29822,-2041
29823,-2044
29824,-2046
29825,-2049
29826,-2050
29827,-2052
29828,-2053
29829,-2055
29830,-2057
29831,-2058
29832,-2059
29833,-2060
29834,-2061
29835,-2061
29836,-2061
29837,-2062
29838,-2064
29839,-2063
29840,-2062
29841,-2059
29842,-2056
29843,-2053
29844,-2050
29845,-2047
29846,-2043
29847,-2039
29848,-2035
29849,-2031
29850,-2026
29851,-2023
29852,-2018
29853,-2014
29854,-2010
29855,-2006
29856,-2002
29857,-1998
29858,-1994
29859,-1990
29860,-1985
29861,-1981
29862,-1977
29863,-1973
29864,-1970
29865,-1967
29866,-1964
29867,-1961
29868,-1958
29869,-1958
29870,-1957
29871,-1957
29872,-1955
29873,-1952
29874,-1949
29875,-1946
29876,-1942
29877,-1940
29878,-1940
29879,-1940
29880,-1940
29881,-1939
29882,-1938
29883,-1936
29884,-1935
29885,-1933
29886,-1932
29887,-1930
29888,-1929
29889,-1929
29890,-1930
29891,-1932
29892,-1934
29893,-1936
29894,-1937
29895,-1939
29896,-1938
29897,-1937
29898,-1934
29899,-1932
29900,-1930
29901,-1929
29902,-1930
29903,-1932
29904,-1934
29905,-1935
29906,-1935
29907,-1934
29908,-1931
29909,-1929
29910,-1929
29911,-1927
29912,-1926
29913,-1924
29914,-1923
29915,-1924
29916,-1924
29917,-1925
29918,-1924
29919,-1924
29920,-1924
29921,-1924
29922,-1924
29923,-1924
29924,-1925
29925,-1927
29926,-1929
29927,-1929
29928,-1930
29929,-1929
29930,-1932
29931,-1934
29932,-1937
29933,-1938
29934,-1940
29935,-1941
29936,-1941
29937,-1942
29938,-1942
29939,-1944
29940,-1946
29941,-1948
29942,-1949
29943,-1951
29944,-1951
29945,-1954
29946,-1957
29947,-1960
29948,-1962
29949,-1962
29950,-1963
29951,-1963
29952,-1963
29953,-1962
29954,-1963
29955,-1963
29956,-1965
29957,-1965
29958,-1966
29959,-1967
29960,-1966
29961,-1967
29962,-1967
29963,-1969
29964,-1970
29965,-1971
29966,-1971
29967,-1972
29968,-1973
29969,-1975
29970,-1976
29971,-1978
29972,-1980
29973,-1982
29974,-1984
29975,-1985
29976,-1987
29977,-1989
29978,-1992
29979,-1994
29980,-1996
29981,-1997
29982,-1998
29983,-1999
29984,-1999
29985,-2001
29986,-2002
29987,-2004
29988,-2005
29989,-2007
29990,-2009
29991,-2010
29992,-2011
29993,-2013
29994,-2015
29995,-2016
29996,-2018
29997,-2017
29998,-2018
29999,-2018
30000,-2019
30001,-2018
30002,-2019
30003,-2020
30004,-2019
30005,-2018
30006,-2016
30007,-2016
30008,-2016
30009,-2017
30010,-2018
30011,-2020
30012,-2021
30013,-2023
30014,-2025
30015,-2027
30016,-2030
30017,-2033
30018,-2037
30019,-2038
30020,-2039
30021,-2040
30022,-2042
30023,-2043
30024,-2045
30025,-2045
30026,-2046
30027,-2047
30028,-2047
30029,-2047
30030,-2047
30031,-2048
30032,-2048
30033,-2049
30034,-2049
30035,-2049
30036,-2050
30037,-2052
30038,-2054
30039,-2055
30040,-2056
30041,-2057
30042,-2059
30043,-2060
30044,-2061
30045,-2062
30046,-2063
30047,-2063
30048,-2065
30049,-2065
30050,-2063
30051,-2061
30052,-2058
30053,-2058
30054,-2059
30055,-2062
30056,-2064
30057,-2067
30058,-2071
30059,-2075
30060,-2077
30061,-2077
30062,-2077
30063,-2081
30064,-2085
30065,-2089
30066,-2092
30067,-2092
30068,-2096
30069,-2099
30070,-2103
30071,-2106
30072,-2109
30073,-2113
30074,-2115
30075,-2113
30076,-2110
30077,-2109
30078,-2108
30079,-2110
30080,-2111
30081,-2111
30082,-2108
30083,-2107
30084,-2108
30085,-2110
30086,-2113
30087,-2113
30088,-2115
30089,-2117
30090,-2121
30091,-2123
30092,-2123
30093,-2121
30094,-2120
30095,-2119
30096,-2119
30097,-2117
30098,-2114
30099,-2115
30100,-2117
30101,-2120
30102,-2121
30103,-2124
30104,-2126
30105,-2129
30106,-2132
30107,-2134
30108,-2136
30109,-2137
30110,-2139
30111,-2140
30112,-2143
30113,-2145
30114,-2148
30115,-2148
30116,-2150
30117,-2153
30118,-2154
30119,-2155
30120,-2154
30121,-2156
30122,-2157
30123,-2158
30124,-2156
30125,-2153
30126,-2150
30127,-2148
30128,-2145
30129,-2141
30130,-2137
30131,-2133
30132,-2129
30133,-2125
30134,-2121
30135,-2116
30136,-2113
30137,-2109
30138,-2105
30139,-2101
30140,-2097
30141,-2093
30142,-2089
30143,-2085
30144,-2081
30145,-2077
30146,-2073
30147,-2069
30148,-2065
30149,-2061
30150,-2057
30151,-2053
30152,-2050
30153,-2047
30154,-2044
30155,-2040
30156,-2037
30157,-2034
30158,-2030
30159,-2026
30160,-2023
30161,-2021
30162,-2020
30163,-2020
30164,-2019
30165,-2019
30166,-2018
30167,-2017
30168,-2015
30169,-2013
30170,-2010
30171,-2009
30172,-2006
30173,-2005
30174,-2003
30175,-2002
30176,-2003
30177,-2004
30178,-2005
30179,-2004
30180,-2004
30181,-2002
30182,-2001
30183,-1999
30184,-1998
30185,-1997
30186,-1997
30187,-1999
30188,-2000
30189,-2000
30190,-1997
30191,-1994
30192,-1991
30193,-1989
30194,-1985
30195,-1983
30196,-1980
30197,-1977
30198,-1974
30199,-1972
30200,-1970
30201,-1968
30202,-1967
30203,-1964
30204,-1963
30205,-1960
30206,-1958
30207,-1955
30208,-1954
30209,-1954
30210,-1955
30211,-1955
30212,-1953
30213,-1953
30214,-1951
30215,-1950
30216,-1947
30217,-1946
30218,-1944
30219,-1943
30220,-1941
30221,-1938
30222,-1936
30223,-1933
30224,-1931
30225,-1929
30226,-1926
30227,-1923
30228,-1921
30229,-1919
30230,-1918
30231,-1919
30232,-1919
30233,-1919
30234,-1918
30235,-1919
30236,-1917
30237,-1915
30238,-1912
30239,-1909
30240,-1906
30241,-1904
30242,-1901
30243,-1899
30244,-1897
30245,-1894
30246,-1891
30247,-1888
30248,-1886
30249,-1883
30250,-1882
30251,-1879
30252,-1876
30253,-1872
30254,-1869
30255,-1868
30256,-1867
30257,-1867
30258,-1866
30259,-1864
30260,-1863
30261,-1862
30262,-1860
30263,-1858
30264,-1856
30265,-1855
30266,-1854
30267,-1852
30268,-1850
30269,-1847
30270,-1846
30271,-1844
30272,-1844
30273,-1844
30274,-1843
30275,-1841
30276,-1839
30277,-1836
30278,-1832
30279,-1830
30280,-1828
30281,-1827
30282,-1825
30283,-1824
30284,-1822
30285,-1821
30286,-1820
30287,-1820
30288,-1820
30289,-1817
30290,-1814
30291,-1810
30292,-1807
30293,-1805
30294,-1804
30295,-1804
30296,-1806
30297,-1805
30298,-1805
30299,-1805
30300,-1805
30301,-1807
30302,-1808
30303,-1809
30304,-1808
30305,-1807
30306,-1806
30307,-1805
30308,-1803
30309,-1803
30310,-1801
30311,-1799
30312,-1798
30313,-1795
30314,-1793
30315,-1790
30316,-1788
30317,-1785
30318,-1784
30319,-1782
30320,-1780
30321,-1777
30322,-1775
30323,-1772
30324,-1770
30325,-1769
30326,-1769
30327,-1770
30328,-1768
30329,-1767
30330,-1765
30331,-1763
30332,-1760
30333,-1757
30334,-1755
30335,-1753
30336,-1751
30337,-1748
30338,-1746
30339,-1745
30340,-1747
30341,-1748
30342,-1748
30343,-1747
30344,-1748
30345,-1750
30346,-1752
30347,-1754
30348,-1755
30349,-1756
30350,-1757
30351,-1759
30352,-1760
30353,-1761
30354,-1763
30355,-1767
30356,-1770
30357,-1771
30358,-1773
30359,-1772
30360,-1772
30361,-1772
30362,-1772
30363,-1770
30364,-1768
30365,-1764
30366,-1762
30367,-1761
30368,-1761
30369,-1761
30370,-1760
30371,-1763
30372,-1767
30373,-1769
30374,-1768
30375,-1767
30376,-1766
30377,-1767
30378,-1768
30379,-1768
30380,-1769
30381,-1771
30382,-1774
30383,-1777
30384,-1780
30385,-1782
30386,-1785
30387,-1789
30388,-1793
30389,-1796
30390,-1798
30391,-1801
30392,-1802
30393,-1804
30394,-1807
30395,-1811
30396,-1814
30397,-1818
30398,-1821
30399,-1824
30400,-1828
30401,-1831
30402,-1834
30403,-1837
30404,-1840
30405,-1843
30406,-1845
30407,-1845
30408,-1847
30409,-1849
30410,-1852
30411,-1852
30412,-1852
30413,-1850
30414,-1847
30415,-1844
30416,-1841
30417,-1839
30418,-1837
30419,-1838
30420,-1839
30421,-1839
30422,-1837
30423,-1835
30424,-1834
30425,-1834
30426,-1835
30427,-1835
30428,-1836
30429,-1836
30430,-1837
30431,-1837
30432,-1838
30433,-1839
30434,-1839
30435,-1837
30436,-1835
30437,-1833
30438,-1831
30439,-1829
30440,-1828
30441,-1830
30442,-1831
30443,-1834
30444,-1837
30445,-1841
30446,-1845
30447,-1848
30448,-1852
30449,-1856
30450,-1860
30451,-1863
30452,-1866
30453,-1869
30454,-1874
30455,-1877
30456,-1881
30457,-1884
30458,-1887
30459,-1890
30460,-1893
30461,-1896
30462,-1898
30463,-1901
30464,-1904
30465,-1907
30466,-1910
30467,-1912
30468,-1914
30469,-1918
30470,-1922
30471,-1924
30472,-1927
30473,-1928
30474,-1930
30475,-1931
30476,-1932
30477,-1932
30478,-1932
30479,-1933
30480,-1935
30481,-1937
30482,-1938
30483,-1940
30484,-1940
30485,-1941
30486,-1942
30487,-1944
30488,-1944
30489,-1945
30490,-1945
30491,-1946
30492,-1946
30493,-1947
30494,-1950
30495,-1953
30496,-1957
30497,-1959
30498,-1961
30499,-1962
30500,-1964
30501,-1965
30502,-1967
30503,-1968
30504,-1970
30505,-1971
30506,-1972
30507,-1973
30508,-1974
30509,-1976
30510,-1977
30511,-1980
30512,-1982
30513,-1984
30514,-1986
30515,-1988
30516,-1990
30517,-1993
30518,-1995
30519,-1996
30520,-1998
30521,-1998
30522,-1999
30523,-1999
30524,-2000
30525,-2002
30526,-2003
30527,-2002
30528,-2001
30529,-2000
30530,-1998
30531,-1997
30532,-1996
30533,-1997
30534,-1997
30535,-1998
30536,-1998
30537,-1999
30538,-2001
30539,-2004
30540,-2007
30541,-2010
30542,-2013
30543,-2014
30544,-2016
30545,-2017
30546,-2019
30547,-2019
30548,-2020
30549,-2022
30550,-2024
30551,-2026
30552,-2027
30553,-2028
30554,-2027
30555,-2028
30556,-2029
30557,-2031
30558,-2030
30559,-2029
30560,-2027
30561,-2025
30562,-2024
30563,-2023
30564,-2024
30565,-2025
30566,-2027
30567,-2026
30568,-2025
30569,-2024
30570,-2025
30571,-2026
30572,-2028
30573,-2029
30574,-2029
30575,-2028
30576,-2025
30577,-2025
30578,-2024
30579,-2024
30580,-2023
30581,-2022
30582,-2021
30583,-2020
30584,-2020
30585,-2021
30586,-2022
30587,-2022
30588,-2024
30589,-2022
30590,-2021
30591,-2019
30592,-2018
30593,-2018
30594,-2018
30595,-2018
30596,-2019
30597,-2020
30598,-2019
30599,-2017
30600,-2014
30601,-2012
30602,-2009
30603,-2008
30604,-2005
30605,-2003
30606,-2001
30607,-1999
30608,-1999
30609,-1999
30610,-2001
30611,-2001
30612,-2001
30613,-1999
30614,-1998
30615,-1996
30616,-1993
30617,-1990
30618,-1988
30619,-1988
30620,-1987
30621,-1985
30622,-1983
30623,-1984
30624,-1985
30625,-1986
30626,-1986
30627,-1986
30628,-1988
30629,-1990
30630,-1992
30631,-1994
30632,-1996
30633,-1998
30634,-2001
30635,-2002
30636,-2002
30637,-2000
30638,-2002
30639,-2004
30640,-2005
30641,-2007
30642,-2007
30643,-2008
30644,-2007
30645,-2008
30646,-2008
30647,-2008
30648,-2007
30649,-2009
30650,-2011
30651,-2012
30652,-2010
30653,-2007
30654,-2006
30655,-2006
30656,-2008
30657,-2007
30658,-2008
30659,-2009
30660,-2013
30661,-2017
30662,-2020
30663,-2023
30664,-2027
30665,-2031
30666,-2035
30667,-2039
30668,-2043
30669,-2046
30670,-2049
30671,-2052
30672,-2054
30673,-2057
30674,-2058
30675,-2056
30676,-2056
30677,-2055
30678,-2056
30679,-2057
30680,-2059
30681,-2062
30682,-2064
30683,-2066
30684,-2067
30685,-2067
30686,-2067
30687,-2068
30688,-2067
30689,-2066
30690,-2063
30691,-2062
30692,-2059
30693,-2056
30694,-2054
30695,-2051
30696,-2049
30697,-2046
30698,-2042
30699,-2038
30700,-2034
30701,-2029
30702,-2026
30703,-2021
30704,-2017
30705,-2014
30706,-2010
30707,-2007
30708,-2006
30709,-2007
30710,-2009
30711,-2011
30712,-2012
30713,-2012
30714,-2011
30715,-2010
30716,-2009
30717,-2009
30718,-2008
30719,-2007
30720,-2006
30721,-2004
30722,-2003
30723,-2002
30724,-2003
30725,-2005
30726,-2007
30727,-2008
30728,-2010
30729,-2011
30730,-2013
30731,-2016
30732,-2019
30733,-2023
30734,-2027
30735,-2030
30736,-2032
30737,-2034
30738,-2035
30739,-2036
30740,-2037
30741,-2039
30742,-2039
30743,-2039
30744,-2040
30745,-2038
30746,-2037
30747,-2036
30748,-2037
30749,-2038
30750,-2041
30751,-2042
30752,-2044
30753,-2046
30754,-2048
30755,-2048
30756,-2046
30757,-2046
30758,-2045
30759,-2046
30760,-2047
30761,-2049
30762,-2050
30763,-2051
30764,-2053
30765,-2054
30766,-2054
30767,-2053
30768,-2054
30769,-2053
30770,-2054
30771,-2054
30772,-2056
30773,-2058
30774,-2062
30775,-2065
30776,-2066
30777,-2067
30778,-2067
30779,-2070
30780,-2072
30781,-2074
30782,-2075
30783,-2076
30784,-2077
30785,-2080
30786,-2082
30787,-2086
30788,-2089
30789,-2091
30790,-2094
30791,-2095
30792,-2096
30793,-2096
30794,-2098
30795,-2099
30796,-2100
30797,-2100
30798,-2099
30799,-2099
30800,-2100
30801,-2102
30802,-2104
30803,-2108
30804,-2110
30805,-2112
30806,-2112
30807,-2114
30808,-2115
30809,-2116
30810,-2116
30811,-2116
30812,-2114
30813,-2112
30814,-2111
30815,-2110
30816,-2112
30817,-2113
30818,-2114
30819,-2115
30820,-2117
30821,-2117
30822,-2118
30823,-2120
30824,-2122
30825,-2124
30826,-2125
30827,-2128
30828,-2129
30829,-2129
30830,-2130
30831,-2132
30832,-2134
30833,-2136
30834,-2138
30835,-2138
30836,-2139
30837,-2138
30838,-2137
30839,-2135
30840,-2134
30841,-2132
30842,-2131
30843,-2129
30844,-2126
30845,-2123
30846,-2119
30847,-2117
30848,-2115
30849,-2114
30850,-2112
30851,-2111
30852,-2109
30853,-2107
30854,-2105
30855,-2104
30856,-2104
30857,-2105
30858,-2105
30859,-2105
30860,-2104
30861,-2102
30862,-2101
30863,-2099
30864,-2099
30865,-2097
30866,-2095
30867,-2093
30868,-2090
30869,-2087
30870,-2084
30871,-2082
30872,-2080
30873,-2079
30874,-2076
30875,-2075
30876,-2073
30877,-2073
30878,-2074
30879,-2075
30880,-2077
30881,-2077
30882,-2077
30883,-2075
30884,-2074
30885,-2071
30886,-2070
30887,-2068
30888,-2065
30889,-2062
30890,-2060
30891,-2057
30892,-2056
30893,-2056
30894,-2056
30895,-2058
30896,-2056
30897,-2054
30898,-2052
30899,-2052
30900,-2051
30901,-2049
30902,-2047
30903,-2044
30904,-2045
30905,-2046
30906,-2047
30907,-2046
30908,-2046
30909,-2045
30910,-2045
30911,-2042
30912,-2039
30913,-2035
30914,-2031
30915,-2027
30916,-2024
30917,-2021
30918,-2017
30919,-2013
30920,-2009
30921,-2006
30922,-2004
30923,-2001
30924,-2000
30925,-2001
30926,-2003
30927,-2004
30928,-2003
30929,-2000
30930,-1998
30931,-1996
30932,-1994
30933,-1991
30934,-1988
30935,-1986
30936,-1984
30937,-1983
30938,-1980
30939,-1978
30940,-1978
30941,-1980
30942,-1982
30943,-1984
30944,-1985
30945,-1987
30946,-1988
30947,-1990
30948,-1994
30949,-1997
30950,-2000
30951,-1999
30952,-1999
30953,-1998
30954,-1998
30955,-1996
30956,-1994
30957,-1992
30958,-1990
30959,-1985
30960,-1981
30961,-1977
30962,-1973
30963,-1970
30964,-1966
30965,-1962
30966,-1958
30967,-1954
30968,-1949
30969,-1945
30970,-1941
30971,-1937
30972,-1934
30973,-1930
30974,-1926
30975,-1922
30976,-1918
30977,-1914
30978,-1910
30979,-1905
30980,-1901
30981,-1897
30982,-1893
30983,-1889
30984,-1884
30985,-1880
30986,-1876
30987,-1873
30988,-1869
30989,-1865
30990,-1861
30991,-1857
30992,-1854
30993,-1850
30994,-1847
30995,-1843
30996,-1841
30997,-1838
30998,-1837
30999,-1834
31000,-1833
31001,-1831
31002,-1829
31003,-1828
31004,-1826
31005,-1824
31006,-1820
31007,-1817
31008,-1814
31009,-1813
31010,-1811
31011,-1812
31012,-1812
31013,-1812
31014,-1812
31015,-1812
31016,-1813
31017,-1815
31018,-1818
31019,-1819
31020,-1820
31021,-1819
31022,-1819
31023,-1818
31024,-1817
31025,-1816
31026,-1816
31027,-1817
31028,-1814
31029,-1812
31030,-1808
31031,-1806
31032,-1804
31033,-1804
31034,-1803
31035,-1802
31036,-1801
31037,-1800
31038,-1798
31039,-1795
31040,-1792
31041,-1789
31042,-1785
31043,-1782
31044,-1782
31045,-1780
31046,-1779
31047,-1778
31048,-1777
31049,-1777
31050,-1776
31051,-1775
31052,-1774
31053,-1774
31054,-1774
31055,-1773
31056,-1772
31057,-1772
31058,-1770
31059,-1770
31060,-1769
31061,-1768
31062,-1769
31063,-1769
31064,-1770
31065,-1771
31066,-1773
31067,-1773
31068,-1774
31069,-1774
31070,-1776
31071,-1778
31072,-1780
31073,-1783
31074,-1785
31075,-1787
31076,-1788
31077,-1791
31078,-1792
31079,-1794
31080,-1796
31081,-1798
31082,-1797
31083,-1796
31084,-1794
31085,-1793
31086,-1794
31087,-1794
31088,-1796
31089,-1797
31090,-1800
31091,-1802
31092,-1805
31093,-1808
31094,-1811
31095,-1813
31096,-1815
31097,-1816
31098,-1815
31099,-1815
31100,-1815
31101,-1818
31102,-1820
31103,-1823
31104,-1825
31105,-1828
31106,-1830
31107,-1830
31108,-1831
31109,-1832
31110,-1834
31111,-1836
31112,-1840
31113,-1843
31114,-1847
31115,-1849
31116,-1852
31117,-1855
31118,-1857
31119,-1859
31120,-1859
31121,-1860
31122,-1861
31123,-1864
31124,-1867
31125,-1870
31126,-1872
31127,-1874
31128,-1876
31129,-1877
31130,-1877
31131,-1878
31132,-1880
31133,-1881
31134,-1885
31135,-1887
31136,-1890
31137,-1893
31138,-1895
31139,-1897
31140,-1900
31141,-1903
31142,-1906
31143,-1911
31144,-1915
31145,-1919
31146,-1921
31147,-1924
31148,-1928
31149,-1932
31150,-1934
31151,-1936
31152,-1937
31153,-1935
31154,-1935
31155,-1936
31156,-1940
31157,-1943
31158,-1947
31159,-1950
31160,-1954
31161,-1958
31162,-1961
31163,-1965
31164,-1969
31165,-1973
31166,-1977
31167,-1981
31168,-1984
31169,-1988
31170,-1990
31171,-1994
31172,-1998
31173,-2001
31174,-2002
31175,-2003
31176,-2006
31177,-2009
31178,-2012
31179,-2015
31180,-2018
31181,-2021
31182,-2025
31183,-2025
31184,-2025
31185,-2023
31186,-2023
31187,-2025
31188,-2026
31189,-2027
31190,-2026
31191,-2024
31192,-2022
31193,-2023
31194,-2024
31195,-2025
31196,-2025
31197,-2026
31198,-2028
31199,-2029
31200,-2028
31201,-2026
31202,-2027
31203,-2028
31204,-2030
31205,-2031
31206,-2032
31207,-2034
31208,-2037
31209,-2041
31210,-2044
31211,-2048
31212,-2052
31213,-2056
31214,-2060
31215,-2064
31216,-2068
31217,-2072
31218,-2075
31219,-2079
31220,-2083
31221,-2087
31222,-2090
31223,-2091
31224,-2093
31225,-2096
31226,-2098
31227,-2100
31228,-2103
31229,-2106
31230,-2109
31231,-2111
31232,-2113
31233,-2115
31234,-2116
31235,-2117
31236,-2116
31237,-2116
31238,-2114
31239,-2112
31240,-2111
31241,-2108
31242,-2105
31243,-2102
31244,-2099
31245,-2094
31246,-2091
31247,-2086
31248,-2082
31249,-2078
31250,-2075
31251,-2071
31252,-2067
31253,-2063
31254,-2061
31255,-2060
31256,-2057
31257,-2056
31258,-2055
31259,-2053
31260,-2049
31261,-2046
31262,-2043
31263,-2040
31264,-2036
31265,-2032
31266,-2028
31267,-2024
31268,-2021
31269,-2017
31270,-2016
31271,-2014
31272,-2013
31273,-2011
31274,-2009
31275,-2007
31276,-2005
31277,-2003
31278,-2001
31279,-2001
31280,-2001
31281,-2002
31282,-2001
31283,-2002
31284,-2002
31285,-2003
31286,-2003
31287,-2004
31288,-2006
31289,-2008
31290,-2010
31291,-2009
31292,-2009
31293,-2006
31294,-2006
31295,-2004
31296,-2003
31297,-2001
31298,-2000
31299,-2001
31300,-2001
31301,-2003
31302,-2005
31303,-2005
31304,-2003
31305,-2001
31306,-1998
31307,-1995
31308,-1992
31309,-1992
31310,-1992
31311,-1992
31312,-1992
31313,-1989
31314,-1987
31315,-1984
31316,-1981
31317,-1977
31318,-1973
31319,-1969
31320,-1966
31321,-1963
31322,-1961
31323,-1959
31324,-1957
31325,-1956
31326,-1954
31327,-1953
31328,-1950
31329,-1948
31330,-1946
31331,-1945
31332,-1944
31333,-1944
31334,-1946
31335,-1947
31336,-1950
31337,-1952
31338,-1953
31339,-1952
31340,-1952
31341,-1951
31342,-1951
31343,-1950
31344,-1950
31345,-1950
31346,-1950
31347,-1952
31348,-1952
31349,-1953
31350,-1955
31351,-1958
31352,-1959
31353,-1960
31354,-1960
31355,-1962
31356,-1964
31357,-1966
31358,-1970
31359,-1973
31360,-1977
31361,-1979
31362,-1982
31363,-1985
31364,-1989
31365,-1992
31366,-1995
31367,-1997
31368,-1998
31369,-2000
31370,-2000
31371,-2002
31372,-2003
31373,-2006
31374,-2009
31375,-2013
31376,-2016
31377,-2019
31378,-2022
31379,-2025
31380,-2028
31381,-2031
31382,-2034
31383,-2035
31384,-2037
31385,-2038
31386,-2041
31387,-2042
31388,-2044
31389,-2044
31390,-2045
31391,-2046
31392,-2045
31393,-2045
31394,-2045
31395,-2047
31396,-2047
31397,-2048
31398,-2049
31399,-2051
31400,-2053
31401,-2055
31402,-2058
31403,-2059
31404,-2061
31405,-2061
31406,-2062
31407,-2062
31408,-2063
31409,-2063
31410,-2063
31411,-2063
31412,-2063
31413,-2064
31414,-2064
31415,-2064
31416,-2064
31417,-2065
31418,-2064
31419,-2065
31420,-2065
31421,-2066
31422,-2066
31423,-2067
31424,-2068
31425,-2068
31426,-2069
31427,-2070
31428,-2072
31429,-2075
31430,-2078
31431,-2080
31432,-2082
31433,-2084
31434,-2087
31435,-2086
31436,-2083
31437,-2081
31438,-2079
31439,-2080
31440,-2080
31441,-2081
31442,-2083
31443,-2087
31444,-2090
31445,-2091
31446,-2092
31447,-2096
31448,-2100
31449,-2105
31450,-2109
31451,-2111
31452,-2114
31453,-2117
31454,-2119
31455,-2118
31456,-2116
31457,-2115
31458,-2116
31459,-2116
31460,-2113
31461,-2109
31462,-2105
31463,-2102
31464,-2100
31465,-2100
31466,-2098
31467,-2098
31468,-2098
31469,-2100
31470,-2103
31471,-2102
31472,-2102
31473,-2101
31474,-2102
31475,-2102
31476,-2102
31477,-2102
31478,-2104
31479,-2106
31480,-2108
31481,-2110
31482,-2112
31483,-2114
31484,-2117
31485,-2121
31486,-2124
31487,-2128
31488,-2132
31489,-2136
31490,-2138
31491,-2142
31492,-2146
31493,-2149
31494,-2152
31495,-2154
31496,-2158
31497,-2160
31498,-2163
31499,-2166
31500,-2169
31501,-2173
31502,-2176
31503,-2179
31504,-2181
31505,-2182
31506,-2183
31507,-2182
31508,-2180
31509,-2180
31510,-2179
31511,-2179
31512,-2178
31513,-2176
31514,-2173
31515,-2170
31516,-2168
31517,-2165
31518,-2163
31519,-2161
31520,-2159
31521,-2157
31522,-2154
31523,-2151
31524,-2148
31525,-2145
31526,-2143
31527,-2140
31528,-2137
31529,-2136
31530,-2134
31531,-2131
31532,-2128
31533,-2127
31534,-2125
31535,-2123
31536,-2120
31537,-2117
31538,-2115
31539,-2113
31540,-2112
31541,-2110
31542,-2110
31543,-2109
31544,-2109
31545,-2108
31546,-2107
31547,-2105
31548,-2104
31549,-2103
31550,-2103
31551,-2103
31552,-2103
31553,-2103
31554,-2100
31555,-2100
31556,-2099
31557,-2099
31558,-2098
31559,-2097
31560,-2096
31561,-2095
31562,-2093
31563,-2091
31564,-2089
31565,-2086
31566,-2086
31567,-2084
31568,-2084
31569,-2082
31570,-2081
31571,-2080
31572,-2080
31573,-2081
31574,-2080
31575,-2079
31576,-2076
31577,-2074
31578,-2072
31579,-2070
31580,-2067
31581,-2064
31582,-2061
31583,-2057
31584,-2053
31585,-2049
31586,-2046
31587,-2043
31588,-2040
31589,-2036
31590,-2033
31591,-2031
31592,-2029
31593,-2027
31594,-2024
31595,-2021
31596,-2018
31597,-2015
31598,-2011
31599,-2008
31600,-2004
31601,-2001
31602,-1998
31603,-1996
31604,-1993
31605,-1990
31606,-1986
31607,-1983
31608,-1981
31609,-1980
31610,-1981
31611,-1979
31612,-1978
31613,-1975
31614,-1973
31615,-1971
31616,-1970
31617,-1969
31618,-1968
31619,-1968
31620,-1967
31621,-1967
31622,-1966
31623,-1964
31624,-1961
31625,-1959
31626,-1956
31627,-1954
31628,-1952
31629,-1951
31630,-1952
31631,-1951
31632,-1950
31633,-1948
31634,-1947
31635,-1946
31636,-1945
31637,-1944
31638,-1943
31639,-1942
31640,-1942
31641,-1943
31642,-1945
31643,-1948
31644,-1950
31645,-1953
31646,-1952
31647,-1952
31648,-1950
31649,-1950
31650,-1950
31651,-1950
31652,-1950
31653,-1949
31654,-1948
31655,-1944
31656,-1941
31657,-1939
31658,-1938
31659,-1935
31660,-1934
31661,-1931
31662,-1930
31663,-1930
31664,-1929
31665,-1929
31666,-1928
31667,-1926
31668,-1923
31669,-1921
31670,-1918
31671,-1916
31672,-1912
31673,-1909
31674,-1905
31675,-1901
31676,-1897
31677,-1892
31678,-1889
31679,-1885
31680,-1883
31681,-1880
31682,-1877
31683,-1874
31684,-1872
31685,-1870
31686,-1869
31687,-1867
31688,-1864
31689,-1862
31690,-1859
31691,-1856
31692,-1852
31693,-1850
31694,-1846
31695,-1844
31696,-1843
31697,-1841
31698,-1839
31699,-1837
31700,-1836
31701,-1833
31702,-1831
31703,-1828
31704,-1826
31705,-1824
31706,-1821
31707,-1817
31708,-1816
31709,-1815
31710,-1814
31711,-1813
31712,-1812
31713,-1814
31714,-1815
31715,-1817
31716,-1816
31717,-1815
31718,-1814
31719,-1814
31720,-1813
31721,-1810
31722,-1809
31723,-1808
31724,-1810
31725,-1810
31726,-1809
31727,-1808
31728,-1808
31729,-1806
31730,-1804
31731,-1802
31732,-1798
31733,-1794
31734,-1790
31735,-1788
31736,-1786
31737,-1784
31738,-1781
31739,-1780
31740,-1779
31741,-1777
31742,-1774
31743,-1770
31744,-1767
31745,-1763
31746,-1759
31747,-1755
31748,-1752
31749,-1751
31750,-1751
31751,-1751
31752,-1752
31753,-1753
31754,-1755
31755,-1758
31756,-1761
31757,-1764
31758,-1766
31759,-1768
31760,-1768
31761,-1771
31762,-1773
31763,-1775
31764,-1777
31765,-1779
31766,-1782
31767,-1786
31768,-1789
31769,-1791
31770,-1794
31771,-1795
31772,-1797
31773,-1797
31774,-1796
31775,-1794
31776,-1792
31777,-1789
31778,-1786
31779,-1783
31780,-1780
31781,-1779
31782,-1776
31783,-1774
31784,-1771
31785,-1769
31786,-1768
31787,-1769
31788,-1770
31789,-1770
31790,-1768
31791,-1765
31792,-1763
31793,-1759
31794,-1756
31795,-1753
31796,-1749
31797,-1746
31798,-1742
31799,-1738
31800,-1735
31801,-1733
31802,-1730
31803,-1729
31804,-1727
31805,-1725
31806,-1723
31807,-1722
31808,-1719
31809,-1718
31810,-1719
31811,-1721
31812,-1724
31813,-1726
31814,-1728
31815,-1728
31816,-1731
31817,-1731
31818,-1731
31819,-1731
31820,-1731
31821,-1731
31822,-1731
31823,-1732
31824,-1733
31825,-1735
31826,-1738
31827,-1743
31828,-1745
31829,-1747
31830,-1748
31831,-1750
31832,-1752
31833,-1753
31834,-1755
31835,-1755
31836,-1758
31837,-1760
31838,-1764
31839,-1768
31840,-1771
31841,-1773
31842,-1777
31843,-1780
31844,-1783
31845,-1785
31846,-1787
31847,-1789
31848,-1790
31849,-1792
31850,-1793
31851,-1796
31852,-1798
31853,-1801
31854,-1803
31855,-1803
31856,-1804
31857,-1805
31858,-1807
31859,-1808
31860,-1808
31861,-1808
31862,-1810
31863,-1813
31864,-1817
31865,-1819
31866,-1821
31867,-1822
31868,-1822
31869,-1823
31870,-1823
31871,-1825
31872,-1827
31873,-1830
31874,-1832
31875,-1835
31876,-1838
31877,-1841
31878,-1844
31879,-1847
31880,-1850
31881,-1854
31882,-1858
31883,-1860
31884,-1863
31885,-1864
31886,-1866
31887,-1867
31888,-1870
31889,-1872
31890,-1874
31891,-1877
31892,-1879
31893,-1883
31894,-1885
31895,-1887
31896,-1888
31897,-1892
31898,-1894
31899,-1897
31900,-1900
31901,-1902
31902,-1904
31903,-1906
31904,-1910
31905,-1913
31906,-1916
31907,-1920
31908,-1924
31909,-1928
31910,-1932
31911,-1936
31912,-1939
31913,-1942
31914,-1945
31915,-1948
31916,-1949
31917,-1952
31918,-1954
31919,-1956
31920,-1959
31921,-1962
31922,-1965
31923,-1968
31924,-1971
31925,-1974
31926,-1978
31927,-1983
31928,-1986
31929,-1989
31930,-1992
31931,-1994
31932,-1997
31933,-1999
31934,-2001
31935,-2003
31936,-2003
31937,-2003
31938,-2002
31939,-2002
31940,-2002
31941,-2004
31942,-2005
31943,-2008
31944,-2008
31945,-2010
31946,-2011
31947,-2012
31948,-2013
31949,-2014
31950,-2016
31951,-2017
31952,-2019
31953,-2019
31954,-2019
31955,-2019
31956,-2019
31957,-2019
31958,-2019
31959,-2017
31960,-2016
31961,-2015
31962,-2014
31963,-2014
31964,-2013
31965,-2014
31966,-2014
31967,-2014
31968,-2015
31969,-2015
31970,-2017
31971,-2017
31972,-2018
31973,-2018
31974,-2019
31975,-2020
31976,-2020
31977,-2018
31978,-2019
31979,-2020
31980,-2022
31981,-2025
31982,-2027
31983,-2031
31984,-2035
31985,-2038
31986,-2037
31987,-2035
31988,-2033
31989,-2036
31990,-2038
31991,-2041
31992,-2043
31993,-2045
31994,-2048
31995,-2050
31996,-2052
31997,-2052
31998,-2053
31999,-2054
32000,-2055
32001,-2054
32002,-2051
32003,-2048
32004,-2047
32005,-2048
32006,-2049
32007,-2048
32008,-2045
32009,-2045
32010,-2044
32011,-2043
32012,-2039
32013,-2035
32014,-2033
32015,-2030
32016,-2027
32017,-2024
32018,-2023
32019,-2023
32020,-2025
32021,-2024
32022,-2023
32023,-2022
32024,-2023
32025,-2025
32026,-2028
32027,-2031
32028,-2033
32029,-2034
32030,-2033
32031,-2034
32032,-2033
32033,-2034
32034,-2033
32035,-2033
32036,-2033
32037,-2033
32038,-2034
32039,-2034
32040,-2036
32041,-2037
32042,-2040
32043,-2040
32044,-2039
32045,-2037
32046,-2036
32047,-2034
32048,-2033
32049,-2031
32050,-2030
32051,-2031
32052,-2031
32053,-2031
32054,-2028
32055,-2026
32056,-2023
32057,-2021
32058,-2019
32059,-2015
32060,-2012
32061,-2008
32062,-2004
32063,-2000
32064,-1996
32065,-1993
32066,-1990
32067,-1986
32068,-1984
32069,-1981
32070,-1979
32071,-1978
32072,-1977
32073,-1976
32074,-1974
32075,-1973
32076,-1970
32077,-1968
32078,-1965
32079,-1963
32080,-1961
32081,-1962
32082,-1962
32083,-1961
32084,-1961
32085,-1960
32086,-1961
32087,-1961
32088,-1963
32089,-1963
32090,-1965
32091,-1966
32092,-1969
32093,-1971
32094,-1973
32095,-1976
32096,-1978
32097,-1982
32098,-1984
32099,-1986
32100,-1987
32101,-1990
32102,-1991
32103,-1993
32104,-1992
32105,-1991
32106,-1991
32107,-1992
32108,-1994
32109,-1996
32110,-1999
32111,-2000
32112,-2002
32113,-2003
32114,-2004
32115,-2005
32116,-2005
32117,-2006
32118,-2008
32119,-2010
32120,-2012
32121,-2014
32122,-2015
32123,-2017
32124,-2016
32125,-2016
32126,-2014
32127,-2013
32128,-2012
32129,-2011
32130,-2008
32131,-2006
32132,-2005
32133,-2004
32134,-2005
32135,-2005
32136,-2006
32137,-2006
32138,-2006
32139,-2007
32140,-2007
32141,-2008
32142,-2010
32143,-2013
32144,-2015
32145,-2016
32146,-2016
32147,-2017
32148,-2018
32149,-2020
32150,-2020
32151,-2020
32152,-2020
32153,-2017
32154,-2015
32155,-2012
32156,-2010
32157,-2009
32158,-2010
32159,-2011
32160,-2013
32161,-2014
32162,-2016
32163,-2018
32164,-2020
32165,-2022
32166,-2023
32167,-2024
32168,-2023
32169,-2023
32170,-2024
32171,-2026
32172,-2025
32173,-2026
32174,-2026
32175,-2026
32176,-2027
32177,-2027
32178,-2029
32179,-2031
32180,-2034
32181,-2036
32182,-2038
32183,-2040
32184,-2041
32185,-2043
32186,-2045
32187,-2046
32188,-2048
32189,-2052
32190,-2054
32191,-2057
32192,-2058
32193,-2061
32194,-2064
32195,-2067
32196,-2071
32197,-2073
32198,-2076
32199,-2078
32200,-2080
32201,-2082
32202,-2084
32203,-2085
32204,-2088
32205,-2090
32206,-2093
32207,-2094
32208,-2096
32209,-2098
32210,-2100
32211,-2103
32212,-2105
32213,-2109
32214,-2111
32215,-2113
32216,-2114
32217,-2117
32218,-2118
32219,-2119
32220,-2120
32221,-2119
32222,-2119
32223,-2118
32224,-2118
32225,-2119
32226,-2121
32227,-2122
32228,-2125
32229,-2126
32230,-2127
32231,-2127
32232,-2128
32233,-2130
32234,-2132
32235,-2135
32236,-2136
32237,-2138
32238,-2139
32239,-2141
32240,-2143
32241,-2144
32242,-2144
32243,-2144
32244,-2142
32245,-2139
32246,-2139
32247,-2138
32248,-2138
32249,-2137
32250,-2140
32251,-2142
32252,-2144
32253,-2145
32254,-2145
32255,-2148
32256,-2151
32257,-2153
32258,-2153
32259,-2152
32260,-2153
32261,-2156
32262,-2158
32263,-2161
32264,-2163
32265,-2165
32266,-2168
32267,-2169
32268,-2168
32269,-2165
32270,-2164
32271,-2163
32272,-2162
32273,-2159
32274,-2155
32275,-2152
32276,-2148
32277,-2146
32278,-2143
32279,-2141
32280,-2138
32281,-2137
32282,-2136
32283,-2135
32284,-2132
32285,-2129
32286,-2126
32287,-2125
32288,-2124
32289,-2124
32290,-2124
32291,-2125
32292,-2127
32293,-2126
32294,-2127
32295,-2128
32296,-2131
32297,-2132
32298,-2132
32299,-2132
32300,-2132
32301,-2134
32302,-2134
32303,-2135
32304,-2134
32305,-2136
32306,-2136
32307,-2135
32308,-2134
32309,-2134
32310,-2134
32311,-2134
32312,-2133
32313,-2131
32314,-2130
32315,-2128
32316,-2125
32317,-2122
32318,-2119
32319,-2116
32320,-2113
32321,-2109
32322,-2106
32323,-2102
32324,-2099
32325,-2096
32326,-2092
32327,-2089
32328,-2086
32329,-2082
32330,-2078
32331,-2074
32332,-2070
32333,-2066
32334,-2062
32335,-2058
32336,-2054
32337,-2050
32338,-2046
32339,-2042
32340,-2039
32341,-2035
32342,-2031
32343,-2026
32344,-2022
32345,-2019
32346,-2014
32347,-2010
32348,-2006
32349,-2002
32350,-1998
32351,-1994
32352,-1990
32353,-1989
32354,-1987
32355,-1986
32356,-1988
32357,-1989
32358,-1990
32359,-1991
32360,-1991
32361,-1987
32362,-1984
32363,-1981
32364,-1979
32365,-1976
32366,-1973
32367,-1971
32368,-1968
32369,-1965
32370,-1963
32371,-1962
32372,-1960
32373,-1958
32374,-1956
32375,-1955
32376,-1952
32377,-1951
32378,-1950
32379,-1950
32380,-1953
32381,-1954
32382,-1954
32383,-1953
32384,-1950
32385,-1948
32386,-1946
32387,-1942
32388,-1938
32389,-1935
32390,-1931
32391,-1928
32392,-1925
32393,-1923
32394,-1920
32395,-1918
32396,-1914
32397,-1912
32398,-1908
32399,-1905
32400,-1902
32401,-1898
32402,-1896
32403,-1893
32404,-1890
32405,-1888
32406,-1888
32407,-1886
32408,-1884
32409,-1882
32410,-1881
32411,-1878
32412,-1876
32413,-1874
32414,-1870
32415,-1867
32416,-1865
32417,-1863
32418,-1859
32419,-1858
32420,-1855
32421,-1854
32422,-1853
32423,-1850
32424,-1846
32425,-1843
32426,-1841
32427,-1840
32428,-1839
32429,-1835
32430,-1834
32431,-1832
32432,-1829
32433,-1827
32434,-1826
32435,-1824
32436,-1821
32437,-1817
32438,-1812
32439,-1809
32440,-1808
32441,-1806
32442,-1804
32443,-1804
32444,-1802
32445,-1801
32446,-1802
32447,-1804
32448,-1806
32449,-1806
32450,-1807
32451,-1806
32452,-1807
32453,-1807
32454,-1807
32455,-1805
32456,-1805
32457,-1805
32458,-1806
32459,-1806
32460,-1806
32461,-1808
32462,-1808
32463,-1810
32464,-1811
32465,-1814
32466,-1816
32467,-1816
32468,-1817
32469,-1819
32470,-1818
32471,-1818
32472,-1821
32473,-1821
32474,-1822
32475,-1824
32476,-1828
32477,-1829
32478,-1830
32479,-1831
32480,-1831
32481,-1830
32482,-1830
32483,-1829
32484,-1828
32485,-1829
32486,-1826
32487,-1825
32488,-1824
32489,-1822
32490,-1821
32491,-1820
32492,-1818
32493,-1815
32494,-1815
32495,-1816
32496,-1816
32497,-1813
32498,-1815
32499,-1816
32500,-1815
32501,-1816
32502,-1818
32503,-1818
32504,-1819
32505,-1819
32506,-1821
32507,-1821
32508,-1818
32509,-1819
32510,-1820
32511,-1822
32512,-1821
32513,-1820
32514,-1823
32515,-1823
32516,-1823
32517,-1825
32518,-1825
32519,-1826
32520,-1829
32521,-1829
32522,-1831
32523,-1832
32524,-1832
32525,-1832
32526,-1835
32527,-1838
32528,-1837
32529,-1838
32530,-1837
32531,-1837
32532,-1841
32533,-1845
32534,-1848
32535,-1848
32536,-1851
32537,-1855
32538,-1856
32539,-1858
32540,-1862
32541,-1865
32542,-1868
32543,-1869
32544,-1870
32545,-1870
32546,-1871
32547,-1874
32548,-1876
32549,-1873
32550,-1871
32551,-1870
32552,-1868
32553,-1870
32554,-1870
32555,-1871
32556,-1873
32557,-1875
32558,-1877
32559,-1878
32560,-1875
32561,-1875
32562,-1876
32563,-1874
32564,-1875
32565,-1873
32566,-1875
32567,-1879
32568,-1883
32569,-1886
32570,-1889
32571,-1892
32572,-1895
32573,-1899
32574,-1903
32575,-1907
32576,-1910
32577,-1914
32578,-1918
32579,-1922
32580,-1926
32581,-1930
32582,-1933
32583,-1933
32584,-1937
32585,-1940
32586,-1940
32587,-1944
32588,-1948
32589,-1951
32590,-1956
32591,-1958
32592,-1959
32593,-1962
32594,-1964
32595,-1966
32596,-1968
32597,-1967
32598,-1965
32599,-1964
32600,-1960
32601,-1960
32602,-1959
32603,-1960
32604,-1959
32605,-1956
32606,-1952
32607,-1948
32608,-1947
32609,-1943
32610,-1939
32611,-1936
32612,-1933
32613,-1929
32614,-1931
32615,-1929
32616,-1926
32617,-1928
32618,-1931
32619,-1932
32620,-1930
32621,-1932
32622,-1933
32623,-1932
32624,-1930
32625,-1931
32626,-1931
32627,-1930
32628,-1932
32629,-1936
32630,-1935
32631,-1932
32632,-1934
32633,-1934
32634,-1934
32635,-1936
32636,-1939
32637,-1937
32638,-1938
32639,-1942
32640,-1943
32641,-1946
32642,-1950
32643,-1953
32644,-1953
32645,-1952
32646,-1953
32647,-1957
32648,-1962
32649,-1965
32650,-1967
32651,-1967
32652,-1966
32653,-1962
32654,-1961
32655,-1961
32656,-1964
32657,-1968
32658,-1972
32659,-1974
32660,-1977
32661,-1977
32662,-1978
32663,-1979
32664,-1980
32665,-1985
32666,-1989
32667,-1993
32668,-1994
32669,-1993
32670,-1991
32671,-1988
32672,-1984
32673,-1981
32674,-1981
32675,-1982
32676,-1978
32677,-1977
32678,-1981
32679,-1980
32680,-1983
32681,-1987
32682,-1991
32683,-1995
32684,-1993
32685,-1989
32686,-1989
32687,-1992
32688,-1995
32689,-1999
32690,-2002
32691,-2006
32692,-2007
32693,-2005
32694,-2000
32695,-1996
32696,-1999
32697,-2002
32698,-2005
32699,-2007
32700,-2003
32701,-1999
32702,-1996
32703,-1992
32704,-1992
32705,-1996
32706,-1999
32707,-2003
32708,-2002
32709,-1998
32710,-1994
32711,-1991
32712,-1992
32713,-1992
32714,-1989
32715,-1992
32716,-1997
32717,-1999
32718,-2000
32719,-1998
32720,-2001
32721,-2005
32722,-2005
32723,-2003
32724,-2000
32725,-1996
32726,-1994
32727,-1992
32728,-1994
32729,-1998
32730,-1999
32731,-1995
32732,-1991
32733,-1992
32734,-1996
32735,-2000
32736,-1998
32737,-1997
32738,-1997
32739,-2001
32740,-2005
32741,-2009
32742,-2012
32743,-2015
32744,-2020
32745,-2023
32746,-2022
32747,-2019
32748,-2021
32749,-2025
32750,-2027
32751,-2024
32752,-2026
32753,-2024
32754,-2019
32755,-2017
32756,-2013
32757,-2009
32758,-2011
32759,-2013
32760,-2010
32761,-2006
32762,-2001
32763,-1996
32764,-1994
32765,-1993
32766,-1994
32767,-1994
32768,-1996
32769,-1992
32770,-1989
32771,-1988
32772,-1991
32773,-1988
32774,-1987
32775,-1991
32776,-1994
32777,-1991
32778,-1988
32779,-1986
32780,-1981
32781,-1978
32782,-1981
32783,-1981
32784,-1977
32785,-1978
32786,-1981
32787,-1979
32788,-1975
32789,-1971
32790,-1968
32791,-1964
32792,-1962
32793,-1959
32794,-1960
32795,-1958
32796,-1959
32797,-1962
32798,-1959
32799,-1959
32800,-1962
32801,-1966
32802,-1970
32803,-1971
32804,-1970
32805,-1973
32806,-1973
32807,-1977
32808,-1981
32809,-1983
32810,-1987
32811,-1990
32812,-1991
32813,-1992
32814,-1993
32815,-1993
32816,-1990
32817,-1991
32818,-1995
32819,-1999
32820,-2004
32821,-2008
32822,-2012
32823,-2016
32824,-2016
32825,-2013
32826,-2009
32827,-2007
32828,-2011
32829,-2015
32830,-2018
32831,-2022
32832,-2026
32833,-2029
32834,-2033
32835,-2037
32836,-2040
32837,-2036
32838,-2036
32839,-2039
32840,-2039
32841,-2041
32842,-2044
32843,-2049
32844,-2049
32845,-2046
32846,-2042
32847,-2042
32848,-2044
32849,-2049
32850,-2053
32851,-2058
32852,-2060
32853,-2062
32854,-2066
32855,-2067
32856,-2067
32857,-2070
32858,-2074
32859,-2078
32860,-2082
32861,-2081
32862,-2080
32863,-2080
32864,-2084
32865,-2088
32866,-2091
32867,-2091
32868,-2089
32869,-2089
32870,-2089
32871,-2090
32872,-2090
32873,-2089
32874,-2086
32875,-2085
32876,-2082
32877,-2077
32878,-2074
32879,-2071
32880,-2067
32881,-2063
32882,-2059
32883,-2055
32884,-2053
32885,-2049
32886,-2045
32887,-2040
32888,-2036
32889,-2033
32890,-2029
32891,-2026
32892,-2023
32893,-2020
32894,-2016
32895,-2018
32896,-2016
32897,-2011
32898,-2008
32899,-2006
32900,-2003
32901,-2001
32902,-2000
32903,-1996
32904,-1994
32905,-1989
32906,-1986
32907,-1982
32908,-1979
32909,-1981
32910,-1981
32911,-1980
32912,-1978
32913,-1974
32914,-1973
32915,-1974
32916,-1971
32917,-1967
32918,-1966
32919,-1964
32920,-1960
32921,-1962
32922,-1967
32923,-1969
32924,-1969
32925,-1968
32926,-1969
32927,-1973
32928,-1976
32929,-1979
32930,-1982
32931,-1980
32932,-1976
32933,-1972
32934,-1969
32935,-1970
32936,-1973
32937,-1976
32938,-1976
32939,-1976
32940,-1974
32941,-1970
32942,-1966
32943,-1970
32944,-1974
32945,-1978
32946,-1983
32947,-1984
32948,-1980
32949,-1976
32950,-1974
32951,-1973
32952,-1976
32953,-1980
32954,-1984
32955,-1988
32956,-1990
32957,-1989
32958,-1986
32959,-1983
32960,-1982
32961,-1986
32962,-1989
32963,-1993
32964,-1997
32965,-1997
32966,-1994
32967,-1995
32968,-1999
32969,-1999
32970,-2000
32971,-2001
32972,-1995
32973,-1992
32974,-1996
32975,-1999
32976,-2003
32977,-2005
32978,-2002
32979,-2001
32980,-2004
32981,-2008
32982,-2012
32983,-2011
32984,-2006
32985,-2003
32986,-2000
32987,-2000
32988,-2004
32989,-2008
32990,-2010
32991,-2014
32992,-2017
32993,-2021
32994,-2023
32995,-2021
32996,-2024
32997,-2028
32998,-2032
32999,-2036
33000,-2040
33001,-2044
33002,-2048
33003,-2051
33004,-2053
33005,-2056
33006,-2060
33007,-2064
33008,-2067
33009,-2070
33010,-2072
33011,-2075
33012,-2078
33013,-2081
33014,-2082
33015,-2081
33016,-2085
33017,-2088
33018,-2088
33019,-2091
33020,-2095
33021,-2098
33022,-2101
33023,-2103
33024,-2107
33025,-2111
33026,-2113
33027,-2115
33028,-2114
33029,-2118
33030,-2122
33031,-2125
33032,-2125
33033,-2128
33034,-2131
33035,-2129
33036,-2127
33037,-2127
33038,-2130
33039,-2130
33040,-2132
33041,-2136
33042,-2136
33043,-2132
33044,-2128
33045,-2124
33046,-2122
33047,-2123
33048,-2122
33049,-2123
33050,-2125
33051,-2123
33052,-2120
33053,-2116
33054,-2111
33055,-2108
33056,-2107
33057,-2109
33058,-2105
33059,-2102
33060,-2104
33061,-2102
33062,-2099
33063,-2095
33064,-2091
33065,-2087
33066,-2084
33067,-2081
33068,-2077
33069,-2073
33070,-2072
33071,-2073
33072,-2070
33073,-2066
33074,-2061
33075,-2057
33076,-2054
33077,-2052
33078,-2051
33079,-2049
33080,-2045
33081,-2041
33082,-2038
33083,-2034
33084,-2030
33085,-2026
33086,-2022
33087,-2018
33088,-2015
33089,-2011
33090,-2014
33091,-2017
33092,-2014
33093,-2009
33094,-2005
33095,-2002
33096,-2002
33097,-2003
33098,-1999
33099,-1996
33100,-1994
33101,-1995
33102,-1992
33103,-1988
33104,-1983
33105,-1979
33106,-1974
33107,-1969
33108,-1965
33109,-1961
33110,-1957
33111,-1952
33112,-1948
33113,-1943
33114,-1938
33115,-1934
33116,-1930
33117,-1927
33118,-1923
33119,-1918
33120,-1914
33121,-1909
33122,-1904
33123,-1900
33124,-1896
33125,-1892
33126,-1888
33127,-1884
33128,-1881
33129,-1877
33130,-1874
33131,-1870
33132,-1866
33133,-1862
33134,-1858
33135,-1854
33136,-1850
33137,-1846
33138,-1842
33139,-1838
33140,-1834
33141,-1831
33142,-1828
33143,-1824
33144,-1819
33145,-1815
33146,-1811
33147,-1808
33148,-1804
33149,-1801
33150,-1802
33151,-1802
33152,-1801
33153,-1797
33154,-1793
33155,-1791
33156,-1790
33157,-1786
33158,-1782
33159,-1779
33160,-1777
33161,-1778
33162,-1778
33163,-1774
33164,-1770
33165,-1767
33166,-1766
33167,-1768
33168,-1768
33169,-1766
33170,-1765
33171,-1766
33172,-1761
33173,-1759
33174,-1759
33175,-1757
33176,-1755
33177,-1753
33178,-1755
33179,-1755
33180,-1752
33181,-1748
33182,-1746
33183,-1743
33184,-1739
33185,-1740
33186,-1744
33187,-1747
33188,-1751
33189,-1756
33190,-1757
33191,-1760
33192,-1762
33193,-1764
33194,-1763
33195,-1760
33196,-1762
33197,-1765
33198,-1768
33199,-1772
33200,-1773
33201,-1772
33202,-1775
33203,-1779
33204,-1780
33205,-1779
33206,-1784
33207,-1789
33208,-1793
33209,-1797
33210,-1801
33211,-1806
33212,-1809
33213,-1813
33214,-1814
33215,-1817
33216,-1821
33217,-1825
33218,-1828
33219,-1831
33220,-1832
33221,-1834
33222,-1839
33223,-1842
33224,-1846
33225,-1849
33226,-1852
33227,-1856
33228,-1861
33229,-1864
33230,-1867
33231,-1870
33232,-1872
33233,-1877
33234,-1881
33235,-1884
33236,-1887
33237,-1891
33238,-1892
33239,-1895
33240,-1900
33241,-1904
33242,-1905
33243,-1909
33244,-1912
33245,-1914
33246,-1917
33247,-1920
33248,-1924
33249,-1928
33250,-1932
33251,-1936
33252,-1939
33253,-1941
33254,-1944
33255,-1948
33256,-1952
33257,-1956
33258,-1959
33259,-1963
33260,-1968
33261,-1971
33262,-1975
33263,-1980
33264,-1983
33265,-1987
33266,-1993
33267,-1998
33268,-2001
33269,-2002
33270,-2004
33271,-2007
33272,-2011
33273,-2015
33274,-2019
33275,-2021
33276,-2024
33277,-2027
33278,-2027
33279,-2027
33280,-2031
33281,-2036
33282,-2036
33283,-2039
33284,-2041
33285,-2040
33286,-2043
33287,-2045
33288,-2048
33289,-2047
33290,-2045
33291,-2044
33292,-2043
33293,-2046
33294,-2049
33295,-2050
33296,-2047
33297,-2044
33298,-2044
33299,-2043
33300,-2043
33301,-2042
33302,-2039
33303,-2035
33304,-2035
33305,-2032
33306,-2029
33307,-2032
33308,-2028
33309,-2025
33310,-2023
33311,-2026
33312,-2030
33313,-2029
33314,-2025
33315,-2023
33316,-2025
33317,-2021
33318,-2018
33319,-2022
33320,-2022
33321,-2023
33322,-2027
33323,-2026
33324,-2027
33325,-2026
33326,-2022
33327,-2020
33328,-2021
33329,-2023
33330,-2024
33331,-2025
33332,-2022
33333,-2018
33334,-2017
33335,-2014
33336,-2009
33337,-2005
33338,-2002
33339,-1999
33340,-2001
33341,-1999
33342,-1995
33343,-1992
33344,-1989
33345,-1986
33346,-1981
33347,-1977
33348,-1974
33349,-1971
33350,-1967
33351,-1965
33352,-1961
33353,-1959
33354,-1962
33355,-1962
33356,-1963
33357,-1967
33358,-1965
33359,-1961
33360,-1958
33361,-1955
33362,-1954
33363,-1950
33364,-1948
33365,-1950
33366,-1948
33367,-1944
33368,-1940
33369,-1938
33370,-1934
33371,-1933
33372,-1935
33373,-1936
33374,-1932
33375,-1931
33376,-1932
33377,-1930
33378,-1932
33379,-1935
33380,-1938
33381,-1941
33382,-1945
33383,-1948
33384,-1951
33385,-1953
33386,-1950
33387,-1947
33388,-1949
33389,-1952
33390,-1952
33391,-1948
33392,-1951
33393,-1955
33394,-1959
33395,-1963
33396,-1963
33397,-1967
33398,-1968
33399,-1970
33400,-1974
33401,-1977
33402,-1978
33403,-1978
33404,-1977
33405,-1976
33406,-1979
33407,-1982
33408,-1985
33409,-1988
33410,-1992
33411,-1991
33412,-1993
33413,-1995
33414,-1993
33415,-1997
33416,-2002
33417,-2001
33418,-1999
33419,-2001
33420,-2003
33421,-2006
33422,-2009
33423,-2012
33424,-2013
33425,-2017
33426,-2021
33427,-2024
33428,-2028
33429,-2031
33430,-2028
33431,-2024
33432,-2029
33433,-2029
33434,-2030
